solid OpenSCAD_Model
  facet normal -6.949413363307144e-17 -0.03673988465193314 0.9993248625325815
    outer loop
      vertex -96.1 -160.09184297771952 -5.885729521239688
      vertex -96.1 -3.2830760903944722 -0.12070132685273795
      vertex -99.1 -3.2830760903944722 -0.12070132685273795
    endloop
  endfacet
  facet normal -1 0 0
    outer loop
      vertex -99.1 -163.08981756531728 -5.995949175195488
      vertex -99.1 -3.2830760903944722 -0.12070132685273795
      vertex -99.1 -29.167556387925 -27.981096150912304
    endloop
  endfacet
  facet normal 4.901676594034923e-17 -0.03673988465193313 0.9993248625325813
    outer loop
      vertex -99.1 -163.08981756531728 -5.995949175195488
      vertex -96.1 -160.09184297771952 -5.885729521239688
      vertex -99.1 -3.2830760903944722 -0.12070132685273795
    endloop
  endfacet
  facet normal 0 -0.036739884651933084 0.9993248625325813
    outer loop
      vertex -99.1 -163.08981756531728 -5.995949175195488
      vertex 99.1 -163.08981756531728 -5.995949175195488
      vertex -96.1 -160.09184297771952 -5.885729521239688
    endloop
  endfacet
  facet normal -1 0 0
    outer loop
      vertex -99.1 -163.08981756531728 -5.995949175195488
      vertex -99.1 -29.167556387925 -27.981096150912304
      vertex -99.1 -162.28154010297476 -27.98109615091232
    endloop
  endfacet
  facet normal 4.2117146253757206e-19 -0.9993248625325813 -0.0367398846519325
    outer loop
      vertex -99.1 -163.08981756531728 -5.995949175195488
      vertex -99.1 -162.28154010297476 -27.98109615091232
      vertex 99.1 -162.28154010297476 -27.981096150912318
    endloop
  endfacet
  facet normal -6.949413363307144e-17 -0.03673988465193314 0.9993248625325815
    outer loop
      vertex 96.1 -160.09184297771952 -5.885729521239688
      vertex 99.1 -3.2830760903944722 -0.12070132685273795
      vertex 96.1 -3.2830760903944722 -0.12070132685273795
    endloop
  endfacet
  facet normal 1 0 0
    outer loop
      vertex 99.1 -162.28154010297476 -27.981096150912318
      vertex 99.1 -29.167556387925 -27.9810961509123
      vertex 99.1 -3.2830760903944722 -0.12070132685273795
    endloop
  endfacet
  facet normal 0 -0.03673988465193309 0.9993248625325815
    outer loop
      vertex -96.1 -160.09184297771952 -5.885729521239688
      vertex 99.1 -163.08981756531728 -5.995949175195488
      vertex 96.1 -160.09184297771952 -5.885729521239688
    endloop
  endfacet
  facet normal 0 -0.9993248625325813 -0.03673988465193251
    outer loop
      vertex -99.1 -163.08981756531728 -5.995949175195488
      vertex 99.1 -162.28154010297476 -27.981096150912318
      vertex 99.1 -163.08981756531728 -5.995949175195488
    endloop
  endfacet
  facet normal -4.968490873001048e-17 -0.03673988465193313 0.9993248625325813
    outer loop
      vertex 96.1 -160.09184297771952 -5.885729521239688
      vertex 99.1 -163.08981756531728 -5.995949175195488
      vertex 99.1 -3.2830760903944722 -0.12070132685273795
    endloop
  endfacet
  facet normal 1 0 0
    outer loop
      vertex 99.1 -163.08981756531728 -5.995949175195488
      vertex 99.1 -162.28154010297476 -27.981096150912318
      vertex 99.1 -3.2830760903944722 -0.12070132685273795
    endloop
  endfacet
  facet normal 1.7924892425835024e-17 1.5612396845607342e-16 -1
    outer loop
      vertex -82.85 -144.8118618361444 -27.98109615091232
      vertex -99.1 -29.167556387925 -27.981096150912304
      vertex 99.1 -29.167556387925 -27.9810961509123
    endloop
  endfacet
  facet normal -1.009225353398452e-14 -9.739162661813819e-16 -1
    outer loop
      vertex -86.8334523779156 -145.3366475932444 -27.981096150912315
      vertex -99.1 -29.167556387925 -27.981096150912304
      vertex -86.50891271572878 -145.0518416650459 -27.981096150912318
    endloop
  endfacet
  facet normal -9.304578482471427e-15 -8.883336067075158e-16 -1
    outer loop
      vertex -86.50891271572878 -145.0518416650459 -27.981096150912318
      vertex -99.1 -29.167556387925 -27.981096150912304
      vertex -86.15 -144.8118618361444 -27.98109615091232
    endloop
  endfacet
  facet normal 1.104689778901273e-14 1.2582128113862009e-15 -1
    outer loop
      vertex -87.11806602296107 -145.66140651234545 -27.981096150912318
      vertex -99.1 -29.167556387925 -27.981096150912304
      vertex -86.8334523779156 -145.3366475932444 -27.981096150912315
    endloop
  endfacet
  facet normal -7.183145214403402e-17 1.45561435329598e-16 -1
    outer loop
      vertex -86.15 -144.8118618361444 -27.98109615091232
      vertex -99.1 -29.167556387925 -27.981096150912304
      vertex -85.7628553268048 -144.62081422794742 -27.98109615091232
    endloop
  endfacet
  facet normal 8.313129184924645e-15 1.1141909498868307e-15 -1
    outer loop
      vertex -85.7628553268048 -144.62081422794742 -27.98109615091232
      vertex -99.1 -29.167556387925 -27.981096150912304
      vertex -85.35410284883832 -144.48196771799968 -27.981096150912318
    endloop
  endfacet
  facet normal -8.221049319565433e-15 -8.567432514864323e-16 -1
    outer loop
      vertex -85.35410284883832 -144.48196771799968 -27.981096150912318
      vertex -99.1 -29.167556387925 -27.981096150912304
      vertex -84.93073643432616 -144.39769800858184 -27.98109615091232
    endloop
  endfacet
  facet normal 1.6353992369367826e-14 2.1651244467608053e-15 -1
    outer loop
      vertex -84.93073643432616 -144.39769800858184 -27.98109615091232
      vertex -99.1 -29.167556387925 -27.981096150912304
      vertex -84.5 -144.36944697778603 -27.981096150912315
    endloop
  endfacet
  facet normal -1.662814647552812e-14 -2.0148349677061403e-15 -1
    outer loop
      vertex -84.5 -144.36944697778603 -27.981096150912315
      vertex -99.1 -29.167556387925 -27.981096150912304
      vertex -84.06926356567384 -144.39769800858184 -27.98109615091232
    endloop
  endfacet
  facet normal 8.646769298678927e-15 1.282050656652023e-15 -1
    outer loop
      vertex -84.06926356567384 -144.39769800858184 -27.98109615091232
      vertex -99.1 -29.167556387925 -27.981096150912304
      vertex -83.64589715116168 -144.48196771799968 -27.981096150912318
    endloop
  endfacet
  facet normal 4.38577049040804e-17 1.2911340417709454e-16 -1
    outer loop
      vertex -83.64589715116168 -144.48196771799968 -27.981096150912318
      vertex -99.1 -29.167556387925 -27.981096150912304
      vertex -83.2371446731952 -144.62081422794745 -27.981096150912318
    endloop
  endfacet
  facet normal -9.779004674752035e-15 -1.2205119571055483e-15 -1
    outer loop
      vertex -83.2371446731952 -144.62081422794745 -27.981096150912318
      vertex -99.1 -29.167556387925 -27.981096150912304
      vertex -82.85 -144.8118618361444 -27.98109615091232
    endloop
  endfacet
  facet normal 1.1140258113020972e-16 1.3344629841465836e-16 -1
    outer loop
      vertex -99.1 -162.28154010297476 -27.98109615091232
      vertex -99.1 -29.167556387925 -27.981096150912304
      vertex -87.11806602296107 -145.66140651234545 -27.981096150912318
    endloop
  endfacet
  facet normal 4.26064927732705e-16 -8.469236581363612e-17 -1
    outer loop
      vertex -99.1 -162.28154010297476 -27.98109615091232
      vertex -87.68755522675393 -146.81699656137496 -27.981096150912318
      vertex -87.77176804253358 -147.24064899952126 -27.981096150912318
    endloop
  endfacet
  facet normal 5.761328215755414e-16 -1.954387028207199e-16 -1
    outer loop
      vertex -99.1 -162.28154010297476 -27.98109615091232
      vertex -87.54880245728725 -146.40796793285614 -27.981096150912318
      vertex -87.68755522675393 -146.81699656137496 -27.981096150912318
    endloop
  endfacet
  facet normal 1.8995052874529553e-13 -1.3672705867612226e-13 -1
    outer loop
      vertex -99.1 -162.28154010297476 -27.98109615091232
      vertex -87.11806602296107 -145.66140651234545 -27.981096150912318
      vertex -87.35788383248865 -146.02056170720286 -27.981096150912315
    endloop
  endfacet
  facet normal -3.808930295450824e-14 2.794139665711066e-14 -1
    outer loop
      vertex -99.1 -162.28154010297476 -27.98109615091232
      vertex -87.35788383248865 -146.02056170720286 -27.981096150912315
      vertex -87.54880245728725 -146.40796793285614 -27.981096150912318
    endloop
  endfacet
  facet normal 3.434874987898308e-16 -2.2498160491499963e-17 -1
    outer loop
      vertex -99.1 -162.28154010297476 -27.98109615091232
      vertex -87.77176804253358 -147.24064899952126 -27.981096150912318
      vertex -87.8 -147.6716764366197 -27.981096150912318
    endloop
  endfacet
  facet normal -9.53485320086472e-15 7.617905094136896e-15 -1
    outer loop
      vertex -99.1 -162.28154010297476 -27.98109615091232
      vertex -87.8 -147.6716764366197 -27.981096150912318
      vertex -87.77176804253358 -148.10270387371816 -27.98109615091232
    endloop
  endfacet
  facet normal 8.40498121830776e-15 -6.71518982937932e-15 -1
    outer loop
      vertex -99.1 -162.28154010297476 -27.98109615091232
      vertex -87.77176804253358 -148.10270387371816 -27.98109615091232
      vertex -87.68755522675393 -148.52635631186445 -27.981096150912318
    endloop
  endfacet
  facet normal 7.651597279516061e-15 -6.09011983939725e-15 -1
    outer loop
      vertex -99.1 -162.28154010297476 -27.98109615091232
      vertex -87.68755522675393 -148.52635631186445 -27.981096150912318
      vertex -87.54880245728725 -148.93538494038327 -27.981096150912315
    endloop
  endfacet
  facet normal -6.359412770312563e-15 6.036514602269015e-15 -1
    outer loop
      vertex -99.1 -162.28154010297476 -27.98109615091232
      vertex -87.54880245728725 -148.93538494038327 -27.981096150912315
      vertex -87.35788383248865 -149.32279116603652 -27.981096150912318
    endloop
  endfacet
  facet normal 1.7419507404117406e-16 1.1631484574134552e-16 -1
    outer loop
      vertex -99.1 -162.28154010297476 -27.98109615091232
      vertex -87.35788383248865 -149.32279116603652 -27.981096150912318
      vertex -87.11806602296107 -149.681946360894 -27.981096150912318
    endloop
  endfacet
  facet normal 1.5430465654757008e-16 1.3523019127253802e-16 -1
    outer loop
      vertex -99.1 -162.28154010297476 -27.98109615091232
      vertex -87.11806602296107 -149.681946360894 -27.981096150912318
      vertex -86.8334523779156 -150.006705279995 -27.981096150912318
    endloop
  endfacet
  facet normal 1.3532155192239246e-16 1.542004796925346e-16 -1
    outer loop
      vertex -99.1 -162.28154010297476 -27.98109615091232
      vertex -86.8334523779156 -150.006705279995 -27.981096150912318
      vertex -86.50891271572878 -150.29151120819353 -27.981096150912318
    endloop
  endfacet
  facet normal 1.1639342730508053e-16 1.7407746842004874e-16 -1
    outer loop
      vertex -99.1 -162.28154010297476 -27.98109615091232
      vertex -86.50891271572878 -150.29151120819353 -27.981096150912318
      vertex -86.15 -150.531491037095 -27.981096150912318
    endloop
  endfacet
  facet normal -5.847303917350209e-15 6.746805818767885e-15 -1
    outer loop
      vertex -99.1 -162.28154010297476 -27.98109615091232
      vertex -86.15 -150.531491037095 -27.981096150912318
      vertex -85.7628553268048 -150.72253864529196 -27.98109615091232
    endloop
  endfacet
  facet normal 6.244245813834429e-15 -7.20481004340995e-15 -1
    outer loop
      vertex -99.1 -162.28154010297476 -27.98109615091232
      vertex -85.7628553268048 -150.72253864529196 -27.98109615091232
      vertex -85.35410284883832 -150.8613851552397 -27.981096150912318
    endloop
  endfacet
  facet normal -6.7197265685559395e-15 8.399306700573527e-15 -1
    outer loop
      vertex -99.1 -162.28154010297476 -27.98109615091232
      vertex -85.35410284883832 -150.8613851552397 -27.981096150912318
      vertex -84.93073643432616 -150.94565486465757 -27.98109615091232
    endloop
  endfacet
  facet normal 1.5246103403913106e-14 -1.9056831728443887e-14 -1
    outer loop
      vertex -99.1 -162.28154010297476 -27.98109615091232
      vertex -84.93073643432616 -150.94565486465757 -27.98109615091232
      vertex -84.5 -150.9739058954534 -27.981096150912315
    endloop
  endfacet
  facet normal -1.8067225108871486e-14 2.3956108676290782e-14 -1
    outer loop
      vertex -99.1 -162.28154010297476 -27.98109615091232
      vertex -84.5 -150.9739058954534 -27.981096150912315
      vertex -84.06926356567384 -150.94565486465757 -27.98109615091232
    endloop
  endfacet
  facet normal 1.1400437457607876e-14 -1.5116328990532487e-14 -1
    outer loop
      vertex -99.1 -162.28154010297476 -27.98109615091232
      vertex -84.06926356567384 -150.94565486465757 -27.98109615091232
      vertex -83.64589715116168 -150.8613851552397 -27.981096150912318
    endloop
  endfacet
  facet normal -1.6281305659520208e-14 2.2343452170498422e-14 -1
    outer loop
      vertex -99.1 -162.28154010297476 -27.98109615091232
      vertex -83.64589715116168 -150.8613851552397 -27.981096150912318
      vertex -83.2371446731952 -150.72253864529196 -27.98109615091232
    endloop
  endfacet
  facet normal 2.8430168574469116e-14 -3.901579670739856e-14 -1
    outer loop
      vertex -99.1 -162.28154010297476 -27.98109615091232
      vertex -83.2371446731952 -150.72253864529196 -27.98109615091232
      vertex -82.85 -150.531491037095 -27.981096150912318
    endloop
  endfacet
  facet normal -2.6846999284745324e-15 4.0152247239130236e-15 -1
    outer loop
      vertex -99.1 -162.28154010297476 -27.98109615091232
      vertex -82.85 -150.531491037095 -27.981096150912318
      vertex -82.49108728427122 -150.29151120819353 -27.981096150912318
    endloop
  endfacet
  facet normal -4.040726732292941e-18 -1.4810261192677802e-14 -1
    outer loop
      vertex -82.85 -144.8118618361444 -27.98109615091232
      vertex 82.1665476220844 -145.3366475932444 -27.981096150912315
      vertex -82.49108728427122 -145.0518416650459 -27.981096150912318
    endloop
  endfacet
  facet normal 2.1618978657475056e-17 2.4635077207491098e-17 -1
    outer loop
      vertex -82.49108728427122 -145.0518416650459 -27.981096150912318
      vertex 82.1665476220844 -145.3366475932444 -27.981096150912315
      vertex -82.1665476220844 -145.3366475932444 -27.981096150912318
    endloop
  endfacet
  facet normal 2.1694124126310587e-17 1.9012391594199778e-17 -1
    outer loop
      vertex -82.1665476220844 -145.3366475932444 -27.981096150912318
      vertex 81.88193397703893 -145.66140651234545 -27.981096150912315
      vertex -81.88193397703893 -145.66140651234545 -27.981096150912318
    endloop
  endfacet
  facet normal 2.175784904638635e-17 -9.877333837564551e-15 -1
    outer loop
      vertex -81.88193397703893 -145.66140651234545 -27.981096150912318
      vertex 81.64211616751135 -146.02056170720286 -27.98109615091231
      vertex -81.64211616751135 -146.02056170720286 -27.981096150912315
    endloop
  endfacet
  facet normal 2.1808848647912568e-17 9.1812602861373e-15 -1
    outer loop
      vertex -81.45119754271275 -146.40796793285614 -27.981096150912318
      vertex -81.64211616751135 -146.02056170720286 -27.981096150912315
      vertex 81.45119754271275 -146.40796793285614 -27.981096150912315
    endloop
  endfacet
  facet normal 2.1846063592773914e-17 7.410732682499799e-18 -1
    outer loop
      vertex -81.45119754271275 -146.40796793285614 -27.981096150912318
      vertex 81.31244477324607 -146.81699656137496 -27.981096150912315
      vertex -81.31244477324607 -146.81699656137496 -27.981096150912318
    endloop
  endfacet
  facet normal 2.1868712350287336e-17 8.39026283006442e-15 -1
    outer loop
      vertex -81.31244477324607 -146.81699656137496 -27.981096150912318
      vertex 81.22823195746642 -147.24064899952126 -27.981096150912318
      vertex -81.22823195746642 -147.24064899952126 -27.98109615091232
    endloop
  endfacet
  facet normal 2.1876315756160718e-17 -8.240997583579212e-15 -1
    outer loop
      vertex -81.22823195746642 -147.24064899952126 -27.98109615091232
      vertex 81.2 -147.6716764366197 -27.981096150912315
      vertex -81.2 -147.6716764366197 -27.981096150912318
    endloop
  endfacet
  facet normal 4.373742470057467e-17 8.239565698170069e-15 -1
    outer loop
      vertex -81.2 -147.6716764366197 -27.981096150912318
      vertex 81.22823195746642 -148.10270387371816 -27.981096150912315
      vertex -81.22823195746642 -148.10270387371816 -27.98109615091232
    endloop
  endfacet
  facet normal 0 -1.6771831619076928e-14 -1
    outer loop
      vertex -81.31244477324607 -148.52635631186445 -27.981096150912315
      vertex -81.22823195746642 -148.10270387371816 -27.98109615091232
      vertex 81.31244477324607 -148.52635631186445 -27.981096150912315
    endloop
  endfacet
  facet normal 2.169412412631058e-17 -1.4485763820445233e-17 -1
    outer loop
      vertex -81.64211616751135 -149.32279116603652 -27.981096150912318
      vertex 81.88193397703893 -149.681946360894 -27.981096150912315
      vertex -81.88193397703893 -149.681946360894 -27.981096150912318
    endloop
  endfacet
  facet normal 4.361769729582514e-17 1.7356670869253586e-14 -1
    outer loop
      vertex -81.31244477324607 -148.52635631186445 -27.981096150912315
      vertex 81.45119754271275 -148.93538494038327 -27.981096150912315
      vertex -81.45119754271275 -148.93538494038327 -27.98109615091232
    endloop
  endfacet
  facet normal 2.175784904638635e-17 -9.18123515289761e-15 -1
    outer loop
      vertex -81.64211616751135 -149.32279116603652 -27.981096150912318
      vertex -81.45119754271275 -148.93538494038327 -27.98109615091232
      vertex 81.64211616751135 -149.32279116603652 -27.981096150912315
    endloop
  endfacet
  facet normal 2.161897865747506e-17 -2.4635077207488642e-17 -1
    outer loop
      vertex -82.49108728427122 -150.29151120819353 -27.981096150912318
      vertex -82.1665476220844 -150.006705279995 -27.981096150912318
      vertex 82.1665476220844 -150.006705279995 -27.981096150912315
    endloop
  endfacet
  facet normal 2.1618978657475056e-17 -1.894653527883639e-17 -1
    outer loop
      vertex -82.1665476220844 -150.006705279995 -27.981096150912318
      vertex -81.88193397703893 -149.681946360894 -27.981096150912318
      vertex 82.1665476220844 -150.006705279995 -27.981096150912315
    endloop
  endfacet
  facet normal 2.1114442429123033e-17 2.670573837272091e-16 -1
    outer loop
      vertex -99.1 -162.28154010297476 -27.98109615091232
      vertex -82.49108728427122 -150.29151120819353 -27.981096150912318
      vertex 82.1665476220844 -150.006705279995 -27.981096150912315
    endloop
  endfacet
  facet normal 4.342777719530979e-17 1.1599877711335192e-16 -1
    outer loop
      vertex -82.85 -144.8118618361444 -27.98109615091232
      vertex 99.1 -29.167556387925 -27.9810961509123
      vertex 82.1665476220844 -145.3366475932444 -27.981096150912315
    endloop
  endfacet
  facet normal 3.639071307652329e-17 4.1467640098984194e-17 -1
    outer loop
      vertex -99.1 -162.28154010297476 -27.98109615091232
      vertex 82.1665476220844 -150.006705279995 -27.981096150912315
      vertex 82.49108728427122 -150.29151120819353 -27.981096150912315
    endloop
  endfacet
  facet normal 3.561201469134815e-17 5.326116350675266e-17 -1
    outer loop
      vertex -99.1 -162.28154010297476 -27.98109615091232
      vertex 82.49108728427122 -150.29151120819353 -27.981096150912315
      vertex 82.85 -150.531491037095 -27.981096150912315
    endloop
  endfacet
  facet normal 3.453248784683951e-17 6.997768173208615e-17 -1
    outer loop
      vertex -99.1 -162.28154010297476 -27.98109615091232
      vertex 82.85 -150.531491037095 -27.981096150912315
      vertex 83.2371446731952 -150.72253864529196 -27.981096150912315
    endloop
  endfacet
  facet normal 3.2839870645041196e-17 9.667782436383129e-17 -1
    outer loop
      vertex -99.1 -162.28154010297476 -27.98109615091232
      vertex 83.2371446731952 -150.72253864529196 -27.981096150912315
      vertex 83.64589715116168 -150.8613851552397 -27.981096150912315
    endloop
  endfacet
  facet normal -1.9754908527433943e-15 3.223408764949502e-14 -1
    outer loop
      vertex -99.1 -162.28154010297476 -27.98109615091232
      vertex 83.64589715116168 -150.8613851552397 -27.981096150912315
      vertex 84.06926356567384 -150.94565486465757 -27.981096150912318
    endloop
  endfacet
  facet normal 4.014270465602529e-15 -6.455060508072643e-14 -1
    outer loop
      vertex -99.1 -162.28154010297476 -27.98109615091232
      vertex 84.06926356567384 -150.94565486465757 -27.981096150912318
      vertex 84.5 -150.9739058954534 -27.981096150912315
    endloop
  endfacet
  facet normal 2.161897865747506e-17 -1.8946535278835678e-17 -1
    outer loop
      vertex -82.1665476220844 -145.3366475932444 -27.981096150912318
      vertex 82.1665476220844 -145.3366475932444 -27.981096150912315
      vertex 81.88193397703893 -145.66140651234545 -27.981096150912315
    endloop
  endfacet
  facet normal 2.1694124126310584e-17 -9.906347916088642e-15 -1
    outer loop
      vertex -81.88193397703893 -145.66140651234545 -27.981096150912318
      vertex 81.88193397703893 -145.66140651234545 -27.981096150912315
      vertex 81.64211616751135 -146.02056170720286 -27.98109615091231
    endloop
  endfacet
  facet normal 2.1846063592773914e-17 8.381573291088911e-15 -1
    outer loop
      vertex -81.31244477324607 -146.81699656137496 -27.981096150912318
      vertex 81.31244477324607 -146.81699656137496 -27.981096150912315
      vertex 81.22823195746642 -147.24064899952126 -27.981096150912318
    endloop
  endfacet
  facet normal 2.1808848647912568e-17 -7.39810843983138e-18 -1
    outer loop
      vertex -81.45119754271275 -146.40796793285614 -27.981096150912318
      vertex 81.45119754271275 -146.40796793285614 -27.981096150912315
      vertex 81.31244477324607 -146.81699656137496 -27.981096150912315
    endloop
  endfacet
  facet normal 2.175784904638635e-17 9.159790073579963e-15 -1
    outer loop
      vertex -81.64211616751135 -146.02056170720286 -27.981096150912315
      vertex 81.64211616751135 -146.02056170720286 -27.98109615091231
      vertex 81.45119754271275 -146.40796793285614 -27.981096150912315
    endloop
  endfacet
  facet normal 2.1868712350287336e-17 -8.243862848447689e-15 -1
    outer loop
      vertex -81.22823195746642 -147.24064899952126 -27.98109615091232
      vertex 81.22823195746642 -147.24064899952126 -27.981096150912318
      vertex 81.2 -147.6716764366197 -27.981096150912315
    endloop
  endfacet
  facet normal 2.1876315756160718e-17 1.4328814427863532e-18 -1
    outer loop
      vertex -81.2 -147.6716764366197 -27.981096150912318
      vertex 81.2 -147.6716764366197 -27.981096150912315
      vertex 81.22823195746642 -148.10270387371816 -27.981096150912315
    endloop
  endfacet
  facet normal 4.373742470057467e-17 8.694041051912006e-18 -1
    outer loop
      vertex -81.22823195746642 -148.10270387371816 -27.98109615091232
      vertex 81.22823195746642 -148.10270387371816 -27.981096150912315
      vertex 81.31244477324607 -148.52635631186445 -27.981096150912315
    endloop
  endfacet
  facet normal 2.175784904638635e-17 1.4528314703639213e-17 -1
    outer loop
      vertex -81.64211616751135 -149.32279116603652 -27.981096150912318
      vertex 81.64211616751135 -149.32279116603652 -27.981096150912315
      vertex 81.88193397703893 -149.681946360894 -27.981096150912315
    endloop
  endfacet
  facet normal 0 0 -1
    outer loop
      vertex -81.31244477324607 -148.52635631186445 -27.981096150912315
      vertex 81.31244477324607 -148.52635631186445 -27.981096150912315
      vertex 81.45119754271275 -148.93538494038327 -27.981096150912315
    endloop
  endfacet
  facet normal 4.3617697295825137e-17 2.149534579770531e-17 -1
    outer loop
      vertex -81.45119754271275 -148.93538494038327 -27.98109615091232
      vertex 81.45119754271275 -148.93538494038327 -27.981096150912315
      vertex 81.64211616751135 -149.32279116603652 -27.981096150912315
    endloop
  endfacet
  facet normal 2.1694124126310584e-17 1.901239159420049e-17 -1
    outer loop
      vertex -81.88193397703893 -149.681946360894 -27.981096150912318
      vertex 81.88193397703893 -149.681946360894 -27.981096150912315
      vertex 82.1665476220844 -150.006705279995 -27.981096150912315
    endloop
  endfacet
  facet normal 1.792489242583502e-17 3.3733113737270595e-16 -1
    outer loop
      vertex -99.1 -162.28154010297476 -27.98109615091232
      vertex 84.5 -150.9739058954534 -27.981096150912315
      vertex 99.1 -162.28154010297476 -27.981096150912318
    endloop
  endfacet
  facet normal -1.2309890523045373e-16 1.402726318646562e-16 -1
    outer loop
      vertex 82.49108728427122 -145.0518416650459 -27.981096150912315
      vertex 82.1665476220844 -145.3366475932444 -27.981096150912315
      vertex 99.1 -29.167556387925 -27.9810961509123
    endloop
  endfacet
  facet normal -9.068418758479123e-17 1.3562684909269224e-16 -1
    outer loop
      vertex 82.49108728427122 -145.0518416650459 -27.981096150912315
      vertex 99.1 -29.167556387925 -27.9810961509123
      vertex 82.85 -144.8118618361444 -27.981096150912315
    endloop
  endfacet
  facet normal -2.5201948894765944e-17 1.2661321388201054e-16 -1
    outer loop
      vertex 83.64589715116168 -144.48196771799968 -27.981096150912315
      vertex 99.1 -29.167556387925 -27.9810961509123
      vertex 84.06926356567384 -144.39769800858184 -27.981096150912315
    endloop
  endfacet
  facet normal -8.158462321738098e-18 1.2439004422346318e-16 -1
    outer loop
      vertex 84.06926356567384 -144.39769800858184 -27.981096150912315
      vertex 99.1 -29.167556387925 -27.9810961509123
      vertex 84.5 -144.36944697778603 -27.981096150912315
    endloop
  endfacet
  facet normal 8.023950880625265e-18 1.2233918176326587e-16 -1
    outer loop
      vertex 84.5 -144.36944697778603 -27.981096150912315
      vertex 99.1 -29.167556387925 -27.9810961509123
      vertex 84.93073643432616 -144.39769800858184 -27.981096150912315
    endloop
  endfacet
  facet normal 2.3961141746281208e-17 1.203794665820129e-16 -1
    outer loop
      vertex 84.93073643432616 -144.39769800858184 -27.981096150912315
      vertex 99.1 -29.167556387925 -27.9810961509123
      vertex 85.35410284883832 -144.48196771799968 -27.981096150912315
    endloop
  endfacet
  facet normal -9.925612363375225e-15 1.5176022281411146e-15 -1
    outer loop
      vertex 82.85 -144.8118618361444 -27.981096150912315
      vertex 99.1 -29.167556387925 -27.9810961509123
      vertex 83.2371446731952 -144.62081422794745 -27.981096150912318
    endloop
  endfacet
  facet normal 9.062286600063814e-15 -1.0912656362406807e-15 -1
    outer loop
      vertex 83.2371446731952 -144.62081422794745 -27.981096150912318
      vertex 99.1 -29.167556387925 -27.9810961509123
      vertex 83.64589715116168 -144.48196771799968 -27.981096150912315
    endloop
  endfacet
  facet normal -8.313129184924571e-15 1.1141909498868218e-15 -1
    outer loop
      vertex 85.35410284883832 -144.48196771799968 -27.981096150912315
      vertex 99.1 -29.167556387925 -27.9810961509123
      vertex 85.7628553268048 -144.62081422794745 -27.981096150912318
    endloop
  endfacet
  facet normal 8.753620503235083e-15 -8.573576573218014e-16 -1
    outer loop
      vertex 85.7628553268048 -144.62081422794745 -27.981096150912318
      vertex 99.1 -29.167556387925 -27.9810961509123
      vertex 86.15 -144.8118618361444 -27.981096150912315
    endloop
  endfacet
  facet normal 9.824807545665744e-17 1.1195482278369792e-16 -1
    outer loop
      vertex 86.50891271572878 -145.0518416650459 -27.981096150912315
      vertex 99.1 -29.167556387925 -27.9810961509123
      vertex 86.8334523779156 -145.3366475932444 -27.981096150912315
    endloop
  endfacet
  facet normal 7.644062998270988e-17 1.1432425060346518e-16 -1
    outer loop
      vertex 86.15 -144.8118618361444 -27.981096150912315
      vertex 99.1 -29.167556387925 -27.9810961509123
      vertex 86.50891271572878 -145.0518416650459 -27.981096150912315
    endloop
  endfacet
  facet normal 1.2457430840338528e-16 1.0917497844816493e-16 -1
    outer loop
      vertex 86.8334523779156 -145.3366475932444 -27.981096150912315
      vertex 99.1 -29.167556387925 -27.9810961509123
      vertex 87.11806602296107 -145.66140651234545 -27.981096150912315
    endloop
  endfacet
  facet normal 1.2995174971315769e-14 -1.2146261254138982e-15 -1
    outer loop
      vertex 87.11806602296107 -145.66140651234545 -27.981096150912315
      vertex 99.1 -29.167556387925 -27.9810961509123
      vertex 87.35788383248865 -146.02056170720286 -27.98109615091231
    endloop
  endfacet
  facet normal -1.5303088988834943e-14 1.6289592992920844e-15 -1
    outer loop
      vertex 87.35788383248865 -146.02056170720286 -27.98109615091231
      vertex 99.1 -29.167556387925 -27.9810961509123
      vertex 87.54880245728725 -146.40796793285614 -27.981096150912315
    endloop
  endfacet
  facet normal 2.7689550317893e-16 9.392989937665789e-17 -1
    outer loop
      vertex 87.54880245728725 -146.40796793285614 -27.981096150912315
      vertex 99.1 -29.167556387925 -27.9810961509123
      vertex 87.68755522675393 -146.81699656137496 -27.981096150912315
    endloop
  endfacet
  facet normal -2.794331307509631e-14 2.8313978500463537e-15 -1
    outer loop
      vertex 87.68755522675393 -146.81699656137496 -27.981096150912315
      vertex 99.1 -29.167556387925 -27.9810961509123
      vertex 87.77176804253358 -147.24064899952126 -27.981096150912318
    endloop
  endfacet
  facet normal 5.1987023723585184e-14 -4.8373213785795684e-15 -1
    outer loop
      vertex 87.77176804253358 -147.24064899952126 -27.981096150912318
      vertex 99.1 -29.167556387925 -27.9810961509123
      vertex 87.8 -147.6716764366197 -27.981096150912315
    endloop
  endfacet
  facet normal -1.4186561523739894e-16 1.3344629841465836e-16 -1
    outer loop
      vertex 99.1 -162.28154010297476 -27.981096150912318
      vertex 87.8 -147.6716764366197 -27.981096150912315
      vertex 99.1 -29.167556387925 -27.9810961509123
    endloop
  endfacet
  facet normal -7.623051701956561e-15 -9.528415864221955e-15 -1
    outer loop
      vertex 99.1 -162.28154010297476 -27.981096150912318
      vertex 84.5 -150.9739058954534 -27.981096150912315
      vertex 84.93073643432616 -150.94565486465757 -27.981096150912318
    endloop
  endfacet
  facet normal 6.719726568555927e-15 8.39930670057351e-15 -1
    outer loop
      vertex 99.1 -162.28154010297476 -27.981096150912318
      vertex 84.93073643432616 -150.94565486465757 -27.981096150912318
      vertex 85.35410284883832 -150.8613851552397 -27.981096150912315
    endloop
  endfacet
  facet normal -1.95975573596152e-16 9.657920943837028e-17 -1
    outer loop
      vertex 99.1 -162.28154010297476 -27.981096150912318
      vertex 87.35788383248865 -149.32279116603652 -27.981096150912315
      vertex 87.54880245728725 -148.93538494038327 -27.981096150912315
    endloop
  endfacet
  facet normal -7.500576426785058e-17 2.2081067804867865e-16 -1
    outer loop
      vertex 99.1 -162.28154010297476 -27.981096150912318
      vertex 85.35410284883832 -150.8613851552397 -27.981096150912315
      vertex 85.7628553268048 -150.72253864529196 -27.981096150912315
    endloop
  endfacet
  facet normal -9.664445773280284e-17 1.9584326314371937e-16 -1
    outer loop
      vertex 99.1 -162.28154010297476 -27.981096150912318
      vertex 85.7628553268048 -150.72253864529196 -27.981096150912315
      vertex 86.15 -150.531491037095 -27.981096150912315
    endloop
  endfacet
  facet normal -1.7419507404117428e-16 1.1631484574134567e-16 -1
    outer loop
      vertex 99.1 -162.28154010297476 -27.981096150912318
      vertex 87.11806602296107 -149.681946360894 -27.981096150912315
      vertex 87.35788383248865 -149.32279116603652 -27.981096150912315
    endloop
  endfacet
  facet normal -1.5430465654756986e-16 1.3523019127253783e-16 -1
    outer loop
      vertex 99.1 -162.28154010297476 -27.981096150912318
      vertex 86.8334523779156 -150.006705279995 -27.981096150912315
      vertex 87.11806602296107 -149.681946360894 -27.981096150912315
    endloop
  endfacet
  facet normal -1.1639342730508066e-16 1.7407746842004894e-16 -1
    outer loop
      vertex 99.1 -162.28154010297476 -27.981096150912318
      vertex 86.15 -150.531491037095 -27.981096150912315
      vertex 86.50891271572878 -150.29151120819353 -27.981096150912315
    endloop
  endfacet
  facet normal -1.3532155192239239e-16 1.542004796925345e-16 -1
    outer loop
      vertex 99.1 -162.28154010297476 -27.981096150912318
      vertex 86.50891271572878 -150.29151120819353 -27.981096150912315
      vertex 86.8334523779156 -150.006705279995 -27.981096150912315
    endloop
  endfacet
  facet normal -2.8985336115235396e-16 1.89851667416753e-17 -1
    outer loop
      vertex 99.1 -162.28154010297476 -27.981096150912318
      vertex 87.77176804253358 -148.10270387371816 -27.981096150912315
      vertex 87.8 -147.6716764366197 -27.981096150912315
    endloop
  endfacet
  facet normal -2.5113420651283966e-16 4.99199739332828e-17 -1
    outer loop
      vertex 99.1 -162.28154010297476 -27.981096150912318
      vertex 87.68755522675393 -148.52635631186445 -27.981096150912315
      vertex 87.77176804253358 -148.10270387371816 -27.981096150912315
    endloop
  endfacet
  facet normal -2.2095985632646852e-16 7.495512506613102e-17 -1
    outer loop
      vertex 99.1 -162.28154010297476 -27.981096150912318
      vertex 87.54880245728725 -148.93538494038327 -27.981096150912315
      vertex 87.68755522675393 -148.52635631186445 -27.981096150912315
    endloop
  endfacet
  facet normal 1 0 0
    outer loop
      vertex -96.1 -160.09184297771952 -5.885729521239688
      vertex -96.1 -21.57219067012679 -19.805931523358513
      vertex -96.1 -3.2830760903944722 -0.12070132685273795
    endloop
  endfacet
  facet normal 1 0 0
    outer loop
      vertex -96.1 -160.09184297771952 -5.885729521239688
      vertex -96.1 -159.3937851693328 -24.872901909358735
      vertex -96.1 -21.57219067012679 -19.805931523358513
    endloop
  endfacet
  facet normal 0 0.9993248625325813 0.03673988465193271
    outer loop
      vertex -96.1 -160.09184297771952 -5.885729521239688
      vertex 96.1 -160.09184297771952 -5.885729521239688
      vertex -96.1 -159.3937851693328 -24.872901909358735
    endloop
  endfacet
  facet normal -1 0 0
    outer loop
      vertex 96.1 -160.09184297771952 -5.885729521239688
      vertex 96.1 -3.2830760903944722 -0.12070132685273795
      vertex 96.1 -21.57219067012679 -19.805931523358513
    endloop
  endfacet
  facet normal 0 0.9993248625325813 0.03673988465193271
    outer loop
      vertex -96.1 -159.3937851693328 -24.872901909358735
      vertex 96.1 -160.09184297771952 -5.885729521239688
      vertex 96.1 -159.3937851693328 -24.872901909358735
    endloop
  endfacet
  facet normal -1 0 0
    outer loop
      vertex 96.1 -160.09184297771952 -5.885729521239688
      vertex 96.1 -21.57219067012679 -19.805931523358513
      vertex 96.1 -159.3937851693328 -24.872901909358735
    endloop
  endfacet
  facet normal -7.96206190068148e-15 -2.4227069296664146e-16 1
    outer loop
      vertex -90.1 -32.40400015011419 -24.983121563314562
      vertex -88.46676670145618 -144.7360325689478 -24.983121563314576
      vertex -88.03553390593274 -144.24397360061295 -24.983121563314572
    endloop
  endfacet
  facet normal 7.192100105383092e-15 3.746161275828477e-17 1
    outer loop
      vertex -90.1 -32.40400015011419 -24.983121563314562
      vertex -88.03553390593274 -144.24397360061295 -24.983121563314572
      vertex -87.5438071450436 -143.81244946697882 -24.983121563314576
    endloop
  endfacet
  facet normal -5.470442279738151e-15 -3.416351431468613e-16 1
    outer loop
      vertex -90.1 -32.40400015011419 -24.983121563314562
      vertex -85.7940952255126 -142.9490040926664 -24.983121563314576
      vertex -85.15263096110026 -142.82132271476056 -24.983121563314572
    endloop
  endfacet
  facet normal -6.350329577757531e-15 -2.7326043935767824e-16 1
    outer loop
      vertex -90.1 -32.40400015011419 -24.983121563314562
      vertex -87.5438071450436 -143.81244946697882 -24.983121563314576
      vertex -87 -143.44884366561294 -24.983121563314572
    endloop
  endfacet
  facet normal 4.672069154694091e-17 -9.467622772721206e-17 1
    outer loop
      vertex -90.1 -32.40400015011419 -24.983121563314562
      vertex -87 -143.44884366561294 -24.983121563314572
      vertex -86.41341716182545 -143.15937759258725 -24.983121563314572
    endloop
  endfacet
  facet normal 5.704644858352772e-15 9.365238091188866e-17 1
    outer loop
      vertex -90.1 -32.40400015011419 -24.983121563314562
      vertex -86.41341716182545 -143.15937759258725 -24.983121563314572
      vertex -85.7940952255126 -142.9490040926664 -24.983121563314576
    endloop
  endfacet
  facet normal -4.824128720179933e-15 -1.1746286546517561e-16 1
    outer loop
      vertex -90.1 -32.40400015011419 -24.983121563314562
      vertex -90.1 -153.3856794146569 -24.983121563314576
      vertex -89.5 -147.7818960905755 -24.983121563314572
    endloop
  endfacet
  facet normal 1.225727862475873e-14 1.1998385385535561e-17 1
    outer loop
      vertex -90.1 -32.40400015011419 -24.983121563314562
      vertex -89.11939766255644 -145.86718623638828 -24.983121563314572
      vertex -88.8301270189222 -145.2802071066106 -24.983121563314576
    endloop
  endfacet
  facet normal -1.620918453779889e-14 -2.3402220753814374e-16 1
    outer loop
      vertex -90.1 -32.40400015011419 -24.983121563314562
      vertex -89.32962913144534 -146.4869265826289 -24.983121563314576
      vertex -89.11939766255644 -145.86718623638828 -24.983121563314572
    endloop
  endfacet
  facet normal 2.7534901858202686e-14 6.13696699743253e-17 1
    outer loop
      vertex -90.1 -32.40400015011419 -24.983121563314562
      vertex -89.45722430686905 -147.12882421618392 -24.983121563314572
      vertex -89.32962913144534 -146.4869265826289 -24.983121563314576
    endloop
  endfacet
  facet normal 1.3065992804717277e-15 -8.558122322852763e-17 1
    outer loop
      vertex -90.1 -32.40400015011419 -24.983121563314562
      vertex -89.5 -147.7818960905755 -24.983121563314572
      vertex -89.45722430686905 -147.12882421618392 -24.983121563314572
    endloop
  endfacet
  facet normal 1.8542244544318077e-16 -1.2381167066532088e-16 1
    outer loop
      vertex -90.1 -32.40400015011419 -24.983121563314562
      vertex -88.8301270189222 -145.2802071066106 -24.983121563314576
      vertex -88.46676670145618 -144.7360325689478 -24.983121563314576
    endloop
  endfacet
  facet normal 5.434041077324213e-15 1.4695217352478147e-16 1
    outer loop
      vertex -90.1 -32.40400015011419 -24.983121563314562
      vertex -85.15263096110026 -142.82132271476056 -24.983121563314572
      vertex -84.5 -142.7785181226457 -24.983121563314576
    endloop
  endfacet
  facet normal -5.470327354516252e-15 -4.0629566247938973e-16 1
    outer loop
      vertex -90.1 -32.40400015011419 -24.983121563314562
      vertex -84.5 -142.7785181226457 -24.983121563314576
      vertex -83.84736903889974 -142.82132271476056 -24.983121563314572
    endloop
  endfacet
  facet normal 5.582149508964548e-15 2.195758713370904e-16 1
    outer loop
      vertex -90.1 -32.40400015011419 -24.983121563314562
      vertex -83.84736903889974 -142.82132271476056 -24.983121563314572
      vertex -83.2059047744874 -142.9490040926664 -24.983121563314576
    endloop
  endfacet
  facet normal -5.905221856944607e-15 -4.968294772805673e-16 1
    outer loop
      vertex -90.1 -32.40400015011419 -24.983121563314562
      vertex -83.2059047744874 -142.9490040926664 -24.983121563314576
      vertex -82.58658283817455 -143.15937759258725 -24.983121563314572
    endloop
  endfacet
  facet normal 6.217272233034126e-15 3.255356055081386e-16 1
    outer loop
      vertex -90.1 -32.40400015011419 -24.983121563314562
      vertex -82.58658283817455 -143.15937759258725 -24.983121563314572
      vertex -82 -143.44884366561294 -24.983121563314576
    endloop
  endfacet
  facet normal -8.995455757994424e-17 -1.3453561785166915e-16 1
    outer loop
      vertex -90.1 -32.40400015011419 -24.983121563314562
      vertex -82 -143.44884366561294 -24.983121563314576
      vertex -81.4561928549564 -143.81244946697882 -24.983121563314576
    endloop
  endfacet
  facet normal -7.872966317748767e-15 -7.383933420639906e-16 1
    outer loop
      vertex -90.1 -32.40400015011419 -24.983121563314562
      vertex -81.4561928549564 -143.81244946697882 -24.983121563314576
      vertex -80.96446609406726 -144.24397360061295 -24.983121563314572
    endloop
  endfacet
  facet normal -1.199170601388476e-16 -1.0509343879987561e-16 1
    outer loop
      vertex -90.1 -32.40400015011419 -24.983121563314562
      vertex -80.96446609406726 -144.24397360061295 -24.983121563314572
      vertex -80.53323329854382 -144.7360325689478 -24.983121563314572
    endloop
  endfacet
  facet normal 1.1043877604635312e-14 8.456720442160729e-16 1
    outer loop
      vertex -90.1 -32.40400015011419 -24.983121563314562
      vertex -80.53323329854382 -144.7360325689478 -24.983121563314572
      vertex -80.1698729810778 -145.2802071066106 -24.983121563314576
    endloop
  endfacet
  facet normal -3.673789313957389e-15 -2.406303049997263e-16 1
    outer loop
      vertex -89.5 -147.7818960905755 -24.983121563314572
      vertex -90.1 -153.3856794146569 -24.983121563314576
      vertex -89.45722430686905 -148.43496796496711 -24.983121563314572
    endloop
  endfacet
  facet normal 1.4658842892308052e-14 -2.6208478743422738e-15 1
    outer loop
      vertex -89.45722430686905 -148.43496796496711 -24.983121563314572
      vertex -90.1 -153.3856794146569 -24.983121563314576
      vertex -89.32962913144534 -149.0768655985221 -24.983121563314576
    endloop
  endfacet
  facet normal -1.1066452253926226e-14 1.9785659809091646e-15 1
    outer loop
      vertex -89.32962913144534 -149.0768655985221 -24.983121563314576
      vertex -90.1 -153.3856794146569 -24.983121563314576
      vertex -89.11939766255644 -149.69660594476275 -24.983121563314572
    endloop
  endfacet
  facet normal -1.2694502478494787e-15 -6.256009313246954e-16 1
    outer loop
      vertex -89.11939766255644 -149.69660594476275 -24.983121563314572
      vertex -90.1 -153.3856794146569 -24.983121563314576
      vertex -88.8301270189222 -150.2835850745404 -24.983121563314572
    endloop
  endfacet
  facet normal 4.998077251500456e-15 -3.1912752651644966e-15 1
    outer loop
      vertex -88.8301270189222 -150.2835850745404 -24.983121563314572
      vertex -90.1 -153.3856794146569 -24.983121563314576
      vertex -88.46676670145618 -150.8277596122032 -24.983121563314576
    endloop
  endfacet
  facet normal 0 0 1
    outer loop
      vertex -88.46676670145618 -150.8277596122032 -24.983121563314576
      vertex -90.1 -153.3856794146569 -24.983121563314576
      vertex -88.03553390593274 -151.31981858053803 -24.983121563314576
    endloop
  endfacet
  facet normal 0 0 1
    outer loop
      vertex -90.1 -153.3856794146569 -24.983121563314576
      vertex -87.5438071450436 -151.75134271417218 -24.983121563314576
      vertex -88.03553390593274 -151.31981858053803 -24.983121563314576
    endloop
  endfacet
  facet normal 0 0 1
    outer loop
      vertex -90.1 -153.3856794146569 -24.983121563314576
      vertex -87 -152.1149485155381 -24.983121563314576
      vertex -87.5438071450436 -151.75134271417218 -24.983121563314576
    endloop
  endfacet
  facet normal -2.7481891144025084e-15 6.7043197427209715e-15 1
    outer loop
      vertex -90.1 -153.3856794146569 -24.983121563314576
      vertex -86.41341716182545 -152.40441458856375 -24.983121563314572
      vertex -87 -152.1149485155381 -24.983121563314576
    endloop
  endfacet
  facet normal -5.403083984849402e-16 -1.5906226006680482e-15 1
    outer loop
      vertex -90.1 -153.3856794146569 -24.983121563314576
      vertex -85.7940952255126 -152.61478808848463 -24.983121563314572
      vertex -86.41341716182545 -152.40441458856375 -24.983121563314572
    endloop
  endfacet
  facet normal -4.343797014357274e-16 -2.182299879804419e-15 1
    outer loop
      vertex -90.1 -153.3856794146569 -24.983121563314576
      vertex -85.15263096110026 -152.74246946639045 -24.983121563314572
      vertex -85.7940952255126 -152.61478808848463 -24.983121563314572
    endloop
  endfacet
  facet normal 3.3775191796880783e-15 -3.150222963946713e-14 1
    outer loop
      vertex -90.1 -153.3856794146569 -24.983121563314576
      vertex -84.5 -152.7852740585053 -24.983121563314576
      vertex -85.15263096110026 -152.74246946639045 -24.983121563314572
    endloop
  endfacet
  facet normal -4.4314822347779384e-17 -1.2979623363480873e-16 1
    outer loop
      vertex -90.1 -32.40400015011419 -24.983121563314562
      vertex -80.1698729810778 -145.2802071066106 -24.983121563314576
      vertex 80.1698729810778 -145.2802071066106 -24.98312156331457
    endloop
  endfacet
  facet normal -2.2237649534693023e-17 6.041579333407986e-15 1
    outer loop
      vertex -80.1698729810778 -145.2802071066106 -24.983121563314576
      vertex -79.88060233744356 -145.86718623638828 -24.983121563314572
      vertex 79.88060233744356 -145.86718623638828 -24.98312156331457
    endloop
  endfacet
  facet normal -2.2296329489051822e-17 -7.563474167444941e-18 1
    outer loop
      vertex -79.88060233744356 -145.86718623638828 -24.983121563314572
      vertex -79.67037086855466 -146.4869265826289 -24.983121563314572
      vertex 79.67037086855466 -146.4869265826289 -24.98312156331457
    endloop
  endfacet
  facet normal -2.2332095201873258e-17 -4.439130876804788e-18 1
    outer loop
      vertex -79.67037086855466 -146.4869265826289 -24.983121563314572
      vertex -79.54277569313095 -147.12882421618392 -24.983121563314572
      vertex 79.54277569313095 -147.12882421618392 -24.98312156331457
    endloop
  endfacet
  facet normal -2.2332095201873258e-17 5.441466841551341e-15 1
    outer loop
      vertex -79.5 -147.7818960905755 -24.983121563314576
      vertex -79.54277569313095 -148.43496796496711 -24.983121563314572
      vertex 79.54277569313095 -148.43496796496711 -24.98312156331457
    endloop
  endfacet
  facet normal -2.2344111187424535e-17 -5.4414676285894e-15 1
    outer loop
      vertex -79.54277569313095 -147.12882421618392 -24.983121563314572
      vertex -79.5 -147.7818960905755 -24.983121563314576
      vertex 79.5 -147.7818960905755 -24.983121563314572
    endloop
  endfacet
  facet normal -4.4592658978103645e-17 -5.5258403914209055e-15 1
    outer loop
      vertex -79.54277569313095 -148.43496796496711 -24.983121563314572
      vertex -79.67037086855466 -149.0768655985221 -24.983121563314576
      vertex 79.67037086855466 -149.0768655985221 -24.98312156331457
    endloop
  endfacet
  facet normal -2.2237649534693026e-17 5.7401277068790194e-15 1
    outer loop
      vertex -79.88060233744356 -149.69660594476275 -24.983121563314572
      vertex 79.88060233744356 -149.69660594476275 -24.98312156331457
      vertex -79.67037086855466 -149.0768655985221 -24.983121563314576
    endloop
  endfacet
  facet normal -2.2157411173889692e-17 1.0919448863484104e-17 1
    outer loop
      vertex -80.1698729810778 -150.2835850745404 -24.983121563314572
      vertex 80.1698729810778 -150.2835850745404 -24.98312156331457
      vertex -79.88060233744356 -149.69660594476275 -24.983121563314572
    endloop
  endfacet
  facet normal -4.4114876967999996e-17 -6.499172302861347e-15 1
    outer loop
      vertex -80.53323329854382 -150.8277596122032 -24.983121563314576
      vertex 80.53323329854382 -150.8277596122032 -24.98312156331457
      vertex -80.1698729810778 -150.2835850745404 -24.983121563314572
    endloop
  endfacet
  facet normal -4.387991238863773e-17 3.8455669959053297e-17 1
    outer loop
      vertex -80.53323329854382 -150.8277596122032 -24.983121563314576
      vertex -80.96446609406726 -151.31981858053803 -24.983121563314576
      vertex 80.96446609406726 -151.31981858053803 -24.98312156331457
    endloop
  endfacet
  facet normal -2.1807511217266077e-17 8.257793105670161e-15 1
    outer loop
      vertex -81.4561928549564 -151.75134271417218 -24.983121563314572
      vertex 81.4561928549564 -151.75134271417218 -24.98312156331457
      vertex -80.96446609406726 -151.31981858053803 -24.983121563314576
    endloop
  endfacet
  facet normal 0 0 1
    outer loop
      vertex -90.1 -153.3856794146569 -24.983121563314576
      vertex 84.48488441949468 -153.3856794146569 -24.983121563314576
      vertex -84.5 -152.7852740585053 -24.983121563314576
    endloop
  endfacet
  facet normal -2.797403484734062e-16 -7.873329238307638e-14 1
    outer loop
      vertex -84.5 -152.7852740585053 -24.983121563314576
      vertex 84.48488441949468 -153.3856794146569 -24.983121563314576
      vertex -83.84736903889974 -152.74246946639045 -24.983121563314572
    endloop
  endfacet
  facet normal 2.0707839557552625e-17 -1.0403505418897408e-16 1
    outer loop
      vertex -83.84736903889974 -152.74246946639045 -24.983121563314572
      vertex 84.48488441949468 -153.3856794146569 -24.983121563314576
      vertex -83.2059047744874 -152.61478808848463 -24.983121563314572
    endloop
  endfacet
  facet normal 2.090320605151476e-17 -6.153728512307631e-17 1
    outer loop
      vertex -83.2059047744874 -152.61478808848463 -24.983121563314572
      vertex 84.48488441949468 -153.3856794146569 -24.983121563314576
      vertex -82.58658283817455 -152.40441458856375 -24.983121563314572
    endloop
  endfacet
  facet normal 9.225192534969092e-17 1.208639149324978e-14 1
    outer loop
      vertex -82.58658283817455 -152.40441458856375 -24.983121563314572
      vertex 84.48488441949468 -153.3856794146569 -24.983121563314576
      vertex -82 -152.1149485155381 -24.983121563314576
    endloop
  endfacet
  facet normal -7.373583521967523e-17 -9.660504842241065e-15 1
    outer loop
      vertex -82 -152.1149485155381 -24.983121563314576
      vertex 84.48488441949468 -153.3856794146569 -24.983121563314576
      vertex -81.4561928549564 -151.75134271417218 -24.983121563314572
    endloop
  endfacet
  facet normal -3.943078444839624e-17 -1.5886674611550281e-16 1
    outer loop
      vertex -90.1 -32.40400015011419 -24.983121563314562
      vertex 87 -143.44884366561294 -24.983121563314572
      vertex 90.1 -32.40400015011419 -24.983121563314555
    endloop
  endfacet
  facet normal 2.6406446315943015e-17 -2.3142197170390264e-17 1
    outer loop
      vertex -90.1 -32.40400015011419 -24.983121563314562
      vertex 80.53323329854382 -144.7360325689478 -24.98312156331457
      vertex 80.96446609406726 -144.24397360061295 -24.98312156331457
    endloop
  endfacet
  facet normal 3.2398701578988133e-15 4.925249077969559e-15 1
    outer loop
      vertex -90.1 -32.40400015011419 -24.983121563314562
      vertex 81.4561928549564 -143.81244946697882 -24.98312156331457
      vertex 82 -143.44884366561294 -24.983121563314572
    endloop
  endfacet
  facet normal 2.380318549333163e-17 -2.7124006258717188e-17 1
    outer loop
      vertex -90.1 -32.40400015011419 -24.983121563314562
      vertex 80.96446609406726 -144.24397360061295 -24.98312156331457
      vertex 81.4561928549564 -143.81244946697882 -24.98312156331457
    endloop
  endfacet
  facet normal 2.892613219369499e-17 -1.9314774671573462e-17 1
    outer loop
      vertex -90.1 -32.40400015011419 -24.983121563314562
      vertex 80.1698729810778 -145.2802071066106 -24.98312156331457
      vertex 80.53323329854382 -144.7360325689478 -24.98312156331457
    endloop
  endfacet
  facet normal 9.751121508901546e-18 -4.8989101531437447e-17 1
    outer loop
      vertex -90.1 -32.40400015011419 -24.983121563314562
      vertex 83.2059047744874 -142.9490040926664 -24.98312156331457
      vertex 83.84736903889974 -142.82132271476056 -24.98312156331457
    endloop
  endfacet
  facet normal 3.825360920584702e-18 -5.832432575124739e-17 1
    outer loop
      vertex -90.1 -32.40400015011419 -24.983121563314562
      vertex 83.84736903889974 -142.82132271476056 -24.98312156331457
      vertex 84.5 -142.7785181226457 -24.98312156331457
    endloop
  endfacet
  facet normal -3.4050575668952985e-15 -5.373221568958349e-15 1
    outer loop
      vertex -90.1 -32.40400015011419 -24.983121563314562
      vertex 82 -143.44884366561294 -24.983121563314572
      vertex 82.58658283817455 -143.15937759258725 -24.98312156331457
    endloop
  endfacet
  facet normal 1.4246724457843376e-17 -4.194116169891364e-17 1
    outer loop
      vertex -90.1 -32.40400015011419 -24.983121563314562
      vertex 82.58658283817455 -143.15937759258725 -24.98312156331457
      vertex 83.2059047744874 -142.9490040926664 -24.98312156331457
    endloop
  endfacet
  facet normal -4.711032097453555e-18 -7.182793372460799e-17 1
    outer loop
      vertex -90.1 -32.40400015011419 -24.983121563314562
      vertex 84.5 -142.7785181226457 -24.98312156331457
      vertex 85.15263096110026 -142.82132271476056 -24.98312156331457
    endloop
  endfacet
  facet normal -1.8724216031762778e-17 -9.406943800661616e-17 1
    outer loop
      vertex -90.1 -32.40400015011419 -24.983121563314562
      vertex 85.15263096110026 -142.82132271476056 -24.98312156331457
      vertex 85.7940952255126 -142.9490040926664 -24.98312156331457
    endloop
  endfacet
  facet normal -4.7514872210199366e-17 -1.398797979400844e-16 1
    outer loop
      vertex -90.1 -32.40400015011419 -24.983121563314562
      vertex 85.7940952255126 -142.9490040926664 -24.98312156331457
      vertex 86.41341716182545 -143.15937759258725 -24.98312156331457
    endloop
  endfacet
  facet normal 2.8215803166766035e-14 4.490402653502689e-14 1
    outer loop
      vertex -90.1 -32.40400015011419 -24.983121563314562
      vertex 86.41341716182545 -143.15937759258725 -24.98312156331457
      vertex 87 -143.44884366561294 -24.983121563314572
    endloop
  endfacet
  facet normal -4.431482234777938e-17 2.1838897726967148e-17 1
    outer loop
      vertex -80.1698729810778 -145.2802071066106 -24.983121563314576
      vertex 79.88060233744356 -145.86718623638828 -24.98312156331457
      vertex 80.1698729810778 -145.2802071066106 -24.98312156331457
    endloop
  endfacet
  facet normal -2.2237649534693026e-17 7.543568455199456e-18 1
    outer loop
      vertex -79.88060233744356 -145.86718623638828 -24.983121563314572
      vertex 79.67037086855466 -146.4869265826289 -24.98312156331457
      vertex 79.88060233744356 -145.86718623638828 -24.98312156331457
    endloop
  endfacet
  facet normal -2.2296329489051822e-17 4.432021437287699e-18 1
    outer loop
      vertex -79.67037086855466 -146.4869265826289 -24.983121563314572
      vertex 79.54277569313095 -147.12882421618392 -24.98312156331457
      vertex 79.67037086855466 -146.4869265826289 -24.98312156331457
    endloop
  endfacet
  facet normal -2.2332095201873258e-17 -5.438541372277193e-15 1
    outer loop
      vertex -79.54277569313095 -147.12882421618392 -24.983121563314572
      vertex 79.5 -147.7818960905755 -24.983121563314572
      vertex 79.54277569313095 -147.12882421618392 -24.98312156331457
    endloop
  endfacet
  facet normal -2.2344111187424535e-17 5.438540585239135e-15 1
    outer loop
      vertex -79.5 -147.7818960905755 -24.983121563314576
      vertex 79.54277569313095 -148.43496796496711 -24.98312156331457
      vertex 79.5 -147.7818960905755 -24.983121563314572
    endloop
  endfacet
  facet normal -2.2332095201873258e-17 -4.439130876805478e-18 1
    outer loop
      vertex -79.54277569313095 -148.43496796496711 -24.983121563314572
      vertex 79.67037086855466 -149.0768655985221 -24.98312156331457
      vertex 79.54277569313095 -148.43496796496711 -24.98312156331457
    endloop
  endfacet
  facet normal -4.4592658978103645e-17 -1.5126948334889192e-17 1
    outer loop
      vertex -79.67037086855466 -149.0768655985221 -24.983121563314576
      vertex 79.88060233744356 -149.69660594476275 -24.98312156331457
      vertex 79.67037086855466 -149.0768655985221 -24.98312156331457
    endloop
  endfacet
  facet normal -2.2237649534693023e-17 -1.0958991329470123e-17 1
    outer loop
      vertex -79.88060233744356 -149.69660594476275 -24.983121563314572
      vertex 80.1698729810778 -150.2835850745404 -24.98312156331457
      vertex 79.88060233744356 -149.69660594476275 -24.98312156331457
    endloop
  endfacet
  facet normal -2.215741117388969e-17 -1.4795113334315752e-17 1
    outer loop
      vertex -80.1698729810778 -150.2835850745404 -24.983121563314572
      vertex 80.53323329854382 -150.8277596122032 -24.98312156331457
      vertex 80.1698729810778 -150.2835850745404 -24.98312156331457
    endloop
  endfacet
  facet normal -4.4114876967999996e-17 -3.866158924704082e-17 1
    outer loop
      vertex -80.53323329854382 -150.8277596122032 -24.983121563314576
      vertex 80.96446609406726 -151.31981858053803 -24.98312156331457
      vertex 80.53323329854382 -150.8277596122032 -24.98312156331457
    endloop
  endfacet
  facet normal -4.387991238863772e-17 -5.000166967546099e-17 1
    outer loop
      vertex -80.96446609406726 -151.31981858053803 -24.983121563314576
      vertex 81.4561928549564 -151.75134271417218 -24.98312156331457
      vertex 80.96446609406726 -151.31981858053803 -24.98312156331457
    endloop
  endfacet
  facet normal -2.1807511217266077e-17 -9.803399026708429e-15 1
    outer loop
      vertex -81.4561928549564 -151.75134271417218 -24.983121563314572
      vertex 82 -152.1149485155381 -24.983121563314572
      vertex 81.4561928549564 -151.75134271417218 -24.98312156331457
    endloop
  endfacet
  facet normal -6.2463931098384545e-18 -2.808018004592156e-15 1
    outer loop
      vertex -81.4561928549564 -151.75134271417218 -24.983121563314572
      vertex 84.48488441949468 -153.3856794146569 -24.983121563314576
      vertex 82 -152.1149485155381 -24.983121563314572
    endloop
  endfacet
  facet normal -6.518328277339008e-15 2.2002365786641743e-17 1
    outer loop
      vertex 90.1 -32.40400015011419 -24.983121563314555
      vertex 87 -143.44884366561294 -24.983121563314572
      vertex 87.5438071450436 -143.81244946697882 -24.98312156331457
    endloop
  endfacet
  facet normal -1.097300473035635e-16 -1.2503866302537145e-16 1
    outer loop
      vertex 90.1 -32.40400015011419 -24.983121563314555
      vertex 87.5438071450436 -143.81244946697882 -24.98312156331457
      vertex 88.03553390593274 -144.24397360061295 -24.98312156331457
    endloop
  endfacet
  facet normal -1.4199598373013594e-16 -1.2444306263589647e-16 1
    outer loop
      vertex 90.1 -32.40400015011419 -24.983121563314555
      vertex 88.03553390593274 -144.24397360061295 -24.98312156331457
      vertex 88.46676670145618 -144.7360325689478 -24.98312156331457
    endloop
  endfacet
  facet normal -2.4976598731520553e-16 -1.2308779689658575e-16 1
    outer loop
      vertex 90.1 -32.40400015011419 -24.983121563314555
      vertex 88.8301270189222 -145.2802071066106 -24.98312156331457
      vertex 89.11939766255644 -145.86718623638828 -24.98312156331457
    endloop
  endfacet
  facet normal -3.6004045675092707e-16 -1.2213475295150566e-16 1
    outer loop
      vertex 90.1 -32.40400015011419 -24.983121563314555
      vertex 89.11939766255644 -145.86718623638828 -24.98312156331457
      vertex 89.32962913144534 -146.4869265826289 -24.98312156331457
    endloop
  endfacet
  facet normal -6.060697818592564e-16 -1.2047338406134367e-16 1
    outer loop
      vertex 90.1 -32.40400015011419 -24.983121563314555
      vertex 89.32962913144534 -146.4869265826289 -24.98312156331457
      vertex 89.45722430686905 -147.12882421618392 -24.98312156331457
    endloop
  endfacet
  facet normal 7.476775801476248e-14 -5.427748763521886e-16 1
    outer loop
      vertex 90.1 -32.40400015011419 -24.983121563314555
      vertex 89.45722430686905 -147.12882421618392 -24.98312156331457
      vertex 89.5 -147.7818960905755 -24.983121563314572
    endloop
  endfacet
  facet normal -7.018250209155181e-15 -1.1746286546517561e-16 1
    outer loop
      vertex 90.1 -32.40400015011419 -24.983121563314555
      vertex 89.5 -147.7818960905755 -24.983121563314572
      vertex 90.1 -153.3856794146569 -24.98312156331457
    endloop
  endfacet
  facet normal -1.8542244544318087e-16 -1.2381167066532095e-16 1
    outer loop
      vertex 90.1 -32.40400015011419 -24.983121563314555
      vertex 88.46676670145618 -144.7360325689478 -24.98312156331457
      vertex 88.8301270189222 -145.2802071066106 -24.98312156331457
    endloop
  endfacet
  facet normal -3.9403122609067736e-14 -7.984768388009838e-14 1
    outer loop
      vertex 82 -152.1149485155381 -24.983121563314572
      vertex 84.48488441949468 -153.3856794146569 -24.983121563314576
      vertex 82.58658283817455 -152.40441458856375 -24.983121563314572
    endloop
  endfacet
  facet normal -2.03178058595686e-14 -4.2926267762681246e-14 1
    outer loop
      vertex 82.58658283817455 -152.40441458856375 -24.983121563314572
      vertex 84.48488441949468 -153.3856794146569 -24.983121563314576
      vertex 83.2059047744874 -152.61478808848463 -24.98312156331457
    endloop
  endfacet
  facet normal 5.530012184809479e-15 -4.2359195750153013e-17 1
    outer loop
      vertex 83.2059047744874 -152.61478808848463 -24.98312156331457
      vertex 84.48488441949468 -153.3856794146569 -24.983121563314576
      vertex 83.84736903889974 -152.74246946639045 -24.983121563314572
    endloop
  endfacet
  facet normal -6.209616465583446e-15 -1.1678052715835692e-14 1
    outer loop
      vertex 83.84736903889974 -152.74246946639045 -24.983121563314572
      vertex 84.48488441949468 -153.3856794146569 -24.983121563314576
      vertex 84.5 -152.7852740585053 -24.98312156331457
    endloop
  endfacet
  facet normal 6.2301571750834914e-15 -1.1991231800610598e-14 1
    outer loop
      vertex 84.5 -152.7852740585053 -24.98312156331457
      vertex 84.48488441949468 -153.3856794146569 -24.983121563314576
      vertex 85.15263096110026 -152.74246946639045 -24.983121563314572
    endloop
  endfacet
  facet normal -5.5952219820379794e-15 2.852512616065438e-16 1
    outer loop
      vertex 84.48488441949468 -153.3856794146569 -24.983121563314576
      vertex 85.7940952255126 -152.61478808848463 -24.98312156331457
      vertex 85.15263096110026 -152.74246946639045 -24.983121563314572
    endloop
  endfacet
  facet normal 2.0957477356618598e-14 -4.4809406990322286e-14 1
    outer loop
      vertex 84.48488441949468 -153.3856794146569 -24.983121563314576
      vertex 86.41341716182545 -152.40441458856375 -24.983121563314572
      vertex 85.7940952255126 -152.61478808848463 -24.98312156331457
    endloop
  endfacet
  facet normal 2.784972302979635e-14 3.61586919494245e-15 1
    outer loop
      vertex 89.5 -147.7818960905755 -24.983121563314572
      vertex 89.45722430686905 -148.43496796496711 -24.98312156331457
      vertex 90.1 -153.3856794146569 -24.98312156331457
    endloop
  endfacet
  facet normal 0 0 1
    outer loop
      vertex 89.32962913144534 -149.0768655985221 -24.98312156331457
      vertex 90.1 -153.3856794146569 -24.98312156331457
      vertex 89.45722430686905 -148.43496796496711 -24.98312156331457
    endloop
  endfacet
  facet normal 0 0 1
    outer loop
      vertex 88.8301270189222 -150.2835850745404 -24.98312156331457
      vertex 90.1 -153.3856794146569 -24.98312156331457
      vertex 89.11939766255644 -149.69660594476275 -24.98312156331457
    endloop
  endfacet
  facet normal 0 0 1
    outer loop
      vertex 89.32962913144534 -149.0768655985221 -24.98312156331457
      vertex 89.11939766255644 -149.69660594476275 -24.98312156331457
      vertex 90.1 -153.3856794146569 -24.98312156331457
    endloop
  endfacet
  facet normal 0 0 1
    outer loop
      vertex 87.5438071450436 -151.75134271417218 -24.98312156331457
      vertex 90.1 -153.3856794146569 -24.98312156331457
      vertex 88.03553390593274 -151.31981858053803 -24.98312156331457
    endloop
  endfacet
  facet normal 0 0 1
    outer loop
      vertex 88.46676670145618 -150.8277596122032 -24.98312156331457
      vertex 88.03553390593274 -151.31981858053803 -24.98312156331457
      vertex 90.1 -153.3856794146569 -24.98312156331457
    endloop
  endfacet
  facet normal 0 0 1
    outer loop
      vertex 88.46676670145618 -150.8277596122032 -24.98312156331457
      vertex 90.1 -153.3856794146569 -24.98312156331457
      vertex 88.8301270189222 -150.2835850745404 -24.98312156331457
    endloop
  endfacet
  facet normal -1.2654107036139705e-15 -1.13356524641143e-15 1
    outer loop
      vertex 84.48488441949468 -153.3856794146569 -24.983121563314576
      vertex 90.1 -153.3856794146569 -24.98312156331457
      vertex 86.41341716182545 -152.40441458856375 -24.983121563314572
    endloop
  endfacet
  facet normal -6.260235833012509e-16 1.2685931944241757e-15 1
    outer loop
      vertex 86.41341716182545 -152.40441458856375 -24.983121563314572
      vertex 90.1 -153.3856794146569 -24.98312156331457
      vertex 87 -152.1149485155381 -24.983121563314572
    endloop
  endfacet
  facet normal -3.193431270264644e-15 -4.994702862282797e-15 1
    outer loop
      vertex 87 -152.1149485155381 -24.983121563314572
      vertex 90.1 -153.3856794146569 -24.98312156331457
      vertex 87.5438071450436 -151.75134271417218 -24.98312156331457
    endloop
  endfacet
  facet normal -1.0438355889718492e-14 -0.0367398846519333 0.9993248625325813
    outer loop
      vertex -89.11939766255644 -145.9262313063981 -23.37709565904723
      vertex -89.32962913144534 -146.54513511526733 -23.39984947554978
      vertex -89.11939766255644 -149.75048199081547 -23.517693110680224
    endloop
  endfacet
  facet normal -4.262015310629561e-16 -0.03673988465193363 0.9993248625325812
    outer loop
      vertex -89.11939766255644 -145.9262313063981 -23.37709565904723
      vertex -88.8301270189222 -150.33666880493823 -23.53924409649356
      vertex -88.8301270189222 -145.34004449227533 -23.355544673233894
    endloop
  endfacet
  facet normal 6.281713435875158e-15 -0.036739884651932724 0.9993248625325813
    outer loop
      vertex -88.46676670145618 -144.79660449181037 -23.335565261452096
      vertex -88.8301270189222 -145.34004449227533 -23.355544673233894
      vertex -88.46676670145618 -150.88010880540318 -23.55922350827536
    endloop
  endfacet
  facet normal -5.576929479047007e-15 -0.036739884651933556 0.9993248625325813
    outer loop
      vertex -88.03553390593274 -144.30520971408126 -23.31749927697676
      vertex -87.5438071450436 -151.8024452372383 -23.59313293591636
      vertex -87.5438071450436 -143.87426805997526 -23.301655833811097
    endloop
  endfacet
  facet normal -4.0306965582449304e-16 -0.03673988465193278 0.9993248625325812
    outer loop
      vertex -88.46676670145618 -144.79660449181037 -23.335565261452096
      vertex -88.03553390593274 -151.3715035831323 -23.577289492750694
      vertex -88.03553390593274 -144.30520971408126 -23.31749927697676
    endloop
  endfacet
  facet normal 1.9368189459956552e-15 -0.03673988465193316 0.9993248625325813
    outer loop
      vertex -87.5438071450436 -143.87426805997526 -23.301655833811097
      vertex -87 -152.16556023653982 -23.606482752067148
      vertex -87 -143.51115306067376 -23.288306017660307
    endloop
  endfacet
  facet normal -1.2244385016895575e-14 -0.03673988465193426 0.9993248625325813
    outer loop
      vertex -89.45722430686905 -147.18616630312076 -23.423416798632623
      vertex -89.5 -147.83835664860678 -23.447394384863728
      vertex -89.45722430686905 -148.49054699409282 -23.471371971094833
    endloop
  endfacet
  facet normal 1.5591581053836433e-14 -0.036739884651932016 0.9993248625325815
    outer loop
      vertex -89.32962913144534 -146.54513511526733 -23.39984947554978
      vertex -89.45722430686905 -147.18616630312076 -23.423416798632623
      vertex -89.32962913144534 -149.13157818194622 -23.494939294177676
    endloop
  endfacet
  facet normal -1.87124201989149e-14 -0.03673988465193426 0.9993248625325813
    outer loop
      vertex -89.45722430686905 -147.18616630312076 -23.423416798632623
      vertex -89.45722430686905 -148.49054699409282 -23.471371971094833
      vertex -89.32962913144534 -149.13157818194622 -23.494939294177676
    endloop
  endfacet
  facet normal 9.326943874315113e-15 -0.03673988465193201 0.9993248625325813
    outer loop
      vertex -89.32962913144534 -146.54513511526733 -23.39984947554978
      vertex -89.32962913144534 -149.13157818194622 -23.494939294177676
      vertex -89.11939766255644 -149.75048199081547 -23.517693110680224
    endloop
  endfacet
  facet normal 4.755583095746566e-15 -0.0367398846519333 0.9993248625325813
    outer loop
      vertex -89.11939766255644 -145.9262313063981 -23.37709565904723
      vertex -89.11939766255644 -149.75048199081547 -23.517693110680224
      vertex -88.8301270189222 -150.33666880493823 -23.53924409649356
    endloop
  endfacet
  facet normal -7.691358773150387e-15 -0.03673988465193364 0.9993248625325813
    outer loop
      vertex -88.8301270189222 -145.34004449227533 -23.355544673233894
      vertex -88.8301270189222 -150.33666880493823 -23.53924409649356
      vertex -88.46676670145618 -150.88010880540318 -23.55922350827536
    endloop
  endfacet
  facet normal 4.293642890318907e-16 -0.036739884651932724 0.9993248625325813
    outer loop
      vertex -88.46676670145618 -144.79660449181037 -23.335565261452096
      vertex -88.46676670145618 -150.88010880540318 -23.55922350827536
      vertex -88.03553390593274 -151.3715035831323 -23.577289492750694
    endloop
  endfacet
  facet normal 6.236790648775357e-15 -0.036739884651932786 0.9993248625325815
    outer loop
      vertex -88.03553390593274 -144.30520971408126 -23.31749927697676
      vertex -88.03553390593274 -151.3715035831323 -23.577289492750694
      vertex -87.5438071450436 -151.8024452372383 -23.59313293591636
    endloop
  endfacet
  facet normal -4.133859106335528e-15 -0.036739884651933556 0.9993248625325813
    outer loop
      vertex -87.5438071450436 -143.87426805997526 -23.301655833811097
      vertex -87.5438071450436 -151.8024452372383 -23.59313293591636
      vertex -87 -152.16556023653982 -23.606482752067148
    endloop
  endfacet
  facet normal -3.397555024388339e-16 -0.03673988465193316 0.9993248625325815
    outer loop
      vertex -87 -143.51115306067376 -23.288306017660307
      vertex -87 -152.16556023653982 -23.606482752067148
      vertex -86.41341716182545 -152.4546355827243 -23.61711052214746
    endloop
  endfacet
  facet normal -0.8968727415326889 -0.4419900845528177 -0.01624963546149596
    outer loop
      vertex -89.11939766255644 -149.75048199081547 -23.517693110680224
      vertex -88.8301270189222 -150.2835850745404 -24.983121563314572
      vertex -88.8301270189222 -150.33666880493823 -23.53924409649356
    endloop
  endfacet
  facet normal -0.8314696123025543 -0.5551951467394945 -0.02041158627718796
    outer loop
      vertex -88.8301270189222 -150.33666880493823 -23.53924409649356
      vertex -88.46676670145618 -150.8277596122032 -24.983121563314576
      vertex -88.46676670145618 -150.88010880540318 -23.55922350827536
    endloop
  endfacet
  facet normal -0.7518398074789656 -0.6589006660363224 -0.024224289192515798
    outer loop
      vertex -88.46676670145618 -150.88010880540318 -23.55922350827536
      vertex -88.03553390593274 -151.31981858053803 -24.983121563314576
      vertex -88.03553390593274 -151.3715035831323 -23.577289492750694
    endloop
  endfacet
  facet normal -0.6593458151000609 -0.7513322122554585 -0.027622507803506925
    outer loop
      vertex -88.03553390593274 -151.3715035831323 -23.577289492750694
      vertex -87.5438071450436 -151.75134271417218 -24.983121563314576
      vertex -87.5438071450436 -151.8024452372383 -23.59313293591636
    endloop
  endfacet
  facet normal -0.5555702330196107 -0.8309082560142542 -0.030548097647574247
    outer loop
      vertex -87.5438071450436 -151.8024452372383 -23.59313293591636
      vertex -87 -152.1149485155381 -24.983121563314576
      vertex -87 -152.16556023653982 -23.606482752067148
    endloop
  endfacet
  facet normal -0.7518398074789656 0.6589006660363227 0.02422428919250689
    outer loop
      vertex -88.46676670145618 -144.79660449181037 -23.335565261452096
      vertex -88.03553390593274 -144.30520971408126 -23.31749927697676
      vertex -88.46676670145618 -144.7360325689478 -24.983121563314576
    endloop
  endfacet
  facet normal -0.4422886902190254 0.8962672291413611 0.0329510010713755
    outer loop
      vertex -87 -143.51115306067376 -23.288306017660307
      vertex -86.41341716182545 -143.22207771448925 -23.277678247579995
      vertex -87 -143.44884366561294 -24.983121563314572
    endloop
  endfacet
  facet normal -0.659345815100061 0.7513322122554584 0.02762250780351373
    outer loop
      vertex -88.03553390593274 -144.30520971408126 -23.31749927697676
      vertex -87.5438071450436 -143.87426805997526 -23.301655833811097
      vertex -88.03553390593274 -144.24397360061295 -24.983121563314572
    endloop
  endfacet
  facet normal -0.5555702330195808 0.8309082560142741 0.03054809764758064
    outer loop
      vertex -87.5438071450436 -143.87426805997526 -23.301655833811097
      vertex -87 -143.51115306067376 -23.288306017660307
      vertex -87.5438071450436 -143.81244946697882 -24.983121563314576
    endloop
  endfacet
  facet normal -0.555570233019591 0.8309082560142671 0.030548097647585145
    outer loop
      vertex -87 -143.51115306067376 -23.288306017660307
      vertex -87 -143.44884366561294 -24.983121563314572
      vertex -87.5438071450436 -143.81244946697882 -24.983121563314576
    endloop
  endfacet
  facet normal -0.6593458151000477 0.7513322122554702 0.02762250780350725
    outer loop
      vertex -87.5438071450436 -143.87426805997526 -23.301655833811097
      vertex -87.5438071450436 -143.81244946697882 -24.983121563314576
      vertex -88.03553390593274 -144.24397360061295 -24.983121563314572
    endloop
  endfacet
  facet normal -0.75183980747898 0.6589006660363059 0.024224289192514955
    outer loop
      vertex -88.03553390593274 -144.30520971408126 -23.31749927697676
      vertex -88.03553390593274 -144.24397360061295 -24.983121563314572
      vertex -88.46676670145618 -144.7360325689478 -24.983121563314576
    endloop
  endfacet
  facet normal -0.8314696123025542 0.5551951467394944 0.020411586277188885
    outer loop
      vertex -88.46676670145618 -144.79660449181037 -23.335565261452096
      vertex -88.8301270189222 -145.2802071066106 -24.983121563314576
      vertex -88.8301270189222 -145.34004449227533 -23.355544673233894
    endloop
  endfacet
  facet normal -0.8968727415326974 0.44199008455280026 0.01624963546150041
    outer loop
      vertex -89.11939766255644 -145.9262313063981 -23.37709565904723
      vertex -88.8301270189222 -145.34004449227533 -23.355544673233894
      vertex -89.11939766255644 -145.86718623638828 -24.983121563314572
    endloop
  endfacet
  facet normal -0.9469301294951021 0.321222449476639 0.011809648877818778
    outer loop
      vertex -89.11939766255644 -145.9262313063981 -23.37709565904723
      vertex -89.32962913144534 -146.4869265826289 -24.983121563314576
      vertex -89.32962913144534 -146.54513511526733 -23.39984947554978
    endloop
  endfacet
  facet normal -0.9807852804032313 0.19495860923019973 0.007167595927581568
    outer loop
      vertex -89.32962913144534 -146.54513511526733 -23.39984947554978
      vertex -89.45722430686905 -147.12882421618392 -24.983121563314572
      vertex -89.45722430686905 -147.18616630312076 -23.423416798632623
    endloop
  endfacet
  facet normal -0.9469301294951015 0.32122244947664114 0.01180964887781798
    outer loop
      vertex -89.11939766255644 -145.9262313063981 -23.37709565904723
      vertex -89.11939766255644 -145.86718623638828 -24.983121563314572
      vertex -89.32962913144534 -146.4869265826289 -24.983121563314576
    endloop
  endfacet
  facet normal -0.8968727415326984 0.44199008455279837 0.016249635461501204
    outer loop
      vertex -88.8301270189222 -145.34004449227533 -23.355544673233894
      vertex -88.8301270189222 -145.2802071066106 -24.983121563314576
      vertex -89.11939766255644 -145.86718623638828 -24.983121563314572
    endloop
  endfacet
  facet normal -0.8314696123025463 0.5551951467395067 0.020411586277183553
    outer loop
      vertex -88.46676670145618 -144.79660449181037 -23.335565261452096
      vertex -88.46676670145618 -144.7360325689478 -24.983121563314576
      vertex -88.8301270189222 -145.2802071066106 -24.983121563314576
    endloop
  endfacet
  facet normal -0.9807852804032313 0.19495860923019975 0.007167595927581581
    outer loop
      vertex -89.32962913144534 -146.54513511526733 -23.39984947554978
      vertex -89.32962913144534 -146.4869265826289 -24.983121563314576
      vertex -89.45722430686905 -147.12882421618392 -24.983121563314572
    endloop
  endfacet
  facet normal -0.9978589232386034 0.06535897312711535 0.0024029034237912387
    outer loop
      vertex -89.45722430686905 -147.18616630312076 -23.423416798632623
      vertex -89.45722430686905 -147.12882421618392 -24.983121563314572
      vertex -89.5 -147.7818960905755 -24.983121563314572
    endloop
  endfacet
  facet normal -0.9978589232386035 0.065358973127115 0.002402903423791373
    outer loop
      vertex -89.45722430686905 -147.18616630312076 -23.423416798632623
      vertex -89.5 -147.7818960905755 -24.983121563314572
      vertex -89.5 -147.83835664860678 -23.447394384863728
    endloop
  endfacet
  facet normal -0.9978589232386036 -0.0653589731271122 -0.0024029034237901957
    outer loop
      vertex -89.5 -147.83835664860678 -23.447394384863728
      vertex -89.45722430686905 -148.43496796496711 -24.983121563314572
      vertex -89.45722430686905 -148.49054699409282 -23.471371971094833
    endloop
  endfacet
  facet normal -0.9807852804032297 -0.19495860923020816 -0.007167595927579014
    outer loop
      vertex -89.45722430686905 -148.49054699409282 -23.471371971094833
      vertex -89.32962913144534 -149.0768655985221 -24.983121563314576
      vertex -89.32962913144534 -149.13157818194622 -23.494939294177676
    endloop
  endfacet
  facet normal -0.9469301294951066 -0.321222449476626 -0.011809648877814508
    outer loop
      vertex -89.32962913144534 -149.13157818194622 -23.494939294177676
      vertex -89.11939766255644 -149.69660594476275 -24.983121563314572
      vertex -89.11939766255644 -149.75048199081547 -23.517693110680224
    endloop
  endfacet
  facet normal -0.9978589232386037 -0.06535897312710968 -0.0024029034237911784
    outer loop
      vertex -89.5 -147.83835664860678 -23.447394384863728
      vertex -89.5 -147.7818960905755 -24.983121563314572
      vertex -89.45722430686905 -148.43496796496711 -24.983121563314572
    endloop
  endfacet
  facet normal -0.9807852804032297 -0.19495860923020797 -0.0071675959275791035
    outer loop
      vertex -89.45722430686905 -148.49054699409282 -23.471371971094833
      vertex -89.45722430686905 -148.43496796496711 -24.983121563314572
      vertex -89.32962913144534 -149.0768655985221 -24.983121563314576
    endloop
  endfacet
  facet normal -0.9469301294951059 -0.32122244947662804 -0.011809648877813644
    outer loop
      vertex -89.32962913144534 -149.13157818194622 -23.494939294177676
      vertex -89.32962913144534 -149.0768655985221 -24.983121563314576
      vertex -89.11939766255644 -149.69660594476275 -24.983121563314572
    endloop
  endfacet
  facet normal -0.8968727415326901 -0.4419900845528156 -0.016249635461496964
    outer loop
      vertex -89.11939766255644 -149.75048199081547 -23.517693110680224
      vertex -89.11939766255644 -149.69660594476275 -24.983121563314572
      vertex -88.8301270189222 -150.2835850745404 -24.983121563314572
    endloop
  endfacet
  facet normal -0.8314696123025463 -0.5551951467395065 -0.020411586277181863
    outer loop
      vertex -88.8301270189222 -150.33666880493823 -23.53924409649356
      vertex -88.8301270189222 -150.2835850745404 -24.983121563314572
      vertex -88.46676670145618 -150.8277596122032 -24.983121563314576
    endloop
  endfacet
  facet normal -0.7518398074789612 -0.6589006660363276 -0.024224289192512818
    outer loop
      vertex -88.46676670145618 -150.88010880540318 -23.55922350827536
      vertex -88.46676670145618 -150.8277596122032 -24.983121563314576
      vertex -88.03553390593274 -151.31981858053803 -24.983121563314576
    endloop
  endfacet
  facet normal -0.6593458151000722 -0.7513322122554483 -0.027622507803513625
    outer loop
      vertex -88.03553390593274 -151.3715035831323 -23.577289492750694
      vertex -88.03553390593274 -151.31981858053803 -24.983121563314576
      vertex -87.5438071450436 -151.75134271417218 -24.983121563314576
    endloop
  endfacet
  facet normal -0.5555702330196209 -0.8309082560142473 -0.03054809764757978
    outer loop
      vertex -87.5438071450436 -151.8024452372383 -23.59313293591636
      vertex -87.5438071450436 -151.75134271417218 -24.983121563314576
      vertex -87 -152.1149485155381 -24.983121563314576
    endloop
  endfacet
  facet normal -0.44228869021897466 -0.8962672291413866 -0.032951001071365206
    outer loop
      vertex -87 -152.16556023653982 -23.606482752067148
      vertex -87 -152.1149485155381 -24.983121563314576
      vertex -86.41341716182545 -152.40441458856375 -24.983121563314572
    endloop
  endfacet
  facet normal 1.477895982228443e-15 -0.03673988465193253 0.9993248625325815
    outer loop
      vertex -86.41341716182545 -143.22207771448925 -23.277678247579995
      vertex -85.70208152801713 -146.63708669086813 -23.40323004818216
      vertex -85.7940952255126 -143.01198818074184 -23.269954367662812
    endloop
  endfacet
  facet normal -1.9896097109308946e-15 -0.03673988465193295 0.9993248625325815
    outer loop
      vertex -85.7940952255126 -143.01198818074184 -23.269954367662812
      vertex -85.15056183502065 -146.2688218110068 -23.389690898187258
      vertex -85.15263096110026 -142.8844791496017 -23.2652665356356
    endloop
  endfacet
  facet normal 9.059709591129946e-16 -0.036739884651932314 0.9993248625325813
    outer loop
      vertex -85.15263096110026 -142.8844791496017 -23.2652665356356
      vertex -84.5 -146.1395043823014 -23.38493658095544
      vertex -84.5 -142.84173233594387 -23.263694961604063
    endloop
  endfacet
  facet normal -9.80819325657782e-16 -0.03673988465193345 0.9993248625325813
    outer loop
      vertex -84.5 -142.84173233594387 -23.263694961604063
      vertex -84.2781054732259 -146.15403829894507 -23.385470916126167
      vertex -83.84736903889974 -142.8844791496017 -23.2652665356356
    endloop
  endfacet
  facet normal -1.45380430978684e-15 -0.03673988465193313 0.9993248625325813
    outer loop
      vertex -86.41341716182545 -143.22207771448925 -23.277678247579995
      vertex -85.8487006784951 -146.80416091529602 -23.409372482903773
      vertex -85.70208152801713 -146.63708669086813 -23.40323004818216
    endloop
  endfacet
  facet normal 4.584889469808114e-15 -0.036739884651932224 0.9993248625325813
    outer loop
      vertex -86.41341716182545 -143.22207771448925 -23.277678247579995
      vertex -86.07059520526919 -147.18823403225582 -23.423492818086117
      vertex -85.97224318643354 -146.9889305154541 -23.416165482909584
    endloop
  endfacet
  facet normal 3.772506123949663e-15 -0.03673988465193231 0.9993248625325813
    outer loop
      vertex -86.41341716182545 -143.22207771448925 -23.277678247579995
      vertex -85.97224318643354 -146.9889305154541 -23.416165482909584
      vertex -85.8487006784951 -146.80416091529602 -23.409372482903773
    endloop
  endfacet
  facet normal -4.0735290112067064e-14 -0.036739884651936144 0.9993248625325812
    outer loop
      vertex -86.41341716182545 -143.22207771448925 -23.277678247579995
      vertex -86.14207390469142 -147.39866132727136 -23.431229115696986
      vertex -86.07059520526919 -147.18823403225582 -23.423492818086117
    endloop
  endfacet
  facet normal 1.5995921280955548e-14 -0.03673988465193246 0.9993248625325813
    outer loop
      vertex -86.41341716182545 -143.22207771448925 -23.277678247579995
      vertex -86.18545626433547 -147.61661193114153 -23.439242005545154
      vertex -86.14207390469142 -147.39866132727136 -23.431229115696986
    endloop
  endfacet
  facet normal 3.1532852593479584e-15 -0.036739884651932724 0.9993248625325813
    outer loop
      vertex -85.7940952255126 -143.01198818074184 -23.269954367662812
      vertex -85.53489442931482 -146.49056652847207 -23.397843277505835
      vertex -85.35 -146.36710742870955 -23.393304340014566
    endloop
  endfacet
  facet normal 8.10457650341443e-15 -0.03673988465193236 0.9993248625325815
    outer loop
      vertex -85.7940952255126 -143.01198818074184 -23.269954367662812
      vertex -85.70208152801713 -146.63708669086813 -23.40323004818216
      vertex -85.53489442931482 -146.49056652847207 -23.397843277505835
    endloop
  endfacet
  facet normal -8.82170486617311e-15 -0.03673988465193432 0.9993248625325812
    outer loop
      vertex -85.7940952255126 -143.01198818074184 -23.269954367662812
      vertex -85.35 -146.36710742870955 -23.393304340014566
      vertex -85.15056183502065 -146.2688218110068 -23.389690898187258
    endloop
  endfacet
  facet normal 2.0685440454802143e-15 -0.036739884651933 0.9993248625325813
    outer loop
      vertex -87 -143.51115306067376 -23.288306017660307
      vertex -86.41341716182545 -152.4546355827243 -23.61711052214746
      vertex -86.41341716182545 -143.22207771448925 -23.277678247579995
    endloop
  endfacet
  facet normal 4.945892800617736e-14 -0.03673988465193072 0.9993248625325815
    outer loop
      vertex -86.41341716182545 -143.22207771448925 -23.277678247579995
      vertex -86.2 -147.83835664860678 -23.447394384863728
      vertex -86.18545626433547 -147.61661193114153 -23.439242005545154
    endloop
  endfacet
  facet normal 8.896023981842743e-15 -0.03673988465193295 0.9993248625325815
    outer loop
      vertex -85.15263096110026 -142.8844791496017 -23.2652665356356
      vertex -85.15056183502065 -146.2688218110068 -23.389690898187258
      vertex -84.93999237667428 -146.1973913695327 -23.387064779015418
    endloop
  endfacet
  facet normal -1.5820063917052623e-14 -0.03673988465193567 0.9993248625325812
    outer loop
      vertex -85.15263096110026 -142.8844791496017 -23.2652665356356
      vertex -84.7218945267741 -146.15403829894507 -23.385470916126167
      vertex -84.5 -146.1395043823014 -23.38493658095544
    endloop
  endfacet
  facet normal 1.0342470242639322e-15 -0.036739884651933445 0.9993248625325813
    outer loop
      vertex -85.15263096110026 -142.8844791496017 -23.2652665356356
      vertex -84.93999237667428 -146.1973913695327 -23.387064779015418
      vertex -84.7218945267741 -146.15403829894507 -23.385470916126167
    endloop
  endfacet
  facet normal 1.608012149967689e-14 -0.036739884651932314 0.9993248625325815
    outer loop
      vertex -84.5 -142.84173233594387 -23.263694961604063
      vertex -84.5 -146.1395043823014 -23.38493658095544
      vertex -84.2781054732259 -146.15403829894507 -23.385470916126167
    endloop
  endfacet
  facet normal -1.046811779963029e-15 -0.036739884651933445 0.9993248625325813
    outer loop
      vertex -83.84736903889974 -142.8844791496017 -23.2652665356356
      vertex -84.2781054732259 -146.15403829894507 -23.385470916126167
      vertex -84.06000762332572 -146.1973913695327 -23.387064779015418
    endloop
  endfacet
  facet normal -8.837722211489727e-15 -0.03673988465193295 0.9993248625325815
    outer loop
      vertex -83.84736903889974 -142.8844791496017 -23.2652665356356
      vertex -84.06000762332572 -146.1973913695327 -23.387064779015418
      vertex -83.84943816497935 -146.2688218110068 -23.389690898187258
    endloop
  endfacet
  facet normal 9.496927774345655e-15 -0.036739884651932966 0.9993248625325813
    outer loop
      vertex -83.84736903889974 -142.8844791496017 -23.2652665356356
      vertex -83.84943816497935 -146.2688218110068 -23.389690898187258
      vertex -83.65 -146.36710742870955 -23.393304340014566
    endloop
  endfacet
  facet normal -3.815059031050455e-15 -0.03673988465193371 0.9993248625325812
    outer loop
      vertex -83.84736903889974 -142.8844791496017 -23.2652665356356
      vertex -83.65 -146.36710742870955 -23.393304340014566
      vertex -83.46510557068518 -146.49056652847207 -23.397843277505835
    endloop
  endfacet
  facet normal 1.9597559959016432e-15 -0.03673988465193311 0.9993248625325815
    outer loop
      vertex -83.84736903889974 -142.8844791496017 -23.2652665356356
      vertex -83.46510557068518 -146.49056652847207 -23.397843277505835
      vertex -83.2059047744874 -143.01198818074184 -23.269954367662812
    endloop
  endfacet
  facet normal -1.4632056579972557e-15 -0.03673988465193249 0.9993248625325815
    outer loop
      vertex -83.2059047744874 -143.01198818074184 -23.269954367662812
      vertex -82.92940479473081 -147.18823403225582 -23.423492818086117
      vertex -82.58658283817455 -143.22207771448925 -23.277678247579995
    endloop
  endfacet
  facet normal -8.103307644847631e-15 -0.03673988465193236 0.9993248625325815
    outer loop
      vertex -83.2059047744874 -143.01198818074184 -23.269954367662812
      vertex -83.46510557068518 -146.49056652847207 -23.397843277505835
      vertex -83.29791847198287 -146.63708669086813 -23.40323004818216
    endloop
  endfacet
  facet normal 1.955036545170911e-15 -0.036739884651932606 0.9993248625325815
    outer loop
      vertex -83.2059047744874 -143.01198818074184 -23.269954367662812
      vertex -83.29791847198287 -146.63708669086813 -23.40323004818216
      vertex -83.1512993215049 -146.80416091529602 -23.409372482903773
    endloop
  endfacet
  facet normal -4.432859983288645e-15 -0.0367398846519327 0.9993248625325815
    outer loop
      vertex -83.2059047744874 -143.01198818074184 -23.269954367662812
      vertex -83.1512993215049 -146.80416091529602 -23.409372482903773
      vertex -83.02775681356646 -146.9889305154541 -23.416165482909584
    endloop
  endfacet
  facet normal -5.468787991922245e-15 -0.036739884651932744 0.9993248625325813
    outer loop
      vertex -83.2059047744874 -143.01198818074184 -23.269954367662812
      vertex -83.02775681356646 -146.9889305154541 -23.416165482909584
      vertex -82.92940479473081 -147.18823403225582 -23.423492818086117
    endloop
  endfacet
  facet normal 4.0962756629119935e-14 -0.03673988465193613 0.9993248625325812
    outer loop
      vertex -82.58658283817455 -143.22207771448925 -23.277678247579995
      vertex -82.92940479473081 -147.18823403225582 -23.423492818086117
      vertex -82.85792609530858 -147.39866132727136 -23.431229115696986
    endloop
  endfacet
  facet normal -1.6004994074081976e-14 -0.036739884651932446 0.9993248625325813
    outer loop
      vertex -82.58658283817455 -143.22207771448925 -23.277678247579995
      vertex -82.85792609530858 -147.39866132727136 -23.431229115696986
      vertex -82.81454373566453 -147.61661193114153 -23.439242005545154
    endloop
  endfacet
  facet normal -4.929715166102296e-14 -0.036739884651930704 0.9993248625325815
    outer loop
      vertex -82.58658283817455 -143.22207771448925 -23.277678247579995
      vertex -82.81454373566453 -147.61661193114153 -23.439242005545154
      vertex -82.8 -147.83835664860678 -23.447394384863728
    endloop
  endfacet
  facet normal -2.1472704414660004e-15 -0.03673988465193316 0.9993248625325815
    outer loop
      vertex -82.58658283817455 -143.22207771448925 -23.277678247579995
      vertex -82 -152.16556023653982 -23.606482752067148
      vertex -82 -143.51115306067376 -23.288306017660307
    endloop
  endfacet
  facet normal -2.202179312007772e-15 -0.036739884651933556 0.9993248625325813
    outer loop
      vertex -82 -143.51115306067376 -23.288306017660307
      vertex -81.4561928549564 -151.8024452372383 -23.59313293591636
      vertex -81.4561928549564 -143.87426805997526 -23.301655833811097
    endloop
  endfacet
  facet normal 6.2571534434250255e-15 -0.036739884651932786 0.9993248625325813
    outer loop
      vertex -81.4561928549564 -143.87426805997526 -23.301655833811097
      vertex -80.96446609406726 -151.3715035831323 -23.577289492750694
      vertex -80.96446609406726 -144.30520971408126 -23.31749927697676
    endloop
  endfacet
  facet normal 4.681855211952705e-16 -0.03673988465193273 0.9993248625325813
    outer loop
      vertex -80.96446609406726 -144.30520971408126 -23.31749927697676
      vertex -80.53323329854382 -150.88010880540318 -23.55922350827536
      vertex -80.53323329854382 -144.79660449181037 -23.335565261452096
    endloop
  endfacet
  facet normal 2.5433384264827857e-17 -0.03673988465193301 0.9993248625325813
    outer loop
      vertex -86.41341716182545 -143.22207771448925 -23.277678247579995
      vertex -86.41341716182545 -152.4546355827243 -23.61711052214746
      vertex -86.2 -147.83835664860678 -23.447394384863728
    endloop
  endfacet
  facet normal -9.146486991863121e-14 -0.03673988465192878 0.9993248625325816
    outer loop
      vertex -86.2 -147.83835664860678 -23.447394384863728
      vertex -86.41341716182545 -152.4546355827243 -23.61711052214746
      vertex -86.18545626433547 -148.06010136607205 -23.4555467641823
    endloop
  endfacet
  facet normal 6.723460586478268e-14 -0.036739884651937005 0.9993248625325813
    outer loop
      vertex -86.18545626433547 -148.06010136607205 -23.4555467641823
      vertex -86.41341716182545 -152.4546355827243 -23.61711052214746
      vertex -86.14207390469142 -148.2780519699422 -23.463559654030473
    endloop
  endfacet
  facet normal 1.236573845508286e-15 -0.03673988465193272 0.9993248625325815
    outer loop
      vertex -86.14207390469142 -148.2780519699422 -23.463559654030473
      vertex -86.41341716182545 -152.4546355827243 -23.61711052214746
      vertex -86.07059520526919 -148.48847926495773 -23.471295951641338
    endloop
  endfacet
  facet normal -7.002246620685206e-15 -0.036739884651933445 0.9993248625325812
    outer loop
      vertex -86.07059520526919 -148.48847926495773 -23.471295951641338
      vertex -85.7940952255126 -152.66472511647174 -23.624834402064646
      vertex -85.97224318643354 -148.68778278175947 -23.47862328681787
    endloop
  endfacet
  facet normal -1.449736063801771e-14 -0.036739884651933785 0.9993248625325813
    outer loop
      vertex -85.97224318643354 -148.68778278175947 -23.47862328681787
      vertex -85.7940952255126 -152.66472511647174 -23.624834402064646
      vertex -85.8487006784951 -148.87255238191756 -23.485416286823682
    endloop
  endfacet
  facet normal 9.397365376984009e-16 -0.036739884651933556 0.9993248625325812
    outer loop
      vertex -85.8487006784951 -148.87255238191756 -23.485416286823682
      vertex -85.7940952255126 -152.66472511647174 -23.624834402064646
      vertex -85.70208152801713 -149.03962660634545 -23.491558721545296
    endloop
  endfacet
  facet normal -8.89843288648942e-15 -0.03673988465193331 0.9993248625325813
    outer loop
      vertex -85.70208152801713 -149.03962660634545 -23.491558721545296
      vertex -85.7940952255126 -152.66472511647174 -23.624834402064646
      vertex -85.53489442931482 -149.1861467687415 -23.49694549222162
    endloop
  endfacet
  facet normal 1.6894936901495506e-14 -0.03673988465193152 0.9993248625325815
    outer loop
      vertex -85.53489442931482 -149.1861467687415 -23.49694549222162
      vertex -85.15263096110026 -152.79223414761188 -23.629522234091855
      vertex -85.35 -149.30960586850404 -23.501484429712892
    endloop
  endfacet
  facet normal -2.896346610241662e-15 -0.03673988465193265 0.9993248625325813
    outer loop
      vertex -85.35 -149.30960586850404 -23.501484429712892
      vertex -85.15263096110026 -152.79223414761188 -23.629522234091855
      vertex -85.15056183502065 -149.40789148620675 -23.505097871540197
    endloop
  endfacet
  facet normal 2.4584135902537535e-15 -0.03673988465193283 0.9993248625325815
    outer loop
      vertex -86.07059520526919 -148.48847926495773 -23.471295951641338
      vertex -86.41341716182545 -152.4546355827243 -23.61711052214746
      vertex -85.7940952255126 -152.66472511647174 -23.624834402064646
    endloop
  endfacet
  facet normal -3.6962572569974735e-15 -0.0367398846519337 0.9993248625325812
    outer loop
      vertex -85.53489442931482 -149.1861467687415 -23.49694549222162
      vertex -85.7940952255126 -152.66472511647174 -23.624834402064646
      vertex -85.15263096110026 -152.79223414761188 -23.629522234091855
    endloop
  endfacet
  facet normal 3.142694350291171e-15 -0.03673988465193265 0.9993248625325815
    outer loop
      vertex -85.15056183502065 -149.40789148620675 -23.505097871540197
      vertex -85.15263096110026 -152.79223414761188 -23.629522234091855
      vertex -84.93999237667428 -149.47932192768087 -23.50772399071204
    endloop
  endfacet
  facet normal -8.095570737299898e-16 -0.0367398846519324 0.9993248625325813
    outer loop
      vertex -84.93999237667428 -149.47932192768087 -23.50772399071204
      vertex -85.15263096110026 -152.79223414761188 -23.629522234091855
      vertex -84.7218945267741 -149.5226749982685 -23.509317853601292
    endloop
  endfacet
  facet normal 4.689317217951623e-15 -0.03673988465193339 0.9993248625325815
    outer loop
      vertex -84.7218945267741 -149.5226749982685 -23.509317853601292
      vertex -84.5 -152.83498096126968 -23.631093808123396
      vertex -84.5 -149.53720891491216 -23.509852188772015
    endloop
  endfacet
  facet normal -3.1414675165703296e-15 -0.03673988465193265 0.9993248625325815
    outer loop
      vertex -84.06000762332572 -149.47932192768087 -23.50772399071204
      vertex -83.84736903889974 -152.79223414761188 -23.629522234091855
      vertex -83.84943816497935 -149.40789148620675 -23.505097871540197
    endloop
  endfacet
  facet normal -4.707034984517722e-15 -0.03673988465193312 0.9993248625325813
    outer loop
      vertex -84.5 -149.53720891491216 -23.509852188772015
      vertex -83.84736903889974 -152.79223414761188 -23.629522234091855
      vertex -84.2781054732259 -149.5226749982685 -23.509317853601292
    endloop
  endfacet
  facet normal 8.096865703111353e-16 -0.03673988465193239 0.9993248625325813
    outer loop
      vertex -84.2781054732259 -149.5226749982685 -23.509317853601292
      vertex -83.84736903889974 -152.79223414761188 -23.629522234091855
      vertex -84.06000762332572 -149.47932192768087 -23.50772399071204
    endloop
  endfacet
  facet normal 6.061118903760311e-15 -0.036739884651933306 0.9993248625325813
    outer loop
      vertex -84.7218945267741 -149.5226749982685 -23.509317853601292
      vertex -85.15263096110026 -152.79223414761188 -23.629522234091855
      vertex -84.5 -152.83498096126968 -23.631093808123396
    endloop
  endfacet
  facet normal -6.0540154641478115e-15 -0.03673988465193339 0.9993248625325813
    outer loop
      vertex -84.5 -149.53720891491216 -23.509852188772015
      vertex -84.5 -152.83498096126968 -23.631093808123396
      vertex -83.84736903889974 -152.79223414761188 -23.629522234091855
    endloop
  endfacet
  facet normal 3.4874239572585216e-15 -0.03673988465193265 0.9993248625325815
    outer loop
      vertex -83.84943816497935 -149.40789148620675 -23.505097871540197
      vertex -83.84736903889974 -152.79223414761188 -23.629522234091855
      vertex -83.2059047744874 -152.66472511647174 -23.624834402064646
    endloop
  endfacet
  facet normal -0.4422886902189904 -0.8962672291413784 -0.03295100107137331
    outer loop
      vertex -87 -152.16556023653982 -23.606482752067148
      vertex -86.41341716182545 -152.40441458856375 -24.983121563314572
      vertex -86.41341716182545 -152.4546355827243 -23.61711052214746
    endloop
  endfacet
  facet normal 2.5433384264827857e-17 -0.03673988465193301 0.9993248625325813
    outer loop
      vertex -82.58658283817455 -143.22207771448925 -23.277678247579995
      vertex -82.8 -147.83835664860678 -23.447394384863728
      vertex -82.58658283817455 -152.4546355827243 -23.61711052214746
    endloop
  endfacet
  facet normal 4.511461503851449e-15 -0.036739884651932224 0.9993248625325813
    outer loop
      vertex -82.92940479473081 -148.48847926495773 -23.471295951641338
      vertex -83.02775681356646 -148.68778278175947 -23.47862328681787
      vertex -82.58658283817455 -152.4546355827243 -23.61711052214746
    endloop
  endfacet
  facet normal 2.838270963564921e-16 -0.036739884651933 0.9993248625325813
    outer loop
      vertex -82.58658283817455 -143.22207771448925 -23.277678247579995
      vertex -82.58658283817455 -152.4546355827243 -23.61711052214746
      vertex -82 -152.16556023653982 -23.606482752067148
    endloop
  endfacet
  facet normal 9.144753692869298e-14 -0.03673988465192878 0.9993248625325816
    outer loop
      vertex -82.8 -147.83835664860678 -23.447394384863728
      vertex -82.81454373566453 -148.06010136607205 -23.4555467641823
      vertex -82.58658283817455 -152.4546355827243 -23.61711052214746
    endloop
  endfacet
  facet normal -6.721545968254613e-14 -0.036739884651937 0.9993248625325812
    outer loop
      vertex -82.81454373566453 -148.06010136607205 -23.4555467641823
      vertex -82.85792609530858 -148.2780519699422 -23.463559654030473
      vertex -82.58658283817455 -152.4546355827243 -23.61711052214746
    endloop
  endfacet
  facet normal -1.2275154592478147e-15 -0.03673988465193272 0.9993248625325815
    outer loop
      vertex -82.85792609530858 -148.2780519699422 -23.463559654030473
      vertex -82.92940479473081 -148.48847926495773 -23.471295951641338
      vertex -82.58658283817455 -152.4546355827243 -23.61711052214746
    endloop
  endfacet
  facet normal 3.815470932659445e-15 -0.03673988465193316 0.9993248625325813
    outer loop
      vertex -82 -143.51115306067376 -23.288306017660307
      vertex -82 -152.16556023653982 -23.606482752067148
      vertex -81.4561928549564 -151.8024452372383 -23.59313293591636
    endloop
  endfacet
  facet normal -5.624939315495784e-15 -0.036739884651933556 0.9993248625325813
    outer loop
      vertex -81.4561928549564 -143.87426805997526 -23.301655833811097
      vertex -81.4561928549564 -151.8024452372383 -23.59313293591636
      vertex -80.96446609406726 -151.3715035831323 -23.577289492750694
    endloop
  endfacet
  facet normal -3.970798895747469e-16 -0.03673988465193278 0.9993248625325812
    outer loop
      vertex -80.96446609406726 -144.30520971408126 -23.31749927697676
      vertex -80.96446609406726 -151.3715035831323 -23.577289492750694
      vertex -80.53323329854382 -150.88010880540318 -23.55922350827536
    endloop
  endfacet
  facet normal -1.4528791266855156e-14 -0.036739884651935055 0.9993248625325812
    outer loop
      vertex -83.65 -149.30960586850404 -23.501484429712892
      vertex -83.2059047744874 -152.66472511647174 -23.624834402064646
      vertex -83.46510557068518 -149.1861467687415 -23.49694549222162
    endloop
  endfacet
  facet normal 2.94938316919011e-15 -0.03673988465193275 0.9993248625325815
    outer loop
      vertex -83.84943816497935 -149.40789148620675 -23.505097871540197
      vertex -83.2059047744874 -152.66472511647174 -23.624834402064646
      vertex -83.65 -149.30960586850404 -23.501484429712892
    endloop
  endfacet
  facet normal 8.900367520768498e-15 -0.03673988465193331 0.9993248625325813
    outer loop
      vertex -83.46510557068518 -149.1861467687415 -23.49694549222162
      vertex -83.2059047744874 -152.66472511647174 -23.624834402064646
      vertex -83.29791847198287 -149.03962660634545 -23.491558721545296
    endloop
  endfacet
  facet normal 1.1013388794473473e-14 -0.03673988465193147 0.9993248625325813
    outer loop
      vertex -83.02775681356646 -148.68778278175947 -23.47862328681787
      vertex -83.1512993215049 -148.87255238191756 -23.485416286823682
      vertex -82.58658283817455 -152.4546355827243 -23.61711052214746
    endloop
  endfacet
  facet normal -1.153371782875393e-15 -0.03673988465193338 0.9993248625325815
    outer loop
      vertex -83.29791847198287 -149.03962660634545 -23.491558721545296
      vertex -82.58658283817455 -152.4546355827243 -23.61711052214746
      vertex -83.1512993215049 -148.87255238191756 -23.485416286823682
    endloop
  endfacet
  facet normal -2.215795861588491e-15 -0.0367398846519336 0.9993248625325812
    outer loop
      vertex -83.29791847198287 -149.03962660634545 -23.491558721545296
      vertex -83.2059047744874 -152.66472511647174 -23.624834402064646
      vertex -82.58658283817455 -152.4546355827243 -23.61711052214746
    endloop
  endfacet
  facet normal 0.4422886902189905 -0.8962672291413788 -0.0329510010713649
    outer loop
      vertex -82.58658283817455 -152.4546355827243 -23.61711052214746
      vertex -82 -152.1149485155381 -24.983121563314576
      vertex -82 -152.16556023653982 -23.606482752067148
    endloop
  endfacet
  facet normal 0.7518398074789656 -0.6589006660363225 -0.02422428919251263
    outer loop
      vertex -80.53323329854382 -150.88010880540318 -23.55922350827536
      vertex -80.96446609406726 -151.3715035831323 -23.577289492750694
      vertex -80.53323329854382 -150.8277596122032 -24.983121563314576
    endloop
  endfacet
  facet normal 0.5555702330196108 -0.8309082560142541 -0.030548097647580093
    outer loop
      vertex -82 -152.16556023653982 -23.606482752067148
      vertex -81.4561928549564 -151.75134271417218 -24.983121563314572
      vertex -81.4561928549564 -151.8024452372383 -23.59313293591636
    endloop
  endfacet
  facet normal 0.659345815100061 -0.7513322122554583 -0.027622507803513986
    outer loop
      vertex -81.4561928549564 -151.8024452372383 -23.59313293591636
      vertex -80.96446609406726 -151.31981858053803 -24.983121563314576
      vertex -80.96446609406726 -151.3715035831323 -23.577289492750694
    endloop
  endfacet
  facet normal -7.649941815621876e-15 -0.03673988465193364 0.9993248625325813
    outer loop
      vertex -80.53323329854382 -144.79660449181037 -23.335565261452096
      vertex -80.1698729810778 -150.33666880493823 -23.53924409649356
      vertex -80.1698729810778 -145.34004449227533 -23.355544673233894
    endloop
  endfacet
  facet normal 1.1101752442853446e-15 -0.0367398846519333 0.9993248625325813
    outer loop
      vertex -80.1698729810778 -145.34004449227533 -23.355544673233894
      vertex -79.88060233744356 -149.75048199081547 -23.517693110680224
      vertex -79.88060233744356 -145.9262313063981 -23.37709565904723
    endloop
  endfacet
  facet normal 1.4257223975780915e-14 -0.03673988465193201 0.9993248625325813
    outer loop
      vertex -79.88060233744356 -145.9262313063981 -23.37709565904723
      vertex -79.67037086855466 -149.13157818194622 -23.494939294177676
      vertex -79.67037086855466 -146.54513511526733 -23.39984947554978
    endloop
  endfacet
  facet normal -2.6900381799285196e-14 -0.036739884651934264 0.9993248625325813
    outer loop
      vertex -79.67037086855466 -146.54513511526733 -23.39984947554978
      vertex -79.54277569313095 -148.49054699409282 -23.471371971094833
      vertex -79.54277569313095 -147.18616630312076 -23.423416798632623
    endloop
  endfacet
  facet normal 6.238492104634709e-15 -0.036739884651932724 0.9993248625325813
    outer loop
      vertex -80.53323329854382 -144.79660449181037 -23.335565261452096
      vertex -80.53323329854382 -150.88010880540318 -23.55922350827536
      vertex -80.1698729810778 -150.33666880493823 -23.53924409649356
    endloop
  endfacet
  facet normal -5.464835765702553e-15 -0.0367398846519333 0.9993248625325813
    outer loop
      vertex -79.88060233744356 -145.9262313063981 -23.37709565904723
      vertex -79.88060233744356 -149.75048199081547 -23.517693110680224
      vertex -79.67037086855466 -149.13157818194622 -23.494939294177676
    endloop
  endfacet
  facet normal -4.02051672496996e-15 -0.03673988465193363 0.9993248625325812
    outer loop
      vertex -80.1698729810778 -145.34004449227533 -23.355544673233894
      vertex -80.1698729810778 -150.33666880493823 -23.53924409649356
      vertex -79.88060233744356 -149.75048199081547 -23.517693110680224
    endloop
  endfacet
  facet normal 7.402423084117409e-15 -0.036739884651932016 0.9993248625325815
    outer loop
      vertex -79.67037086855466 -146.54513511526733 -23.39984947554978
      vertex -79.67037086855466 -149.13157818194622 -23.494939294177676
      vertex -79.54277569313095 -148.49054699409282 -23.471371971094833
    endloop
  endfacet
  facet normal 1.2264823452445315e-14 -0.03673988465193426 0.9993248625325813
    outer loop
      vertex -79.54277569313095 -147.18616630312076 -23.423416798632623
      vertex -79.54277569313095 -148.49054699409282 -23.471371971094833
      vertex -79.5 -147.83835664860678 -23.447394384863728
    endloop
  endfacet
  facet normal 0.8314696123025543 -0.5551951467394948 -0.020411586277181443
    outer loop
      vertex -80.53323329854382 -150.88010880540318 -23.55922350827536
      vertex -80.1698729810778 -150.2835850745404 -24.983121563314572
      vertex -80.1698729810778 -150.33666880493823 -23.53924409649356
    endloop
  endfacet
  facet normal -0.32143946530313044 0.9462908214856667 0.03479010373108561
    outer loop
      vertex -86.41341716182545 -143.22207771448925 -23.277678247579995
      vertex -85.7940952255126 -143.01198818074184 -23.269954367662812
      vertex -86.41341716182545 -143.15937759258725 -24.983121563314572
    endloop
  endfacet
  facet normal -0.19509032201615017 0.9801231155129331 0.03603393807033195
    outer loop
      vertex -85.7940952255126 -143.01198818074184 -23.269954367662812
      vertex -85.15263096110026 -142.8844791496017 -23.2652665356356
      vertex -85.7940952255126 -142.9490040926664 -24.983121563314576
    endloop
  endfacet
  facet normal -0.06540312923015519 0.9971852312923261 0.03666122173869346
    outer loop
      vertex -85.15263096110026 -142.8844791496017 -23.2652665356356
      vertex -84.5 -142.84173233594387 -23.263694961604063
      vertex -85.15263096110026 -142.82132271476056 -24.983121563314572
    endloop
  endfacet
  facet normal 0.0654031292301552 0.9971852312923264 0.03666122173868882
    outer loop
      vertex -84.5 -142.84173233594387 -23.263694961604063
      vertex -83.84736903889974 -142.8844791496017 -23.2652665356356
      vertex -84.5 -142.7785181226457 -24.983121563314576
    endloop
  endfacet
  facet normal 0.1950903220161502 0.9801231155129331 0.03603393807033334
    outer loop
      vertex -83.84736903889974 -142.8844791496017 -23.2652665356356
      vertex -83.2059047744874 -143.01198818074184 -23.269954367662812
      vertex -83.84736903889974 -142.82132271476056 -24.983121563314572
    endloop
  endfacet
  facet normal -0.44228869021900974 0.8962672291413691 0.032951001071369064
    outer loop
      vertex -87 -143.44884366561294 -24.983121563314572
      vertex -86.41341716182545 -143.22207771448925 -23.277678247579995
      vertex -86.41341716182545 -143.15937759258725 -24.983121563314572
    endloop
  endfacet
  facet normal -0.32143946530315143 0.9462908214856594 0.03479010373109382
    outer loop
      vertex -85.7940952255126 -143.01198818074184 -23.269954367662812
      vertex -85.7940952255126 -142.9490040926664 -24.983121563314576
      vertex -86.41341716182545 -143.15937759258725 -24.983121563314572
    endloop
  endfacet
  facet normal -0.19509032201615378 0.9801231155129324 0.03603393807033332
    outer loop
      vertex -85.15263096110026 -142.8844791496017 -23.2652665356356
      vertex -85.15263096110026 -142.82132271476056 -24.983121563314572
      vertex -85.7940952255126 -142.9490040926664 -24.983121563314576
    endloop
  endfacet
  facet normal -0.065403129230143 0.9971852312923272 0.03666122173868885
    outer loop
      vertex -84.5 -142.84173233594387 -23.263694961604063
      vertex -84.5 -142.7785181226457 -24.983121563314576
      vertex -85.15263096110026 -142.82132271476056 -24.983121563314572
    endloop
  endfacet
  facet normal 0.06540312923014298 0.9971852312923268 0.03666122173869349
    outer loop
      vertex -83.84736903889974 -142.8844791496017 -23.2652665356356
      vertex -83.84736903889974 -142.82132271476056 -24.983121563314572
      vertex -84.5 -142.7785181226457 -24.983121563314576
    endloop
  endfacet
  facet normal 0.3214394653031305 0.9462908214856665 0.034790103731094084
    outer loop
      vertex -83.2059047744874 -143.01198818074184 -23.269954367662812
      vertex -82.58658283817455 -143.22207771448925 -23.277678247579995
      vertex -83.2059047744874 -142.9490040926664 -24.983121563314576
    endloop
  endfacet
  facet normal 0.44228869021902545 0.8962672291413615 0.03295100107136878
    outer loop
      vertex -82.58658283817455 -143.22207771448925 -23.277678247579995
      vertex -82 -143.51115306067376 -23.288306017660307
      vertex -82.58658283817455 -143.15937759258725 -24.983121563314572
    endloop
  endfacet
  facet normal 0.5555702330195809 0.830908256014274 0.030548097647585332
    outer loop
      vertex -82 -143.51115306067376 -23.288306017660307
      vertex -81.4561928549564 -143.87426805997526 -23.301655833811097
      vertex -82 -143.44884366561294 -24.983121563314576
    endloop
  endfacet
  facet normal 0.6593458151000609 0.7513322122554585 0.02762250780350682
    outer loop
      vertex -81.4561928549564 -143.87426805997526 -23.301655833811097
      vertex -80.96446609406726 -144.30520971408126 -23.31749927697676
      vertex -81.4561928549564 -143.81244946697882 -24.983121563314576
    endloop
  endfacet
  facet normal 0.7518398074789656 0.6589006660363225 0.024224289192515562
    outer loop
      vertex -80.96446609406726 -144.30520971408126 -23.31749927697676
      vertex -80.53323329854382 -144.79660449181037 -23.335565261452096
      vertex -80.96446609406726 -144.24397360061295 -24.983121563314572
    endloop
  endfacet
  facet normal 0.19509032201615373 0.9801231155129323 0.03603393807033192
    outer loop
      vertex -83.2059047744874 -143.01198818074184 -23.269954367662812
      vertex -83.2059047744874 -142.9490040926664 -24.983121563314576
      vertex -83.84736903889974 -142.82132271476056 -24.983121563314572
    endloop
  endfacet
  facet normal 0.3214394653031515 0.9462908214856597 0.034790103731085355
    outer loop
      vertex -82.58658283817455 -143.22207771448925 -23.277678247579995
      vertex -82.58658283817455 -143.15937759258725 -24.983121563314572
      vertex -83.2059047744874 -142.9490040926664 -24.983121563314576
    endloop
  endfacet
  facet normal 0.44228869021900974 0.8962672291413688 0.03295100107137571
    outer loop
      vertex -82 -143.51115306067376 -23.288306017660307
      vertex -82 -143.44884366561294 -24.983121563314576
      vertex -82.58658283817455 -143.15937759258725 -24.983121563314572
    endloop
  endfacet
  facet normal 0.6593458151000475 0.75133221225547 0.027622507803514156
    outer loop
      vertex -80.96446609406726 -144.30520971408126 -23.31749927697676
      vertex -80.96446609406726 -144.24397360061295 -24.983121563314572
      vertex -81.4561928549564 -143.81244946697882 -24.983121563314576
    endloop
  endfacet
  facet normal 0.7518398074789802 0.6589006660363061 0.024224289192506333
    outer loop
      vertex -80.53323329854382 -144.79660449181037 -23.335565261452096
      vertex -80.53323329854382 -144.7360325689478 -24.983121563314572
      vertex -80.96446609406726 -144.24397360061295 -24.983121563314572
    endloop
  endfacet
  facet normal 0.555570233019591 0.8309082560142674 0.030548097647580395
    outer loop
      vertex -81.4561928549564 -143.87426805997526 -23.301655833811097
      vertex -81.4561928549564 -143.81244946697882 -24.983121563314576
      vertex -82 -143.44884366561294 -24.983121563314576
    endloop
  endfacet
  facet normal 0.44228869021897455 -0.8962672291413863 -0.0329510010713736
    outer loop
      vertex -82.58658283817455 -152.4546355827243 -23.61711052214746
      vertex -82.58658283817455 -152.40441458856375 -24.983121563314572
      vertex -82 -152.1149485155381 -24.983121563314576
    endloop
  endfacet
  facet normal 0.5555702330196212 -0.8309082560142474 -0.030548097647573998
    outer loop
      vertex -82 -152.16556023653982 -23.606482752067148
      vertex -82 -152.1149485155381 -24.983121563314576
      vertex -81.4561928549564 -151.75134271417218 -24.983121563314572
    endloop
  endfacet
  facet normal 0.6593458151000723 -0.7513322122554487 -0.027622507803506644
    outer loop
      vertex -81.4561928549564 -151.8024452372383 -23.59313293591636
      vertex -81.4561928549564 -151.75134271417218 -24.983121563314572
      vertex -80.96446609406726 -151.31981858053803 -24.983121563314576
    endloop
  endfacet
  facet normal 0.7518398074789611 -0.6589006660363276 -0.024224289192516
    outer loop
      vertex -80.53323329854382 -150.8277596122032 -24.983121563314576
      vertex -80.96446609406726 -151.3715035831323 -23.577289492750694
      vertex -80.96446609406726 -151.31981858053803 -24.983121563314576
    endloop
  endfacet
  facet normal 0.8314696123025542 0.5551951467394947 0.020411586277183157
    outer loop
      vertex -80.53323329854382 -144.79660449181037 -23.335565261452096
      vertex -80.1698729810778 -145.34004449227533 -23.355544673233894
      vertex -80.53323329854382 -144.7360325689478 -24.983121563314572
    endloop
  endfacet
  facet normal 0.8968727415326976 0.44199008455280026 0.016249635461501273
    outer loop
      vertex -80.1698729810778 -145.34004449227533 -23.355544673233894
      vertex -79.88060233744356 -145.9262313063981 -23.37709565904723
      vertex -80.1698729810778 -145.2802071066106 -24.983121563314576
    endloop
  endfacet
  facet normal 0.9469301294951021 0.3212224494766391 0.011809648877817906
    outer loop
      vertex -79.88060233744356 -145.9262313063981 -23.37709565904723
      vertex -79.67037086855466 -146.54513511526733 -23.39984947554978
      vertex -79.88060233744356 -145.86718623638828 -24.983121563314572
    endloop
  endfacet
  facet normal 0.9807852804032313 0.19495860923019978 0.007167595927581597
    outer loop
      vertex -79.67037086855466 -146.54513511526733 -23.39984947554978
      vertex -79.54277569313095 -147.18616630312076 -23.423416798632623
      vertex -79.67037086855466 -146.4869265826289 -24.983121563314572
    endloop
  endfacet
  facet normal 0.9978589232386034 0.065358973127115 0.002402903423791226
    outer loop
      vertex -79.54277569313095 -147.18616630312076 -23.423416798632623
      vertex -79.5 -147.83835664860678 -23.447394384863728
      vertex -79.54277569313095 -147.12882421618392 -24.983121563314572
    endloop
  endfacet
  facet normal 0.8314696123025462 0.5551951467395064 0.020411586277189333
    outer loop
      vertex -80.53323329854382 -144.7360325689478 -24.983121563314572
      vertex -80.1698729810778 -145.34004449227533 -23.355544673233894
      vertex -80.1698729810778 -145.2802071066106 -24.983121563314576
    endloop
  endfacet
  facet normal 0.8968727415326984 0.44199008455279837 0.016249635461500343
    outer loop
      vertex -79.88060233744356 -145.9262313063981 -23.37709565904723
      vertex -79.88060233744356 -145.86718623638828 -24.983121563314572
      vertex -80.1698729810778 -145.2802071066106 -24.983121563314576
    endloop
  endfacet
  facet normal 0.9469301294951015 0.3212224494766412 0.01180964887781888
    outer loop
      vertex -79.67037086855466 -146.54513511526733 -23.39984947554978
      vertex -79.67037086855466 -146.4869265826289 -24.983121563314572
      vertex -79.88060233744356 -145.86718623638828 -24.983121563314572
    endloop
  endfacet
  facet normal 0.9807852804032315 0.19495860923019973 0.007167595927581568
    outer loop
      vertex -79.54277569313095 -147.18616630312076 -23.423416798632623
      vertex -79.54277569313095 -147.12882421618392 -24.983121563314572
      vertex -79.67037086855466 -146.4869265826289 -24.983121563314572
    endloop
  endfacet
  facet normal 0.9978589232386036 -0.06535897312711215 -0.0024029034237912643
    outer loop
      vertex -79.5 -147.83835664860678 -23.447394384863728
      vertex -79.54277569313095 -148.49054699409282 -23.471371971094833
      vertex -79.5 -147.7818960905755 -24.983121563314576
    endloop
  endfacet
  facet normal 0.9807852804032297 -0.1949586092302082 -0.007167595927579111
    outer loop
      vertex -79.54277569313095 -148.49054699409282 -23.471371971094833
      vertex -79.67037086855466 -149.13157818194622 -23.494939294177676
      vertex -79.54277569313095 -148.43496796496711 -24.983121563314572
    endloop
  endfacet
  facet normal 0.9469301294951066 -0.32122244947662604 -0.011809648877813576
    outer loop
      vertex -79.88060233744356 -149.75048199081547 -23.517693110680224
      vertex -79.67037086855466 -149.0768655985221 -24.983121563314576
      vertex -79.67037086855466 -149.13157818194622 -23.494939294177676
    endloop
  endfacet
  facet normal 0.9978589232386035 0.06535897312711533 0.002402903423791381
    outer loop
      vertex -79.5 -147.83835664860678 -23.447394384863728
      vertex -79.5 -147.7818960905755 -24.983121563314576
      vertex -79.54277569313095 -147.12882421618392 -24.983121563314572
    endloop
  endfacet
  facet normal 0.9978589232386038 -0.0653589731271097 -0.0024029034237901033
    outer loop
      vertex -79.54277569313095 -148.49054699409282 -23.471371971094833
      vertex -79.54277569313095 -148.43496796496711 -24.983121563314572
      vertex -79.5 -147.7818960905755 -24.983121563314576
    endloop
  endfacet
  facet normal 0.9469301294951058 -0.321222449476628 -0.011809648877814582
    outer loop
      vertex -79.88060233744356 -149.75048199081547 -23.517693110680224
      vertex -79.88060233744356 -149.69660594476275 -24.983121563314572
      vertex -79.67037086855466 -149.0768655985221 -24.983121563314576
    endloop
  endfacet
  facet normal 0.9807852804032298 -0.19495860923020794 -0.007167595927579011
    outer loop
      vertex -79.67037086855466 -149.13157818194622 -23.494939294177676
      vertex -79.67037086855466 -149.0768655985221 -24.983121563314576
      vertex -79.54277569313095 -148.43496796496711 -24.983121563314572
    endloop
  endfacet
  facet normal 0.896872741532689 -0.4419900845528177 -0.01624963546149704
    outer loop
      vertex -80.1698729810778 -150.33666880493823 -23.53924409649356
      vertex -79.88060233744356 -149.69660594476275 -24.983121563314572
      vertex -79.88060233744356 -149.75048199081547 -23.517693110680224
    endloop
  endfacet
  facet normal 0.89687274153269 -0.4419900845528156 -0.016249635461495895
    outer loop
      vertex -80.1698729810778 -150.33666880493823 -23.53924409649356
      vertex -80.1698729810778 -150.2835850745404 -24.983121563314572
      vertex -79.88060233744356 -149.69660594476275 -24.983121563314572
    endloop
  endfacet
  facet normal 0.8314696123025465 -0.5551951467395064 -0.02041158627718839
    outer loop
      vertex -80.53323329854382 -150.88010880540318 -23.55922350827536
      vertex -80.53323329854382 -150.8277596122032 -24.983121563314576
      vertex -80.1698729810778 -150.2835850745404 -24.983121563314572
    endloop
  endfacet
  facet normal -0.3214394653031696 -0.9462908214856538 -0.0347901037310786
    outer loop
      vertex -86.41341716182545 -152.4546355827243 -23.61711052214746
      vertex -85.7940952255126 -152.61478808848463 -24.983121563314572
      vertex -85.7940952255126 -152.66472511647174 -23.624834402064646
    endloop
  endfacet
  facet normal -0.19509032201614998 -0.980123115512933 -0.03603393807033515
    outer loop
      vertex -85.7940952255126 -152.66472511647174 -23.624834402064646
      vertex -85.15263096110026 -152.74246946639045 -24.983121563314572
      vertex -85.15263096110026 -152.79223414761188 -23.629522234091855
    endloop
  endfacet
  facet normal -0.06540312923011217 -0.9971852312923294 -0.036661221738680305
    outer loop
      vertex -85.15263096110026 -152.79223414761188 -23.629522234091855
      vertex -84.5 -152.7852740585053 -24.983121563314576
      vertex -84.5 -152.83498096126968 -23.631093808123396
    endloop
  endfacet
  facet normal 0.06540312923011217 -0.9971852312923289 -0.03666122173869542
    outer loop
      vertex -84.5 -152.83498096126968 -23.631093808123396
      vertex -83.84736903889974 -152.74246946639045 -24.983121563314572
      vertex -83.84736903889974 -152.79223414761188 -23.629522234091855
    endloop
  endfacet
  facet normal 0.19509032201614998 -0.9801231155129337 -0.036033938070316414
    outer loop
      vertex -83.84736903889974 -152.79223414761188 -23.629522234091855
      vertex -83.2059047744874 -152.61478808848463 -24.983121563314572
      vertex -83.2059047744874 -152.66472511647174 -23.624834402064646
    endloop
  endfacet
  facet normal 0.3214394653031695 -0.9462908214856532 -0.03479010373108925
    outer loop
      vertex -83.2059047744874 -152.66472511647174 -23.624834402064646
      vertex -82.58658283817455 -152.40441458856375 -24.983121563314572
      vertex -82.58658283817455 -152.4546355827243 -23.61711052214746
    endloop
  endfacet
  facet normal -0.19509032201611193 -0.9801231155129413 -0.036033938070316705
    outer loop
      vertex -85.7940952255126 -152.66472511647174 -23.624834402064646
      vertex -85.7940952255126 -152.61478808848463 -24.983121563314572
      vertex -85.15263096110026 -152.74246946639045 -24.983121563314572
    endloop
  endfacet
  facet normal -0.06540312923014338 -0.9971852312923268 -0.03666122173869534
    outer loop
      vertex -85.15263096110026 -152.79223414761188 -23.629522234091855
      vertex -85.15263096110026 -152.74246946639045 -24.983121563314572
      vertex -84.5 -152.7852740585053 -24.983121563314576
    endloop
  endfacet
  facet normal 0.06540312923014344 -0.9971852312923274 -0.03666122173868023
    outer loop
      vertex -84.5 -152.83498096126968 -23.631093808123396
      vertex -84.5 -152.7852740585053 -24.983121563314576
      vertex -83.84736903889974 -152.74246946639045 -24.983121563314572
    endloop
  endfacet
  facet normal 0.19509032201611176 -0.9801231155129406 -0.036033938070335426
    outer loop
      vertex -83.84736903889974 -152.79223414761188 -23.629522234091855
      vertex -83.84736903889974 -152.74246946639045 -24.983121563314572
      vertex -83.2059047744874 -152.61478808848463 -24.983121563314572
    endloop
  endfacet
  facet normal -0.3214394653031906 -0.9462908214856461 -0.03479010373108899
    outer loop
      vertex -86.41341716182545 -152.4546355827243 -23.61711052214746
      vertex -86.41341716182545 -152.40441458856375 -24.983121563314572
      vertex -85.7940952255126 -152.61478808848463 -24.983121563314572
    endloop
  endfacet
  facet normal 0.3214394653031907 -0.9462908214856466 -0.03479010373107833
    outer loop
      vertex -83.2059047744874 -152.66472511647174 -23.624834402064646
      vertex -83.2059047744874 -152.61478808848463 -24.983121563314572
      vertex -82.58658283817455 -152.40441458856375 -24.983121563314572
    endloop
  endfacet
  facet normal -1.044637734395416e-14 -0.0367398846519333 0.9993248625325813
    outer loop
      vertex 79.67037086855466 -146.54513511526733 -23.39984947554978
      vertex 79.88060233744356 -149.75048199081547 -23.517693110680224
      vertex 79.88060233744356 -145.9262313063981 -23.37709565904723
    endloop
  endfacet
  facet normal -4.262015310629561e-16 -0.03673988465193363 0.9993248625325812
    outer loop
      vertex 79.88060233744356 -145.9262313063981 -23.37709565904723
      vertex 80.1698729810778 -150.33666880493823 -23.53924409649356
      vertex 80.1698729810778 -145.34004449227533 -23.355544673233894
    endloop
  endfacet
  facet normal 6.2832018021235675e-15 -0.03673988465193273 0.9993248625325813
    outer loop
      vertex 80.1698729810778 -145.34004449227533 -23.355544673233894
      vertex 80.53323329854382 -150.88010880540318 -23.55922350827536
      vertex 80.53323329854382 -144.79660449181037 -23.335565261452096
    endloop
  endfacet
  facet normal 1.5591581053836433e-14 -0.036739884651932016 0.9993248625325815
    outer loop
      vertex 79.67037086855466 -146.54513511526733 -23.39984947554978
      vertex 79.54277569313095 -147.18616630312076 -23.423416798632623
      vertex 79.67037086855466 -149.13157818194622 -23.494939294177676
    endloop
  endfacet
  facet normal -1.2244385016895575e-14 -0.03673988465193426 0.9993248625325813
    outer loop
      vertex 79.54277569313095 -147.18616630312076 -23.423416798632623
      vertex 79.5 -147.83835664860678 -23.447394384863728
      vertex 79.54277569313095 -148.49054699409282 -23.471371971094833
    endloop
  endfacet
  facet normal -1.87124201989149e-14 -0.03673988465193426 0.9993248625325813
    outer loop
      vertex 79.54277569313095 -147.18616630312076 -23.423416798632623
      vertex 79.54277569313095 -148.49054699409282 -23.471371971094833
      vertex 79.67037086855466 -149.13157818194622 -23.494939294177676
    endloop
  endfacet
  facet normal 9.326943874315113e-15 -0.03673988465193201 0.9993248625325813
    outer loop
      vertex 79.67037086855466 -146.54513511526733 -23.39984947554978
      vertex 79.67037086855466 -149.13157818194622 -23.494939294177676
      vertex 79.88060233744356 -149.75048199081547 -23.517693110680224
    endloop
  endfacet
  facet normal 4.755583095746566e-15 -0.0367398846519333 0.9993248625325813
    outer loop
      vertex 79.88060233744356 -145.9262313063981 -23.37709565904723
      vertex 79.88060233744356 -149.75048199081547 -23.517693110680224
      vertex 80.1698729810778 -150.33666880493823 -23.53924409649356
    endloop
  endfacet
  facet normal -7.691358773150387e-15 -0.03673988465193364 0.9993248625325813
    outer loop
      vertex 80.1698729810778 -145.34004449227533 -23.355544673233894
      vertex 80.1698729810778 -150.33666880493823 -23.53924409649356
      vertex 80.53323329854382 -150.88010880540318 -23.55922350827536
    endloop
  endfacet
  facet normal -0.896872741532689 -0.4419900845528177 -0.016249635461496003
    outer loop
      vertex 79.88060233744356 -149.75048199081547 -23.517693110680224
      vertex 80.1698729810778 -150.2835850745404 -24.98312156331457
      vertex 80.1698729810778 -150.33666880493823 -23.53924409649356
    endloop
  endfacet
  facet normal -0.8314696123025543 -0.5551951467394944 -0.020411586277188056
    outer loop
      vertex 80.1698729810778 -150.33666880493823 -23.53924409649356
      vertex 80.53323329854382 -150.8277596122032 -24.98312156331457
      vertex 80.53323329854382 -150.88010880540318 -23.55922350827536
    endloop
  endfacet
  facet normal 1.477895982228443e-15 -0.03673988465193253 0.9993248625325815
    outer loop
      vertex 82.58658283817455 -143.22207771448925 -23.277678247579995
      vertex 83.29791847198287 -146.63708669086813 -23.40323004818216
      vertex 83.2059047744874 -143.01198818074184 -23.269954367662812
    endloop
  endfacet
  facet normal -5.576929479047007e-15 -0.036739884651933556 0.9993248625325813
    outer loop
      vertex 80.96446609406726 -144.30520971408126 -23.31749927697676
      vertex 81.4561928549564 -151.8024452372383 -23.59313293591636
      vertex 81.4561928549564 -143.87426805997526 -23.301655833811097
    endloop
  endfacet
  facet normal -4.0306965582449304e-16 -0.03673988465193278 0.9993248625325812
    outer loop
      vertex 80.53323329854382 -144.79660449181037 -23.335565261452096
      vertex 80.96446609406726 -151.3715035831323 -23.577289492750694
      vertex 80.96446609406726 -144.30520971408126 -23.31749927697676
    endloop
  endfacet
  facet normal 1.936304113167475e-15 -0.03673988465193316 0.9993248625325813
    outer loop
      vertex 82 -143.51115306067376 -23.288306017660307
      vertex 81.4561928549564 -143.87426805997526 -23.301655833811097
      vertex 82 -152.16556023653982 -23.606482752067148
    endloop
  endfacet
  facet normal -4.0735290112067064e-14 -0.036739884651936144 0.9993248625325812
    outer loop
      vertex 82.58658283817455 -143.22207771448925 -23.277678247579995
      vertex 82.85792609530858 -147.39866132727136 -23.431229115696986
      vertex 82.92940479473081 -147.18823403225582 -23.423492818086117
    endloop
  endfacet
  facet normal 1.5995921280955548e-14 -0.03673988465193246 0.9993248625325813
    outer loop
      vertex 82.58658283817455 -143.22207771448925 -23.277678247579995
      vertex 82.81454373566453 -147.61661193114153 -23.439242005545154
      vertex 82.85792609530858 -147.39866132727136 -23.431229115696986
    endloop
  endfacet
  facet normal -1.45380430978684e-15 -0.03673988465193313 0.9993248625325813
    outer loop
      vertex 82.58658283817455 -143.22207771448925 -23.277678247579995
      vertex 83.1512993215049 -146.80416091529602 -23.409372482903773
      vertex 83.29791847198287 -146.63708669086813 -23.40323004818216
    endloop
  endfacet
  facet normal -8.82170486617311e-15 -0.03673988465193432 0.9993248625325812
    outer loop
      vertex 83.2059047744874 -143.01198818074184 -23.269954367662812
      vertex 83.65 -146.36710742870955 -23.393304340014566
      vertex 83.84943816497935 -146.2688218110068 -23.389690898187258
    endloop
  endfacet
  facet normal 8.10457650341443e-15 -0.03673988465193236 0.9993248625325815
    outer loop
      vertex 83.2059047744874 -143.01198818074184 -23.269954367662812
      vertex 83.29791847198287 -146.63708669086813 -23.40323004818216
      vertex 83.46510557068518 -146.49056652847207 -23.397843277505835
    endloop
  endfacet
  facet normal 3.1532852593479584e-15 -0.036739884651932724 0.9993248625325813
    outer loop
      vertex 83.2059047744874 -143.01198818074184 -23.269954367662812
      vertex 83.46510557068518 -146.49056652847207 -23.397843277505835
      vertex 83.65 -146.36710742870955 -23.393304340014566
    endloop
  endfacet
  facet normal 3.772506123949663e-15 -0.03673988465193231 0.9993248625325813
    outer loop
      vertex 82.58658283817455 -143.22207771448925 -23.277678247579995
      vertex 83.02775681356646 -146.9889305154541 -23.416165482909584
      vertex 83.1512993215049 -146.80416091529602 -23.409372482903773
    endloop
  endfacet
  facet normal 4.584889469808114e-15 -0.036739884651932224 0.9993248625325813
    outer loop
      vertex 82.58658283817455 -143.22207771448925 -23.277678247579995
      vertex 82.92940479473081 -147.18823403225582 -23.423492818086117
      vertex 83.02775681356646 -146.9889305154541 -23.416165482909584
    endloop
  endfacet
  facet normal 2.0685440454802143e-15 -0.036739884651933 0.9993248625325813
    outer loop
      vertex 82 -143.51115306067376 -23.288306017660307
      vertex 82.58658283817455 -152.4546355827243 -23.61711052214746
      vertex 82.58658283817455 -143.22207771448925 -23.277678247579995
    endloop
  endfacet
  facet normal 4.945892800617736e-14 -0.03673988465193072 0.9993248625325815
    outer loop
      vertex 82.58658283817455 -143.22207771448925 -23.277678247579995
      vertex 82.8 -147.83835664860678 -23.447394384863728
      vertex 82.81454373566453 -147.61661193114153 -23.439242005545154
    endloop
  endfacet
  facet normal -1.9896097109308946e-15 -0.03673988465193295 0.9993248625325815
    outer loop
      vertex 83.2059047744874 -143.01198818074184 -23.269954367662812
      vertex 83.84943816497935 -146.2688218110068 -23.389690898187258
      vertex 83.84736903889974 -142.8844791496017 -23.2652665356356
    endloop
  endfacet
  facet normal 9.059709591129946e-16 -0.036739884651932314 0.9993248625325813
    outer loop
      vertex 83.84736903889974 -142.8844791496017 -23.2652665356356
      vertex 84.5 -146.1395043823014 -23.38493658095544
      vertex 84.5 -142.84173233594387 -23.263694961604063
    endloop
  endfacet
  facet normal -9.80819325657782e-16 -0.03673988465193345 0.9993248625325813
    outer loop
      vertex 84.5 -142.84173233594387 -23.263694961604063
      vertex 84.7218945267741 -146.15403829894507 -23.385470916126167
      vertex 85.15263096110026 -142.8844791496017 -23.2652665356356
    endloop
  endfacet
  facet normal 1.9597559959016432e-15 -0.03673988465193311 0.9993248625325815
    outer loop
      vertex 85.15263096110026 -142.8844791496017 -23.2652665356356
      vertex 85.53489442931482 -146.49056652847207 -23.397843277505835
      vertex 85.7940952255126 -143.01198818074184 -23.269954367662812
    endloop
  endfacet
  facet normal -1.4632056579972557e-15 -0.03673988465193249 0.9993248625325815
    outer loop
      vertex 85.7940952255126 -143.01198818074184 -23.269954367662812
      vertex 86.07059520526919 -147.18823403225582 -23.423492818086117
      vertex 86.41341716182545 -143.22207771448925 -23.277678247579995
    endloop
  endfacet
  facet normal 8.896023981842743e-15 -0.03673988465193295 0.9993248625325815
    outer loop
      vertex 83.84736903889974 -142.8844791496017 -23.2652665356356
      vertex 83.84943816497935 -146.2688218110068 -23.389690898187258
      vertex 84.06000762332572 -146.1973913695327 -23.387064779015418
    endloop
  endfacet
  facet normal 1.0342470242639322e-15 -0.036739884651933445 0.9993248625325813
    outer loop
      vertex 83.84736903889974 -142.8844791496017 -23.2652665356356
      vertex 84.06000762332572 -146.1973913695327 -23.387064779015418
      vertex 84.2781054732259 -146.15403829894507 -23.385470916126167
    endloop
  endfacet
  facet normal -1.5820063917052623e-14 -0.03673988465193567 0.9993248625325812
    outer loop
      vertex 83.84736903889974 -142.8844791496017 -23.2652665356356
      vertex 84.2781054732259 -146.15403829894507 -23.385470916126167
      vertex 84.5 -146.1395043823014 -23.38493658095544
    endloop
  endfacet
  facet normal 1.608012149967689e-14 -0.036739884651932314 0.9993248625325815
    outer loop
      vertex 84.5 -142.84173233594387 -23.263694961604063
      vertex 84.5 -146.1395043823014 -23.38493658095544
      vertex 84.7218945267741 -146.15403829894507 -23.385470916126167
    endloop
  endfacet
  facet normal -1.046811779963029e-15 -0.036739884651933445 0.9993248625325813
    outer loop
      vertex 85.15263096110026 -142.8844791496017 -23.2652665356356
      vertex 84.7218945267741 -146.15403829894507 -23.385470916126167
      vertex 84.93999237667428 -146.1973913695327 -23.387064779015418
    endloop
  endfacet
  facet normal -8.837722211489727e-15 -0.03673988465193295 0.9993248625325815
    outer loop
      vertex 85.15263096110026 -142.8844791496017 -23.2652665356356
      vertex 84.93999237667428 -146.1973913695327 -23.387064779015418
      vertex 85.15056183502065 -146.2688218110068 -23.389690898187258
    endloop
  endfacet
  facet normal 9.496927774345655e-15 -0.036739884651932966 0.9993248625325813
    outer loop
      vertex 85.15263096110026 -142.8844791496017 -23.2652665356356
      vertex 85.15056183502065 -146.2688218110068 -23.389690898187258
      vertex 85.35 -146.36710742870955 -23.393304340014566
    endloop
  endfacet
  facet normal -3.815059031050455e-15 -0.03673988465193371 0.9993248625325812
    outer loop
      vertex 85.15263096110026 -142.8844791496017 -23.2652665356356
      vertex 85.35 -146.36710742870955 -23.393304340014566
      vertex 85.53489442931482 -146.49056652847207 -23.397843277505835
    endloop
  endfacet
  facet normal -8.103307644847631e-15 -0.03673988465193236 0.9993248625325815
    outer loop
      vertex 85.7940952255126 -143.01198818074184 -23.269954367662812
      vertex 85.53489442931482 -146.49056652847207 -23.397843277505835
      vertex 85.70208152801713 -146.63708669086813 -23.40323004818216
    endloop
  endfacet
  facet normal 1.955036545170911e-15 -0.036739884651932606 0.9993248625325815
    outer loop
      vertex 85.7940952255126 -143.01198818074184 -23.269954367662812
      vertex 85.70208152801713 -146.63708669086813 -23.40323004818216
      vertex 85.8487006784951 -146.80416091529602 -23.409372482903773
    endloop
  endfacet
  facet normal -4.432859983288645e-15 -0.0367398846519327 0.9993248625325815
    outer loop
      vertex 85.7940952255126 -143.01198818074184 -23.269954367662812
      vertex 85.8487006784951 -146.80416091529602 -23.409372482903773
      vertex 85.97224318643354 -146.9889305154541 -23.416165482909584
    endloop
  endfacet
  facet normal -5.468787991922245e-15 -0.036739884651932744 0.9993248625325813
    outer loop
      vertex 85.7940952255126 -143.01198818074184 -23.269954367662812
      vertex 85.97224318643354 -146.9889305154541 -23.416165482909584
      vertex 86.07059520526919 -147.18823403225582 -23.423492818086117
    endloop
  endfacet
  facet normal 4.0962756629119935e-14 -0.03673988465193613 0.9993248625325812
    outer loop
      vertex 86.41341716182545 -143.22207771448925 -23.277678247579995
      vertex 86.07059520526919 -147.18823403225582 -23.423492818086117
      vertex 86.14207390469142 -147.39866132727136 -23.431229115696986
    endloop
  endfacet
  facet normal -1.6004994074081976e-14 -0.036739884651932446 0.9993248625325813
    outer loop
      vertex 86.41341716182545 -143.22207771448925 -23.277678247579995
      vertex 86.14207390469142 -147.39866132727136 -23.431229115696986
      vertex 86.18545626433547 -147.61661193114153 -23.439242005545154
    endloop
  endfacet
  facet normal -4.929715166102296e-14 -0.036739884651930704 0.9993248625325815
    outer loop
      vertex 86.41341716182545 -143.22207771448925 -23.277678247579995
      vertex 86.18545626433547 -147.61661193114153 -23.439242005545154
      vertex 86.2 -147.83835664860678 -23.447394384863728
    endloop
  endfacet
  facet normal 4.293642890318907e-16 -0.036739884651932724 0.9993248625325813
    outer loop
      vertex 80.53323329854382 -144.79660449181037 -23.335565261452096
      vertex 80.53323329854382 -150.88010880540318 -23.55922350827536
      vertex 80.96446609406726 -151.3715035831323 -23.577289492750694
    endloop
  endfacet
  facet normal 6.236790648775357e-15 -0.036739884651932786 0.9993248625325815
    outer loop
      vertex 80.96446609406726 -144.30520971408126 -23.31749927697676
      vertex 80.96446609406726 -151.3715035831323 -23.577289492750694
      vertex 81.4561928549564 -151.8024452372383 -23.59313293591636
    endloop
  endfacet
  facet normal -4.133859106335528e-15 -0.036739884651933556 0.9993248625325813
    outer loop
      vertex 81.4561928549564 -143.87426805997526 -23.301655833811097
      vertex 81.4561928549564 -151.8024452372383 -23.59313293591636
      vertex 82 -152.16556023653982 -23.606482752067148
    endloop
  endfacet
  facet normal 2.5433384264827857e-17 -0.03673988465193301 0.9993248625325813
    outer loop
      vertex 82.58658283817455 -143.22207771448925 -23.277678247579995
      vertex 82.58658283817455 -152.4546355827243 -23.61711052214746
      vertex 82.8 -147.83835664860678 -23.447394384863728
    endloop
  endfacet
  facet normal -3.397555024388339e-16 -0.03673988465193316 0.9993248625325815
    outer loop
      vertex 82 -143.51115306067376 -23.288306017660307
      vertex 82 -152.16556023653982 -23.606482752067148
      vertex 82.58658283817455 -152.4546355827243 -23.61711052214746
    endloop
  endfacet
  facet normal -9.146486991863121e-14 -0.03673988465192878 0.9993248625325816
    outer loop
      vertex 82.8 -147.83835664860678 -23.447394384863728
      vertex 82.58658283817455 -152.4546355827243 -23.61711052214746
      vertex 82.81454373566453 -148.06010136607205 -23.4555467641823
    endloop
  endfacet
  facet normal 6.723460586478268e-14 -0.036739884651937005 0.9993248625325813
    outer loop
      vertex 82.81454373566453 -148.06010136607205 -23.4555467641823
      vertex 82.58658283817455 -152.4546355827243 -23.61711052214746
      vertex 82.85792609530858 -148.2780519699422 -23.463559654030473
    endloop
  endfacet
  facet normal 1.236573845508286e-15 -0.03673988465193272 0.9993248625325815
    outer loop
      vertex 82.85792609530858 -148.2780519699422 -23.463559654030473
      vertex 82.58658283817455 -152.4546355827243 -23.61711052214746
      vertex 82.92940479473081 -148.48847926495773 -23.471295951641338
    endloop
  endfacet
  facet normal -7.002246620685206e-15 -0.036739884651933445 0.9993248625325812
    outer loop
      vertex 82.92940479473081 -148.48847926495773 -23.471295951641338
      vertex 83.2059047744874 -152.66472511647174 -23.624834402064646
      vertex 83.02775681356646 -148.68778278175947 -23.47862328681787
    endloop
  endfacet
  facet normal -1.449736063801771e-14 -0.036739884651933785 0.9993248625325813
    outer loop
      vertex 83.02775681356646 -148.68778278175947 -23.47862328681787
      vertex 83.2059047744874 -152.66472511647174 -23.624834402064646
      vertex 83.1512993215049 -148.87255238191756 -23.485416286823682
    endloop
  endfacet
  facet normal 9.397365376984009e-16 -0.036739884651933556 0.9993248625325812
    outer loop
      vertex 83.1512993215049 -148.87255238191756 -23.485416286823682
      vertex 83.2059047744874 -152.66472511647174 -23.624834402064646
      vertex 83.29791847198287 -149.03962660634545 -23.491558721545296
    endloop
  endfacet
  facet normal -8.89843288648942e-15 -0.03673988465193331 0.9993248625325813
    outer loop
      vertex 83.29791847198287 -149.03962660634545 -23.491558721545296
      vertex 83.2059047744874 -152.66472511647174 -23.624834402064646
      vertex 83.46510557068518 -149.1861467687415 -23.49694549222162
    endloop
  endfacet
  facet normal 2.4584135902537535e-15 -0.03673988465193283 0.9993248625325815
    outer loop
      vertex 82.92940479473081 -148.48847926495773 -23.471295951641338
      vertex 82.58658283817455 -152.4546355827243 -23.61711052214746
      vertex 83.2059047744874 -152.66472511647174 -23.624834402064646
    endloop
  endfacet
  facet normal -3.6962572569974735e-15 -0.0367398846519337 0.9993248625325812
    outer loop
      vertex 83.46510557068518 -149.1861467687415 -23.49694549222162
      vertex 83.2059047744874 -152.66472511647174 -23.624834402064646
      vertex 83.84736903889974 -152.79223414761188 -23.629522234091855
    endloop
  endfacet
  facet normal -0.7518398074789657 -0.6589006660363224 -0.024224289192515923
    outer loop
      vertex 80.53323329854382 -150.88010880540318 -23.55922350827536
      vertex 80.96446609406726 -151.31981858053803 -24.98312156331457
      vertex 80.96446609406726 -151.3715035831323 -23.577289492750694
    endloop
  endfacet
  facet normal -0.6593458151000609 -0.7513322122554585 -0.027622507803507064
    outer loop
      vertex 80.96446609406726 -151.3715035831323 -23.577289492750694
      vertex 81.4561928549564 -151.75134271417218 -24.98312156331457
      vertex 81.4561928549564 -151.8024452372383 -23.59313293591636
    endloop
  endfacet
  facet normal -0.5555702330196108 -0.8309082560142543 -0.03054809764757433
    outer loop
      vertex 81.4561928549564 -151.8024452372383 -23.59313293591636
      vertex 82 -152.1149485155381 -24.983121563314572
      vertex 82 -152.16556023653982 -23.606482752067148
    endloop
  endfacet
  facet normal -0.4422886902189904 -0.8962672291413784 -0.03295100107137331
    outer loop
      vertex 82 -152.16556023653982 -23.606482752067148
      vertex 82.58658283817455 -152.40441458856375 -24.983121563314572
      vertex 82.58658283817455 -152.4546355827243 -23.61711052214746
    endloop
  endfacet
  facet normal 2.5433384264827857e-17 -0.03673988465193301 0.9993248625325813
    outer loop
      vertex 86.41341716182545 -143.22207771448925 -23.277678247579995
      vertex 86.2 -147.83835664860678 -23.447394384863728
      vertex 86.41341716182545 -152.4546355827243 -23.61711052214746
    endloop
  endfacet
  facet normal 2.838270963564921e-16 -0.036739884651933 0.9993248625325813
    outer loop
      vertex 86.41341716182545 -143.22207771448925 -23.277678247579995
      vertex 86.41341716182545 -152.4546355827243 -23.61711052214746
      vertex 87 -152.16556023653982 -23.606482752067148
    endloop
  endfacet
  facet normal 9.144753692869298e-14 -0.03673988465192878 0.9993248625325816
    outer loop
      vertex 86.2 -147.83835664860678 -23.447394384863728
      vertex 86.18545626433547 -148.06010136607205 -23.4555467641823
      vertex 86.41341716182545 -152.4546355827243 -23.61711052214746
    endloop
  endfacet
  facet normal -6.721545968254613e-14 -0.036739884651937 0.9993248625325812
    outer loop
      vertex 86.18545626433547 -148.06010136607205 -23.4555467641823
      vertex 86.14207390469142 -148.2780519699422 -23.463559654030473
      vertex 86.41341716182545 -152.4546355827243 -23.61711052214746
    endloop
  endfacet
  facet normal -1.2317698586426292e-15 -0.03673988465193272 0.9993248625325815
    outer loop
      vertex 86.07059520526919 -148.48847926495773 -23.471295951641338
      vertex 86.41341716182545 -152.4546355827243 -23.61711052214746
      vertex 86.14207390469142 -148.2780519699422 -23.463559654030473
    endloop
  endfacet
  facet normal 4.511091333735901e-15 -0.036739884651932224 0.9993248625325813
    outer loop
      vertex 85.97224318643354 -148.68778278175947 -23.47862328681787
      vertex 86.41341716182545 -152.4546355827243 -23.61711052214746
      vertex 86.07059520526919 -148.48847926495773 -23.471295951641338
    endloop
  endfacet
  facet normal 1.6894936901495506e-14 -0.03673988465193152 0.9993248625325815
    outer loop
      vertex 83.46510557068518 -149.1861467687415 -23.49694549222162
      vertex 83.84736903889974 -152.79223414761188 -23.629522234091855
      vertex 83.65 -149.30960586850404 -23.501484429712892
    endloop
  endfacet
  facet normal -2.896346610241662e-15 -0.03673988465193265 0.9993248625325813
    outer loop
      vertex 83.65 -149.30960586850404 -23.501484429712892
      vertex 83.84736903889974 -152.79223414761188 -23.629522234091855
      vertex 83.84943816497935 -149.40789148620675 -23.505097871540197
    endloop
  endfacet
  facet normal 3.142694350291171e-15 -0.03673988465193265 0.9993248625325815
    outer loop
      vertex 83.84943816497935 -149.40789148620675 -23.505097871540197
      vertex 83.84736903889974 -152.79223414761188 -23.629522234091855
      vertex 84.06000762332572 -149.47932192768087 -23.50772399071204
    endloop
  endfacet
  facet normal -8.095570737299898e-16 -0.0367398846519324 0.9993248625325813
    outer loop
      vertex 84.06000762332572 -149.47932192768087 -23.50772399071204
      vertex 83.84736903889974 -152.79223414761188 -23.629522234091855
      vertex 84.2781054732259 -149.5226749982685 -23.509317853601292
    endloop
  endfacet
  facet normal -3.1414675165703296e-15 -0.03673988465193265 0.9993248625325815
    outer loop
      vertex 84.93999237667428 -149.47932192768087 -23.50772399071204
      vertex 85.15263096110026 -152.79223414761188 -23.629522234091855
      vertex 85.15056183502065 -149.40789148620675 -23.505097871540197
    endloop
  endfacet
  facet normal 4.689317217951623e-15 -0.03673988465193339 0.9993248625325815
    outer loop
      vertex 84.2781054732259 -149.5226749982685 -23.509317853601292
      vertex 84.5 -152.83498096126968 -23.631093808123396
      vertex 84.5 -149.53720891491216 -23.509852188772015
    endloop
  endfacet
  facet normal 8.096865703111353e-16 -0.03673988465193239 0.9993248625325813
    outer loop
      vertex 84.7218945267741 -149.5226749982685 -23.509317853601292
      vertex 85.15263096110026 -152.79223414761188 -23.629522234091855
      vertex 84.93999237667428 -149.47932192768087 -23.50772399071204
    endloop
  endfacet
  facet normal -4.707034984517722e-15 -0.03673988465193312 0.9993248625325813
    outer loop
      vertex 84.5 -149.53720891491216 -23.509852188772015
      vertex 85.15263096110026 -152.79223414761188 -23.629522234091855
      vertex 84.7218945267741 -149.5226749982685 -23.509317853601292
    endloop
  endfacet
  facet normal 6.061118903760311e-15 -0.036739884651933306 0.9993248625325813
    outer loop
      vertex 84.2781054732259 -149.5226749982685 -23.509317853601292
      vertex 83.84736903889974 -152.79223414761188 -23.629522234091855
      vertex 84.5 -152.83498096126968 -23.631093808123396
    endloop
  endfacet
  facet normal -6.0540154641478115e-15 -0.03673988465193339 0.9993248625325813
    outer loop
      vertex 84.5 -149.53720891491216 -23.509852188772015
      vertex 84.5 -152.83498096126968 -23.631093808123396
      vertex 85.15263096110026 -152.79223414761188 -23.629522234091855
    endloop
  endfacet
  facet normal 2.94938316919011e-15 -0.03673988465193275 0.9993248625325815
    outer loop
      vertex 85.15056183502065 -149.40789148620675 -23.505097871540197
      vertex 85.7940952255126 -152.66472511647174 -23.624834402064646
      vertex 85.35 -149.30960586850404 -23.501484429712892
    endloop
  endfacet
  facet normal 8.900367520768498e-15 -0.03673988465193331 0.9993248625325813
    outer loop
      vertex 85.53489442931482 -149.1861467687415 -23.49694549222162
      vertex 85.7940952255126 -152.66472511647174 -23.624834402064646
      vertex 85.70208152801713 -149.03962660634545 -23.491558721545296
    endloop
  endfacet
  facet normal -1.4528791266855156e-14 -0.036739884651935055 0.9993248625325812
    outer loop
      vertex 85.35 -149.30960586850404 -23.501484429712892
      vertex 85.7940952255126 -152.66472511647174 -23.624834402064646
      vertex 85.53489442931482 -149.1861467687415 -23.49694549222162
    endloop
  endfacet
  facet normal 1.1012218642253907e-14 -0.036739884651931454 0.9993248625325813
    outer loop
      vertex 85.8487006784951 -148.87255238191756 -23.485416286823682
      vertex 86.41341716182545 -152.4546355827243 -23.61711052214746
      vertex 85.97224318643354 -148.68778278175947 -23.47862328681787
    endloop
  endfacet
  facet normal -1.153371782875393e-15 -0.03673988465193338 0.9993248625325815
    outer loop
      vertex 85.70208152801713 -149.03962660634545 -23.491558721545296
      vertex 86.41341716182545 -152.4546355827243 -23.61711052214746
      vertex 85.8487006784951 -148.87255238191756 -23.485416286823682
    endloop
  endfacet
  facet normal 3.4874239572585216e-15 -0.03673988465193265 0.9993248625325815
    outer loop
      vertex 85.15056183502065 -149.40789148620675 -23.505097871540197
      vertex 85.15263096110026 -152.79223414761188 -23.629522234091855
      vertex 85.7940952255126 -152.66472511647174 -23.624834402064646
    endloop
  endfacet
  facet normal -2.215795861588491e-15 -0.0367398846519336 0.9993248625325812
    outer loop
      vertex 85.70208152801713 -149.03962660634545 -23.491558721545296
      vertex 85.7940952255126 -152.66472511647174 -23.624834402064646
      vertex 86.41341716182545 -152.4546355827243 -23.61711052214746
    endloop
  endfacet
  facet normal -0.8314696123025543 0.5551951467394944 0.020411586277188972
    outer loop
      vertex 80.1698729810778 -145.34004449227533 -23.355544673233894
      vertex 80.53323329854382 -144.79660449181037 -23.335565261452096
      vertex 80.1698729810778 -145.2802071066106 -24.98312156331457
    endloop
  endfacet
  facet normal -0.8968727415326975 0.44199008455280026 0.016249635461500447
    outer loop
      vertex 79.88060233744356 -145.9262313063981 -23.37709565904723
      vertex 80.1698729810778 -145.34004449227533 -23.355544673233894
      vertex 79.88060233744356 -145.86718623638828 -24.98312156331457
    endloop
  endfacet
  facet normal -0.946930129495102 0.321222449476639 0.01180964887781883
    outer loop
      vertex 79.67037086855466 -146.54513511526733 -23.39984947554978
      vertex 79.88060233744356 -145.9262313063981 -23.37709565904723
      vertex 79.67037086855466 -146.4869265826289 -24.98312156331457
    endloop
  endfacet
  facet normal -0.9807852804032314 0.19495860923019978 0.007167595927581587
    outer loop
      vertex 79.67037086855466 -146.54513511526733 -23.39984947554978
      vertex 79.54277569313095 -147.12882421618392 -24.98312156331457
      vertex 79.54277569313095 -147.18616630312076 -23.423416798632623
    endloop
  endfacet
  facet normal -0.8968727415326984 0.44199008455279826 0.01624963546150127
    outer loop
      vertex 80.1698729810778 -145.34004449227533 -23.355544673233894
      vertex 80.1698729810778 -145.2802071066106 -24.98312156331457
      vertex 79.88060233744356 -145.86718623638828 -24.98312156331457
    endloop
  endfacet
  facet normal -0.8314696123025463 0.5551951467395065 0.020411586277183643
    outer loop
      vertex 80.1698729810778 -145.2802071066106 -24.98312156331457
      vertex 80.53323329854382 -144.79660449181037 -23.335565261452096
      vertex 80.53323329854382 -144.7360325689478 -24.98312156331457
    endloop
  endfacet
  facet normal -0.9469301294951014 0.3212224494766412 0.011809648877818008
    outer loop
      vertex 79.88060233744356 -145.9262313063981 -23.37709565904723
      vertex 79.88060233744356 -145.86718623638828 -24.98312156331457
      vertex 79.67037086855466 -146.4869265826289 -24.98312156331457
    endloop
  endfacet
  facet normal -0.9807852804032314 0.19495860923019973 0.007167595927581613
    outer loop
      vertex 79.67037086855466 -146.54513511526733 -23.39984947554978
      vertex 79.67037086855466 -146.4869265826289 -24.98312156331457
      vertex 79.54277569313095 -147.12882421618392 -24.98312156331457
    endloop
  endfacet
  facet normal -0.9978589232386034 0.06535897312711533 0.002402903423791244
    outer loop
      vertex 79.54277569313095 -147.18616630312076 -23.423416798632623
      vertex 79.54277569313095 -147.12882421618392 -24.98312156331457
      vertex 79.5 -147.7818960905755 -24.983121563314572
    endloop
  endfacet
  facet normal -0.9978589232386035 0.065358973127115 0.002402903423791373
    outer loop
      vertex 79.54277569313095 -147.18616630312076 -23.423416798632623
      vertex 79.5 -147.7818960905755 -24.983121563314572
      vertex 79.5 -147.83835664860678 -23.447394384863728
    endloop
  endfacet
  facet normal -0.9978589232386036 -0.06535897312711221 -0.002402903423790202
    outer loop
      vertex 79.5 -147.83835664860678 -23.447394384863728
      vertex 79.54277569313095 -148.43496796496711 -24.98312156331457
      vertex 79.54277569313095 -148.49054699409282 -23.471371971094833
    endloop
  endfacet
  facet normal -0.9807852804032298 -0.19495860923020816 -0.007167595927579048
    outer loop
      vertex 79.54277569313095 -148.49054699409282 -23.471371971094833
      vertex 79.67037086855466 -149.0768655985221 -24.98312156331457
      vertex 79.67037086855466 -149.13157818194622 -23.494939294177676
    endloop
  endfacet
  facet normal -0.9469301294951065 -0.3212224494766259 -0.011809648877814535
    outer loop
      vertex 79.67037086855466 -149.13157818194622 -23.494939294177676
      vertex 79.88060233744356 -149.69660594476275 -24.98312156331457
      vertex 79.88060233744356 -149.75048199081547 -23.517693110680224
    endloop
  endfacet
  facet normal -0.9978589232386037 -0.0653589731271097 -0.0024029034237911793
    outer loop
      vertex 79.5 -147.83835664860678 -23.447394384863728
      vertex 79.5 -147.7818960905755 -24.983121563314572
      vertex 79.54277569313095 -148.43496796496711 -24.98312156331457
    endloop
  endfacet
  facet normal -0.9807852804032298 -0.19495860923020805 -0.007167595927579123
    outer loop
      vertex 79.54277569313095 -148.49054699409282 -23.471371971094833
      vertex 79.54277569313095 -148.43496796496711 -24.98312156331457
      vertex 79.67037086855466 -149.0768655985221 -24.98312156331457
    endloop
  endfacet
  facet normal -0.9469301294951059 -0.3212224494766279 -0.011809648877813696
    outer loop
      vertex 79.67037086855466 -149.13157818194622 -23.494939294177676
      vertex 79.67037086855466 -149.0768655985221 -24.98312156331457
      vertex 79.88060233744356 -149.69660594476275 -24.98312156331457
    endloop
  endfacet
  facet normal -0.89687274153269 -0.4419900845528156 -0.016249635461497002
    outer loop
      vertex 79.88060233744356 -149.75048199081547 -23.517693110680224
      vertex 79.88060233744356 -149.69660594476275 -24.98312156331457
      vertex 80.1698729810778 -150.2835850745404 -24.98312156331457
    endloop
  endfacet
  facet normal -0.8314696123025463 -0.5551951467395067 -0.02041158627718192
    outer loop
      vertex 80.1698729810778 -150.33666880493823 -23.53924409649356
      vertex 80.1698729810778 -150.2835850745404 -24.98312156331457
      vertex 80.53323329854382 -150.8277596122032 -24.98312156331457
    endloop
  endfacet
  facet normal -0.6593458151000609 0.7513322122554583 0.027622507803513784
    outer loop
      vertex 80.96446609406726 -144.30520971408126 -23.31749927697676
      vertex 81.4561928549564 -143.87426805997526 -23.301655833811097
      vertex 80.96446609406726 -144.24397360061295 -24.98312156331457
    endloop
  endfacet
  facet normal -0.7518398074789656 0.6589006660363227 0.024224289192506993
    outer loop
      vertex 80.53323329854382 -144.79660449181037 -23.335565261452096
      vertex 80.96446609406726 -144.30520971408126 -23.31749927697676
      vertex 80.53323329854382 -144.7360325689478 -24.98312156331457
    endloop
  endfacet
  facet normal -0.5555702330195809 0.8309082560142742 0.030548097647580773
    outer loop
      vertex 82 -143.51115306067376 -23.288306017660307
      vertex 81.4561928549564 -143.81244946697882 -24.98312156331457
      vertex 81.4561928549564 -143.87426805997526 -23.301655833811097
    endloop
  endfacet
  facet normal -0.4422886902190254 0.8962672291413611 0.0329510010713755
    outer loop
      vertex 82 -143.51115306067376 -23.288306017660307
      vertex 82.58658283817455 -143.22207771448925 -23.277678247579995
      vertex 82 -143.44884366561294 -24.983121563314572
    endloop
  endfacet
  facet normal -0.3214394653031305 0.9462908214856667 0.03479010373108569
    outer loop
      vertex 82.58658283817455 -143.22207771448925 -23.277678247579995
      vertex 83.2059047744874 -143.01198818074184 -23.269954367662812
      vertex 82.58658283817455 -143.15937759258725 -24.98312156331457
    endloop
  endfacet
  facet normal -0.19509032201615017 0.980123115512933 0.0360339380703321
    outer loop
      vertex 83.2059047744874 -143.01198818074184 -23.269954367662812
      vertex 83.84736903889974 -142.8844791496017 -23.2652665356356
      vertex 83.2059047744874 -142.9490040926664 -24.98312156331457
    endloop
  endfacet
  facet normal -0.5555702330195906 0.8309082560142673 0.03054809764758515
    outer loop
      vertex 82 -143.51115306067376 -23.288306017660307
      vertex 82 -143.44884366561294 -24.983121563314572
      vertex 81.4561928549564 -143.81244946697882 -24.98312156331457
    endloop
  endfacet
  facet normal -0.6593458151000479 0.7513322122554701 0.027622507803507362
    outer loop
      vertex 81.4561928549564 -143.87426805997526 -23.301655833811097
      vertex 81.4561928549564 -143.81244946697882 -24.98312156331457
      vertex 80.96446609406726 -144.24397360061295 -24.98312156331457
    endloop
  endfacet
  facet normal -0.75183980747898 0.6589006660363061 0.024224289192515014
    outer loop
      vertex 80.96446609406726 -144.30520971408126 -23.31749927697676
      vertex 80.96446609406726 -144.24397360061295 -24.98312156331457
      vertex 80.53323329854382 -144.7360325689478 -24.98312156331457
    endloop
  endfacet
  facet normal -0.4422886902190099 0.8962672291413691 0.032951001071369126
    outer loop
      vertex 82.58658283817455 -143.22207771448925 -23.277678247579995
      vertex 82.58658283817455 -143.15937759258725 -24.98312156331457
      vertex 82 -143.44884366561294 -24.983121563314572
    endloop
  endfacet
  facet normal -0.32143946530315165 0.9462908214856592 0.034790103731093966
    outer loop
      vertex 83.2059047744874 -143.01198818074184 -23.269954367662812
      vertex 83.2059047744874 -142.9490040926664 -24.98312156331457
      vertex 82.58658283817455 -143.15937759258725 -24.98312156331457
    endloop
  endfacet
  facet normal -0.06540312923015522 0.9971852312923261 0.03666122173869354
    outer loop
      vertex 83.84736903889974 -142.8844791496017 -23.2652665356356
      vertex 84.5 -142.84173233594387 -23.263694961604063
      vertex 83.84736903889974 -142.82132271476056 -24.98312156331457
    endloop
  endfacet
  facet normal 0.0654031292301552 0.9971852312923264 0.036661221738688965
    outer loop
      vertex 84.5 -142.84173233594387 -23.263694961604063
      vertex 85.15263096110026 -142.8844791496017 -23.2652665356356
      vertex 84.5 -142.7785181226457 -24.98312156331457
    endloop
  endfacet
  facet normal 0.19509032201615017 0.980123115512933 0.03603393807033341
    outer loop
      vertex 85.15263096110026 -142.8844791496017 -23.2652665356356
      vertex 85.7940952255126 -143.01198818074184 -23.269954367662812
      vertex 85.15263096110026 -142.82132271476056 -24.98312156331457
    endloop
  endfacet
  facet normal 0.3214394653031305 0.9462908214856663 0.03479010373109422
    outer loop
      vertex 85.7940952255126 -143.01198818074184 -23.269954367662812
      vertex 86.41341716182545 -143.22207771448925 -23.277678247579995
      vertex 85.7940952255126 -142.9490040926664 -24.98312156331457
    endloop
  endfacet
  facet normal 0.4422886902190254 0.8962672291413615 0.03295100107136884
    outer loop
      vertex 86.41341716182545 -143.22207771448925 -23.277678247579995
      vertex 87 -143.51115306067376 -23.288306017660307
      vertex 86.41341716182545 -143.15937759258725 -24.98312156331457
    endloop
  endfacet
  facet normal -0.1950903220161536 0.9801231155129324 0.036033938070333386
    outer loop
      vertex 83.84736903889974 -142.8844791496017 -23.2652665356356
      vertex 83.84736903889974 -142.82132271476056 -24.98312156331457
      vertex 83.2059047744874 -142.9490040926664 -24.98312156331457
    endloop
  endfacet
  facet normal -0.06540312923014321 0.9971852312923272 0.036661221738689
    outer loop
      vertex 84.5 -142.84173233594387 -23.263694961604063
      vertex 84.5 -142.7785181226457 -24.98312156331457
      vertex 83.84736903889974 -142.82132271476056 -24.98312156331457
    endloop
  endfacet
  facet normal 0.0654031292301432 0.9971852312923268 0.03666122173869357
    outer loop
      vertex 85.15263096110026 -142.8844791496017 -23.2652665356356
      vertex 85.15263096110026 -142.82132271476056 -24.98312156331457
      vertex 84.5 -142.7785181226457 -24.98312156331457
    endloop
  endfacet
  facet normal 0.1950903220161536 0.9801231155129324 0.036033938070332075
    outer loop
      vertex 85.7940952255126 -143.01198818074184 -23.269954367662812
      vertex 85.7940952255126 -142.9490040926664 -24.98312156331457
      vertex 85.15263096110026 -142.82132271476056 -24.98312156331457
    endloop
  endfacet
  facet normal 0.3214394653031517 0.9462908214856596 0.034790103731085424
    outer loop
      vertex 86.41341716182545 -143.22207771448925 -23.277678247579995
      vertex 86.41341716182545 -143.15937759258725 -24.98312156331457
      vertex 85.7940952255126 -142.9490040926664 -24.98312156331457
    endloop
  endfacet
  facet normal -0.7518398074789612 -0.6589006660363276 -0.02422428919251294
    outer loop
      vertex 80.53323329854382 -150.88010880540318 -23.55922350827536
      vertex 80.53323329854382 -150.8277596122032 -24.98312156331457
      vertex 80.96446609406726 -151.31981858053803 -24.98312156331457
    endloop
  endfacet
  facet normal -0.6593458151000722 -0.7513322122554484 -0.02762250780351377
    outer loop
      vertex 80.96446609406726 -151.3715035831323 -23.577289492750694
      vertex 80.96446609406726 -151.31981858053803 -24.98312156331457
      vertex 81.4561928549564 -151.75134271417218 -24.98312156331457
    endloop
  endfacet
  facet normal -0.555570233019621 -0.8309082560142472 -0.030548097647579934
    outer loop
      vertex 81.4561928549564 -151.8024452372383 -23.59313293591636
      vertex 81.4561928549564 -151.75134271417218 -24.98312156331457
      vertex 82 -152.1149485155381 -24.983121563314572
    endloop
  endfacet
  facet normal -0.4422886902189748 -0.8962672291413866 -0.03295100107136528
    outer loop
      vertex 82 -152.16556023653982 -23.606482752067148
      vertex 82 -152.1149485155381 -24.983121563314572
      vertex 82.58658283817455 -152.40441458856375 -24.983121563314572
    endloop
  endfacet
  facet normal 0.44228869021897466 -0.8962672291413862 -0.0329510010713736
    outer loop
      vertex 86.41341716182545 -152.4546355827243 -23.61711052214746
      vertex 86.41341716182545 -152.40441458856375 -24.983121563314572
      vertex 87 -152.1149485155381 -24.983121563314572
    endloop
  endfacet
  facet normal -0.3214394653031696 -0.9462908214856536 -0.034790103731078686
    outer loop
      vertex 82.58658283817455 -152.4546355827243 -23.61711052214746
      vertex 83.2059047744874 -152.61478808848463 -24.98312156331457
      vertex 83.2059047744874 -152.66472511647174 -23.624834402064646
    endloop
  endfacet
  facet normal -0.19509032201614998 -0.980123115512933 -0.03603393807033515
    outer loop
      vertex 83.2059047744874 -152.66472511647174 -23.624834402064646
      vertex 83.84736903889974 -152.74246946639045 -24.983121563314572
      vertex 83.84736903889974 -152.79223414761188 -23.629522234091855
    endloop
  endfacet
  facet normal -0.06540312923011216 -0.9971852312923294 -0.03666122173868049
    outer loop
      vertex 83.84736903889974 -152.79223414761188 -23.629522234091855
      vertex 84.5 -152.7852740585053 -24.98312156331457
      vertex 84.5 -152.83498096126968 -23.631093808123396
    endloop
  endfacet
  facet normal 0.06540312923011217 -0.9971852312923289 -0.03666122173869542
    outer loop
      vertex 84.5 -152.83498096126968 -23.631093808123396
      vertex 85.15263096110026 -152.74246946639045 -24.983121563314572
      vertex 85.15263096110026 -152.79223414761188 -23.629522234091855
    endloop
  endfacet
  facet normal 0.19509032201614998 -0.9801231155129336 -0.036033938070316504
    outer loop
      vertex 85.15263096110026 -152.79223414761188 -23.629522234091855
      vertex 85.7940952255126 -152.61478808848463 -24.98312156331457
      vertex 85.7940952255126 -152.66472511647174 -23.624834402064646
    endloop
  endfacet
  facet normal 0.3214394653031695 -0.9462908214856532 -0.03479010373108925
    outer loop
      vertex 85.7940952255126 -152.66472511647174 -23.624834402064646
      vertex 86.41341716182545 -152.40441458856375 -24.983121563314572
      vertex 86.41341716182545 -152.4546355827243 -23.61711052214746
    endloop
  endfacet
  facet normal -0.19509032201611212 -0.9801231155129412 -0.036033938070316796
    outer loop
      vertex 83.2059047744874 -152.66472511647174 -23.624834402064646
      vertex 83.2059047744874 -152.61478808848463 -24.98312156331457
      vertex 83.84736903889974 -152.74246946639045 -24.983121563314572
    endloop
  endfacet
  facet normal -0.32143946530319034 -0.9462908214856461 -0.03479010373108899
    outer loop
      vertex 82.58658283817455 -152.4546355827243 -23.61711052214746
      vertex 82.58658283817455 -152.40441458856375 -24.983121563314572
      vertex 83.2059047744874 -152.61478808848463 -24.98312156331457
    endloop
  endfacet
  facet normal -0.06540312923014299 -0.9971852312923268 -0.03666122173869534
    outer loop
      vertex 83.84736903889974 -152.79223414761188 -23.629522234091855
      vertex 83.84736903889974 -152.74246946639045 -24.983121563314572
      vertex 84.5 -152.7852740585053 -24.98312156331457
    endloop
  endfacet
  facet normal 0.06540312923014302 -0.9971852312923274 -0.036661221738680416
    outer loop
      vertex 84.5 -152.83498096126968 -23.631093808123396
      vertex 84.5 -152.7852740585053 -24.98312156331457
      vertex 85.15263096110026 -152.74246946639045 -24.983121563314572
    endloop
  endfacet
  facet normal 0.19509032201611196 -0.9801231155129405 -0.036033938070335426
    outer loop
      vertex 85.15263096110026 -152.79223414761188 -23.629522234091855
      vertex 85.15263096110026 -152.74246946639045 -24.983121563314572
      vertex 85.7940952255126 -152.61478808848463 -24.98312156331457
    endloop
  endfacet
  facet normal 0.32143946530319045 -0.9462908214856466 -0.03479010373107843
    outer loop
      vertex 85.7940952255126 -152.66472511647174 -23.624834402064646
      vertex 85.7940952255126 -152.61478808848463 -24.98312156331457
      vertex 86.41341716182545 -152.40441458856375 -24.983121563314572
    endloop
  endfacet
  facet normal -2.1472704414660004e-15 -0.03673988465193316 0.9993248625325815
    outer loop
      vertex 86.41341716182545 -143.22207771448925 -23.277678247579995
      vertex 87 -152.16556023653982 -23.606482752067148
      vertex 87 -143.51115306067376 -23.288306017660307
    endloop
  endfacet
  facet normal -2.202179312007772e-15 -0.036739884651933556 0.9993248625325813
    outer loop
      vertex 87 -143.51115306067376 -23.288306017660307
      vertex 87.5438071450436 -151.8024452372383 -23.59313293591636
      vertex 87.5438071450436 -143.87426805997526 -23.301655833811097
    endloop
  endfacet
  facet normal 6.2571534434250255e-15 -0.036739884651932786 0.9993248625325813
    outer loop
      vertex 87.5438071450436 -143.87426805997526 -23.301655833811097
      vertex 88.03553390593274 -151.3715035831323 -23.577289492750694
      vertex 88.03553390593274 -144.30520971408126 -23.31749927697676
    endloop
  endfacet
  facet normal 4.681855211952705e-16 -0.03673988465193273 0.9993248625325813
    outer loop
      vertex 88.03553390593274 -144.30520971408126 -23.31749927697676
      vertex 88.46676670145618 -150.88010880540318 -23.55922350827536
      vertex 88.46676670145618 -144.79660449181037 -23.335565261452096
    endloop
  endfacet
  facet normal -7.649941815621876e-15 -0.03673988465193364 0.9993248625325813
    outer loop
      vertex 88.46676670145618 -144.79660449181037 -23.335565261452096
      vertex 88.8301270189222 -150.33666880493823 -23.53924409649356
      vertex 88.8301270189222 -145.34004449227533 -23.355544673233894
    endloop
  endfacet
  facet normal 1.1101752442853446e-15 -0.0367398846519333 0.9993248625325813
    outer loop
      vertex 88.8301270189222 -145.34004449227533 -23.355544673233894
      vertex 89.11939766255644 -149.75048199081547 -23.517693110680224
      vertex 89.11939766255644 -145.9262313063981 -23.37709565904723
    endloop
  endfacet
  facet normal 1.4257223975780915e-14 -0.03673988465193201 0.9993248625325813
    outer loop
      vertex 89.11939766255644 -145.9262313063981 -23.37709565904723
      vertex 89.32962913144534 -149.13157818194622 -23.494939294177676
      vertex 89.32962913144534 -146.54513511526733 -23.39984947554978
    endloop
  endfacet
  facet normal -2.6900381799285196e-14 -0.036739884651934264 0.9993248625325813
    outer loop
      vertex 89.32962913144534 -146.54513511526733 -23.39984947554978
      vertex 89.45722430686905 -148.49054699409282 -23.471371971094833
      vertex 89.45722430686905 -147.18616630312076 -23.423416798632623
    endloop
  endfacet
  facet normal 3.815470932659445e-15 -0.03673988465193316 0.9993248625325813
    outer loop
      vertex 87 -143.51115306067376 -23.288306017660307
      vertex 87 -152.16556023653982 -23.606482752067148
      vertex 87.5438071450436 -151.8024452372383 -23.59313293591636
    endloop
  endfacet
  facet normal -5.624939315495784e-15 -0.036739884651933556 0.9993248625325813
    outer loop
      vertex 87.5438071450436 -143.87426805997526 -23.301655833811097
      vertex 87.5438071450436 -151.8024452372383 -23.59313293591636
      vertex 88.03553390593274 -151.3715035831323 -23.577289492750694
    endloop
  endfacet
  facet normal -3.970798895747469e-16 -0.03673988465193278 0.9993248625325812
    outer loop
      vertex 88.03553390593274 -144.30520971408126 -23.31749927697676
      vertex 88.03553390593274 -151.3715035831323 -23.577289492750694
      vertex 88.46676670145618 -150.88010880540318 -23.55922350827536
    endloop
  endfacet
  facet normal 6.238492104634709e-15 -0.036739884651932724 0.9993248625325813
    outer loop
      vertex 88.46676670145618 -144.79660449181037 -23.335565261452096
      vertex 88.46676670145618 -150.88010880540318 -23.55922350827536
      vertex 88.8301270189222 -150.33666880493823 -23.53924409649356
    endloop
  endfacet
  facet normal -4.02051672496996e-15 -0.03673988465193363 0.9993248625325812
    outer loop
      vertex 88.8301270189222 -145.34004449227533 -23.355544673233894
      vertex 88.8301270189222 -150.33666880493823 -23.53924409649356
      vertex 89.11939766255644 -149.75048199081547 -23.517693110680224
    endloop
  endfacet
  facet normal 7.402423084117409e-15 -0.036739884651932016 0.9993248625325815
    outer loop
      vertex 89.32962913144534 -146.54513511526733 -23.39984947554978
      vertex 89.32962913144534 -149.13157818194622 -23.494939294177676
      vertex 89.45722430686905 -148.49054699409282 -23.471371971094833
    endloop
  endfacet
  facet normal 1.2264823452445315e-14 -0.03673988465193426 0.9993248625325813
    outer loop
      vertex 89.45722430686905 -147.18616630312076 -23.423416798632623
      vertex 89.45722430686905 -148.49054699409282 -23.471371971094833
      vertex 89.5 -147.83835664860678 -23.447394384863728
    endloop
  endfacet
  facet normal -5.464835765702553e-15 -0.0367398846519333 0.9993248625325813
    outer loop
      vertex 89.11939766255644 -145.9262313063981 -23.37709565904723
      vertex 89.11939766255644 -149.75048199081547 -23.517693110680224
      vertex 89.32962913144534 -149.13157818194622 -23.494939294177676
    endloop
  endfacet
  facet normal 0.4422886902189904 -0.8962672291413788 -0.032951001071364984
    outer loop
      vertex 86.41341716182545 -152.4546355827243 -23.61711052214746
      vertex 87 -152.1149485155381 -24.983121563314572
      vertex 87 -152.16556023653982 -23.606482752067148
    endloop
  endfacet
  facet normal 0.5555702330196108 -0.8309082560142541 -0.030548097647580177
    outer loop
      vertex 87 -152.16556023653982 -23.606482752067148
      vertex 87.5438071450436 -151.75134271417218 -24.98312156331457
      vertex 87.5438071450436 -151.8024452372383 -23.59313293591636
    endloop
  endfacet
  facet normal 0.659345815100061 -0.7513322122554583 -0.027622507803514128
    outer loop
      vertex 87.5438071450436 -151.8024452372383 -23.59313293591636
      vertex 88.03553390593274 -151.31981858053803 -24.98312156331457
      vertex 88.03553390593274 -151.3715035831323 -23.577289492750694
    endloop
  endfacet
  facet normal 0.8314696123025543 -0.5551951467394948 -0.020411586277181492
    outer loop
      vertex 88.46676670145618 -150.88010880540318 -23.55922350827536
      vertex 88.8301270189222 -150.2835850745404 -24.98312156331457
      vertex 88.8301270189222 -150.33666880493823 -23.53924409649356
    endloop
  endfacet
  facet normal 0.7518398074789656 -0.6589006660363224 -0.02422428919251275
    outer loop
      vertex 88.46676670145618 -150.88010880540318 -23.55922350827536
      vertex 88.03553390593274 -151.3715035831323 -23.577289492750694
      vertex 88.46676670145618 -150.8277596122032 -24.98312156331457
    endloop
  endfacet
  facet normal 0.5555702330195808 0.830908256014274 0.030548097647585395
    outer loop
      vertex 87 -143.51115306067376 -23.288306017660307
      vertex 87.5438071450436 -143.87426805997526 -23.301655833811097
      vertex 87 -143.44884366561294 -24.983121563314572
    endloop
  endfacet
  facet normal 0.659345815100061 0.7513322122554585 0.02762250780350694
    outer loop
      vertex 87.5438071450436 -143.87426805997526 -23.301655833811097
      vertex 88.03553390593274 -144.30520971408126 -23.31749927697676
      vertex 87.5438071450436 -143.81244946697882 -24.98312156331457
    endloop
  endfacet
  facet normal 0.7518398074789656 0.6589006660363224 0.02422428919251561
    outer loop
      vertex 88.03553390593274 -144.30520971408126 -23.31749927697676
      vertex 88.46676670145618 -144.79660449181037 -23.335565261452096
      vertex 88.03553390593274 -144.24397360061295 -24.98312156331457
    endloop
  endfacet
  facet normal 0.4422886902190098 0.8962672291413689 0.03295100107137578
    outer loop
      vertex 86.41341716182545 -143.15937759258725 -24.98312156331457
      vertex 87 -143.51115306067376 -23.288306017660307
      vertex 87 -143.44884366561294 -24.983121563314572
    endloop
  endfacet
  facet normal 0.6593458151000476 0.7513322122554699 0.02762250780351421
    outer loop
      vertex 88.03553390593274 -144.30520971408126 -23.31749927697676
      vertex 88.03553390593274 -144.24397360061295 -24.98312156331457
      vertex 87.5438071450436 -143.81244946697882 -24.98312156331457
    endloop
  endfacet
  facet normal 0.5555702330195907 0.8309082560142675 0.030548097647580527
    outer loop
      vertex 87.5438071450436 -143.87426805997526 -23.301655833811097
      vertex 87.5438071450436 -143.81244946697882 -24.98312156331457
      vertex 87 -143.44884366561294 -24.983121563314572
    endloop
  endfacet
  facet normal 0.7518398074789803 0.6589006660363063 0.02422428919250639
    outer loop
      vertex 88.46676670145618 -144.79660449181037 -23.335565261452096
      vertex 88.46676670145618 -144.7360325689478 -24.98312156331457
      vertex 88.03553390593274 -144.24397360061295 -24.98312156331457
    endloop
  endfacet
  facet normal 0.8314696123025545 0.5551951467394947 0.020411586277183202
    outer loop
      vertex 88.46676670145618 -144.79660449181037 -23.335565261452096
      vertex 88.8301270189222 -145.34004449227533 -23.355544673233894
      vertex 88.46676670145618 -144.7360325689478 -24.98312156331457
    endloop
  endfacet
  facet normal 0.8968727415326976 0.4419900845528003 0.016249635461501346
    outer loop
      vertex 88.8301270189222 -145.34004449227533 -23.355544673233894
      vertex 89.11939766255644 -145.9262313063981 -23.37709565904723
      vertex 88.8301270189222 -145.2802071066106 -24.98312156331457
    endloop
  endfacet
  facet normal 0.946930129495102 0.3212224494766391 0.011809648877817932
    outer loop
      vertex 89.11939766255644 -145.9262313063981 -23.37709565904723
      vertex 89.32962913144534 -146.54513511526733 -23.39984947554978
      vertex 89.11939766255644 -145.86718623638828 -24.98312156331457
    endloop
  endfacet
  facet normal 0.9807852804032314 0.19495860923019978 0.0071675959275816145
    outer loop
      vertex 89.32962913144534 -146.54513511526733 -23.39984947554978
      vertex 89.45722430686905 -147.18616630312076 -23.423416798632623
      vertex 89.32962913144534 -146.4869265826289 -24.98312156331457
    endloop
  endfacet
  facet normal 0.9978589232386034 0.065358973127115 0.0024029034237912313
    outer loop
      vertex 89.45722430686905 -147.18616630312076 -23.423416798632623
      vertex 89.5 -147.83835664860678 -23.447394384863728
      vertex 89.45722430686905 -147.12882421618392 -24.98312156331457
    endloop
  endfacet
  facet normal 0.8314696123025463 0.5551951467395065 0.020411586277189413
    outer loop
      vertex 88.8301270189222 -145.34004449227533 -23.355544673233894
      vertex 88.8301270189222 -145.2802071066106 -24.98312156331457
      vertex 88.46676670145618 -144.7360325689478 -24.98312156331457
    endloop
  endfacet
  facet normal 0.8968727415326986 0.4419900845527983 0.016249635461500374
    outer loop
      vertex 89.11939766255644 -145.9262313063981 -23.37709565904723
      vertex 89.11939766255644 -145.86718623638828 -24.98312156331457
      vertex 88.8301270189222 -145.2802071066106 -24.98312156331457
    endloop
  endfacet
  facet normal 0.9469301294951014 0.32122244947664114 0.011809648877818907
    outer loop
      vertex 89.32962913144534 -146.54513511526733 -23.39984947554978
      vertex 89.32962913144534 -146.4869265826289 -24.98312156331457
      vertex 89.11939766255644 -145.86718623638828 -24.98312156331457
    endloop
  endfacet
  facet normal 0.9807852804032314 0.1949586092301997 0.007167595927581583
    outer loop
      vertex 89.45722430686905 -147.18616630312076 -23.423416798632623
      vertex 89.45722430686905 -147.12882421618392 -24.98312156331457
      vertex 89.32962913144534 -146.4869265826289 -24.98312156331457
    endloop
  endfacet
  facet normal 0.9978589232386036 -0.06535897312711215 -0.00240290342379127
    outer loop
      vertex 89.5 -147.83835664860678 -23.447394384863728
      vertex 89.45722430686905 -148.49054699409282 -23.471371971094833
      vertex 89.5 -147.7818960905755 -24.983121563314572
    endloop
  endfacet
  facet normal 0.9807852804032297 -0.1949586092302082 -0.007167595927579128
    outer loop
      vertex 89.32962913144534 -149.13157818194622 -23.494939294177676
      vertex 89.45722430686905 -148.43496796496711 -24.98312156331457
      vertex 89.45722430686905 -148.49054699409282 -23.471371971094833
    endloop
  endfacet
  facet normal 0.9469301294951066 -0.32122244947662604 -0.011809648877813626
    outer loop
      vertex 89.32962913144534 -149.13157818194622 -23.494939294177676
      vertex 89.11939766255644 -149.75048199081547 -23.517693110680224
      vertex 89.32962913144534 -149.0768655985221 -24.98312156331457
    endloop
  endfacet
  facet normal 0.9978589232386033 0.0653589731271153 0.0024029034237913857
    outer loop
      vertex 89.5 -147.83835664860678 -23.447394384863728
      vertex 89.5 -147.7818960905755 -24.983121563314572
      vertex 89.45722430686905 -147.12882421618392 -24.98312156331457
    endloop
  endfacet
  facet normal 0.9978589232386038 -0.0653589731271097 -0.0024029034237901085
    outer loop
      vertex 89.45722430686905 -148.49054699409282 -23.471371971094833
      vertex 89.45722430686905 -148.43496796496711 -24.98312156331457
      vertex 89.5 -147.7818960905755 -24.983121563314572
    endloop
  endfacet
  facet normal 0.9807852804032298 -0.19495860923020802 -0.007167595927579049
    outer loop
      vertex 89.32962913144534 -149.13157818194622 -23.494939294177676
      vertex 89.32962913144534 -149.0768655985221 -24.98312156331457
      vertex 89.45722430686905 -148.43496796496711 -24.98312156331457
    endloop
  endfacet
  facet normal 0.9469301294951059 -0.3212224494766279 -0.01180964887781461
    outer loop
      vertex 89.11939766255644 -149.75048199081547 -23.517693110680224
      vertex 89.11939766255644 -149.69660594476275 -24.98312156331457
      vertex 89.32962913144534 -149.0768655985221 -24.98312156331457
    endloop
  endfacet
  facet normal 0.8968727415326889 -0.44199008455281763 -0.01624963546149708
    outer loop
      vertex 88.8301270189222 -150.33666880493823 -23.53924409649356
      vertex 89.11939766255644 -149.69660594476275 -24.98312156331457
      vertex 89.11939766255644 -149.75048199081547 -23.517693110680224
    endloop
  endfacet
  facet normal 0.5555702330196212 -0.8309082560142473 -0.030548097647574077
    outer loop
      vertex 87 -152.16556023653982 -23.606482752067148
      vertex 87 -152.1149485155381 -24.983121563314572
      vertex 87.5438071450436 -151.75134271417218 -24.98312156331457
    endloop
  endfacet
  facet normal 0.6593458151000723 -0.7513322122554486 -0.02762250780350671
    outer loop
      vertex 87.5438071450436 -151.8024452372383 -23.59313293591636
      vertex 87.5438071450436 -151.75134271417218 -24.98312156331457
      vertex 88.03553390593274 -151.31981858053803 -24.98312156331457
    endloop
  endfacet
  facet normal 0.7518398074789612 -0.6589006660363276 -0.02422428919251612
    outer loop
      vertex 88.46676670145618 -150.8277596122032 -24.98312156331457
      vertex 88.03553390593274 -151.3715035831323 -23.577289492750694
      vertex 88.03553390593274 -151.31981858053803 -24.98312156331457
    endloop
  endfacet
  facet normal 0.89687274153269 -0.4419900845528155 -0.016249635461495934
    outer loop
      vertex 88.8301270189222 -150.33666880493823 -23.53924409649356
      vertex 88.8301270189222 -150.2835850745404 -24.98312156331457
      vertex 89.11939766255644 -149.69660594476275 -24.98312156331457
    endloop
  endfacet
  facet normal 0.8314696123025463 -0.5551951467395065 -0.020411586277188493
    outer loop
      vertex 88.46676670145618 -150.88010880540318 -23.55922350827536
      vertex 88.46676670145618 -150.8277596122032 -24.98312156331457
      vertex 88.8301270189222 -150.2835850745404 -24.98312156331457
    endloop
  endfacet
  facet normal -4.587777637062451e-17 -0.036739884651933126 0.9993248625325815
    outer loop
      vertex -90.1 -153.39783599413732 -24.652462601447134
      vertex -90.1 -21.57219067012679 -19.805931523358513
      vertex -96.1 -21.57219067012679 -19.805931523358513
    endloop
  endfacet
  facet normal -4.142106518721757e-16 -0.03673988465193315 0.9993248625325815
    outer loop
      vertex -96.1 -159.3937851693328 -24.872901909358735
      vertex -90.1 -153.39783599413732 -24.652462601447134
      vertex -96.1 -21.57219067012679 -19.805931523358513
    endloop
  endfacet
  facet normal -4.709019393699947e-21 -0.036739884651933556 0.9993248625325812
    outer loop
      vertex -96.1 -159.3937851693328 -24.872901909358735
      vertex 90.1 -153.39783599413732 -24.652462601447134
      vertex -90.1 -153.39783599413732 -24.652462601447134
    endloop
  endfacet
  facet normal -4.587777637062451e-17 -0.036739884651933126 0.9993248625325815
    outer loop
      vertex 90.1 -153.39783599413732 -24.652462601447134
      vertex 96.1 -21.57219067012679 -19.805931523358513
      vertex 90.1 -21.57219067012679 -19.805931523358513
    endloop
  endfacet
  facet normal 0 -0.03673988465193355 0.9993248625325812
    outer loop
      vertex -96.1 -159.3937851693328 -24.872901909358735
      vertex 96.1 -159.3937851693328 -24.872901909358735
      vertex 90.1 -153.39783599413732 -24.652462601447134
    endloop
  endfacet
  facet normal 4.13667827717761e-16 -0.03673988465193315 0.9993248625325815
    outer loop
      vertex 90.1 -153.39783599413732 -24.652462601447134
      vertex 96.1 -159.3937851693328 -24.872901909358735
      vertex 96.1 -21.57219067012679 -19.805931523358513
    endloop
  endfacet
  facet normal 1 0 0
    outer loop
      vertex -90.1 -32.550959688721925 -20.98582211318423
      vertex -90.1 -22.668401076276922 -20.98582211318423
      vertex -90.1 -21.57219067012679 -19.805931523358513
    endloop
  endfacet
  facet normal 1 0 0
    outer loop
      vertex -90.1 -32.550959688721925 -20.98582211318423
      vertex -90.1 -21.57219067012679 -19.805931523358513
      vertex -90.1 -153.39783599413732 -24.652462601447134
    endloop
  endfacet
  facet normal 1 0 0
    outer loop
      vertex -90.1 -32.550959688721925 -20.98582211318423
      vertex -90.1 -153.3856794146569 -24.983121563314576
      vertex -90.1 -32.40400015011419 -24.983121563314562
    endloop
  endfacet
  facet normal 1 0 0
    outer loop
      vertex -90.1 -32.550959688721925 -20.98582211318423
      vertex -90.1 -153.39783599413732 -24.652462601447134
      vertex -90.1 -153.3856794146569 -24.983121563314576
    endloop
  endfacet
  facet normal 0 0.9993248625325801 0.03673988465196909
    outer loop
      vertex -90.1 -153.39783599413732 -24.652462601447134
      vertex 90.1 -153.39783599413732 -24.652462601447134
      vertex -90.1 -153.3856794146569 -24.983121563314576
    endloop
  endfacet
  facet normal -1 0 0
    outer loop
      vertex 90.1 -32.550959688721925 -20.985822113184234
      vertex 90.1 -21.57219067012679 -19.805931523358513
      vertex 90.1 -22.668401076276925 -20.985822113184234
    endloop
  endfacet
  facet normal -1 0 0
    outer loop
      vertex 90.1 -32.550959688721925 -20.985822113184234
      vertex 90.1 -153.39783599413732 -24.652462601447134
      vertex 90.1 -21.57219067012679 -19.805931523358513
    endloop
  endfacet
  facet normal -1 0 0
    outer loop
      vertex 90.1 -32.550959688721925 -20.985822113184234
      vertex 90.1 -32.40400015011419 -24.983121563314555
      vertex 90.1 -153.39783599413732 -24.652462601447134
    endloop
  endfacet
  facet normal 0 0.99932486253258 0.03673988465196909
    outer loop
      vertex -90.1 -153.3856794146569 -24.983121563314576
      vertex 90.1 -153.39783599413732 -24.652462601447134
      vertex 84.48488441949468 -153.3856794146569 -24.983121563314576
    endloop
  endfacet
  facet normal -1 0 0
    outer loop
      vertex 90.1 -32.40400015011419 -24.983121563314555
      vertex 90.1 -153.3856794146569 -24.98312156331457
      vertex 90.1 -153.39783599413732 -24.652462601447134
    endloop
  endfacet
  facet normal -4.649104328814531e-17 0.99932486253258 0.03673988465196988
    outer loop
      vertex 84.48488441949468 -153.3856794146569 -24.983121563314576
      vertex 90.1 -153.39783599413732 -24.652462601447134
      vertex 90.1 -153.3856794146569 -24.98312156331457
    endloop
  endfacet
  facet normal 1.971539222419812e-17 0 1
    outer loop
      vertex -90.1 -32.550959688721925 -20.98582211318423
      vertex 90.1 -32.550959688721925 -20.985822113184234
      vertex -90.1 -22.668401076276922 -20.98582211318423
    endloop
  endfacet
  facet normal 1.971539222419812e-17 0 1
    outer loop
      vertex 90.1 -32.550959688721925 -20.985822113184234
      vertex 90.1 -22.668401076276925 -20.985822113184234
      vertex -90.1 -22.668401076276922 -20.98582211318423
    endloop
  endfacet
  facet normal -7.243412361846526e-19 -0.9993248625325815 -0.03673988465193285
    outer loop
      vertex -90.1 -32.550959688721925 -20.98582211318423
      vertex -90.1 -32.40400015011419 -24.983121563314562
      vertex 90.1 -32.550959688721925 -20.985822113184234
    endloop
  endfacet
  facet normal 1.4486824723693091e-18 -0.9993248625325815 -0.036739884651932946
    outer loop
      vertex -90.1 -32.40400015011419 -24.983121563314562
      vertex 90.1 -32.40400015011419 -24.983121563314555
      vertex 90.1 -32.550959688721925 -20.985822113184234
    endloop
  endfacet
  facet normal 0.8968727415326879 -0.44199008455281963 -0.01624963546149983
    outer loop
      vertex -85.97224318643354 -146.9889305154541 -23.416165482909584
      vertex -86.07059520526919 -147.18823403225582 -23.423492818086117
      vertex -86.07059520526919 -147.07666364724665 -26.4582072903358
    endloop
  endfacet
  facet normal 0.9469301294951005 -0.3212224494766435 -0.011809648877817156
    outer loop
      vertex -86.14207390469142 -147.39866132727136 -23.431229115696986
      vertex -86.14207390469142 -147.28709094226218 -26.46594358794666
      vertex -86.07059520526919 -147.18823403225582 -23.423492818086117
    endloop
  endfacet
  facet normal 0.7518398074789455 -0.6589006660363453 -0.0242242891925114
    outer loop
      vertex -85.70208152801713 -146.63708669086813 -23.40323004818216
      vertex -85.8487006784951 -146.80416091529602 -23.409372482903773
      vertex -85.8487006784951 -146.69259053028685 -26.444086955153452
    endloop
  endfacet
  facet normal 0.6593458151000957 -0.7513322122554281 -0.027622507803506908
    outer loop
      vertex -85.70208152801713 -146.63708669086813 -23.40323004818216
      vertex -85.70208152801713 -146.52551630585896 -26.437944520431838
      vertex -85.53489442931482 -146.49056652847207 -23.397843277505835
    endloop
  endfacet
  facet normal 0.5555702330196357 -0.8309082560142376 -0.030548097647580666
    outer loop
      vertex -85.53489442931482 -146.49056652847207 -23.397843277505835
      vertex -85.53489442931482 -146.3789961434629 -26.43255774975551
      vertex -85.35 -146.36710742870955 -23.393304340014566
    endloop
  endfacet
  facet normal 0.4422886902190611 -0.8962672291413438 -0.03295100107137121
    outer loop
      vertex -85.35 -146.36710742870955 -23.393304340014566
      vertex -85.35 -146.25553704370037 -26.42801881226424
      vertex -85.15056183502065 -146.2688218110068 -23.389690898187258
    endloop
  endfacet
  facet normal 0.8314696123025405 -0.5551951467395156 -0.02041158627718698
    outer loop
      vertex -85.97224318643354 -146.9889305154541 -23.416165482909584
      vertex -85.97224318643354 -146.8773601304449 -26.450879955159262
      vertex -85.8487006784951 -146.80416091529602 -23.409372482903773
    endloop
  endfacet
  facet normal 0.19509032201614068 -0.9801231155129351 -0.036033938070326614
    outer loop
      vertex -84.93999237667428 -146.1973913695327 -23.387064779015418
      vertex -84.93999237667428 -146.08582098452354 -26.421779251265093
      vertex -84.7218945267741 -146.15403829894507 -23.385470916126167
    endloop
  endfacet
  facet normal 0.06540312923019738 -0.9971852312923237 -0.036661221738686446
    outer loop
      vertex -84.7218945267741 -146.15403829894507 -23.385470916126167
      vertex -84.7218945267741 -146.0424679139359 -26.42018538837584
      vertex -84.5 -146.1395043823014 -23.38493658095544
    endloop
  endfacet
  facet normal -0.06540312923019738 -0.9971852312923237 -0.03666122173868636
    outer loop
      vertex -84.5 -146.1395043823014 -23.38493658095544
      vertex -84.5 -146.02793399729222 -26.419651053205122
      vertex -84.2781054732259 -146.15403829894507 -23.385470916126167
    endloop
  endfacet
  facet normal -0.19509032201614068 -0.9801231155129351 -0.036033938070326614
    outer loop
      vertex -84.2781054732259 -146.15403829894507 -23.385470916126167
      vertex -84.2781054732259 -146.0424679139359 -26.42018538837584
      vertex -84.06000762332572 -146.1973913695327 -23.387064779015418
    endloop
  endfacet
  facet normal 0.3214394653030201 -0.9462908214857041 -0.0347901037310902
    outer loop
      vertex -85.15056183502065 -146.2688218110068 -23.389690898187258
      vertex -85.15056183502065 -146.15725142599763 -26.424405370436936
      vertex -84.93999237667428 -146.1973913695327 -23.387064779015418
    endloop
  endfacet
  facet normal -0.3214394653030201 -0.946290821485704 -0.03479010373109023
    outer loop
      vertex -84.06000762332572 -146.1973913695327 -23.387064779015418
      vertex -84.06000762332572 -146.08582098452354 -26.421779251265093
      vertex -83.84943816497935 -146.2688218110068 -23.389690898187258
    endloop
  endfacet
  facet normal -0.44228869021906103 -0.8962672291413437 -0.03295100107137116
    outer loop
      vertex -83.84943816497935 -146.2688218110068 -23.389690898187258
      vertex -83.84943816497935 -146.15725142599763 -26.424405370436936
      vertex -83.65 -146.36710742870955 -23.393304340014566
    endloop
  endfacet
  facet normal -0.5555702330196357 -0.8309082560142376 -0.030548097647580666
    outer loop
      vertex -83.65 -146.36710742870955 -23.393304340014566
      vertex -83.65 -146.25553704370037 -26.42801881226424
      vertex -83.46510557068518 -146.49056652847207 -23.397843277505835
    endloop
  endfacet
  facet normal -0.6593458151000956 -0.7513322122554281 -0.027622507803506936
    outer loop
      vertex -83.46510557068518 -146.49056652847207 -23.397843277505835
      vertex -83.46510557068518 -146.3789961434629 -26.43255774975551
      vertex -83.29791847198287 -146.63708669086813 -23.40323004818216
    endloop
  endfacet
  facet normal -0.7518398074789455 -0.6589006660363452 -0.024224289192511392
    outer loop
      vertex -83.29791847198287 -146.63708669086813 -23.40323004818216
      vertex -83.29791847198287 -146.52551630585896 -26.437944520431838
      vertex -83.1512993215049 -146.80416091529602 -23.409372482903773
    endloop
  endfacet
  facet normal -0.8314696123025405 -0.5551951467395156 -0.02041158627718698
    outer loop
      vertex -83.1512993215049 -146.80416091529602 -23.409372482903773
      vertex -83.1512993215049 -146.69259053028685 -26.444086955153452
      vertex -83.02775681356646 -146.9889305154541 -23.416165482909584
    endloop
  endfacet
  facet normal -0.8968727415326879 -0.44199008455281963 -0.01624963546149985
    outer loop
      vertex -83.02775681356646 -146.9889305154541 -23.416165482909584
      vertex -83.02775681356646 -146.8773601304449 -26.450879955159262
      vertex -82.92940479473081 -147.18823403225582 -23.423492818086117
    endloop
  endfacet
  facet normal -0.9469301294951005 -0.32122244947664347 -0.011809648877817127
    outer loop
      vertex -82.92940479473081 -147.18823403225582 -23.423492818086117
      vertex -82.92940479473081 -147.07666364724665 -26.4582072903358
      vertex -82.85792609530858 -147.39866132727136 -23.431229115696986
    endloop
  endfacet
  facet normal 0.8968727415326881 -0.4419900845528194 -0.016249635461499844
    outer loop
      vertex -85.97224318643354 -146.9889305154541 -23.416165482909584
      vertex -86.07059520526919 -147.07666364724665 -26.4582072903358
      vertex -85.97224318643354 -146.8773601304449 -26.450879955159262
    endloop
  endfacet
  facet normal 0.9469301294951004 -0.3212224494766439 -0.011809648877817143
    outer loop
      vertex -86.07059520526919 -147.18823403225582 -23.423492818086117
      vertex -86.14207390469142 -147.28709094226218 -26.46594358794666
      vertex -86.07059520526919 -147.07666364724665 -26.4582072903358
    endloop
  endfacet
  facet normal 0.7518398074789457 -0.6589006660363452 -0.024224289192511392
    outer loop
      vertex -85.70208152801713 -146.63708669086813 -23.40323004818216
      vertex -85.8487006784951 -146.69259053028685 -26.444086955153452
      vertex -85.70208152801713 -146.52551630585896 -26.437944520431838
    endloop
  endfacet
  facet normal 0.659345815100096 -0.7513322122554279 -0.027622507803506925
    outer loop
      vertex -85.53489442931482 -146.49056652847207 -23.397843277505835
      vertex -85.70208152801713 -146.52551630585896 -26.437944520431838
      vertex -85.53489442931482 -146.3789961434629 -26.43255774975551
    endloop
  endfacet
  facet normal 0.5555702330196357 -0.8309082560142375 -0.03054809764758066
    outer loop
      vertex -85.35 -146.36710742870955 -23.393304340014566
      vertex -85.53489442931482 -146.3789961434629 -26.43255774975551
      vertex -85.35 -146.25553704370037 -26.42801881226424
    endloop
  endfacet
  facet normal 0.4422886902190605 -0.8962672291413439 -0.032951001071371167
    outer loop
      vertex -85.15056183502065 -146.2688218110068 -23.389690898187258
      vertex -85.35 -146.25553704370037 -26.42801881226424
      vertex -85.15056183502065 -146.15725142599763 -26.424405370436936
    endloop
  endfacet
  facet normal 0.8314696123025405 -0.5551951467395156 -0.02041158627718698
    outer loop
      vertex -85.8487006784951 -146.80416091529602 -23.409372482903773
      vertex -85.97224318643354 -146.8773601304449 -26.450879955159262
      vertex -85.8487006784951 -146.69259053028685 -26.444086955153452
    endloop
  endfacet
  facet normal 0.19509032201614068 -0.9801231155129351 -0.036033938070326614
    outer loop
      vertex -84.7218945267741 -146.15403829894507 -23.385470916126167
      vertex -84.93999237667428 -146.08582098452354 -26.421779251265093
      vertex -84.7218945267741 -146.0424679139359 -26.42018538837584
    endloop
  endfacet
  facet normal 0.06540312923019626 -0.9971852312923237 -0.03666122173868636
    outer loop
      vertex -84.5 -146.1395043823014 -23.38493658095544
      vertex -84.7218945267741 -146.0424679139359 -26.42018538837584
      vertex -84.5 -146.02793399729222 -26.419651053205122
    endloop
  endfacet
  facet normal -0.06540312923019623 -0.9971852312923238 -0.03666122173868645
    outer loop
      vertex -84.2781054732259 -146.15403829894507 -23.385470916126167
      vertex -84.5 -146.02793399729222 -26.419651053205122
      vertex -84.2781054732259 -146.0424679139359 -26.42018538837584
    endloop
  endfacet
  facet normal -0.19509032201614068 -0.9801231155129353 -0.036033938070326614
    outer loop
      vertex -84.06000762332572 -146.1973913695327 -23.387064779015418
      vertex -84.2781054732259 -146.0424679139359 -26.42018538837584
      vertex -84.06000762332572 -146.08582098452354 -26.421779251265093
    endloop
  endfacet
  facet normal 0.3214394653030206 -0.9462908214857039 -0.03479010373109023
    outer loop
      vertex -84.93999237667428 -146.1973913695327 -23.387064779015418
      vertex -85.15056183502065 -146.15725142599763 -26.424405370436936
      vertex -84.93999237667428 -146.08582098452354 -26.421779251265093
    endloop
  endfacet
  facet normal -0.3214394653030206 -0.9462908214857038 -0.034790103731090184
    outer loop
      vertex -83.84943816497935 -146.2688218110068 -23.389690898187258
      vertex -84.06000762332572 -146.08582098452354 -26.421779251265093
      vertex -83.84943816497935 -146.15725142599763 -26.424405370436936
    endloop
  endfacet
  facet normal -0.4422886902190606 -0.8962672291413439 -0.03295100107137121
    outer loop
      vertex -83.65 -146.36710742870955 -23.393304340014566
      vertex -83.84943816497935 -146.15725142599763 -26.424405370436936
      vertex -83.65 -146.25553704370037 -26.42801881226424
    endloop
  endfacet
  facet normal -0.5555702330196357 -0.8309082560142376 -0.030548097647580666
    outer loop
      vertex -83.46510557068518 -146.49056652847207 -23.397843277505835
      vertex -83.65 -146.25553704370037 -26.42801881226424
      vertex -83.46510557068518 -146.3789961434629 -26.43255774975551
    endloop
  endfacet
  facet normal -0.6593458151000959 -0.7513322122554278 -0.027622507803506894
    outer loop
      vertex -83.29791847198287 -146.63708669086813 -23.40323004818216
      vertex -83.46510557068518 -146.3789961434629 -26.43255774975551
      vertex -83.29791847198287 -146.52551630585896 -26.437944520431838
    endloop
  endfacet
  facet normal -0.7518398074789455 -0.6589006660363452 -0.024224289192511392
    outer loop
      vertex -83.1512993215049 -146.80416091529602 -23.409372482903773
      vertex -83.29791847198287 -146.52551630585896 -26.437944520431838
      vertex -83.1512993215049 -146.69259053028685 -26.444086955153452
    endloop
  endfacet
  facet normal -0.8314696123025405 -0.5551951467395156 -0.02041158627718698
    outer loop
      vertex -83.02775681356646 -146.9889305154541 -23.416165482909584
      vertex -83.1512993215049 -146.69259053028685 -26.444086955153452
      vertex -83.02775681356646 -146.8773601304449 -26.450879955159262
    endloop
  endfacet
  facet normal -0.8968727415326881 -0.44199008455281946 -0.016249635461499823
    outer loop
      vertex -82.92940479473081 -147.18823403225582 -23.423492818086117
      vertex -83.02775681356646 -146.8773601304449 -26.450879955159262
      vertex -82.92940479473081 -147.07666364724665 -26.4582072903358
    endloop
  endfacet
  facet normal -0.9469301294951005 -0.3212224494766439 -0.01180964887781717
    outer loop
      vertex -82.85792609530858 -147.39866132727136 -23.431229115696986
      vertex -82.92940479473081 -147.07666364724665 -26.4582072903358
      vertex -82.85792609530858 -147.28709094226218 -26.46594358794666
    endloop
  endfacet
  facet normal 0.9807852804032372 -0.19495860923017014 -0.007167595927579401
    outer loop
      vertex -86.14207390469142 -147.39866132727136 -23.431229115696986
      vertex -86.18545626433547 -147.61661193114153 -23.439242005545154
      vertex -86.18545626433547 -147.50504154613236 -26.473956477794832
    endloop
  endfacet
  facet normal 0.9978589232386007 -0.06535897312715706 -0.00240290342379241
    outer loop
      vertex -86.18545626433547 -147.61661193114153 -23.439242005545154
      vertex -86.2 -147.83835664860678 -23.447394384863728
      vertex -86.2 -147.7267862635976 -26.482108857113406
    endloop
  endfacet
  facet normal 0.9978589232386011 0.06535897312714871 0.002402903423792101
    outer loop
      vertex -86.2 -147.83835664860678 -23.447394384863728
      vertex -86.18545626433547 -148.06010136607205 -23.4555467641823
      vertex -86.18545626433547 -147.94853098106287 -26.490261236431984
    endloop
  endfacet
  facet normal 0.9807852804032323 0.19495860923019442 0.0071675959275802935
    outer loop
      vertex -86.18545626433547 -148.06010136607205 -23.4555467641823
      vertex -86.14207390469142 -148.2780519699422 -23.463559654030473
      vertex -86.14207390469142 -148.16648158493302 -26.49827412628015
    endloop
  endfacet
  facet normal 0.9469301294951005 0.3212224494766437 0.011809648877817151
    outer loop
      vertex -86.14207390469142 -148.2780519699422 -23.463559654030473
      vertex -86.07059520526919 -148.48847926495773 -23.471295951641338
      vertex -86.07059520526919 -148.37690887994856 -26.506010423891016
    endloop
  endfacet
  facet normal 0.8968727415326879 0.44199008455281963 0.016249635461499847
    outer loop
      vertex -86.07059520526919 -148.48847926495773 -23.471295951641338
      vertex -85.97224318643354 -148.68778278175947 -23.47862328681787
      vertex -85.97224318643354 -148.5762123967503 -26.51333775906755
    endloop
  endfacet
  facet normal 0.8314696123025798 0.5551951467394566 0.02041158627718481
    outer loop
      vertex -85.97224318643354 -148.68778278175947 -23.47862328681787
      vertex -85.8487006784951 -148.87255238191756 -23.485416286823682
      vertex -85.8487006784951 -148.76098199690838 -26.52013075907336
    endloop
  endfacet
  facet normal 0.7518398074789455 0.6589006660363453 0.0242242891925114
    outer loop
      vertex -85.8487006784951 -148.87255238191756 -23.485416286823682
      vertex -85.70208152801713 -149.03962660634545 -23.491558721545296
      vertex -85.70208152801713 -148.92805622133628 -26.526273193794975
    endloop
  endfacet
  facet normal 0.6593458151000956 0.751332212255428 0.02762250780350687
    outer loop
      vertex -85.70208152801713 -149.03962660634545 -23.491558721545296
      vertex -85.53489442931482 -149.1861467687415 -23.49694549222162
      vertex -85.53489442931482 -149.07457638373234 -26.531659964471302
    endloop
  endfacet
  facet normal 0.555570233019636 0.8309082560142372 0.030548097647580614
    outer loop
      vertex -85.53489442931482 -149.1861467687415 -23.49694549222162
      vertex -85.35 -149.30960586850404 -23.501484429712892
      vertex -85.35 -149.19803548349486 -26.53619890196257
    endloop
  endfacet
  facet normal 0.4422886902189578 0.8962672291413946 0.03295100107137303
    outer loop
      vertex -85.35 -149.30960586850404 -23.501484429712892
      vertex -85.15056183502065 -149.40789148620675 -23.505097871540197
      vertex -85.15056183502065 -149.29632110119758 -26.539812343789876
    endloop
  endfacet
  facet normal 0.3214394653031351 0.946290821485665 0.03479010373108876
    outer loop
      vertex -85.15056183502065 -149.40789148620675 -23.505097871540197
      vertex -84.93999237667428 -149.47932192768087 -23.50772399071204
      vertex -84.93999237667428 -149.3677515426717 -26.54243846296172
    endloop
  endfacet
  facet normal 0.19509032201614068 0.9801231155129353 0.036033938070326565
    outer loop
      vertex -84.93999237667428 -149.47932192768087 -23.50772399071204
      vertex -84.7218945267741 -149.5226749982685 -23.509317853601292
      vertex -84.7218945267741 -149.41110461325934 -26.54403232585097
    endloop
  endfacet
  facet normal 0.06540312923006962 0.997185231292332 0.03666122173868676
    outer loop
      vertex -84.7218945267741 -149.5226749982685 -23.509317853601292
      vertex -84.5 -149.53720891491216 -23.509852188772015
      vertex -84.5 -149.42563852990298 -26.54456666102169
    endloop
  endfacet
  facet normal -0.06540312923006962 0.997185231292332 0.03666122173868672
    outer loop
      vertex -84.5 -149.53720891491216 -23.509852188772015
      vertex -84.2781054732259 -149.5226749982685 -23.509317853601292
      vertex -84.2781054732259 -149.41110461325934 -26.54403232585097
    endloop
  endfacet
  facet normal -0.19509032201614068 0.9801231155129351 0.03603393807032657
    outer loop
      vertex -84.2781054732259 -149.5226749982685 -23.509317853601292
      vertex -84.06000762332572 -149.47932192768087 -23.50772399071204
      vertex -84.06000762332572 -149.3677515426717 -26.54243846296172
    endloop
  endfacet
  facet normal -0.3214394653031351 0.946290821485665 0.03479010373108876
    outer loop
      vertex -84.06000762332572 -149.47932192768087 -23.50772399071204
      vertex -83.84943816497935 -149.40789148620675 -23.505097871540197
      vertex -83.84943816497935 -149.29632110119758 -26.539812343789876
    endloop
  endfacet
  facet normal -0.44228869021895784 0.8962672291413946 0.03295100107137304
    outer loop
      vertex -83.84943816497935 -149.40789148620675 -23.505097871540197
      vertex -83.65 -149.30960586850404 -23.501484429712892
      vertex -83.65 -149.19803548349486 -26.53619890196257
    endloop
  endfacet
  facet normal -0.9807852804032372 -0.1949586092301701 -0.007167595927579406
    outer loop
      vertex -82.85792609530858 -147.39866132727136 -23.431229115696986
      vertex -82.85792609530858 -147.28709094226218 -26.46594358794666
      vertex -82.81454373566453 -147.61661193114153 -23.439242005545154
    endloop
  endfacet
  facet normal -0.9469301294951005 0.32122244947664375 0.011809648877817151
    outer loop
      vertex -82.85792609530858 -148.2780519699422 -23.463559654030473
      vertex -82.85792609530858 -148.16648158493302 -26.49827412628015
      vertex -82.92940479473081 -148.48847926495773 -23.471295951641338
    endloop
  endfacet
  facet normal -0.8968727415326879 0.44199008455281963 0.01624963546149985
    outer loop
      vertex -82.92940479473081 -148.48847926495773 -23.471295951641338
      vertex -82.92940479473081 -148.37690887994856 -26.506010423891016
      vertex -83.02775681356646 -148.68778278175947 -23.47862328681787
    endloop
  endfacet
  facet normal -0.9978589232386007 -0.06535897312715706 -0.0024029034237924105
    outer loop
      vertex -82.81454373566453 -147.61661193114153 -23.439242005545154
      vertex -82.81454373566453 -147.50504154613236 -26.473956477794832
      vertex -82.8 -147.83835664860678 -23.447394384863728
    endloop
  endfacet
  facet normal -0.9978589232386013 0.06535897312714874 0.0024029034237921043
    outer loop
      vertex -82.8 -147.83835664860678 -23.447394384863728
      vertex -82.8 -147.7267862635976 -26.482108857113406
      vertex -82.81454373566453 -148.06010136607205 -23.4555467641823
    endloop
  endfacet
  facet normal -0.9807852804032324 0.19495860923019445 0.007167595927580284
    outer loop
      vertex -82.81454373566453 -148.06010136607205 -23.4555467641823
      vertex -82.81454373566453 -147.94853098106287 -26.490261236431984
      vertex -82.85792609530858 -148.2780519699422 -23.463559654030473
    endloop
  endfacet
  facet normal -0.555570233019636 0.8309082560142372 0.03054809764758058
    outer loop
      vertex -83.65 -149.30960586850404 -23.501484429712892
      vertex -83.46510557068518 -149.1861467687415 -23.49694549222162
      vertex -83.46510557068518 -149.07457638373234 -26.531659964471302
    endloop
  endfacet
  facet normal -0.6593458151000957 0.7513322122554281 0.027622507803506908
    outer loop
      vertex -83.46510557068518 -149.1861467687415 -23.49694549222162
      vertex -83.29791847198287 -149.03962660634545 -23.491558721545296
      vertex -83.29791847198287 -148.92805622133628 -26.526273193794975
    endloop
  endfacet
  facet normal -0.8314696123025798 0.5551951467394566 0.02041158627718481
    outer loop
      vertex -83.02775681356646 -148.68778278175947 -23.47862328681787
      vertex -83.02775681356646 -148.5762123967503 -26.51333775906755
      vertex -83.1512993215049 -148.87255238191756 -23.485416286823682
    endloop
  endfacet
  facet normal -0.7518398074789455 0.6589006660363452 0.024224289192511392
    outer loop
      vertex -83.29791847198287 -149.03962660634545 -23.491558721545296
      vertex -83.1512993215049 -148.87255238191756 -23.485416286823682
      vertex -83.1512993215049 -148.76098199690838 -26.52013075907336
    endloop
  endfacet
  facet normal 0.9807852804032372 -0.19495860923017003 -0.007167595927579403
    outer loop
      vertex -86.14207390469142 -147.39866132727136 -23.431229115696986
      vertex -86.18545626433547 -147.50504154613236 -26.473956477794832
      vertex -86.14207390469142 -147.28709094226218 -26.46594358794666
    endloop
  endfacet
  facet normal 0.9978589232386007 -0.06535897312715706 -0.00240290342379241
    outer loop
      vertex -86.18545626433547 -147.61661193114153 -23.439242005545154
      vertex -86.2 -147.7267862635976 -26.482108857113406
      vertex -86.18545626433547 -147.50504154613236 -26.473956477794832
    endloop
  endfacet
  facet normal 0.9978589232386013 0.0653589731271487 0.002402903423792103
    outer loop
      vertex -86.2 -147.83835664860678 -23.447394384863728
      vertex -86.18545626433547 -147.94853098106287 -26.490261236431984
      vertex -86.2 -147.7267862635976 -26.482108857113406
    endloop
  endfacet
  facet normal 0.9807852804032324 0.19495860923019456 0.007167595927580289
    outer loop
      vertex -86.18545626433547 -148.06010136607205 -23.4555467641823
      vertex -86.14207390469142 -148.16648158493302 -26.49827412628015
      vertex -86.18545626433547 -147.94853098106287 -26.490261236431984
    endloop
  endfacet
  facet normal 0.9469301294951005 0.32122244947664375 0.011809648877817151
    outer loop
      vertex -86.14207390469142 -148.2780519699422 -23.463559654030473
      vertex -86.07059520526919 -148.37690887994856 -26.506010423891016
      vertex -86.14207390469142 -148.16648158493302 -26.49827412628015
    endloop
  endfacet
  facet normal 0.8968727415326881 0.44199008455281963 0.01624963546149985
    outer loop
      vertex -86.07059520526919 -148.48847926495773 -23.471295951641338
      vertex -85.97224318643354 -148.5762123967503 -26.51333775906755
      vertex -86.07059520526919 -148.37690887994856 -26.506010423891016
    endloop
  endfacet
  facet normal 0.8314696123025798 0.5551951467394566 0.02041158627718481
    outer loop
      vertex -85.97224318643354 -148.68778278175947 -23.47862328681787
      vertex -85.8487006784951 -148.76098199690838 -26.52013075907336
      vertex -85.97224318643354 -148.5762123967503 -26.51333775906755
    endloop
  endfacet
  facet normal 0.7518398074789457 0.6589006660363452 0.024224289192511392
    outer loop
      vertex -85.8487006784951 -148.87255238191756 -23.485416286823682
      vertex -85.70208152801713 -148.92805622133628 -26.526273193794975
      vertex -85.8487006784951 -148.76098199690838 -26.52013075907336
    endloop
  endfacet
  facet normal 0.659345815100096 0.7513322122554278 0.027622507803506894
    outer loop
      vertex -85.70208152801713 -149.03962660634545 -23.491558721545296
      vertex -85.53489442931482 -149.07457638373234 -26.531659964471302
      vertex -85.70208152801713 -148.92805622133628 -26.526273193794975
    endloop
  endfacet
  facet normal 0.5555702330196356 0.8309082560142375 0.03054809764758059
    outer loop
      vertex -85.53489442931482 -149.1861467687415 -23.49694549222162
      vertex -85.35 -149.19803548349486 -26.53619890196257
      vertex -85.53489442931482 -149.07457638373234 -26.531659964471302
    endloop
  endfacet
  facet normal 0.4422886902189578 0.8962672291413946 0.03295100107137303
    outer loop
      vertex -85.35 -149.30960586850404 -23.501484429712892
      vertex -85.15056183502065 -149.29632110119758 -26.539812343789876
      vertex -85.35 -149.19803548349486 -26.53619890196257
    endloop
  endfacet
  facet normal 0.3214394653031351 0.946290821485665 0.03479010373108876
    outer loop
      vertex -85.15056183502065 -149.40789148620675 -23.505097871540197
      vertex -84.93999237667428 -149.3677515426717 -26.54243846296172
      vertex -85.15056183502065 -149.29632110119758 -26.539812343789876
    endloop
  endfacet
  facet normal 0.1950903220161407 0.9801231155129351 0.03603393807032657
    outer loop
      vertex -84.93999237667428 -149.47932192768087 -23.50772399071204
      vertex -84.7218945267741 -149.41110461325934 -26.54403232585097
      vertex -84.93999237667428 -149.3677515426717 -26.54243846296172
    endloop
  endfacet
  facet normal 0.065403129230069 0.997185231292332 0.03666122173868672
    outer loop
      vertex -84.7218945267741 -149.5226749982685 -23.509317853601292
      vertex -84.5 -149.42563852990298 -26.54456666102169
      vertex -84.7218945267741 -149.41110461325934 -26.54403232585097
    endloop
  endfacet
  facet normal -0.06540312923006904 0.997185231292332 0.03666122173868676
    outer loop
      vertex -84.5 -149.53720891491216 -23.509852188772015
      vertex -84.2781054732259 -149.41110461325934 -26.54403232585097
      vertex -84.5 -149.42563852990298 -26.54456666102169
    endloop
  endfacet
  facet normal -0.19509032201614068 0.9801231155129351 0.03603393807032657
    outer loop
      vertex -84.2781054732259 -149.5226749982685 -23.509317853601292
      vertex -84.06000762332572 -149.3677515426717 -26.54243846296172
      vertex -84.2781054732259 -149.41110461325934 -26.54403232585097
    endloop
  endfacet
  facet normal -0.3214394653031351 0.946290821485665 0.03479010373108876
    outer loop
      vertex -84.06000762332572 -149.47932192768087 -23.50772399071204
      vertex -83.84943816497935 -149.29632110119758 -26.539812343789876
      vertex -84.06000762332572 -149.3677515426717 -26.54243846296172
    endloop
  endfacet
  facet normal -0.44228869021895784 0.8962672291413946 0.03295100107137303
    outer loop
      vertex -83.84943816497935 -149.40789148620675 -23.505097871540197
      vertex -83.65 -149.19803548349486 -26.53619890196257
      vertex -83.84943816497935 -149.29632110119758 -26.539812343789876
    endloop
  endfacet
  facet normal -0.9807852804032323 0.19495860923019456 0.007167595927580297
    outer loop
      vertex -82.85792609530858 -148.2780519699422 -23.463559654030473
      vertex -82.81454373566453 -147.94853098106287 -26.490261236431984
      vertex -82.85792609530858 -148.16648158493302 -26.49827412628015
    endloop
  endfacet
  facet normal -0.9469301294951005 0.32122244947664375 0.011809648877817151
    outer loop
      vertex -82.92940479473081 -148.48847926495773 -23.471295951641338
      vertex -82.85792609530858 -148.16648158493302 -26.49827412628015
      vertex -82.92940479473081 -148.37690887994856 -26.506010423891016
    endloop
  endfacet
  facet normal -0.8968727415326879 0.44199008455281963 0.01624963546149985
    outer loop
      vertex -83.02775681356646 -148.68778278175947 -23.47862328681787
      vertex -82.92940479473081 -148.37690887994856 -26.506010423891016
      vertex -83.02775681356646 -148.5762123967503 -26.51333775906755
    endloop
  endfacet
  facet normal -0.9807852804032372 -0.19495860923017 -0.007167595927579395
    outer loop
      vertex -82.81454373566453 -147.61661193114153 -23.439242005545154
      vertex -82.85792609530858 -147.28709094226218 -26.46594358794666
      vertex -82.81454373566453 -147.50504154613236 -26.473956477794832
    endloop
  endfacet
  facet normal -0.9978589232386007 -0.06535897312715706 -0.00240290342379241
    outer loop
      vertex -82.8 -147.83835664860678 -23.447394384863728
      vertex -82.81454373566453 -147.50504154613236 -26.473956477794832
      vertex -82.8 -147.7267862635976 -26.482108857113406
    endloop
  endfacet
  facet normal -0.9978589232386011 0.0653589731271487 0.0024029034237920996
    outer loop
      vertex -82.81454373566453 -148.06010136607205 -23.4555467641823
      vertex -82.8 -147.7267862635976 -26.482108857113406
      vertex -82.81454373566453 -147.94853098106287 -26.490261236431984
    endloop
  endfacet
  facet normal -0.7518398074789455 0.6589006660363452 0.024224289192511392
    outer loop
      vertex -83.29791847198287 -149.03962660634545 -23.491558721545296
      vertex -83.1512993215049 -148.76098199690838 -26.52013075907336
      vertex -83.29791847198287 -148.92805622133628 -26.526273193794975
    endloop
  endfacet
  facet normal -0.5555702330196356 0.8309082560142375 0.030548097647580624
    outer loop
      vertex -83.65 -149.30960586850404 -23.501484429712892
      vertex -83.46510557068518 -149.07457638373234 -26.531659964471302
      vertex -83.65 -149.19803548349486 -26.53619890196257
    endloop
  endfacet
  facet normal -0.6593458151000959 0.7513322122554278 0.027622507803506856
    outer loop
      vertex -83.46510557068518 -149.1861467687415 -23.49694549222162
      vertex -83.29791847198287 -148.92805622133628 -26.526273193794975
      vertex -83.46510557068518 -149.07457638373234 -26.531659964471302
    endloop
  endfacet
  facet normal -0.8314696123025798 0.5551951467394566 0.02041158627718481
    outer loop
      vertex -83.1512993215049 -148.87255238191756 -23.485416286823682
      vertex -83.02775681356646 -148.5762123967503 -26.51333775906755
      vertex -83.1512993215049 -148.76098199690838 -26.52013075907336
    endloop
  endfacet
  facet normal 4.954826057796574e-15 0.03673988465193339 -0.9993248625325812
    outer loop
      vertex -87.54880245728725 -146.4647835377399 -26.43571169807452
      vertex -87.35788383248865 -146.07790024041884 -26.421488047437716
      vertex -87.35788383248865 -149.37567228677636 -26.542729666789096
    endloop
  endfacet
  facet normal 7.936980880785068e-16 0.036739884651933195 -0.9993248625325815
    outer loop
      vertex -87.11806602296107 -145.719229840112 -26.40830163566173
      vertex -87.11806602296107 -149.73434268708323 -26.555916078565083
      vertex -87.35788383248865 -146.07790024041884 -26.421488047437716
    endloop
  endfacet
  facet normal -3.842290064288154e-15 0.03673988465193264 -0.9993248625325813
    outer loop
      vertex -87.11806602296107 -145.719229840112 -26.40830163566173
      vertex -86.8334523779156 -145.39490928681076 -26.396378085908008
      vertex -86.8334523779156 -150.05866324038448 -26.567839628318804
    endloop
  endfacet
  facet normal 0.659345815100043 -0.751332212255474 -0.027622507803517715
    outer loop
      vertex -86.8334523779156 -145.39490928681076 -26.396378085908008
      vertex -86.8334523779156 -145.3366475932444 -27.981096150912315
      vertex -86.50891271572878 -145.11048779510082 -26.38592141341867
    endloop
  endfacet
  facet normal 0.8314696123025209 -0.5551951467395443 -0.020411586277190957
    outer loop
      vertex -87.11806602296107 -145.719229840112 -26.40830163566173
      vertex -87.35788383248865 -146.07790024041884 -26.421488047437716
      vertex -87.35788383248865 -146.02056170720286 -27.981096150912315
    endloop
  endfacet
  facet normal 0.7518398074790045 -0.6589006660362783 -0.02422428919250617
    outer loop
      vertex -87.11806602296107 -145.719229840112 -26.40830163566173
      vertex -87.11806602296107 -145.66140651234545 -27.981096150912318
      vertex -86.8334523779156 -145.39490928681076 -26.396378085908008
    endloop
  endfacet
  facet normal 0.9469301294951029 -0.32122244947663675 -0.011809648877818485
    outer loop
      vertex -87.54880245728725 -146.4647835377399 -26.43571169807452
      vertex -87.68755522675393 -146.87326005159358 -26.4507292169662
      vertex -87.68755522675393 -146.81699656137496 -27.981096150912318
    endloop
  endfacet
  facet normal 0.9807852804032283 -0.194958609230215 -0.007167595927581781
    outer loop
      vertex -87.68755522675393 -146.87326005159358 -26.4507292169662
      vertex -87.77176804253358 -147.29634063557683 -26.46628365020088
      vertex -87.77176804253358 -147.24064899952126 -27.981096150912318
    endloop
  endfacet
  facet normal 0.8968727415327024 -0.44199008455279026 -0.016249635461502415
    outer loop
      vertex -87.54880245728725 -146.4647835377399 -26.43571169807452
      vertex -87.54880245728725 -146.40796793285614 -27.981096150912318
      vertex -87.35788383248865 -146.07790024041884 -26.421488047437716
    endloop
  endfacet
  facet normal 1.923659391410118e-14 0.03673988465193326 -0.9993248625325813
    outer loop
      vertex -87.68755522675393 -146.87326005159358 -26.4507292169662
      vertex -87.68755522675393 -148.58031247560166 -26.513488497260614
      vertex -87.77176804253358 -147.29634063557683 -26.46628365020088
    endloop
  endfacet
  facet normal -6.3517475592124466e-15 0.03673988465193224 -0.9993248625325815
    outer loop
      vertex -87.54880245728725 -146.4647835377399 -26.43571169807452
      vertex -87.54880245728725 -148.98878898945534 -26.528506016152292
      vertex -87.68755522675393 -146.87326005159358 -26.4507292169662
    endloop
  endfacet
  facet normal -1.0846352684806267e-17 0.03673988465193071 -0.9993248625325815
    outer loop
      vertex -87.77176804253358 -147.29634063557683 -26.46628365020088
      vertex -87.77176804253358 -148.15723189161838 -26.497934064025934
      vertex -87.8 -147.7267862635976 -26.482108857113406
    endloop
  endfacet
  facet normal -1.9655276824044502e-14 0.03673988465193071 -0.9993248625325815
    outer loop
      vertex -87.77176804253358 -147.29634063557683 -26.46628365020088
      vertex -87.68755522675393 -148.58031247560166 -26.513488497260614
      vertex -87.77176804253358 -148.15723189161838 -26.497934064025934
    endloop
  endfacet
  facet normal 9.403740772970254e-15 0.03673988465193326 -0.9993248625325813
    outer loop
      vertex -87.68755522675393 -146.87326005159358 -26.4507292169662
      vertex -87.54880245728725 -148.98878898945534 -26.528506016152292
      vertex -87.68755522675393 -148.58031247560166 -26.513488497260614
    endloop
  endfacet
  facet normal -1.2832870660631852e-14 0.03673988465193223 -0.9993248625325815
    outer loop
      vertex -87.54880245728725 -146.4647835377399 -26.43571169807452
      vertex -87.35788383248865 -149.37567228677636 -26.542729666789096
      vertex -87.54880245728725 -148.98878898945534 -26.528506016152292
    endloop
  endfacet
  facet normal 3.83978828160886e-15 0.03673988465193339 -0.9993248625325815
    outer loop
      vertex -87.35788383248865 -146.07790024041884 -26.421488047437716
      vertex -87.11806602296107 -149.73434268708323 -26.555916078565083
      vertex -87.35788383248865 -149.37567228677636 -26.542729666789096
    endloop
  endfacet
  facet normal 4.48972786963576e-15 0.03673988465193319 -0.9993248625325812
    outer loop
      vertex -87.11806602296107 -145.719229840112 -26.40830163566173
      vertex -86.8334523779156 -150.05866324038448 -26.567839628318804
      vertex -87.11806602296107 -149.73434268708323 -26.555916078565083
    endloop
  endfacet
  facet normal -3.028982480523128e-15 0.03673988465193264 -0.9993248625325813
    outer loop
      vertex -86.8334523779156 -145.39490928681076 -26.396378085908008
      vertex -86.50891271572878 -150.3430847320944 -26.57829630080814
      vertex -86.8334523779156 -150.05866324038448 -26.567839628318804
    endloop
  endfacet
  facet normal 0.9978589232386048 -0.06535897312709335 -0.0024029034237906585
    outer loop
      vertex -87.77176804253358 -147.29634063557683 -26.46628365020088
      vertex -87.8 -147.7267862635976 -26.482108857113406
      vertex -87.8 -147.6716764366197 -27.981096150912318
    endloop
  endfacet
  facet normal 0.9978589232386047 0.06535897312709338 0.002402903423789753
    outer loop
      vertex -87.8 -147.7267862635976 -26.482108857113406
      vertex -87.77176804253358 -148.15723189161838 -26.497934064025934
      vertex -87.77176804253358 -148.10270387371816 -27.98109615091232
    endloop
  endfacet
  facet normal 0.9807852804032309 0.19495860923020236 0.00716759592758318
    outer loop
      vertex -87.77176804253358 -148.15723189161838 -26.497934064025934
      vertex -87.68755522675393 -148.58031247560166 -26.513488497260614
      vertex -87.68755522675393 -148.52635631186445 -27.981096150912318
    endloop
  endfacet
  facet normal 0.9469301294951028 0.3212224494766367 0.011809648877820106
    outer loop
      vertex -87.68755522675393 -148.58031247560166 -26.513488497260614
      vertex -87.54880245728725 -148.98878898945534 -26.528506016152292
      vertex -87.54880245728725 -148.93538494038327 -27.981096150912315
    endloop
  endfacet
  facet normal 0.8968727415326897 0.44199008455281624 0.01624963546150557
    outer loop
      vertex -87.54880245728725 -148.98878898945534 -26.528506016152292
      vertex -87.35788383248865 -149.37567228677636 -26.542729666789096
      vertex -87.35788383248865 -149.32279116603652 -27.981096150912318
    endloop
  endfacet
  facet normal 0.8314696123025413 0.5551951467395141 0.020411586277188996
    outer loop
      vertex -87.35788383248865 -149.37567228677636 -26.542729666789096
      vertex -87.11806602296107 -149.73434268708323 -26.555916078565083
      vertex -87.11806602296107 -149.681946360894 -27.981096150912318
    endloop
  endfacet
  facet normal 0.7518398074790047 0.6589006660362782 0.024224289192512665
    outer loop
      vertex -87.11806602296107 -149.73434268708323 -26.555916078565083
      vertex -86.8334523779156 -150.05866324038448 -26.567839628318804
      vertex -86.8334523779156 -150.006705279995 -27.981096150912318
    endloop
  endfacet
  facet normal 0.8314696123025105 -0.5551951467395603 -0.020411586277186297
    outer loop
      vertex -87.11806602296107 -145.719229840112 -26.40830163566173
      vertex -87.35788383248865 -146.02056170720286 -27.981096150912315
      vertex -87.11806602296107 -145.66140651234545 -27.981096150912318
    endloop
  endfacet
  facet normal 0.7518398074790303 -0.6589006660362484 -0.024224289192515833
    outer loop
      vertex -86.8334523779156 -145.39490928681076 -26.396378085908008
      vertex -87.11806602296107 -145.66140651234545 -27.981096150912318
      vertex -86.8334523779156 -145.3366475932444 -27.981096150912315
    endloop
  endfacet
  facet normal 0.9807852804032284 -0.19495860923021424 -0.007167595927581984
    outer loop
      vertex -87.68755522675393 -146.87326005159358 -26.4507292169662
      vertex -87.77176804253358 -147.24064899952126 -27.981096150912318
      vertex -87.68755522675393 -146.81699656137496 -27.981096150912318
    endloop
  endfacet
  facet normal 0.946930129495104 -0.32122244947663314 -0.01180964887781941
    outer loop
      vertex -87.54880245728725 -146.4647835377399 -26.43571169807452
      vertex -87.68755522675393 -146.81699656137496 -27.981096150912318
      vertex -87.54880245728725 -146.40796793285614 -27.981096150912318
    endloop
  endfacet
  facet normal 0.8968727415327004 -0.4419900845527946 -0.016249635461501256
    outer loop
      vertex -87.35788383248865 -146.07790024041884 -26.421488047437716
      vertex -87.54880245728725 -146.40796793285614 -27.981096150912318
      vertex -87.35788383248865 -146.02056170720286 -27.981096150912315
    endloop
  endfacet
  facet normal 0.9978589232386048 -0.06535897312709456 -0.002402903423790359
    outer loop
      vertex -87.77176804253358 -147.29634063557683 -26.46628365020088
      vertex -87.8 -147.6716764366197 -27.981096150912318
      vertex -87.77176804253358 -147.24064899952126 -27.981096150912318
    endloop
  endfacet
  facet normal 0.9978589232386051 0.06535897312709024 0.002402903423790545
    outer loop
      vertex -87.8 -147.7267862635976 -26.482108857113406
      vertex -87.77176804253358 -148.10270387371816 -27.98109615091232
      vertex -87.8 -147.6716764366197 -27.981096150912318
    endloop
  endfacet
  facet normal 0.9807852804032284 0.19495860923021427 0.007167595927580081
    outer loop
      vertex -87.77176804253358 -148.15723189161838 -26.497934064025934
      vertex -87.68755522675393 -148.52635631186445 -27.981096150912318
      vertex -87.77176804253358 -148.10270387371816 -27.98109615091232
    endloop
  endfacet
  facet normal 0.9469301294951039 0.32122244947663325 0.011809648877821046
    outer loop
      vertex -87.68755522675393 -148.58031247560166 -26.513488497260614
      vertex -87.54880245728725 -148.93538494038327 -27.981096150912315
      vertex -87.68755522675393 -148.52635631186445 -27.981096150912318
    endloop
  endfacet
  facet normal 0.8968727415326874 0.44199008455282063 0.016249635461504302
    outer loop
      vertex -87.54880245728725 -148.98878898945534 -26.528506016152292
      vertex -87.35788383248865 -149.32279116603652 -27.981096150912318
      vertex -87.54880245728725 -148.93538494038327 -27.981096150912315
    endloop
  endfacet
  facet normal 0.831469612302551 0.5551951467394994 0.020411586277193732
    outer loop
      vertex -87.35788383248865 -149.37567228677636 -26.542729666789096
      vertex -87.11806602296107 -149.681946360894 -27.981096150912318
      vertex -87.35788383248865 -149.32279116603652 -27.981096150912318
    endloop
  endfacet
  facet normal 0.7518398074790018 0.6589006660362813 0.02422428919251149
    outer loop
      vertex -87.11806602296107 -149.73434268708323 -26.555916078565083
      vertex -86.8334523779156 -150.006705279995 -27.981096150912318
      vertex -87.11806602296107 -149.681946360894 -27.981096150912318
    endloop
  endfacet
  facet normal 0.6593458151000551 0.7513322122554636 0.027622507803512466
    outer loop
      vertex -86.8334523779156 -150.05866324038448 -26.567839628318804
      vertex -86.50891271572878 -150.29151120819353 -27.981096150912318
      vertex -86.8334523779156 -150.006705279995 -27.981096150912318
    endloop
  endfacet
  facet normal 0.4422886902190071 -0.8962672291413705 -0.03295100107137079
    outer loop
      vertex -86.15 -144.8708318955618 -26.377110534759147
      vertex -86.15 -144.8118618361444 -27.98109615091232
      vertex -85.7628553268048 -144.68004216708002 -26.370096206506144
    endloop
  endfacet
  facet normal 0.3214394653031283 -0.9462908214856668 -0.03479010373110086
    outer loop
      vertex -85.7628553268048 -144.68004216708002 -26.370096206506144
      vertex -85.7628553268048 -144.62081422794742 -27.98109615091232
      vertex -85.35410284883832 -144.54138307480673 -26.3649984457608
    endloop
  endfacet
  facet normal 0.1950903220161551 -0.9801231155129321 -0.036033938070334406
    outer loop
      vertex -85.35410284883832 -144.54138307480673 -26.3649984457608
      vertex -85.35410284883832 -144.48196771799968 -27.981096150912318
      vertex -84.93073643432616 -144.45722711425424 -26.36190447662284
    endloop
  endfacet
  facet normal 0.06540312923013379 -0.9971852312923281 -0.03666122173868183
    outer loop
      vertex -84.93073643432616 -144.45722711425424 -26.36190447662284
      vertex -84.93073643432616 -144.39769800858184 -27.98109615091232
      vertex -84.5 -144.42901421724008 -26.360867237762026
    endloop
  endfacet
  facet normal -0.06540312923013378 -0.9971852312923277 -0.03666122173868824
    outer loop
      vertex -84.5 -144.42901421724008 -26.360867237762026
      vertex -84.5 -144.36944697778603 -27.981096150912315
      vertex -84.06926356567384 -144.45722711425424 -26.36190447662284
    endloop
  endfacet
  facet normal -0.1950903220161551 -0.9801231155129325 -0.03603393807032182
    outer loop
      vertex -84.06926356567384 -144.45722711425424 -26.36190447662284
      vertex -84.06926356567384 -144.39769800858184 -27.98109615091232
      vertex -83.64589715116168 -144.54138307480673 -26.3649984457608
    endloop
  endfacet
  facet normal 2.960025150999052e-15 0.03673988465193306 -0.9993248625325815
    outer loop
      vertex -86.50891271572878 -145.11048779510082 -26.38592141341867
      vertex -86.15 -144.8708318955618 -26.377110534759147
      vertex -86.14207390469142 -147.28709094226218 -26.46594358794666
    endloop
  endfacet
  facet normal -7.359899322744386e-15 0.036739884651931655 -0.9993248625325813
    outer loop
      vertex -86.15 -144.8708318955618 -26.377110534759147
      vertex -85.7628553268048 -144.68004216708002 -26.370096206506144
      vertex -85.70208152801713 -146.52551630585896 -26.437944520431838
    endloop
  endfacet
  facet normal 4.966314543924146e-15 0.03673988465193206 -0.9993248625325815
    outer loop
      vertex -85.7628553268048 -144.68004216708002 -26.370096206506144
      vertex -85.35410284883832 -144.54138307480673 -26.3649984457608
      vertex -85.35 -146.25553704370037 -26.42801881226424
    endloop
  endfacet
  facet normal 6.47300653249298e-16 0.03673988465193381 -0.9993248625325815
    outer loop
      vertex -86.15 -144.8708318955618 -26.377110534759147
      vertex -85.70208152801713 -146.52551630585896 -26.437944520431838
      vertex -85.8487006784951 -146.69259053028685 -26.444086955153452
    endloop
  endfacet
  facet normal 1.3181112563475292e-14 0.036739884651932335 -0.9993248625325815
    outer loop
      vertex -85.7628553268048 -144.68004216708002 -26.370096206506144
      vertex -85.53489442931482 -146.3789961434629 -26.43255774975551
      vertex -85.70208152801713 -146.52551630585896 -26.437944520431838
    endloop
  endfacet
  facet normal -1.5119598731153571e-15 0.03673988465193035 -0.9993248625325813
    outer loop
      vertex -85.7628553268048 -144.68004216708002 -26.370096206506144
      vertex -85.35 -146.25553704370037 -26.42801881226424
      vertex -85.53489442931482 -146.3789961434629 -26.43255774975551
    endloop
  endfacet
  facet normal -7.816573653112197e-15 0.03673988465193202 -0.9993248625325813
    outer loop
      vertex -85.35410284883832 -144.54138307480673 -26.3649984457608
      vertex -85.15056183502065 -146.15725142599763 -26.424405370436936
      vertex -85.35 -146.25553704370037 -26.42801881226424
    endloop
  endfacet
  facet normal -4.71606441369051e-15 0.036739884651932925 -0.9993248625325815
    outer loop
      vertex -86.15 -144.8708318955618 -26.377110534759147
      vertex -85.8487006784951 -146.69259053028685 -26.444086955153452
      vertex -85.97224318643354 -146.8773601304449 -26.450879955159262
    endloop
  endfacet
  facet normal 2.4831208760159744e-14 0.03673988465193554 -0.9993248625325813
    outer loop
      vertex -86.15 -144.8708318955618 -26.377110534759147
      vertex -85.97224318643354 -146.8773601304449 -26.450879955159262
      vertex -86.07059520526919 -147.07666364724665 -26.4582072903358
    endloop
  endfacet
  facet normal 3.547268760454889e-14 0.03673988465193854 -0.9993248625325812
    outer loop
      vertex -86.50891271572878 -145.11048779510082 -26.38592141341867
      vertex -86.14207390469142 -147.28709094226218 -26.46594358794666
      vertex -86.18545626433547 -147.50504154613236 -26.473956477794832
    endloop
  endfacet
  facet normal -4.899861435058425e-14 0.03673988465193289 -0.9993248625325815
    outer loop
      vertex -86.15 -144.8708318955618 -26.377110534759147
      vertex -86.07059520526919 -147.07666364724665 -26.4582072903358
      vertex -86.14207390469142 -147.28709094226218 -26.46594358794666
    endloop
  endfacet
  facet normal 2.6804499844586584e-15 0.036739884651933015 -0.9993248625325813
    outer loop
      vertex -86.8334523779156 -145.39490928681076 -26.396378085908008
      vertex -86.50891271572878 -145.11048779510082 -26.38592141341867
      vertex -86.50891271572878 -150.3430847320944 -26.57829630080814
    endloop
  endfacet
  facet normal -3.123886093965275e-14 0.03673988465192955 -0.9993248625325815
    outer loop
      vertex -86.50891271572878 -145.11048779510082 -26.38592141341867
      vertex -86.18545626433547 -147.50504154613236 -26.473956477794832
      vertex -86.2 -147.7267862635976 -26.482108857113406
    endloop
  endfacet
  facet normal 1.0549806039194071e-13 0.03673988465194585 -0.9993248625325809
    outer loop
      vertex -86.50891271572878 -145.11048779510082 -26.38592141341867
      vertex -86.2 -147.7267862635976 -26.482108857113406
      vertex -86.18545626433547 -147.94853098106287 -26.490261236431984
    endloop
  endfacet
  facet normal 3.3900291843880653e-15 0.03673988465193345 -0.9993248625325813
    outer loop
      vertex -85.35410284883832 -144.54138307480673 -26.3649984457608
      vertex -84.93073643432616 -144.45722711425424 -26.36190447662284
      vertex -84.7218945267741 -146.0424679139359 -26.42018538837584
    endloop
  endfacet
  facet normal -1.565613371937545e-15 0.03673988465193483 -0.9993248625325812
    outer loop
      vertex -84.93073643432616 -144.45722711425424 -26.36190447662284
      vertex -84.5 -144.42901421724008 -26.360867237762026
      vertex -84.5 -146.02793399729222 -26.419651053205122
    endloop
  endfacet
  facet normal 7.646807367078401e-15 0.03673988465193397 -0.9993248625325813
    outer loop
      vertex -85.35410284883832 -144.54138307480673 -26.3649984457608
      vertex -84.93999237667428 -146.08582098452354 -26.421779251265093
      vertex -85.15056183502065 -146.15725142599763 -26.424405370436936
    endloop
  endfacet
  facet normal -6.742360217188679e-16 0.03673988465193173 -0.9993248625325813
    outer loop
      vertex -85.35410284883832 -144.54138307480673 -26.3649984457608
      vertex -84.7218945267741 -146.0424679139359 -26.42018538837584
      vertex -84.93999237667428 -146.08582098452354 -26.421779251265093
    endloop
  endfacet
  facet normal -1.5862566256743813e-14 0.03673988465193091 -0.9993248625325815
    outer loop
      vertex -84.93073643432616 -144.45722711425424 -26.36190447662284
      vertex -84.5 -146.02793399729222 -26.419651053205122
      vertex -84.7218945267741 -146.0424679139359 -26.42018538837584
    endloop
  endfacet
  facet normal 1.6108122121177313e-14 0.036739884651934826 -0.9993248625325812
    outer loop
      vertex -84.5 -144.42901421724008 -26.360867237762026
      vertex -84.2781054732259 -146.0424679139359 -26.42018538837584
      vertex -84.5 -146.02793399729222 -26.419651053205122
    endloop
  endfacet
  facet normal 1.4334991004193706e-15 0.036739884651932814 -0.9993248625325813
    outer loop
      vertex -84.5 -144.42901421724008 -26.360867237762026
      vertex -84.06926356567384 -144.45722711425424 -26.36190447662284
      vertex -84.2781054732259 -146.0424679139359 -26.42018538837584
    endloop
  endfacet
  facet normal -3.3934191211086225e-15 0.03673988465193343 -0.9993248625325813
    outer loop
      vertex -84.06926356567384 -144.45722711425424 -26.36190447662284
      vertex -83.64589715116168 -144.54138307480673 -26.3649984457608
      vertex -83.84943816497935 -146.15725142599763 -26.424405370436936
    endloop
  endfacet
  facet normal 8.927175932964055e-16 0.03673988465193288 -0.9993248625325813
    outer loop
      vertex -84.06926356567384 -144.45722711425424 -26.36190447662284
      vertex -84.06000762332572 -146.08582098452354 -26.421779251265093
      vertex -84.2781054732259 -146.0424679139359 -26.42018538837584
    endloop
  endfacet
  facet normal -8.040284460075947e-15 0.036739884651932835 -0.9993248625325813
    outer loop
      vertex -84.06926356567384 -144.45722711425424 -26.36190447662284
      vertex -83.84943816497935 -146.15725142599763 -26.424405370436936
      vertex -84.06000762332572 -146.08582098452354 -26.421779251265093
    endloop
  endfacet
  facet normal 7.831171170145809e-15 0.03673988465193202 -0.9993248625325813
    outer loop
      vertex -83.64589715116168 -144.54138307480673 -26.3649984457608
      vertex -83.65 -146.25553704370037 -26.42801881226424
      vertex -83.84943816497935 -146.15725142599763 -26.424405370436936
    endloop
  endfacet
  facet normal 0.5555702330196438 -0.8309082560142321 -0.03054809764758044
    outer loop
      vertex -86.50891271572878 -145.11048779510082 -26.38592141341867
      vertex -86.50891271572878 -145.0518416650459 -27.981096150912318
      vertex -86.15 -144.8708318955618 -26.377110534759147
    endloop
  endfacet
  facet normal -0.32143946530312834 -0.946290821485667 -0.03479010373109651
    outer loop
      vertex -83.64589715116168 -144.54138307480673 -26.3649984457608
      vertex -83.64589715116168 -144.48196771799968 -27.981096150912318
      vertex -83.2371446731952 -144.68004216708002 -26.370096206506144
    endloop
  endfacet
  facet normal -0.442288690219007 -0.8962672291413706 -0.032951001071367815
    outer loop
      vertex -83.2371446731952 -144.68004216708002 -26.370096206506144
      vertex -83.2371446731952 -144.62081422794745 -27.981096150912318
      vertex -82.85 -144.8708318955618 -26.377110534759147
    endloop
  endfacet
  facet normal -5.236572970736816e-15 0.03673988465193126 -0.9993248625325813
    outer loop
      vertex -83.64589715116168 -144.54138307480673 -26.3649984457608
      vertex -83.2371446731952 -144.68004216708002 -26.370096206506144
      vertex -83.46510557068518 -146.3789961434629 -26.43255774975551
    endloop
  endfacet
  facet normal 2.6643535373022994e-15 0.03673988465193204 -0.9993248625325813
    outer loop
      vertex -83.64589715116168 -144.54138307480673 -26.3649984457608
      vertex -83.46510557068518 -146.3789961434629 -26.43255774975551
      vertex -83.65 -146.25553704370037 -26.42801881226424
    endloop
  endfacet
  facet normal -1.321403916094901e-14 0.03673988465193233 -0.9993248625325815
    outer loop
      vertex -83.2371446731952 -144.68004216708002 -26.370096206506144
      vertex -83.29791847198287 -146.52551630585896 -26.437944520431838
      vertex -83.46510557068518 -146.3789961434629 -26.43255774975551
    endloop
  endfacet
  facet normal -2.7360406944117378e-15 0.03673988465193198 -0.9993248625325813
    outer loop
      vertex -83.2371446731952 -144.68004216708002 -26.370096206506144
      vertex -83.1512993215049 -146.69259053028685 -26.444086955153452
      vertex -83.29791847198287 -146.52551630585896 -26.437944520431838
    endloop
  endfacet
  facet normal 7.851357643193853e-15 0.036739884651932654 -0.9993248625325813
    outer loop
      vertex -83.2371446731952 -144.68004216708002 -26.370096206506144
      vertex -82.85 -144.8708318955618 -26.377110534759147
      vertex -83.02775681356646 -146.8773601304449 -26.450879955159262
    endloop
  endfacet
  facet normal 3.737626345001557e-15 0.03673988465193225 -0.9993248625325813
    outer loop
      vertex -83.2371446731952 -144.68004216708002 -26.370096206506144
      vertex -83.02775681356646 -146.8773601304449 -26.450879955159262
      vertex -83.1512993215049 -146.69259053028685 -26.444086955153452
    endloop
  endfacet
  facet normal -2.479932547261271e-14 0.03673988465193555 -0.9993248625325813
    outer loop
      vertex -82.85 -144.8708318955618 -26.377110534759147
      vertex -82.92940479473081 -147.07666364724665 -26.4582072903358
      vertex -83.02775681356646 -146.8773601304449 -26.450879955159262
    endloop
  endfacet
  facet normal 4.8934556523446e-14 0.03673988465193289 -0.9993248625325815
    outer loop
      vertex -82.85 -144.8708318955618 -26.377110534759147
      vertex -82.85792609530858 -147.28709094226218 -26.46594358794666
      vertex -82.92940479473081 -147.07666364724665 -26.4582072903358
    endloop
  endfacet
  facet normal -6.197878900970108e-14 0.03673988465193325 -0.9993248625325813
    outer loop
      vertex -82.85 -144.8708318955618 -26.377110534759147
      vertex -82.81454373566453 -147.50504154613236 -26.473956477794832
      vertex -82.85792609530858 -147.28709094226218 -26.46594358794666
    endloop
  endfacet
  facet normal -2.9890584288369776e-15 0.036739884651933015 -0.9993248625325813
    outer loop
      vertex -82.85 -144.8708318955618 -26.377110534759147
      vertex -82.49108728427122 -145.11048779510082 -26.38592141341867
      vertex -82.49108728427122 -150.3430847320944 -26.57829630080814
    endloop
  endfacet
  facet normal -3.0073872931687e-15 0.03673988465193264 -0.9993248625325813
    outer loop
      vertex -82.49108728427122 -145.11048779510082 -26.38592141341867
      vertex -82.1665476220844 -145.39490928681076 -26.396378085908008
      vertex -82.1665476220844 -150.05866324038448 -26.567839628318804
    endloop
  endfacet
  facet normal 4.4630116664388085e-15 0.03673988465193319 -0.9993248625325812
    outer loop
      vertex -82.1665476220844 -145.39490928681076 -26.396378085908008
      vertex -81.88193397703893 -145.719229840112 -26.40830163566173
      vertex -81.88193397703893 -149.73434268708323 -26.555916078565083
    endloop
  endfacet
  facet normal -4.942641258014728e-16 0.03673988465193339 -0.9993248625325815
    outer loop
      vertex -81.88193397703893 -145.719229840112 -26.40830163566173
      vertex -81.64211616751135 -146.07790024041884 -26.421488047437716
      vertex -81.64211616751135 -149.37567228677636 -26.542729666789096
    endloop
  endfacet
  facet normal -7.308407534695332e-15 0.03673988465193223 -0.9993248625325815
    outer loop
      vertex -81.64211616751135 -146.07790024041884 -26.421488047437716
      vertex -81.45119754271275 -146.4647835377399 -26.43571169807452
      vertex -81.45119754271275 -148.98878898945534 -26.528506016152292
    endloop
  endfacet
  facet normal 9.399758833557665e-15 0.03673988465193326 -0.9993248625325813
    outer loop
      vertex -81.45119754271275 -146.4647835377399 -26.43571169807452
      vertex -81.31244477324607 -146.87326005159358 -26.4507292169662
      vertex -81.31244477324607 -148.58031247560166 -26.513488497260614
    endloop
  endfacet
  facet normal -0.5555702330196438 -0.8309082560142321 -0.030548097647579167
    outer loop
      vertex -82.85 -144.8708318955618 -26.377110534759147
      vertex -82.85 -144.8118618361444 -27.98109615091232
      vertex -82.49108728427122 -145.11048779510082 -26.38592141341867
    endloop
  endfacet
  facet normal -0.6593458151000429 -0.7513322122554743 -0.027622507803508622
    outer loop
      vertex -82.49108728427122 -145.11048779510082 -26.38592141341867
      vertex -82.49108728427122 -145.0518416650459 -27.981096150912318
      vertex -82.1665476220844 -145.39490928681076 -26.396378085908008
    endloop
  endfacet
  facet normal -0.7518398074790045 -0.658900666036278 -0.024224289192516863
    outer loop
      vertex -82.1665476220844 -145.39490928681076 -26.396378085908008
      vertex -82.1665476220844 -145.3366475932444 -27.981096150912318
      vertex -81.88193397703893 -145.719229840112 -26.40830163566173
    endloop
  endfacet
  facet normal -0.8314696123025211 -0.5551951467395446 -0.02041158627718572
    outer loop
      vertex -81.88193397703893 -145.719229840112 -26.40830163566173
      vertex -81.88193397703893 -145.66140651234545 -27.981096150912318
      vertex -81.64211616751135 -146.07790024041884 -26.421488047437716
    endloop
  endfacet
  facet normal -0.8968727415327025 -0.4419900845527903 -0.016249635461501103
    outer loop
      vertex -81.64211616751135 -146.07790024041884 -26.421488047437716
      vertex -81.64211616751135 -146.02056170720286 -27.981096150912315
      vertex -81.45119754271275 -146.4647835377399 -26.43571169807452
    endloop
  endfacet
  facet normal -0.9469301294951028 -0.3212224494766367 -0.01180964887781954
    outer loop
      vertex -81.45119754271275 -146.4647835377399 -26.43571169807452
      vertex -81.45119754271275 -146.40796793285614 -27.981096150912318
      vertex -81.31244477324607 -146.87326005159358 -26.4507292169662
    endloop
  endfacet
  facet normal -0.9807852804032282 -0.194958609230215 -0.007167595927582012
    outer loop
      vertex -81.31244477324607 -146.87326005159358 -26.4507292169662
      vertex -81.31244477324607 -146.81699656137496 -27.981096150912318
      vertex -81.22823195746642 -147.29634063557683 -26.46628365020088
    endloop
  endfacet
  facet normal -5.193572597068241e-15 0.03673988465193307 -0.9993248625325813
    outer loop
      vertex -86.50891271572878 -145.11048779510082 -26.38592141341867
      vertex -86.18545626433547 -147.94853098106287 -26.490261236431984
      vertex -86.15 -150.5827406316334 -26.587107179467665
    endloop
  endfacet
  facet normal -5.843838019740194e-15 0.036739884651933015 -0.9993248625325813
    outer loop
      vertex -86.50891271572878 -145.11048779510082 -26.38592141341867
      vertex -86.15 -150.5827406316334 -26.587107179467665
      vertex -86.50891271572878 -150.3430847320944 -26.57829630080814
    endloop
  endfacet
  facet normal -5.1704297068220115e-15 0.036739884651933064 -0.9993248625325813
    outer loop
      vertex -86.18545626433547 -147.94853098106287 -26.490261236431984
      vertex -86.14207390469142 -148.16648158493302 -26.49827412628015
      vertex -86.15 -150.5827406316334 -26.587107179467665
    endloop
  endfacet
  facet normal -2.5741834589738874e-16 0.03673988465193305 -0.9993248625325815
    outer loop
      vertex -86.14207390469142 -148.16648158493302 -26.49827412628015
      vertex -86.07059520526919 -148.37690887994856 -26.506010423891016
      vertex -86.15 -150.5827406316334 -26.587107179467665
    endloop
  endfacet
  facet normal 5.763366841157048e-15 0.036739884651932835 -0.9993248625325815
    outer loop
      vertex -86.07059520526919 -148.37690887994856 -26.506010423891016
      vertex -85.97224318643354 -148.5762123967503 -26.51333775906755
      vertex -86.15 -150.5827406316334 -26.587107179467665
    endloop
  endfacet
  facet normal 1.6434016266334492e-14 0.03673988465193509 -0.9993248625325813
    outer loop
      vertex -85.97224318643354 -148.5762123967503 -26.51333775906755
      vertex -85.8487006784951 -148.76098199690838 -26.52013075907336
      vertex -85.7628553268048 -150.7735303601152 -26.594121507720672
    endloop
  endfacet
  facet normal -4.7540699360668465e-18 0.03673988465193438 -0.9993248625325813
    outer loop
      vertex -85.8487006784951 -148.76098199690838 -26.52013075907336
      vertex -85.70208152801713 -148.92805622133628 -26.526273193794975
      vertex -85.7628553268048 -150.7735303601152 -26.594121507720672
    endloop
  endfacet
  facet normal -1.1079078987469626e-14 0.03673988465193475 -0.9993248625325812
    outer loop
      vertex -85.70208152801713 -148.92805622133628 -26.526273193794975
      vertex -85.53489442931482 -149.07457638373234 -26.531659964471302
      vertex -85.7628553268048 -150.7735303601152 -26.594121507720672
    endloop
  endfacet
  facet normal 3.0574176149405025e-15 0.03673988465193265 -0.9993248625325813
    outer loop
      vertex -85.53489442931482 -149.07457638373234 -26.531659964471302
      vertex -85.35 -149.19803548349486 -26.53619890196257
      vertex -85.35410284883832 -150.91218945238847 -26.599219268466012
    endloop
  endfacet
  facet normal 2.8984187874416374e-15 0.03673988465193264 -0.9993248625325813
    outer loop
      vertex -85.35 -149.19803548349486 -26.53619890196257
      vertex -85.15056183502065 -149.29632110119758 -26.539812343789876
      vertex -85.35410284883832 -150.91218945238847 -26.599219268466012
    endloop
  endfacet
  facet normal -2.898870622542289e-15 0.03673988465193264 -0.9993248625325813
    outer loop
      vertex -83.84943816497935 -149.29632110119758 -26.539812343789876
      vertex -83.65 -149.19803548349486 -26.53619890196257
      vertex -83.64589715116168 -150.91218945238847 -26.599219268466012
    endloop
  endfacet
  facet normal -9.368557925228418e-16 0.03673988465193343 -0.9993248625325813
    outer loop
      vertex -85.97224318643354 -148.5762123967503 -26.51333775906755
      vertex -85.7628553268048 -150.7735303601152 -26.594121507720672
      vertex -86.15 -150.5827406316334 -26.587107179467665
    endloop
  endfacet
  facet normal 3.9575406839680365e-15 0.03673988465193273 -0.9993248625325813
    outer loop
      vertex -85.53489442931482 -149.07457638373234 -26.531659964471302
      vertex -85.35410284883832 -150.91218945238847 -26.599219268466012
      vertex -85.7628553268048 -150.7735303601152 -26.594121507720672
    endloop
  endfacet
  facet normal -2.850516809889716e-15 0.03673988465193351 -0.9993248625325813
    outer loop
      vertex -85.15056183502065 -149.29632110119758 -26.539812343789876
      vertex -84.93999237667428 -149.3677515426717 -26.54243846296172
      vertex -84.93073643432616 -150.99634541294097 -26.602313237603973
    endloop
  endfacet
  facet normal 1.0352550001764667e-15 0.03673988465193353 -0.9993248625325813
    outer loop
      vertex -84.93999237667428 -149.3677515426717 -26.54243846296172
      vertex -84.7218945267741 -149.41110461325934 -26.54403232585097
      vertex -84.93073643432616 -150.99634541294097 -26.602313237603973
    endloop
  endfacet
  facet normal -3.399504140504363e-15 0.03673988465193343 -0.9993248625325813
    outer loop
      vertex -85.15056183502065 -149.29632110119758 -26.539812343789876
      vertex -84.93073643432616 -150.99634541294097 -26.602313237603973
      vertex -85.35410284883832 -150.91218945238847 -26.599219268466012
    endloop
  endfacet
  facet normal 1.1362544153312792e-14 0.03673988465193419 -0.9993248625325815
    outer loop
      vertex -84.7218945267741 -149.41110461325934 -26.54403232585097
      vertex -84.5 -149.42563852990298 -26.54456666102169
      vertex -84.5 -151.02455830995515 -26.603350476464787
    endloop
  endfacet
  facet normal 3.885702074904805e-15 0.036739884651933154 -0.9993248625325812
    outer loop
      vertex -84.7218945267741 -149.41110461325934 -26.54403232585097
      vertex -84.5 -151.02455830995515 -26.603350476464787
      vertex -84.93073643432616 -150.99634541294097 -26.602313237603973
    endloop
  endfacet
  facet normal -1.1231832256906114e-14 0.03673988465193219 -0.9993248625325813
    outer loop
      vertex -84.5 -149.42563852990298 -26.54456666102169
      vertex -84.2781054732259 -149.41110461325934 -26.54403232585097
      vertex -84.06926356567384 -150.99634541294097 -26.602313237603973
    endloop
  endfacet
  facet normal 2.8959183047706638e-15 0.03673988465193337 -0.9993248625325813
    outer loop
      vertex -84.06000762332572 -149.3677515426717 -26.54243846296172
      vertex -83.84943816497935 -149.29632110119758 -26.539812343789876
      vertex -83.64589715116168 -150.91218945238847 -26.599219268466012
    endloop
  endfacet
  facet normal -8.074352634189335e-16 0.03673988465193238 -0.9993248625325813
    outer loop
      vertex -84.2781054732259 -149.41110461325934 -26.54403232585097
      vertex -84.06000762332572 -149.3677515426717 -26.54243846296172
      vertex -83.64589715116168 -150.91218945238847 -26.599219268466012
    endloop
  endfacet
  facet normal 3.260502294420568e-15 0.0367398846519341 -0.9993248625325813
    outer loop
      vertex -84.2781054732259 -149.41110461325934 -26.54403232585097
      vertex -83.64589715116168 -150.91218945238847 -26.599219268466012
      vertex -84.06926356567384 -150.99634541294097 -26.602313237603973
    endloop
  endfacet
  facet normal -3.9483119817148725e-15 0.03673988465193418 -0.9993248625325813
    outer loop
      vertex -84.5 -149.42563852990298 -26.54456666102169
      vertex -84.06926356567384 -150.99634541294097 -26.602313237603973
      vertex -84.5 -151.02455830995515 -26.603350476464787
    endloop
  endfacet
  facet normal 0.6593458151000429 0.7513322122554744 0.027622507803507907
    outer loop
      vertex -86.8334523779156 -150.05866324038448 -26.567839628318804
      vertex -86.50891271572878 -150.3430847320944 -26.57829630080814
      vertex -86.50891271572878 -150.29151120819353 -27.981096150912318
    endloop
  endfacet
  facet normal 0.5555702330195982 0.8309082560142623 0.030548097647582134
    outer loop
      vertex -86.50891271572878 -150.3430847320944 -26.57829630080814
      vertex -86.15 -150.5827406316334 -26.587107179467665
      vertex -86.15 -150.531491037095 -27.981096150912318
    endloop
  endfacet
  facet normal 0.44228869021900724 0.8962672291413701 0.032951001071376336
    outer loop
      vertex -86.15 -150.5827406316334 -26.587107179467665
      vertex -85.7628553268048 -150.7735303601152 -26.594121507720672
      vertex -85.7628553268048 -150.72253864529196 -27.98109615091232
    endloop
  endfacet
  facet normal 0.32143946530312806 0.946290821485667 0.03479010373109842
    outer loop
      vertex -85.7628553268048 -150.7735303601152 -26.594121507720672
      vertex -85.35410284883832 -150.91218945238847 -26.599219268466012
      vertex -85.35410284883832 -150.8613851552397 -27.981096150912318
    endloop
  endfacet
  facet normal 0.1950903220161551 0.9801231155129322 0.036033938070330805
    outer loop
      vertex -85.35410284883832 -150.91218945238847 -26.599219268466012
      vertex -84.93073643432616 -150.99634541294097 -26.602313237603973
      vertex -84.93073643432616 -150.94565486465757 -27.98109615091232
    endloop
  endfacet
  facet normal 0.06540312923019931 0.9971852312923236 0.03666122173868366
    outer loop
      vertex -84.93073643432616 -150.99634541294097 -26.602313237603973
      vertex -84.5 -151.02455830995515 -26.603350476464787
      vertex -84.5 -150.9739058954534 -27.981096150912315
    endloop
  endfacet
  facet normal -0.06540312923019931 0.9971852312923233 0.03666122173869082
    outer loop
      vertex -84.5 -151.02455830995515 -26.603350476464787
      vertex -84.06926356567384 -150.99634541294097 -26.602313237603973
      vertex -84.06926356567384 -150.94565486465757 -27.98109615091232
    endloop
  endfacet
  facet normal -0.19509032201615503 0.980123115512932 0.036033938070336384
    outer loop
      vertex -84.06926356567384 -150.99634541294097 -26.602313237603973
      vertex -83.64589715116168 -150.91218945238847 -26.599219268466012
      vertex -83.64589715116168 -150.8613851552397 -27.981096150912318
    endloop
  endfacet
  facet normal 1.6796681623177156e-14 0.03673988465193432 -0.9993248625325813
    outer loop
      vertex -82.85 -144.8708318955618 -26.377110534759147
      vertex -82.49108728427122 -150.3430847320944 -26.57829630080814
      vertex -82.81454373566453 -147.50504154613236 -26.473956477794832
    endloop
  endfacet
  facet normal -1.0158323236466956e-13 0.03673988465192084 -0.9993248625325818
    outer loop
      vertex -82.81454373566453 -147.50504154613236 -26.473956477794832
      vertex -82.49108728427122 -150.3430847320944 -26.57829630080814
      vertex -82.8 -147.7267862635976 -26.482108857113406
    endloop
  endfacet
  facet normal 2.654587070899011e-15 0.03673988465193302 -0.9993248625325813
    outer loop
      vertex -82.49108728427122 -145.11048779510082 -26.38592141341867
      vertex -82.1665476220844 -150.05866324038448 -26.567839628318804
      vertex -82.49108728427122 -150.3430847320944 -26.57829630080814
    endloop
  endfacet
  facet normal -3.8748306146916514e-15 0.03673988465193265 -0.9993248625325813
    outer loop
      vertex -82.1665476220844 -145.39490928681076 -26.396378085908008
      vertex -81.88193397703893 -149.73434268708323 -26.555916078565083
      vertex -82.1665476220844 -150.05866324038448 -26.567839628318804
    endloop
  endfacet
  facet normal 2.530701361794878e-16 0.03673988465193305 -0.9993248625325815
    outer loop
      vertex -82.85792609530858 -148.16648158493302 -26.49827412628015
      vertex -82.85 -150.5827406316334 -26.587107179467665
      vertex -82.92940479473081 -148.37690887994856 -26.506010423891016
    endloop
  endfacet
  facet normal -5.7594202233535905e-15 0.036739884651932835 -0.9993248625325815
    outer loop
      vertex -83.02775681356646 -148.5762123967503 -26.51333775906755
      vertex -82.92940479473081 -148.37690887994856 -26.506010423891016
      vertex -82.85 -150.5827406316334 -26.587107179467665
    endloop
  endfacet
  facet normal -3.18471191188981e-15 0.036739884651932835 -0.9993248625325813
    outer loop
      vertex -83.65 -149.19803548349486 -26.53619890196257
      vertex -83.46510557068518 -149.07457638373234 -26.531659964471302
      vertex -83.2371446731952 -150.7735303601152 -26.594121507720672
    endloop
  endfacet
  facet normal 1.1083255037424853e-14 0.03673988465193475 -0.9993248625325812
    outer loop
      vertex -83.46510557068518 -149.07457638373234 -26.531659964471302
      vertex -83.29791847198287 -148.92805622133628 -26.526273193794975
      vertex -83.2371446731952 -150.7735303601152 -26.594121507720672
    endloop
  endfacet
  facet normal 1.0067078590928878e-16 0.0367398846519343 -0.9993248625325813
    outer loop
      vertex -83.29791847198287 -148.92805622133628 -26.526273193794975
      vertex -83.1512993215049 -148.76098199690838 -26.52013075907336
      vertex -82.85 -150.5827406316334 -26.587107179467665
    endloop
  endfacet
  facet normal -1.2215843149751164e-14 0.03673988465193227 -0.9993248625325815
    outer loop
      vertex -83.02775681356646 -148.5762123967503 -26.51333775906755
      vertex -82.85 -150.5827406316334 -26.587107179467665
      vertex -83.1512993215049 -148.76098199690838 -26.52013075907336
    endloop
  endfacet
  facet normal 3.2511543785099274e-14 0.03673988465193666 -0.9993248625325812
    outer loop
      vertex -82.8 -147.7267862635976 -26.482108857113406
      vertex -82.49108728427122 -150.3430847320944 -26.57829630080814
      vertex -82.81454373566453 -147.94853098106287 -26.490261236431984
    endloop
  endfacet
  facet normal 5.479112405585372e-15 0.03673988465193301 -0.9993248625325813
    outer loop
      vertex -82.81454373566453 -147.94853098106287 -26.490261236431984
      vertex -82.49108728427122 -150.3430847320944 -26.57829630080814
      vertex -82.85792609530858 -148.16648158493302 -26.49827412628015
    endloop
  endfacet
  facet normal 5.849743777617052e-15 0.03673988465193307 -0.9993248625325815
    outer loop
      vertex -82.85792609530858 -148.16648158493302 -26.49827412628015
      vertex -82.49108728427122 -150.3430847320944 -26.57829630080814
      vertex -82.85 -150.5827406316334 -26.587107179467665
    endloop
  endfacet
  facet normal -3.5084444376025514e-15 0.036739884651933195 -0.9993248625325815
    outer loop
      vertex -81.88193397703893 -145.719229840112 -26.40830163566173
      vertex -81.64211616751135 -149.37567228677636 -26.542729666789096
      vertex -81.88193397703893 -149.73434268708323 -26.555916078565083
    endloop
  endfacet
  facet normal 1.0386204962483601e-14 0.03673988465193339 -0.9993248625325812
    outer loop
      vertex -81.64211616751135 -146.07790024041884 -26.421488047437716
      vertex -81.45119754271275 -148.98878898945534 -26.528506016152292
      vertex -81.64211616751135 -149.37567228677636 -26.542729666789096
    endloop
  endfacet
  facet normal -6.379329897229124e-15 0.03673988465193224 -0.9993248625325815
    outer loop
      vertex -81.45119754271275 -146.4647835377399 -26.43571169807452
      vertex -81.31244477324607 -148.58031247560166 -26.513488497260614
      vertex -81.45119754271275 -148.98878898945534 -26.528506016152292
    endloop
  endfacet
  facet normal -3.203300220009601e-14 0.03673988465193071 -0.9993248625325815
    outer loop
      vertex -81.31244477324607 -146.87326005159358 -26.4507292169662
      vertex -81.22823195746642 -147.29634063557683 -26.46628365020088
      vertex -81.22823195746642 -148.15723189161838 -26.497934064025934
    endloop
  endfacet
  facet normal -1.0846352684806267e-17 0.03673988465193071 -0.9993248625325815
    outer loop
      vertex -81.22823195746642 -147.29634063557683 -26.46628365020088
      vertex -81.2 -147.7267862635976 -26.482108857113406
      vertex -81.22823195746642 -148.15723189161838 -26.497934064025934
    endloop
  endfacet
  facet normal 6.788500276217599e-15 0.03673988465193326 -0.9993248625325813
    outer loop
      vertex -81.31244477324607 -146.87326005159358 -26.4507292169662
      vertex -81.22823195746642 -148.15723189161838 -26.497934064025934
      vertex -81.31244477324607 -148.58031247560166 -26.513488497260614
    endloop
  endfacet
  facet normal -0.9978589232386048 -0.06535897312709336 -0.0024029034237903098
    outer loop
      vertex -81.22823195746642 -147.29634063557683 -26.46628365020088
      vertex -81.22823195746642 -147.24064899952126 -27.98109615091232
      vertex -81.2 -147.7267862635976 -26.482108857113406
    endloop
  endfacet
  facet normal -0.9978589232386048 0.06535897312709335 0.0024029034237906593
    outer loop
      vertex -81.2 -147.7267862635976 -26.482108857113406
      vertex -81.2 -147.6716764366197 -27.981096150912318
      vertex -81.22823195746642 -148.15723189161838 -26.497934064025934
    endloop
  endfacet
  facet normal -0.9807852804032309 0.1949586092302025 0.007167595927579653
    outer loop
      vertex -81.31244477324607 -148.58031247560166 -26.513488497260614
      vertex -81.22823195746642 -148.15723189161838 -26.497934064025934
      vertex -81.22823195746642 -148.10270387371816 -27.98109615091232
    endloop
  endfacet
  facet normal -0.9469301294951027 0.3212224494766366 0.011809648877821198
    outer loop
      vertex -81.31244477324607 -148.58031247560166 -26.513488497260614
      vertex -81.31244477324607 -148.52635631186445 -27.981096150912315
      vertex -81.45119754271275 -148.98878898945534 -26.528506016152292
    endloop
  endfacet
  facet normal -0.8968727415326896 0.4419900845528164 0.01624963546150407
    outer loop
      vertex -81.64211616751135 -149.37567228677636 -26.542729666789096
      vertex -81.45119754271275 -148.98878898945534 -26.528506016152292
      vertex -81.45119754271275 -148.93538494038327 -27.98109615091232
    endloop
  endfacet
  facet normal -0.8314696123025413 0.5551951467395139 0.020411586277194263
    outer loop
      vertex -81.64211616751135 -149.37567228677636 -26.542729666789096
      vertex -81.64211616751135 -149.32279116603652 -27.981096150912318
      vertex -81.88193397703893 -149.73434268708323 -26.555916078565083
    endloop
  endfacet
  facet normal -3.924101336876449e-15 0.03673988465193265 -0.9993248625325815
    outer loop
      vertex -83.65 -149.19803548349486 -26.53619890196257
      vertex -83.2371446731952 -150.7735303601152 -26.594121507720672
      vertex -83.64589715116168 -150.91218945238847 -26.599219268466012
    endloop
  endfacet
  facet normal 4.507474847362345e-16 0.0367398846519344 -0.9993248625325813
    outer loop
      vertex -83.29791847198287 -148.92805622133628 -26.526273193794975
      vertex -82.85 -150.5827406316334 -26.587107179467665
      vertex -83.2371446731952 -150.7735303601152 -26.594121507720672
    endloop
  endfacet
  facet normal -0.3214394653031281 0.9462908214856673 0.03479010373109327
    outer loop
      vertex -83.2371446731952 -150.7735303601152 -26.594121507720672
      vertex -83.2371446731952 -150.72253864529196 -27.98109615091232
      vertex -83.64589715116168 -150.91218945238847 -26.599219268466012
    endloop
  endfacet
  facet normal -0.44228869021900735 0.8962672291413702 0.032951001071372776
    outer loop
      vertex -83.2371446731952 -150.7735303601152 -26.594121507720672
      vertex -82.85 -150.5827406316334 -26.587107179467665
      vertex -82.85 -150.531491037095 -27.981096150912318
    endloop
  endfacet
  facet normal -0.5555702330195982 0.8309082560142624 0.03054809764758075
    outer loop
      vertex -82.85 -150.5827406316334 -26.587107179467665
      vertex -82.49108728427122 -150.3430847320944 -26.57829630080814
      vertex -82.49108728427122 -150.29151120819353 -27.981096150912318
    endloop
  endfacet
  facet normal -0.6593458151000429 0.7513322122554741 0.027622507803512844
    outer loop
      vertex -82.49108728427122 -150.3430847320944 -26.57829630080814
      vertex -82.1665476220844 -150.05866324038448 -26.567839628318804
      vertex -82.1665476220844 -150.006705279995 -27.981096150912318
    endloop
  endfacet
  facet normal -0.7518398074790045 0.6589006660362782 0.02422428919251137
    outer loop
      vertex -82.1665476220844 -150.05866324038448 -26.567839628318804
      vertex -81.88193397703893 -149.73434268708323 -26.555916078565083
      vertex -81.88193397703893 -149.681946360894 -27.981096150912318
    endloop
  endfacet
  facet normal 0.4422886902190495 -0.8962672291413489 -0.032951001071382754
    outer loop
      vertex -85.7628553268048 -144.68004216708002 -26.370096206506144
      vertex -86.15 -144.8118618361444 -27.98109615091232
      vertex -85.7628553268048 -144.62081422794742 -27.98109615091232
    endloop
  endfacet
  facet normal 0.32143946530311296 -0.9462908214856723 -0.03479010373109671
    outer loop
      vertex -85.35410284883832 -144.54138307480673 -26.3649984457608
      vertex -85.7628553268048 -144.62081422794742 -27.98109615091232
      vertex -85.35410284883832 -144.48196771799968 -27.981096150912318
    endloop
  endfacet
  facet normal 0.19509032201610882 -0.9801231155129417 -0.03603393807032216
    outer loop
      vertex -84.93073643432616 -144.45722711425424 -26.36190447662284
      vertex -85.35410284883832 -144.48196771799968 -27.981096150912318
      vertex -84.93073643432616 -144.39769800858184 -27.98109615091232
    endloop
  endfacet
  facet normal 0.0654031292301578 -0.9971852312923262 -0.03666122173868819
    outer loop
      vertex -84.5 -144.42901421724008 -26.360867237762026
      vertex -84.93073643432616 -144.39769800858184 -27.98109615091232
      vertex -84.5 -144.36944697778603 -27.981096150912315
    endloop
  endfacet
  facet normal -0.06540312923015784 -0.9971852312923264 -0.036661221738681776
    outer loop
      vertex -84.06926356567384 -144.45722711425424 -26.36190447662284
      vertex -84.5 -144.36944697778603 -27.981096150912315
      vertex -84.06926356567384 -144.39769800858184 -27.98109615091232
    endloop
  endfacet
  facet normal -0.19509032201610874 -0.9801231155129413 -0.036033938070334746
    outer loop
      vertex -83.64589715116168 -144.54138307480673 -26.3649984457608
      vertex -84.06926356567384 -144.39769800858184 -27.98109615091232
      vertex -83.64589715116168 -144.48196771799968 -27.981096150912318
    endloop
  endfacet
  facet normal 0.6593458151000178 -0.7513322122554963 -0.027622507803509434
    outer loop
      vertex -86.50891271572878 -145.11048779510082 -26.38592141341867
      vertex -86.8334523779156 -145.3366475932444 -27.981096150912315
      vertex -86.50891271572878 -145.0518416650459 -27.981096150912318
    endloop
  endfacet
  facet normal 0.5555702330196399 -0.8309082560142347 -0.030548097647579264
    outer loop
      vertex -86.15 -144.8708318955618 -26.377110534759147
      vertex -86.50891271572878 -145.0518416650459 -27.981096150912318
      vertex -86.15 -144.8118618361444 -27.98109615091232
    endloop
  endfacet
  facet normal -0.3214394653031718 -0.9462908214856527 -0.03479010373108373
    outer loop
      vertex -83.2371446731952 -144.68004216708002 -26.370096206506144
      vertex -83.64589715116168 -144.48196771799968 -27.981096150912318
      vertex -83.2371446731952 -144.62081422794745 -27.981096150912318
    endloop
  endfacet
  facet normal -0.442288690218997 -0.8962672291413754 -0.03295100107137097
    outer loop
      vertex -82.85 -144.8708318955618 -26.377110534759147
      vertex -83.2371446731952 -144.62081422794745 -27.981096150912318
      vertex -82.85 -144.8118618361444 -27.98109615091232
    endloop
  endfacet
  facet normal -0.5555702330196398 -0.8309082560142348 -0.03054809764758054
    outer loop
      vertex -82.49108728427122 -145.11048779510082 -26.38592141341867
      vertex -82.85 -144.8118618361444 -27.98109615091232
      vertex -82.49108728427122 -145.0518416650459 -27.981096150912318
    endloop
  endfacet
  facet normal -0.6593458151000178 -0.7513322122554962 -0.027622507803518465
    outer loop
      vertex -82.1665476220844 -145.39490928681076 -26.396378085908008
      vertex -82.49108728427122 -145.0518416650459 -27.981096150912318
      vertex -82.1665476220844 -145.3366475932444 -27.981096150912318
    endloop
  endfacet
  facet normal -0.7518398074790305 -0.6589006660362487 -0.024224289192505084
    outer loop
      vertex -81.88193397703893 -145.719229840112 -26.40830163566173
      vertex -82.1665476220844 -145.3366475932444 -27.981096150912318
      vertex -81.88193397703893 -145.66140651234545 -27.981096150912318
    endloop
  endfacet
  facet normal -0.8314696123025104 -0.5551951467395603 -0.020411586277191546
    outer loop
      vertex -81.64211616751135 -146.07790024041884 -26.421488047437716
      vertex -81.88193397703893 -145.66140651234545 -27.981096150912318
      vertex -81.64211616751135 -146.02056170720286 -27.981096150912315
    endloop
  endfacet
  facet normal -0.9807852804032287 -0.1949586092302142 -0.00716759592758174
    outer loop
      vertex -81.22823195746642 -147.29634063557683 -26.46628365020088
      vertex -81.31244477324607 -146.81699656137496 -27.981096150912318
      vertex -81.22823195746642 -147.24064899952126 -27.98109615091232
    endloop
  endfacet
  facet normal -0.8968727415327002 -0.4419900845527945 -0.016249635461502567
    outer loop
      vertex -81.45119754271275 -146.4647835377399 -26.43571169807452
      vertex -81.64211616751135 -146.02056170720286 -27.981096150912315
      vertex -81.45119754271275 -146.40796793285614 -27.981096150912318
    endloop
  endfacet
  facet normal -0.946930129495104 -0.3212224494766331 -0.011809648877818348
    outer loop
      vertex -81.31244477324607 -146.87326005159358 -26.4507292169662
      vertex -81.45119754271275 -146.40796793285614 -27.981096150912318
      vertex -81.31244477324607 -146.81699656137496 -27.981096150912318
    endloop
  endfacet
  facet normal 0.5555702330195945 0.830908256014265 0.030548097647580843
    outer loop
      vertex -86.50891271572878 -150.3430847320944 -26.57829630080814
      vertex -86.15 -150.531491037095 -27.981096150912318
      vertex -86.50891271572878 -150.29151120819353 -27.981096150912318
    endloop
  endfacet
  facet normal 0.44228869021899697 0.8962672291413751 0.03295100107137297
    outer loop
      vertex -86.15 -150.5827406316334 -26.587107179467665
      vertex -85.7628553268048 -150.72253864529196 -27.98109615091232
      vertex -86.15 -150.531491037095 -27.981096150912318
    endloop
  endfacet
  facet normal 0.32143946530311246 0.9462908214856726 0.034790103731093466
    outer loop
      vertex -85.7628553268048 -150.7735303601152 -26.594121507720672
      vertex -85.35410284883832 -150.8613851552397 -27.981096150912318
      vertex -85.7628553268048 -150.72253864529196 -27.98109615091232
    endloop
  endfacet
  facet normal 0.1950903220161726 0.9801231155129284 0.03603393807033626
    outer loop
      vertex -85.35410284883832 -150.91218945238847 -26.599219268466012
      vertex -84.93073643432616 -150.94565486465757 -27.98109615091232
      vertex -85.35410284883832 -150.8613851552397 -27.981096150912318
    endloop
  endfacet
  facet normal 0.06540312923022212 0.9971852312923218 0.03666122173869076
    outer loop
      vertex -84.93073643432616 -150.99634541294097 -26.602313237603973
      vertex -84.5 -150.9739058954534 -27.981096150912315
      vertex -84.93073643432616 -150.94565486465757 -27.98109615091232
    endloop
  endfacet
  facet normal -0.06540312923022215 0.9971852312923222 0.03666122173868361
    outer loop
      vertex -84.5 -151.02455830995515 -26.603350476464787
      vertex -84.06926356567384 -150.94565486465757 -27.98109615091232
      vertex -84.5 -150.9739058954534 -27.981096150912315
    endloop
  endfacet
  facet normal -0.19509032201617266 0.9801231155129287 0.03603393807033067
    outer loop
      vertex -84.06926356567384 -150.99634541294097 -26.602313237603973
      vertex -83.64589715116168 -150.8613851552397 -27.981096150912318
      vertex -84.06926356567384 -150.94565486465757 -27.98109615091232
    endloop
  endfacet
  facet normal -0.9978589232386048 -0.06535897312709459 -0.0024029034237907044
    outer loop
      vertex -81.2 -147.7267862635976 -26.482108857113406
      vertex -81.22823195746642 -147.24064899952126 -27.98109615091232
      vertex -81.2 -147.6716764366197 -27.981096150912318
    endloop
  endfacet
  facet normal -0.997858923238605 0.06535897312709024 0.0024029034237896376
    outer loop
      vertex -81.22823195746642 -148.15723189161838 -26.497934064025934
      vertex -81.2 -147.6716764366197 -27.981096150912318
      vertex -81.22823195746642 -148.10270387371816 -27.98109615091232
    endloop
  endfacet
  facet normal -0.9807852804032284 0.19495860923021435 0.0071675959275836415
    outer loop
      vertex -81.31244477324607 -148.58031247560166 -26.513488497260614
      vertex -81.22823195746642 -148.10270387371816 -27.98109615091232
      vertex -81.31244477324607 -148.52635631186445 -27.981096150912315
    endloop
  endfacet
  facet normal -0.946930129495104 0.321222449476633 0.011809648877819906
    outer loop
      vertex -81.45119754271275 -148.98878898945534 -26.528506016152292
      vertex -81.31244477324607 -148.52635631186445 -27.981096150912315
      vertex -81.45119754271275 -148.93538494038327 -27.98109615091232
    endloop
  endfacet
  facet normal -0.8314696123025511 0.5551951467394994 0.020411586277188448
    outer loop
      vertex -81.88193397703893 -149.73434268708323 -26.555916078565083
      vertex -81.64211616751135 -149.32279116603652 -27.981096150912318
      vertex -81.88193397703893 -149.681946360894 -27.981096150912318
    endloop
  endfacet
  facet normal -0.8968727415326874 0.44199008455282085 0.016249635461505745
    outer loop
      vertex -81.64211616751135 -149.37567228677636 -26.542729666789096
      vertex -81.45119754271275 -148.93538494038327 -27.98109615091232
      vertex -81.64211616751135 -149.32279116603652 -27.981096150912318
    endloop
  endfacet
  facet normal -0.32143946530311235 0.9462908214856723 0.034790103731098615
    outer loop
      vertex -83.64589715116168 -150.91218945238847 -26.599219268466012
      vertex -83.2371446731952 -150.72253864529196 -27.98109615091232
      vertex -83.64589715116168 -150.8613851552397 -27.981096150912318
    endloop
  endfacet
  facet normal -0.44228869021899697 0.8962672291413752 0.032951001071376516
    outer loop
      vertex -83.2371446731952 -150.7735303601152 -26.594121507720672
      vertex -82.85 -150.531491037095 -27.981096150912318
      vertex -83.2371446731952 -150.72253864529196 -27.98109615091232
    endloop
  endfacet
  facet normal -0.7518398074790017 0.6589006660362813 0.024224289192512776
    outer loop
      vertex -82.1665476220844 -150.05866324038448 -26.567839628318804
      vertex -81.88193397703893 -149.681946360894 -27.981096150912318
      vertex -82.1665476220844 -150.006705279995 -27.981096150912318
    endloop
  endfacet
  facet normal -0.6593458151000552 0.7513322122554636 0.027622507803507498
    outer loop
      vertex -82.49108728427122 -150.3430847320944 -26.57829630080814
      vertex -82.1665476220844 -150.006705279995 -27.981096150912318
      vertex -82.49108728427122 -150.29151120819353 -27.981096150912318
    endloop
  endfacet
  facet normal -0.5555702330195946 0.8309082560142649 0.030548097647582227
    outer loop
      vertex -82.85 -150.5827406316334 -26.587107179467665
      vertex -82.49108728427122 -150.29151120819353 -27.981096150912318
      vertex -82.85 -150.531491037095 -27.981096150912318
    endloop
  endfacet
  facet normal 0.7518398074789455 -0.6589006660363453 -0.0242242891925114
    outer loop
      vertex 83.29791847198287 -146.63708669086813 -23.40323004818216
      vertex 83.1512993215049 -146.80416091529602 -23.409372482903773
      vertex 83.1512993215049 -146.69259053028685 -26.444086955153452
    endloop
  endfacet
  facet normal 0.5555702330196357 -0.8309082560142376 -0.030548097647580666
    outer loop
      vertex 83.46510557068518 -146.49056652847207 -23.397843277505835
      vertex 83.46510557068518 -146.3789961434629 -26.43255774975551
      vertex 83.65 -146.36710742870955 -23.393304340014566
    endloop
  endfacet
  facet normal 0.6593458151000957 -0.7513322122554281 -0.027622507803506908
    outer loop
      vertex 83.29791847198287 -146.63708669086813 -23.40323004818216
      vertex 83.29791847198287 -146.52551630585896 -26.437944520431838
      vertex 83.46510557068518 -146.49056652847207 -23.397843277505835
    endloop
  endfacet
  facet normal 0.8968727415326879 -0.44199008455281963 -0.01624963546149983
    outer loop
      vertex 83.02775681356646 -146.9889305154541 -23.416165482909584
      vertex 82.92940479473081 -147.18823403225582 -23.423492818086117
      vertex 82.92940479473081 -147.07666364724665 -26.4582072903358
    endloop
  endfacet
  facet normal 0.8314696123025405 -0.5551951467395156 -0.02041158627718698
    outer loop
      vertex 83.02775681356646 -146.9889305154541 -23.416165482909584
      vertex 83.02775681356646 -146.8773601304449 -26.450879955159262
      vertex 83.1512993215049 -146.80416091529602 -23.409372482903773
    endloop
  endfacet
  facet normal 0.9469301294951007 -0.3212224494766436 -0.011809648877817158
    outer loop
      vertex 82.92940479473081 -147.18823403225582 -23.423492818086117
      vertex 82.85792609530858 -147.39866132727136 -23.431229115696986
      vertex 82.85792609530858 -147.28709094226218 -26.46594358794666
    endloop
  endfacet
  facet normal 0.19509032201614068 -0.9801231155129351 -0.036033938070326614
    outer loop
      vertex 84.06000762332572 -146.1973913695327 -23.387064779015418
      vertex 84.06000762332572 -146.08582098452354 -26.421779251265093
      vertex 84.2781054732259 -146.15403829894507 -23.385470916126167
    endloop
  endfacet
  facet normal 0.06540312923019738 -0.9971852312923237 -0.036661221738686446
    outer loop
      vertex 84.2781054732259 -146.15403829894507 -23.385470916126167
      vertex 84.2781054732259 -146.0424679139359 -26.42018538837584
      vertex 84.5 -146.1395043823014 -23.38493658095544
    endloop
  endfacet
  facet normal -0.06540312923019738 -0.9971852312923237 -0.03666122173868636
    outer loop
      vertex 84.5 -146.1395043823014 -23.38493658095544
      vertex 84.5 -146.02793399729222 -26.419651053205122
      vertex 84.7218945267741 -146.15403829894507 -23.385470916126167
    endloop
  endfacet
  facet normal -0.19509032201614068 -0.9801231155129351 -0.036033938070326614
    outer loop
      vertex 84.7218945267741 -146.15403829894507 -23.385470916126167
      vertex 84.7218945267741 -146.0424679139359 -26.42018538837584
      vertex 84.93999237667428 -146.1973913695327 -23.387064779015418
    endloop
  endfacet
  facet normal 0.4422886902190611 -0.8962672291413438 -0.03295100107137121
    outer loop
      vertex 83.65 -146.36710742870955 -23.393304340014566
      vertex 83.65 -146.25553704370037 -26.42801881226424
      vertex 83.84943816497935 -146.2688218110068 -23.389690898187258
    endloop
  endfacet
  facet normal 0.3214394653030201 -0.9462908214857041 -0.0347901037310902
    outer loop
      vertex 83.84943816497935 -146.2688218110068 -23.389690898187258
      vertex 83.84943816497935 -146.15725142599763 -26.424405370436936
      vertex 84.06000762332572 -146.1973913695327 -23.387064779015418
    endloop
  endfacet
  facet normal -0.3214394653030201 -0.946290821485704 -0.03479010373109023
    outer loop
      vertex 84.93999237667428 -146.1973913695327 -23.387064779015418
      vertex 84.93999237667428 -146.08582098452354 -26.421779251265093
      vertex 85.15056183502065 -146.2688218110068 -23.389690898187258
    endloop
  endfacet
  facet normal -0.44228869021906103 -0.8962672291413437 -0.03295100107137116
    outer loop
      vertex 85.15056183502065 -146.2688218110068 -23.389690898187258
      vertex 85.15056183502065 -146.15725142599763 -26.424405370436936
      vertex 85.35 -146.36710742870955 -23.393304340014566
    endloop
  endfacet
  facet normal -0.5555702330196357 -0.8309082560142376 -0.030548097647580666
    outer loop
      vertex 85.35 -146.36710742870955 -23.393304340014566
      vertex 85.35 -146.25553704370037 -26.42801881226424
      vertex 85.53489442931482 -146.49056652847207 -23.397843277505835
    endloop
  endfacet
  facet normal -0.6593458151000956 -0.7513322122554281 -0.027622507803506936
    outer loop
      vertex 85.53489442931482 -146.49056652847207 -23.397843277505835
      vertex 85.53489442931482 -146.3789961434629 -26.43255774975551
      vertex 85.70208152801713 -146.63708669086813 -23.40323004818216
    endloop
  endfacet
  facet normal -0.7518398074789455 -0.6589006660363452 -0.024224289192511392
    outer loop
      vertex 85.70208152801713 -146.63708669086813 -23.40323004818216
      vertex 85.70208152801713 -146.52551630585896 -26.437944520431838
      vertex 85.8487006784951 -146.80416091529602 -23.409372482903773
    endloop
  endfacet
  facet normal -0.8314696123025405 -0.5551951467395156 -0.02041158627718698
    outer loop
      vertex 85.8487006784951 -146.80416091529602 -23.409372482903773
      vertex 85.8487006784951 -146.69259053028685 -26.444086955153452
      vertex 85.97224318643354 -146.9889305154541 -23.416165482909584
    endloop
  endfacet
  facet normal -0.8968727415326879 -0.44199008455281963 -0.01624963546149985
    outer loop
      vertex 85.97224318643354 -146.9889305154541 -23.416165482909584
      vertex 85.97224318643354 -146.8773601304449 -26.450879955159262
      vertex 86.07059520526919 -147.18823403225582 -23.423492818086117
    endloop
  endfacet
  facet normal -0.9469301294951005 -0.32122244947664347 -0.011809648877817127
    outer loop
      vertex 86.07059520526919 -147.18823403225582 -23.423492818086117
      vertex 86.07059520526919 -147.07666364724665 -26.4582072903358
      vertex 86.14207390469142 -147.39866132727136 -23.431229115696986
    endloop
  endfacet
  facet normal 0.5555702330196357 -0.8309082560142375 -0.03054809764758066
    outer loop
      vertex 83.65 -146.36710742870955 -23.393304340014566
      vertex 83.46510557068518 -146.3789961434629 -26.43255774975551
      vertex 83.65 -146.25553704370037 -26.42801881226424
    endloop
  endfacet
  facet normal 0.659345815100096 -0.7513322122554279 -0.027622507803506925
    outer loop
      vertex 83.46510557068518 -146.49056652847207 -23.397843277505835
      vertex 83.29791847198287 -146.52551630585896 -26.437944520431838
      vertex 83.46510557068518 -146.3789961434629 -26.43255774975551
    endloop
  endfacet
  facet normal 0.7518398074789457 -0.6589006660363452 -0.024224289192511392
    outer loop
      vertex 83.29791847198287 -146.63708669086813 -23.40323004818216
      vertex 83.1512993215049 -146.69259053028685 -26.444086955153452
      vertex 83.29791847198287 -146.52551630585896 -26.437944520431838
    endloop
  endfacet
  facet normal 0.8968727415326881 -0.4419900845528194 -0.016249635461499844
    outer loop
      vertex 83.02775681356646 -146.9889305154541 -23.416165482909584
      vertex 82.92940479473081 -147.07666364724665 -26.4582072903358
      vertex 83.02775681356646 -146.8773601304449 -26.450879955159262
    endloop
  endfacet
  facet normal 0.8314696123025405 -0.5551951467395156 -0.02041158627718698
    outer loop
      vertex 83.1512993215049 -146.80416091529602 -23.409372482903773
      vertex 83.02775681356646 -146.8773601304449 -26.450879955159262
      vertex 83.1512993215049 -146.69259053028685 -26.444086955153452
    endloop
  endfacet
  facet normal 0.9469301294951004 -0.3212224494766439 -0.011809648877817143
    outer loop
      vertex 82.92940479473081 -147.18823403225582 -23.423492818086117
      vertex 82.85792609530858 -147.28709094226218 -26.46594358794666
      vertex 82.92940479473081 -147.07666364724665 -26.4582072903358
    endloop
  endfacet
  facet normal 0.19509032201614068 -0.9801231155129351 -0.036033938070326614
    outer loop
      vertex 84.2781054732259 -146.15403829894507 -23.385470916126167
      vertex 84.06000762332572 -146.08582098452354 -26.421779251265093
      vertex 84.2781054732259 -146.0424679139359 -26.42018538837584
    endloop
  endfacet
  facet normal 0.06540312923019626 -0.9971852312923237 -0.03666122173868636
    outer loop
      vertex 84.5 -146.1395043823014 -23.38493658095544
      vertex 84.2781054732259 -146.0424679139359 -26.42018538837584
      vertex 84.5 -146.02793399729222 -26.419651053205122
    endloop
  endfacet
  facet normal -0.06540312923019623 -0.9971852312923238 -0.03666122173868645
    outer loop
      vertex 84.7218945267741 -146.15403829894507 -23.385470916126167
      vertex 84.5 -146.02793399729222 -26.419651053205122
      vertex 84.7218945267741 -146.0424679139359 -26.42018538837584
    endloop
  endfacet
  facet normal -0.19509032201614068 -0.9801231155129353 -0.036033938070326614
    outer loop
      vertex 84.93999237667428 -146.1973913695327 -23.387064779015418
      vertex 84.7218945267741 -146.0424679139359 -26.42018538837584
      vertex 84.93999237667428 -146.08582098452354 -26.421779251265093
    endloop
  endfacet
  facet normal 0.4422886902190605 -0.8962672291413439 -0.032951001071371167
    outer loop
      vertex 83.84943816497935 -146.2688218110068 -23.389690898187258
      vertex 83.65 -146.25553704370037 -26.42801881226424
      vertex 83.84943816497935 -146.15725142599763 -26.424405370436936
    endloop
  endfacet
  facet normal 0.3214394653030206 -0.9462908214857039 -0.03479010373109023
    outer loop
      vertex 84.06000762332572 -146.1973913695327 -23.387064779015418
      vertex 83.84943816497935 -146.15725142599763 -26.424405370436936
      vertex 84.06000762332572 -146.08582098452354 -26.421779251265093
    endloop
  endfacet
  facet normal -0.3214394653030206 -0.9462908214857038 -0.034790103731090184
    outer loop
      vertex 85.15056183502065 -146.2688218110068 -23.389690898187258
      vertex 84.93999237667428 -146.08582098452354 -26.421779251265093
      vertex 85.15056183502065 -146.15725142599763 -26.424405370436936
    endloop
  endfacet
  facet normal -0.4422886902190606 -0.8962672291413439 -0.03295100107137121
    outer loop
      vertex 85.35 -146.36710742870955 -23.393304340014566
      vertex 85.15056183502065 -146.15725142599763 -26.424405370436936
      vertex 85.35 -146.25553704370037 -26.42801881226424
    endloop
  endfacet
  facet normal -0.5555702330196357 -0.8309082560142376 -0.030548097647580666
    outer loop
      vertex 85.53489442931482 -146.49056652847207 -23.397843277505835
      vertex 85.35 -146.25553704370037 -26.42801881226424
      vertex 85.53489442931482 -146.3789961434629 -26.43255774975551
    endloop
  endfacet
  facet normal -0.6593458151000959 -0.7513322122554278 -0.027622507803506894
    outer loop
      vertex 85.70208152801713 -146.63708669086813 -23.40323004818216
      vertex 85.53489442931482 -146.3789961434629 -26.43255774975551
      vertex 85.70208152801713 -146.52551630585896 -26.437944520431838
    endloop
  endfacet
  facet normal -0.7518398074789455 -0.6589006660363452 -0.024224289192511392
    outer loop
      vertex 85.8487006784951 -146.80416091529602 -23.409372482903773
      vertex 85.70208152801713 -146.52551630585896 -26.437944520431838
      vertex 85.8487006784951 -146.69259053028685 -26.444086955153452
    endloop
  endfacet
  facet normal -0.8314696123025405 -0.5551951467395156 -0.02041158627718698
    outer loop
      vertex 85.97224318643354 -146.9889305154541 -23.416165482909584
      vertex 85.8487006784951 -146.69259053028685 -26.444086955153452
      vertex 85.97224318643354 -146.8773601304449 -26.450879955159262
    endloop
  endfacet
  facet normal -0.8968727415326881 -0.44199008455281946 -0.016249635461499823
    outer loop
      vertex 86.07059520526919 -147.18823403225582 -23.423492818086117
      vertex 85.97224318643354 -146.8773601304449 -26.450879955159262
      vertex 86.07059520526919 -147.07666364724665 -26.4582072903358
    endloop
  endfacet
  facet normal -0.9469301294951005 -0.3212224494766439 -0.01180964887781717
    outer loop
      vertex 86.14207390469142 -147.39866132727136 -23.431229115696986
      vertex 86.07059520526919 -147.07666364724665 -26.4582072903358
      vertex 86.14207390469142 -147.28709094226218 -26.46594358794666
    endloop
  endfacet
  facet normal 0.9807852804032372 -0.19495860923017014 -0.007167595927579399
    outer loop
      vertex 82.81454373566453 -147.61661193114153 -23.439242005545154
      vertex 82.81454373566453 -147.50504154613236 -26.473956477794832
      vertex 82.85792609530858 -147.39866132727136 -23.431229115696986
    endloop
  endfacet
  facet normal 0.9978589232386007 -0.06535897312715706 -0.00240290342379241
    outer loop
      vertex 82.81454373566453 -147.61661193114153 -23.439242005545154
      vertex 82.8 -147.83835664860678 -23.447394384863728
      vertex 82.8 -147.7267862635976 -26.482108857113406
    endloop
  endfacet
  facet normal 0.9978589232386011 0.06535897312714871 0.002402903423792101
    outer loop
      vertex 82.8 -147.83835664860678 -23.447394384863728
      vertex 82.81454373566453 -148.06010136607205 -23.4555467641823
      vertex 82.81454373566453 -147.94853098106287 -26.490261236431984
    endloop
  endfacet
  facet normal 0.9807852804032323 0.19495860923019442 0.0071675959275802935
    outer loop
      vertex 82.81454373566453 -148.06010136607205 -23.4555467641823
      vertex 82.85792609530858 -148.2780519699422 -23.463559654030473
      vertex 82.85792609530858 -148.16648158493302 -26.49827412628015
    endloop
  endfacet
  facet normal 0.9469301294951005 0.3212224494766437 0.011809648877817151
    outer loop
      vertex 82.85792609530858 -148.2780519699422 -23.463559654030473
      vertex 82.92940479473081 -148.48847926495773 -23.471295951641338
      vertex 82.92940479473081 -148.37690887994856 -26.506010423891016
    endloop
  endfacet
  facet normal 0.8968727415326879 0.44199008455281963 0.016249635461499847
    outer loop
      vertex 82.92940479473081 -148.48847926495773 -23.471295951641338
      vertex 83.02775681356646 -148.68778278175947 -23.47862328681787
      vertex 83.02775681356646 -148.5762123967503 -26.51333775906755
    endloop
  endfacet
  facet normal 0.8314696123025798 0.5551951467394566 0.02041158627718481
    outer loop
      vertex 83.02775681356646 -148.68778278175947 -23.47862328681787
      vertex 83.1512993215049 -148.87255238191756 -23.485416286823682
      vertex 83.1512993215049 -148.76098199690838 -26.52013075907336
    endloop
  endfacet
  facet normal 0.7518398074789455 0.6589006660363453 0.0242242891925114
    outer loop
      vertex 83.1512993215049 -148.87255238191756 -23.485416286823682
      vertex 83.29791847198287 -149.03962660634545 -23.491558721545296
      vertex 83.29791847198287 -148.92805622133628 -26.526273193794975
    endloop
  endfacet
  facet normal 0.6593458151000956 0.751332212255428 0.02762250780350687
    outer loop
      vertex 83.29791847198287 -149.03962660634545 -23.491558721545296
      vertex 83.46510557068518 -149.1861467687415 -23.49694549222162
      vertex 83.46510557068518 -149.07457638373234 -26.531659964471302
    endloop
  endfacet
  facet normal 0.555570233019636 0.8309082560142372 0.030548097647580614
    outer loop
      vertex 83.46510557068518 -149.1861467687415 -23.49694549222162
      vertex 83.65 -149.30960586850404 -23.501484429712892
      vertex 83.65 -149.19803548349486 -26.53619890196257
    endloop
  endfacet
  facet normal 0.4422886902189578 0.8962672291413946 0.03295100107137303
    outer loop
      vertex 83.65 -149.30960586850404 -23.501484429712892
      vertex 83.84943816497935 -149.40789148620675 -23.505097871540197
      vertex 83.84943816497935 -149.29632110119758 -26.539812343789876
    endloop
  endfacet
  facet normal 0.3214394653031351 0.946290821485665 0.03479010373108876
    outer loop
      vertex 83.84943816497935 -149.40789148620675 -23.505097871540197
      vertex 84.06000762332572 -149.47932192768087 -23.50772399071204
      vertex 84.06000762332572 -149.3677515426717 -26.54243846296172
    endloop
  endfacet
  facet normal 0.19509032201614068 0.9801231155129353 0.036033938070326565
    outer loop
      vertex 84.06000762332572 -149.47932192768087 -23.50772399071204
      vertex 84.2781054732259 -149.5226749982685 -23.509317853601292
      vertex 84.2781054732259 -149.41110461325934 -26.54403232585097
    endloop
  endfacet
  facet normal 0.06540312923006962 0.997185231292332 0.03666122173868676
    outer loop
      vertex 84.2781054732259 -149.5226749982685 -23.509317853601292
      vertex 84.5 -149.53720891491216 -23.509852188772015
      vertex 84.5 -149.42563852990298 -26.54456666102169
    endloop
  endfacet
  facet normal -0.06540312923006962 0.997185231292332 0.03666122173868672
    outer loop
      vertex 84.5 -149.53720891491216 -23.509852188772015
      vertex 84.7218945267741 -149.5226749982685 -23.509317853601292
      vertex 84.7218945267741 -149.41110461325934 -26.54403232585097
    endloop
  endfacet
  facet normal -0.19509032201614068 0.9801231155129351 0.03603393807032657
    outer loop
      vertex 84.7218945267741 -149.5226749982685 -23.509317853601292
      vertex 84.93999237667428 -149.47932192768087 -23.50772399071204
      vertex 84.93999237667428 -149.3677515426717 -26.54243846296172
    endloop
  endfacet
  facet normal -0.3214394653031351 0.946290821485665 0.03479010373108876
    outer loop
      vertex 84.93999237667428 -149.47932192768087 -23.50772399071204
      vertex 85.15056183502065 -149.40789148620675 -23.505097871540197
      vertex 85.15056183502065 -149.29632110119758 -26.539812343789876
    endloop
  endfacet
  facet normal -0.9807852804032372 -0.1949586092301701 -0.007167595927579406
    outer loop
      vertex 86.14207390469142 -147.39866132727136 -23.431229115696986
      vertex 86.14207390469142 -147.28709094226218 -26.46594358794666
      vertex 86.18545626433547 -147.61661193114153 -23.439242005545154
    endloop
  endfacet
  facet normal -0.9978589232386007 -0.06535897312715706 -0.0024029034237924105
    outer loop
      vertex 86.18545626433547 -147.61661193114153 -23.439242005545154
      vertex 86.18545626433547 -147.50504154613236 -26.473956477794832
      vertex 86.2 -147.83835664860678 -23.447394384863728
    endloop
  endfacet
  facet normal -0.9978589232386013 0.06535897312714874 0.0024029034237921043
    outer loop
      vertex 86.2 -147.83835664860678 -23.447394384863728
      vertex 86.2 -147.7267862635976 -26.482108857113406
      vertex 86.18545626433547 -148.06010136607205 -23.4555467641823
    endloop
  endfacet
  facet normal -0.9469301294951005 0.32122244947664375 0.011809648877817153
    outer loop
      vertex 86.07059520526919 -148.48847926495773 -23.471295951641338
      vertex 86.14207390469142 -148.2780519699422 -23.463559654030473
      vertex 86.14207390469142 -148.16648158493302 -26.49827412628015
    endloop
  endfacet
  facet normal -0.9807852804032324 0.19495860923019445 0.007167595927580284
    outer loop
      vertex 86.18545626433547 -148.06010136607205 -23.4555467641823
      vertex 86.18545626433547 -147.94853098106287 -26.490261236431984
      vertex 86.14207390469142 -148.2780519699422 -23.463559654030473
    endloop
  endfacet
  facet normal -0.8968727415326881 0.44199008455281963 0.016249635461499854
    outer loop
      vertex 85.97224318643354 -148.68778278175947 -23.47862328681787
      vertex 86.07059520526919 -148.48847926495773 -23.471295951641338
      vertex 86.07059520526919 -148.37690887994856 -26.506010423891016
    endloop
  endfacet
  facet normal -0.555570233019636 0.8309082560142372 0.03054809764758058
    outer loop
      vertex 85.35 -149.30960586850404 -23.501484429712892
      vertex 85.53489442931482 -149.1861467687415 -23.49694549222162
      vertex 85.53489442931482 -149.07457638373234 -26.531659964471302
    endloop
  endfacet
  facet normal -0.8314696123025798 0.5551951467394566 0.02041158627718481
    outer loop
      vertex 85.8487006784951 -148.87255238191756 -23.485416286823682
      vertex 85.97224318643354 -148.68778278175947 -23.47862328681787
      vertex 85.97224318643354 -148.5762123967503 -26.51333775906755
    endloop
  endfacet
  facet normal -0.7518398074789455 0.6589006660363452 0.024224289192511392
    outer loop
      vertex 85.70208152801713 -149.03962660634545 -23.491558721545296
      vertex 85.8487006784951 -148.87255238191756 -23.485416286823682
      vertex 85.8487006784951 -148.76098199690838 -26.52013075907336
    endloop
  endfacet
  facet normal -0.6593458151000957 0.7513322122554281 0.027622507803506908
    outer loop
      vertex 85.53489442931482 -149.1861467687415 -23.49694549222162
      vertex 85.70208152801713 -149.03962660634545 -23.491558721545296
      vertex 85.70208152801713 -148.92805622133628 -26.526273193794975
    endloop
  endfacet
  facet normal -0.44228869021895784 0.8962672291413946 0.03295100107137304
    outer loop
      vertex 85.15056183502065 -149.40789148620675 -23.505097871540197
      vertex 85.35 -149.30960586850404 -23.501484429712892
      vertex 85.35 -149.19803548349486 -26.53619890196257
    endloop
  endfacet
  facet normal 0.9978589232386007 -0.06535897312715706 -0.00240290342379241
    outer loop
      vertex 82.81454373566453 -147.61661193114153 -23.439242005545154
      vertex 82.8 -147.7267862635976 -26.482108857113406
      vertex 82.81454373566453 -147.50504154613236 -26.473956477794832
    endloop
  endfacet
  facet normal 0.9978589232386013 0.0653589731271487 0.002402903423792103
    outer loop
      vertex 82.8 -147.83835664860678 -23.447394384863728
      vertex 82.81454373566453 -147.94853098106287 -26.490261236431984
      vertex 82.8 -147.7267862635976 -26.482108857113406
    endloop
  endfacet
  facet normal 0.9807852804032324 0.19495860923019456 0.007167595927580289
    outer loop
      vertex 82.81454373566453 -148.06010136607205 -23.4555467641823
      vertex 82.85792609530858 -148.16648158493302 -26.49827412628015
      vertex 82.81454373566453 -147.94853098106287 -26.490261236431984
    endloop
  endfacet
  facet normal 0.9807852804032372 -0.19495860923017003 -0.007167595927579403
    outer loop
      vertex 82.85792609530858 -147.39866132727136 -23.431229115696986
      vertex 82.81454373566453 -147.50504154613236 -26.473956477794832
      vertex 82.85792609530858 -147.28709094226218 -26.46594358794666
    endloop
  endfacet
  facet normal 0.9469301294951005 0.32122244947664375 0.011809648877817151
    outer loop
      vertex 82.85792609530858 -148.2780519699422 -23.463559654030473
      vertex 82.92940479473081 -148.37690887994856 -26.506010423891016
      vertex 82.85792609530858 -148.16648158493302 -26.49827412628015
    endloop
  endfacet
  facet normal 0.8968727415326881 0.44199008455281963 0.01624963546149985
    outer loop
      vertex 82.92940479473081 -148.48847926495773 -23.471295951641338
      vertex 83.02775681356646 -148.5762123967503 -26.51333775906755
      vertex 82.92940479473081 -148.37690887994856 -26.506010423891016
    endloop
  endfacet
  facet normal 0.8314696123025798 0.5551951467394566 0.02041158627718481
    outer loop
      vertex 83.02775681356646 -148.68778278175947 -23.47862328681787
      vertex 83.1512993215049 -148.76098199690838 -26.52013075907336
      vertex 83.02775681356646 -148.5762123967503 -26.51333775906755
    endloop
  endfacet
  facet normal 0.7518398074789457 0.6589006660363452 0.024224289192511392
    outer loop
      vertex 83.1512993215049 -148.87255238191756 -23.485416286823682
      vertex 83.29791847198287 -148.92805622133628 -26.526273193794975
      vertex 83.1512993215049 -148.76098199690838 -26.52013075907336
    endloop
  endfacet
  facet normal 0.659345815100096 0.7513322122554278 0.027622507803506894
    outer loop
      vertex 83.29791847198287 -149.03962660634545 -23.491558721545296
      vertex 83.46510557068518 -149.07457638373234 -26.531659964471302
      vertex 83.29791847198287 -148.92805622133628 -26.526273193794975
    endloop
  endfacet
  facet normal 0.5555702330196356 0.8309082560142375 0.03054809764758059
    outer loop
      vertex 83.46510557068518 -149.1861467687415 -23.49694549222162
      vertex 83.65 -149.19803548349486 -26.53619890196257
      vertex 83.46510557068518 -149.07457638373234 -26.531659964471302
    endloop
  endfacet
  facet normal 0.4422886902189578 0.8962672291413946 0.03295100107137303
    outer loop
      vertex 83.65 -149.30960586850404 -23.501484429712892
      vertex 83.84943816497935 -149.29632110119758 -26.539812343789876
      vertex 83.65 -149.19803548349486 -26.53619890196257
    endloop
  endfacet
  facet normal 0.3214394653031351 0.946290821485665 0.03479010373108876
    outer loop
      vertex 83.84943816497935 -149.40789148620675 -23.505097871540197
      vertex 84.06000762332572 -149.3677515426717 -26.54243846296172
      vertex 83.84943816497935 -149.29632110119758 -26.539812343789876
    endloop
  endfacet
  facet normal 0.1950903220161407 0.9801231155129351 0.03603393807032657
    outer loop
      vertex 84.06000762332572 -149.47932192768087 -23.50772399071204
      vertex 84.2781054732259 -149.41110461325934 -26.54403232585097
      vertex 84.06000762332572 -149.3677515426717 -26.54243846296172
    endloop
  endfacet
  facet normal 0.065403129230069 0.997185231292332 0.03666122173868672
    outer loop
      vertex 84.2781054732259 -149.5226749982685 -23.509317853601292
      vertex 84.5 -149.42563852990298 -26.54456666102169
      vertex 84.2781054732259 -149.41110461325934 -26.54403232585097
    endloop
  endfacet
  facet normal -0.06540312923006904 0.997185231292332 0.03666122173868676
    outer loop
      vertex 84.5 -149.53720891491216 -23.509852188772015
      vertex 84.7218945267741 -149.41110461325934 -26.54403232585097
      vertex 84.5 -149.42563852990298 -26.54456666102169
    endloop
  endfacet
  facet normal -0.19509032201614068 0.9801231155129351 0.03603393807032657
    outer loop
      vertex 84.7218945267741 -149.5226749982685 -23.509317853601292
      vertex 84.93999237667428 -149.3677515426717 -26.54243846296172
      vertex 84.7218945267741 -149.41110461325934 -26.54403232585097
    endloop
  endfacet
  facet normal -0.3214394653031351 0.946290821485665 0.03479010373108876
    outer loop
      vertex 84.93999237667428 -149.47932192768087 -23.50772399071204
      vertex 85.15056183502065 -149.29632110119758 -26.539812343789876
      vertex 84.93999237667428 -149.3677515426717 -26.54243846296172
    endloop
  endfacet
  facet normal -0.9807852804032372 -0.19495860923017 -0.007167595927579395
    outer loop
      vertex 86.18545626433547 -147.61661193114153 -23.439242005545154
      vertex 86.14207390469142 -147.28709094226218 -26.46594358794666
      vertex 86.18545626433547 -147.50504154613236 -26.473956477794832
    endloop
  endfacet
  facet normal -0.9978589232386007 -0.06535897312715706 -0.00240290342379241
    outer loop
      vertex 86.2 -147.83835664860678 -23.447394384863728
      vertex 86.18545626433547 -147.50504154613236 -26.473956477794832
      vertex 86.2 -147.7267862635976 -26.482108857113406
    endloop
  endfacet
  facet normal -0.9978589232386011 0.0653589731271487 0.0024029034237920996
    outer loop
      vertex 86.18545626433547 -148.06010136607205 -23.4555467641823
      vertex 86.2 -147.7267862635976 -26.482108857113406
      vertex 86.18545626433547 -147.94853098106287 -26.490261236431984
    endloop
  endfacet
  facet normal -0.9807852804032323 0.19495860923019456 0.007167595927580297
    outer loop
      vertex 86.14207390469142 -148.2780519699422 -23.463559654030473
      vertex 86.18545626433547 -147.94853098106287 -26.490261236431984
      vertex 86.14207390469142 -148.16648158493302 -26.49827412628015
    endloop
  endfacet
  facet normal -0.9469301294951005 0.32122244947664375 0.011809648877817151
    outer loop
      vertex 86.07059520526919 -148.48847926495773 -23.471295951641338
      vertex 86.14207390469142 -148.16648158493302 -26.49827412628015
      vertex 86.07059520526919 -148.37690887994856 -26.506010423891016
    endloop
  endfacet
  facet normal -0.8968727415326879 0.44199008455281963 0.01624963546149985
    outer loop
      vertex 85.97224318643354 -148.68778278175947 -23.47862328681787
      vertex 86.07059520526919 -148.37690887994856 -26.506010423891016
      vertex 85.97224318643354 -148.5762123967503 -26.51333775906755
    endloop
  endfacet
  facet normal -0.5555702330196356 0.8309082560142375 0.030548097647580624
    outer loop
      vertex 85.35 -149.30960586850404 -23.501484429712892
      vertex 85.53489442931482 -149.07457638373234 -26.531659964471302
      vertex 85.35 -149.19803548349486 -26.53619890196257
    endloop
  endfacet
  facet normal -0.8314696123025798 0.5551951467394566 0.02041158627718481
    outer loop
      vertex 85.8487006784951 -148.87255238191756 -23.485416286823682
      vertex 85.97224318643354 -148.5762123967503 -26.51333775906755
      vertex 85.8487006784951 -148.76098199690838 -26.52013075907336
    endloop
  endfacet
  facet normal -0.7518398074789455 0.6589006660363452 0.024224289192511392
    outer loop
      vertex 85.70208152801713 -149.03962660634545 -23.491558721545296
      vertex 85.8487006784951 -148.76098199690838 -26.52013075907336
      vertex 85.70208152801713 -148.92805622133628 -26.526273193794975
    endloop
  endfacet
  facet normal -0.6593458151000959 0.7513322122554278 0.027622507803506856
    outer loop
      vertex 85.53489442931482 -149.1861467687415 -23.49694549222162
      vertex 85.70208152801713 -148.92805622133628 -26.526273193794975
      vertex 85.53489442931482 -149.07457638373234 -26.531659964471302
    endloop
  endfacet
  facet normal -0.44228869021895784 0.8962672291413946 0.03295100107137303
    outer loop
      vertex 85.15056183502065 -149.40789148620675 -23.505097871540197
      vertex 85.35 -149.19803548349486 -26.53619890196257
      vertex 85.15056183502065 -149.29632110119758 -26.539812343789876
    endloop
  endfacet
  facet normal 0.442288690219007 -0.8962672291413705 -0.03295100107137094
    outer loop
      vertex 82.85 -144.8708318955618 -26.377110534759147
      vertex 82.85 -144.8118618361444 -27.981096150912315
      vertex 83.2371446731952 -144.68004216708002 -26.370096206506144
    endloop
  endfacet
  facet normal 0.32143946530312834 -0.9462908214856673 -0.034790103731084265
    outer loop
      vertex 83.2371446731952 -144.68004216708002 -26.370096206506144
      vertex 83.2371446731952 -144.62081422794745 -27.981096150912318
      vertex 83.64589715116168 -144.54138307480673 -26.3649984457608
    endloop
  endfacet
  facet normal 4.954826057796574e-15 0.03673988465193339 -0.9993248625325812
    outer loop
      vertex 81.45119754271275 -146.4647835377399 -26.43571169807452
      vertex 81.64211616751135 -146.07790024041884 -26.421488047437716
      vertex 81.64211616751135 -149.37567228677636 -26.542729666789096
    endloop
  endfacet
  facet normal 7.948351381192457e-16 0.036739884651933195 -0.9993248625325815
    outer loop
      vertex 81.64211616751135 -146.07790024041884 -26.421488047437716
      vertex 81.88193397703893 -145.719229840112 -26.40830163566173
      vertex 81.88193397703893 -149.73434268708323 -26.555916078565083
    endloop
  endfacet
  facet normal 2.960025150999052e-15 0.03673988465193306 -0.9993248625325815
    outer loop
      vertex 82.49108728427122 -145.11048779510082 -26.38592141341867
      vertex 82.85 -144.8708318955618 -26.377110534759147
      vertex 82.85792609530858 -147.28709094226218 -26.46594358794666
    endloop
  endfacet
  facet normal -7.359899322744386e-15 0.036739884651931655 -0.9993248625325813
    outer loop
      vertex 82.85 -144.8708318955618 -26.377110534759147
      vertex 83.2371446731952 -144.68004216708002 -26.370096206506144
      vertex 83.29791847198287 -146.52551630585896 -26.437944520431838
    endloop
  endfacet
  facet normal 4.966314543924146e-15 0.03673988465193206 -0.9993248625325815
    outer loop
      vertex 83.2371446731952 -144.68004216708002 -26.370096206506144
      vertex 83.64589715116168 -144.54138307480673 -26.3649984457608
      vertex 83.65 -146.25553704370037 -26.42801881226424
    endloop
  endfacet
  facet normal 6.47300653249298e-16 0.03673988465193381 -0.9993248625325815
    outer loop
      vertex 82.85 -144.8708318955618 -26.377110534759147
      vertex 83.29791847198287 -146.52551630585896 -26.437944520431838
      vertex 83.1512993215049 -146.69259053028685 -26.444086955153452
    endloop
  endfacet
  facet normal -1.5119598731153571e-15 0.03673988465193035 -0.9993248625325813
    outer loop
      vertex 83.2371446731952 -144.68004216708002 -26.370096206506144
      vertex 83.65 -146.25553704370037 -26.42801881226424
      vertex 83.46510557068518 -146.3789961434629 -26.43255774975551
    endloop
  endfacet
  facet normal 1.3181112563475292e-14 0.036739884651932335 -0.9993248625325815
    outer loop
      vertex 83.2371446731952 -144.68004216708002 -26.370096206506144
      vertex 83.46510557068518 -146.3789961434629 -26.43255774975551
      vertex 83.29791847198287 -146.52551630585896 -26.437944520431838
    endloop
  endfacet
  facet normal 3.547268760454889e-14 0.03673988465193854 -0.9993248625325812
    outer loop
      vertex 82.49108728427122 -145.11048779510082 -26.38592141341867
      vertex 82.85792609530858 -147.28709094226218 -26.46594358794666
      vertex 82.81454373566453 -147.50504154613236 -26.473956477794832
    endloop
  endfacet
  facet normal 2.679645775220287e-15 0.03673988465193302 -0.9993248625325813
    outer loop
      vertex 82.49108728427122 -145.11048779510082 -26.38592141341867
      vertex 82.49108728427122 -150.3430847320944 -26.57829630080814
      vertex 82.1665476220844 -145.39490928681076 -26.396378085908008
    endloop
  endfacet
  facet normal -3.842290064288154e-15 0.03673988465193264 -0.9993248625325813
    outer loop
      vertex 81.88193397703893 -145.719229840112 -26.40830163566173
      vertex 82.1665476220844 -145.39490928681076 -26.396378085908008
      vertex 82.1665476220844 -150.05866324038448 -26.567839628318804
    endloop
  endfacet
  facet normal -3.123886093965275e-14 0.03673988465192955 -0.9993248625325815
    outer loop
      vertex 82.49108728427122 -145.11048779510082 -26.38592141341867
      vertex 82.81454373566453 -147.50504154613236 -26.473956477794832
      vertex 82.8 -147.7267862635976 -26.482108857113406
    endloop
  endfacet
  facet normal 1.0549806039194071e-13 0.03673988465194585 -0.9993248625325809
    outer loop
      vertex 82.49108728427122 -145.11048779510082 -26.38592141341867
      vertex 82.8 -147.7267862635976 -26.482108857113406
      vertex 82.81454373566453 -147.94853098106287 -26.490261236431984
    endloop
  endfacet
  facet normal -4.71606441369051e-15 0.036739884651932925 -0.9993248625325815
    outer loop
      vertex 82.85 -144.8708318955618 -26.377110534759147
      vertex 83.1512993215049 -146.69259053028685 -26.444086955153452
      vertex 83.02775681356646 -146.8773601304449 -26.450879955159262
    endloop
  endfacet
  facet normal 2.4831208760159744e-14 0.03673988465193554 -0.9993248625325813
    outer loop
      vertex 82.85 -144.8708318955618 -26.377110534759147
      vertex 83.02775681356646 -146.8773601304449 -26.450879955159262
      vertex 82.92940479473081 -147.07666364724665 -26.4582072903358
    endloop
  endfacet
  facet normal -4.899861435058425e-14 0.03673988465193289 -0.9993248625325815
    outer loop
      vertex 82.85 -144.8708318955618 -26.377110534759147
      vertex 82.92940479473081 -147.07666364724665 -26.4582072903358
      vertex 82.85792609530858 -147.28709094226218 -26.46594358794666
    endloop
  endfacet
  facet normal 0.7518398074790046 -0.6589006660362784 -0.02422428919250623
    outer loop
      vertex 81.88193397703893 -145.719229840112 -26.40830163566173
      vertex 81.88193397703893 -145.66140651234545 -27.981096150912315
      vertex 82.1665476220844 -145.39490928681076 -26.396378085908008
    endloop
  endfacet
  facet normal 0.8314696123025209 -0.5551951467395444 -0.02041158627719101
    outer loop
      vertex 81.64211616751135 -146.07790024041884 -26.421488047437716
      vertex 81.64211616751135 -146.02056170720286 -27.98109615091231
      vertex 81.88193397703893 -145.719229840112 -26.40830163566173
    endloop
  endfacet
  facet normal 0.9807852804032283 -0.19495860923021505 -0.007167595927581788
    outer loop
      vertex 81.22823195746642 -147.29634063557683 -26.46628365020088
      vertex 81.22823195746642 -147.24064899952126 -27.981096150912318
      vertex 81.31244477324607 -146.87326005159358 -26.4507292169662
    endloop
  endfacet
  facet normal 0.8968727415327024 -0.44199008455279026 -0.01624963546150245
    outer loop
      vertex 81.45119754271275 -146.4647835377399 -26.43571169807452
      vertex 81.45119754271275 -146.40796793285614 -27.981096150912315
      vertex 81.64211616751135 -146.07790024041884 -26.421488047437716
    endloop
  endfacet
  facet normal 0.9469301294951027 -0.32122244947663675 -0.011809648877818511
    outer loop
      vertex 81.45119754271275 -146.4647835377399 -26.43571169807452
      vertex 81.31244477324607 -146.87326005159358 -26.4507292169662
      vertex 81.31244477324607 -146.81699656137496 -27.981096150912315
    endloop
  endfacet
  facet normal 0.659345815100043 -0.751332212255474 -0.027622507803517726
    outer loop
      vertex 82.49108728427122 -145.11048779510082 -26.38592141341867
      vertex 82.1665476220844 -145.39490928681076 -26.396378085908008
      vertex 82.1665476220844 -145.3366475932444 -27.981096150912315
    endloop
  endfacet
  facet normal 0.5555702330196437 -0.830908256014232 -0.030548097647580506
    outer loop
      vertex 82.49108728427122 -145.11048779510082 -26.38592141341867
      vertex 82.49108728427122 -145.0518416650459 -27.981096150912315
      vertex 82.85 -144.8708318955618 -26.377110534759147
    endloop
  endfacet
  facet normal 0.19509032201615506 -0.980123115512932 -0.03603393807033448
    outer loop
      vertex 83.64589715116168 -144.54138307480673 -26.3649984457608
      vertex 83.64589715116168 -144.48196771799968 -27.981096150912315
      vertex 84.06926356567384 -144.45722711425424 -26.36190447662284
    endloop
  endfacet
  facet normal 0.06540312923013379 -0.997185231292328 -0.036661221738682
    outer loop
      vertex 84.06926356567384 -144.45722711425424 -26.36190447662284
      vertex 84.06926356567384 -144.39769800858184 -27.981096150912315
      vertex 84.5 -144.42901421724008 -26.360867237762026
    endloop
  endfacet
  facet normal -0.06540312923013378 -0.9971852312923277 -0.03666122173868824
    outer loop
      vertex 84.5 -144.42901421724008 -26.360867237762026
      vertex 84.5 -144.36944697778603 -27.981096150912315
      vertex 84.93073643432616 -144.45722711425424 -26.36190447662284
    endloop
  endfacet
  facet normal -0.19509032201615506 -0.9801231155129324 -0.03603393807032198
    outer loop
      vertex 84.93073643432616 -144.45722711425424 -26.36190447662284
      vertex 84.93073643432616 -144.39769800858184 -27.981096150912315
      vertex 85.35410284883832 -144.54138307480673 -26.3649984457608
    endloop
  endfacet
  facet normal -0.32143946530312834 -0.9462908214856669 -0.03479010373109658
    outer loop
      vertex 85.35410284883832 -144.54138307480673 -26.3649984457608
      vertex 85.35410284883832 -144.48196771799968 -27.981096150912315
      vertex 85.7628553268048 -144.68004216708002 -26.370096206506144
    endloop
  endfacet
  facet normal -0.442288690219007 -0.8962672291413706 -0.032951001071367815
    outer loop
      vertex 85.7628553268048 -144.68004216708002 -26.370096206506144
      vertex 85.7628553268048 -144.62081422794745 -27.981096150912318
      vertex 86.15 -144.8708318955618 -26.377110534759147
    endloop
  endfacet
  facet normal 3.3900291843880653e-15 0.03673988465193345 -0.9993248625325813
    outer loop
      vertex 83.64589715116168 -144.54138307480673 -26.3649984457608
      vertex 84.06926356567384 -144.45722711425424 -26.36190447662284
      vertex 84.2781054732259 -146.0424679139359 -26.42018538837584
    endloop
  endfacet
  facet normal -1.565613371937545e-15 0.03673988465193483 -0.9993248625325812
    outer loop
      vertex 84.06926356567384 -144.45722711425424 -26.36190447662284
      vertex 84.5 -144.42901421724008 -26.360867237762026
      vertex 84.5 -146.02793399729222 -26.419651053205122
    endloop
  endfacet
  facet normal -7.816573653112197e-15 0.03673988465193202 -0.9993248625325813
    outer loop
      vertex 83.64589715116168 -144.54138307480673 -26.3649984457608
      vertex 83.84943816497935 -146.15725142599763 -26.424405370436936
      vertex 83.65 -146.25553704370037 -26.42801881226424
    endloop
  endfacet
  facet normal 7.646807367078401e-15 0.03673988465193397 -0.9993248625325813
    outer loop
      vertex 83.64589715116168 -144.54138307480673 -26.3649984457608
      vertex 84.06000762332572 -146.08582098452354 -26.421779251265093
      vertex 83.84943816497935 -146.15725142599763 -26.424405370436936
    endloop
  endfacet
  facet normal -6.742360217188679e-16 0.03673988465193173 -0.9993248625325813
    outer loop
      vertex 83.64589715116168 -144.54138307480673 -26.3649984457608
      vertex 84.2781054732259 -146.0424679139359 -26.42018538837584
      vertex 84.06000762332572 -146.08582098452354 -26.421779251265093
    endloop
  endfacet
  facet normal -1.5862566256743813e-14 0.03673988465193091 -0.9993248625325815
    outer loop
      vertex 84.06926356567384 -144.45722711425424 -26.36190447662284
      vertex 84.5 -146.02793399729222 -26.419651053205122
      vertex 84.2781054732259 -146.0424679139359 -26.42018538837584
    endloop
  endfacet
  facet normal 1.4334991004193706e-15 0.036739884651932814 -0.9993248625325813
    outer loop
      vertex 84.5 -144.42901421724008 -26.360867237762026
      vertex 84.93073643432616 -144.45722711425424 -26.36190447662284
      vertex 84.7218945267741 -146.0424679139359 -26.42018538837584
    endloop
  endfacet
  facet normal -3.3934191211086225e-15 0.03673988465193343 -0.9993248625325813
    outer loop
      vertex 84.93073643432616 -144.45722711425424 -26.36190447662284
      vertex 85.35410284883832 -144.54138307480673 -26.3649984457608
      vertex 85.15056183502065 -146.15725142599763 -26.424405370436936
    endloop
  endfacet
  facet normal 1.6108122121177313e-14 0.036739884651934826 -0.9993248625325812
    outer loop
      vertex 84.5 -144.42901421724008 -26.360867237762026
      vertex 84.7218945267741 -146.0424679139359 -26.42018538837584
      vertex 84.5 -146.02793399729222 -26.419651053205122
    endloop
  endfacet
  facet normal 8.927175932964055e-16 0.03673988465193288 -0.9993248625325813
    outer loop
      vertex 84.93073643432616 -144.45722711425424 -26.36190447662284
      vertex 84.93999237667428 -146.08582098452354 -26.421779251265093
      vertex 84.7218945267741 -146.0424679139359 -26.42018538837584
    endloop
  endfacet
  facet normal -8.040284460075947e-15 0.036739884651932835 -0.9993248625325813
    outer loop
      vertex 84.93073643432616 -144.45722711425424 -26.36190447662284
      vertex 85.15056183502065 -146.15725142599763 -26.424405370436936
      vertex 84.93999237667428 -146.08582098452354 -26.421779251265093
    endloop
  endfacet
  facet normal -5.236572970736816e-15 0.03673988465193126 -0.9993248625325813
    outer loop
      vertex 85.35410284883832 -144.54138307480673 -26.3649984457608
      vertex 85.7628553268048 -144.68004216708002 -26.370096206506144
      vertex 85.53489442931482 -146.3789961434629 -26.43255774975551
    endloop
  endfacet
  facet normal 7.831171170145809e-15 0.03673988465193202 -0.9993248625325813
    outer loop
      vertex 85.35410284883832 -144.54138307480673 -26.3649984457608
      vertex 85.35 -146.25553704370037 -26.42801881226424
      vertex 85.15056183502065 -146.15725142599763 -26.424405370436936
    endloop
  endfacet
  facet normal 2.6643535373022994e-15 0.03673988465193204 -0.9993248625325813
    outer loop
      vertex 85.35410284883832 -144.54138307480673 -26.3649984457608
      vertex 85.53489442931482 -146.3789961434629 -26.43255774975551
      vertex 85.35 -146.25553704370037 -26.42801881226424
    endloop
  endfacet
  facet normal -1.321403916094901e-14 0.03673988465193233 -0.9993248625325815
    outer loop
      vertex 85.7628553268048 -144.68004216708002 -26.370096206506144
      vertex 85.70208152801713 -146.52551630585896 -26.437944520431838
      vertex 85.53489442931482 -146.3789961434629 -26.43255774975551
    endloop
  endfacet
  facet normal -2.7360406944117378e-15 0.03673988465193198 -0.9993248625325813
    outer loop
      vertex 85.7628553268048 -144.68004216708002 -26.370096206506144
      vertex 85.8487006784951 -146.69259053028685 -26.444086955153452
      vertex 85.70208152801713 -146.52551630585896 -26.437944520431838
    endloop
  endfacet
  facet normal 3.737626345001557e-15 0.03673988465193225 -0.9993248625325813
    outer loop
      vertex 85.7628553268048 -144.68004216708002 -26.370096206506144
      vertex 85.97224318643354 -146.8773601304449 -26.450879955159262
      vertex 85.8487006784951 -146.69259053028685 -26.444086955153452
    endloop
  endfacet
  facet normal 7.851357643193853e-15 0.036739884651932654 -0.9993248625325813
    outer loop
      vertex 85.7628553268048 -144.68004216708002 -26.370096206506144
      vertex 86.15 -144.8708318955618 -26.377110534759147
      vertex 85.97224318643354 -146.8773601304449 -26.450879955159262
    endloop
  endfacet
  facet normal -2.479932547261271e-14 0.03673988465193555 -0.9993248625325813
    outer loop
      vertex 86.15 -144.8708318955618 -26.377110534759147
      vertex 86.07059520526919 -147.07666364724665 -26.4582072903358
      vertex 85.97224318643354 -146.8773601304449 -26.450879955159262
    endloop
  endfacet
  facet normal 4.8934556523446e-14 0.03673988465193289 -0.9993248625325815
    outer loop
      vertex 86.15 -144.8708318955618 -26.377110534759147
      vertex 86.14207390469142 -147.28709094226218 -26.46594358794666
      vertex 86.07059520526919 -147.07666364724665 -26.4582072903358
    endloop
  endfacet
  facet normal -6.197878900970108e-14 0.03673988465193325 -0.9993248625325813
    outer loop
      vertex 86.15 -144.8708318955618 -26.377110534759147
      vertex 86.18545626433547 -147.50504154613236 -26.473956477794832
      vertex 86.14207390469142 -147.28709094226218 -26.46594358794666
    endloop
  endfacet
  facet normal -2.9890584288369776e-15 0.036739884651933015 -0.9993248625325813
    outer loop
      vertex 86.15 -144.8708318955618 -26.377110534759147
      vertex 86.50891271572878 -145.11048779510082 -26.38592141341867
      vertex 86.50891271572878 -150.3430847320944 -26.57829630080814
    endloop
  endfacet
  facet normal -0.5555702330196438 -0.8309082560142321 -0.030548097647579306
    outer loop
      vertex 86.15 -144.8708318955618 -26.377110534759147
      vertex 86.15 -144.8118618361444 -27.981096150912315
      vertex 86.50891271572878 -145.11048779510082 -26.38592141341867
    endloop
  endfacet
  facet normal -0.6593458151000429 -0.7513322122554744 -0.027622507803508684
    outer loop
      vertex 86.50891271572878 -145.11048779510082 -26.38592141341867
      vertex 86.50891271572878 -145.0518416650459 -27.981096150912315
      vertex 86.8334523779156 -145.39490928681076 -26.396378085908008
    endloop
  endfacet
  facet normal 1.921769712841205e-14 0.036739884651933265 -0.9993248625325813
    outer loop
      vertex 81.22823195746642 -147.29634063557683 -26.46628365020088
      vertex 81.31244477324607 -146.87326005159358 -26.4507292169662
      vertex 81.31244477324607 -148.58031247560166 -26.513488497260614
    endloop
  endfacet
  facet normal -1.0846352684806267e-17 0.03673988465193071 -0.9993248625325815
    outer loop
      vertex 81.22823195746642 -147.29634063557683 -26.46628365020088
      vertex 81.22823195746642 -148.15723189161838 -26.497934064025934
      vertex 81.2 -147.7267862635976 -26.482108857113406
    endloop
  endfacet
  facet normal -1.9655276824044502e-14 0.03673988465193071 -0.9993248625325815
    outer loop
      vertex 81.22823195746642 -147.29634063557683 -26.46628365020088
      vertex 81.31244477324607 -148.58031247560166 -26.513488497260614
      vertex 81.22823195746642 -148.15723189161838 -26.497934064025934
    endloop
  endfacet
  facet normal -6.3517475592124466e-15 0.03673988465193224 -0.9993248625325815
    outer loop
      vertex 81.45119754271275 -146.4647835377399 -26.43571169807452
      vertex 81.45119754271275 -148.98878898945534 -26.528506016152292
      vertex 81.31244477324607 -146.87326005159358 -26.4507292169662
    endloop
  endfacet
  facet normal 9.403740772970254e-15 0.03673988465193326 -0.9993248625325813
    outer loop
      vertex 81.31244477324607 -146.87326005159358 -26.4507292169662
      vertex 81.45119754271275 -148.98878898945534 -26.528506016152292
      vertex 81.31244477324607 -148.58031247560166 -26.513488497260614
    endloop
  endfacet
  facet normal -1.2832870660631852e-14 0.03673988465193223 -0.9993248625325815
    outer loop
      vertex 81.45119754271275 -146.4647835377399 -26.43571169807452
      vertex 81.64211616751135 -149.37567228677636 -26.542729666789096
      vertex 81.45119754271275 -148.98878898945534 -26.528506016152292
    endloop
  endfacet
  facet normal 3.83978828160886e-15 0.03673988465193339 -0.9993248625325815
    outer loop
      vertex 81.64211616751135 -146.07790024041884 -26.421488047437716
      vertex 81.88193397703893 -149.73434268708323 -26.555916078565083
      vertex 81.64211616751135 -149.37567228677636 -26.542729666789096
    endloop
  endfacet
  facet normal 4.48972786963576e-15 0.03673988465193319 -0.9993248625325812
    outer loop
      vertex 81.88193397703893 -145.719229840112 -26.40830163566173
      vertex 82.1665476220844 -150.05866324038448 -26.567839628318804
      vertex 81.88193397703893 -149.73434268708323 -26.555916078565083
    endloop
  endfacet
  facet normal -5.193572597068241e-15 0.03673988465193307 -0.9993248625325813
    outer loop
      vertex 82.49108728427122 -145.11048779510082 -26.38592141341867
      vertex 82.81454373566453 -147.94853098106287 -26.490261236431984
      vertex 82.85 -150.5827406316334 -26.587107179467665
    endloop
  endfacet
  facet normal -3.028982480523128e-15 0.03673988465193264 -0.9993248625325813
    outer loop
      vertex 82.1665476220844 -145.39490928681076 -26.396378085908008
      vertex 82.49108728427122 -150.3430847320944 -26.57829630080814
      vertex 82.1665476220844 -150.05866324038448 -26.567839628318804
    endloop
  endfacet
  facet normal -5.843838019740194e-15 0.036739884651933015 -0.9993248625325813
    outer loop
      vertex 82.49108728427122 -145.11048779510082 -26.38592141341867
      vertex 82.85 -150.5827406316334 -26.587107179467665
      vertex 82.49108728427122 -150.3430847320944 -26.57829630080814
    endloop
  endfacet
  facet normal -5.1704297068220115e-15 0.036739884651933064 -0.9993248625325813
    outer loop
      vertex 82.81454373566453 -147.94853098106287 -26.490261236431984
      vertex 82.85792609530858 -148.16648158493302 -26.49827412628015
      vertex 82.85 -150.5827406316334 -26.587107179467665
    endloop
  endfacet
  facet normal -2.5741834589738874e-16 0.03673988465193305 -0.9993248625325815
    outer loop
      vertex 82.85792609530858 -148.16648158493302 -26.49827412628015
      vertex 82.92940479473081 -148.37690887994856 -26.506010423891016
      vertex 82.85 -150.5827406316334 -26.587107179467665
    endloop
  endfacet
  facet normal 5.763366841157048e-15 0.036739884651932835 -0.9993248625325815
    outer loop
      vertex 82.92940479473081 -148.37690887994856 -26.506010423891016
      vertex 83.02775681356646 -148.5762123967503 -26.51333775906755
      vertex 82.85 -150.5827406316334 -26.587107179467665
    endloop
  endfacet
  facet normal 1.6434016266334492e-14 0.03673988465193509 -0.9993248625325813
    outer loop
      vertex 83.02775681356646 -148.5762123967503 -26.51333775906755
      vertex 83.1512993215049 -148.76098199690838 -26.52013075907336
      vertex 83.2371446731952 -150.7735303601152 -26.594121507720672
    endloop
  endfacet
  facet normal -4.7540699360668465e-18 0.03673988465193438 -0.9993248625325813
    outer loop
      vertex 83.1512993215049 -148.76098199690838 -26.52013075907336
      vertex 83.29791847198287 -148.92805622133628 -26.526273193794975
      vertex 83.2371446731952 -150.7735303601152 -26.594121507720672
    endloop
  endfacet
  facet normal -1.1079078987469626e-14 0.03673988465193475 -0.9993248625325812
    outer loop
      vertex 83.29791847198287 -148.92805622133628 -26.526273193794975
      vertex 83.46510557068518 -149.07457638373234 -26.531659964471302
      vertex 83.2371446731952 -150.7735303601152 -26.594121507720672
    endloop
  endfacet
  facet normal 3.0574176149405025e-15 0.03673988465193265 -0.9993248625325813
    outer loop
      vertex 83.46510557068518 -149.07457638373234 -26.531659964471302
      vertex 83.65 -149.19803548349486 -26.53619890196257
      vertex 83.64589715116168 -150.91218945238847 -26.599219268466012
    endloop
  endfacet
  facet normal 0.9978589232386048 -0.06535897312709335 -0.002402903423790664
    outer loop
      vertex 81.22823195746642 -147.29634063557683 -26.46628365020088
      vertex 81.2 -147.7267862635976 -26.482108857113406
      vertex 81.2 -147.6716764366197 -27.981096150912315
    endloop
  endfacet
  facet normal 0.9978589232386047 0.06535897312709338 0.002402903423789764
    outer loop
      vertex 81.2 -147.7267862635976 -26.482108857113406
      vertex 81.22823195746642 -148.15723189161838 -26.497934064025934
      vertex 81.22823195746642 -148.10270387371816 -27.981096150912315
    endloop
  endfacet
  facet normal 0.9807852804032309 0.1949586092302024 0.0071675959275831974
    outer loop
      vertex 81.22823195746642 -148.15723189161838 -26.497934064025934
      vertex 81.31244477324607 -148.58031247560166 -26.513488497260614
      vertex 81.31244477324607 -148.52635631186445 -27.981096150912315
    endloop
  endfacet
  facet normal 0.9469301294951028 0.3212224494766367 0.011809648877820106
    outer loop
      vertex 81.31244477324607 -148.58031247560166 -26.513488497260614
      vertex 81.45119754271275 -148.98878898945534 -26.528506016152292
      vertex 81.45119754271275 -148.93538494038327 -27.981096150912315
    endloop
  endfacet
  facet normal 0.8968727415326896 0.4419900845528163 0.01624963546150561
    outer loop
      vertex 81.45119754271275 -148.98878898945534 -26.528506016152292
      vertex 81.64211616751135 -149.37567228677636 -26.542729666789096
      vertex 81.64211616751135 -149.32279116603652 -27.981096150912315
    endloop
  endfacet
  facet normal 0.8314696123025412 0.555195146739514 0.020411586277189045
    outer loop
      vertex 81.64211616751135 -149.37567228677636 -26.542729666789096
      vertex 81.88193397703893 -149.73434268708323 -26.555916078565083
      vertex 81.88193397703893 -149.681946360894 -27.981096150912315
    endloop
  endfacet
  facet normal -9.368557925228418e-16 0.03673988465193343 -0.9993248625325813
    outer loop
      vertex 83.02775681356646 -148.5762123967503 -26.51333775906755
      vertex 83.2371446731952 -150.7735303601152 -26.594121507720672
      vertex 82.85 -150.5827406316334 -26.587107179467665
    endloop
  endfacet
  facet normal 3.9575406839680365e-15 0.03673988465193273 -0.9993248625325813
    outer loop
      vertex 83.46510557068518 -149.07457638373234 -26.531659964471302
      vertex 83.64589715116168 -150.91218945238847 -26.599219268466012
      vertex 83.2371446731952 -150.7735303601152 -26.594121507720672
    endloop
  endfacet
  facet normal 0.7518398074790047 0.6589006660362782 0.024224289192512728
    outer loop
      vertex 81.88193397703893 -149.73434268708323 -26.555916078565083
      vertex 82.1665476220844 -150.05866324038448 -26.567839628318804
      vertex 82.1665476220844 -150.006705279995 -27.981096150912315
    endloop
  endfacet
  facet normal 0.659345815100043 0.7513322122554744 0.027622507803507976
    outer loop
      vertex 82.1665476220844 -150.05866324038448 -26.567839628318804
      vertex 82.49108728427122 -150.3430847320944 -26.57829630080814
      vertex 82.49108728427122 -150.29151120819353 -27.981096150912315
    endloop
  endfacet
  facet normal 0.5555702330195984 0.8309082560142624 0.030548097647582217
    outer loop
      vertex 82.49108728427122 -150.3430847320944 -26.57829630080814
      vertex 82.85 -150.5827406316334 -26.587107179467665
      vertex 82.85 -150.531491037095 -27.981096150912315
    endloop
  endfacet
  facet normal 0.4422886902190073 0.8962672291413701 0.03295100107137651
    outer loop
      vertex 82.85 -150.5827406316334 -26.587107179467665
      vertex 83.2371446731952 -150.7735303601152 -26.594121507720672
      vertex 83.2371446731952 -150.72253864529196 -27.981096150912315
    endloop
  endfacet
  facet normal 0.32143946530312806 0.9462908214856671 0.03479010373109851
    outer loop
      vertex 83.2371446731952 -150.7735303601152 -26.594121507720672
      vertex 83.64589715116168 -150.91218945238847 -26.599219268466012
      vertex 83.64589715116168 -150.8613851552397 -27.981096150912315
    endloop
  endfacet
  facet normal 2.8984187874416374e-15 0.03673988465193264 -0.9993248625325813
    outer loop
      vertex 83.65 -149.19803548349486 -26.53619890196257
      vertex 83.84943816497935 -149.29632110119758 -26.539812343789876
      vertex 83.64589715116168 -150.91218945238847 -26.599219268466012
    endloop
  endfacet
  facet normal 1.6796681623177156e-14 0.03673988465193432 -0.9993248625325813
    outer loop
      vertex 86.15 -144.8708318955618 -26.377110534759147
      vertex 86.50891271572878 -150.3430847320944 -26.57829630080814
      vertex 86.18545626433547 -147.50504154613236 -26.473956477794832
    endloop
  endfacet
  facet normal -1.0158323236466956e-13 0.03673988465192084 -0.9993248625325818
    outer loop
      vertex 86.18545626433547 -147.50504154613236 -26.473956477794832
      vertex 86.50891271572878 -150.3430847320944 -26.57829630080814
      vertex 86.2 -147.7267862635976 -26.482108857113406
    endloop
  endfacet
  facet normal 2.654587070899011e-15 0.03673988465193302 -0.9993248625325813
    outer loop
      vertex 86.50891271572878 -145.11048779510082 -26.38592141341867
      vertex 86.8334523779156 -150.05866324038448 -26.567839628318804
      vertex 86.50891271572878 -150.3430847320944 -26.57829630080814
    endloop
  endfacet
  facet normal -2.898870622542289e-15 0.03673988465193264 -0.9993248625325813
    outer loop
      vertex 85.15056183502065 -149.29632110119758 -26.539812343789876
      vertex 85.35 -149.19803548349486 -26.53619890196257
      vertex 85.35410284883832 -150.91218945238847 -26.599219268466012
    endloop
  endfacet
  facet normal -3.18471191188981e-15 0.036739884651932835 -0.9993248625325813
    outer loop
      vertex 85.35 -149.19803548349486 -26.53619890196257
      vertex 85.53489442931482 -149.07457638373234 -26.531659964471302
      vertex 85.7628553268048 -150.7735303601152 -26.594121507720672
    endloop
  endfacet
  facet normal 1.0067078590928878e-16 0.0367398846519343 -0.9993248625325813
    outer loop
      vertex 85.70208152801713 -148.92805622133628 -26.526273193794975
      vertex 85.8487006784951 -148.76098199690838 -26.52013075907336
      vertex 86.15 -150.5827406316334 -26.587107179467665
    endloop
  endfacet
  facet normal 1.1083255037424853e-14 0.03673988465193475 -0.9993248625325812
    outer loop
      vertex 85.53489442931482 -149.07457638373234 -26.531659964471302
      vertex 85.70208152801713 -148.92805622133628 -26.526273193794975
      vertex 85.7628553268048 -150.7735303601152 -26.594121507720672
    endloop
  endfacet
  facet normal 3.2511543785099274e-14 0.03673988465193666 -0.9993248625325812
    outer loop
      vertex 86.2 -147.7267862635976 -26.482108857113406
      vertex 86.50891271572878 -150.3430847320944 -26.57829630080814
      vertex 86.18545626433547 -147.94853098106287 -26.490261236431984
    endloop
  endfacet
  facet normal 5.479112405585372e-15 0.03673988465193301 -0.9993248625325813
    outer loop
      vertex 86.18545626433547 -147.94853098106287 -26.490261236431984
      vertex 86.50891271572878 -150.3430847320944 -26.57829630080814
      vertex 86.14207390469142 -148.16648158493302 -26.49827412628015
    endloop
  endfacet
  facet normal 2.4733318355146554e-16 0.03673988465193305 -0.9993248625325815
    outer loop
      vertex 86.07059520526919 -148.37690887994856 -26.506010423891016
      vertex 86.14207390469142 -148.16648158493302 -26.49827412628015
      vertex 86.15 -150.5827406316334 -26.587107179467665
    endloop
  endfacet
  facet normal -5.759233643594801e-15 0.036739884651932835 -0.9993248625325815
    outer loop
      vertex 86.07059520526919 -148.37690887994856 -26.506010423891016
      vertex 86.15 -150.5827406316334 -26.587107179467665
      vertex 85.97224318643354 -148.5762123967503 -26.51333775906755
    endloop
  endfacet
  facet normal -1.221561434689635e-14 0.03673988465193228 -0.9993248625325815
    outer loop
      vertex 85.8487006784951 -148.76098199690838 -26.52013075907336
      vertex 85.97224318643354 -148.5762123967503 -26.51333775906755
      vertex 86.15 -150.5827406316334 -26.587107179467665
    endloop
  endfacet
  facet normal 5.849743777617052e-15 0.03673988465193307 -0.9993248625325815
    outer loop
      vertex 86.14207390469142 -148.16648158493302 -26.49827412628015
      vertex 86.50891271572878 -150.3430847320944 -26.57829630080814
      vertex 86.15 -150.5827406316334 -26.587107179467665
    endloop
  endfacet
  facet normal -2.850516809889716e-15 0.03673988465193351 -0.9993248625325813
    outer loop
      vertex 83.84943816497935 -149.29632110119758 -26.539812343789876
      vertex 84.06000762332572 -149.3677515426717 -26.54243846296172
      vertex 84.06926356567384 -150.99634541294097 -26.602313237603973
    endloop
  endfacet
  facet normal -3.399504140504363e-15 0.03673988465193343 -0.9993248625325813
    outer loop
      vertex 83.84943816497935 -149.29632110119758 -26.539812343789876
      vertex 84.06926356567384 -150.99634541294097 -26.602313237603973
      vertex 83.64589715116168 -150.91218945238847 -26.599219268466012
    endloop
  endfacet
  facet normal 1.0352550001764667e-15 0.03673988465193353 -0.9993248625325813
    outer loop
      vertex 84.06000762332572 -149.3677515426717 -26.54243846296172
      vertex 84.2781054732259 -149.41110461325934 -26.54403232585097
      vertex 84.06926356567384 -150.99634541294097 -26.602313237603973
    endloop
  endfacet
  facet normal 3.885702074904805e-15 0.036739884651933154 -0.9993248625325812
    outer loop
      vertex 84.2781054732259 -149.41110461325934 -26.54403232585097
      vertex 84.5 -151.02455830995515 -26.603350476464787
      vertex 84.06926356567384 -150.99634541294097 -26.602313237603973
    endloop
  endfacet
  facet normal 1.1362544153312792e-14 0.03673988465193419 -0.9993248625325815
    outer loop
      vertex 84.2781054732259 -149.41110461325934 -26.54403232585097
      vertex 84.5 -149.42563852990298 -26.54456666102169
      vertex 84.5 -151.02455830995515 -26.603350476464787
    endloop
  endfacet
  facet normal -1.1231832256906114e-14 0.03673988465193219 -0.9993248625325813
    outer loop
      vertex 84.5 -149.42563852990298 -26.54456666102169
      vertex 84.7218945267741 -149.41110461325934 -26.54403232585097
      vertex 84.93073643432616 -150.99634541294097 -26.602313237603973
    endloop
  endfacet
  facet normal -8.074352634189335e-16 0.03673988465193238 -0.9993248625325813
    outer loop
      vertex 84.7218945267741 -149.41110461325934 -26.54403232585097
      vertex 84.93999237667428 -149.3677515426717 -26.54243846296172
      vertex 85.35410284883832 -150.91218945238847 -26.599219268466012
    endloop
  endfacet
  facet normal 2.8959183047706638e-15 0.03673988465193337 -0.9993248625325813
    outer loop
      vertex 84.93999237667428 -149.3677515426717 -26.54243846296172
      vertex 85.15056183502065 -149.29632110119758 -26.539812343789876
      vertex 85.35410284883832 -150.91218945238847 -26.599219268466012
    endloop
  endfacet
  facet normal 3.260502294420568e-15 0.0367398846519341 -0.9993248625325813
    outer loop
      vertex 84.7218945267741 -149.41110461325934 -26.54403232585097
      vertex 85.35410284883832 -150.91218945238847 -26.599219268466012
      vertex 84.93073643432616 -150.99634541294097 -26.602313237603973
    endloop
  endfacet
  facet normal -3.9483119817148725e-15 0.03673988465193418 -0.9993248625325813
    outer loop
      vertex 84.5 -149.42563852990298 -26.54456666102169
      vertex 84.93073643432616 -150.99634541294097 -26.602313237603973
      vertex 84.5 -151.02455830995515 -26.603350476464787
    endloop
  endfacet
  facet normal -3.924101336876449e-15 0.03673988465193265 -0.9993248625325815
    outer loop
      vertex 85.35 -149.19803548349486 -26.53619890196257
      vertex 85.7628553268048 -150.7735303601152 -26.594121507720672
      vertex 85.35410284883832 -150.91218945238847 -26.599219268466012
    endloop
  endfacet
  facet normal 4.507474847362345e-16 0.0367398846519344 -0.9993248625325813
    outer loop
      vertex 85.70208152801713 -148.92805622133628 -26.526273193794975
      vertex 86.15 -150.5827406316334 -26.587107179467665
      vertex 85.7628553268048 -150.7735303601152 -26.594121507720672
    endloop
  endfacet
  facet normal 0.1950903220161551 0.9801231155129321 0.036033938070330895
    outer loop
      vertex 83.64589715116168 -150.91218945238847 -26.599219268466012
      vertex 84.06926356567384 -150.99634541294097 -26.602313237603973
      vertex 84.06926356567384 -150.94565486465757 -27.981096150912318
    endloop
  endfacet
  facet normal 0.06540312923019931 0.9971852312923236 0.03666122173868366
    outer loop
      vertex 84.06926356567384 -150.99634541294097 -26.602313237603973
      vertex 84.5 -151.02455830995515 -26.603350476464787
      vertex 84.5 -150.9739058954534 -27.981096150912315
    endloop
  endfacet
  facet normal -0.06540312923019932 0.9971852312923233 0.036661221738690915
    outer loop
      vertex 84.5 -151.02455830995515 -26.603350476464787
      vertex 84.93073643432616 -150.99634541294097 -26.602313237603973
      vertex 84.93073643432616 -150.94565486465757 -27.981096150912318
    endloop
  endfacet
  facet normal -0.19509032201615506 0.9801231155129319 0.036033938070336474
    outer loop
      vertex 84.93073643432616 -150.99634541294097 -26.602313237603973
      vertex 85.35410284883832 -150.91218945238847 -26.599219268466012
      vertex 85.35410284883832 -150.8613851552397 -27.981096150912315
    endloop
  endfacet
  facet normal -0.3214394653031281 0.9462908214856672 0.03479010373109345
    outer loop
      vertex 85.7628553268048 -150.7735303601152 -26.594121507720672
      vertex 85.7628553268048 -150.72253864529196 -27.981096150912315
      vertex 85.35410284883832 -150.91218945238847 -26.599219268466012
    endloop
  endfacet
  facet normal -0.5555702330195982 0.8309082560142625 0.030548097647580826
    outer loop
      vertex 86.15 -150.5827406316334 -26.587107179467665
      vertex 86.50891271572878 -150.3430847320944 -26.57829630080814
      vertex 86.50891271572878 -150.29151120819353 -27.981096150912315
    endloop
  endfacet
  facet normal -0.4422886902190072 0.8962672291413701 0.03295100107137285
    outer loop
      vertex 85.7628553268048 -150.7735303601152 -26.594121507720672
      vertex 86.15 -150.5827406316334 -26.587107179467665
      vertex 86.15 -150.531491037095 -27.981096150912315
    endloop
  endfacet
  facet normal 0.4422886902189966 -0.8962672291413756 -0.032951001071367995
    outer loop
      vertex 83.2371446731952 -144.68004216708002 -26.370096206506144
      vertex 82.85 -144.8118618361444 -27.981096150912315
      vertex 83.2371446731952 -144.62081422794745 -27.981096150912318
    endloop
  endfacet
  facet normal 0.3214394653031719 -0.9462908214856521 -0.03479010373109604
    outer loop
      vertex 83.64589715116168 -144.54138307480673 -26.3649984457608
      vertex 83.2371446731952 -144.62081422794745 -27.981096150912318
      vertex 83.64589715116168 -144.48196771799968 -27.981096150912315
    endloop
  endfacet
  facet normal 0.8314696123025104 -0.5551951467395604 -0.020411586277186346
    outer loop
      vertex 81.88193397703893 -145.719229840112 -26.40830163566173
      vertex 81.64211616751135 -146.02056170720286 -27.98109615091231
      vertex 81.88193397703893 -145.66140651234545 -27.981096150912315
    endloop
  endfacet
  facet normal 0.9807852804032284 -0.19495860923021416 -0.007167595927581999
    outer loop
      vertex 81.31244477324607 -146.87326005159358 -26.4507292169662
      vertex 81.22823195746642 -147.24064899952126 -27.981096150912318
      vertex 81.31244477324607 -146.81699656137496 -27.981096150912315
    endloop
  endfacet
  facet normal 0.8968727415327002 -0.4419900845527944 -0.016249635461501294
    outer loop
      vertex 81.64211616751135 -146.07790024041884 -26.421488047437716
      vertex 81.45119754271275 -146.40796793285614 -27.981096150912315
      vertex 81.64211616751135 -146.02056170720286 -27.98109615091231
    endloop
  endfacet
  facet normal 0.946930129495104 -0.3212224494766332 -0.011809648877819438
    outer loop
      vertex 81.45119754271275 -146.4647835377399 -26.43571169807452
      vertex 81.31244477324607 -146.81699656137496 -27.981096150912315
      vertex 81.45119754271275 -146.40796793285614 -27.981096150912315
    endloop
  endfacet
  facet normal 0.659345815100018 -0.7513322122554963 -0.02762250780350949
    outer loop
      vertex 82.49108728427122 -145.11048779510082 -26.38592141341867
      vertex 82.1665476220844 -145.3366475932444 -27.981096150912315
      vertex 82.49108728427122 -145.0518416650459 -27.981096150912315
    endloop
  endfacet
  facet normal 0.5555702330196401 -0.8309082560142347 -0.030548097647579396
    outer loop
      vertex 82.85 -144.8708318955618 -26.377110534759147
      vertex 82.49108728427122 -145.0518416650459 -27.981096150912315
      vertex 82.85 -144.8118618361444 -27.981096150912315
    endloop
  endfacet
  facet normal 0.7518398074790302 -0.6589006660362486 -0.024224289192515843
    outer loop
      vertex 82.1665476220844 -145.39490928681076 -26.396378085908008
      vertex 81.88193397703893 -145.66140651234545 -27.981096150912315
      vertex 82.1665476220844 -145.3366475932444 -27.981096150912315
    endloop
  endfacet
  facet normal 0.1950903220161091 -0.9801231155129416 -0.03603393807032231
    outer loop
      vertex 84.06926356567384 -144.45722711425424 -26.36190447662284
      vertex 83.64589715116168 -144.48196771799968 -27.981096150912315
      vertex 84.06926356567384 -144.39769800858184 -27.981096150912315
    endloop
  endfacet
  facet normal 0.0654031292301572 -0.9971852312923262 -0.03666122173868819
    outer loop
      vertex 84.5 -144.42901421724008 -26.360867237762026
      vertex 84.06926356567384 -144.39769800858184 -27.981096150912315
      vertex 84.5 -144.36944697778603 -27.981096150912315
    endloop
  endfacet
  facet normal -0.06540312923015723 -0.9971852312923264 -0.03666122173868194
    outer loop
      vertex 84.93073643432616 -144.45722711425424 -26.36190447662284
      vertex 84.5 -144.36944697778603 -27.981096150912315
      vertex 84.93073643432616 -144.39769800858184 -27.981096150912315
    endloop
  endfacet
  facet normal -0.195090322016109 -0.9801231155129411 -0.036033938070334816
    outer loop
      vertex 85.35410284883832 -144.54138307480673 -26.3649984457608
      vertex 84.93073643432616 -144.39769800858184 -27.981096150912315
      vertex 85.35410284883832 -144.48196771799968 -27.981096150912315
    endloop
  endfacet
  facet normal -0.3214394653031721 -0.9462908214856526 -0.034790103731083724
    outer loop
      vertex 85.7628553268048 -144.68004216708002 -26.370096206506144
      vertex 85.35410284883832 -144.48196771799968 -27.981096150912315
      vertex 85.7628553268048 -144.62081422794745 -27.981096150912318
    endloop
  endfacet
  facet normal -0.4422886902189966 -0.8962672291413756 -0.032951001071371125
    outer loop
      vertex 86.15 -144.8708318955618 -26.377110534759147
      vertex 85.7628553268048 -144.62081422794745 -27.981096150912318
      vertex 86.15 -144.8118618361444 -27.981096150912315
    endloop
  endfacet
  facet normal -0.55557023301964 -0.8309082560142346 -0.0305480976475806
    outer loop
      vertex 86.50891271572878 -145.11048779510082 -26.38592141341867
      vertex 86.15 -144.8118618361444 -27.981096150912315
      vertex 86.50891271572878 -145.0518416650459 -27.981096150912315
    endloop
  endfacet
  facet normal 0.9978589232386048 -0.06535897312709457 -0.00240290342379036
    outer loop
      vertex 81.22823195746642 -147.29634063557683 -26.46628365020088
      vertex 81.2 -147.6716764366197 -27.981096150912315
      vertex 81.22823195746642 -147.24064899952126 -27.981096150912318
    endloop
  endfacet
  facet normal 0.9978589232386049 0.06535897312709026 0.0024029034237905513
    outer loop
      vertex 81.2 -147.7267862635976 -26.482108857113406
      vertex 81.22823195746642 -148.10270387371816 -27.981096150912315
      vertex 81.2 -147.6716764366197 -27.981096150912315
    endloop
  endfacet
  facet normal 0.9807852804032284 0.1949586092302142 0.007167595927580113
    outer loop
      vertex 81.22823195746642 -148.15723189161838 -26.497934064025934
      vertex 81.31244477324607 -148.52635631186445 -27.981096150912315
      vertex 81.22823195746642 -148.10270387371816 -27.981096150912315
    endloop
  endfacet
  facet normal 0.946930129495104 0.32122244947663314 0.01180964887782107
    outer loop
      vertex 81.31244477324607 -148.58031247560166 -26.513488497260614
      vertex 81.45119754271275 -148.93538494038327 -27.981096150912315
      vertex 81.31244477324607 -148.52635631186445 -27.981096150912315
    endloop
  endfacet
  facet normal 0.8968727415326874 0.44199008455282074 0.01624963546150431
    outer loop
      vertex 81.45119754271275 -148.98878898945534 -26.528506016152292
      vertex 81.64211616751135 -149.32279116603652 -27.981096150912315
      vertex 81.45119754271275 -148.93538494038327 -27.981096150912315
    endloop
  endfacet
  facet normal 0.831469612302551 0.5551951467394994 0.02041158627719378
    outer loop
      vertex 81.64211616751135 -149.37567228677636 -26.542729666789096
      vertex 81.88193397703893 -149.681946360894 -27.981096150912315
      vertex 81.64211616751135 -149.32279116603652 -27.981096150912315
    endloop
  endfacet
  facet normal 0.7518398074790018 0.6589006660362813 0.02422428919251155
    outer loop
      vertex 81.88193397703893 -149.73434268708323 -26.555916078565083
      vertex 82.1665476220844 -150.006705279995 -27.981096150912315
      vertex 81.88193397703893 -149.681946360894 -27.981096150912315
    endloop
  endfacet
  facet normal 0.659345815100055 0.7513322122554635 0.027622507803512532
    outer loop
      vertex 82.1665476220844 -150.05866324038448 -26.567839628318804
      vertex 82.49108728427122 -150.29151120819353 -27.981096150912315
      vertex 82.1665476220844 -150.006705279995 -27.981096150912315
    endloop
  endfacet
  facet normal 0.5555702330195946 0.8309082560142649 0.030548097647580923
    outer loop
      vertex 82.49108728427122 -150.3430847320944 -26.57829630080814
      vertex 82.85 -150.531491037095 -27.981096150912315
      vertex 82.49108728427122 -150.29151120819353 -27.981096150912315
    endloop
  endfacet
  facet normal 0.44228869021899675 0.8962672291413752 0.032951001071373054
    outer loop
      vertex 82.85 -150.5827406316334 -26.587107179467665
      vertex 83.2371446731952 -150.72253864529196 -27.981096150912315
      vertex 82.85 -150.531491037095 -27.981096150912315
    endloop
  endfacet
  facet normal 0.32143946530311274 0.9462908214856725 0.03479010373109364
    outer loop
      vertex 83.2371446731952 -150.7735303601152 -26.594121507720672
      vertex 83.64589715116168 -150.8613851552397 -27.981096150912315
      vertex 83.2371446731952 -150.72253864529196 -27.981096150912315
    endloop
  endfacet
  facet normal 0.19509032201617257 0.9801231155129284 0.03603393807033635
    outer loop
      vertex 83.64589715116168 -150.91218945238847 -26.599219268466012
      vertex 84.06926356567384 -150.94565486465757 -27.981096150912318
      vertex 83.64589715116168 -150.8613851552397 -27.981096150912315
    endloop
  endfacet
  facet normal 0.06540312923022241 0.9971852312923218 0.03666122173869085
    outer loop
      vertex 84.06926356567384 -150.99634541294097 -26.602313237603973
      vertex 84.5 -150.9739058954534 -27.981096150912315
      vertex 84.06926356567384 -150.94565486465757 -27.981096150912318
    endloop
  endfacet
  facet normal -0.06540312923022246 0.9971852312923222 0.03666122173868361
    outer loop
      vertex 84.5 -151.02455830995515 -26.603350476464787
      vertex 84.93073643432616 -150.94565486465757 -27.981096150912318
      vertex 84.5 -150.9739058954534 -27.981096150912315
    endloop
  endfacet
  facet normal -0.1950903220161726 0.9801231155129286 0.036033938070330764
    outer loop
      vertex 84.93073643432616 -150.99634541294097 -26.602313237603973
      vertex 85.35410284883832 -150.8613851552397 -27.981096150912315
      vertex 84.93073643432616 -150.94565486465757 -27.981096150912318
    endloop
  endfacet
  facet normal -0.3214394653031126 0.9462908214856723 0.034790103731098705
    outer loop
      vertex 85.35410284883832 -150.91218945238847 -26.599219268466012
      vertex 85.7628553268048 -150.72253864529196 -27.981096150912315
      vertex 85.35410284883832 -150.8613851552397 -27.981096150912315
    endloop
  endfacet
  facet normal -0.4422886902189967 0.8962672291413752 0.03295100107137669
    outer loop
      vertex 85.7628553268048 -150.7735303601152 -26.594121507720672
      vertex 86.15 -150.531491037095 -27.981096150912315
      vertex 85.7628553268048 -150.72253864529196 -27.981096150912315
    endloop
  endfacet
  facet normal -0.6593458151000551 0.7513322122554636 0.02762250780350757
    outer loop
      vertex 86.50891271572878 -150.3430847320944 -26.57829630080814
      vertex 86.8334523779156 -150.006705279995 -27.981096150912315
      vertex 86.50891271572878 -150.29151120819353 -27.981096150912315
    endloop
  endfacet
  facet normal -0.5555702330195945 0.8309082560142649 0.0305480976475823
    outer loop
      vertex 86.15 -150.5827406316334 -26.587107179467665
      vertex 86.50891271572878 -150.29151120819353 -27.981096150912315
      vertex 86.15 -150.531491037095 -27.981096150912315
    endloop
  endfacet
  facet normal -3.0073872931687e-15 0.03673988465193264 -0.9993248625325813
    outer loop
      vertex 86.50891271572878 -145.11048779510082 -26.38592141341867
      vertex 86.8334523779156 -145.39490928681076 -26.396378085908008
      vertex 86.8334523779156 -150.05866324038448 -26.567839628318804
    endloop
  endfacet
  facet normal 4.4630116664388085e-15 0.03673988465193319 -0.9993248625325812
    outer loop
      vertex 86.8334523779156 -145.39490928681076 -26.396378085908008
      vertex 87.11806602296107 -145.719229840112 -26.40830163566173
      vertex 87.11806602296107 -149.73434268708323 -26.555916078565083
    endloop
  endfacet
  facet normal -4.942641258014728e-16 0.03673988465193339 -0.9993248625325815
    outer loop
      vertex 87.11806602296107 -145.719229840112 -26.40830163566173
      vertex 87.35788383248865 -146.07790024041884 -26.421488047437716
      vertex 87.35788383248865 -149.37567228677636 -26.542729666789096
    endloop
  endfacet
  facet normal -7.308407534695332e-15 0.03673988465193223 -0.9993248625325815
    outer loop
      vertex 87.35788383248865 -146.07790024041884 -26.421488047437716
      vertex 87.54880245728725 -146.4647835377399 -26.43571169807452
      vertex 87.54880245728725 -148.98878898945534 -26.528506016152292
    endloop
  endfacet
  facet normal 9.399758833557665e-15 0.03673988465193326 -0.9993248625325813
    outer loop
      vertex 87.54880245728725 -146.4647835377399 -26.43571169807452
      vertex 87.68755522675393 -146.87326005159358 -26.4507292169662
      vertex 87.68755522675393 -148.58031247560166 -26.513488497260614
    endloop
  endfacet
  facet normal -0.7518398074790046 -0.658900666036278 -0.02422428919251692
    outer loop
      vertex 86.8334523779156 -145.39490928681076 -26.396378085908008
      vertex 86.8334523779156 -145.3366475932444 -27.981096150912315
      vertex 87.11806602296107 -145.719229840112 -26.40830163566173
    endloop
  endfacet
  facet normal -0.831469612302521 -0.5551951467395445 -0.020411586277185763
    outer loop
      vertex 87.11806602296107 -145.719229840112 -26.40830163566173
      vertex 87.11806602296107 -145.66140651234545 -27.981096150912315
      vertex 87.35788383248865 -146.07790024041884 -26.421488047437716
    endloop
  endfacet
  facet normal -0.8968727415327024 -0.44199008455279026 -0.01624963546150114
    outer loop
      vertex 87.35788383248865 -146.07790024041884 -26.421488047437716
      vertex 87.35788383248865 -146.02056170720286 -27.98109615091231
      vertex 87.54880245728725 -146.4647835377399 -26.43571169807452
    endloop
  endfacet
  facet normal -0.9469301294951028 -0.3212224494766367 -0.011809648877819568
    outer loop
      vertex 87.54880245728725 -146.4647835377399 -26.43571169807452
      vertex 87.54880245728725 -146.40796793285614 -27.981096150912315
      vertex 87.68755522675393 -146.87326005159358 -26.4507292169662
    endloop
  endfacet
  facet normal -0.9807852804032283 -0.19495860923021502 -0.00716759592758203
    outer loop
      vertex 87.68755522675393 -146.87326005159358 -26.4507292169662
      vertex 87.68755522675393 -146.81699656137496 -27.981096150912315
      vertex 87.77176804253358 -147.29634063557683 -26.46628365020088
    endloop
  endfacet
  facet normal -3.8748306146916514e-15 0.03673988465193265 -0.9993248625325813
    outer loop
      vertex 86.8334523779156 -145.39490928681076 -26.396378085908008
      vertex 87.11806602296107 -149.73434268708323 -26.555916078565083
      vertex 86.8334523779156 -150.05866324038448 -26.567839628318804
    endloop
  endfacet
  facet normal 1.0386204962483601e-14 0.03673988465193339 -0.9993248625325812
    outer loop
      vertex 87.35788383248865 -146.07790024041884 -26.421488047437716
      vertex 87.54880245728725 -148.98878898945534 -26.528506016152292
      vertex 87.35788383248865 -149.37567228677636 -26.542729666789096
    endloop
  endfacet
  facet normal -3.5084444376025514e-15 0.036739884651933195 -0.9993248625325815
    outer loop
      vertex 87.11806602296107 -145.719229840112 -26.40830163566173
      vertex 87.35788383248865 -149.37567228677636 -26.542729666789096
      vertex 87.11806602296107 -149.73434268708323 -26.555916078565083
    endloop
  endfacet
  facet normal -3.203300220009601e-14 0.03673988465193071 -0.9993248625325815
    outer loop
      vertex 87.68755522675393 -146.87326005159358 -26.4507292169662
      vertex 87.77176804253358 -147.29634063557683 -26.46628365020088
      vertex 87.77176804253358 -148.15723189161838 -26.497934064025934
    endloop
  endfacet
  facet normal -1.0846352684806267e-17 0.03673988465193071 -0.9993248625325815
    outer loop
      vertex 87.77176804253358 -147.29634063557683 -26.46628365020088
      vertex 87.8 -147.7267862635976 -26.482108857113406
      vertex 87.77176804253358 -148.15723189161838 -26.497934064025934
    endloop
  endfacet
  facet normal 6.788500276217599e-15 0.03673988465193326 -0.9993248625325813
    outer loop
      vertex 87.68755522675393 -146.87326005159358 -26.4507292169662
      vertex 87.77176804253358 -148.15723189161838 -26.497934064025934
      vertex 87.68755522675393 -148.58031247560166 -26.513488497260614
    endloop
  endfacet
  facet normal -6.379329897229124e-15 0.03673988465193224 -0.9993248625325815
    outer loop
      vertex 87.54880245728725 -146.4647835377399 -26.43571169807452
      vertex 87.68755522675393 -148.58031247560166 -26.513488497260614
      vertex 87.54880245728725 -148.98878898945534 -26.528506016152292
    endloop
  endfacet
  facet normal -0.9978589232386048 -0.06535897312709335 -0.0024029034237903154
    outer loop
      vertex 87.77176804253358 -147.29634063557683 -26.46628365020088
      vertex 87.77176804253358 -147.24064899952126 -27.981096150912318
      vertex 87.8 -147.7267862635976 -26.482108857113406
    endloop
  endfacet
  facet normal -0.9978589232386048 0.06535897312709335 0.002402903423790665
    outer loop
      vertex 87.8 -147.7267862635976 -26.482108857113406
      vertex 87.8 -147.6716764366197 -27.981096150912315
      vertex 87.77176804253358 -148.15723189161838 -26.497934064025934
    endloop
  endfacet
  facet normal -0.9807852804032308 0.19495860923020247 0.007167595927579681
    outer loop
      vertex 87.77176804253358 -148.15723189161838 -26.497934064025934
      vertex 87.77176804253358 -148.10270387371816 -27.981096150912315
      vertex 87.68755522675393 -148.58031247560166 -26.513488497260614
    endloop
  endfacet
  facet normal -0.8968727415326895 0.4419900845528163 0.016249635461504146
    outer loop
      vertex 87.35788383248865 -149.37567228677636 -26.542729666789096
      vertex 87.54880245728725 -148.98878898945534 -26.528506016152292
      vertex 87.54880245728725 -148.93538494038327 -27.981096150912315
    endloop
  endfacet
  facet normal -0.8314696123025412 0.5551951467395139 0.02041158627719431
    outer loop
      vertex 87.35788383248865 -149.37567228677636 -26.542729666789096
      vertex 87.35788383248865 -149.32279116603652 -27.981096150912315
      vertex 87.11806602296107 -149.73434268708323 -26.555916078565083
    endloop
  endfacet
  facet normal -0.9469301294951027 0.3212224494766366 0.011809648877821198
    outer loop
      vertex 87.68755522675393 -148.58031247560166 -26.513488497260614
      vertex 87.68755522675393 -148.52635631186445 -27.981096150912315
      vertex 87.54880245728725 -148.98878898945534 -26.528506016152292
    endloop
  endfacet
  facet normal -0.7518398074790045 0.6589006660362782 0.024224289192511433
    outer loop
      vertex 86.8334523779156 -150.05866324038448 -26.567839628318804
      vertex 87.11806602296107 -149.73434268708323 -26.555916078565083
      vertex 87.11806602296107 -149.681946360894 -27.981096150912315
    endloop
  endfacet
  facet normal -0.6593458151000429 0.7513322122554742 0.027622507803512913
    outer loop
      vertex 86.50891271572878 -150.3430847320944 -26.57829630080814
      vertex 86.8334523779156 -150.05866324038448 -26.567839628318804
      vertex 86.8334523779156 -150.006705279995 -27.981096150912315
    endloop
  endfacet
  facet normal -0.6593458151000178 -0.7513322122554961 -0.027622507803518527
    outer loop
      vertex 86.8334523779156 -145.39490928681076 -26.396378085908008
      vertex 86.50891271572878 -145.0518416650459 -27.981096150912315
      vertex 86.8334523779156 -145.3366475932444 -27.981096150912315
    endloop
  endfacet
  facet normal -0.7518398074790305 -0.6589006660362489 -0.02422428919250514
    outer loop
      vertex 87.11806602296107 -145.719229840112 -26.40830163566173
      vertex 86.8334523779156 -145.3366475932444 -27.981096150912315
      vertex 87.11806602296107 -145.66140651234545 -27.981096150912315
    endloop
  endfacet
  facet normal -0.8314696123025103 -0.5551951467395603 -0.020411586277191595
    outer loop
      vertex 87.35788383248865 -146.07790024041884 -26.421488047437716
      vertex 87.11806602296107 -145.66140651234545 -27.981096150912315
      vertex 87.35788383248865 -146.02056170720286 -27.98109615091231
    endloop
  endfacet
  facet normal -0.9807852804032285 -0.19495860923021419 -0.007167595927581757
    outer loop
      vertex 87.77176804253358 -147.29634063557683 -26.46628365020088
      vertex 87.68755522675393 -146.81699656137496 -27.981096150912315
      vertex 87.77176804253358 -147.24064899952126 -27.981096150912318
    endloop
  endfacet
  facet normal -0.8968727415327004 -0.4419900845527945 -0.016249635461502605
    outer loop
      vertex 87.54880245728725 -146.4647835377399 -26.43571169807452
      vertex 87.35788383248865 -146.02056170720286 -27.98109615091231
      vertex 87.54880245728725 -146.40796793285614 -27.981096150912315
    endloop
  endfacet
  facet normal -0.946930129495104 -0.32122244947663314 -0.011809648877818378
    outer loop
      vertex 87.68755522675393 -146.87326005159358 -26.4507292169662
      vertex 87.54880245728725 -146.40796793285614 -27.981096150912315
      vertex 87.68755522675393 -146.81699656137496 -27.981096150912315
    endloop
  endfacet
  facet normal -0.9978589232386048 -0.06535897312709457 -0.0024029034237907096
    outer loop
      vertex 87.8 -147.7267862635976 -26.482108857113406
      vertex 87.77176804253358 -147.24064899952126 -27.981096150912318
      vertex 87.8 -147.6716764366197 -27.981096150912315
    endloop
  endfacet
  facet normal -0.997858923238605 0.06535897312709027 0.00240290342378965
    outer loop
      vertex 87.77176804253358 -148.15723189161838 -26.497934064025934
      vertex 87.8 -147.6716764366197 -27.981096150912315
      vertex 87.77176804253358 -148.10270387371816 -27.981096150912315
    endloop
  endfacet
  facet normal -0.9807852804032284 0.19495860923021424 0.007167595927583637
    outer loop
      vertex 87.68755522675393 -148.58031247560166 -26.513488497260614
      vertex 87.77176804253358 -148.10270387371816 -27.981096150912315
      vertex 87.68755522675393 -148.52635631186445 -27.981096150912315
    endloop
  endfacet
  facet normal -0.8968727415326873 0.44199008455282074 0.01624963546150578
    outer loop
      vertex 87.35788383248865 -149.37567228677636 -26.542729666789096
      vertex 87.54880245728725 -148.93538494038327 -27.981096150912315
      vertex 87.35788383248865 -149.32279116603652 -27.981096150912315
    endloop
  endfacet
  facet normal -0.8314696123025511 0.5551951467394995 0.0204115862771885
    outer loop
      vertex 87.11806602296107 -149.73434268708323 -26.555916078565083
      vertex 87.35788383248865 -149.32279116603652 -27.981096150912315
      vertex 87.11806602296107 -149.681946360894 -27.981096150912315
    endloop
  endfacet
  facet normal -0.9469301294951041 0.3212224494766332 0.011809648877819972
    outer loop
      vertex 87.54880245728725 -148.98878898945534 -26.528506016152292
      vertex 87.68755522675393 -148.52635631186445 -27.981096150912315
      vertex 87.54880245728725 -148.93538494038327 -27.981096150912315
    endloop
  endfacet
  facet normal -0.7518398074790017 0.6589006660362813 0.024224289192512835
    outer loop
      vertex 86.8334523779156 -150.05866324038448 -26.567839628318804
      vertex 87.11806602296107 -149.681946360894 -27.981096150912315
      vertex 86.8334523779156 -150.006705279995 -27.981096150912315
    endloop
  endfacet
  facet normal 0 0.7326084084824961 -0.6806503653277093
    outer loop
      vertex -99.1 -3.2830760903944722 -0.12070132685273795
      vertex -96.1 -3.2830760903944722 -0.12070132685273795
      vertex -99.1 -29.167556387925 -27.981096150912304
    endloop
  endfacet
  facet normal -1.5892311069691595e-15 0.7326084084824962 -0.6806503653277093
    outer loop
      vertex -96.1 -21.57219067012679 -19.805931523358513
      vertex -99.1 -29.167556387925 -27.981096150912304
      vertex -96.1 -3.2830760903944722 -0.12070132685273795
    endloop
  endfacet
  facet normal 0 0.7326084084824958 -0.6806503653277095
    outer loop
      vertex -90.1 -21.57219067012679 -19.805931523358513
      vertex -99.1 -29.167556387925 -27.981096150912304
      vertex -96.1 -21.57219067012679 -19.805931523358513
    endloop
  endfacet
  facet normal -2.32514789235094e-15 0.7326084084824972 -0.6806503653277082
    outer loop
      vertex -90.1 -21.57219067012679 -19.805931523358513
      vertex -90.1 -22.668401076276922 -20.98582211318423
      vertex -99.1 -29.167556387925 -27.981096150912304
    endloop
  endfacet
  facet normal 1.2200584578104505e-17 0.7326084084824956 -0.6806503653277097
    outer loop
      vertex -99.1 -29.167556387925 -27.981096150912304
      vertex -90.1 -22.668401076276922 -20.98582211318423
      vertex 99.1 -29.167556387925 -27.9810961509123
    endloop
  endfacet
  facet normal 0 0.7326084084824962 -0.6806503653277093
    outer loop
      vertex 99.1 -3.2830760903944722 -0.12070132685273795
      vertex 96.1 -21.57219067012679 -19.805931523358513
      vertex 96.1 -3.2830760903944722 -0.12070132685273795
    endloop
  endfacet
  facet normal 1.0243731999984094e-18 0.7326084084824954 -0.68065036532771
    outer loop
      vertex 90.1 -22.668401076276925 -20.985822113184234
      vertex 99.1 -29.167556387925 -27.9810961509123
      vertex -90.1 -22.668401076276922 -20.98582211318423
    endloop
  endfacet
  facet normal 1.6991699705306734e-15 0.732608408482496 -0.6806503653277095
    outer loop
      vertex 96.1 -21.57219067012679 -19.805931523358513
      vertex 99.1 -3.2830760903944722 -0.12070132685273795
      vertex 99.1 -29.167556387925 -27.9810961509123
    endloop
  endfacet
  facet normal 0 0.7326084084824958 -0.6806503653277097
    outer loop
      vertex 96.1 -21.57219067012679 -19.805931523358513
      vertex 99.1 -29.167556387925 -27.9810961509123
      vertex 90.1 -21.57219067012679 -19.805931523358513
    endloop
  endfacet
  facet normal 2.4712112778360405e-15 0.7326084084824971 -0.6806503653277082
    outer loop
      vertex 90.1 -22.668401076276925 -20.985822113184234
      vertex 90.1 -21.57219067012679 -19.805931523358513
      vertex 99.1 -29.167556387925 -27.9810961509123
    endloop
  endfacet
endsolid OpenSCAD_Model
