solid OpenSCAD_Model
  facet normal 0 0 -1
    outer loop
      vertex -50 -35 0
      vertex -36.034894429314825 -26.3487006784951 0
      vertex -35.85 -26.472243186433545 0
    endloop
  endfacet
  facet normal 0 0 -1
    outer loop
      vertex -50 -35 0
      vertex -36.3487006784951 -26.034894429314825 0
      vertex -36.20208152801713 -26.202081528017132 0
    endloop
  endfacet
  facet normal 0 0 -1
    outer loop
      vertex -50 -35 0
      vertex -36.20208152801713 -26.202081528017132 0
      vertex -36.034894429314825 -26.3487006784951 0
    endloop
  endfacet
  facet normal 0 0 -1
    outer loop
      vertex -50 -35 0
      vertex -36.642073904691415 -25.439992376674287 0
      vertex -36.570595205269186 -25.650561835020653 0
    endloop
  endfacet
  facet normal 0 0 -1
    outer loop
      vertex -50 -35 0
      vertex -36.68545626433548 -25.221894526774086 0
      vertex -36.642073904691415 -25.439992376674287 0
    endloop
  endfacet
  facet normal 0 0 -1
    outer loop
      vertex -50 -35 0
      vertex -36.472243186433545 -25.85 0
      vertex -36.3487006784951 -26.034894429314825 0
    endloop
  endfacet
  facet normal 0 0 -1
    outer loop
      vertex -50 -35 0
      vertex -36.570595205269186 -25.650561835020653 0
      vertex -36.472243186433545 -25.85 0
    endloop
  endfacet
  facet normal 0 0 -1
    outer loop
      vertex -50 -35 0
      vertex -36.7 -25 0
      vertex -36.68545626433548 -25.221894526774086 0
    endloop
  endfacet
  facet normal 0 0 -1
    outer loop
      vertex -50 -35 0
      vertex -35.85 -26.472243186433545 0
      vertex -35.65056183502065 -26.570595205269186 0
    endloop
  endfacet
  facet normal 0 0 -1
    outer loop
      vertex -50 -35 0
      vertex -35.65056183502065 -26.570595205269186 0
      vertex -35.43999237667428 -26.642073904691415 0
    endloop
  endfacet
  facet normal 0 0 -1
    outer loop
      vertex -50 -35 0
      vertex -35.43999237667428 -26.642073904691415 0
      vertex -35.221894526774086 -26.68545626433548 0
    endloop
  endfacet
  facet normal 0 0 1
    outer loop
      vertex -50 -35 4
      vertex -35.85 -26.472243186433545 4
      vertex -36.034894429314825 -26.3487006784951 4
    endloop
  endfacet
  facet normal 0 0 1
    outer loop
      vertex -50 -35 4
      vertex -36.20208152801713 -26.202081528017132 4
      vertex -36.3487006784951 -26.034894429314825 4
    endloop
  endfacet
  facet normal 0 0 1
    outer loop
      vertex -50 -35 4
      vertex -36.034894429314825 -26.3487006784951 4
      vertex -36.20208152801713 -26.202081528017132 4
    endloop
  endfacet
  facet normal 0 0 1
    outer loop
      vertex -50 -35 4
      vertex -36.570595205269186 -25.650561835020653 4
      vertex -36.642073904691415 -25.439992376674287 4
    endloop
  endfacet
  facet normal 0 0 1
    outer loop
      vertex -50 -35 4
      vertex -36.642073904691415 -25.439992376674287 4
      vertex -36.68545626433548 -25.221894526774086 4
    endloop
  endfacet
  facet normal 0 0 1
    outer loop
      vertex -50 -35 4
      vertex -36.3487006784951 -26.034894429314825 4
      vertex -36.472243186433545 -25.85 4
    endloop
  endfacet
  facet normal 0 0 1
    outer loop
      vertex -50 -35 4
      vertex -36.472243186433545 -25.85 4
      vertex -36.570595205269186 -25.650561835020653 4
    endloop
  endfacet
  facet normal 0 0 1
    outer loop
      vertex -50 -35 4
      vertex -36.68545626433548 -25.221894526774086 4
      vertex -36.7 -25 4
    endloop
  endfacet
  facet normal 0 0 1
    outer loop
      vertex -50 -35 4
      vertex -36.7 -25 4
      vertex -36.68545626433548 -24.778105473225914 4
    endloop
  endfacet
  facet normal 0 0 1
    outer loop
      vertex -50 -35 4
      vertex -36.68545626433548 -24.778105473225914 4
      vertex -36.642073904691415 -24.560007623325713 4
    endloop
  endfacet
  facet normal 0 0 1
    outer loop
      vertex -50 -35 4
      vertex -36.642073904691415 -24.560007623325713 4
      vertex -36.570595205269186 -24.349438164979347 4
    endloop
  endfacet
  facet normal 0 0 1
    outer loop
      vertex -50 -35 4
      vertex -36.570595205269186 -24.349438164979347 4
      vertex -36.472243186433545 -24.15 4
    endloop
  endfacet
  facet normal 0 0 1
    outer loop
      vertex -50 -35 4
      vertex -36.472243186433545 -24.15 4
      vertex -36.3487006784951 -23.965105570685175 4
    endloop
  endfacet
  facet normal 0 0 1
    outer loop
      vertex -50 -35 4
      vertex -36.3487006784951 -23.965105570685175 4
      vertex -36.20208152801713 -23.797918471982868 4
    endloop
  endfacet
  facet normal 0 0 1
    outer loop
      vertex -50 -35 4
      vertex -35.65056183502065 -26.570595205269186 4
      vertex -35.85 -26.472243186433545 4
    endloop
  endfacet
  facet normal 0 0 1
    outer loop
      vertex -50 -35 4
      vertex -35.43999237667428 -26.642073904691415 4
      vertex -35.65056183502065 -26.570595205269186 4
    endloop
  endfacet
  facet normal 0 0 1
    outer loop
      vertex -50 -35 4
      vertex -35.221894526774086 -26.68545626433548 4
      vertex -35.43999237667428 -26.642073904691415 4
    endloop
  endfacet
  facet normal 0 0 1
    outer loop
      vertex -50 -35 4
      vertex -35 -26.7 4
      vertex -35.221894526774086 -26.68545626433548 4
    endloop
  endfacet
  facet normal 0 0 1
    outer loop
      vertex -50 -35 4
      vertex -34.778105473225914 -26.68545626433548 4
      vertex -35 -26.7 4
    endloop
  endfacet
  facet normal 0 0 1
    outer loop
      vertex -50 -35 4
      vertex -34.56000762332572 -26.642073904691415 4
      vertex -34.778105473225914 -26.68545626433548 4
    endloop
  endfacet
  facet normal 0 0 1
    outer loop
      vertex -50 -35 4
      vertex -34.34943816497935 -26.570595205269186 4
      vertex -34.56000762332572 -26.642073904691415 4
    endloop
  endfacet
  facet normal 0 0 1
    outer loop
      vertex -50 -35 4
      vertex -36.20208152801713 -23.797918471982868 4
      vertex -18.477590650225736 -7.653668647301796 4
    endloop
  endfacet
  facet normal 0 0 1
    outer loop
      vertex -50 -35 4
      vertex -12.175228580174412 -15.867066805824702 4
      vertex -34.34943816497935 -26.570595205269186 4
    endloop
  endfacet
  facet normal 0 0 1
    outer loop
      vertex -12.175228580174412 -15.867066805824702 4
      vertex -34.15 -26.472243186433545 4
      vertex -34.34943816497935 -26.570595205269186 4
    endloop
  endfacet
  facet normal 0 0 1
    outer loop
      vertex -12.175228580174412 -15.867066805824702 4
      vertex -33.965105570685175 -26.3487006784951 4
      vertex -34.15 -26.472243186433545 4
    endloop
  endfacet
  facet normal 0 0 1
    outer loop
      vertex -12.175228580174412 -15.867066805824702 4
      vertex -33.79791847198287 -26.202081528017132 4
      vertex -33.965105570685175 -26.3487006784951 4
    endloop
  endfacet
  facet normal 0 0 1
    outer loop
      vertex -12.175228580174412 -15.867066805824702 4
      vertex -33.6512993215049 -26.034894429314825 4
      vertex -33.79791847198287 -26.202081528017132 4
    endloop
  endfacet
  facet normal 0 0 1
    outer loop
      vertex -12.175228580174412 -15.867066805824702 4
      vertex -33.527756813566455 -25.85 4
      vertex -33.6512993215049 -26.034894429314825 4
    endloop
  endfacet
  facet normal 0 0 1
    outer loop
      vertex -12.175228580174412 -15.867066805824702 4
      vertex -33.429404794730814 -25.650561835020653 4
      vertex -33.527756813566455 -25.85 4
    endloop
  endfacet
  facet normal 0 0 1
    outer loop
      vertex -12.175228580174412 -15.867066805824702 4
      vertex -33.357926095308585 -25.439992376674287 4
      vertex -33.429404794730814 -25.650561835020653 4
    endloop
  endfacet
  facet normal 0 0 1
    outer loop
      vertex -18.477590650225736 -7.653668647301796 4
      vertex -36.20208152801713 -23.797918471982868 4
      vertex -36.034894429314825 -23.6512993215049 4
    endloop
  endfacet
  facet normal 0 0 1
    outer loop
      vertex -18.477590650225736 -7.653668647301796 4
      vertex -36.034894429314825 -23.6512993215049 4
      vertex -35.85 -23.527756813566455 4
    endloop
  endfacet
  facet normal 0 0 1
    outer loop
      vertex -18.477590650225736 -7.653668647301796 4
      vertex -35.85 -23.527756813566455 4
      vertex -35.65056183502065 -23.429404794730814 4
    endloop
  endfacet
  facet normal 0 0 1
    outer loop
      vertex -18.477590650225736 -7.653668647301796 4
      vertex -35.65056183502065 -23.429404794730814 4
      vertex -35.43999237667428 -23.357926095308585 4
    endloop
  endfacet
  facet normal 0 0 1
    outer loop
      vertex -18.477590650225736 -7.653668647301796 4
      vertex -35.43999237667428 -23.357926095308585 4
      vertex -35.221894526774086 -23.31454373566452 4
    endloop
  endfacet
  facet normal 0 0 1
    outer loop
      vertex -17.32050807568877 -10 4
      vertex -33.965105570685175 -23.6512993215049 4
      vertex -33.79791847198287 -23.797918471982868 4
    endloop
  endfacet
  facet normal 0 0 1
    outer loop
      vertex -17.32050807568877 -10 4
      vertex -33.79791847198287 -23.797918471982868 4
      vertex -33.6512993215049 -23.965105570685175 4
    endloop
  endfacet
  facet normal 0 0 1
    outer loop
      vertex -17.32050807568877 -10 4
      vertex -34.56000762332572 -23.357926095308585 4
      vertex -34.34943816497935 -23.429404794730814 4
    endloop
  endfacet
  facet normal 0 0 1
    outer loop
      vertex -17.32050807568877 -10 4
      vertex -34.34943816497935 -23.429404794730814 4
      vertex -34.15 -23.527756813566455 4
    endloop
  endfacet
  facet normal 0 0 1
    outer loop
      vertex -17.32050807568877 -10 4
      vertex -34.15 -23.527756813566455 4
      vertex -33.965105570685175 -23.6512993215049 4
    endloop
  endfacet
  facet normal 0 0 1
    outer loop
      vertex -18.477590650225736 -7.653668647301796 4
      vertex -35.221894526774086 -23.31454373566452 4
      vertex -35 -23.3 4
    endloop
  endfacet
  facet normal 0 0 1
    outer loop
      vertex -18.477590650225736 -7.653668647301796 4
      vertex -35 -23.3 4
      vertex -34.778105473225914 -23.31454373566452 4
    endloop
  endfacet
  facet normal 0 0 1
    outer loop
      vertex -18.477590650225736 -7.653668647301796 4
      vertex -34.778105473225914 -23.31454373566452 4
      vertex -34.56000762332572 -23.357926095308585 4
    endloop
  endfacet
  facet normal 0 0 1
    outer loop
      vertex -14.142135623730951 -14.142135623730951 4
      vertex -33.31454373566452 -25.221894526774086 4
      vertex -33.357926095308585 -25.439992376674287 4
    endloop
  endfacet
  facet normal 0 0 1
    outer loop
      vertex -14.142135623730951 -14.142135623730951 4
      vertex -33.3 -25 4
      vertex -33.31454373566452 -25.221894526774086 4
    endloop
  endfacet
  facet normal 0 0 1
    outer loop
      vertex -14.142135623730951 -14.142135623730951 4
      vertex -33.31454373566452 -24.778105473225914 4
      vertex -33.3 -25 4
    endloop
  endfacet
  facet normal 0 0 1
    outer loop
      vertex -15.867066805824702 -12.175228580174412 4
      vertex -33.429404794730814 -24.349438164979347 4
      vertex -33.357926095308585 -24.560007623325713 4
    endloop
  endfacet
  facet normal 0 0 1
    outer loop
      vertex -15.867066805824702 -12.175228580174412 4
      vertex -33.357926095308585 -24.560007623325713 4
      vertex -33.31454373566452 -24.778105473225914 4
    endloop
  endfacet
  facet normal 0 0 1
    outer loop
      vertex -15.867066805824702 -12.175228580174412 4
      vertex -33.527756813566455 -24.15 4
      vertex -33.429404794730814 -24.349438164979347 4
    endloop
  endfacet
  facet normal 0 0 1
    outer loop
      vertex -15.867066805824702 -12.175228580174412 4
      vertex -33.6512993215049 -23.965105570685175 4
      vertex -33.527756813566455 -24.15 4
    endloop
  endfacet
  facet normal -1 0 0
    outer loop
      vertex -50 -35 0
      vertex -50 -35 4
      vertex -50 35 4
    endloop
  endfacet
  facet normal 0 0 -1
    outer loop
      vertex -50 -35 0
      vertex -36.7 25 0
      vertex -36.7 -25 0
    endloop
  endfacet
  facet normal 0 0 1
    outer loop
      vertex -50 -35 4
      vertex -18.477590650225736 -7.653668647301796 4
      vertex -19.318516525781366 -5.176380902050415 4
    endloop
  endfacet
  facet normal 0 0 1
    outer loop
      vertex -50 -35 4
      vertex -19.318516525781366 -5.176380902050415 4
      vertex -19.828897227476208 -2.6105238444010315 4
    endloop
  endfacet
  facet normal 0 0 1
    outer loop
      vertex -50 -35 4
      vertex -19.828897227476208 -2.6105238444010315 4
      vertex -20 0 4
    endloop
  endfacet
  facet normal 0 0 1
    outer loop
      vertex -50 -35 4
      vertex -20 0 4
      vertex -19.828897227476208 2.6105238444010315 4
    endloop
  endfacet
  facet normal 0 0 1
    outer loop
      vertex -50 -35 4
      vertex -19.828897227476208 2.6105238444010315 4
      vertex -19.318516525781366 5.176380902050415 4
    endloop
  endfacet
  facet normal 0 0 -1
    outer loop
      vertex -36.7 -25 0
      vertex -36.68545626433548 24.778105473225914 0
      vertex -36.68545626433548 -24.778105473225914 0
    endloop
  endfacet
  facet normal 0 0 -1
    outer loop
      vertex -36.68545626433548 -24.778105473225914 0
      vertex -36.642073904691415 24.560007623325713 0
      vertex -36.642073904691415 -24.560007623325713 0
    endloop
  endfacet
  facet normal 0 0 -1
    outer loop
      vertex -36.642073904691415 -24.560007623325713 0
      vertex -36.570595205269186 24.349438164979347 0
      vertex -36.570595205269186 -24.349438164979347 0
    endloop
  endfacet
  facet normal 0 0 -1
    outer loop
      vertex -36.570595205269186 -24.349438164979347 0
      vertex -36.472243186433545 24.15 0
      vertex -36.472243186433545 -24.15 0
    endloop
  endfacet
  facet normal 0 0 -1
    outer loop
      vertex -36.472243186433545 -24.15 0
      vertex -36.3487006784951 23.965105570685175 0
      vertex -36.3487006784951 -23.965105570685175 0
    endloop
  endfacet
  facet normal 0 0 -1
    outer loop
      vertex -36.3487006784951 -23.965105570685175 0
      vertex -36.20208152801713 23.797918471982868 0
      vertex -36.20208152801713 -23.797918471982868 0
    endloop
  endfacet
  facet normal 0 0 -1
    outer loop
      vertex -36.034894429314825 -23.6512993215049 0
      vertex -36.20208152801713 -23.797918471982868 0
      vertex -36.034894429314825 23.6512993215049 0
    endloop
  endfacet
  facet normal 0 0 -1
    outer loop
      vertex -35.85 -23.527756813566455 0
      vertex -36.034894429314825 -23.6512993215049 0
      vertex -35.85 23.527756813566455 0
    endloop
  endfacet
  facet normal 0 0 -1
    outer loop
      vertex -35.65056183502065 -23.429404794730814 0
      vertex -35.85 -23.527756813566455 0
      vertex -35.65056183502065 23.429404794730814 0
    endloop
  endfacet
  facet normal 0 0 -1
    outer loop
      vertex -35.43999237667428 -23.357926095308585 0
      vertex -35.65056183502065 -23.429404794730814 0
      vertex -35.43999237667428 23.357926095308585 0
    endloop
  endfacet
  facet normal 0 0 -1
    outer loop
      vertex -35.221894526774086 -23.31454373566452 0
      vertex -35.43999237667428 -23.357926095308585 0
      vertex -35.221894526774086 23.31454373566452 0
    endloop
  endfacet
  facet normal 0 0 -1
    outer loop
      vertex -35 -23.3 0
      vertex -35.221894526774086 -23.31454373566452 0
      vertex -35 23.3 0
    endloop
  endfacet
  facet normal 0 0 -1
    outer loop
      vertex -34.778105473225914 -23.31454373566452 0
      vertex -35 -23.3 0
      vertex -34.778105473225914 23.31454373566452 0
    endloop
  endfacet
  facet normal 0 0 -1
    outer loop
      vertex -34.56000762332572 -23.357926095308585 0
      vertex -34.778105473225914 -23.31454373566452 0
      vertex -34.56000762332572 23.357926095308585 0
    endloop
  endfacet
  facet normal 0 0 -1
    outer loop
      vertex -34.34943816497935 -23.429404794730814 0
      vertex -34.56000762332572 -23.357926095308585 0
      vertex -34.34943816497935 23.429404794730814 0
    endloop
  endfacet
  facet normal 0 -1 0
    outer loop
      vertex -50 -35 0
      vertex 50 -35 4
      vertex -50 -35 4
    endloop
  endfacet
  facet normal 0 0 1
    outer loop
      vertex -50 -35 4
      vertex -10 -17.32050807568877 4
      vertex -12.175228580174412 -15.867066805824702 4
    endloop
  endfacet
  facet normal 0 0 1
    outer loop
      vertex -50 -35 4
      vertex -7.653668647301796 -18.477590650225736 4
      vertex -10 -17.32050807568877 4
    endloop
  endfacet
  facet normal 0 0 1
    outer loop
      vertex -50 -35 4
      vertex -5.176380902050415 -19.318516525781366 4
      vertex -7.653668647301796 -18.477590650225736 4
    endloop
  endfacet
  facet normal 0 0 1
    outer loop
      vertex -14.142135623730951 -14.142135623730951 4
      vertex -33.357926095308585 -25.439992376674287 4
      vertex -12.175228580174412 -15.867066805824702 4
    endloop
  endfacet
  facet normal 0 0 -1
    outer loop
      vertex -50 -35 0
      vertex -35.221894526774086 -26.68545626433548 0
      vertex 50 -35 0
    endloop
  endfacet
  facet normal 0 0 -1
    outer loop
      vertex -33.965105570685175 -26.3487006784951 0
      vertex -33.79791847198287 -26.202081528017132 0
      vertex 33.965105570685175 -26.3487006784951 0
    endloop
  endfacet
  facet normal 0 0 -1
    outer loop
      vertex 50 -35 0
      vertex -35.221894526774086 -26.68545626433548 0
      vertex -35 -26.7 0
    endloop
  endfacet
  facet normal 0 0 -1
    outer loop
      vertex 50 -35 0
      vertex -35 -26.7 0
      vertex -34.778105473225914 -26.68545626433548 0
    endloop
  endfacet
  facet normal 0 0 -1
    outer loop
      vertex 50 -35 0
      vertex -34.778105473225914 -26.68545626433548 0
      vertex -34.56000762332572 -26.642073904691415 0
    endloop
  endfacet
  facet normal 0 0 -1
    outer loop
      vertex 50 -35 0
      vertex -34.56000762332572 -26.642073904691415 0
      vertex -34.34943816497935 -26.570595205269186 0
    endloop
  endfacet
  facet normal 0 0 -1
    outer loop
      vertex 50 -35 0
      vertex -34.34943816497935 -26.570595205269186 0
      vertex -34.15 -26.472243186433545 0
    endloop
  endfacet
  facet normal 0 0 -1
    outer loop
      vertex 50 -35 0
      vertex -34.15 -26.472243186433545 0
      vertex -33.965105570685175 -26.3487006784951 0
    endloop
  endfacet
  facet normal 0 0 1
    outer loop
      vertex -50 -35 4
      vertex 50 -35 4
      vertex -5.176380902050415 -19.318516525781366 4
    endloop
  endfacet
  facet normal 0 0 -1
    outer loop
      vertex -33.79791847198287 -26.202081528017132 0
      vertex -33.6512993215049 -26.034894429314825 0
      vertex 33.79791847198287 -26.202081528017132 0
    endloop
  endfacet
  facet normal 0 0 -1
    outer loop
      vertex -33.527756813566455 -25.85 0
      vertex 33.6512993215049 -26.034894429314825 0
      vertex -33.6512993215049 -26.034894429314825 0
    endloop
  endfacet
  facet normal 0 0 -1
    outer loop
      vertex -33.429404794730814 -25.650561835020653 0
      vertex 33.527756813566455 -25.85 0
      vertex -33.527756813566455 -25.85 0
    endloop
  endfacet
  facet normal 0 0 -1
    outer loop
      vertex -33.357926095308585 -25.439992376674287 0
      vertex 33.429404794730814 -25.650561835020653 0
      vertex -33.429404794730814 -25.650561835020653 0
    endloop
  endfacet
  facet normal 0 0 -1
    outer loop
      vertex -33.31454373566452 -25.221894526774086 0
      vertex 33.357926095308585 -25.439992376674287 0
      vertex -33.357926095308585 -25.439992376674287 0
    endloop
  endfacet
  facet normal 0 0 -1
    outer loop
      vertex -33.3 -25 0
      vertex 33.31454373566452 -25.221894526774086 0
      vertex -33.31454373566452 -25.221894526774086 0
    endloop
  endfacet
  facet normal 0 0 -1
    outer loop
      vertex -33.31454373566452 -24.778105473225914 0
      vertex 33.3 -25 0
      vertex -33.3 -25 0
    endloop
  endfacet
  facet normal 0 0 -1
    outer loop
      vertex -33.357926095308585 -24.560007623325713 0
      vertex 33.31454373566452 -24.778105473225914 0
      vertex -33.31454373566452 -24.778105473225914 0
    endloop
  endfacet
  facet normal 0 0 1
    outer loop
      vertex -15.867066805824702 -12.175228580174412 4
      vertex -17.32050807568877 -10 4
      vertex -33.6512993215049 -23.965105570685175 4
    endloop
  endfacet
  facet normal 0 0 1
    outer loop
      vertex -17.32050807568877 -10 4
      vertex -18.477590650225736 -7.653668647301796 4
      vertex -34.56000762332572 -23.357926095308585 4
    endloop
  endfacet
  facet normal 0 0 1
    outer loop
      vertex -14.142135623730951 -14.142135623730951 4
      vertex -15.867066805824702 -12.175228580174412 4
      vertex -33.31454373566452 -24.778105473225914 4
    endloop
  endfacet
  facet normal 0 0 -1
    outer loop
      vertex -33.429404794730814 -24.349438164979347 0
      vertex 33.965105570685175 23.6512993215049 0
      vertex -33.357926095308585 -24.560007623325713 0
    endloop
  endfacet
  facet normal 0 0 -1
    outer loop
      vertex 33.965105570685175 23.6512993215049 0
      vertex -33.429404794730814 -24.349438164979347 0
      vertex -33.527756813566455 -24.15 0
    endloop
  endfacet
  facet normal 0 0 -1
    outer loop
      vertex 33.965105570685175 23.6512993215049 0
      vertex -33.79791847198287 -23.797918471982868 0
      vertex -33.965105570685175 -23.6512993215049 0
    endloop
  endfacet
  facet normal 0 0 -1
    outer loop
      vertex 33.965105570685175 23.6512993215049 0
      vertex -33.6512993215049 -23.965105570685175 0
      vertex -33.79791847198287 -23.797918471982868 0
    endloop
  endfacet
  facet normal 0 0 -1
    outer loop
      vertex 33.965105570685175 23.6512993215049 0
      vertex -33.527756813566455 -24.15 0
      vertex -33.6512993215049 -23.965105570685175 0
    endloop
  endfacet
  facet normal 0 0 -1
    outer loop
      vertex -34.15 -23.527756813566455 0
      vertex -34.34943816497935 -23.429404794730814 0
      vertex 33.31454373566452 24.778105473225914 0
    endloop
  endfacet
  facet normal 0 0 -1
    outer loop
      vertex -33.965105570685175 -23.6512993215049 0
      vertex -34.15 -23.527756813566455 0
      vertex 33.357926095308585 24.560007623325713 0
    endloop
  endfacet
  facet normal 0 0 -1
    outer loop
      vertex -50 -35 0
      vertex -50 35 0
      vertex -36.7 25 0
    endloop
  endfacet
  facet normal 0 0 1
    outer loop
      vertex -50 -35 4
      vertex -19.318516525781366 5.176380902050415 4
      vertex -50 35 4
    endloop
  endfacet
  facet normal -1 0 0
    outer loop
      vertex -50 -35 0
      vertex -50 35 4
      vertex -50 35 0
    endloop
  endfacet
  facet normal 0 0 -1
    outer loop
      vertex -36.570595205269186 -24.349438164979347 0
      vertex -36.570595205269186 24.349438164979347 0
      vertex -36.472243186433545 24.15 0
    endloop
  endfacet
  facet normal 0 0 -1
    outer loop
      vertex -36.68545626433548 -24.778105473225914 0
      vertex -36.68545626433548 24.778105473225914 0
      vertex -36.642073904691415 24.560007623325713 0
    endloop
  endfacet
  facet normal 0 0 -1
    outer loop
      vertex -36.642073904691415 -24.560007623325713 0
      vertex -36.642073904691415 24.560007623325713 0
      vertex -36.570595205269186 24.349438164979347 0
    endloop
  endfacet
  facet normal 0 0 -1
    outer loop
      vertex -36.472243186433545 -24.15 0
      vertex -36.472243186433545 24.15 0
      vertex -36.3487006784951 23.965105570685175 0
    endloop
  endfacet
  facet normal 0 0 -1
    outer loop
      vertex -36.20208152801713 -23.797918471982868 0
      vertex -36.20208152801713 23.797918471982868 0
      vertex -36.034894429314825 23.6512993215049 0
    endloop
  endfacet
  facet normal 0 0 -1
    outer loop
      vertex -36.034894429314825 -23.6512993215049 0
      vertex -36.034894429314825 23.6512993215049 0
      vertex -35.85 23.527756813566455 0
    endloop
  endfacet
  facet normal 0 0 -1
    outer loop
      vertex -36.3487006784951 -23.965105570685175 0
      vertex -36.3487006784951 23.965105570685175 0
      vertex -36.20208152801713 23.797918471982868 0
    endloop
  endfacet
  facet normal 0 0 -1
    outer loop
      vertex -36.7 -25 0
      vertex -36.7 25 0
      vertex -36.68545626433548 24.778105473225914 0
    endloop
  endfacet
  facet normal 0 0 -1
    outer loop
      vertex -35.85 -23.527756813566455 0
      vertex -35.85 23.527756813566455 0
      vertex -35.65056183502065 23.429404794730814 0
    endloop
  endfacet
  facet normal 0 0 -1
    outer loop
      vertex -35.65056183502065 -23.429404794730814 0
      vertex -35.65056183502065 23.429404794730814 0
      vertex -35.43999237667428 23.357926095308585 0
    endloop
  endfacet
  facet normal 0 0 -1
    outer loop
      vertex -35.43999237667428 -23.357926095308585 0
      vertex -35.43999237667428 23.357926095308585 0
      vertex -35.221894526774086 23.31454373566452 0
    endloop
  endfacet
  facet normal 0 0 -1
    outer loop
      vertex -35.221894526774086 -23.31454373566452 0
      vertex -35.221894526774086 23.31454373566452 0
      vertex -35 23.3 0
    endloop
  endfacet
  facet normal 0 0 -1
    outer loop
      vertex -35 -23.3 0
      vertex -35 23.3 0
      vertex -34.778105473225914 23.31454373566452 0
    endloop
  endfacet
  facet normal 0 0 -1
    outer loop
      vertex -34.778105473225914 -23.31454373566452 0
      vertex -34.778105473225914 23.31454373566452 0
      vertex -34.56000762332572 23.357926095308585 0
    endloop
  endfacet
  facet normal 0 0 -1
    outer loop
      vertex -34.56000762332572 -23.357926095308585 0
      vertex -34.56000762332572 23.357926095308585 0
      vertex -34.34943816497935 23.429404794730814 0
    endloop
  endfacet
  facet normal 0 0 1
    outer loop
      vertex -50 35 4
      vertex -19.318516525781366 5.176380902050415 4
      vertex -18.477590650225736 7.653668647301796 4
    endloop
  endfacet
  facet normal 0 0 -1
    outer loop
      vertex -50 35 0
      vertex -36.68545626433548 25.221894526774086 0
      vertex -36.7 25 0
    endloop
  endfacet
  facet normal 0 0 -1
    outer loop
      vertex -50 35 0
      vertex -36.642073904691415 25.439992376674287 0
      vertex -36.68545626433548 25.221894526774086 0
    endloop
  endfacet
  facet normal 0 0 -1
    outer loop
      vertex -50 35 0
      vertex -36.570595205269186 25.650561835020653 0
      vertex -36.642073904691415 25.439992376674287 0
    endloop
  endfacet
  facet normal 0 0 -1
    outer loop
      vertex -50 35 0
      vertex -36.472243186433545 25.85 0
      vertex -36.570595205269186 25.650561835020653 0
    endloop
  endfacet
  facet normal 0 0 -1
    outer loop
      vertex -50 35 0
      vertex -36.3487006784951 26.034894429314825 0
      vertex -36.472243186433545 25.85 0
    endloop
  endfacet
  facet normal 0 0 -1
    outer loop
      vertex -50 35 0
      vertex -36.20208152801713 26.202081528017132 0
      vertex -36.3487006784951 26.034894429314825 0
    endloop
  endfacet
  facet normal 0 0 -1
    outer loop
      vertex -50 35 0
      vertex -36.034894429314825 26.3487006784951 0
      vertex -36.20208152801713 26.202081528017132 0
    endloop
  endfacet
  facet normal 0 0 -1
    outer loop
      vertex -50 35 0
      vertex -35.85 26.472243186433545 0
      vertex -36.034894429314825 26.3487006784951 0
    endloop
  endfacet
  facet normal 0 0 -1
    outer loop
      vertex -50 35 0
      vertex -35.65056183502065 26.570595205269186 0
      vertex -35.85 26.472243186433545 0
    endloop
  endfacet
  facet normal 0 0 -1
    outer loop
      vertex -50 35 0
      vertex -35.43999237667428 26.642073904691415 0
      vertex -35.65056183502065 26.570595205269186 0
    endloop
  endfacet
  facet normal 0 0 -1
    outer loop
      vertex -50 35 0
      vertex -35.221894526774086 26.68545626433548 0
      vertex -35.43999237667428 26.642073904691415 0
    endloop
  endfacet
  facet normal 0 0 -1
    outer loop
      vertex -50 35 0
      vertex -35 26.7 0
      vertex -35.221894526774086 26.68545626433548 0
    endloop
  endfacet
  facet normal 0 0 -1
    outer loop
      vertex -50 35 0
      vertex -34.778105473225914 26.68545626433548 0
      vertex -35 26.7 0
    endloop
  endfacet
  facet normal 0 0 -1
    outer loop
      vertex -50 35 0
      vertex -34.56000762332572 26.642073904691415 0
      vertex -34.778105473225914 26.68545626433548 0
    endloop
  endfacet
  facet normal 0 0 -1
    outer loop
      vertex -50 35 0
      vertex -34.15 26.472243186433545 0
      vertex -34.34943816497935 26.570595205269186 0
    endloop
  endfacet
  facet normal 0 0 -1
    outer loop
      vertex -50 35 0
      vertex -34.34943816497935 26.570595205269186 0
      vertex -34.56000762332572 26.642073904691415 0
    endloop
  endfacet
  facet normal 0 0 1
    outer loop
      vertex -50 35 4
      vertex -36.20208152801713 23.797918471982868 4
      vertex -36.3487006784951 23.965105570685175 4
    endloop
  endfacet
  facet normal 0 0 1
    outer loop
      vertex -50 35 4
      vertex -36.3487006784951 23.965105570685175 4
      vertex -36.472243186433545 24.15 4
    endloop
  endfacet
  facet normal 0 0 1
    outer loop
      vertex -50 35 4
      vertex -36.472243186433545 24.15 4
      vertex -36.570595205269186 24.349438164979347 4
    endloop
  endfacet
  facet normal 0 0 1
    outer loop
      vertex -50 35 4
      vertex -36.570595205269186 24.349438164979347 4
      vertex -36.642073904691415 24.560007623325713 4
    endloop
  endfacet
  facet normal 0 0 1
    outer loop
      vertex -50 35 4
      vertex -36.642073904691415 24.560007623325713 4
      vertex -36.68545626433548 24.778105473225914 4
    endloop
  endfacet
  facet normal 0 0 1
    outer loop
      vertex -50 35 4
      vertex -36.68545626433548 24.778105473225914 4
      vertex -36.7 25 4
    endloop
  endfacet
  facet normal 0 0 1
    outer loop
      vertex -50 35 4
      vertex -36.7 25 4
      vertex -36.68545626433548 25.221894526774086 4
    endloop
  endfacet
  facet normal 0 0 1
    outer loop
      vertex -50 35 4
      vertex -36.68545626433548 25.221894526774086 4
      vertex -36.642073904691415 25.439992376674287 4
    endloop
  endfacet
  facet normal 0 0 1
    outer loop
      vertex -50 35 4
      vertex -36.642073904691415 25.439992376674287 4
      vertex -36.570595205269186 25.650561835020653 4
    endloop
  endfacet
  facet normal 0 0 1
    outer loop
      vertex -50 35 4
      vertex -36.570595205269186 25.650561835020653 4
      vertex -36.472243186433545 25.85 4
    endloop
  endfacet
  facet normal 0 0 1
    outer loop
      vertex -50 35 4
      vertex -36.472243186433545 25.85 4
      vertex -36.3487006784951 26.034894429314825 4
    endloop
  endfacet
  facet normal 0 0 1
    outer loop
      vertex -50 35 4
      vertex -36.3487006784951 26.034894429314825 4
      vertex -36.20208152801713 26.202081528017132 4
    endloop
  endfacet
  facet normal 0 0 1
    outer loop
      vertex -50 35 4
      vertex -36.20208152801713 26.202081528017132 4
      vertex -36.034894429314825 26.3487006784951 4
    endloop
  endfacet
  facet normal 0 0 1
    outer loop
      vertex -50 35 4
      vertex -36.034894429314825 26.3487006784951 4
      vertex -35.85 26.472243186433545 4
    endloop
  endfacet
  facet normal 0 0 1
    outer loop
      vertex -50 35 4
      vertex -35.85 26.472243186433545 4
      vertex -35.65056183502065 26.570595205269186 4
    endloop
  endfacet
  facet normal 0 0 1
    outer loop
      vertex -50 35 4
      vertex -35.65056183502065 26.570595205269186 4
      vertex -35.43999237667428 26.642073904691415 4
    endloop
  endfacet
  facet normal 0 0 1
    outer loop
      vertex -50 35 4
      vertex -35.43999237667428 26.642073904691415 4
      vertex -35.221894526774086 26.68545626433548 4
    endloop
  endfacet
  facet normal 0 0 1
    outer loop
      vertex -50 35 4
      vertex -35.221894526774086 26.68545626433548 4
      vertex -35 26.7 4
    endloop
  endfacet
  facet normal 0 0 1
    outer loop
      vertex -50 35 4
      vertex -35 26.7 4
      vertex -34.778105473225914 26.68545626433548 4
    endloop
  endfacet
  facet normal 0 0 1
    outer loop
      vertex -50 35 4
      vertex -34.778105473225914 26.68545626433548 4
      vertex -34.56000762332572 26.642073904691415 4
    endloop
  endfacet
  facet normal 0 0 1
    outer loop
      vertex -50 35 4
      vertex -34.56000762332572 26.642073904691415 4
      vertex -34.34943816497935 26.570595205269186 4
    endloop
  endfacet
  facet normal 0 0 1
    outer loop
      vertex -50 35 4
      vertex -18.477590650225736 7.653668647301796 4
      vertex -36.20208152801713 23.797918471982868 4
    endloop
  endfacet
  facet normal 0 0 1
    outer loop
      vertex -50 35 4
      vertex -34.34943816497935 26.570595205269186 4
      vertex -12.175228580174412 15.867066805824702 4
    endloop
  endfacet
  facet normal 0 0 1
    outer loop
      vertex -18.477590650225736 7.653668647301796 4
      vertex -35.85 23.527756813566455 4
      vertex -36.034894429314825 23.6512993215049 4
    endloop
  endfacet
  facet normal 0 0 1
    outer loop
      vertex -18.477590650225736 7.653668647301796 4
      vertex -36.034894429314825 23.6512993215049 4
      vertex -36.20208152801713 23.797918471982868 4
    endloop
  endfacet
  facet normal 0 0 1
    outer loop
      vertex -18.477590650225736 7.653668647301796 4
      vertex -35.65056183502065 23.429404794730814 4
      vertex -35.85 23.527756813566455 4
    endloop
  endfacet
  facet normal 0 0 1
    outer loop
      vertex -18.477590650225736 7.653668647301796 4
      vertex -35.43999237667428 23.357926095308585 4
      vertex -35.65056183502065 23.429404794730814 4
    endloop
  endfacet
  facet normal 0 0 1
    outer loop
      vertex -18.477590650225736 7.653668647301796 4
      vertex -35.221894526774086 23.31454373566452 4
      vertex -35.43999237667428 23.357926095308585 4
    endloop
  endfacet
  facet normal 0 0 1
    outer loop
      vertex -18.477590650225736 7.653668647301796 4
      vertex -35 23.3 4
      vertex -35.221894526774086 23.31454373566452 4
    endloop
  endfacet
  facet normal 0 0 1
    outer loop
      vertex -18.477590650225736 7.653668647301796 4
      vertex -34.778105473225914 23.31454373566452 4
      vertex -35 23.3 4
    endloop
  endfacet
  facet normal 0 0 1
    outer loop
      vertex -17.32050807568877 10 4
      vertex -34.56000762332572 23.357926095308585 4
      vertex -34.778105473225914 23.31454373566452 4
    endloop
  endfacet
  facet normal 0 0 1
    outer loop
      vertex -17.32050807568877 10 4
      vertex -34.34943816497935 23.429404794730814 4
      vertex -34.56000762332572 23.357926095308585 4
    endloop
  endfacet
  facet normal 0 0 1
    outer loop
      vertex -17.32050807568877 10 4
      vertex -34.15 23.527756813566455 4
      vertex -34.34943816497935 23.429404794730814 4
    endloop
  endfacet
  facet normal 0 0 1
    outer loop
      vertex -17.32050807568877 10 4
      vertex -33.965105570685175 23.6512993215049 4
      vertex -34.15 23.527756813566455 4
    endloop
  endfacet
  facet normal 0 0 1
    outer loop
      vertex -17.32050807568877 10 4
      vertex -33.79791847198287 23.797918471982868 4
      vertex -33.965105570685175 23.6512993215049 4
    endloop
  endfacet
  facet normal 0 0 1
    outer loop
      vertex -17.32050807568877 10 4
      vertex -33.6512993215049 23.965105570685175 4
      vertex -33.79791847198287 23.797918471982868 4
    endloop
  endfacet
  facet normal 0 0 1
    outer loop
      vertex -15.867066805824702 12.175228580174412 4
      vertex -33.527756813566455 24.15 4
      vertex -33.6512993215049 23.965105570685175 4
    endloop
  endfacet
  facet normal 0 0 1
    outer loop
      vertex -15.867066805824702 12.175228580174412 4
      vertex -33.429404794730814 24.349438164979347 4
      vertex -33.527756813566455 24.15 4
    endloop
  endfacet
  facet normal 0 0 1
    outer loop
      vertex -15.867066805824702 12.175228580174412 4
      vertex -33.357926095308585 24.560007623325713 4
      vertex -33.429404794730814 24.349438164979347 4
    endloop
  endfacet
  facet normal 0 0 1
    outer loop
      vertex -15.867066805824702 12.175228580174412 4
      vertex -33.31454373566452 24.778105473225914 4
      vertex -33.357926095308585 24.560007623325713 4
    endloop
  endfacet
  facet normal 0 0 1
    outer loop
      vertex -14.142135623730951 14.142135623730951 4
      vertex -33.3 25 4
      vertex -33.31454373566452 24.778105473225914 4
    endloop
  endfacet
  facet normal 0 0 1
    outer loop
      vertex -14.142135623730951 14.142135623730951 4
      vertex -33.31454373566452 25.221894526774086 4
      vertex -33.3 25 4
    endloop
  endfacet
  facet normal 0 0 1
    outer loop
      vertex -12.175228580174412 15.867066805824702 4
      vertex -34.15 26.472243186433545 4
      vertex -33.965105570685175 26.3487006784951 4
    endloop
  endfacet
  facet normal 0 0 1
    outer loop
      vertex -12.175228580174412 15.867066805824702 4
      vertex -33.965105570685175 26.3487006784951 4
      vertex -33.79791847198287 26.202081528017132 4
    endloop
  endfacet
  facet normal 0 0 1
    outer loop
      vertex -12.175228580174412 15.867066805824702 4
      vertex -34.34943816497935 26.570595205269186 4
      vertex -34.15 26.472243186433545 4
    endloop
  endfacet
  facet normal 0 0 1
    outer loop
      vertex -12.175228580174412 15.867066805824702 4
      vertex -33.357926095308585 25.439992376674287 4
      vertex -33.31454373566452 25.221894526774086 4
    endloop
  endfacet
  facet normal 0 0 1
    outer loop
      vertex -12.175228580174412 15.867066805824702 4
      vertex -33.429404794730814 25.650561835020653 4
      vertex -33.357926095308585 25.439992376674287 4
    endloop
  endfacet
  facet normal 0 0 1
    outer loop
      vertex -12.175228580174412 15.867066805824702 4
      vertex -33.527756813566455 25.85 4
      vertex -33.429404794730814 25.650561835020653 4
    endloop
  endfacet
  facet normal 0 0 1
    outer loop
      vertex -12.175228580174412 15.867066805824702 4
      vertex -33.6512993215049 26.034894429314825 4
      vertex -33.527756813566455 25.85 4
    endloop
  endfacet
  facet normal 0 0 1
    outer loop
      vertex -12.175228580174412 15.867066805824702 4
      vertex -33.79791847198287 26.202081528017132 4
      vertex -33.6512993215049 26.034894429314825 4
    endloop
  endfacet
  facet normal 0 0 1
    outer loop
      vertex -18.477590650225736 7.653668647301796 4
      vertex -17.32050807568877 10 4
      vertex -34.778105473225914 23.31454373566452 4
    endloop
  endfacet
  facet normal 0 0 1
    outer loop
      vertex -17.32050807568877 10 4
      vertex -15.867066805824702 12.175228580174412 4
      vertex -33.6512993215049 23.965105570685175 4
    endloop
  endfacet
  facet normal 0 0 1
    outer loop
      vertex -15.867066805824702 12.175228580174412 4
      vertex -14.142135623730951 14.142135623730951 4
      vertex -33.31454373566452 24.778105473225914 4
    endloop
  endfacet
  facet normal 0 0 -1
    outer loop
      vertex -34.34943816497935 -23.429404794730814 0
      vertex -34.34943816497935 23.429404794730814 0
      vertex 33.3 25 0
    endloop
  endfacet
  facet normal 0 0 1
    outer loop
      vertex -14.142135623730951 14.142135623730951 4
      vertex -12.175228580174412 15.867066805824702 4
      vertex -33.31454373566452 25.221894526774086 4
    endloop
  endfacet
  facet normal 0 0 1
    outer loop
      vertex -50 35 4
      vertex -12.175228580174412 15.867066805824702 4
      vertex -10 17.32050807568877 4
    endloop
  endfacet
  facet normal 0 0 1
    outer loop
      vertex -50 35 4
      vertex -10 17.32050807568877 4
      vertex -7.653668647301796 18.477590650225736 4
    endloop
  endfacet
  facet normal 0 0 1
    outer loop
      vertex -50 35 4
      vertex -7.653668647301796 18.477590650225736 4
      vertex -5.176380902050415 19.318516525781366 4
    endloop
  endfacet
  facet normal 0 0 1
    outer loop
      vertex -50 35 4
      vertex -5.176380902050415 19.318516525781366 4
      vertex -2.6105238444010315 19.828897227476208 4
    endloop
  endfacet
  facet normal 0 0 1
    outer loop
      vertex -50 35 4
      vertex -2.6105238444010315 19.828897227476208 4
      vertex 0 20 4
    endloop
  endfacet
  facet normal 0 0 1
    outer loop
      vertex -50 35 4
      vertex 0 20 4
      vertex 2.6105238444010315 19.828897227476208 4
    endloop
  endfacet
  facet normal 0 0 1
    outer loop
      vertex -50 35 4
      vertex 2.6105238444010315 19.828897227476208 4
      vertex 5.176380902050415 19.318516525781366 4
    endloop
  endfacet
  facet normal 0 0 -1
    outer loop
      vertex -50 35 0
      vertex 33.965105570685175 26.3487006784951 0
      vertex -34.15 26.472243186433545 0
    endloop
  endfacet
  facet normal 0 1 0
    outer loop
      vertex -50 35 0
      vertex -50 35 4
      vertex 50 35 0
    endloop
  endfacet
  facet normal 0 0 -1
    outer loop
      vertex -34.34943816497935 23.429404794730814 0
      vertex -34.15 23.527756813566455 0
      vertex 33.3 25 0
    endloop
  endfacet
  facet normal 0 0 -1
    outer loop
      vertex -34.15 23.527756813566455 0
      vertex -33.965105570685175 23.6512993215049 0
      vertex 33.3 25 0
    endloop
  endfacet
  facet normal 0 0 -1
    outer loop
      vertex -33.965105570685175 23.6512993215049 0
      vertex -33.79791847198287 23.797918471982868 0
      vertex 33.3 25 0
    endloop
  endfacet
  facet normal 0 0 -1
    outer loop
      vertex -33.79791847198287 23.797918471982868 0
      vertex -33.6512993215049 23.965105570685175 0
      vertex 33.3 25 0
    endloop
  endfacet
  facet normal 0 0 -1
    outer loop
      vertex -33.527756813566455 24.15 0
      vertex 33.3 25 0
      vertex -33.6512993215049 23.965105570685175 0
    endloop
  endfacet
  facet normal 0 0 -1
    outer loop
      vertex -33.429404794730814 24.349438164979347 0
      vertex 33.3 25 0
      vertex -33.527756813566455 24.15 0
    endloop
  endfacet
  facet normal 0 0 -1
    outer loop
      vertex -33.357926095308585 24.560007623325713 0
      vertex 33.3 25 0
      vertex -33.429404794730814 24.349438164979347 0
    endloop
  endfacet
  facet normal 0 0 -1
    outer loop
      vertex -33.31454373566452 24.778105473225914 0
      vertex 33.3 25 0
      vertex -33.357926095308585 24.560007623325713 0
    endloop
  endfacet
  facet normal 0 0 -1
    outer loop
      vertex -33.3 25 0
      vertex 33.3 25 0
      vertex -33.31454373566452 24.778105473225914 0
    endloop
  endfacet
  facet normal 0 0 -1
    outer loop
      vertex -33.31454373566452 25.221894526774086 0
      vertex 33.3 25 0
      vertex -33.3 25 0
    endloop
  endfacet
  facet normal 0 0 -1
    outer loop
      vertex -33.357926095308585 25.439992376674287 0
      vertex 33.31454373566452 25.221894526774086 0
      vertex -33.31454373566452 25.221894526774086 0
    endloop
  endfacet
  facet normal 0 0 -1
    outer loop
      vertex -33.429404794730814 25.650561835020653 0
      vertex 33.357926095308585 25.439992376674287 0
      vertex -33.357926095308585 25.439992376674287 0
    endloop
  endfacet
  facet normal 0 0 -1
    outer loop
      vertex -33.527756813566455 25.85 0
      vertex 33.429404794730814 25.650561835020653 0
      vertex -33.429404794730814 25.650561835020653 0
    endloop
  endfacet
  facet normal 0 0 -1
    outer loop
      vertex -33.6512993215049 26.034894429314825 0
      vertex 33.527756813566455 25.85 0
      vertex -33.527756813566455 25.85 0
    endloop
  endfacet
  facet normal 0 0 -1
    outer loop
      vertex -33.79791847198287 26.202081528017132 0
      vertex 33.6512993215049 26.034894429314825 0
      vertex -33.6512993215049 26.034894429314825 0
    endloop
  endfacet
  facet normal 0 0 -1
    outer loop
      vertex -33.965105570685175 26.3487006784951 0
      vertex -34.15 26.472243186433545 0
      vertex 33.965105570685175 26.3487006784951 0
    endloop
  endfacet
  facet normal 0 0 -1
    outer loop
      vertex -33.965105570685175 26.3487006784951 0
      vertex 33.79791847198287 26.202081528017132 0
      vertex -33.79791847198287 26.202081528017132 0
    endloop
  endfacet
  facet normal 0 0 -1
    outer loop
      vertex -33.79791847198287 -26.202081528017132 0
      vertex 33.79791847198287 -26.202081528017132 0
      vertex 33.965105570685175 -26.3487006784951 0
    endloop
  endfacet
  facet normal 0 0 -1
    outer loop
      vertex -33.965105570685175 -26.3487006784951 0
      vertex 33.965105570685175 -26.3487006784951 0
      vertex 34.15 -26.472243186433545 0
    endloop
  endfacet
  facet normal 0 0 -1
    outer loop
      vertex -33.6512993215049 -26.034894429314825 0
      vertex 33.6512993215049 -26.034894429314825 0
      vertex 33.79791847198287 -26.202081528017132 0
    endloop
  endfacet
  facet normal 0 0 -1
    outer loop
      vertex -33.527756813566455 -25.85 0
      vertex 33.527756813566455 -25.85 0
      vertex 33.6512993215049 -26.034894429314825 0
    endloop
  endfacet
  facet normal 0 0 -1
    outer loop
      vertex -33.429404794730814 -25.650561835020653 0
      vertex 33.429404794730814 -25.650561835020653 0
      vertex 33.527756813566455 -25.85 0
    endloop
  endfacet
  facet normal 0 0 -1
    outer loop
      vertex -33.357926095308585 -25.439992376674287 0
      vertex 33.357926095308585 -25.439992376674287 0
      vertex 33.429404794730814 -25.650561835020653 0
    endloop
  endfacet
  facet normal 0 0 -1
    outer loop
      vertex -33.31454373566452 -25.221894526774086 0
      vertex 33.31454373566452 -25.221894526774086 0
      vertex 33.357926095308585 -25.439992376674287 0
    endloop
  endfacet
  facet normal 0 0 -1
    outer loop
      vertex -33.3 -25 0
      vertex 33.3 -25 0
      vertex 33.31454373566452 -25.221894526774086 0
    endloop
  endfacet
  facet normal 0 0 -1
    outer loop
      vertex -33.31454373566452 -24.778105473225914 0
      vertex 33.31454373566452 -24.778105473225914 0
      vertex 33.3 -25 0
    endloop
  endfacet
  facet normal 0 0 -1
    outer loop
      vertex -33.357926095308585 -24.560007623325713 0
      vertex 33.357926095308585 -24.560007623325713 0
      vertex 33.31454373566452 -24.778105473225914 0
    endloop
  endfacet
  facet normal 0 -1 0
    outer loop
      vertex -50 -35 0
      vertex 50 -35 0
      vertex 50 -35 4
    endloop
  endfacet
  facet normal 0 0 -1
    outer loop
      vertex 50 -35 0
      vertex -33.965105570685175 -26.3487006784951 0
      vertex 34.15 -26.472243186433545 0
    endloop
  endfacet
  facet normal 0 0 1
    outer loop
      vertex -5.176380902050415 -19.318516525781366 4
      vertex 50 -35 4
      vertex -2.6105238444010315 -19.828897227476208 4
    endloop
  endfacet
  facet normal 0 0 1
    outer loop
      vertex -2.6105238444010315 -19.828897227476208 4
      vertex 50 -35 4
      vertex 0 -20 4
    endloop
  endfacet
  facet normal 0 0 1
    outer loop
      vertex 0 -20 4
      vertex 50 -35 4
      vertex 2.6105238444010315 -19.828897227476208 4
    endloop
  endfacet
  facet normal 0 0 1
    outer loop
      vertex 2.6105238444010315 -19.828897227476208 4
      vertex 50 -35 4
      vertex 5.176380902050415 -19.318516525781366 4
    endloop
  endfacet
  facet normal 0 0 1
    outer loop
      vertex 5.176380902050415 -19.318516525781366 4
      vertex 50 -35 4
      vertex 7.653668647301796 -18.477590650225736 4
    endloop
  endfacet
  facet normal 0 0 1
    outer loop
      vertex 7.653668647301796 -18.477590650225736 4
      vertex 50 -35 4
      vertex 10 -17.32050807568877 4
    endloop
  endfacet
  facet normal 0 0 1
    outer loop
      vertex 10 -17.32050807568877 4
      vertex 50 -35 4
      vertex 12.175228580174412 -15.867066805824702 4
    endloop
  endfacet
  facet normal 0 0 1
    outer loop
      vertex 12.175228580174412 -15.867066805824702 4
      vertex 33.31454373566452 -25.221894526774086 4
      vertex 14.142135623730951 -14.142135623730951 4
    endloop
  endfacet
  facet normal 0 0 -1
    outer loop
      vertex -33.357926095308585 -24.560007623325713 0
      vertex 33.965105570685175 23.6512993215049 0
      vertex 33.357926095308585 -24.560007623325713 0
    endloop
  endfacet
  facet normal 0 0 1
    outer loop
      vertex 14.142135623730951 -14.142135623730951 4
      vertex 33.31454373566452 -24.778105473225914 4
      vertex 15.867066805824702 -12.175228580174412 4
    endloop
  endfacet
  facet normal 0 0 1
    outer loop
      vertex 15.867066805824702 -12.175228580174412 4
      vertex 33.6512993215049 -23.965105570685175 4
      vertex 17.32050807568877 -10 4
    endloop
  endfacet
  facet normal 0 0 1
    outer loop
      vertex 17.32050807568877 -10 4
      vertex 34.778105473225914 -23.31454373566452 4
      vertex 18.477590650225736 -7.653668647301796 4
    endloop
  endfacet
  facet normal 0 0 1
    outer loop
      vertex 12.175228580174412 -15.867066805824702 4
      vertex 33.79791847198287 -26.202081528017132 4
      vertex 33.6512993215049 -26.034894429314825 4
    endloop
  endfacet
  facet normal 0 0 1
    outer loop
      vertex 12.175228580174412 -15.867066805824702 4
      vertex 33.6512993215049 -26.034894429314825 4
      vertex 33.527756813566455 -25.85 4
    endloop
  endfacet
  facet normal 0 0 1
    outer loop
      vertex 12.175228580174412 -15.867066805824702 4
      vertex 33.527756813566455 -25.85 4
      vertex 33.429404794730814 -25.650561835020653 4
    endloop
  endfacet
  facet normal 0 0 1
    outer loop
      vertex 12.175228580174412 -15.867066805824702 4
      vertex 33.429404794730814 -25.650561835020653 4
      vertex 33.357926095308585 -25.439992376674287 4
    endloop
  endfacet
  facet normal 0 0 1
    outer loop
      vertex 12.175228580174412 -15.867066805824702 4
      vertex 33.357926095308585 -25.439992376674287 4
      vertex 33.31454373566452 -25.221894526774086 4
    endloop
  endfacet
  facet normal 0 0 1
    outer loop
      vertex 12.175228580174412 -15.867066805824702 4
      vertex 34.34943816497935 -26.570595205269186 4
      vertex 34.15 -26.472243186433545 4
    endloop
  endfacet
  facet normal 0 0 1
    outer loop
      vertex 12.175228580174412 -15.867066805824702 4
      vertex 33.965105570685175 -26.3487006784951 4
      vertex 33.79791847198287 -26.202081528017132 4
    endloop
  endfacet
  facet normal 0 0 1
    outer loop
      vertex 12.175228580174412 -15.867066805824702 4
      vertex 34.15 -26.472243186433545 4
      vertex 33.965105570685175 -26.3487006784951 4
    endloop
  endfacet
  facet normal 0 0 1
    outer loop
      vertex 14.142135623730951 -14.142135623730951 4
      vertex 33.31454373566452 -25.221894526774086 4
      vertex 33.3 -25 4
    endloop
  endfacet
  facet normal 0 0 1
    outer loop
      vertex 14.142135623730951 -14.142135623730951 4
      vertex 33.3 -25 4
      vertex 33.31454373566452 -24.778105473225914 4
    endloop
  endfacet
  facet normal 0 0 1
    outer loop
      vertex 15.867066805824702 -12.175228580174412 4
      vertex 33.31454373566452 -24.778105473225914 4
      vertex 33.357926095308585 -24.560007623325713 4
    endloop
  endfacet
  facet normal 0 0 1
    outer loop
      vertex 15.867066805824702 -12.175228580174412 4
      vertex 33.357926095308585 -24.560007623325713 4
      vertex 33.429404794730814 -24.349438164979347 4
    endloop
  endfacet
  facet normal 0 0 1
    outer loop
      vertex 15.867066805824702 -12.175228580174412 4
      vertex 33.429404794730814 -24.349438164979347 4
      vertex 33.527756813566455 -24.15 4
    endloop
  endfacet
  facet normal 0 0 1
    outer loop
      vertex 15.867066805824702 -12.175228580174412 4
      vertex 33.527756813566455 -24.15 4
      vertex 33.6512993215049 -23.965105570685175 4
    endloop
  endfacet
  facet normal 0 0 1
    outer loop
      vertex 17.32050807568877 -10 4
      vertex 33.6512993215049 -23.965105570685175 4
      vertex 33.79791847198287 -23.797918471982868 4
    endloop
  endfacet
  facet normal 0 0 1
    outer loop
      vertex 17.32050807568877 -10 4
      vertex 33.79791847198287 -23.797918471982868 4
      vertex 33.965105570685175 -23.6512993215049 4
    endloop
  endfacet
  facet normal 0 0 1
    outer loop
      vertex 17.32050807568877 -10 4
      vertex 33.965105570685175 -23.6512993215049 4
      vertex 34.15 -23.527756813566455 4
    endloop
  endfacet
  facet normal 0 0 1
    outer loop
      vertex 17.32050807568877 -10 4
      vertex 34.15 -23.527756813566455 4
      vertex 34.34943816497935 -23.429404794730814 4
    endloop
  endfacet
  facet normal 0 0 1
    outer loop
      vertex 17.32050807568877 -10 4
      vertex 34.34943816497935 -23.429404794730814 4
      vertex 34.56000762332572 -23.357926095308585 4
    endloop
  endfacet
  facet normal 0 0 1
    outer loop
      vertex 17.32050807568877 -10 4
      vertex 34.56000762332572 -23.357926095308585 4
      vertex 34.778105473225914 -23.31454373566452 4
    endloop
  endfacet
  facet normal 0 0 1
    outer loop
      vertex 18.477590650225736 -7.653668647301796 4
      vertex 34.778105473225914 -23.31454373566452 4
      vertex 35 -23.3 4
    endloop
  endfacet
  facet normal 0 0 1
    outer loop
      vertex 18.477590650225736 -7.653668647301796 4
      vertex 35 -23.3 4
      vertex 35.221894526774086 -23.31454373566452 4
    endloop
  endfacet
  facet normal 0 0 1
    outer loop
      vertex 18.477590650225736 -7.653668647301796 4
      vertex 35.221894526774086 -23.31454373566452 4
      vertex 35.43999237667428 -23.357926095308585 4
    endloop
  endfacet
  facet normal 0 0 1
    outer loop
      vertex 18.477590650225736 -7.653668647301796 4
      vertex 35.43999237667428 -23.357926095308585 4
      vertex 35.65056183502065 -23.429404794730814 4
    endloop
  endfacet
  facet normal 0 0 1
    outer loop
      vertex 18.477590650225736 -7.653668647301796 4
      vertex 35.65056183502065 -23.429404794730814 4
      vertex 35.85 -23.527756813566455 4
    endloop
  endfacet
  facet normal 0 0 1
    outer loop
      vertex 18.477590650225736 -7.653668647301796 4
      vertex 36.034894429314825 -23.6512993215049 4
      vertex 36.20208152801713 -23.797918471982868 4
    endloop
  endfacet
  facet normal 0 0 1
    outer loop
      vertex 18.477590650225736 -7.653668647301796 4
      vertex 35.85 -23.527756813566455 4
      vertex 36.034894429314825 -23.6512993215049 4
    endloop
  endfacet
  facet normal 0 0 1
    outer loop
      vertex 12.175228580174412 -15.867066805824702 4
      vertex 50 -35 4
      vertex 34.34943816497935 -26.570595205269186 4
    endloop
  endfacet
  facet normal 0 0 1
    outer loop
      vertex 18.477590650225736 -7.653668647301796 4
      vertex 36.20208152801713 -23.797918471982868 4
      vertex 50 -35 4
    endloop
  endfacet
  facet normal 0 0 -1
    outer loop
      vertex 50 -35 0
      vertex 34.34943816497935 -26.570595205269186 0
      vertex 34.56000762332572 -26.642073904691415 0
    endloop
  endfacet
  facet normal 0 0 -1
    outer loop
      vertex 50 -35 0
      vertex 34.15 -26.472243186433545 0
      vertex 34.34943816497935 -26.570595205269186 0
    endloop
  endfacet
  facet normal 0 0 -1
    outer loop
      vertex 50 -35 0
      vertex 34.56000762332572 -26.642073904691415 0
      vertex 34.778105473225914 -26.68545626433548 0
    endloop
  endfacet
  facet normal 0 0 -1
    outer loop
      vertex 50 -35 0
      vertex 34.778105473225914 -26.68545626433548 0
      vertex 35 -26.7 0
    endloop
  endfacet
  facet normal 0 0 -1
    outer loop
      vertex 50 -35 0
      vertex 35 -26.7 0
      vertex 35.221894526774086 -26.68545626433548 0
    endloop
  endfacet
  facet normal 0 0 -1
    outer loop
      vertex 50 -35 0
      vertex 35.221894526774086 -26.68545626433548 0
      vertex 35.43999237667428 -26.642073904691415 0
    endloop
  endfacet
  facet normal 0 0 -1
    outer loop
      vertex 50 -35 0
      vertex 35.43999237667428 -26.642073904691415 0
      vertex 35.65056183502065 -26.570595205269186 0
    endloop
  endfacet
  facet normal 0 0 -1
    outer loop
      vertex 50 -35 0
      vertex 35.65056183502065 -26.570595205269186 0
      vertex 35.85 -26.472243186433545 0
    endloop
  endfacet
  facet normal 0 0 -1
    outer loop
      vertex 50 -35 0
      vertex 35.85 -26.472243186433545 0
      vertex 36.034894429314825 -26.3487006784951 0
    endloop
  endfacet
  facet normal 0 0 -1
    outer loop
      vertex 50 -35 0
      vertex 36.034894429314825 -26.3487006784951 0
      vertex 36.20208152801713 -26.202081528017132 0
    endloop
  endfacet
  facet normal 0 0 -1
    outer loop
      vertex 50 -35 0
      vertex 36.20208152801713 -26.202081528017132 0
      vertex 36.3487006784951 -26.034894429314825 0
    endloop
  endfacet
  facet normal 0 0 -1
    outer loop
      vertex 50 -35 0
      vertex 36.3487006784951 -26.034894429314825 0
      vertex 36.472243186433545 -25.85 0
    endloop
  endfacet
  facet normal 0 0 -1
    outer loop
      vertex 50 -35 0
      vertex 36.472243186433545 -25.85 0
      vertex 36.570595205269186 -25.650561835020653 0
    endloop
  endfacet
  facet normal 0 0 -1
    outer loop
      vertex 50 -35 0
      vertex 36.570595205269186 -25.650561835020653 0
      vertex 36.642073904691415 -25.439992376674287 0
    endloop
  endfacet
  facet normal 0 0 -1
    outer loop
      vertex 50 -35 0
      vertex 36.642073904691415 -25.439992376674287 0
      vertex 36.68545626433548 -25.221894526774086 0
    endloop
  endfacet
  facet normal 0 0 -1
    outer loop
      vertex 50 -35 0
      vertex 36.68545626433548 -25.221894526774086 0
      vertex 36.7 -25 0
    endloop
  endfacet
  facet normal 0 0 -1
    outer loop
      vertex 50 -35 0
      vertex 36.7 -25 0
      vertex 36.68545626433548 -24.778105473225914 0
    endloop
  endfacet
  facet normal 0 0 -1
    outer loop
      vertex 50 -35 0
      vertex 36.68545626433548 -24.778105473225914 0
      vertex 36.642073904691415 -24.560007623325713 0
    endloop
  endfacet
  facet normal 0 0 -1
    outer loop
      vertex 50 -35 0
      vertex 36.642073904691415 -24.560007623325713 0
      vertex 36.570595205269186 -24.349438164979347 0
    endloop
  endfacet
  facet normal 0 0 -1
    outer loop
      vertex 50 -35 0
      vertex 36.570595205269186 -24.349438164979347 0
      vertex 36.472243186433545 -24.15 0
    endloop
  endfacet
  facet normal 0 0 -1
    outer loop
      vertex 50 -35 0
      vertex 36.472243186433545 -24.15 0
      vertex 36.3487006784951 -23.965105570685175 0
    endloop
  endfacet
  facet normal 0 0 -1
    outer loop
      vertex 50 -35 0
      vertex 36.20208152801713 -23.797918471982868 0
      vertex 36.034894429314825 -23.6512993215049 0
    endloop
  endfacet
  facet normal 0 0 -1
    outer loop
      vertex 50 -35 0
      vertex 36.3487006784951 -23.965105570685175 0
      vertex 36.20208152801713 -23.797918471982868 0
    endloop
  endfacet
  facet normal 0 0 1
    outer loop
      vertex 50 -35 4
      vertex 34.56000762332572 -26.642073904691415 4
      vertex 34.34943816497935 -26.570595205269186 4
    endloop
  endfacet
  facet normal 0 0 1
    outer loop
      vertex 50 -35 4
      vertex 34.778105473225914 -26.68545626433548 4
      vertex 34.56000762332572 -26.642073904691415 4
    endloop
  endfacet
  facet normal 0 0 1
    outer loop
      vertex 50 -35 4
      vertex 35 -26.7 4
      vertex 34.778105473225914 -26.68545626433548 4
    endloop
  endfacet
  facet normal 0 0 1
    outer loop
      vertex 50 -35 4
      vertex 35.221894526774086 -26.68545626433548 4
      vertex 35 -26.7 4
    endloop
  endfacet
  facet normal 0 0 1
    outer loop
      vertex 50 -35 4
      vertex 35.43999237667428 -26.642073904691415 4
      vertex 35.221894526774086 -26.68545626433548 4
    endloop
  endfacet
  facet normal 0 0 1
    outer loop
      vertex 50 -35 4
      vertex 35.65056183502065 -26.570595205269186 4
      vertex 35.43999237667428 -26.642073904691415 4
    endloop
  endfacet
  facet normal 0 0 1
    outer loop
      vertex 50 -35 4
      vertex 35.85 -26.472243186433545 4
      vertex 35.65056183502065 -26.570595205269186 4
    endloop
  endfacet
  facet normal 0 0 1
    outer loop
      vertex 50 -35 4
      vertex 36.034894429314825 -26.3487006784951 4
      vertex 35.85 -26.472243186433545 4
    endloop
  endfacet
  facet normal 0 0 1
    outer loop
      vertex 50 -35 4
      vertex 36.20208152801713 -26.202081528017132 4
      vertex 36.034894429314825 -26.3487006784951 4
    endloop
  endfacet
  facet normal 0 0 1
    outer loop
      vertex 50 -35 4
      vertex 36.3487006784951 -26.034894429314825 4
      vertex 36.20208152801713 -26.202081528017132 4
    endloop
  endfacet
  facet normal 0 0 1
    outer loop
      vertex 50 -35 4
      vertex 36.472243186433545 -25.85 4
      vertex 36.3487006784951 -26.034894429314825 4
    endloop
  endfacet
  facet normal 0 0 1
    outer loop
      vertex 50 -35 4
      vertex 36.570595205269186 -25.650561835020653 4
      vertex 36.472243186433545 -25.85 4
    endloop
  endfacet
  facet normal 0 0 1
    outer loop
      vertex 50 -35 4
      vertex 36.642073904691415 -25.439992376674287 4
      vertex 36.570595205269186 -25.650561835020653 4
    endloop
  endfacet
  facet normal 0 0 1
    outer loop
      vertex 50 -35 4
      vertex 36.68545626433548 -25.221894526774086 4
      vertex 36.642073904691415 -25.439992376674287 4
    endloop
  endfacet
  facet normal 0 0 1
    outer loop
      vertex 50 -35 4
      vertex 36.7 -25 4
      vertex 36.68545626433548 -25.221894526774086 4
    endloop
  endfacet
  facet normal 0 0 1
    outer loop
      vertex 50 -35 4
      vertex 36.68545626433548 -24.778105473225914 4
      vertex 36.7 -25 4
    endloop
  endfacet
  facet normal 0 0 1
    outer loop
      vertex 50 -35 4
      vertex 36.642073904691415 -24.560007623325713 4
      vertex 36.68545626433548 -24.778105473225914 4
    endloop
  endfacet
  facet normal 0 0 1
    outer loop
      vertex 50 -35 4
      vertex 36.570595205269186 -24.349438164979347 4
      vertex 36.642073904691415 -24.560007623325713 4
    endloop
  endfacet
  facet normal 0 0 1
    outer loop
      vertex 50 -35 4
      vertex 36.472243186433545 -24.15 4
      vertex 36.570595205269186 -24.349438164979347 4
    endloop
  endfacet
  facet normal 0 0 1
    outer loop
      vertex 50 -35 4
      vertex 36.3487006784951 -23.965105570685175 4
      vertex 36.472243186433545 -24.15 4
    endloop
  endfacet
  facet normal 0 0 1
    outer loop
      vertex 50 -35 4
      vertex 36.20208152801713 -23.797918471982868 4
      vertex 36.3487006784951 -23.965105570685175 4
    endloop
  endfacet
  facet normal 0 0 1
    outer loop
      vertex 18.477590650225736 -7.653668647301796 4
      vertex 50 -35 4
      vertex 19.318516525781366 -5.176380902050415 4
    endloop
  endfacet
  facet normal 0 0 -1
    outer loop
      vertex 33.357926095308585 -24.560007623325713 0
      vertex 33.965105570685175 23.6512993215049 0
      vertex 33.429404794730814 -24.349438164979347 0
    endloop
  endfacet
  facet normal 0 0 -1
    outer loop
      vertex 33.429404794730814 -24.349438164979347 0
      vertex 33.965105570685175 23.6512993215049 0
      vertex 33.527756813566455 -24.15 0
    endloop
  endfacet
  facet normal 0 0 -1
    outer loop
      vertex 33.527756813566455 -24.15 0
      vertex 33.965105570685175 23.6512993215049 0
      vertex 33.6512993215049 -23.965105570685175 0
    endloop
  endfacet
  facet normal 0 0 -1
    outer loop
      vertex 33.6512993215049 -23.965105570685175 0
      vertex 33.965105570685175 23.6512993215049 0
      vertex 33.79791847198287 -23.797918471982868 0
    endloop
  endfacet
  facet normal 0 0 -1
    outer loop
      vertex 33.965105570685175 -23.6512993215049 0
      vertex 33.79791847198287 -23.797918471982868 0
      vertex 33.965105570685175 23.6512993215049 0
    endloop
  endfacet
  facet normal 0 0 -1
    outer loop
      vertex 34.15 -23.527756813566455 0
      vertex 33.965105570685175 -23.6512993215049 0
      vertex 34.15 23.527756813566455 0
    endloop
  endfacet
  facet normal 0 0 -1
    outer loop
      vertex 34.34943816497935 -23.429404794730814 0
      vertex 34.15 -23.527756813566455 0
      vertex 34.34943816497935 23.429404794730814 0
    endloop
  endfacet
  facet normal 0 0 -1
    outer loop
      vertex 34.56000762332572 -23.357926095308585 0
      vertex 34.34943816497935 -23.429404794730814 0
      vertex 34.56000762332572 23.357926095308585 0
    endloop
  endfacet
  facet normal 0 0 -1
    outer loop
      vertex 34.778105473225914 -23.31454373566452 0
      vertex 34.56000762332572 -23.357926095308585 0
      vertex 34.778105473225914 23.31454373566452 0
    endloop
  endfacet
  facet normal 0 0 -1
    outer loop
      vertex 35 -23.3 0
      vertex 34.778105473225914 -23.31454373566452 0
      vertex 35 23.3 0
    endloop
  endfacet
  facet normal 0 0 -1
    outer loop
      vertex 35.221894526774086 -23.31454373566452 0
      vertex 35 -23.3 0
      vertex 35.221894526774086 23.31454373566452 0
    endloop
  endfacet
  facet normal 0 0 -1
    outer loop
      vertex 35.43999237667428 -23.357926095308585 0
      vertex 35.221894526774086 -23.31454373566452 0
      vertex 35.43999237667428 23.357926095308585 0
    endloop
  endfacet
  facet normal 0 0 -1
    outer loop
      vertex 35.65056183502065 -23.429404794730814 0
      vertex 35.43999237667428 -23.357926095308585 0
      vertex 35.65056183502065 23.429404794730814 0
    endloop
  endfacet
  facet normal 0 0 -1
    outer loop
      vertex 35.85 -23.527756813566455 0
      vertex 35.65056183502065 -23.429404794730814 0
      vertex 35.85 23.527756813566455 0
    endloop
  endfacet
  facet normal 0 0 -1
    outer loop
      vertex 36.034894429314825 -23.6512993215049 0
      vertex 35.85 -23.527756813566455 0
      vertex 36.034894429314825 23.6512993215049 0
    endloop
  endfacet
  facet normal 0 0 -1
    outer loop
      vertex 50 -35 0
      vertex 36.034894429314825 -23.6512993215049 0
      vertex 36.034894429314825 23.6512993215049 0
    endloop
  endfacet
  facet normal 1 0 0
    outer loop
      vertex 50 -35 0
      vertex 50 35 0
      vertex 50 -35 4
    endloop
  endfacet
  facet normal 0 0 1
    outer loop
      vertex 19.318516525781366 -5.176380902050415 4
      vertex 50 -35 4
      vertex 50 35 4
    endloop
  endfacet
  facet normal 0 0 -1
    outer loop
      vertex -34.15 -23.527756813566455 0
      vertex 33.31454373566452 24.778105473225914 0
      vertex 33.357926095308585 24.560007623325713 0
    endloop
  endfacet
  facet normal 0 0 -1
    outer loop
      vertex -33.965105570685175 -23.6512993215049 0
      vertex 33.527756813566455 24.15 0
      vertex 33.6512993215049 23.965105570685175 0
    endloop
  endfacet
  facet normal 0 0 -1
    outer loop
      vertex -33.965105570685175 -23.6512993215049 0
      vertex 33.6512993215049 23.965105570685175 0
      vertex 33.79791847198287 23.797918471982868 0
    endloop
  endfacet
  facet normal 0 0 -1
    outer loop
      vertex -33.965105570685175 -23.6512993215049 0
      vertex 33.79791847198287 23.797918471982868 0
      vertex 33.965105570685175 23.6512993215049 0
    endloop
  endfacet
  facet normal 0 0 -1
    outer loop
      vertex -33.965105570685175 -23.6512993215049 0
      vertex 33.429404794730814 24.349438164979347 0
      vertex 33.527756813566455 24.15 0
    endloop
  endfacet
  facet normal 0 0 -1
    outer loop
      vertex -33.965105570685175 -23.6512993215049 0
      vertex 33.357926095308585 24.560007623325713 0
      vertex 33.429404794730814 24.349438164979347 0
    endloop
  endfacet
  facet normal 0 0 -1
    outer loop
      vertex -34.34943816497935 -23.429404794730814 0
      vertex 33.3 25 0
      vertex 33.31454373566452 24.778105473225914 0
    endloop
  endfacet
  facet normal 0 0 1
    outer loop
      vertex 15.867066805824702 12.175228580174412 4
      vertex 33.31454373566452 24.778105473225914 4
      vertex 14.142135623730951 14.142135623730951 4
    endloop
  endfacet
  facet normal 0 0 1
    outer loop
      vertex 18.477590650225736 7.653668647301796 4
      vertex 34.56000762332572 23.357926095308585 4
      vertex 17.32050807568877 10 4
    endloop
  endfacet
  facet normal 0 0 1
    outer loop
      vertex 17.32050807568877 10 4
      vertex 33.6512993215049 23.965105570685175 4
      vertex 15.867066805824702 12.175228580174412 4
    endloop
  endfacet
  facet normal 0 0 -1
    outer loop
      vertex -33.31454373566452 25.221894526774086 0
      vertex 33.31454373566452 25.221894526774086 0
      vertex 33.3 25 0
    endloop
  endfacet
  facet normal 0 0 -1
    outer loop
      vertex -33.357926095308585 25.439992376674287 0
      vertex 33.357926095308585 25.439992376674287 0
      vertex 33.31454373566452 25.221894526774086 0
    endloop
  endfacet
  facet normal 0 0 -1
    outer loop
      vertex -33.429404794730814 25.650561835020653 0
      vertex 33.429404794730814 25.650561835020653 0
      vertex 33.357926095308585 25.439992376674287 0
    endloop
  endfacet
  facet normal 0 0 -1
    outer loop
      vertex -33.527756813566455 25.85 0
      vertex 33.527756813566455 25.85 0
      vertex 33.429404794730814 25.650561835020653 0
    endloop
  endfacet
  facet normal 0 0 -1
    outer loop
      vertex -33.6512993215049 26.034894429314825 0
      vertex 33.6512993215049 26.034894429314825 0
      vertex 33.527756813566455 25.85 0
    endloop
  endfacet
  facet normal 0 0 -1
    outer loop
      vertex -33.79791847198287 26.202081528017132 0
      vertex 33.79791847198287 26.202081528017132 0
      vertex 33.6512993215049 26.034894429314825 0
    endloop
  endfacet
  facet normal 0 0 -1
    outer loop
      vertex -50 35 0
      vertex 34.15 26.472243186433545 0
      vertex 33.965105570685175 26.3487006784951 0
    endloop
  endfacet
  facet normal 0 0 -1
    outer loop
      vertex -50 35 0
      vertex 34.34943816497935 26.570595205269186 0
      vertex 34.15 26.472243186433545 0
    endloop
  endfacet
  facet normal 0 0 -1
    outer loop
      vertex -50 35 0
      vertex 34.56000762332572 26.642073904691415 0
      vertex 34.34943816497935 26.570595205269186 0
    endloop
  endfacet
  facet normal 0 0 -1
    outer loop
      vertex -50 35 0
      vertex 34.778105473225914 26.68545626433548 0
      vertex 34.56000762332572 26.642073904691415 0
    endloop
  endfacet
  facet normal 0 0 -1
    outer loop
      vertex -50 35 0
      vertex 35 26.7 0
      vertex 34.778105473225914 26.68545626433548 0
    endloop
  endfacet
  facet normal 0 0 -1
    outer loop
      vertex -50 35 0
      vertex 35.221894526774086 26.68545626433548 0
      vertex 35 26.7 0
    endloop
  endfacet
  facet normal 0 0 -1
    outer loop
      vertex -33.965105570685175 26.3487006784951 0
      vertex 33.965105570685175 26.3487006784951 0
      vertex 33.79791847198287 26.202081528017132 0
    endloop
  endfacet
  facet normal 0 0 -1
    outer loop
      vertex -50 35 0
      vertex 50 35 0
      vertex 35.221894526774086 26.68545626433548 0
    endloop
  endfacet
  facet normal 0 0 1
    outer loop
      vertex -50 35 4
      vertex 5.176380902050415 19.318516525781366 4
      vertex 50 35 4
    endloop
  endfacet
  facet normal 0 0 1
    outer loop
      vertex 12.175228580174412 15.867066805824702 4
      vertex 14.142135623730951 14.142135623730951 4
      vertex 33.357926095308585 25.439992376674287 4
    endloop
  endfacet
  facet normal 0 0 1
    outer loop
      vertex 5.176380902050415 19.318516525781366 4
      vertex 7.653668647301796 18.477590650225736 4
      vertex 50 35 4
    endloop
  endfacet
  facet normal 0 0 1
    outer loop
      vertex 10 17.32050807568877 4
      vertex 50 35 4
      vertex 7.653668647301796 18.477590650225736 4
    endloop
  endfacet
  facet normal 0 0 1
    outer loop
      vertex 10 17.32050807568877 4
      vertex 12.175228580174412 15.867066805824702 4
      vertex 50 35 4
    endloop
  endfacet
  facet normal 0 1 0
    outer loop
      vertex -50 35 4
      vertex 50 35 4
      vertex 50 35 0
    endloop
  endfacet
  facet normal 0 0 -1
    outer loop
      vertex 33.965105570685175 -23.6512993215049 0
      vertex 33.965105570685175 23.6512993215049 0
      vertex 34.15 23.527756813566455 0
    endloop
  endfacet
  facet normal 0 0 -1
    outer loop
      vertex 34.15 -23.527756813566455 0
      vertex 34.15 23.527756813566455 0
      vertex 34.34943816497935 23.429404794730814 0
    endloop
  endfacet
  facet normal 0 0 -1
    outer loop
      vertex 34.34943816497935 -23.429404794730814 0
      vertex 34.34943816497935 23.429404794730814 0
      vertex 34.56000762332572 23.357926095308585 0
    endloop
  endfacet
  facet normal 0 0 -1
    outer loop
      vertex 34.56000762332572 -23.357926095308585 0
      vertex 34.56000762332572 23.357926095308585 0
      vertex 34.778105473225914 23.31454373566452 0
    endloop
  endfacet
  facet normal 0 0 -1
    outer loop
      vertex 34.778105473225914 -23.31454373566452 0
      vertex 34.778105473225914 23.31454373566452 0
      vertex 35 23.3 0
    endloop
  endfacet
  facet normal 0 0 -1
    outer loop
      vertex 35 -23.3 0
      vertex 35 23.3 0
      vertex 35.221894526774086 23.31454373566452 0
    endloop
  endfacet
  facet normal 0 0 -1
    outer loop
      vertex 35.221894526774086 -23.31454373566452 0
      vertex 35.221894526774086 23.31454373566452 0
      vertex 35.43999237667428 23.357926095308585 0
    endloop
  endfacet
  facet normal 0 0 -1
    outer loop
      vertex 35.43999237667428 -23.357926095308585 0
      vertex 35.43999237667428 23.357926095308585 0
      vertex 35.65056183502065 23.429404794730814 0
    endloop
  endfacet
  facet normal 0 0 -1
    outer loop
      vertex 35.65056183502065 -23.429404794730814 0
      vertex 35.65056183502065 23.429404794730814 0
      vertex 35.85 23.527756813566455 0
    endloop
  endfacet
  facet normal 0 0 -1
    outer loop
      vertex 35.85 -23.527756813566455 0
      vertex 35.85 23.527756813566455 0
      vertex 36.034894429314825 23.6512993215049 0
    endloop
  endfacet
  facet normal 0 0 1
    outer loop
      vertex 19.318516525781366 -5.176380902050415 4
      vertex 50 35 4
      vertex 19.828897227476208 -2.6105238444010315 4
    endloop
  endfacet
  facet normal 0 0 1
    outer loop
      vertex 19.828897227476208 -2.6105238444010315 4
      vertex 50 35 4
      vertex 20 0 4
    endloop
  endfacet
  facet normal 0 0 1
    outer loop
      vertex 20 0 4
      vertex 50 35 4
      vertex 19.828897227476208 2.6105238444010315 4
    endloop
  endfacet
  facet normal 0 0 1
    outer loop
      vertex 19.828897227476208 2.6105238444010315 4
      vertex 50 35 4
      vertex 19.318516525781366 5.176380902050415 4
    endloop
  endfacet
  facet normal 0 0 1
    outer loop
      vertex 18.477590650225736 7.653668647301796 4
      vertex 19.318516525781366 5.176380902050415 4
      vertex 50 35 4
    endloop
  endfacet
  facet normal 0 0 -1
    outer loop
      vertex 50 -35 0
      vertex 36.034894429314825 23.6512993215049 0
      vertex 36.20208152801713 23.797918471982868 0
    endloop
  endfacet
  facet normal 0 0 -1
    outer loop
      vertex 50 -35 0
      vertex 36.20208152801713 23.797918471982868 0
      vertex 36.3487006784951 23.965105570685175 0
    endloop
  endfacet
  facet normal 0 0 -1
    outer loop
      vertex 50 -35 0
      vertex 36.3487006784951 23.965105570685175 0
      vertex 36.472243186433545 24.15 0
    endloop
  endfacet
  facet normal 0 0 -1
    outer loop
      vertex 50 -35 0
      vertex 36.472243186433545 24.15 0
      vertex 36.570595205269186 24.349438164979347 0
    endloop
  endfacet
  facet normal 0 0 -1
    outer loop
      vertex 50 -35 0
      vertex 36.570595205269186 24.349438164979347 0
      vertex 36.642073904691415 24.560007623325713 0
    endloop
  endfacet
  facet normal 0 0 -1
    outer loop
      vertex 50 -35 0
      vertex 36.642073904691415 24.560007623325713 0
      vertex 36.68545626433548 24.778105473225914 0
    endloop
  endfacet
  facet normal 0 0 -1
    outer loop
      vertex 50 -35 0
      vertex 36.68545626433548 24.778105473225914 0
      vertex 36.7 25 0
    endloop
  endfacet
  facet normal 0 0 -1
    outer loop
      vertex 50 -35 0
      vertex 36.7 25 0
      vertex 50 35 0
    endloop
  endfacet
  facet normal 1 0 0
    outer loop
      vertex 50 -35 4
      vertex 50 35 0
      vertex 50 35 4
    endloop
  endfacet
  facet normal 0 0 1
    outer loop
      vertex 15.867066805824702 12.175228580174412 4
      vertex 33.6512993215049 23.965105570685175 4
      vertex 33.527756813566455 24.15 4
    endloop
  endfacet
  facet normal 0 0 1
    outer loop
      vertex 15.867066805824702 12.175228580174412 4
      vertex 33.527756813566455 24.15 4
      vertex 33.429404794730814 24.349438164979347 4
    endloop
  endfacet
  facet normal 0 0 1
    outer loop
      vertex 15.867066805824702 12.175228580174412 4
      vertex 33.357926095308585 24.560007623325713 4
      vertex 33.31454373566452 24.778105473225914 4
    endloop
  endfacet
  facet normal 0 0 1
    outer loop
      vertex 15.867066805824702 12.175228580174412 4
      vertex 33.429404794730814 24.349438164979347 4
      vertex 33.357926095308585 24.560007623325713 4
    endloop
  endfacet
  facet normal 0 0 1
    outer loop
      vertex 14.142135623730951 14.142135623730951 4
      vertex 33.31454373566452 24.778105473225914 4
      vertex 33.3 25 4
    endloop
  endfacet
  facet normal 0 0 1
    outer loop
      vertex 14.142135623730951 14.142135623730951 4
      vertex 33.3 25 4
      vertex 33.31454373566452 25.221894526774086 4
    endloop
  endfacet
  facet normal 0 0 1
    outer loop
      vertex 14.142135623730951 14.142135623730951 4
      vertex 33.31454373566452 25.221894526774086 4
      vertex 33.357926095308585 25.439992376674287 4
    endloop
  endfacet
  facet normal 0 0 1
    outer loop
      vertex 18.477590650225736 7.653668647301796 4
      vertex 34.778105473225914 23.31454373566452 4
      vertex 34.56000762332572 23.357926095308585 4
    endloop
  endfacet
  facet normal 0 0 1
    outer loop
      vertex 18.477590650225736 7.653668647301796 4
      vertex 35 23.3 4
      vertex 34.778105473225914 23.31454373566452 4
    endloop
  endfacet
  facet normal 0 0 1
    outer loop
      vertex 18.477590650225736 7.653668647301796 4
      vertex 35.221894526774086 23.31454373566452 4
      vertex 35 23.3 4
    endloop
  endfacet
  facet normal 0 0 1
    outer loop
      vertex 17.32050807568877 10 4
      vertex 34.15 23.527756813566455 4
      vertex 33.965105570685175 23.6512993215049 4
    endloop
  endfacet
  facet normal 0 0 1
    outer loop
      vertex 17.32050807568877 10 4
      vertex 34.34943816497935 23.429404794730814 4
      vertex 34.15 23.527756813566455 4
    endloop
  endfacet
  facet normal 0 0 1
    outer loop
      vertex 17.32050807568877 10 4
      vertex 34.56000762332572 23.357926095308585 4
      vertex 34.34943816497935 23.429404794730814 4
    endloop
  endfacet
  facet normal 0 0 1
    outer loop
      vertex 17.32050807568877 10 4
      vertex 33.79791847198287 23.797918471982868 4
      vertex 33.6512993215049 23.965105570685175 4
    endloop
  endfacet
  facet normal 0 0 1
    outer loop
      vertex 17.32050807568877 10 4
      vertex 33.965105570685175 23.6512993215049 4
      vertex 33.79791847198287 23.797918471982868 4
    endloop
  endfacet
  facet normal 0 0 1
    outer loop
      vertex 18.477590650225736 7.653668647301796 4
      vertex 35.43999237667428 23.357926095308585 4
      vertex 35.221894526774086 23.31454373566452 4
    endloop
  endfacet
  facet normal 0 0 1
    outer loop
      vertex 18.477590650225736 7.653668647301796 4
      vertex 35.65056183502065 23.429404794730814 4
      vertex 35.43999237667428 23.357926095308585 4
    endloop
  endfacet
  facet normal 0 0 1
    outer loop
      vertex 18.477590650225736 7.653668647301796 4
      vertex 35.85 23.527756813566455 4
      vertex 35.65056183502065 23.429404794730814 4
    endloop
  endfacet
  facet normal 0 0 1
    outer loop
      vertex 18.477590650225736 7.653668647301796 4
      vertex 36.034894429314825 23.6512993215049 4
      vertex 35.85 23.527756813566455 4
    endloop
  endfacet
  facet normal 0 0 1
    outer loop
      vertex 18.477590650225736 7.653668647301796 4
      vertex 36.20208152801713 23.797918471982868 4
      vertex 36.034894429314825 23.6512993215049 4
    endloop
  endfacet
  facet normal 0 0 1
    outer loop
      vertex 12.175228580174412 15.867066805824702 4
      vertex 33.357926095308585 25.439992376674287 4
      vertex 33.429404794730814 25.650561835020653 4
    endloop
  endfacet
  facet normal 0 0 1
    outer loop
      vertex 12.175228580174412 15.867066805824702 4
      vertex 33.429404794730814 25.650561835020653 4
      vertex 33.527756813566455 25.85 4
    endloop
  endfacet
  facet normal 0 0 1
    outer loop
      vertex 12.175228580174412 15.867066805824702 4
      vertex 33.527756813566455 25.85 4
      vertex 33.6512993215049 26.034894429314825 4
    endloop
  endfacet
  facet normal 0 0 1
    outer loop
      vertex 12.175228580174412 15.867066805824702 4
      vertex 33.6512993215049 26.034894429314825 4
      vertex 33.79791847198287 26.202081528017132 4
    endloop
  endfacet
  facet normal 0 0 1
    outer loop
      vertex 12.175228580174412 15.867066805824702 4
      vertex 33.79791847198287 26.202081528017132 4
      vertex 33.965105570685175 26.3487006784951 4
    endloop
  endfacet
  facet normal 0 0 1
    outer loop
      vertex 12.175228580174412 15.867066805824702 4
      vertex 33.965105570685175 26.3487006784951 4
      vertex 34.15 26.472243186433545 4
    endloop
  endfacet
  facet normal 0 0 1
    outer loop
      vertex 12.175228580174412 15.867066805824702 4
      vertex 34.15 26.472243186433545 4
      vertex 34.34943816497935 26.570595205269186 4
    endloop
  endfacet
  facet normal 0 0 1
    outer loop
      vertex 12.175228580174412 15.867066805824702 4
      vertex 34.34943816497935 26.570595205269186 4
      vertex 50 35 4
    endloop
  endfacet
  facet normal 0 0 1
    outer loop
      vertex 18.477590650225736 7.653668647301796 4
      vertex 50 35 4
      vertex 36.20208152801713 23.797918471982868 4
    endloop
  endfacet
  facet normal 0 0 -1
    outer loop
      vertex 50 35 0
      vertex 35.43999237667428 26.642073904691415 0
      vertex 35.221894526774086 26.68545626433548 0
    endloop
  endfacet
  facet normal 0 0 -1
    outer loop
      vertex 50 35 0
      vertex 35.65056183502065 26.570595205269186 0
      vertex 35.43999237667428 26.642073904691415 0
    endloop
  endfacet
  facet normal 0 0 -1
    outer loop
      vertex 50 35 0
      vertex 35.85 26.472243186433545 0
      vertex 35.65056183502065 26.570595205269186 0
    endloop
  endfacet
  facet normal 0 0 -1
    outer loop
      vertex 50 35 0
      vertex 36.7 25 0
      vertex 36.68545626433548 25.221894526774086 0
    endloop
  endfacet
  facet normal 0 0 -1
    outer loop
      vertex 50 35 0
      vertex 36.570595205269186 25.650561835020653 0
      vertex 36.472243186433545 25.85 0
    endloop
  endfacet
  facet normal 0 0 -1
    outer loop
      vertex 50 35 0
      vertex 36.472243186433545 25.85 0
      vertex 36.3487006784951 26.034894429314825 0
    endloop
  endfacet
  facet normal 0 0 -1
    outer loop
      vertex 50 35 0
      vertex 36.68545626433548 25.221894526774086 0
      vertex 36.642073904691415 25.439992376674287 0
    endloop
  endfacet
  facet normal 0 0 -1
    outer loop
      vertex 50 35 0
      vertex 36.642073904691415 25.439992376674287 0
      vertex 36.570595205269186 25.650561835020653 0
    endloop
  endfacet
  facet normal 0 0 -1
    outer loop
      vertex 50 35 0
      vertex 36.20208152801713 26.202081528017132 0
      vertex 36.034894429314825 26.3487006784951 0
    endloop
  endfacet
  facet normal 0 0 -1
    outer loop
      vertex 50 35 0
      vertex 36.3487006784951 26.034894429314825 0
      vertex 36.20208152801713 26.202081528017132 0
    endloop
  endfacet
  facet normal 0 0 -1
    outer loop
      vertex 50 35 0
      vertex 36.034894429314825 26.3487006784951 0
      vertex 35.85 26.472243186433545 0
    endloop
  endfacet
  facet normal 0 0 1
    outer loop
      vertex 50 35 4
      vertex 34.34943816497935 26.570595205269186 4
      vertex 34.56000762332572 26.642073904691415 4
    endloop
  endfacet
  facet normal 0 0 1
    outer loop
      vertex 50 35 4
      vertex 34.56000762332572 26.642073904691415 4
      vertex 34.778105473225914 26.68545626433548 4
    endloop
  endfacet
  facet normal 0 0 1
    outer loop
      vertex 50 35 4
      vertex 34.778105473225914 26.68545626433548 4
      vertex 35 26.7 4
    endloop
  endfacet
  facet normal 0 0 1
    outer loop
      vertex 50 35 4
      vertex 35 26.7 4
      vertex 35.221894526774086 26.68545626433548 4
    endloop
  endfacet
  facet normal 0 0 1
    outer loop
      vertex 50 35 4
      vertex 35.221894526774086 26.68545626433548 4
      vertex 35.43999237667428 26.642073904691415 4
    endloop
  endfacet
  facet normal 0 0 1
    outer loop
      vertex 50 35 4
      vertex 35.43999237667428 26.642073904691415 4
      vertex 35.65056183502065 26.570595205269186 4
    endloop
  endfacet
  facet normal 0 0 1
    outer loop
      vertex 50 35 4
      vertex 35.65056183502065 26.570595205269186 4
      vertex 35.85 26.472243186433545 4
    endloop
  endfacet
  facet normal 0 0 1
    outer loop
      vertex 50 35 4
      vertex 36.3487006784951 23.965105570685175 4
      vertex 36.20208152801713 23.797918471982868 4
    endloop
  endfacet
  facet normal 0 0 1
    outer loop
      vertex 50 35 4
      vertex 36.472243186433545 24.15 4
      vertex 36.3487006784951 23.965105570685175 4
    endloop
  endfacet
  facet normal 0 0 1
    outer loop
      vertex 50 35 4
      vertex 36.570595205269186 24.349438164979347 4
      vertex 36.472243186433545 24.15 4
    endloop
  endfacet
  facet normal 0 0 1
    outer loop
      vertex 50 35 4
      vertex 36.642073904691415 24.560007623325713 4
      vertex 36.570595205269186 24.349438164979347 4
    endloop
  endfacet
  facet normal 0 0 1
    outer loop
      vertex 50 35 4
      vertex 36.68545626433548 24.778105473225914 4
      vertex 36.642073904691415 24.560007623325713 4
    endloop
  endfacet
  facet normal 0 0 1
    outer loop
      vertex 50 35 4
      vertex 36.7 25 4
      vertex 36.68545626433548 24.778105473225914 4
    endloop
  endfacet
  facet normal 0 0 1
    outer loop
      vertex 50 35 4
      vertex 36.68545626433548 25.221894526774086 4
      vertex 36.7 25 4
    endloop
  endfacet
  facet normal 0 0 1
    outer loop
      vertex 50 35 4
      vertex 36.472243186433545 25.85 4
      vertex 36.570595205269186 25.650561835020653 4
    endloop
  endfacet
  facet normal 0 0 1
    outer loop
      vertex 50 35 4
      vertex 36.3487006784951 26.034894429314825 4
      vertex 36.472243186433545 25.85 4
    endloop
  endfacet
  facet normal 0 0 1
    outer loop
      vertex 50 35 4
      vertex 36.642073904691415 25.439992376674287 4
      vertex 36.68545626433548 25.221894526774086 4
    endloop
  endfacet
  facet normal 0 0 1
    outer loop
      vertex 50 35 4
      vertex 36.570595205269186 25.650561835020653 4
      vertex 36.642073904691415 25.439992376674287 4
    endloop
  endfacet
  facet normal 0 0 1
    outer loop
      vertex 50 35 4
      vertex 36.034894429314825 26.3487006784951 4
      vertex 36.20208152801713 26.202081528017132 4
    endloop
  endfacet
  facet normal 0 0 1
    outer loop
      vertex 50 35 4
      vertex 36.20208152801713 26.202081528017132 4
      vertex 36.3487006784951 26.034894429314825 4
    endloop
  endfacet
  facet normal 0 0 1
    outer loop
      vertex 50 35 4
      vertex 35.85 26.472243186433545 4
      vertex 36.034894429314825 26.3487006784951 4
    endloop
  endfacet
  facet normal -0.4422886902190021 -0.8968727415326879 0
    outer loop
      vertex -7.653668647301796 -18.477590650225736 4
      vertex -7.653668647301796 -18.477590650225736 26
      vertex -10 -17.32050807568877 4
    endloop
  endfacet
  facet normal -0.3214394653031613 -0.9469301294951057 1.6561018820897073e-19
    outer loop
      vertex -7.653668647301796 -18.477590650225736 4
      vertex -5.176380902050415 -19.318516525781366 4
      vertex -5.176380902050415 -19.318516525781366 26
    endloop
  endfacet
  facet normal -0.1950903220161282 -0.9807852804032304 9.501231558631195e-19
    outer loop
      vertex -5.176380902050415 -19.318516525781366 4
      vertex -2.6105238444010315 -19.828897227476208 4
      vertex -2.6105238444010315 -19.828897227476208 26
    endloop
  endfacet
  facet normal -0.06540312923014312 -0.9978589232386035 3.608653559355119e-19
    outer loop
      vertex -2.6105238444010315 -19.828897227476208 4
      vertex 0 -20 4
      vertex 0 -20 26
    endloop
  endfacet
  facet normal -0.7518398074789778 -0.6593458151000684 0
    outer loop
      vertex -14.142135623730951 -14.142135623730951 4
      vertex -14.142135623730951 -14.142135623730951 26
      vertex -15.867066805824702 -12.175228580174412 4
    endloop
  endfacet
  facet normal -0.6593458151000684 -0.7518398074789778 3.2711282969572573e-18
    outer loop
      vertex -14.142135623730951 -14.142135623730951 4
      vertex -12.175228580174412 -15.867066805824702 4
      vertex -12.175228580174412 -15.867066805824702 26
    endloop
  endfacet
  facet normal -0.8314696123025452 -0.5555702330196021 0
    outer loop
      vertex -15.867066805824702 -12.175228580174412 4
      vertex -15.867066805824702 -12.175228580174412 26
      vertex -17.32050807568877 -10 4
    endloop
  endfacet
  facet normal -0.8968727415326879 -0.4422886902190021 0
    outer loop
      vertex -17.32050807568877 -10 4
      vertex -17.32050807568877 -10 26
      vertex -18.477590650225736 -7.653668647301796 4
    endloop
  endfacet
  facet normal -0.9469301294951057 -0.3214394653031613 1.6561018820897073e-19
    outer loop
      vertex -19.318516525781366 -5.176380902050415 4
      vertex -18.477590650225736 -7.653668647301796 4
      vertex -18.477590650225736 -7.653668647301796 26
    endloop
  endfacet
  facet normal -0.9807852804032304 -0.1950903220161282 0
    outer loop
      vertex -19.318516525781366 -5.176380902050415 4
      vertex -19.318516525781366 -5.176380902050415 26
      vertex -19.828897227476208 -2.6105238444010315 4
    endloop
  endfacet
  facet normal -0.9978589232386035 -0.06540312923014312 0
    outer loop
      vertex -19.828897227476208 -2.6105238444010315 4
      vertex -19.828897227476208 -2.6105238444010315 26
      vertex -20 0 4
    endloop
  endfacet
  facet normal -0.5555702330196021 -0.8314696123025452 2.25304468646439e-19
    outer loop
      vertex -12.175228580174412 -15.867066805824702 4
      vertex -10 -17.32050807568877 4
      vertex -10 -17.32050807568877 26
    endloop
  endfacet
  facet normal -0.4422886902190021 -0.8968727415326879 0
    outer loop
      vertex -10 -17.32050807568877 4
      vertex -7.653668647301796 -18.477590650225736 26
      vertex -10 -17.32050807568877 26
    endloop
  endfacet
  facet normal -0.3214394653031613 -0.9469301294951057 0
    outer loop
      vertex -7.653668647301796 -18.477590650225736 4
      vertex -5.176380902050415 -19.318516525781366 26
      vertex -7.653668647301796 -18.477590650225736 26
    endloop
  endfacet
  facet normal -0.1950903220161282 -0.9807852804032304 0
    outer loop
      vertex -5.176380902050415 -19.318516525781366 4
      vertex -2.6105238444010315 -19.828897227476208 26
      vertex -5.176380902050415 -19.318516525781366 26
    endloop
  endfacet
  facet normal -0.06540312923014312 -0.9978589232386035 0
    outer loop
      vertex -2.6105238444010315 -19.828897227476208 4
      vertex 0 -20 26
      vertex -2.6105238444010315 -19.828897227476208 26
    endloop
  endfacet
  facet normal -0.6593458151000684 -0.7518398074789778 0
    outer loop
      vertex -14.142135623730951 -14.142135623730951 4
      vertex -12.175228580174412 -15.867066805824702 26
      vertex -14.142135623730951 -14.142135623730951 26
    endloop
  endfacet
  facet normal -0.8314696123025452 -0.5555702330196021 0
    outer loop
      vertex -17.32050807568877 -10 4
      vertex -15.867066805824702 -12.175228580174412 26
      vertex -17.32050807568877 -10 26
    endloop
  endfacet
  facet normal -0.7518398074789778 -0.6593458151000684 0
    outer loop
      vertex -15.867066805824702 -12.175228580174412 4
      vertex -14.142135623730951 -14.142135623730951 26
      vertex -15.867066805824702 -12.175228580174412 26
    endloop
  endfacet
  facet normal -0.9469301294951057 -0.3214394653031613 0
    outer loop
      vertex -19.318516525781366 -5.176380902050415 4
      vertex -18.477590650225736 -7.653668647301796 26
      vertex -19.318516525781366 -5.176380902050415 26
    endloop
  endfacet
  facet normal -0.9807852804032304 -0.1950903220161282 0
    outer loop
      vertex -19.828897227476208 -2.6105238444010315 4
      vertex -19.318516525781366 -5.176380902050415 26
      vertex -19.828897227476208 -2.6105238444010315 26
    endloop
  endfacet
  facet normal -0.9978589232386035 -0.06540312923014312 3.608653559355119e-19
    outer loop
      vertex -19.828897227476208 -2.6105238444010315 26
      vertex -20 0 26
      vertex -20 0 4
    endloop
  endfacet
  facet normal -0.8968727415326879 -0.4422886902190021 0
    outer loop
      vertex -18.477590650225736 -7.653668647301796 4
      vertex -17.32050807568877 -10 26
      vertex -18.477590650225736 -7.653668647301796 26
    endloop
  endfacet
  facet normal -0.5555702330196021 -0.8314696123025452 0
    outer loop
      vertex -12.175228580174412 -15.867066805824702 4
      vertex -10 -17.32050807568877 26
      vertex -12.175228580174412 -15.867066805824702 26
    endloop
  endfacet
  facet normal 0 0 1
    outer loop
      vertex -19.318516525781366 -5.176380902050415 26
      vertex -18.477590650225736 -7.653668647301796 26
      vertex -19.318516525781366 5.176380902050415 26
    endloop
  endfacet
  facet normal 0 0 1
    outer loop
      vertex -19.318516525781366 -5.176380902050415 26
      vertex -19.828897227476208 2.6105238444010315 26
      vertex -19.828897227476208 -2.6105238444010315 26
    endloop
  endfacet
  facet normal 0 0 1
    outer loop
      vertex -14.142135623730951 -14.142135623730951 26
      vertex -15.867066805824702 12.175228580174412 26
      vertex -15.867066805824702 -12.175228580174412 26
    endloop
  endfacet
  facet normal 0 0 1
    outer loop
      vertex -14.142135623730951 -14.142135623730951 26
      vertex -12.175228580174412 -15.867066805824702 26
      vertex -14.142135623730951 14.142135623730951 26
    endloop
  endfacet
  facet normal 0 0 1
    outer loop
      vertex -17.32050807568877 -10 26
      vertex -18.477590650225736 7.653668647301796 26
      vertex -18.477590650225736 -7.653668647301796 26
    endloop
  endfacet
  facet normal 0 0 1
    outer loop
      vertex -15.867066805824702 -12.175228580174412 26
      vertex -17.32050807568877 10 26
      vertex -17.32050807568877 -10 26
    endloop
  endfacet
  facet normal 0 0 1
    outer loop
      vertex -5.176380902050415 -19.318516525781366 26
      vertex -2.6105238444010315 -19.828897227476208 26
      vertex -3.96029588778518 -1.061158084920335 26
    endloop
  endfacet
  facet normal 0 0 1
    outer loop
      vertex -2.6105238444010315 -19.828897227476208 26
      vertex 0 -20 26
      vertex -1.061158084920335 -3.96029588778518 26
    endloop
  endfacet
  facet normal 0 0 1
    outer loop
      vertex -2.6105238444010315 -19.828897227476208 26
      vertex -2.05 -3.550704155516198 26
      vertex -2.4959218589357546 -3.252748695194064 26
    endloop
  endfacet
  facet normal 0 0 1
    outer loop
      vertex -2.6105238444010315 -19.828897227476208 26
      vertex -1.5690020726968679 -3.787906083296275 26
      vertex -2.05 -3.550704155516198 26
    endloop
  endfacet
  facet normal 0 0 1
    outer loop
      vertex -2.6105238444010315 -19.828897227476208 26
      vertex -1.061158084920335 -3.96029588778518 26
      vertex -1.5690020726968679 -3.787906083296275 26
    endloop
  endfacet
  facet normal 0 0 1
    outer loop
      vertex 0 -20 26
      vertex -0.5351573881022114 -4.064923931632622 26
      vertex -1.061158084920335 -3.96029588778518 26
    endloop
  endfacet
  facet normal 0 0 1
    outer loop
      vertex 0 -20 26
      vertex 0 -4.1 26
      vertex -0.5351573881022114 -4.064923931632622 26
    endloop
  endfacet
  facet normal 0 0 1
    outer loop
      vertex -12.175228580174412 -15.867066805824702 26
      vertex -10 -17.32050807568877 26
      vertex -12.175228580174412 15.867066805824702 26
    endloop
  endfacet
  facet normal 0 0 1
    outer loop
      vertex -7.653668647301796 -18.477590650225736 26
      vertex -10 17.32050807568877 26
      vertex -10 -17.32050807568877 26
    endloop
  endfacet
  facet normal 0 0 1
    outer loop
      vertex -7.653668647301796 -18.477590650225736 26
      vertex -5.176380902050415 -19.318516525781366 26
      vertex -7.653668647301796 18.477590650225736 26
    endloop
  endfacet
  facet normal 0 0 1
    outer loop
      vertex -2.6105238444010315 -19.828897227476208 26
      vertex -3.252748695194064 -2.4959218589357546 26
      vertex -3.550704155516198 -2.05 26
    endloop
  endfacet
  facet normal 0 0 1
    outer loop
      vertex -2.6105238444010315 -19.828897227476208 26
      vertex -3.550704155516198 -2.05 26
      vertex -3.787906083296275 -1.5690020726968679 26
    endloop
  endfacet
  facet normal 0 0 1
    outer loop
      vertex -5.176380902050415 -19.318516525781366 26
      vertex -3.96029588778518 -1.061158084920335 26
      vertex -4.064923931632622 -0.5351573881022114 26
    endloop
  endfacet
  facet normal 0 0 1
    outer loop
      vertex -5.176380902050415 -19.318516525781366 26
      vertex -4.064923931632622 -0.5351573881022114 26
      vertex -4.1 0 26
    endloop
  endfacet
  facet normal 0 0 1
    outer loop
      vertex -2.6105238444010315 -19.828897227476208 26
      vertex -3.787906083296275 -1.5690020726968679 26
      vertex -3.96029588778518 -1.061158084920335 26
    endloop
  endfacet
  facet normal 0 0 1
    outer loop
      vertex -2.6105238444010315 -19.828897227476208 26
      vertex -2.899137802864845 -2.899137802864845 26
      vertex -3.252748695194064 -2.4959218589357546 26
    endloop
  endfacet
  facet normal 0 0 1
    outer loop
      vertex -2.6105238444010315 -19.828897227476208 26
      vertex -2.4959218589357546 -3.252748695194064 26
      vertex -2.899137802864845 -2.899137802864845 26
    endloop
  endfacet
  facet normal -0.9978589232386035 0.06540312923014312 0
    outer loop
      vertex -20 0 4
      vertex -20 0 26
      vertex -19.828897227476208 2.6105238444010315 4
    endloop
  endfacet
  facet normal -0.9807852804032304 0.1950903220161282 0
    outer loop
      vertex -19.828897227476208 2.6105238444010315 4
      vertex -19.828897227476208 2.6105238444010315 26
      vertex -19.318516525781366 5.176380902050415 4
    endloop
  endfacet
  facet normal -0.9469301294951057 0.3214394653031613 0
    outer loop
      vertex -19.318516525781366 5.176380902050415 4
      vertex -19.318516525781366 5.176380902050415 26
      vertex -18.477590650225736 7.653668647301796 4
    endloop
  endfacet
  facet normal -0.8968727415326879 0.4422886902190021 0
    outer loop
      vertex -18.477590650225736 7.653668647301796 4
      vertex -18.477590650225736 7.653668647301796 26
      vertex -17.32050807568877 10 4
    endloop
  endfacet
  facet normal -0.8314696123025452 0.5555702330196021 0
    outer loop
      vertex -17.32050807568877 10 4
      vertex -17.32050807568877 10 26
      vertex -15.867066805824702 12.175228580174412 4
    endloop
  endfacet
  facet normal -0.7518398074789778 0.6593458151000684 0
    outer loop
      vertex -15.867066805824702 12.175228580174412 4
      vertex -15.867066805824702 12.175228580174412 26
      vertex -14.142135623730951 14.142135623730951 4
    endloop
  endfacet
  facet normal -0.6593458151000684 0.7518398074789778 0
    outer loop
      vertex -14.142135623730951 14.142135623730951 4
      vertex -14.142135623730951 14.142135623730951 26
      vertex -12.175228580174412 15.867066805824702 4
    endloop
  endfacet
  facet normal -0.5555702330196021 0.8314696123025452 0
    outer loop
      vertex -12.175228580174412 15.867066805824702 4
      vertex -12.175228580174412 15.867066805824702 26
      vertex -10 17.32050807568877 4
    endloop
  endfacet
  facet normal -0.4422886902190021 0.8968727415326879 0
    outer loop
      vertex -10 17.32050807568877 4
      vertex -10 17.32050807568877 26
      vertex -7.653668647301796 18.477590650225736 4
    endloop
  endfacet
  facet normal -0.3214394653031613 0.9469301294951057 0
    outer loop
      vertex -7.653668647301796 18.477590650225736 4
      vertex -7.653668647301796 18.477590650225736 26
      vertex -5.176380902050415 19.318516525781366 4
    endloop
  endfacet
  facet normal -0.1950903220161282 0.9807852804032304 0
    outer loop
      vertex -5.176380902050415 19.318516525781366 4
      vertex -5.176380902050415 19.318516525781366 26
      vertex -2.6105238444010315 19.828897227476208 4
    endloop
  endfacet
  facet normal -0.06540312923014312 0.9978589232386035 0
    outer loop
      vertex -2.6105238444010315 19.828897227476208 4
      vertex -2.6105238444010315 19.828897227476208 26
      vertex 0 20 4
    endloop
  endfacet
  facet normal -0.9978589232386035 0.06540312923014312 0
    outer loop
      vertex -19.828897227476208 2.6105238444010315 4
      vertex -20 0 26
      vertex -19.828897227476208 2.6105238444010315 26
    endloop
  endfacet
  facet normal -0.9807852804032304 0.1950903220161282 0
    outer loop
      vertex -19.318516525781366 5.176380902050415 4
      vertex -19.828897227476208 2.6105238444010315 26
      vertex -19.318516525781366 5.176380902050415 26
    endloop
  endfacet
  facet normal -0.9469301294951057 0.3214394653031613 0
    outer loop
      vertex -18.477590650225736 7.653668647301796 4
      vertex -19.318516525781366 5.176380902050415 26
      vertex -18.477590650225736 7.653668647301796 26
    endloop
  endfacet
  facet normal -0.8968727415326879 0.4422886902190021 0
    outer loop
      vertex -17.32050807568877 10 4
      vertex -18.477590650225736 7.653668647301796 26
      vertex -17.32050807568877 10 26
    endloop
  endfacet
  facet normal -0.8314696123025452 0.5555702330196021 0
    outer loop
      vertex -15.867066805824702 12.175228580174412 4
      vertex -17.32050807568877 10 26
      vertex -15.867066805824702 12.175228580174412 26
    endloop
  endfacet
  facet normal -0.7518398074789778 0.6593458151000684 0
    outer loop
      vertex -14.142135623730951 14.142135623730951 4
      vertex -15.867066805824702 12.175228580174412 26
      vertex -14.142135623730951 14.142135623730951 26
    endloop
  endfacet
  facet normal -0.6593458151000684 0.7518398074789778 0
    outer loop
      vertex -12.175228580174412 15.867066805824702 4
      vertex -14.142135623730951 14.142135623730951 26
      vertex -12.175228580174412 15.867066805824702 26
    endloop
  endfacet
  facet normal -0.5555702330196021 0.8314696123025452 0
    outer loop
      vertex -10 17.32050807568877 4
      vertex -12.175228580174412 15.867066805824702 26
      vertex -10 17.32050807568877 26
    endloop
  endfacet
  facet normal 0 0 1
    outer loop
      vertex -19.828897227476208 -2.6105238444010315 26
      vertex -19.828897227476208 2.6105238444010315 26
      vertex -20 0 26
    endloop
  endfacet
  facet normal 0 0 1
    outer loop
      vertex -19.318516525781366 -5.176380902050415 26
      vertex -19.318516525781366 5.176380902050415 26
      vertex -19.828897227476208 2.6105238444010315 26
    endloop
  endfacet
  facet normal 0 0 1
    outer loop
      vertex -18.477590650225736 -7.653668647301796 26
      vertex -18.477590650225736 7.653668647301796 26
      vertex -19.318516525781366 5.176380902050415 26
    endloop
  endfacet
  facet normal 0 0 1
    outer loop
      vertex -17.32050807568877 -10 26
      vertex -17.32050807568877 10 26
      vertex -18.477590650225736 7.653668647301796 26
    endloop
  endfacet
  facet normal 0 0 1
    outer loop
      vertex -15.867066805824702 -12.175228580174412 26
      vertex -15.867066805824702 12.175228580174412 26
      vertex -17.32050807568877 10 26
    endloop
  endfacet
  facet normal 0 0 1
    outer loop
      vertex -14.142135623730951 -14.142135623730951 26
      vertex -14.142135623730951 14.142135623730951 26
      vertex -15.867066805824702 12.175228580174412 26
    endloop
  endfacet
  facet normal 0 0 1
    outer loop
      vertex -12.175228580174412 -15.867066805824702 26
      vertex -12.175228580174412 15.867066805824702 26
      vertex -14.142135623730951 14.142135623730951 26
    endloop
  endfacet
  facet normal 0 0 1
    outer loop
      vertex -10 -17.32050807568877 26
      vertex -10 17.32050807568877 26
      vertex -12.175228580174412 15.867066805824702 26
    endloop
  endfacet
  facet normal 0 0 1
    outer loop
      vertex -7.653668647301796 -18.477590650225736 26
      vertex -7.653668647301796 18.477590650225736 26
      vertex -10 17.32050807568877 26
    endloop
  endfacet
  facet normal 0 0 1
    outer loop
      vertex -5.176380902050415 -19.318516525781366 26
      vertex -4.1 0 26
      vertex -5.176380902050415 19.318516525781366 26
    endloop
  endfacet
  facet normal 0 0 1
    outer loop
      vertex -5.176380902050415 -19.318516525781366 26
      vertex -5.176380902050415 19.318516525781366 26
      vertex -7.653668647301796 18.477590650225736 26
    endloop
  endfacet
  facet normal 0 0 1
    outer loop
      vertex -5.176380902050415 19.318516525781366 26
      vertex -4.1 0 26
      vertex -4.064923931632622 0.5351573881022114 26
    endloop
  endfacet
  facet normal 0 0 1
    outer loop
      vertex -5.176380902050415 19.318516525781366 26
      vertex -4.064923931632622 0.5351573881022114 26
      vertex -3.96029588778518 1.061158084920335 26
    endloop
  endfacet
  facet normal 0 0 1
    outer loop
      vertex -5.176380902050415 19.318516525781366 26
      vertex -3.96029588778518 1.061158084920335 26
      vertex -3.787906083296275 1.5690020726968679 26
    endloop
  endfacet
  facet normal 0 0 1
    outer loop
      vertex -5.176380902050415 19.318516525781366 26
      vertex -3.787906083296275 1.5690020726968679 26
      vertex -3.550704155516198 2.05 26
    endloop
  endfacet
  facet normal 0 0 1
    outer loop
      vertex -5.176380902050415 19.318516525781366 26
      vertex -3.550704155516198 2.05 26
      vertex -3.252748695194064 2.4959218589357546 26
    endloop
  endfacet
  facet normal 0 0 1
    outer loop
      vertex -5.176380902050415 19.318516525781366 26
      vertex -3.252748695194064 2.4959218589357546 26
      vertex -2.899137802864845 2.899137802864845 26
    endloop
  endfacet
  facet normal 0 0 1
    outer loop
      vertex -5.176380902050415 19.318516525781366 26
      vertex -2.899137802864845 2.899137802864845 26
      vertex -2.4959218589357546 3.252748695194064 26
    endloop
  endfacet
  facet normal 0 0 1
    outer loop
      vertex -2.6105238444010315 19.828897227476208 26
      vertex -2.4959218589357546 3.252748695194064 26
      vertex -2.05 3.550704155516198 26
    endloop
  endfacet
  facet normal 0 0 1
    outer loop
      vertex -2.6105238444010315 19.828897227476208 26
      vertex -2.05 3.550704155516198 26
      vertex -1.5690020726968679 3.787906083296275 26
    endloop
  endfacet
  facet normal 0 0 1
    outer loop
      vertex -2.6105238444010315 19.828897227476208 26
      vertex -1.5690020726968679 3.787906083296275 26
      vertex -1.061158084920335 3.96029588778518 26
    endloop
  endfacet
  facet normal 0 0 1
    outer loop
      vertex -2.6105238444010315 19.828897227476208 26
      vertex -1.061158084920335 3.96029588778518 26
      vertex -0.5351573881022114 4.064923931632622 26
    endloop
  endfacet
  facet normal 0 0 1
    outer loop
      vertex -2.6105238444010315 19.828897227476208 26
      vertex -0.5351573881022114 4.064923931632622 26
      vertex 0 4.1 26
    endloop
  endfacet
  facet normal 0 0 1
    outer loop
      vertex -5.176380902050415 19.318516525781366 26
      vertex -2.4959218589357546 3.252748695194064 26
      vertex -2.6105238444010315 19.828897227476208 26
    endloop
  endfacet
  facet normal 0 0 1
    outer loop
      vertex -2.6105238444010315 19.828897227476208 26
      vertex 0 4.1 26
      vertex 0 20 26
    endloop
  endfacet
  facet normal -0.4422886902190021 0.8968727415326879 0
    outer loop
      vertex -7.653668647301796 18.477590650225736 4
      vertex -10 17.32050807568877 26
      vertex -7.653668647301796 18.477590650225736 26
    endloop
  endfacet
  facet normal -0.3214394653031613 0.9469301294951057 0
    outer loop
      vertex -5.176380902050415 19.318516525781366 4
      vertex -7.653668647301796 18.477590650225736 26
      vertex -5.176380902050415 19.318516525781366 26
    endloop
  endfacet
  facet normal -0.1950903220161282 0.9807852804032304 0
    outer loop
      vertex -2.6105238444010315 19.828897227476208 4
      vertex -5.176380902050415 19.318516525781366 26
      vertex -2.6105238444010315 19.828897227476208 26
    endloop
  endfacet
  facet normal -0.06540312923014312 0.9978589232386035 -3.608653559355119e-19
    outer loop
      vertex -2.6105238444010315 19.828897227476208 26
      vertex 0 20 26
      vertex 0 20 4
    endloop
  endfacet
  facet normal 0.06540312923014312 -0.9978589232386035 -3.608653559355119e-19
    outer loop
      vertex 0 -20 4
      vertex 2.6105238444010315 -19.828897227476208 4
      vertex 2.6105238444010315 -19.828897227476208 26
    endloop
  endfacet
  facet normal 0.1950903220161282 -0.9807852804032304 -9.501231558631195e-19
    outer loop
      vertex 2.6105238444010315 -19.828897227476208 4
      vertex 5.176380902050415 -19.318516525781366 4
      vertex 5.176380902050415 -19.318516525781366 26
    endloop
  endfacet
  facet normal 0.3214394653031613 -0.9469301294951057 -1.6561018820897073e-19
    outer loop
      vertex 5.176380902050415 -19.318516525781366 4
      vertex 7.653668647301796 -18.477590650225736 4
      vertex 7.653668647301796 -18.477590650225736 26
    endloop
  endfacet
  facet normal 0.4422886902190021 -0.8968727415326879 3.3901464454974435e-18
    outer loop
      vertex 7.653668647301796 -18.477590650225736 4
      vertex 10 -17.32050807568877 4
      vertex 10 -17.32050807568877 26
    endloop
  endfacet
  facet normal 0.5555702330196021 -0.8314696123025452 -2.25304468646439e-19
    outer loop
      vertex 10 -17.32050807568877 4
      vertex 12.175228580174412 -15.867066805824702 4
      vertex 12.175228580174412 -15.867066805824702 26
    endloop
  endfacet
  facet normal 0.6593458151000684 -0.7518398074789778 -3.2711282969572573e-18
    outer loop
      vertex 12.175228580174412 -15.867066805824702 4
      vertex 14.142135623730951 -14.142135623730951 4
      vertex 14.142135623730951 -14.142135623730951 26
    endloop
  endfacet
  facet normal 0.7518398074789778 -0.6593458151000684 -3.2711282969572573e-18
    outer loop
      vertex 14.142135623730951 -14.142135623730951 4
      vertex 15.867066805824702 -12.175228580174412 4
      vertex 15.867066805824702 -12.175228580174412 26
    endloop
  endfacet
  facet normal 0.8314696123025452 -0.5555702330196021 -2.25304468646439e-19
    outer loop
      vertex 15.867066805824702 -12.175228580174412 4
      vertex 17.32050807568877 -10 4
      vertex 17.32050807568877 -10 26
    endloop
  endfacet
  facet normal 0.8968727415326879 -0.4422886902190021 3.3901464454974435e-18
    outer loop
      vertex 17.32050807568877 -10 4
      vertex 18.477590650225736 -7.653668647301796 4
      vertex 18.477590650225736 -7.653668647301796 26
    endloop
  endfacet
  facet normal 0.9469301294951057 -0.3214394653031613 -1.6561018820897073e-19
    outer loop
      vertex 18.477590650225736 -7.653668647301796 4
      vertex 19.318516525781366 -5.176380902050415 4
      vertex 19.318516525781366 -5.176380902050415 26
    endloop
  endfacet
  facet normal 0.9807852804032304 -0.1950903220161282 -9.501231558631195e-19
    outer loop
      vertex 19.318516525781366 -5.176380902050415 4
      vertex 19.828897227476208 -2.6105238444010315 4
      vertex 19.828897227476208 -2.6105238444010315 26
    endloop
  endfacet
  facet normal 0.9978589232386035 -0.06540312923014312 -3.608653559355119e-19
    outer loop
      vertex 19.828897227476208 -2.6105238444010315 4
      vertex 20 0 4
      vertex 20 0 26
    endloop
  endfacet
  facet normal 0.06540312923014312 -0.9978589232386035 0
    outer loop
      vertex 0 -20 4
      vertex 2.6105238444010315 -19.828897227476208 26
      vertex 0 -20 26
    endloop
  endfacet
  facet normal 0.1950903220161282 -0.9807852804032304 0
    outer loop
      vertex 2.6105238444010315 -19.828897227476208 4
      vertex 5.176380902050415 -19.318516525781366 26
      vertex 2.6105238444010315 -19.828897227476208 26
    endloop
  endfacet
  facet normal 0.3214394653031613 -0.9469301294951057 0
    outer loop
      vertex 5.176380902050415 -19.318516525781366 4
      vertex 7.653668647301796 -18.477590650225736 26
      vertex 5.176380902050415 -19.318516525781366 26
    endloop
  endfacet
  facet normal 0.4422886902190021 -0.8968727415326879 0
    outer loop
      vertex 7.653668647301796 -18.477590650225736 4
      vertex 10 -17.32050807568877 26
      vertex 7.653668647301796 -18.477590650225736 26
    endloop
  endfacet
  facet normal 0.5555702330196021 -0.8314696123025452 0
    outer loop
      vertex 10 -17.32050807568877 4
      vertex 12.175228580174412 -15.867066805824702 26
      vertex 10 -17.32050807568877 26
    endloop
  endfacet
  facet normal 0.6593458151000684 -0.7518398074789778 0
    outer loop
      vertex 12.175228580174412 -15.867066805824702 4
      vertex 14.142135623730951 -14.142135623730951 26
      vertex 12.175228580174412 -15.867066805824702 26
    endloop
  endfacet
  facet normal 0.7518398074789778 -0.6593458151000684 0
    outer loop
      vertex 14.142135623730951 -14.142135623730951 4
      vertex 15.867066805824702 -12.175228580174412 26
      vertex 14.142135623730951 -14.142135623730951 26
    endloop
  endfacet
  facet normal 0.8314696123025452 -0.5555702330196021 0
    outer loop
      vertex 15.867066805824702 -12.175228580174412 4
      vertex 17.32050807568877 -10 26
      vertex 15.867066805824702 -12.175228580174412 26
    endloop
  endfacet
  facet normal 0.8968727415326879 -0.4422886902190021 0
    outer loop
      vertex 17.32050807568877 -10 4
      vertex 18.477590650225736 -7.653668647301796 26
      vertex 17.32050807568877 -10 26
    endloop
  endfacet
  facet normal 0.9469301294951057 -0.3214394653031613 0
    outer loop
      vertex 18.477590650225736 -7.653668647301796 4
      vertex 19.318516525781366 -5.176380902050415 26
      vertex 18.477590650225736 -7.653668647301796 26
    endloop
  endfacet
  facet normal 0.9807852804032304 -0.1950903220161282 0
    outer loop
      vertex 19.318516525781366 -5.176380902050415 4
      vertex 19.828897227476208 -2.6105238444010315 26
      vertex 19.318516525781366 -5.176380902050415 26
    endloop
  endfacet
  facet normal 0.9978589232386035 -0.06540312923014312 0
    outer loop
      vertex 19.828897227476208 -2.6105238444010315 4
      vertex 20 0 26
      vertex 19.828897227476208 -2.6105238444010315 26
    endloop
  endfacet
  facet normal 0 0 1
    outer loop
      vertex 0 -20 26
      vertex 2.6105238444010315 -19.828897227476208 26
      vertex 0 -4.1 26
    endloop
  endfacet
  facet normal 0 0 1
    outer loop
      vertex 2.6105238444010315 -19.828897227476208 26
      vertex 5.176380902050415 -19.318516525781366 26
      vertex 2.4959218589357546 -3.252748695194064 26
    endloop
  endfacet
  facet normal 0 0 1
    outer loop
      vertex 2.6105238444010315 -19.828897227476208 26
      vertex 0.5351573881022114 -4.064923931632622 26
      vertex 0 -4.1 26
    endloop
  endfacet
  facet normal 0 0 1
    outer loop
      vertex 2.6105238444010315 -19.828897227476208 26
      vertex 1.061158084920335 -3.96029588778518 26
      vertex 0.5351573881022114 -4.064923931632622 26
    endloop
  endfacet
  facet normal 0 0 1
    outer loop
      vertex 2.6105238444010315 -19.828897227476208 26
      vertex 1.5690020726968679 -3.787906083296275 26
      vertex 1.061158084920335 -3.96029588778518 26
    endloop
  endfacet
  facet normal 0 0 1
    outer loop
      vertex 2.6105238444010315 -19.828897227476208 26
      vertex 2.05 -3.550704155516198 26
      vertex 1.5690020726968679 -3.787906083296275 26
    endloop
  endfacet
  facet normal 0 0 1
    outer loop
      vertex 2.6105238444010315 -19.828897227476208 26
      vertex 2.4959218589357546 -3.252748695194064 26
      vertex 2.05 -3.550704155516198 26
    endloop
  endfacet
  facet normal 0 0 1
    outer loop
      vertex 5.176380902050415 -19.318516525781366 26
      vertex 2.899137802864845 -2.899137802864845 26
      vertex 2.4959218589357546 -3.252748695194064 26
    endloop
  endfacet
  facet normal 0 0 1
    outer loop
      vertex 5.176380902050415 -19.318516525781366 26
      vertex 3.252748695194064 -2.4959218589357546 26
      vertex 2.899137802864845 -2.899137802864845 26
    endloop
  endfacet
  facet normal 0 0 1
    outer loop
      vertex 5.176380902050415 -19.318516525781366 26
      vertex 3.550704155516198 -2.05 26
      vertex 3.252748695194064 -2.4959218589357546 26
    endloop
  endfacet
  facet normal 0 0 1
    outer loop
      vertex 5.176380902050415 -19.318516525781366 26
      vertex 3.787906083296275 -1.5690020726968679 26
      vertex 3.550704155516198 -2.05 26
    endloop
  endfacet
  facet normal 0 0 1
    outer loop
      vertex 5.176380902050415 -19.318516525781366 26
      vertex 3.96029588778518 -1.061158084920335 26
      vertex 3.787906083296275 -1.5690020726968679 26
    endloop
  endfacet
  facet normal 0 0 1
    outer loop
      vertex 5.176380902050415 -19.318516525781366 26
      vertex 4.064923931632622 -0.5351573881022114 26
      vertex 3.96029588778518 -1.061158084920335 26
    endloop
  endfacet
  facet normal 0 0 1
    outer loop
      vertex 5.176380902050415 -19.318516525781366 26
      vertex 4.1 0 26
      vertex 4.064923931632622 -0.5351573881022114 26
    endloop
  endfacet
  facet normal 0 0 1
    outer loop
      vertex 5.176380902050415 -19.318516525781366 26
      vertex 7.653668647301796 -18.477590650225736 26
      vertex 5.176380902050415 19.318516525781366 26
    endloop
  endfacet
  facet normal 0 0 1
    outer loop
      vertex 7.653668647301796 -18.477590650225736 26
      vertex 10 -17.32050807568877 26
      vertex 7.653668647301796 18.477590650225736 26
    endloop
  endfacet
  facet normal 0 0 1
    outer loop
      vertex 10 -17.32050807568877 26
      vertex 12.175228580174412 -15.867066805824702 26
      vertex 10 17.32050807568877 26
    endloop
  endfacet
  facet normal 0 0 1
    outer loop
      vertex 12.175228580174412 -15.867066805824702 26
      vertex 14.142135623730951 -14.142135623730951 26
      vertex 12.175228580174412 15.867066805824702 26
    endloop
  endfacet
  facet normal 0 0 1
    outer loop
      vertex 14.142135623730951 -14.142135623730951 26
      vertex 15.867066805824702 -12.175228580174412 26
      vertex 14.142135623730951 14.142135623730951 26
    endloop
  endfacet
  facet normal 0 0 1
    outer loop
      vertex 15.867066805824702 -12.175228580174412 26
      vertex 17.32050807568877 -10 26
      vertex 15.867066805824702 12.175228580174412 26
    endloop
  endfacet
  facet normal 0 0 1
    outer loop
      vertex 17.32050807568877 -10 26
      vertex 18.477590650225736 -7.653668647301796 26
      vertex 17.32050807568877 10 26
    endloop
  endfacet
  facet normal 0 0 1
    outer loop
      vertex 18.477590650225736 -7.653668647301796 26
      vertex 19.318516525781366 -5.176380902050415 26
      vertex 18.477590650225736 7.653668647301796 26
    endloop
  endfacet
  facet normal 0 0 1
    outer loop
      vertex 19.318516525781366 -5.176380902050415 26
      vertex 19.828897227476208 -2.6105238444010315 26
      vertex 19.318516525781366 5.176380902050415 26
    endloop
  endfacet
  facet normal 0.5555702330196021 0.8314696123025452 0
    outer loop
      vertex 10 17.32050807568877 4
      vertex 10 17.32050807568877 26
      vertex 12.175228580174412 15.867066805824702 4
    endloop
  endfacet
  facet normal 0.9978589232386035 0.06540312923014312 3.608653559355119e-19
    outer loop
      vertex 20 0 4
      vertex 19.828897227476208 2.6105238444010315 4
      vertex 19.828897227476208 2.6105238444010315 26
    endloop
  endfacet
  facet normal 0.9807852804032304 0.1950903220161282 9.501231558631195e-19
    outer loop
      vertex 19.828897227476208 2.6105238444010315 4
      vertex 19.318516525781366 5.176380902050415 4
      vertex 19.318516525781366 5.176380902050415 26
    endloop
  endfacet
  facet normal 0.9469301294951057 0.3214394653031613 0
    outer loop
      vertex 18.477590650225736 7.653668647301796 4
      vertex 18.477590650225736 7.653668647301796 26
      vertex 19.318516525781366 5.176380902050415 4
    endloop
  endfacet
  facet normal 0.8968727415326879 0.4422886902190021 -3.3901464454974435e-18
    outer loop
      vertex 18.477590650225736 7.653668647301796 4
      vertex 17.32050807568877 10 4
      vertex 17.32050807568877 10 26
    endloop
  endfacet
  facet normal 0.8314696123025452 0.5555702330196021 2.25304468646439e-19
    outer loop
      vertex 17.32050807568877 10 4
      vertex 15.867066805824702 12.175228580174412 4
      vertex 15.867066805824702 12.175228580174412 26
    endloop
  endfacet
  facet normal 0.6593458151000684 0.7518398074789778 0
    outer loop
      vertex 12.175228580174412 15.867066805824702 4
      vertex 12.175228580174412 15.867066805824702 26
      vertex 14.142135623730951 14.142135623730951 4
    endloop
  endfacet
  facet normal 0.7518398074789778 0.6593458151000684 3.2711282969572573e-18
    outer loop
      vertex 15.867066805824702 12.175228580174412 4
      vertex 14.142135623730951 14.142135623730951 4
      vertex 14.142135623730951 14.142135623730951 26
    endloop
  endfacet
  facet normal 0.06540312923014312 0.9978589232386035 0
    outer loop
      vertex 0 20 4
      vertex 0 20 26
      vertex 2.6105238444010315 19.828897227476208 4
    endloop
  endfacet
  facet normal 0.1950903220161282 0.9807852804032304 0
    outer loop
      vertex 2.6105238444010315 19.828897227476208 4
      vertex 2.6105238444010315 19.828897227476208 26
      vertex 5.176380902050415 19.318516525781366 4
    endloop
  endfacet
  facet normal 0.3214394653031613 0.9469301294951057 0
    outer loop
      vertex 5.176380902050415 19.318516525781366 4
      vertex 5.176380902050415 19.318516525781366 26
      vertex 7.653668647301796 18.477590650225736 4
    endloop
  endfacet
  facet normal 0.4422886902190021 0.8968727415326879 -3.3901464454974435e-18
    outer loop
      vertex 10 17.32050807568877 4
      vertex 7.653668647301796 18.477590650225736 4
      vertex 7.653668647301796 18.477590650225736 26
    endloop
  endfacet
  facet normal 0.5555702330196021 0.8314696123025452 0
    outer loop
      vertex 12.175228580174412 15.867066805824702 4
      vertex 10 17.32050807568877 26
      vertex 12.175228580174412 15.867066805824702 26
    endloop
  endfacet
  facet normal 0.8968727415326879 0.4422886902190021 0
    outer loop
      vertex 18.477590650225736 7.653668647301796 4
      vertex 17.32050807568877 10 26
      vertex 18.477590650225736 7.653668647301796 26
    endloop
  endfacet
  facet normal 0.9978589232386035 0.06540312923014312 0
    outer loop
      vertex 20 0 4
      vertex 19.828897227476208 2.6105238444010315 26
      vertex 20 0 26
    endloop
  endfacet
  facet normal 0.9807852804032304 0.1950903220161282 0
    outer loop
      vertex 19.828897227476208 2.6105238444010315 4
      vertex 19.318516525781366 5.176380902050415 26
      vertex 19.828897227476208 2.6105238444010315 26
    endloop
  endfacet
  facet normal 0.9469301294951057 0.3214394653031613 0
    outer loop
      vertex 19.318516525781366 5.176380902050415 4
      vertex 18.477590650225736 7.653668647301796 26
      vertex 19.318516525781366 5.176380902050415 26
    endloop
  endfacet
  facet normal 0.7518398074789778 0.6593458151000684 0
    outer loop
      vertex 15.867066805824702 12.175228580174412 4
      vertex 14.142135623730951 14.142135623730951 26
      vertex 15.867066805824702 12.175228580174412 26
    endloop
  endfacet
  facet normal 0.8314696123025452 0.5555702330196021 0
    outer loop
      vertex 17.32050807568877 10 4
      vertex 15.867066805824702 12.175228580174412 26
      vertex 17.32050807568877 10 26
    endloop
  endfacet
  facet normal 0.6593458151000684 0.7518398074789778 0
    outer loop
      vertex 14.142135623730951 14.142135623730951 4
      vertex 12.175228580174412 15.867066805824702 26
      vertex 14.142135623730951 14.142135623730951 26
    endloop
  endfacet
  facet normal 0 0 1
    outer loop
      vertex 5.176380902050415 -19.318516525781366 26
      vertex 5.176380902050415 19.318516525781366 26
      vertex 4.1 0 26
    endloop
  endfacet
  facet normal 0 0 1
    outer loop
      vertex 2.6105238444010315 19.828897227476208 26
      vertex 2.4959218589357546 3.252748695194064 26
      vertex 2.899137802864845 2.899137802864845 26
    endloop
  endfacet
  facet normal 0 0 1
    outer loop
      vertex 2.6105238444010315 19.828897227476208 26
      vertex 2.899137802864845 2.899137802864845 26
      vertex 3.252748695194064 2.4959218589357546 26
    endloop
  endfacet
  facet normal 0 0 1
    outer loop
      vertex 2.6105238444010315 19.828897227476208 26
      vertex 3.787906083296275 1.5690020726968679 26
      vertex 3.96029588778518 1.061158084920335 26
    endloop
  endfacet
  facet normal 0 0 1
    outer loop
      vertex 5.176380902050415 19.318516525781366 26
      vertex 4.064923931632622 0.5351573881022114 26
      vertex 4.1 0 26
    endloop
  endfacet
  facet normal 0 0 1
    outer loop
      vertex 5.176380902050415 19.318516525781366 26
      vertex 3.96029588778518 1.061158084920335 26
      vertex 4.064923931632622 0.5351573881022114 26
    endloop
  endfacet
  facet normal 0 0 1
    outer loop
      vertex 2.6105238444010315 19.828897227476208 26
      vertex 3.550704155516198 2.05 26
      vertex 3.787906083296275 1.5690020726968679 26
    endloop
  endfacet
  facet normal 0 0 1
    outer loop
      vertex 2.6105238444010315 19.828897227476208 26
      vertex 3.252748695194064 2.4959218589357546 26
      vertex 3.550704155516198 2.05 26
    endloop
  endfacet
  facet normal 0 0 1
    outer loop
      vertex 7.653668647301796 -18.477590650225736 26
      vertex 7.653668647301796 18.477590650225736 26
      vertex 5.176380902050415 19.318516525781366 26
    endloop
  endfacet
  facet normal 0 0 1
    outer loop
      vertex 10 -17.32050807568877 26
      vertex 10 17.32050807568877 26
      vertex 7.653668647301796 18.477590650225736 26
    endloop
  endfacet
  facet normal 0 0 1
    outer loop
      vertex 12.175228580174412 -15.867066805824702 26
      vertex 12.175228580174412 15.867066805824702 26
      vertex 10 17.32050807568877 26
    endloop
  endfacet
  facet normal 0 0 1
    outer loop
      vertex 0 20 26
      vertex 0 4.1 26
      vertex 0.5351573881022114 4.064923931632622 26
    endloop
  endfacet
  facet normal 0 0 1
    outer loop
      vertex 0 20 26
      vertex 0.5351573881022114 4.064923931632622 26
      vertex 1.061158084920335 3.96029588778518 26
    endloop
  endfacet
  facet normal 0 0 1
    outer loop
      vertex 2.6105238444010315 19.828897227476208 26
      vertex 1.061158084920335 3.96029588778518 26
      vertex 1.5690020726968679 3.787906083296275 26
    endloop
  endfacet
  facet normal 0 0 1
    outer loop
      vertex 2.6105238444010315 19.828897227476208 26
      vertex 1.5690020726968679 3.787906083296275 26
      vertex 2.05 3.550704155516198 26
    endloop
  endfacet
  facet normal 0 0 1
    outer loop
      vertex 2.6105238444010315 19.828897227476208 26
      vertex 2.05 3.550704155516198 26
      vertex 2.4959218589357546 3.252748695194064 26
    endloop
  endfacet
  facet normal 0 0 1
    outer loop
      vertex 0 20 26
      vertex 1.061158084920335 3.96029588778518 26
      vertex 2.6105238444010315 19.828897227476208 26
    endloop
  endfacet
  facet normal 0 0 1
    outer loop
      vertex 2.6105238444010315 19.828897227476208 26
      vertex 3.96029588778518 1.061158084920335 26
      vertex 5.176380902050415 19.318516525781366 26
    endloop
  endfacet
  facet normal 0 0 1
    outer loop
      vertex 17.32050807568877 -10 26
      vertex 17.32050807568877 10 26
      vertex 15.867066805824702 12.175228580174412 26
    endloop
  endfacet
  facet normal 0 0 1
    outer loop
      vertex 18.477590650225736 -7.653668647301796 26
      vertex 18.477590650225736 7.653668647301796 26
      vertex 17.32050807568877 10 26
    endloop
  endfacet
  facet normal 0 0 1
    outer loop
      vertex 14.142135623730951 -14.142135623730951 26
      vertex 14.142135623730951 14.142135623730951 26
      vertex 12.175228580174412 15.867066805824702 26
    endloop
  endfacet
  facet normal 0 0 1
    outer loop
      vertex 15.867066805824702 -12.175228580174412 26
      vertex 15.867066805824702 12.175228580174412 26
      vertex 14.142135623730951 14.142135623730951 26
    endloop
  endfacet
  facet normal 0 0 1
    outer loop
      vertex 19.828897227476208 -2.6105238444010315 26
      vertex 20 0 26
      vertex 19.828897227476208 2.6105238444010315 26
    endloop
  endfacet
  facet normal 0 0 1
    outer loop
      vertex 19.828897227476208 -2.6105238444010315 26
      vertex 19.828897227476208 2.6105238444010315 26
      vertex 19.318516525781366 5.176380902050415 26
    endloop
  endfacet
  facet normal 0 0 1
    outer loop
      vertex 19.318516525781366 -5.176380902050415 26
      vertex 19.318516525781366 5.176380902050415 26
      vertex 18.477590650225736 7.653668647301796 26
    endloop
  endfacet
  facet normal 0.06540312923014312 0.9978589232386035 0
    outer loop
      vertex 2.6105238444010315 19.828897227476208 4
      vertex 0 20 26
      vertex 2.6105238444010315 19.828897227476208 26
    endloop
  endfacet
  facet normal 0.1950903220161282 0.9807852804032304 0
    outer loop
      vertex 5.176380902050415 19.318516525781366 4
      vertex 2.6105238444010315 19.828897227476208 26
      vertex 5.176380902050415 19.318516525781366 26
    endloop
  endfacet
  facet normal 0.3214394653031613 0.9469301294951057 0
    outer loop
      vertex 7.653668647301796 18.477590650225736 4
      vertex 5.176380902050415 19.318516525781366 26
      vertex 7.653668647301796 18.477590650225736 26
    endloop
  endfacet
  facet normal 0.4422886902190021 0.8968727415326879 0
    outer loop
      vertex 10 17.32050807568877 4
      vertex 7.653668647301796 18.477590650225736 26
      vertex 10 17.32050807568877 26
    endloop
  endfacet
  facet normal 0.6593458151000616 0.7518398074789837 -1.1883657749525461e-19
    outer loop
      vertex -36.034894429314825 -26.3487006784951 0
      vertex -36.20208152801713 -26.202081528017132 0
      vertex -36.20208152801713 -26.202081528017132 4
    endloop
  endfacet
  facet normal 0.5555702330196043 0.8314696123025439 0
    outer loop
      vertex -36.034894429314825 -26.3487006784951 4
      vertex -35.85 -26.472243186433545 0
      vertex -36.034894429314825 -26.3487006784951 0
    endloop
  endfacet
  facet normal 0.32143946530316087 0.9469301294951059 0
    outer loop
      vertex -35.65056183502065 -26.570595205269186 4
      vertex -35.43999237667428 -26.642073904691415 0
      vertex -35.65056183502065 -26.570595205269186 0
    endloop
  endfacet
  facet normal 0.44228869021899636 0.8968727415326907 0
    outer loop
      vertex -35.85 -26.472243186433545 4
      vertex -35.65056183502065 -26.570595205269186 0
      vertex -35.85 -26.472243186433545 0
    endloop
  endfacet
  facet normal 0.19509032201613608 0.9807852804032289 0
    outer loop
      vertex -35.43999237667428 -26.642073904691415 4
      vertex -35.221894526774086 -26.68545626433548 0
      vertex -35.43999237667428 -26.642073904691415 0
    endloop
  endfacet
  facet normal 0.06540312923013786 0.9978589232386039 0
    outer loop
      vertex -35.221894526774086 -26.68545626433548 4
      vertex -35 -26.7 0
      vertex -35.221894526774086 -26.68545626433548 0
    endloop
  endfacet
  facet normal -0.06540312923013786 0.9978589232386039 0
    outer loop
      vertex -35 -26.7 4
      vertex -34.778105473225914 -26.68545626433548 0
      vertex -35 -26.7 0
    endloop
  endfacet
  facet normal -0.19509032201613608 0.9807852804032289 0
    outer loop
      vertex -34.778105473225914 -26.68545626433548 4
      vertex -34.56000762332572 -26.642073904691415 0
      vertex -34.778105473225914 -26.68545626433548 0
    endloop
  endfacet
  facet normal -0.32143946530316087 0.9469301294951059 0
    outer loop
      vertex -34.56000762332572 -26.642073904691415 4
      vertex -34.34943816497935 -26.570595205269186 0
      vertex -34.56000762332572 -26.642073904691415 0
    endloop
  endfacet
  facet normal -0.44228869021899636 0.8968727415326907 0
    outer loop
      vertex -34.34943816497935 -26.570595205269186 4
      vertex -34.15 -26.472243186433545 0
      vertex -34.34943816497935 -26.570595205269186 0
    endloop
  endfacet
  facet normal -0.5555702330196043 0.8314696123025439 0
    outer loop
      vertex -34.15 -26.472243186433545 4
      vertex -33.965105570685175 -26.3487006784951 0
      vertex -34.15 -26.472243186433545 0
    endloop
  endfacet
  facet normal -0.6593458151000616 0.7518398074789837 0
    outer loop
      vertex -33.965105570685175 -26.3487006784951 4
      vertex -33.79791847198287 -26.202081528017132 0
      vertex -33.965105570685175 -26.3487006784951 0
    endloop
  endfacet
  facet normal 0.6593458151000616 0.7518398074789837 0
    outer loop
      vertex -36.034894429314825 -26.3487006784951 4
      vertex -36.034894429314825 -26.3487006784951 0
      vertex -36.20208152801713 -26.202081528017132 4
    endloop
  endfacet
  facet normal 0.44228869021899636 0.8968727415326907 0
    outer loop
      vertex -35.65056183502065 -26.570595205269186 4
      vertex -35.65056183502065 -26.570595205269186 0
      vertex -35.85 -26.472243186433545 4
    endloop
  endfacet
  facet normal 0.5555702330196043 0.8314696123025439 0
    outer loop
      vertex -35.85 -26.472243186433545 4
      vertex -35.85 -26.472243186433545 0
      vertex -36.034894429314825 -26.3487006784951 4
    endloop
  endfacet
  facet normal 0.32143946530316087 0.9469301294951059 0
    outer loop
      vertex -35.43999237667428 -26.642073904691415 4
      vertex -35.43999237667428 -26.642073904691415 0
      vertex -35.65056183502065 -26.570595205269186 4
    endloop
  endfacet
  facet normal 0.19509032201613608 0.9807852804032289 0
    outer loop
      vertex -35.221894526774086 -26.68545626433548 4
      vertex -35.221894526774086 -26.68545626433548 0
      vertex -35.43999237667428 -26.642073904691415 4
    endloop
  endfacet
  facet normal 0.06540312923013786 0.9978589232386039 0
    outer loop
      vertex -35 -26.7 4
      vertex -35 -26.7 0
      vertex -35.221894526774086 -26.68545626433548 4
    endloop
  endfacet
  facet normal -0.06540312923013786 0.9978589232386039 0
    outer loop
      vertex -34.778105473225914 -26.68545626433548 4
      vertex -34.778105473225914 -26.68545626433548 0
      vertex -35 -26.7 4
    endloop
  endfacet
  facet normal -0.19509032201613608 0.9807852804032289 0
    outer loop
      vertex -34.56000762332572 -26.642073904691415 4
      vertex -34.56000762332572 -26.642073904691415 0
      vertex -34.778105473225914 -26.68545626433548 4
    endloop
  endfacet
  facet normal -0.32143946530316087 0.9469301294951059 0
    outer loop
      vertex -34.34943816497935 -26.570595205269186 4
      vertex -34.34943816497935 -26.570595205269186 0
      vertex -34.56000762332572 -26.642073904691415 4
    endloop
  endfacet
  facet normal -0.44228869021899636 0.8968727415326907 0
    outer loop
      vertex -34.15 -26.472243186433545 4
      vertex -34.15 -26.472243186433545 0
      vertex -34.34943816497935 -26.570595205269186 4
    endloop
  endfacet
  facet normal -0.5555702330196043 0.8314696123025439 0
    outer loop
      vertex -33.965105570685175 -26.3487006784951 4
      vertex -33.965105570685175 -26.3487006784951 0
      vertex -34.15 -26.472243186433545 4
    endloop
  endfacet
  facet normal -0.6593458151000616 0.7518398074789837 0
    outer loop
      vertex -33.79791847198287 -26.202081528017132 4
      vertex -33.79791847198287 -26.202081528017132 0
      vertex -33.965105570685175 -26.3487006784951 4
    endloop
  endfacet
  facet normal 0.8968727415326907 0.44228869021899636 0
    outer loop
      vertex -36.570595205269186 -25.650561835020653 4
      vertex -36.472243186433545 -25.85 0
      vertex -36.570595205269186 -25.650561835020653 0
    endloop
  endfacet
  facet normal 0.8314696123025439 0.5555702330196043 0
    outer loop
      vertex -36.472243186433545 -25.85 4
      vertex -36.3487006784951 -26.034894429314825 0
      vertex -36.472243186433545 -25.85 0
    endloop
  endfacet
  facet normal 0.7518398074789837 0.6593458151000616 0
    outer loop
      vertex -36.3487006784951 -26.034894429314825 4
      vertex -36.20208152801713 -26.202081528017132 0
      vertex -36.3487006784951 -26.034894429314825 0
    endloop
  endfacet
  facet normal 0.9469301294951042 0.3214394653031657 -2.7149823721989433e-19
    outer loop
      vertex -36.570595205269186 -25.650561835020653 0
      vertex -36.642073904691415 -25.439992376674287 0
      vertex -36.642073904691415 -25.439992376674287 4
    endloop
  endfacet
  facet normal 0.9807852804032295 0.19509032201613302 0
    outer loop
      vertex -36.68545626433548 -25.221894526774086 4
      vertex -36.642073904691415 -25.439992376674287 0
      vertex -36.68545626433548 -25.221894526774086 0
    endloop
  endfacet
  facet normal 0.9978589232386029 0.06540312923015378 0
    outer loop
      vertex -36.7 -25 4
      vertex -36.68545626433548 -25.221894526774086 0
      vertex -36.7 -25 0
    endloop
  endfacet
  facet normal 0.9978589232386029 -0.06540312923015378 0
    outer loop
      vertex -36.68545626433548 -24.778105473225914 4
      vertex -36.7 -25 0
      vertex -36.68545626433548 -24.778105473225914 0
    endloop
  endfacet
  facet normal 0.9807852804032295 -0.19509032201613302 0
    outer loop
      vertex -36.642073904691415 -24.560007623325713 4
      vertex -36.68545626433548 -24.778105473225914 0
      vertex -36.642073904691415 -24.560007623325713 0
    endloop
  endfacet
  facet normal 0.9469301294951042 -0.3214394653031657 0
    outer loop
      vertex -36.570595205269186 -24.349438164979347 4
      vertex -36.642073904691415 -24.560007623325713 0
      vertex -36.570595205269186 -24.349438164979347 0
    endloop
  endfacet
  facet normal 0.8968727415326907 -0.44228869021899636 0
    outer loop
      vertex -36.472243186433545 -24.15 4
      vertex -36.570595205269186 -24.349438164979347 0
      vertex -36.472243186433545 -24.15 0
    endloop
  endfacet
  facet normal 0.8314696123025439 -0.5555702330196043 0
    outer loop
      vertex -36.3487006784951 -23.965105570685175 4
      vertex -36.472243186433545 -24.15 0
      vertex -36.3487006784951 -23.965105570685175 0
    endloop
  endfacet
  facet normal 0.7518398074789837 -0.6593458151000616 0
    outer loop
      vertex -36.20208152801713 -23.797918471982868 4
      vertex -36.3487006784951 -23.965105570685175 0
      vertex -36.20208152801713 -23.797918471982868 0
    endloop
  endfacet
  facet normal 0.6593458151000616 -0.7518398074789837 0
    outer loop
      vertex -36.034894429314825 -23.6512993215049 4
      vertex -36.20208152801713 -23.797918471982868 0
      vertex -36.034894429314825 -23.6512993215049 0
    endloop
  endfacet
  facet normal 0.5555702330196043 -0.8314696123025439 0
    outer loop
      vertex -35.85 -23.527756813566455 4
      vertex -36.034894429314825 -23.6512993215049 0
      vertex -35.85 -23.527756813566455 0
    endloop
  endfacet
  facet normal 0.44228869021899636 -0.8968727415326907 0
    outer loop
      vertex -35.65056183502065 -23.429404794730814 4
      vertex -35.85 -23.527756813566455 0
      vertex -35.65056183502065 -23.429404794730814 0
    endloop
  endfacet
  facet normal 0.32143946530316087 -0.9469301294951059 0
    outer loop
      vertex -35.43999237667428 -23.357926095308585 4
      vertex -35.65056183502065 -23.429404794730814 0
      vertex -35.43999237667428 -23.357926095308585 0
    endloop
  endfacet
  facet normal 0.19509032201613608 -0.9807852804032289 0
    outer loop
      vertex -35.221894526774086 -23.31454373566452 4
      vertex -35.43999237667428 -23.357926095308585 0
      vertex -35.221894526774086 -23.31454373566452 0
    endloop
  endfacet
  facet normal 0.06540312923013786 -0.9978589232386039 0
    outer loop
      vertex -35 -23.3 4
      vertex -35.221894526774086 -23.31454373566452 0
      vertex -35 -23.3 0
    endloop
  endfacet
  facet normal -0.06540312923013786 -0.9978589232386039 0
    outer loop
      vertex -34.778105473225914 -23.31454373566452 4
      vertex -35 -23.3 0
      vertex -34.778105473225914 -23.31454373566452 0
    endloop
  endfacet
  facet normal -0.19509032201613608 -0.9807852804032289 0
    outer loop
      vertex -34.56000762332572 -23.357926095308585 4
      vertex -34.778105473225914 -23.31454373566452 0
      vertex -34.56000762332572 -23.357926095308585 0
    endloop
  endfacet
  facet normal -0.32143946530316087 -0.9469301294951059 0
    outer loop
      vertex -34.34943816497935 -23.429404794730814 4
      vertex -34.56000762332572 -23.357926095308585 0
      vertex -34.34943816497935 -23.429404794730814 0
    endloop
  endfacet
  facet normal -0.7518398074789837 0.6593458151000616 0
    outer loop
      vertex -33.79791847198287 -26.202081528017132 0
      vertex -33.79791847198287 -26.202081528017132 4
      vertex -33.6512993215049 -26.034894429314825 0
    endloop
  endfacet
  facet normal -0.8314696123025439 0.5555702330196043 0
    outer loop
      vertex -33.6512993215049 -26.034894429314825 4
      vertex -33.527756813566455 -25.85 0
      vertex -33.6512993215049 -26.034894429314825 0
    endloop
  endfacet
  facet normal -0.8968727415326907 0.44228869021899636 0
    outer loop
      vertex -33.527756813566455 -25.85 4
      vertex -33.429404794730814 -25.650561835020653 0
      vertex -33.527756813566455 -25.85 0
    endloop
  endfacet
  facet normal -0.9469301294951042 0.3214394653031657 0
    outer loop
      vertex -33.429404794730814 -25.650561835020653 4
      vertex -33.357926095308585 -25.439992376674287 0
      vertex -33.429404794730814 -25.650561835020653 0
    endloop
  endfacet
  facet normal -0.9807852804032295 0.19509032201613302 0
    outer loop
      vertex -33.357926095308585 -25.439992376674287 4
      vertex -33.31454373566452 -25.221894526774086 0
      vertex -33.357926095308585 -25.439992376674287 0
    endloop
  endfacet
  facet normal -0.9978589232386029 0.06540312923015378 0
    outer loop
      vertex -33.31454373566452 -25.221894526774086 4
      vertex -33.3 -25 0
      vertex -33.31454373566452 -25.221894526774086 0
    endloop
  endfacet
  facet normal -0.9978589232386029 -0.06540312923015378 0
    outer loop
      vertex -33.3 -25 4
      vertex -33.31454373566452 -24.778105473225914 0
      vertex -33.3 -25 0
    endloop
  endfacet
  facet normal -0.9807852804032295 -0.19509032201613302 0
    outer loop
      vertex -33.31454373566452 -24.778105473225914 4
      vertex -33.357926095308585 -24.560007623325713 0
      vertex -33.31454373566452 -24.778105473225914 0
    endloop
  endfacet
  facet normal -0.9469301294951042 -0.3214394653031657 0
    outer loop
      vertex -33.357926095308585 -24.560007623325713 4
      vertex -33.429404794730814 -24.349438164979347 0
      vertex -33.357926095308585 -24.560007623325713 0
    endloop
  endfacet
  facet normal -0.8968727415326907 -0.44228869021899636 0
    outer loop
      vertex -33.429404794730814 -24.349438164979347 4
      vertex -33.527756813566455 -24.15 0
      vertex -33.429404794730814 -24.349438164979347 0
    endloop
  endfacet
  facet normal -0.8314696123025439 -0.5555702330196043 0
    outer loop
      vertex -33.527756813566455 -24.15 4
      vertex -33.6512993215049 -23.965105570685175 0
      vertex -33.527756813566455 -24.15 0
    endloop
  endfacet
  facet normal -0.5555702330196043 -0.8314696123025439 0
    outer loop
      vertex -33.965105570685175 -23.6512993215049 4
      vertex -34.15 -23.527756813566455 0
      vertex -33.965105570685175 -23.6512993215049 0
    endloop
  endfacet
  facet normal -0.7518398074789837 -0.6593458151000616 0
    outer loop
      vertex -33.6512993215049 -23.965105570685175 4
      vertex -33.79791847198287 -23.797918471982868 0
      vertex -33.6512993215049 -23.965105570685175 0
    endloop
  endfacet
  facet normal -0.6593458151000616 -0.7518398074789837 -1.1883657749525461e-19
    outer loop
      vertex -33.965105570685175 -23.6512993215049 0
      vertex -33.79791847198287 -23.797918471982868 0
      vertex -33.79791847198287 -23.797918471982868 4
    endloop
  endfacet
  facet normal -0.44228869021899636 -0.8968727415326907 0
    outer loop
      vertex -34.15 -23.527756813566455 4
      vertex -34.34943816497935 -23.429404794730814 0
      vertex -34.15 -23.527756813566455 0
    endloop
  endfacet
  facet normal 0.8314696123025439 0.5555702330196043 -1.152281760253698e-18
    outer loop
      vertex -36.472243186433545 -25.85 4
      vertex -36.3487006784951 -26.034894429314825 4
      vertex -36.3487006784951 -26.034894429314825 0
    endloop
  endfacet
  facet normal 0.8968727415326907 0.44228869021899636 1.0624494345134896e-18
    outer loop
      vertex -36.570595205269186 -25.650561835020653 4
      vertex -36.472243186433545 -25.85 4
      vertex -36.472243186433545 -25.85 0
    endloop
  endfacet
  facet normal 0.7518398074789837 0.6593458151000616 -1.1883657749525461e-19
    outer loop
      vertex -36.3487006784951 -26.034894429314825 4
      vertex -36.20208152801713 -26.202081528017132 4
      vertex -36.20208152801713 -26.202081528017132 0
    endloop
  endfacet
  facet normal 0.9469301294951042 0.3214394653031657 -2.7149823721989433e-19
    outer loop
      vertex -36.642073904691415 -25.439992376674287 4
      vertex -36.570595205269186 -25.650561835020653 4
      vertex -36.570595205269186 -25.650561835020653 0
    endloop
  endfacet
  facet normal 0.9807852804032295 0.19509032201613302 3.7877385052130335e-19
    outer loop
      vertex -36.68545626433548 -25.221894526774086 4
      vertex -36.642073904691415 -25.439992376674287 4
      vertex -36.642073904691415 -25.439992376674287 0
    endloop
  endfacet
  facet normal 0.9978589232386029 0.06540312923015378 -1.84926063714387e-19
    outer loop
      vertex -36.7 -25 4
      vertex -36.68545626433548 -25.221894526774086 4
      vertex -36.68545626433548 -25.221894526774086 0
    endloop
  endfacet
  facet normal 0.9978589232386029 -0.06540312923015378 1.84926063714387e-19
    outer loop
      vertex -36.68545626433548 -24.778105473225914 4
      vertex -36.7 -25 4
      vertex -36.7 -25 0
    endloop
  endfacet
  facet normal 0.9807852804032295 -0.19509032201613302 -3.7877385052130335e-19
    outer loop
      vertex -36.642073904691415 -24.560007623325713 4
      vertex -36.68545626433548 -24.778105473225914 4
      vertex -36.68545626433548 -24.778105473225914 0
    endloop
  endfacet
  facet normal 0.9469301294951042 -0.3214394653031657 2.7149823721989433e-19
    outer loop
      vertex -36.570595205269186 -24.349438164979347 4
      vertex -36.642073904691415 -24.560007623325713 4
      vertex -36.642073904691415 -24.560007623325713 0
    endloop
  endfacet
  facet normal 0.8968727415326907 -0.44228869021899636 -1.0624494345134896e-18
    outer loop
      vertex -36.472243186433545 -24.15 4
      vertex -36.570595205269186 -24.349438164979347 4
      vertex -36.570595205269186 -24.349438164979347 0
    endloop
  endfacet
  facet normal 0.8314696123025439 -0.5555702330196043 1.152281760253698e-18
    outer loop
      vertex -36.3487006784951 -23.965105570685175 4
      vertex -36.472243186433545 -24.15 4
      vertex -36.472243186433545 -24.15 0
    endloop
  endfacet
  facet normal 0.7518398074789837 -0.6593458151000616 1.1883657749525461e-19
    outer loop
      vertex -36.20208152801713 -23.797918471982868 4
      vertex -36.3487006784951 -23.965105570685175 4
      vertex -36.3487006784951 -23.965105570685175 0
    endloop
  endfacet
  facet normal 0.6593458151000616 -0.7518398074789837 0
    outer loop
      vertex -36.20208152801713 -23.797918471982868 4
      vertex -36.20208152801713 -23.797918471982868 0
      vertex -36.034894429314825 -23.6512993215049 4
    endloop
  endfacet
  facet normal 0.5555702330196043 -0.8314696123025439 0
    outer loop
      vertex -36.034894429314825 -23.6512993215049 4
      vertex -36.034894429314825 -23.6512993215049 0
      vertex -35.85 -23.527756813566455 4
    endloop
  endfacet
  facet normal 0.44228869021899636 -0.8968727415326907 0
    outer loop
      vertex -35.85 -23.527756813566455 4
      vertex -35.85 -23.527756813566455 0
      vertex -35.65056183502065 -23.429404794730814 4
    endloop
  endfacet
  facet normal 0.32143946530316087 -0.9469301294951059 0
    outer loop
      vertex -35.65056183502065 -23.429404794730814 4
      vertex -35.65056183502065 -23.429404794730814 0
      vertex -35.43999237667428 -23.357926095308585 4
    endloop
  endfacet
  facet normal 0.19509032201613608 -0.9807852804032289 0
    outer loop
      vertex -35.43999237667428 -23.357926095308585 4
      vertex -35.43999237667428 -23.357926095308585 0
      vertex -35.221894526774086 -23.31454373566452 4
    endloop
  endfacet
  facet normal 0.06540312923013786 -0.9978589232386039 0
    outer loop
      vertex -35.221894526774086 -23.31454373566452 4
      vertex -35.221894526774086 -23.31454373566452 0
      vertex -35 -23.3 4
    endloop
  endfacet
  facet normal -0.06540312923013786 -0.9978589232386039 0
    outer loop
      vertex -35 -23.3 4
      vertex -35 -23.3 0
      vertex -34.778105473225914 -23.31454373566452 4
    endloop
  endfacet
  facet normal -0.19509032201613608 -0.9807852804032289 0
    outer loop
      vertex -34.778105473225914 -23.31454373566452 4
      vertex -34.778105473225914 -23.31454373566452 0
      vertex -34.56000762332572 -23.357926095308585 4
    endloop
  endfacet
  facet normal -0.32143946530316087 -0.9469301294951059 0
    outer loop
      vertex -34.56000762332572 -23.357926095308585 4
      vertex -34.56000762332572 -23.357926095308585 0
      vertex -34.34943816497935 -23.429404794730814 4
    endloop
  endfacet
  facet normal -0.7518398074789837 0.6593458151000616 1.1883657749525461e-19
    outer loop
      vertex -33.79791847198287 -26.202081528017132 4
      vertex -33.6512993215049 -26.034894429314825 4
      vertex -33.6512993215049 -26.034894429314825 0
    endloop
  endfacet
  facet normal -0.8314696123025439 0.5555702330196043 1.152281760253698e-18
    outer loop
      vertex -33.6512993215049 -26.034894429314825 4
      vertex -33.527756813566455 -25.85 4
      vertex -33.527756813566455 -25.85 0
    endloop
  endfacet
  facet normal -0.8968727415326907 0.44228869021899636 -1.0624494345134896e-18
    outer loop
      vertex -33.527756813566455 -25.85 4
      vertex -33.429404794730814 -25.650561835020653 4
      vertex -33.429404794730814 -25.650561835020653 0
    endloop
  endfacet
  facet normal -0.9469301294951042 0.3214394653031657 2.7149823721989433e-19
    outer loop
      vertex -33.429404794730814 -25.650561835020653 4
      vertex -33.357926095308585 -25.439992376674287 4
      vertex -33.357926095308585 -25.439992376674287 0
    endloop
  endfacet
  facet normal -0.9807852804032295 0.19509032201613302 -3.7877385052130335e-19
    outer loop
      vertex -33.357926095308585 -25.439992376674287 4
      vertex -33.31454373566452 -25.221894526774086 4
      vertex -33.31454373566452 -25.221894526774086 0
    endloop
  endfacet
  facet normal -0.9978589232386029 0.06540312923015378 1.84926063714387e-19
    outer loop
      vertex -33.31454373566452 -25.221894526774086 4
      vertex -33.3 -25 4
      vertex -33.3 -25 0
    endloop
  endfacet
  facet normal -0.9978589232386029 -0.06540312923015378 -1.84926063714387e-19
    outer loop
      vertex -33.3 -25 4
      vertex -33.31454373566452 -24.778105473225914 4
      vertex -33.31454373566452 -24.778105473225914 0
    endloop
  endfacet
  facet normal -0.9807852804032295 -0.19509032201613302 3.7877385052130335e-19
    outer loop
      vertex -33.31454373566452 -24.778105473225914 4
      vertex -33.357926095308585 -24.560007623325713 4
      vertex -33.357926095308585 -24.560007623325713 0
    endloop
  endfacet
  facet normal -0.9469301294951042 -0.3214394653031657 -2.7149823721989433e-19
    outer loop
      vertex -33.357926095308585 -24.560007623325713 4
      vertex -33.429404794730814 -24.349438164979347 4
      vertex -33.429404794730814 -24.349438164979347 0
    endloop
  endfacet
  facet normal -0.8968727415326907 -0.44228869021899636 1.0624494345134896e-18
    outer loop
      vertex -33.429404794730814 -24.349438164979347 4
      vertex -33.527756813566455 -24.15 4
      vertex -33.527756813566455 -24.15 0
    endloop
  endfacet
  facet normal -0.5555702330196043 -0.8314696123025439 0
    outer loop
      vertex -34.15 -23.527756813566455 4
      vertex -34.15 -23.527756813566455 0
      vertex -33.965105570685175 -23.6512993215049 4
    endloop
  endfacet
  facet normal -0.8314696123025439 -0.5555702330196043 -1.152281760253698e-18
    outer loop
      vertex -33.527756813566455 -24.15 4
      vertex -33.6512993215049 -23.965105570685175 4
      vertex -33.6512993215049 -23.965105570685175 0
    endloop
  endfacet
  facet normal -0.7518398074789837 -0.6593458151000616 -1.1883657749525461e-19
    outer loop
      vertex -33.6512993215049 -23.965105570685175 4
      vertex -33.79791847198287 -23.797918471982868 4
      vertex -33.79791847198287 -23.797918471982868 0
    endloop
  endfacet
  facet normal -0.6593458151000616 -0.7518398074789837 0
    outer loop
      vertex -33.965105570685175 -23.6512993215049 4
      vertex -33.965105570685175 -23.6512993215049 0
      vertex -33.79791847198287 -23.797918471982868 4
    endloop
  endfacet
  facet normal -0.44228869021899636 -0.8968727415326907 0
    outer loop
      vertex -34.34943816497935 -23.429404794730814 4
      vertex -34.34943816497935 -23.429404794730814 0
      vertex -34.15 -23.527756813566455 4
    endloop
  endfacet
  facet normal 0.6593458151000616 0.7518398074789837 -1.1883657749525461e-19
    outer loop
      vertex -36.034894429314825 23.6512993215049 0
      vertex -36.20208152801713 23.797918471982868 0
      vertex -36.20208152801713 23.797918471982868 4
    endloop
  endfacet
  facet normal 0.5555702330196043 0.8314696123025439 0
    outer loop
      vertex -36.034894429314825 23.6512993215049 4
      vertex -35.85 23.527756813566455 0
      vertex -36.034894429314825 23.6512993215049 0
    endloop
  endfacet
  facet normal 0.7518398074789837 0.6593458151000616 0
    outer loop
      vertex -36.3487006784951 23.965105570685175 4
      vertex -36.20208152801713 23.797918471982868 0
      vertex -36.3487006784951 23.965105570685175 0
    endloop
  endfacet
  facet normal 0.44228869021899636 0.8968727415326907 0
    outer loop
      vertex -35.85 23.527756813566455 4
      vertex -35.65056183502065 23.429404794730814 0
      vertex -35.85 23.527756813566455 0
    endloop
  endfacet
  facet normal 0.32143946530316087 0.9469301294951059 0
    outer loop
      vertex -35.65056183502065 23.429404794730814 4
      vertex -35.43999237667428 23.357926095308585 0
      vertex -35.65056183502065 23.429404794730814 0
    endloop
  endfacet
  facet normal 0.19509032201613608 0.9807852804032289 0
    outer loop
      vertex -35.43999237667428 23.357926095308585 4
      vertex -35.221894526774086 23.31454373566452 0
      vertex -35.43999237667428 23.357926095308585 0
    endloop
  endfacet
  facet normal 0.06540312923013786 0.9978589232386039 0
    outer loop
      vertex -35.221894526774086 23.31454373566452 4
      vertex -35 23.3 0
      vertex -35.221894526774086 23.31454373566452 0
    endloop
  endfacet
  facet normal -0.06540312923013786 0.9978589232386039 0
    outer loop
      vertex -35 23.3 4
      vertex -34.778105473225914 23.31454373566452 0
      vertex -35 23.3 0
    endloop
  endfacet
  facet normal -0.19509032201613608 0.9807852804032289 0
    outer loop
      vertex -34.778105473225914 23.31454373566452 4
      vertex -34.56000762332572 23.357926095308585 0
      vertex -34.778105473225914 23.31454373566452 0
    endloop
  endfacet
  facet normal -0.32143946530316087 0.9469301294951059 0
    outer loop
      vertex -34.56000762332572 23.357926095308585 4
      vertex -34.34943816497935 23.429404794730814 0
      vertex -34.56000762332572 23.357926095308585 0
    endloop
  endfacet
  facet normal 0.8968727415326907 0.44228869021899636 0
    outer loop
      vertex -36.570595205269186 24.349438164979347 4
      vertex -36.472243186433545 24.15 0
      vertex -36.570595205269186 24.349438164979347 0
    endloop
  endfacet
  facet normal 0.8314696123025439 0.5555702330196043 0
    outer loop
      vertex -36.472243186433545 24.15 4
      vertex -36.3487006784951 23.965105570685175 0
      vertex -36.472243186433545 24.15 0
    endloop
  endfacet
  facet normal 0.9469301294951042 0.3214394653031657 0
    outer loop
      vertex -36.642073904691415 24.560007623325713 4
      vertex -36.570595205269186 24.349438164979347 0
      vertex -36.642073904691415 24.560007623325713 0
    endloop
  endfacet
  facet normal 0.9807852804032295 0.19509032201613302 0
    outer loop
      vertex -36.68545626433548 24.778105473225914 4
      vertex -36.642073904691415 24.560007623325713 0
      vertex -36.68545626433548 24.778105473225914 0
    endloop
  endfacet
  facet normal 0.9978589232386029 0.06540312923015378 0
    outer loop
      vertex -36.7 25 4
      vertex -36.68545626433548 24.778105473225914 0
      vertex -36.7 25 0
    endloop
  endfacet
  facet normal 0.9978589232386029 -0.06540312923015378 0
    outer loop
      vertex -36.68545626433548 25.221894526774086 4
      vertex -36.7 25 0
      vertex -36.68545626433548 25.221894526774086 0
    endloop
  endfacet
  facet normal 0.9807852804032295 -0.19509032201613302 0
    outer loop
      vertex -36.642073904691415 25.439992376674287 4
      vertex -36.68545626433548 25.221894526774086 0
      vertex -36.642073904691415 25.439992376674287 0
    endloop
  endfacet
  facet normal 0.9469301294951042 -0.3214394653031657 0
    outer loop
      vertex -36.570595205269186 25.650561835020653 4
      vertex -36.642073904691415 25.439992376674287 0
      vertex -36.570595205269186 25.650561835020653 0
    endloop
  endfacet
  facet normal 0.8968727415326907 -0.44228869021899636 0
    outer loop
      vertex -36.472243186433545 25.85 4
      vertex -36.570595205269186 25.650561835020653 0
      vertex -36.472243186433545 25.85 0
    endloop
  endfacet
  facet normal 0.8314696123025439 -0.5555702330196043 0
    outer loop
      vertex -36.3487006784951 26.034894429314825 4
      vertex -36.472243186433545 25.85 0
      vertex -36.3487006784951 26.034894429314825 0
    endloop
  endfacet
  facet normal 0.7518398074789837 -0.6593458151000616 0
    outer loop
      vertex -36.20208152801713 26.202081528017132 4
      vertex -36.3487006784951 26.034894429314825 0
      vertex -36.20208152801713 26.202081528017132 0
    endloop
  endfacet
  facet normal -0.44228869021899636 0.8968727415326907 0
    outer loop
      vertex -34.34943816497935 23.429404794730814 4
      vertex -34.15 23.527756813566455 0
      vertex -34.34943816497935 23.429404794730814 0
    endloop
  endfacet
  facet normal -0.5555702330196043 0.8314696123025439 0
    outer loop
      vertex -34.15 23.527756813566455 4
      vertex -33.965105570685175 23.6512993215049 0
      vertex -34.15 23.527756813566455 0
    endloop
  endfacet
  facet normal -0.6593458151000616 0.7518398074789837 0
    outer loop
      vertex -33.965105570685175 23.6512993215049 4
      vertex -33.79791847198287 23.797918471982868 0
      vertex -33.965105570685175 23.6512993215049 0
    endloop
  endfacet
  facet normal -0.7518398074789837 0.6593458151000616 0
    outer loop
      vertex -33.79791847198287 23.797918471982868 0
      vertex -33.79791847198287 23.797918471982868 4
      vertex -33.6512993215049 23.965105570685175 0
    endloop
  endfacet
  facet normal -0.8314696123025439 0.5555702330196043 0
    outer loop
      vertex -33.6512993215049 23.965105570685175 4
      vertex -33.527756813566455 24.15 0
      vertex -33.6512993215049 23.965105570685175 0
    endloop
  endfacet
  facet normal -0.8968727415326907 0.44228869021899636 0
    outer loop
      vertex -33.527756813566455 24.15 4
      vertex -33.429404794730814 24.349438164979347 0
      vertex -33.527756813566455 24.15 0
    endloop
  endfacet
  facet normal -0.9469301294951042 0.3214394653031657 0
    outer loop
      vertex -33.429404794730814 24.349438164979347 4
      vertex -33.357926095308585 24.560007623325713 0
      vertex -33.429404794730814 24.349438164979347 0
    endloop
  endfacet
  facet normal -0.9807852804032295 0.19509032201613302 0
    outer loop
      vertex -33.357926095308585 24.560007623325713 4
      vertex -33.31454373566452 24.778105473225914 0
      vertex -33.357926095308585 24.560007623325713 0
    endloop
  endfacet
  facet normal -0.9978589232386029 0.06540312923015378 0
    outer loop
      vertex -33.31454373566452 24.778105473225914 4
      vertex -33.3 25 0
      vertex -33.31454373566452 24.778105473225914 0
    endloop
  endfacet
  facet normal -0.9978589232386029 -0.06540312923015378 0
    outer loop
      vertex -33.3 25 4
      vertex -33.31454373566452 25.221894526774086 0
      vertex -33.3 25 0
    endloop
  endfacet
  facet normal -0.7518398074789837 -0.6593458151000616 0
    outer loop
      vertex -33.6512993215049 26.034894429314825 4
      vertex -33.79791847198287 26.202081528017132 0
      vertex -33.6512993215049 26.034894429314825 0
    endloop
  endfacet
  facet normal -0.9807852804032295 -0.19509032201613302 0
    outer loop
      vertex -33.31454373566452 25.221894526774086 4
      vertex -33.357926095308585 25.439992376674287 0
      vertex -33.31454373566452 25.221894526774086 0
    endloop
  endfacet
  facet normal -0.9469301294951042 -0.3214394653031657 0
    outer loop
      vertex -33.357926095308585 25.439992376674287 4
      vertex -33.429404794730814 25.650561835020653 0
      vertex -33.357926095308585 25.439992376674287 0
    endloop
  endfacet
  facet normal -0.8968727415326907 -0.44228869021899636 0
    outer loop
      vertex -33.429404794730814 25.650561835020653 4
      vertex -33.527756813566455 25.85 0
      vertex -33.429404794730814 25.650561835020653 0
    endloop
  endfacet
  facet normal -0.8314696123025439 -0.5555702330196043 0
    outer loop
      vertex -33.527756813566455 25.85 4
      vertex -33.6512993215049 26.034894429314825 0
      vertex -33.527756813566455 25.85 0
    endloop
  endfacet
  facet normal 0.8314696123025439 0.5555702330196043 -1.152281760253698e-18
    outer loop
      vertex -36.472243186433545 24.15 4
      vertex -36.3487006784951 23.965105570685175 4
      vertex -36.3487006784951 23.965105570685175 0
    endloop
  endfacet
  facet normal 0.6593458151000616 0.7518398074789837 0
    outer loop
      vertex -36.034894429314825 23.6512993215049 4
      vertex -36.034894429314825 23.6512993215049 0
      vertex -36.20208152801713 23.797918471982868 4
    endloop
  endfacet
  facet normal 0.7518398074789837 0.6593458151000616 -1.1883657749525461e-19
    outer loop
      vertex -36.3487006784951 23.965105570685175 4
      vertex -36.20208152801713 23.797918471982868 4
      vertex -36.20208152801713 23.797918471982868 0
    endloop
  endfacet
  facet normal 0.44228869021899636 0.8968727415326907 0
    outer loop
      vertex -35.65056183502065 23.429404794730814 4
      vertex -35.65056183502065 23.429404794730814 0
      vertex -35.85 23.527756813566455 4
    endloop
  endfacet
  facet normal 0.32143946530316087 0.9469301294951059 0
    outer loop
      vertex -35.43999237667428 23.357926095308585 4
      vertex -35.43999237667428 23.357926095308585 0
      vertex -35.65056183502065 23.429404794730814 4
    endloop
  endfacet
  facet normal 0.19509032201613608 0.9807852804032289 0
    outer loop
      vertex -35.221894526774086 23.31454373566452 4
      vertex -35.221894526774086 23.31454373566452 0
      vertex -35.43999237667428 23.357926095308585 4
    endloop
  endfacet
  facet normal 0.5555702330196043 0.8314696123025439 0
    outer loop
      vertex -35.85 23.527756813566455 4
      vertex -35.85 23.527756813566455 0
      vertex -36.034894429314825 23.6512993215049 4
    endloop
  endfacet
  facet normal 0.06540312923013786 0.9978589232386039 0
    outer loop
      vertex -35 23.3 4
      vertex -35 23.3 0
      vertex -35.221894526774086 23.31454373566452 4
    endloop
  endfacet
  facet normal -0.06540312923013786 0.9978589232386039 0
    outer loop
      vertex -34.778105473225914 23.31454373566452 4
      vertex -34.778105473225914 23.31454373566452 0
      vertex -35 23.3 4
    endloop
  endfacet
  facet normal -0.19509032201613608 0.9807852804032289 0
    outer loop
      vertex -34.56000762332572 23.357926095308585 4
      vertex -34.56000762332572 23.357926095308585 0
      vertex -34.778105473225914 23.31454373566452 4
    endloop
  endfacet
  facet normal -0.32143946530316087 0.9469301294951059 0
    outer loop
      vertex -34.34943816497935 23.429404794730814 4
      vertex -34.34943816497935 23.429404794730814 0
      vertex -34.56000762332572 23.357926095308585 4
    endloop
  endfacet
  facet normal 0.8968727415326907 0.44228869021899636 1.0624494345134896e-18
    outer loop
      vertex -36.570595205269186 24.349438164979347 4
      vertex -36.472243186433545 24.15 4
      vertex -36.472243186433545 24.15 0
    endloop
  endfacet
  facet normal 0.9469301294951042 0.3214394653031657 -2.7149823721989433e-19
    outer loop
      vertex -36.642073904691415 24.560007623325713 4
      vertex -36.570595205269186 24.349438164979347 4
      vertex -36.570595205269186 24.349438164979347 0
    endloop
  endfacet
  facet normal 0.9807852804032295 0.19509032201613302 3.7877385052130335e-19
    outer loop
      vertex -36.68545626433548 24.778105473225914 4
      vertex -36.642073904691415 24.560007623325713 4
      vertex -36.642073904691415 24.560007623325713 0
    endloop
  endfacet
  facet normal 0.9978589232386029 0.06540312923015378 -1.84926063714387e-19
    outer loop
      vertex -36.7 25 4
      vertex -36.68545626433548 24.778105473225914 4
      vertex -36.68545626433548 24.778105473225914 0
    endloop
  endfacet
  facet normal 0.9978589232386029 -0.06540312923015378 1.84926063714387e-19
    outer loop
      vertex -36.68545626433548 25.221894526774086 4
      vertex -36.7 25 4
      vertex -36.7 25 0
    endloop
  endfacet
  facet normal 0.9807852804032295 -0.19509032201613302 -3.7877385052130335e-19
    outer loop
      vertex -36.642073904691415 25.439992376674287 4
      vertex -36.68545626433548 25.221894526774086 4
      vertex -36.68545626433548 25.221894526774086 0
    endloop
  endfacet
  facet normal 0.9469301294951042 -0.3214394653031657 2.7149823721989433e-19
    outer loop
      vertex -36.570595205269186 25.650561835020653 4
      vertex -36.642073904691415 25.439992376674287 4
      vertex -36.642073904691415 25.439992376674287 0
    endloop
  endfacet
  facet normal 0.8968727415326907 -0.44228869021899636 -1.0624494345134896e-18
    outer loop
      vertex -36.472243186433545 25.85 4
      vertex -36.570595205269186 25.650561835020653 4
      vertex -36.570595205269186 25.650561835020653 0
    endloop
  endfacet
  facet normal 0.8314696123025439 -0.5555702330196043 1.152281760253698e-18
    outer loop
      vertex -36.3487006784951 26.034894429314825 4
      vertex -36.472243186433545 25.85 4
      vertex -36.472243186433545 25.85 0
    endloop
  endfacet
  facet normal 0.7518398074789837 -0.6593458151000616 1.1883657749525461e-19
    outer loop
      vertex -36.20208152801713 26.202081528017132 4
      vertex -36.3487006784951 26.034894429314825 4
      vertex -36.3487006784951 26.034894429314825 0
    endloop
  endfacet
  facet normal -0.44228869021899636 0.8968727415326907 0
    outer loop
      vertex -34.15 23.527756813566455 4
      vertex -34.15 23.527756813566455 0
      vertex -34.34943816497935 23.429404794730814 4
    endloop
  endfacet
  facet normal -0.5555702330196043 0.8314696123025439 0
    outer loop
      vertex -33.965105570685175 23.6512993215049 4
      vertex -33.965105570685175 23.6512993215049 0
      vertex -34.15 23.527756813566455 4
    endloop
  endfacet
  facet normal -0.6593458151000616 0.7518398074789837 0
    outer loop
      vertex -33.79791847198287 23.797918471982868 4
      vertex -33.79791847198287 23.797918471982868 0
      vertex -33.965105570685175 23.6512993215049 4
    endloop
  endfacet
  facet normal -0.7518398074789837 0.6593458151000616 1.1883657749525461e-19
    outer loop
      vertex -33.79791847198287 23.797918471982868 4
      vertex -33.6512993215049 23.965105570685175 4
      vertex -33.6512993215049 23.965105570685175 0
    endloop
  endfacet
  facet normal -0.8314696123025439 0.5555702330196043 1.152281760253698e-18
    outer loop
      vertex -33.6512993215049 23.965105570685175 4
      vertex -33.527756813566455 24.15 4
      vertex -33.527756813566455 24.15 0
    endloop
  endfacet
  facet normal -0.8968727415326907 0.44228869021899636 -1.0624494345134896e-18
    outer loop
      vertex -33.527756813566455 24.15 4
      vertex -33.429404794730814 24.349438164979347 4
      vertex -33.429404794730814 24.349438164979347 0
    endloop
  endfacet
  facet normal -0.9469301294951042 0.3214394653031657 2.7149823721989433e-19
    outer loop
      vertex -33.429404794730814 24.349438164979347 4
      vertex -33.357926095308585 24.560007623325713 4
      vertex -33.357926095308585 24.560007623325713 0
    endloop
  endfacet
  facet normal -0.9807852804032295 0.19509032201613302 -3.7877385052130335e-19
    outer loop
      vertex -33.357926095308585 24.560007623325713 4
      vertex -33.31454373566452 24.778105473225914 4
      vertex -33.31454373566452 24.778105473225914 0
    endloop
  endfacet
  facet normal -0.9978589232386029 0.06540312923015378 1.84926063714387e-19
    outer loop
      vertex -33.31454373566452 24.778105473225914 4
      vertex -33.3 25 4
      vertex -33.3 25 0
    endloop
  endfacet
  facet normal -0.9978589232386029 -0.06540312923015378 -1.84926063714387e-19
    outer loop
      vertex -33.3 25 4
      vertex -33.31454373566452 25.221894526774086 4
      vertex -33.31454373566452 25.221894526774086 0
    endloop
  endfacet
  facet normal -0.8314696123025439 -0.5555702330196043 -1.152281760253698e-18
    outer loop
      vertex -33.527756813566455 25.85 4
      vertex -33.6512993215049 26.034894429314825 4
      vertex -33.6512993215049 26.034894429314825 0
    endloop
  endfacet
  facet normal -0.7518398074789837 -0.6593458151000616 -1.1883657749525461e-19
    outer loop
      vertex -33.6512993215049 26.034894429314825 4
      vertex -33.79791847198287 26.202081528017132 4
      vertex -33.79791847198287 26.202081528017132 0
    endloop
  endfacet
  facet normal -0.9807852804032295 -0.19509032201613302 3.7877385052130335e-19
    outer loop
      vertex -33.31454373566452 25.221894526774086 4
      vertex -33.357926095308585 25.439992376674287 4
      vertex -33.357926095308585 25.439992376674287 0
    endloop
  endfacet
  facet normal -0.9469301294951042 -0.3214394653031657 -2.7149823721989433e-19
    outer loop
      vertex -33.357926095308585 25.439992376674287 4
      vertex -33.429404794730814 25.650561835020653 4
      vertex -33.429404794730814 25.650561835020653 0
    endloop
  endfacet
  facet normal -0.8968727415326907 -0.44228869021899636 1.0624494345134896e-18
    outer loop
      vertex -33.429404794730814 25.650561835020653 4
      vertex -33.527756813566455 25.85 4
      vertex -33.527756813566455 25.85 0
    endloop
  endfacet
  facet normal 0.6593458151000616 -0.7518398074789837 0
    outer loop
      vertex -36.034894429314825 26.3487006784951 4
      vertex -36.20208152801713 26.202081528017132 0
      vertex -36.034894429314825 26.3487006784951 0
    endloop
  endfacet
  facet normal 0.5555702330196043 -0.8314696123025439 0
    outer loop
      vertex -35.85 26.472243186433545 4
      vertex -36.034894429314825 26.3487006784951 0
      vertex -35.85 26.472243186433545 0
    endloop
  endfacet
  facet normal 0.44228869021899636 -0.8968727415326907 0
    outer loop
      vertex -35.65056183502065 26.570595205269186 4
      vertex -35.85 26.472243186433545 0
      vertex -35.65056183502065 26.570595205269186 0
    endloop
  endfacet
  facet normal 0.32143946530316087 -0.9469301294951059 0
    outer loop
      vertex -35.43999237667428 26.642073904691415 4
      vertex -35.65056183502065 26.570595205269186 0
      vertex -35.43999237667428 26.642073904691415 0
    endloop
  endfacet
  facet normal 0.19509032201613608 -0.9807852804032289 0
    outer loop
      vertex -35.221894526774086 26.68545626433548 4
      vertex -35.43999237667428 26.642073904691415 0
      vertex -35.221894526774086 26.68545626433548 0
    endloop
  endfacet
  facet normal 0.06540312923013786 -0.9978589232386039 0
    outer loop
      vertex -35 26.7 4
      vertex -35.221894526774086 26.68545626433548 0
      vertex -35 26.7 0
    endloop
  endfacet
  facet normal -0.06540312923013786 -0.9978589232386039 0
    outer loop
      vertex -34.778105473225914 26.68545626433548 4
      vertex -35 26.7 0
      vertex -34.778105473225914 26.68545626433548 0
    endloop
  endfacet
  facet normal -0.19509032201613608 -0.9807852804032289 0
    outer loop
      vertex -34.56000762332572 26.642073904691415 4
      vertex -34.778105473225914 26.68545626433548 0
      vertex -34.56000762332572 26.642073904691415 0
    endloop
  endfacet
  facet normal -0.32143946530316087 -0.9469301294951059 0
    outer loop
      vertex -34.34943816497935 26.570595205269186 4
      vertex -34.56000762332572 26.642073904691415 0
      vertex -34.34943816497935 26.570595205269186 0
    endloop
  endfacet
  facet normal -0.44228869021899636 -0.8968727415326907 0
    outer loop
      vertex -34.15 26.472243186433545 4
      vertex -34.34943816497935 26.570595205269186 0
      vertex -34.15 26.472243186433545 0
    endloop
  endfacet
  facet normal -0.5555702330196043 -0.8314696123025439 0
    outer loop
      vertex -33.965105570685175 26.3487006784951 4
      vertex -34.15 26.472243186433545 0
      vertex -33.965105570685175 26.3487006784951 0
    endloop
  endfacet
  facet normal -0.6593458151000616 -0.7518398074789837 -1.1883657749525461e-19
    outer loop
      vertex -33.965105570685175 26.3487006784951 0
      vertex -33.79791847198287 26.202081528017132 0
      vertex -33.79791847198287 26.202081528017132 4
    endloop
  endfacet
  facet normal 0.6593458151000616 -0.7518398074789837 0
    outer loop
      vertex -36.20208152801713 26.202081528017132 4
      vertex -36.20208152801713 26.202081528017132 0
      vertex -36.034894429314825 26.3487006784951 4
    endloop
  endfacet
  facet normal 0.5555702330196043 -0.8314696123025439 0
    outer loop
      vertex -36.034894429314825 26.3487006784951 4
      vertex -36.034894429314825 26.3487006784951 0
      vertex -35.85 26.472243186433545 4
    endloop
  endfacet
  facet normal 0.44228869021899636 -0.8968727415326907 0
    outer loop
      vertex -35.85 26.472243186433545 4
      vertex -35.85 26.472243186433545 0
      vertex -35.65056183502065 26.570595205269186 4
    endloop
  endfacet
  facet normal 0.32143946530316087 -0.9469301294951059 0
    outer loop
      vertex -35.65056183502065 26.570595205269186 4
      vertex -35.65056183502065 26.570595205269186 0
      vertex -35.43999237667428 26.642073904691415 4
    endloop
  endfacet
  facet normal 0.19509032201613608 -0.9807852804032289 0
    outer loop
      vertex -35.43999237667428 26.642073904691415 4
      vertex -35.43999237667428 26.642073904691415 0
      vertex -35.221894526774086 26.68545626433548 4
    endloop
  endfacet
  facet normal 0.06540312923013786 -0.9978589232386039 0
    outer loop
      vertex -35.221894526774086 26.68545626433548 4
      vertex -35.221894526774086 26.68545626433548 0
      vertex -35 26.7 4
    endloop
  endfacet
  facet normal -0.06540312923013786 -0.9978589232386039 0
    outer loop
      vertex -35 26.7 4
      vertex -35 26.7 0
      vertex -34.778105473225914 26.68545626433548 4
    endloop
  endfacet
  facet normal -0.19509032201613608 -0.9807852804032289 0
    outer loop
      vertex -34.778105473225914 26.68545626433548 4
      vertex -34.778105473225914 26.68545626433548 0
      vertex -34.56000762332572 26.642073904691415 4
    endloop
  endfacet
  facet normal -0.32143946530316087 -0.9469301294951059 0
    outer loop
      vertex -34.56000762332572 26.642073904691415 4
      vertex -34.56000762332572 26.642073904691415 0
      vertex -34.34943816497935 26.570595205269186 4
    endloop
  endfacet
  facet normal -0.5555702330196043 -0.8314696123025439 0
    outer loop
      vertex -34.15 26.472243186433545 4
      vertex -34.15 26.472243186433545 0
      vertex -33.965105570685175 26.3487006784951 4
    endloop
  endfacet
  facet normal -0.44228869021899636 -0.8968727415326907 0
    outer loop
      vertex -34.34943816497935 26.570595205269186 4
      vertex -34.34943816497935 26.570595205269186 0
      vertex -34.15 26.472243186433545 4
    endloop
  endfacet
  facet normal -0.6593458151000616 -0.7518398074789837 0
    outer loop
      vertex -33.965105570685175 26.3487006784951 4
      vertex -33.965105570685175 26.3487006784951 0
      vertex -33.79791847198287 26.202081528017132 4
    endloop
  endfacet
  facet normal 0.6593458151000616 0.7518398074789837 0
    outer loop
      vertex 33.79791847198287 -26.202081528017132 0
      vertex 33.79791847198287 -26.202081528017132 4
      vertex 33.965105570685175 -26.3487006784951 0
    endloop
  endfacet
  facet normal 0.5555702330196043 0.8314696123025439 0
    outer loop
      vertex 33.965105570685175 -26.3487006784951 0
      vertex 33.965105570685175 -26.3487006784951 4
      vertex 34.15 -26.472243186433545 0
    endloop
  endfacet
  facet normal 0.44228869021899636 0.8968727415326907 0
    outer loop
      vertex 34.15 -26.472243186433545 0
      vertex 34.15 -26.472243186433545 4
      vertex 34.34943816497935 -26.570595205269186 0
    endloop
  endfacet
  facet normal 0.32143946530316087 0.9469301294951059 0
    outer loop
      vertex 34.34943816497935 -26.570595205269186 0
      vertex 34.34943816497935 -26.570595205269186 4
      vertex 34.56000762332572 -26.642073904691415 0
    endloop
  endfacet
  facet normal 0.19509032201613608 0.9807852804032289 0
    outer loop
      vertex 34.56000762332572 -26.642073904691415 0
      vertex 34.56000762332572 -26.642073904691415 4
      vertex 34.778105473225914 -26.68545626433548 0
    endloop
  endfacet
  facet normal 0.06540312923013786 0.9978589232386039 0
    outer loop
      vertex 34.778105473225914 -26.68545626433548 0
      vertex 34.778105473225914 -26.68545626433548 4
      vertex 35 -26.7 0
    endloop
  endfacet
  facet normal -0.06540312923013786 0.9978589232386039 0
    outer loop
      vertex 35 -26.7 0
      vertex 35 -26.7 4
      vertex 35.221894526774086 -26.68545626433548 0
    endloop
  endfacet
  facet normal -0.19509032201613608 0.9807852804032289 0
    outer loop
      vertex 35.221894526774086 -26.68545626433548 0
      vertex 35.221894526774086 -26.68545626433548 4
      vertex 35.43999237667428 -26.642073904691415 0
    endloop
  endfacet
  facet normal -0.32143946530316087 0.9469301294951059 0
    outer loop
      vertex 35.43999237667428 -26.642073904691415 0
      vertex 35.43999237667428 -26.642073904691415 4
      vertex 35.65056183502065 -26.570595205269186 0
    endloop
  endfacet
  facet normal -0.44228869021899636 0.8968727415326907 0
    outer loop
      vertex 35.65056183502065 -26.570595205269186 0
      vertex 35.65056183502065 -26.570595205269186 4
      vertex 35.85 -26.472243186433545 0
    endloop
  endfacet
  facet normal -0.5555702330196043 0.8314696123025439 0
    outer loop
      vertex 35.85 -26.472243186433545 0
      vertex 35.85 -26.472243186433545 4
      vertex 36.034894429314825 -26.3487006784951 0
    endloop
  endfacet
  facet normal -0.6593458151000616 0.7518398074789837 0
    outer loop
      vertex 36.034894429314825 -26.3487006784951 0
      vertex 36.034894429314825 -26.3487006784951 4
      vertex 36.20208152801713 -26.202081528017132 0
    endloop
  endfacet
  facet normal 0.6593458151000616 0.7518398074789837 0
    outer loop
      vertex 33.965105570685175 -26.3487006784951 0
      vertex 33.79791847198287 -26.202081528017132 4
      vertex 33.965105570685175 -26.3487006784951 4
    endloop
  endfacet
  facet normal 0.44228869021899636 0.8968727415326907 0
    outer loop
      vertex 34.34943816497935 -26.570595205269186 0
      vertex 34.15 -26.472243186433545 4
      vertex 34.34943816497935 -26.570595205269186 4
    endloop
  endfacet
  facet normal 0.5555702330196043 0.8314696123025439 0
    outer loop
      vertex 34.15 -26.472243186433545 0
      vertex 33.965105570685175 -26.3487006784951 4
      vertex 34.15 -26.472243186433545 4
    endloop
  endfacet
  facet normal 0.32143946530316087 0.9469301294951059 0
    outer loop
      vertex 34.56000762332572 -26.642073904691415 0
      vertex 34.34943816497935 -26.570595205269186 4
      vertex 34.56000762332572 -26.642073904691415 4
    endloop
  endfacet
  facet normal 0.19509032201613608 0.9807852804032289 0
    outer loop
      vertex 34.778105473225914 -26.68545626433548 0
      vertex 34.56000762332572 -26.642073904691415 4
      vertex 34.778105473225914 -26.68545626433548 4
    endloop
  endfacet
  facet normal 0.06540312923013786 0.9978589232386039 0
    outer loop
      vertex 35 -26.7 0
      vertex 34.778105473225914 -26.68545626433548 4
      vertex 35 -26.7 4
    endloop
  endfacet
  facet normal -0.06540312923013786 0.9978589232386039 0
    outer loop
      vertex 35.221894526774086 -26.68545626433548 0
      vertex 35 -26.7 4
      vertex 35.221894526774086 -26.68545626433548 4
    endloop
  endfacet
  facet normal -0.19509032201613608 0.9807852804032289 0
    outer loop
      vertex 35.43999237667428 -26.642073904691415 0
      vertex 35.221894526774086 -26.68545626433548 4
      vertex 35.43999237667428 -26.642073904691415 4
    endloop
  endfacet
  facet normal -0.32143946530316087 0.9469301294951059 0
    outer loop
      vertex 35.65056183502065 -26.570595205269186 0
      vertex 35.43999237667428 -26.642073904691415 4
      vertex 35.65056183502065 -26.570595205269186 4
    endloop
  endfacet
  facet normal -0.44228869021899636 0.8968727415326907 0
    outer loop
      vertex 35.85 -26.472243186433545 0
      vertex 35.65056183502065 -26.570595205269186 4
      vertex 35.85 -26.472243186433545 4
    endloop
  endfacet
  facet normal -0.5555702330196043 0.8314696123025439 0
    outer loop
      vertex 36.034894429314825 -26.3487006784951 0
      vertex 35.85 -26.472243186433545 4
      vertex 36.034894429314825 -26.3487006784951 4
    endloop
  endfacet
  facet normal -0.6593458151000616 0.7518398074789837 0
    outer loop
      vertex 36.20208152801713 -26.202081528017132 0
      vertex 36.034894429314825 -26.3487006784951 4
      vertex 36.20208152801713 -26.202081528017132 4
    endloop
  endfacet
  facet normal 0.8314696123025439 0.5555702330196043 -1.152281760253698e-18
    outer loop
      vertex 33.6512993215049 -26.034894429314825 0
      vertex 33.527756813566455 -25.85 0
      vertex 33.527756813566455 -25.85 4
    endloop
  endfacet
  facet normal 0.8968727415326907 0.44228869021899636 1.0624494345134896e-18
    outer loop
      vertex 33.527756813566455 -25.85 0
      vertex 33.429404794730814 -25.650561835020653 0
      vertex 33.429404794730814 -25.650561835020653 4
    endloop
  endfacet
  facet normal 0.9469301294951042 0.3214394653031657 -2.7149823721989433e-19
    outer loop
      vertex 33.429404794730814 -25.650561835020653 0
      vertex 33.357926095308585 -25.439992376674287 0
      vertex 33.357926095308585 -25.439992376674287 4
    endloop
  endfacet
  facet normal 0.9807852804032295 0.19509032201613302 3.7877385052130335e-19
    outer loop
      vertex 33.357926095308585 -25.439992376674287 0
      vertex 33.31454373566452 -25.221894526774086 0
      vertex 33.31454373566452 -25.221894526774086 4
    endloop
  endfacet
  facet normal 0.7518398074789837 0.6593458151000616 -1.1883657749525461e-19
    outer loop
      vertex 33.79791847198287 -26.202081528017132 0
      vertex 33.6512993215049 -26.034894429314825 0
      vertex 33.6512993215049 -26.034894429314825 4
    endloop
  endfacet
  facet normal 0.9978589232386029 0.06540312923015378 -1.84926063714387e-19
    outer loop
      vertex 33.31454373566452 -25.221894526774086 0
      vertex 33.3 -25 0
      vertex 33.3 -25 4
    endloop
  endfacet
  facet normal 0.9978589232386029 -0.06540312923015378 1.84926063714387e-19
    outer loop
      vertex 33.3 -25 0
      vertex 33.31454373566452 -24.778105473225914 0
      vertex 33.31454373566452 -24.778105473225914 4
    endloop
  endfacet
  facet normal 0.9807852804032295 -0.19509032201613302 -3.7877385052130335e-19
    outer loop
      vertex 33.31454373566452 -24.778105473225914 0
      vertex 33.357926095308585 -24.560007623325713 0
      vertex 33.357926095308585 -24.560007623325713 4
    endloop
  endfacet
  facet normal 0.9469301294951042 -0.3214394653031657 2.7149823721989433e-19
    outer loop
      vertex 33.357926095308585 -24.560007623325713 0
      vertex 33.429404794730814 -24.349438164979347 0
      vertex 33.429404794730814 -24.349438164979347 4
    endloop
  endfacet
  facet normal 0.8968727415326907 -0.44228869021899636 -1.0624494345134896e-18
    outer loop
      vertex 33.429404794730814 -24.349438164979347 0
      vertex 33.527756813566455 -24.15 0
      vertex 33.527756813566455 -24.15 4
    endloop
  endfacet
  facet normal 0.8314696123025439 -0.5555702330196043 1.152281760253698e-18
    outer loop
      vertex 33.527756813566455 -24.15 0
      vertex 33.6512993215049 -23.965105570685175 0
      vertex 33.6512993215049 -23.965105570685175 4
    endloop
  endfacet
  facet normal 0.7518398074789837 -0.6593458151000616 1.1883657749525461e-19
    outer loop
      vertex 33.6512993215049 -23.965105570685175 0
      vertex 33.79791847198287 -23.797918471982868 0
      vertex 33.79791847198287 -23.797918471982868 4
    endloop
  endfacet
  facet normal 0.6593458151000616 -0.7518398074789837 0
    outer loop
      vertex 33.965105570685175 -23.6512993215049 0
      vertex 33.965105570685175 -23.6512993215049 4
      vertex 33.79791847198287 -23.797918471982868 0
    endloop
  endfacet
  facet normal 0.5555702330196043 -0.8314696123025439 0
    outer loop
      vertex 34.15 -23.527756813566455 0
      vertex 34.15 -23.527756813566455 4
      vertex 33.965105570685175 -23.6512993215049 0
    endloop
  endfacet
  facet normal 0.44228869021899636 -0.8968727415326907 0
    outer loop
      vertex 34.34943816497935 -23.429404794730814 0
      vertex 34.34943816497935 -23.429404794730814 4
      vertex 34.15 -23.527756813566455 0
    endloop
  endfacet
  facet normal -0.7518398074789837 0.6593458151000616 0
    outer loop
      vertex 36.20208152801713 -26.202081528017132 0
      vertex 36.20208152801713 -26.202081528017132 4
      vertex 36.3487006784951 -26.034894429314825 0
    endloop
  endfacet
  facet normal -0.8314696123025439 0.5555702330196043 1.152281760253698e-18
    outer loop
      vertex 36.472243186433545 -25.85 0
      vertex 36.3487006784951 -26.034894429314825 0
      vertex 36.3487006784951 -26.034894429314825 4
    endloop
  endfacet
  facet normal -0.8968727415326907 0.44228869021899636 -1.0624494345134896e-18
    outer loop
      vertex 36.570595205269186 -25.650561835020653 0
      vertex 36.472243186433545 -25.85 0
      vertex 36.472243186433545 -25.85 4
    endloop
  endfacet
  facet normal -0.9469301294951042 0.3214394653031657 2.7149823721989433e-19
    outer loop
      vertex 36.642073904691415 -25.439992376674287 0
      vertex 36.570595205269186 -25.650561835020653 0
      vertex 36.570595205269186 -25.650561835020653 4
    endloop
  endfacet
  facet normal -0.9807852804032295 0.19509032201613302 -3.7877385052130335e-19
    outer loop
      vertex 36.68545626433548 -25.221894526774086 0
      vertex 36.642073904691415 -25.439992376674287 0
      vertex 36.642073904691415 -25.439992376674287 4
    endloop
  endfacet
  facet normal -0.9978589232386029 0.06540312923015378 1.84926063714387e-19
    outer loop
      vertex 36.7 -25 0
      vertex 36.68545626433548 -25.221894526774086 0
      vertex 36.68545626433548 -25.221894526774086 4
    endloop
  endfacet
  facet normal -0.9978589232386029 -0.06540312923015378 -1.84926063714387e-19
    outer loop
      vertex 36.68545626433548 -24.778105473225914 0
      vertex 36.7 -25 0
      vertex 36.7 -25 4
    endloop
  endfacet
  facet normal -0.9807852804032295 -0.19509032201613302 3.7877385052130335e-19
    outer loop
      vertex 36.642073904691415 -24.560007623325713 0
      vertex 36.68545626433548 -24.778105473225914 0
      vertex 36.68545626433548 -24.778105473225914 4
    endloop
  endfacet
  facet normal -0.9469301294951042 -0.3214394653031657 -2.7149823721989433e-19
    outer loop
      vertex 36.570595205269186 -24.349438164979347 0
      vertex 36.642073904691415 -24.560007623325713 0
      vertex 36.642073904691415 -24.560007623325713 4
    endloop
  endfacet
  facet normal -0.8314696123025439 -0.5555702330196043 -1.152281760253698e-18
    outer loop
      vertex 36.3487006784951 -23.965105570685175 0
      vertex 36.472243186433545 -24.15 0
      vertex 36.472243186433545 -24.15 4
    endloop
  endfacet
  facet normal -0.8968727415326907 -0.44228869021899636 1.0624494345134896e-18
    outer loop
      vertex 36.472243186433545 -24.15 0
      vertex 36.570595205269186 -24.349438164979347 0
      vertex 36.570595205269186 -24.349438164979347 4
    endloop
  endfacet
  facet normal 0.32143946530316087 -0.9469301294951059 0
    outer loop
      vertex 34.56000762332572 -23.357926095308585 0
      vertex 34.56000762332572 -23.357926095308585 4
      vertex 34.34943816497935 -23.429404794730814 0
    endloop
  endfacet
  facet normal 0.19509032201613608 -0.9807852804032289 0
    outer loop
      vertex 34.778105473225914 -23.31454373566452 0
      vertex 34.778105473225914 -23.31454373566452 4
      vertex 34.56000762332572 -23.357926095308585 0
    endloop
  endfacet
  facet normal 0.06540312923013786 -0.9978589232386039 0
    outer loop
      vertex 35 -23.3 0
      vertex 35 -23.3 4
      vertex 34.778105473225914 -23.31454373566452 0
    endloop
  endfacet
  facet normal -0.06540312923013786 -0.9978589232386039 0
    outer loop
      vertex 35.221894526774086 -23.31454373566452 0
      vertex 35.221894526774086 -23.31454373566452 4
      vertex 35 -23.3 0
    endloop
  endfacet
  facet normal -0.19509032201613608 -0.9807852804032289 0
    outer loop
      vertex 35.43999237667428 -23.357926095308585 0
      vertex 35.43999237667428 -23.357926095308585 4
      vertex 35.221894526774086 -23.31454373566452 0
    endloop
  endfacet
  facet normal -0.32143946530316087 -0.9469301294951059 0
    outer loop
      vertex 35.65056183502065 -23.429404794730814 0
      vertex 35.65056183502065 -23.429404794730814 4
      vertex 35.43999237667428 -23.357926095308585 0
    endloop
  endfacet
  facet normal -0.44228869021899636 -0.8968727415326907 0
    outer loop
      vertex 35.85 -23.527756813566455 0
      vertex 35.85 -23.527756813566455 4
      vertex 35.65056183502065 -23.429404794730814 0
    endloop
  endfacet
  facet normal -0.7518398074789837 -0.6593458151000616 -1.1883657749525461e-19
    outer loop
      vertex 36.20208152801713 -23.797918471982868 0
      vertex 36.3487006784951 -23.965105570685175 0
      vertex 36.3487006784951 -23.965105570685175 4
    endloop
  endfacet
  facet normal -0.5555702330196043 -0.8314696123025439 0
    outer loop
      vertex 36.034894429314825 -23.6512993215049 0
      vertex 36.034894429314825 -23.6512993215049 4
      vertex 35.85 -23.527756813566455 0
    endloop
  endfacet
  facet normal -0.6593458151000616 -0.7518398074789837 0
    outer loop
      vertex 36.20208152801713 -23.797918471982868 0
      vertex 36.20208152801713 -23.797918471982868 4
      vertex 36.034894429314825 -23.6512993215049 0
    endloop
  endfacet
  facet normal 0.8968727415326907 0.44228869021899636 0
    outer loop
      vertex 33.527756813566455 -25.85 0
      vertex 33.429404794730814 -25.650561835020653 4
      vertex 33.527756813566455 -25.85 4
    endloop
  endfacet
  facet normal 0.9469301294951042 0.3214394653031657 0
    outer loop
      vertex 33.429404794730814 -25.650561835020653 0
      vertex 33.357926095308585 -25.439992376674287 4
      vertex 33.429404794730814 -25.650561835020653 4
    endloop
  endfacet
  facet normal 0.9807852804032295 0.19509032201613302 3.7877385052130335e-19
    outer loop
      vertex 33.31454373566452 -25.221894526774086 4
      vertex 33.357926095308585 -25.439992376674287 4
      vertex 33.357926095308585 -25.439992376674287 0
    endloop
  endfacet
  facet normal 0.7518398074789837 0.6593458151000616 0
    outer loop
      vertex 33.79791847198287 -26.202081528017132 0
      vertex 33.6512993215049 -26.034894429314825 4
      vertex 33.79791847198287 -26.202081528017132 4
    endloop
  endfacet
  facet normal 0.8314696123025439 0.5555702330196043 0
    outer loop
      vertex 33.6512993215049 -26.034894429314825 0
      vertex 33.527756813566455 -25.85 4
      vertex 33.6512993215049 -26.034894429314825 4
    endloop
  endfacet
  facet normal 0.9978589232386029 0.06540312923015378 0
    outer loop
      vertex 33.31454373566452 -25.221894526774086 0
      vertex 33.3 -25 4
      vertex 33.31454373566452 -25.221894526774086 4
    endloop
  endfacet
  facet normal 0.9978589232386029 -0.06540312923015378 0
    outer loop
      vertex 33.3 -25 0
      vertex 33.31454373566452 -24.778105473225914 4
      vertex 33.3 -25 4
    endloop
  endfacet
  facet normal 0.9807852804032295 -0.19509032201613302 0
    outer loop
      vertex 33.31454373566452 -24.778105473225914 0
      vertex 33.357926095308585 -24.560007623325713 4
      vertex 33.31454373566452 -24.778105473225914 4
    endloop
  endfacet
  facet normal 0.9469301294951042 -0.3214394653031657 0
    outer loop
      vertex 33.357926095308585 -24.560007623325713 0
      vertex 33.429404794730814 -24.349438164979347 4
      vertex 33.357926095308585 -24.560007623325713 4
    endloop
  endfacet
  facet normal 0.8968727415326907 -0.44228869021899636 0
    outer loop
      vertex 33.429404794730814 -24.349438164979347 0
      vertex 33.527756813566455 -24.15 4
      vertex 33.429404794730814 -24.349438164979347 4
    endloop
  endfacet
  facet normal 0.8314696123025439 -0.5555702330196043 1.152281760253698e-18
    outer loop
      vertex 33.6512993215049 -23.965105570685175 4
      vertex 33.527756813566455 -24.15 4
      vertex 33.527756813566455 -24.15 0
    endloop
  endfacet
  facet normal 0.7518398074789837 -0.6593458151000616 0
    outer loop
      vertex 33.6512993215049 -23.965105570685175 0
      vertex 33.79791847198287 -23.797918471982868 4
      vertex 33.6512993215049 -23.965105570685175 4
    endloop
  endfacet
  facet normal 0.6593458151000616 -0.7518398074789837 0
    outer loop
      vertex 33.79791847198287 -23.797918471982868 0
      vertex 33.965105570685175 -23.6512993215049 4
      vertex 33.79791847198287 -23.797918471982868 4
    endloop
  endfacet
  facet normal 0.5555702330196043 -0.8314696123025439 0
    outer loop
      vertex 33.965105570685175 -23.6512993215049 0
      vertex 34.15 -23.527756813566455 4
      vertex 33.965105570685175 -23.6512993215049 4
    endloop
  endfacet
  facet normal 0.44228869021899636 -0.8968727415326907 0
    outer loop
      vertex 34.15 -23.527756813566455 0
      vertex 34.34943816497935 -23.429404794730814 4
      vertex 34.15 -23.527756813566455 4
    endloop
  endfacet
  facet normal -0.7518398074789837 0.6593458151000616 0
    outer loop
      vertex 36.3487006784951 -26.034894429314825 0
      vertex 36.20208152801713 -26.202081528017132 4
      vertex 36.3487006784951 -26.034894429314825 4
    endloop
  endfacet
  facet normal -0.8314696123025439 0.5555702330196043 1.152281760253698e-18
    outer loop
      vertex 36.3487006784951 -26.034894429314825 4
      vertex 36.472243186433545 -25.85 4
      vertex 36.472243186433545 -25.85 0
    endloop
  endfacet
  facet normal -0.8968727415326907 0.44228869021899636 0
    outer loop
      vertex 36.570595205269186 -25.650561835020653 0
      vertex 36.472243186433545 -25.85 4
      vertex 36.570595205269186 -25.650561835020653 4
    endloop
  endfacet
  facet normal -0.9469301294951042 0.3214394653031657 0
    outer loop
      vertex 36.642073904691415 -25.439992376674287 0
      vertex 36.570595205269186 -25.650561835020653 4
      vertex 36.642073904691415 -25.439992376674287 4
    endloop
  endfacet
  facet normal -0.9807852804032295 0.19509032201613302 0
    outer loop
      vertex 36.68545626433548 -25.221894526774086 0
      vertex 36.642073904691415 -25.439992376674287 4
      vertex 36.68545626433548 -25.221894526774086 4
    endloop
  endfacet
  facet normal -0.9978589232386029 0.06540312923015378 0
    outer loop
      vertex 36.7 -25 0
      vertex 36.68545626433548 -25.221894526774086 4
      vertex 36.7 -25 4
    endloop
  endfacet
  facet normal -0.9978589232386029 -0.06540312923015378 -1.84926063714387e-19
    outer loop
      vertex 36.7 -25 4
      vertex 36.68545626433548 -24.778105473225914 4
      vertex 36.68545626433548 -24.778105473225914 0
    endloop
  endfacet
  facet normal -0.9807852804032295 -0.19509032201613302 0
    outer loop
      vertex 36.642073904691415 -24.560007623325713 0
      vertex 36.68545626433548 -24.778105473225914 4
      vertex 36.642073904691415 -24.560007623325713 4
    endloop
  endfacet
  facet normal -0.9469301294951042 -0.3214394653031657 0
    outer loop
      vertex 36.570595205269186 -24.349438164979347 0
      vertex 36.642073904691415 -24.560007623325713 4
      vertex 36.570595205269186 -24.349438164979347 4
    endloop
  endfacet
  facet normal -0.8968727415326907 -0.44228869021899636 0
    outer loop
      vertex 36.472243186433545 -24.15 0
      vertex 36.570595205269186 -24.349438164979347 4
      vertex 36.472243186433545 -24.15 4
    endloop
  endfacet
  facet normal 0.32143946530316087 -0.9469301294951059 0
    outer loop
      vertex 34.34943816497935 -23.429404794730814 0
      vertex 34.56000762332572 -23.357926095308585 4
      vertex 34.34943816497935 -23.429404794730814 4
    endloop
  endfacet
  facet normal 0.19509032201613608 -0.9807852804032289 0
    outer loop
      vertex 34.56000762332572 -23.357926095308585 0
      vertex 34.778105473225914 -23.31454373566452 4
      vertex 34.56000762332572 -23.357926095308585 4
    endloop
  endfacet
  facet normal 0.06540312923013786 -0.9978589232386039 0
    outer loop
      vertex 34.778105473225914 -23.31454373566452 0
      vertex 35 -23.3 4
      vertex 34.778105473225914 -23.31454373566452 4
    endloop
  endfacet
  facet normal -0.06540312923013786 -0.9978589232386039 0
    outer loop
      vertex 35 -23.3 0
      vertex 35.221894526774086 -23.31454373566452 4
      vertex 35 -23.3 4
    endloop
  endfacet
  facet normal -0.5555702330196043 -0.8314696123025439 0
    outer loop
      vertex 35.85 -23.527756813566455 0
      vertex 36.034894429314825 -23.6512993215049 4
      vertex 35.85 -23.527756813566455 4
    endloop
  endfacet
  facet normal -0.19509032201613608 -0.9807852804032289 0
    outer loop
      vertex 35.221894526774086 -23.31454373566452 0
      vertex 35.43999237667428 -23.357926095308585 4
      vertex 35.221894526774086 -23.31454373566452 4
    endloop
  endfacet
  facet normal -0.32143946530316087 -0.9469301294951059 0
    outer loop
      vertex 35.43999237667428 -23.357926095308585 0
      vertex 35.65056183502065 -23.429404794730814 4
      vertex 35.43999237667428 -23.357926095308585 4
    endloop
  endfacet
  facet normal -0.44228869021899636 -0.8968727415326907 0
    outer loop
      vertex 35.65056183502065 -23.429404794730814 0
      vertex 35.85 -23.527756813566455 4
      vertex 35.65056183502065 -23.429404794730814 4
    endloop
  endfacet
  facet normal -0.7518398074789837 -0.6593458151000616 0
    outer loop
      vertex 36.20208152801713 -23.797918471982868 0
      vertex 36.3487006784951 -23.965105570685175 4
      vertex 36.20208152801713 -23.797918471982868 4
    endloop
  endfacet
  facet normal -0.6593458151000616 -0.7518398074789837 0
    outer loop
      vertex 36.034894429314825 -23.6512993215049 0
      vertex 36.20208152801713 -23.797918471982868 4
      vertex 36.034894429314825 -23.6512993215049 4
    endloop
  endfacet
  facet normal -0.8314696123025439 -0.5555702330196043 0
    outer loop
      vertex 36.3487006784951 -23.965105570685175 0
      vertex 36.472243186433545 -24.15 4
      vertex 36.3487006784951 -23.965105570685175 4
    endloop
  endfacet
  facet normal 0.44228869021899636 0.8968727415326907 0
    outer loop
      vertex 34.15 23.527756813566455 0
      vertex 34.15 23.527756813566455 4
      vertex 34.34943816497935 23.429404794730814 0
    endloop
  endfacet
  facet normal 0.6593458151000616 0.7518398074789837 0
    outer loop
      vertex 33.79791847198287 23.797918471982868 0
      vertex 33.79791847198287 23.797918471982868 4
      vertex 33.965105570685175 23.6512993215049 0
    endloop
  endfacet
  facet normal 0.7518398074789837 0.6593458151000616 -1.1883657749525461e-19
    outer loop
      vertex 33.79791847198287 23.797918471982868 0
      vertex 33.6512993215049 23.965105570685175 0
      vertex 33.6512993215049 23.965105570685175 4
    endloop
  endfacet
  facet normal 0.5555702330196043 0.8314696123025439 0
    outer loop
      vertex 33.965105570685175 23.6512993215049 0
      vertex 33.965105570685175 23.6512993215049 4
      vertex 34.15 23.527756813566455 0
    endloop
  endfacet
  facet normal 0.8314696123025439 0.5555702330196043 -1.152281760253698e-18
    outer loop
      vertex 33.6512993215049 23.965105570685175 0
      vertex 33.527756813566455 24.15 0
      vertex 33.527756813566455 24.15 4
    endloop
  endfacet
  facet normal 0.8968727415326907 0.44228869021899636 1.0624494345134896e-18
    outer loop
      vertex 33.527756813566455 24.15 0
      vertex 33.429404794730814 24.349438164979347 0
      vertex 33.429404794730814 24.349438164979347 4
    endloop
  endfacet
  facet normal 0.9469301294951042 0.3214394653031657 -2.7149823721989433e-19
    outer loop
      vertex 33.429404794730814 24.349438164979347 0
      vertex 33.357926095308585 24.560007623325713 0
      vertex 33.357926095308585 24.560007623325713 4
    endloop
  endfacet
  facet normal 0.9807852804032295 0.19509032201613302 3.7877385052130335e-19
    outer loop
      vertex 33.357926095308585 24.560007623325713 0
      vertex 33.31454373566452 24.778105473225914 0
      vertex 33.31454373566452 24.778105473225914 4
    endloop
  endfacet
  facet normal 0.9978589232386029 0.06540312923015378 -1.84926063714387e-19
    outer loop
      vertex 33.31454373566452 24.778105473225914 0
      vertex 33.3 25 0
      vertex 33.3 25 4
    endloop
  endfacet
  facet normal 0.9978589232386029 -0.06540312923015378 1.84926063714387e-19
    outer loop
      vertex 33.3 25 0
      vertex 33.31454373566452 25.221894526774086 0
      vertex 33.31454373566452 25.221894526774086 4
    endloop
  endfacet
  facet normal 0.9807852804032295 -0.19509032201613302 -3.7877385052130335e-19
    outer loop
      vertex 33.31454373566452 25.221894526774086 0
      vertex 33.357926095308585 25.439992376674287 0
      vertex 33.357926095308585 25.439992376674287 4
    endloop
  endfacet
  facet normal 0.9469301294951042 -0.3214394653031657 2.7149823721989433e-19
    outer loop
      vertex 33.357926095308585 25.439992376674287 0
      vertex 33.429404794730814 25.650561835020653 0
      vertex 33.429404794730814 25.650561835020653 4
    endloop
  endfacet
  facet normal 0.8968727415326907 -0.44228869021899636 -1.0624494345134896e-18
    outer loop
      vertex 33.429404794730814 25.650561835020653 0
      vertex 33.527756813566455 25.85 0
      vertex 33.527756813566455 25.85 4
    endloop
  endfacet
  facet normal 0.8314696123025439 -0.5555702330196043 1.152281760253698e-18
    outer loop
      vertex 33.527756813566455 25.85 0
      vertex 33.6512993215049 26.034894429314825 0
      vertex 33.6512993215049 26.034894429314825 4
    endloop
  endfacet
  facet normal 0.7518398074789837 -0.6593458151000616 1.1883657749525461e-19
    outer loop
      vertex 33.6512993215049 26.034894429314825 0
      vertex 33.79791847198287 26.202081528017132 0
      vertex 33.79791847198287 26.202081528017132 4
    endloop
  endfacet
  facet normal 0.32143946530316087 0.9469301294951059 0
    outer loop
      vertex 34.34943816497935 23.429404794730814 0
      vertex 34.34943816497935 23.429404794730814 4
      vertex 34.56000762332572 23.357926095308585 0
    endloop
  endfacet
  facet normal 0.19509032201613608 0.9807852804032289 0
    outer loop
      vertex 34.56000762332572 23.357926095308585 0
      vertex 34.56000762332572 23.357926095308585 4
      vertex 34.778105473225914 23.31454373566452 0
    endloop
  endfacet
  facet normal 0.06540312923013786 0.9978589232386039 0
    outer loop
      vertex 34.778105473225914 23.31454373566452 0
      vertex 34.778105473225914 23.31454373566452 4
      vertex 35 23.3 0
    endloop
  endfacet
  facet normal -0.06540312923013786 0.9978589232386039 0
    outer loop
      vertex 35 23.3 0
      vertex 35 23.3 4
      vertex 35.221894526774086 23.31454373566452 0
    endloop
  endfacet
  facet normal -0.19509032201613608 0.9807852804032289 0
    outer loop
      vertex 35.221894526774086 23.31454373566452 0
      vertex 35.221894526774086 23.31454373566452 4
      vertex 35.43999237667428 23.357926095308585 0
    endloop
  endfacet
  facet normal -0.32143946530316087 0.9469301294951059 0
    outer loop
      vertex 35.43999237667428 23.357926095308585 0
      vertex 35.43999237667428 23.357926095308585 4
      vertex 35.65056183502065 23.429404794730814 0
    endloop
  endfacet
  facet normal -0.44228869021899636 0.8968727415326907 0
    outer loop
      vertex 35.65056183502065 23.429404794730814 0
      vertex 35.65056183502065 23.429404794730814 4
      vertex 35.85 23.527756813566455 0
    endloop
  endfacet
  facet normal -0.5555702330196043 0.8314696123025439 0
    outer loop
      vertex 35.85 23.527756813566455 0
      vertex 35.85 23.527756813566455 4
      vertex 36.034894429314825 23.6512993215049 0
    endloop
  endfacet
  facet normal -0.6593458151000616 0.7518398074789837 0
    outer loop
      vertex 36.034894429314825 23.6512993215049 0
      vertex 36.034894429314825 23.6512993215049 4
      vertex 36.20208152801713 23.797918471982868 0
    endloop
  endfacet
  facet normal -0.7518398074789837 0.6593458151000616 0
    outer loop
      vertex 36.20208152801713 23.797918471982868 0
      vertex 36.20208152801713 23.797918471982868 4
      vertex 36.3487006784951 23.965105570685175 0
    endloop
  endfacet
  facet normal -0.8314696123025439 0.5555702330196043 1.152281760253698e-18
    outer loop
      vertex 36.472243186433545 24.15 0
      vertex 36.3487006784951 23.965105570685175 0
      vertex 36.3487006784951 23.965105570685175 4
    endloop
  endfacet
  facet normal -0.8968727415326907 0.44228869021899636 -1.0624494345134896e-18
    outer loop
      vertex 36.570595205269186 24.349438164979347 0
      vertex 36.472243186433545 24.15 0
      vertex 36.472243186433545 24.15 4
    endloop
  endfacet
  facet normal -0.9469301294951042 0.3214394653031657 2.7149823721989433e-19
    outer loop
      vertex 36.642073904691415 24.560007623325713 0
      vertex 36.570595205269186 24.349438164979347 0
      vertex 36.570595205269186 24.349438164979347 4
    endloop
  endfacet
  facet normal -0.9807852804032295 0.19509032201613302 -3.7877385052130335e-19
    outer loop
      vertex 36.68545626433548 24.778105473225914 0
      vertex 36.642073904691415 24.560007623325713 0
      vertex 36.642073904691415 24.560007623325713 4
    endloop
  endfacet
  facet normal -0.9978589232386029 0.06540312923015378 1.84926063714387e-19
    outer loop
      vertex 36.7 25 0
      vertex 36.68545626433548 24.778105473225914 0
      vertex 36.68545626433548 24.778105473225914 4
    endloop
  endfacet
  facet normal -0.9978589232386029 -0.06540312923015378 -1.84926063714387e-19
    outer loop
      vertex 36.68545626433548 25.221894526774086 0
      vertex 36.7 25 0
      vertex 36.7 25 4
    endloop
  endfacet
  facet normal -0.9807852804032295 -0.19509032201613302 3.7877385052130335e-19
    outer loop
      vertex 36.642073904691415 25.439992376674287 0
      vertex 36.68545626433548 25.221894526774086 0
      vertex 36.68545626433548 25.221894526774086 4
    endloop
  endfacet
  facet normal -0.9469301294951042 -0.3214394653031657 -2.7149823721989433e-19
    outer loop
      vertex 36.570595205269186 25.650561835020653 0
      vertex 36.642073904691415 25.439992376674287 0
      vertex 36.642073904691415 25.439992376674287 4
    endloop
  endfacet
  facet normal -0.7518398074789837 -0.6593458151000616 -1.1883657749525461e-19
    outer loop
      vertex 36.20208152801713 26.202081528017132 0
      vertex 36.3487006784951 26.034894429314825 0
      vertex 36.3487006784951 26.034894429314825 4
    endloop
  endfacet
  facet normal -0.8314696123025439 -0.5555702330196043 -1.152281760253698e-18
    outer loop
      vertex 36.3487006784951 26.034894429314825 0
      vertex 36.472243186433545 25.85 0
      vertex 36.472243186433545 25.85 4
    endloop
  endfacet
  facet normal -0.8968727415326907 -0.44228869021899636 1.0624494345134896e-18
    outer loop
      vertex 36.472243186433545 25.85 0
      vertex 36.570595205269186 25.650561835020653 0
      vertex 36.570595205269186 25.650561835020653 4
    endloop
  endfacet
  facet normal 0.44228869021899636 0.8968727415326907 0
    outer loop
      vertex 34.34943816497935 23.429404794730814 0
      vertex 34.15 23.527756813566455 4
      vertex 34.34943816497935 23.429404794730814 4
    endloop
  endfacet
  facet normal 0.6593458151000616 0.7518398074789837 0
    outer loop
      vertex 33.965105570685175 23.6512993215049 0
      vertex 33.79791847198287 23.797918471982868 4
      vertex 33.965105570685175 23.6512993215049 4
    endloop
  endfacet
  facet normal 0.7518398074789837 0.6593458151000616 0
    outer loop
      vertex 33.79791847198287 23.797918471982868 0
      vertex 33.6512993215049 23.965105570685175 4
      vertex 33.79791847198287 23.797918471982868 4
    endloop
  endfacet
  facet normal 0.8314696123025439 0.5555702330196043 -1.152281760253698e-18
    outer loop
      vertex 33.527756813566455 24.15 4
      vertex 33.6512993215049 23.965105570685175 4
      vertex 33.6512993215049 23.965105570685175 0
    endloop
  endfacet
  facet normal 0.5555702330196043 0.8314696123025439 0
    outer loop
      vertex 34.15 23.527756813566455 0
      vertex 33.965105570685175 23.6512993215049 4
      vertex 34.15 23.527756813566455 4
    endloop
  endfacet
  facet normal 0.8968727415326907 0.44228869021899636 0
    outer loop
      vertex 33.527756813566455 24.15 0
      vertex 33.429404794730814 24.349438164979347 4
      vertex 33.527756813566455 24.15 4
    endloop
  endfacet
  facet normal 0.9469301294951042 0.3214394653031657 0
    outer loop
      vertex 33.429404794730814 24.349438164979347 0
      vertex 33.357926095308585 24.560007623325713 4
      vertex 33.429404794730814 24.349438164979347 4
    endloop
  endfacet
  facet normal 0.9807852804032295 0.19509032201613302 0
    outer loop
      vertex 33.357926095308585 24.560007623325713 0
      vertex 33.31454373566452 24.778105473225914 4
      vertex 33.357926095308585 24.560007623325713 4
    endloop
  endfacet
  facet normal 0.9978589232386029 0.06540312923015378 0
    outer loop
      vertex 33.31454373566452 24.778105473225914 0
      vertex 33.3 25 4
      vertex 33.31454373566452 24.778105473225914 4
    endloop
  endfacet
  facet normal 0.9978589232386029 -0.06540312923015378 0
    outer loop
      vertex 33.3 25 0
      vertex 33.31454373566452 25.221894526774086 4
      vertex 33.3 25 4
    endloop
  endfacet
  facet normal 0.9807852804032295 -0.19509032201613302 -3.7877385052130335e-19
    outer loop
      vertex 33.357926095308585 25.439992376674287 4
      vertex 33.31454373566452 25.221894526774086 4
      vertex 33.31454373566452 25.221894526774086 0
    endloop
  endfacet
  facet normal 0.9469301294951042 -0.3214394653031657 0
    outer loop
      vertex 33.357926095308585 25.439992376674287 0
      vertex 33.429404794730814 25.650561835020653 4
      vertex 33.357926095308585 25.439992376674287 4
    endloop
  endfacet
  facet normal 0.8968727415326907 -0.44228869021899636 0
    outer loop
      vertex 33.429404794730814 25.650561835020653 0
      vertex 33.527756813566455 25.85 4
      vertex 33.429404794730814 25.650561835020653 4
    endloop
  endfacet
  facet normal 0.8314696123025439 -0.5555702330196043 0
    outer loop
      vertex 33.527756813566455 25.85 0
      vertex 33.6512993215049 26.034894429314825 4
      vertex 33.527756813566455 25.85 4
    endloop
  endfacet
  facet normal 0.7518398074789837 -0.6593458151000616 0
    outer loop
      vertex 33.6512993215049 26.034894429314825 0
      vertex 33.79791847198287 26.202081528017132 4
      vertex 33.6512993215049 26.034894429314825 4
    endloop
  endfacet
  facet normal 0.32143946530316087 0.9469301294951059 0
    outer loop
      vertex 34.56000762332572 23.357926095308585 0
      vertex 34.34943816497935 23.429404794730814 4
      vertex 34.56000762332572 23.357926095308585 4
    endloop
  endfacet
  facet normal 0.19509032201613608 0.9807852804032289 0
    outer loop
      vertex 34.778105473225914 23.31454373566452 0
      vertex 34.56000762332572 23.357926095308585 4
      vertex 34.778105473225914 23.31454373566452 4
    endloop
  endfacet
  facet normal 0.06540312923013786 0.9978589232386039 0
    outer loop
      vertex 35 23.3 0
      vertex 34.778105473225914 23.31454373566452 4
      vertex 35 23.3 4
    endloop
  endfacet
  facet normal -0.06540312923013786 0.9978589232386039 0
    outer loop
      vertex 35.221894526774086 23.31454373566452 0
      vertex 35 23.3 4
      vertex 35.221894526774086 23.31454373566452 4
    endloop
  endfacet
  facet normal -0.19509032201613608 0.9807852804032289 0
    outer loop
      vertex 35.43999237667428 23.357926095308585 0
      vertex 35.221894526774086 23.31454373566452 4
      vertex 35.43999237667428 23.357926095308585 4
    endloop
  endfacet
  facet normal -0.32143946530316087 0.9469301294951059 0
    outer loop
      vertex 35.65056183502065 23.429404794730814 0
      vertex 35.43999237667428 23.357926095308585 4
      vertex 35.65056183502065 23.429404794730814 4
    endloop
  endfacet
  facet normal -0.44228869021899636 0.8968727415326907 0
    outer loop
      vertex 35.85 23.527756813566455 0
      vertex 35.65056183502065 23.429404794730814 4
      vertex 35.85 23.527756813566455 4
    endloop
  endfacet
  facet normal -0.5555702330196043 0.8314696123025439 0
    outer loop
      vertex 36.034894429314825 23.6512993215049 0
      vertex 35.85 23.527756813566455 4
      vertex 36.034894429314825 23.6512993215049 4
    endloop
  endfacet
  facet normal -0.6593458151000616 0.7518398074789837 0
    outer loop
      vertex 36.20208152801713 23.797918471982868 0
      vertex 36.034894429314825 23.6512993215049 4
      vertex 36.20208152801713 23.797918471982868 4
    endloop
  endfacet
  facet normal -0.7518398074789837 0.6593458151000616 0
    outer loop
      vertex 36.3487006784951 23.965105570685175 0
      vertex 36.20208152801713 23.797918471982868 4
      vertex 36.3487006784951 23.965105570685175 4
    endloop
  endfacet
  facet normal -0.8314696123025439 0.5555702330196043 0
    outer loop
      vertex 36.472243186433545 24.15 0
      vertex 36.3487006784951 23.965105570685175 4
      vertex 36.472243186433545 24.15 4
    endloop
  endfacet
  facet normal -0.8968727415326907 0.44228869021899636 0
    outer loop
      vertex 36.570595205269186 24.349438164979347 0
      vertex 36.472243186433545 24.15 4
      vertex 36.570595205269186 24.349438164979347 4
    endloop
  endfacet
  facet normal -0.9469301294951042 0.3214394653031657 0
    outer loop
      vertex 36.642073904691415 24.560007623325713 0
      vertex 36.570595205269186 24.349438164979347 4
      vertex 36.642073904691415 24.560007623325713 4
    endloop
  endfacet
  facet normal -0.9807852804032295 0.19509032201613302 0
    outer loop
      vertex 36.68545626433548 24.778105473225914 0
      vertex 36.642073904691415 24.560007623325713 4
      vertex 36.68545626433548 24.778105473225914 4
    endloop
  endfacet
  facet normal -0.9978589232386029 0.06540312923015378 1.84926063714387e-19
    outer loop
      vertex 36.68545626433548 24.778105473225914 4
      vertex 36.7 25 4
      vertex 36.7 25 0
    endloop
  endfacet
  facet normal -0.9978589232386029 -0.06540312923015378 0
    outer loop
      vertex 36.68545626433548 25.221894526774086 0
      vertex 36.7 25 4
      vertex 36.68545626433548 25.221894526774086 4
    endloop
  endfacet
  facet normal -0.9807852804032295 -0.19509032201613302 0
    outer loop
      vertex 36.642073904691415 25.439992376674287 0
      vertex 36.68545626433548 25.221894526774086 4
      vertex 36.642073904691415 25.439992376674287 4
    endloop
  endfacet
  facet normal -0.9469301294951042 -0.3214394653031657 0
    outer loop
      vertex 36.570595205269186 25.650561835020653 0
      vertex 36.642073904691415 25.439992376674287 4
      vertex 36.570595205269186 25.650561835020653 4
    endloop
  endfacet
  facet normal -0.7518398074789837 -0.6593458151000616 0
    outer loop
      vertex 36.20208152801713 26.202081528017132 0
      vertex 36.3487006784951 26.034894429314825 4
      vertex 36.20208152801713 26.202081528017132 4
    endloop
  endfacet
  facet normal -0.8968727415326907 -0.44228869021899636 0
    outer loop
      vertex 36.472243186433545 25.85 0
      vertex 36.570595205269186 25.650561835020653 4
      vertex 36.472243186433545 25.85 4
    endloop
  endfacet
  facet normal -0.8314696123025439 -0.5555702330196043 -1.152281760253698e-18
    outer loop
      vertex 36.472243186433545 25.85 4
      vertex 36.3487006784951 26.034894429314825 4
      vertex 36.3487006784951 26.034894429314825 0
    endloop
  endfacet
  facet normal 0.6593458151000616 -0.7518398074789837 0
    outer loop
      vertex 33.965105570685175 26.3487006784951 0
      vertex 33.965105570685175 26.3487006784951 4
      vertex 33.79791847198287 26.202081528017132 0
    endloop
  endfacet
  facet normal 0.5555702330196043 -0.8314696123025439 0
    outer loop
      vertex 34.15 26.472243186433545 0
      vertex 34.15 26.472243186433545 4
      vertex 33.965105570685175 26.3487006784951 0
    endloop
  endfacet
  facet normal 0.44228869021899636 -0.8968727415326907 0
    outer loop
      vertex 34.34943816497935 26.570595205269186 0
      vertex 34.34943816497935 26.570595205269186 4
      vertex 34.15 26.472243186433545 0
    endloop
  endfacet
  facet normal 0.32143946530316087 -0.9469301294951059 0
    outer loop
      vertex 34.56000762332572 26.642073904691415 0
      vertex 34.56000762332572 26.642073904691415 4
      vertex 34.34943816497935 26.570595205269186 0
    endloop
  endfacet
  facet normal 0.19509032201613608 -0.9807852804032289 0
    outer loop
      vertex 34.778105473225914 26.68545626433548 0
      vertex 34.778105473225914 26.68545626433548 4
      vertex 34.56000762332572 26.642073904691415 0
    endloop
  endfacet
  facet normal 0.06540312923013786 -0.9978589232386039 0
    outer loop
      vertex 35 26.7 0
      vertex 35 26.7 4
      vertex 34.778105473225914 26.68545626433548 0
    endloop
  endfacet
  facet normal -0.06540312923013786 -0.9978589232386039 0
    outer loop
      vertex 35.221894526774086 26.68545626433548 0
      vertex 35.221894526774086 26.68545626433548 4
      vertex 35 26.7 0
    endloop
  endfacet
  facet normal -0.19509032201613608 -0.9807852804032289 0
    outer loop
      vertex 35.43999237667428 26.642073904691415 0
      vertex 35.43999237667428 26.642073904691415 4
      vertex 35.221894526774086 26.68545626433548 0
    endloop
  endfacet
  facet normal -0.44228869021899636 -0.8968727415326907 0
    outer loop
      vertex 35.85 26.472243186433545 0
      vertex 35.85 26.472243186433545 4
      vertex 35.65056183502065 26.570595205269186 0
    endloop
  endfacet
  facet normal -0.32143946530316087 -0.9469301294951059 0
    outer loop
      vertex 35.65056183502065 26.570595205269186 0
      vertex 35.65056183502065 26.570595205269186 4
      vertex 35.43999237667428 26.642073904691415 0
    endloop
  endfacet
  facet normal -0.5555702330196043 -0.8314696123025439 0
    outer loop
      vertex 36.034894429314825 26.3487006784951 0
      vertex 36.034894429314825 26.3487006784951 4
      vertex 35.85 26.472243186433545 0
    endloop
  endfacet
  facet normal -0.6593458151000616 -0.7518398074789837 0
    outer loop
      vertex 36.20208152801713 26.202081528017132 0
      vertex 36.20208152801713 26.202081528017132 4
      vertex 36.034894429314825 26.3487006784951 0
    endloop
  endfacet
  facet normal 0.6593458151000616 -0.7518398074789837 0
    outer loop
      vertex 33.79791847198287 26.202081528017132 0
      vertex 33.965105570685175 26.3487006784951 4
      vertex 33.79791847198287 26.202081528017132 4
    endloop
  endfacet
  facet normal 0.5555702330196043 -0.8314696123025439 0
    outer loop
      vertex 33.965105570685175 26.3487006784951 0
      vertex 34.15 26.472243186433545 4
      vertex 33.965105570685175 26.3487006784951 4
    endloop
  endfacet
  facet normal 0.44228869021899636 -0.8968727415326907 0
    outer loop
      vertex 34.15 26.472243186433545 0
      vertex 34.34943816497935 26.570595205269186 4
      vertex 34.15 26.472243186433545 4
    endloop
  endfacet
  facet normal 0.32143946530316087 -0.9469301294951059 0
    outer loop
      vertex 34.34943816497935 26.570595205269186 0
      vertex 34.56000762332572 26.642073904691415 4
      vertex 34.34943816497935 26.570595205269186 4
    endloop
  endfacet
  facet normal 0.19509032201613608 -0.9807852804032289 0
    outer loop
      vertex 34.56000762332572 26.642073904691415 0
      vertex 34.778105473225914 26.68545626433548 4
      vertex 34.56000762332572 26.642073904691415 4
    endloop
  endfacet
  facet normal 0.06540312923013786 -0.9978589232386039 0
    outer loop
      vertex 34.778105473225914 26.68545626433548 0
      vertex 35 26.7 4
      vertex 34.778105473225914 26.68545626433548 4
    endloop
  endfacet
  facet normal -0.06540312923013786 -0.9978589232386039 0
    outer loop
      vertex 35 26.7 0
      vertex 35.221894526774086 26.68545626433548 4
      vertex 35 26.7 4
    endloop
  endfacet
  facet normal -0.19509032201613608 -0.9807852804032289 0
    outer loop
      vertex 35.221894526774086 26.68545626433548 0
      vertex 35.43999237667428 26.642073904691415 4
      vertex 35.221894526774086 26.68545626433548 4
    endloop
  endfacet
  facet normal -0.32143946530316087 -0.9469301294951059 0
    outer loop
      vertex 35.43999237667428 26.642073904691415 0
      vertex 35.65056183502065 26.570595205269186 4
      vertex 35.43999237667428 26.642073904691415 4
    endloop
  endfacet
  facet normal -0.5555702330196043 -0.8314696123025439 0
    outer loop
      vertex 35.85 26.472243186433545 0
      vertex 36.034894429314825 26.3487006784951 4
      vertex 35.85 26.472243186433545 4
    endloop
  endfacet
  facet normal -0.44228869021899636 -0.8968727415326907 0
    outer loop
      vertex 35.65056183502065 26.570595205269186 0
      vertex 35.85 26.472243186433545 4
      vertex 35.65056183502065 26.570595205269186 4
    endloop
  endfacet
  facet normal -0.6593458151000616 -0.7518398074789837 0
    outer loop
      vertex 36.034894429314825 26.3487006784951 0
      vertex 36.20208152801713 26.202081528017132 4
      vertex 36.034894429314825 26.3487006784951 4
    endloop
  endfacet
  facet normal 0 0 1
    outer loop
      vertex -3.96029588778518 -1.061158084920335 17
      vertex -3.96029588778518 1.061158084920335 17
      vertex -4.064923931632622 -0.5351573881022114 17
    endloop
  endfacet
  facet normal 0 0 1
    outer loop
      vertex -3.550704155516198 -2.05 17
      vertex -3.252748695194064 -2.4959218589357546 17
      vertex -3.252748695194064 2.4959218589357546 17
    endloop
  endfacet
  facet normal 0 0 1
    outer loop
      vertex -3.787906083296275 -1.5690020726968679 17
      vertex -3.787906083296275 1.5690020726968679 17
      vertex -3.96029588778518 -1.061158084920335 17
    endloop
  endfacet
  facet normal 0 0 1
    outer loop
      vertex -3.550704155516198 -2.05 17
      vertex -3.550704155516198 2.05 17
      vertex -3.787906083296275 -1.5690020726968679 17
    endloop
  endfacet
  facet normal 0 0 1
    outer loop
      vertex -2.05 -3.550704155516198 17
      vertex -1.5690020726968679 -3.787906083296275 17
      vertex -1.5690020726968679 3.787906083296275 17
    endloop
  endfacet
  facet normal 0 0 1
    outer loop
      vertex -2.899137802864845 -2.899137802864845 17
      vertex -2.899137802864845 2.899137802864845 17
      vertex -3.252748695194064 -2.4959218589357546 17
    endloop
  endfacet
  facet normal 0 0 1
    outer loop
      vertex -2.899137802864845 -2.899137802864845 17
      vertex -2.4959218589357546 -3.252748695194064 17
      vertex -2.4959218589357546 3.252748695194064 17
    endloop
  endfacet
  facet normal 0 0 1
    outer loop
      vertex -2.05 -3.550704155516198 17
      vertex -2.05 3.550704155516198 17
      vertex -2.4959218589357546 -3.252748695194064 17
    endloop
  endfacet
  facet normal 0 0 1
    outer loop
      vertex -1.5690020726968679 -3.787906083296275 17
      vertex -1.061158084920335 -3.96029588778518 17
      vertex -1.061158084920335 3.96029588778518 17
    endloop
  endfacet
  facet normal 0 0 1
    outer loop
      vertex -1.061158084920335 -3.96029588778518 17
      vertex -0.5351573881022114 -4.064923931632622 17
      vertex -0.5351573881022114 4.064923931632622 17
    endloop
  endfacet
  facet normal 0 0 1
    outer loop
      vertex -0.5351573881022114 -4.064923931632622 17
      vertex 0 -4.1 17
      vertex 0 4.1 17
    endloop
  endfacet
  facet normal 0.7518398074789776 0.6593458151000686 6.695111971311318e-19
    outer loop
      vertex -2.899137802864845 -2.899137802864845 17
      vertex -3.252748695194064 -2.4959218589357546 17
      vertex -3.252748695194064 -2.4959218589357546 26
    endloop
  endfacet
  facet normal 0.8314696123025458 0.5555702330196014 0
    outer loop
      vertex -3.550704155516198 -2.05 17
      vertex -3.550704155516198 -2.05 26
      vertex -3.252748695194064 -2.4959218589357546 17
    endloop
  endfacet
  facet normal 0.8968727415326881 0.44228869021900147 1.2122284414668782e-18
    outer loop
      vertex -3.550704155516198 -2.05 17
      vertex -3.787906083296275 -1.5690020726968679 17
      vertex -3.787906083296275 -1.5690020726968679 26
    endloop
  endfacet
  facet normal 0.9469301294951054 0.32143946530316236 2.856715038141006e-19
    outer loop
      vertex -3.787906083296275 -1.5690020726968679 17
      vertex -3.96029588778518 -1.061158084920335 17
      vertex -3.96029588778518 -1.061158084920335 26
    endloop
  endfacet
  facet normal 0.9807852804032307 0.19509032201612708 -6.92160858799788e-20
    outer loop
      vertex -3.96029588778518 -1.061158084920335 17
      vertex -4.064923931632622 -0.5351573881022114 17
      vertex -4.064923931632622 -0.5351573881022114 26
    endloop
  endfacet
  facet normal 0.9978589232386035 0.0654031292301437 3.5927339813245774e-19
    outer loop
      vertex -4.064923931632622 -0.5351573881022114 17
      vertex -4.1 0 17
      vertex -4.1 0 26
    endloop
  endfacet
  facet normal 0.5555702330196014 0.8314696123025458 -1.250400261812079e-18
    outer loop
      vertex -2.05 -3.550704155516198 17
      vertex -2.4959218589357546 -3.252748695194064 17
      vertex -2.4959218589357546 -3.252748695194064 26
    endloop
  endfacet
  facet normal 0.44228869021900147 0.8968727415326881 0
    outer loop
      vertex -2.05 -3.550704155516198 17
      vertex -2.05 -3.550704155516198 26
      vertex -1.5690020726968679 -3.787906083296275 17
    endloop
  endfacet
  facet normal 0.6593458151000686 0.7518398074789776 0
    outer loop
      vertex -2.899137802864845 -2.899137802864845 17
      vertex -2.899137802864845 -2.899137802864845 26
      vertex -2.4959218589357546 -3.252748695194064 17
    endloop
  endfacet
  facet normal 0.32143946530316236 0.9469301294951054 0
    outer loop
      vertex -1.5690020726968679 -3.787906083296275 17
      vertex -1.5690020726968679 -3.787906083296275 26
      vertex -1.061158084920335 -3.96029588778518 17
    endloop
  endfacet
  facet normal 0.19509032201612708 0.9807852804032307 0
    outer loop
      vertex -1.061158084920335 -3.96029588778518 17
      vertex -1.061158084920335 -3.96029588778518 26
      vertex -0.5351573881022114 -4.064923931632622 17
    endloop
  endfacet
  facet normal 0.0654031292301437 0.9978589232386035 0
    outer loop
      vertex -0.5351573881022114 -4.064923931632622 17
      vertex -0.5351573881022114 -4.064923931632622 26
      vertex 0 -4.1 17
    endloop
  endfacet
  facet normal 0.8314696123025458 0.5555702330196014 0
    outer loop
      vertex -3.252748695194064 -2.4959218589357546 17
      vertex -3.550704155516198 -2.05 26
      vertex -3.252748695194064 -2.4959218589357546 26
    endloop
  endfacet
  facet normal 0.8968727415326881 0.44228869021900147 0
    outer loop
      vertex -3.550704155516198 -2.05 17
      vertex -3.787906083296275 -1.5690020726968679 26
      vertex -3.550704155516198 -2.05 26
    endloop
  endfacet
  facet normal 0.9469301294951054 0.32143946530316236 0
    outer loop
      vertex -3.787906083296275 -1.5690020726968679 17
      vertex -3.96029588778518 -1.061158084920335 26
      vertex -3.787906083296275 -1.5690020726968679 26
    endloop
  endfacet
  facet normal 0.9807852804032307 0.19509032201612708 0
    outer loop
      vertex -3.96029588778518 -1.061158084920335 17
      vertex -4.064923931632622 -0.5351573881022114 26
      vertex -3.96029588778518 -1.061158084920335 26
    endloop
  endfacet
  facet normal 0.9978589232386035 0.0654031292301437 0
    outer loop
      vertex -4.064923931632622 -0.5351573881022114 17
      vertex -4.1 0 26
      vertex -4.064923931632622 -0.5351573881022114 26
    endloop
  endfacet
  facet normal 0.5555702330196014 0.8314696123025458 0
    outer loop
      vertex -2.05 -3.550704155516198 17
      vertex -2.4959218589357546 -3.252748695194064 26
      vertex -2.05 -3.550704155516198 26
    endloop
  endfacet
  facet normal 0.44228869021900147 0.8968727415326881 0
    outer loop
      vertex -1.5690020726968679 -3.787906083296275 17
      vertex -2.05 -3.550704155516198 26
      vertex -1.5690020726968679 -3.787906083296275 26
    endloop
  endfacet
  facet normal 0.7518398074789776 0.6593458151000686 0
    outer loop
      vertex -2.899137802864845 -2.899137802864845 17
      vertex -3.252748695194064 -2.4959218589357546 26
      vertex -2.899137802864845 -2.899137802864845 26
    endloop
  endfacet
  facet normal 0.6593458151000686 0.7518398074789776 0
    outer loop
      vertex -2.4959218589357546 -3.252748695194064 17
      vertex -2.899137802864845 -2.899137802864845 26
      vertex -2.4959218589357546 -3.252748695194064 26
    endloop
  endfacet
  facet normal 0.32143946530316236 0.9469301294951054 0
    outer loop
      vertex -1.061158084920335 -3.96029588778518 17
      vertex -1.5690020726968679 -3.787906083296275 26
      vertex -1.061158084920335 -3.96029588778518 26
    endloop
  endfacet
  facet normal 0.19509032201612708 0.9807852804032307 0
    outer loop
      vertex -0.5351573881022114 -4.064923931632622 17
      vertex -1.061158084920335 -3.96029588778518 26
      vertex -0.5351573881022114 -4.064923931632622 26
    endloop
  endfacet
  facet normal 0.0654031292301437 0.9978589232386035 0
    outer loop
      vertex 0 -4.1 17
      vertex -0.5351573881022114 -4.064923931632622 26
      vertex 0 -4.1 26
    endloop
  endfacet
  facet normal 0 0 1
    outer loop
      vertex -4.064923931632622 -0.5351573881022114 17
      vertex -4.064923931632622 0.5351573881022114 17
      vertex -4.1 0 17
    endloop
  endfacet
  facet normal 0 0 1
    outer loop
      vertex -4.064923931632622 -0.5351573881022114 17
      vertex -3.96029588778518 1.061158084920335 17
      vertex -4.064923931632622 0.5351573881022114 17
    endloop
  endfacet
  facet normal 0 0 1
    outer loop
      vertex -3.96029588778518 -1.061158084920335 17
      vertex -3.787906083296275 1.5690020726968679 17
      vertex -3.96029588778518 1.061158084920335 17
    endloop
  endfacet
  facet normal 0 0 1
    outer loop
      vertex -3.787906083296275 -1.5690020726968679 17
      vertex -3.550704155516198 2.05 17
      vertex -3.787906083296275 1.5690020726968679 17
    endloop
  endfacet
  facet normal 0 0 1
    outer loop
      vertex -3.550704155516198 -2.05 17
      vertex -3.252748695194064 2.4959218589357546 17
      vertex -3.550704155516198 2.05 17
    endloop
  endfacet
  facet normal 0 0 1
    outer loop
      vertex -3.252748695194064 -2.4959218589357546 17
      vertex -2.899137802864845 2.899137802864845 17
      vertex -3.252748695194064 2.4959218589357546 17
    endloop
  endfacet
  facet normal 0 0 1
    outer loop
      vertex -2.899137802864845 -2.899137802864845 17
      vertex -2.4959218589357546 3.252748695194064 17
      vertex -2.899137802864845 2.899137802864845 17
    endloop
  endfacet
  facet normal 0 0 1
    outer loop
      vertex -2.4959218589357546 -3.252748695194064 17
      vertex -2.05 3.550704155516198 17
      vertex -2.4959218589357546 3.252748695194064 17
    endloop
  endfacet
  facet normal 0 0 1
    outer loop
      vertex -2.05 -3.550704155516198 17
      vertex -1.5690020726968679 3.787906083296275 17
      vertex -2.05 3.550704155516198 17
    endloop
  endfacet
  facet normal 0 0 1
    outer loop
      vertex -1.5690020726968679 -3.787906083296275 17
      vertex -1.061158084920335 3.96029588778518 17
      vertex -1.5690020726968679 3.787906083296275 17
    endloop
  endfacet
  facet normal 0 0 1
    outer loop
      vertex -1.061158084920335 -3.96029588778518 17
      vertex -0.5351573881022114 4.064923931632622 17
      vertex -1.061158084920335 3.96029588778518 17
    endloop
  endfacet
  facet normal 0 0 1
    outer loop
      vertex -0.5351573881022114 -4.064923931632622 17
      vertex 0 4.1 17
      vertex -0.5351573881022114 4.064923931632622 17
    endloop
  endfacet
  facet normal 0.9978589232386035 -0.0654031292301437 -3.5927339813245774e-19
    outer loop
      vertex -4.1 0 17
      vertex -4.064923931632622 0.5351573881022114 17
      vertex -4.064923931632622 0.5351573881022114 26
    endloop
  endfacet
  facet normal 0.9807852804032307 -0.19509032201612708 6.92160858799788e-20
    outer loop
      vertex -4.064923931632622 0.5351573881022114 17
      vertex -3.96029588778518 1.061158084920335 17
      vertex -3.96029588778518 1.061158084920335 26
    endloop
  endfacet
  facet normal 0.9469301294951054 -0.32143946530316236 -2.856715038141006e-19
    outer loop
      vertex -3.96029588778518 1.061158084920335 17
      vertex -3.787906083296275 1.5690020726968679 17
      vertex -3.787906083296275 1.5690020726968679 26
    endloop
  endfacet
  facet normal 0.8968727415326881 -0.44228869021900147 -1.2122284414668782e-18
    outer loop
      vertex -3.787906083296275 1.5690020726968679 17
      vertex -3.550704155516198 2.05 17
      vertex -3.550704155516198 2.05 26
    endloop
  endfacet
  facet normal 0.8314696123025458 -0.5555702330196014 1.250400261812079e-18
    outer loop
      vertex -3.550704155516198 2.05 17
      vertex -3.252748695194064 2.4959218589357546 17
      vertex -3.252748695194064 2.4959218589357546 26
    endloop
  endfacet
  facet normal 0.7518398074789776 -0.6593458151000686 -6.695111971311318e-19
    outer loop
      vertex -3.252748695194064 2.4959218589357546 17
      vertex -2.899137802864845 2.899137802864845 17
      vertex -2.899137802864845 2.899137802864845 26
    endloop
  endfacet
  facet normal 0.6593458151000686 -0.7518398074789776 -6.695111971311318e-19
    outer loop
      vertex -2.899137802864845 2.899137802864845 17
      vertex -2.4959218589357546 3.252748695194064 17
      vertex -2.4959218589357546 3.252748695194064 26
    endloop
  endfacet
  facet normal 0.5555702330196014 -0.8314696123025458 1.250400261812079e-18
    outer loop
      vertex -2.4959218589357546 3.252748695194064 17
      vertex -2.05 3.550704155516198 17
      vertex -2.05 3.550704155516198 26
    endloop
  endfacet
  facet normal 0.44228869021900147 -0.8968727415326881 -1.2122284414668782e-18
    outer loop
      vertex -2.05 3.550704155516198 17
      vertex -1.5690020726968679 3.787906083296275 17
      vertex -1.5690020726968679 3.787906083296275 26
    endloop
  endfacet
  facet normal 0.32143946530316236 -0.9469301294951054 -2.856715038141006e-19
    outer loop
      vertex -1.5690020726968679 3.787906083296275 17
      vertex -1.061158084920335 3.96029588778518 17
      vertex -1.061158084920335 3.96029588778518 26
    endloop
  endfacet
  facet normal 0.19509032201612708 -0.9807852804032307 6.92160858799788e-20
    outer loop
      vertex -1.061158084920335 3.96029588778518 17
      vertex -0.5351573881022114 4.064923931632622 17
      vertex -0.5351573881022114 4.064923931632622 26
    endloop
  endfacet
  facet normal 0.0654031292301437 -0.9978589232386035 -3.5927339813245774e-19
    outer loop
      vertex -0.5351573881022114 4.064923931632622 17
      vertex 0 4.1 17
      vertex 0 4.1 26
    endloop
  endfacet
  facet normal 0.9978589232386035 -0.0654031292301437 0
    outer loop
      vertex -4.1 0 17
      vertex -4.064923931632622 0.5351573881022114 26
      vertex -4.1 0 26
    endloop
  endfacet
  facet normal 0.9807852804032307 -0.19509032201612708 0
    outer loop
      vertex -4.064923931632622 0.5351573881022114 17
      vertex -3.96029588778518 1.061158084920335 26
      vertex -4.064923931632622 0.5351573881022114 26
    endloop
  endfacet
  facet normal 0.9469301294951054 -0.32143946530316236 0
    outer loop
      vertex -3.96029588778518 1.061158084920335 17
      vertex -3.787906083296275 1.5690020726968679 26
      vertex -3.96029588778518 1.061158084920335 26
    endloop
  endfacet
  facet normal 0.8968727415326881 -0.44228869021900147 0
    outer loop
      vertex -3.787906083296275 1.5690020726968679 17
      vertex -3.550704155516198 2.05 26
      vertex -3.787906083296275 1.5690020726968679 26
    endloop
  endfacet
  facet normal 0.8314696123025458 -0.5555702330196014 0
    outer loop
      vertex -3.550704155516198 2.05 17
      vertex -3.252748695194064 2.4959218589357546 26
      vertex -3.550704155516198 2.05 26
    endloop
  endfacet
  facet normal 0.7518398074789776 -0.6593458151000686 0
    outer loop
      vertex -3.252748695194064 2.4959218589357546 17
      vertex -2.899137802864845 2.899137802864845 26
      vertex -3.252748695194064 2.4959218589357546 26
    endloop
  endfacet
  facet normal 0.6593458151000686 -0.7518398074789776 0
    outer loop
      vertex -2.899137802864845 2.899137802864845 17
      vertex -2.4959218589357546 3.252748695194064 26
      vertex -2.899137802864845 2.899137802864845 26
    endloop
  endfacet
  facet normal 0.5555702330196014 -0.8314696123025458 0
    outer loop
      vertex -2.4959218589357546 3.252748695194064 17
      vertex -2.05 3.550704155516198 26
      vertex -2.4959218589357546 3.252748695194064 26
    endloop
  endfacet
  facet normal 0.44228869021900147 -0.8968727415326881 0
    outer loop
      vertex -2.05 3.550704155516198 17
      vertex -1.5690020726968679 3.787906083296275 26
      vertex -2.05 3.550704155516198 26
    endloop
  endfacet
  facet normal 0.32143946530316236 -0.9469301294951054 0
    outer loop
      vertex -1.5690020726968679 3.787906083296275 17
      vertex -1.061158084920335 3.96029588778518 26
      vertex -1.5690020726968679 3.787906083296275 26
    endloop
  endfacet
  facet normal 0.19509032201612708 -0.9807852804032307 0
    outer loop
      vertex -1.061158084920335 3.96029588778518 17
      vertex -0.5351573881022114 4.064923931632622 26
      vertex -1.061158084920335 3.96029588778518 26
    endloop
  endfacet
  facet normal 0.0654031292301437 -0.9978589232386035 0
    outer loop
      vertex -0.5351573881022114 4.064923931632622 17
      vertex 0 4.1 26
      vertex -0.5351573881022114 4.064923931632622 26
    endloop
  endfacet
  facet normal 0 0 1
    outer loop
      vertex 0 -4.1 17
      vertex 0.5351573881022114 -4.064923931632622 17
      vertex 0.5351573881022114 4.064923931632622 17
    endloop
  endfacet
  facet normal 0 0 1
    outer loop
      vertex 0.5351573881022114 -4.064923931632622 17
      vertex 1.061158084920335 -3.96029588778518 17
      vertex 1.061158084920335 3.96029588778518 17
    endloop
  endfacet
  facet normal 0 0 1
    outer loop
      vertex 1.061158084920335 -3.96029588778518 17
      vertex 1.5690020726968679 -3.787906083296275 17
      vertex 1.5690020726968679 3.787906083296275 17
    endloop
  endfacet
  facet normal 0 0 1
    outer loop
      vertex 1.5690020726968679 -3.787906083296275 17
      vertex 2.05 -3.550704155516198 17
      vertex 2.05 3.550704155516198 17
    endloop
  endfacet
  facet normal 0 0 1
    outer loop
      vertex 2.05 -3.550704155516198 17
      vertex 2.4959218589357546 -3.252748695194064 17
      vertex 2.4959218589357546 3.252748695194064 17
    endloop
  endfacet
  facet normal 0 0 1
    outer loop
      vertex 2.4959218589357546 -3.252748695194064 17
      vertex 2.899137802864845 -2.899137802864845 17
      vertex 2.899137802864845 2.899137802864845 17
    endloop
  endfacet
  facet normal 0 0 1
    outer loop
      vertex 2.899137802864845 -2.899137802864845 17
      vertex 3.252748695194064 -2.4959218589357546 17
      vertex 3.252748695194064 2.4959218589357546 17
    endloop
  endfacet
  facet normal 0 0 1
    outer loop
      vertex 3.252748695194064 -2.4959218589357546 17
      vertex 3.550704155516198 -2.05 17
      vertex 3.550704155516198 2.05 17
    endloop
  endfacet
  facet normal 0 0 1
    outer loop
      vertex 3.550704155516198 -2.05 17
      vertex 3.787906083296275 -1.5690020726968679 17
      vertex 3.787906083296275 1.5690020726968679 17
    endloop
  endfacet
  facet normal 0 0 1
    outer loop
      vertex 3.787906083296275 -1.5690020726968679 17
      vertex 3.96029588778518 -1.061158084920335 17
      vertex 3.96029588778518 1.061158084920335 17
    endloop
  endfacet
  facet normal 0 0 1
    outer loop
      vertex 3.96029588778518 -1.061158084920335 17
      vertex 4.064923931632622 -0.5351573881022114 17
      vertex 4.064923931632622 0.5351573881022114 17
    endloop
  endfacet
  facet normal -0.0654031292301437 0.9978589232386035 0
    outer loop
      vertex 0 -4.1 17
      vertex 0 -4.1 26
      vertex 0.5351573881022114 -4.064923931632622 17
    endloop
  endfacet
  facet normal -0.19509032201612708 0.9807852804032307 0
    outer loop
      vertex 0.5351573881022114 -4.064923931632622 17
      vertex 0.5351573881022114 -4.064923931632622 26
      vertex 1.061158084920335 -3.96029588778518 17
    endloop
  endfacet
  facet normal -0.32143946530316236 0.9469301294951054 0
    outer loop
      vertex 1.061158084920335 -3.96029588778518 17
      vertex 1.061158084920335 -3.96029588778518 26
      vertex 1.5690020726968679 -3.787906083296275 17
    endloop
  endfacet
  facet normal -0.44228869021900147 0.8968727415326881 0
    outer loop
      vertex 1.5690020726968679 -3.787906083296275 17
      vertex 1.5690020726968679 -3.787906083296275 26
      vertex 2.05 -3.550704155516198 17
    endloop
  endfacet
  facet normal -0.5555702330196014 0.8314696123025458 0
    outer loop
      vertex 2.05 -3.550704155516198 17
      vertex 2.05 -3.550704155516198 26
      vertex 2.4959218589357546 -3.252748695194064 17
    endloop
  endfacet
  facet normal -0.6593458151000686 0.7518398074789776 0
    outer loop
      vertex 2.4959218589357546 -3.252748695194064 17
      vertex 2.4959218589357546 -3.252748695194064 26
      vertex 2.899137802864845 -2.899137802864845 17
    endloop
  endfacet
  facet normal -0.7518398074789776 0.6593458151000686 0
    outer loop
      vertex 2.899137802864845 -2.899137802864845 17
      vertex 2.899137802864845 -2.899137802864845 26
      vertex 3.252748695194064 -2.4959218589357546 17
    endloop
  endfacet
  facet normal -0.8314696123025458 0.5555702330196014 0
    outer loop
      vertex 3.252748695194064 -2.4959218589357546 17
      vertex 3.252748695194064 -2.4959218589357546 26
      vertex 3.550704155516198 -2.05 17
    endloop
  endfacet
  facet normal -0.8968727415326881 0.44228869021900147 0
    outer loop
      vertex 3.550704155516198 -2.05 17
      vertex 3.550704155516198 -2.05 26
      vertex 3.787906083296275 -1.5690020726968679 17
    endloop
  endfacet
  facet normal -0.9469301294951054 0.32143946530316236 0
    outer loop
      vertex 3.787906083296275 -1.5690020726968679 17
      vertex 3.787906083296275 -1.5690020726968679 26
      vertex 3.96029588778518 -1.061158084920335 17
    endloop
  endfacet
  facet normal -0.9807852804032307 0.19509032201612708 0
    outer loop
      vertex 3.96029588778518 -1.061158084920335 17
      vertex 3.96029588778518 -1.061158084920335 26
      vertex 4.064923931632622 -0.5351573881022114 17
    endloop
  endfacet
  facet normal -0.9978589232386035 0.0654031292301437 0
    outer loop
      vertex 4.064923931632622 -0.5351573881022114 17
      vertex 4.064923931632622 -0.5351573881022114 26
      vertex 4.1 0 17
    endloop
  endfacet
  facet normal -0.0654031292301437 0.9978589232386035 0
    outer loop
      vertex 0.5351573881022114 -4.064923931632622 17
      vertex 0 -4.1 26
      vertex 0.5351573881022114 -4.064923931632622 26
    endloop
  endfacet
  facet normal -0.19509032201612708 0.9807852804032307 0
    outer loop
      vertex 1.061158084920335 -3.96029588778518 17
      vertex 0.5351573881022114 -4.064923931632622 26
      vertex 1.061158084920335 -3.96029588778518 26
    endloop
  endfacet
  facet normal -0.32143946530316236 0.9469301294951054 0
    outer loop
      vertex 1.5690020726968679 -3.787906083296275 17
      vertex 1.061158084920335 -3.96029588778518 26
      vertex 1.5690020726968679 -3.787906083296275 26
    endloop
  endfacet
  facet normal -0.44228869021900147 0.8968727415326881 0
    outer loop
      vertex 2.05 -3.550704155516198 17
      vertex 1.5690020726968679 -3.787906083296275 26
      vertex 2.05 -3.550704155516198 26
    endloop
  endfacet
  facet normal -0.5555702330196014 0.8314696123025458 0
    outer loop
      vertex 2.4959218589357546 -3.252748695194064 17
      vertex 2.05 -3.550704155516198 26
      vertex 2.4959218589357546 -3.252748695194064 26
    endloop
  endfacet
  facet normal -0.6593458151000686 0.7518398074789776 0
    outer loop
      vertex 2.899137802864845 -2.899137802864845 17
      vertex 2.4959218589357546 -3.252748695194064 26
      vertex 2.899137802864845 -2.899137802864845 26
    endloop
  endfacet
  facet normal -0.7518398074789776 0.6593458151000686 0
    outer loop
      vertex 3.252748695194064 -2.4959218589357546 17
      vertex 2.899137802864845 -2.899137802864845 26
      vertex 3.252748695194064 -2.4959218589357546 26
    endloop
  endfacet
  facet normal -0.8314696123025458 0.5555702330196014 0
    outer loop
      vertex 3.550704155516198 -2.05 17
      vertex 3.252748695194064 -2.4959218589357546 26
      vertex 3.550704155516198 -2.05 26
    endloop
  endfacet
  facet normal -0.8968727415326881 0.44228869021900147 0
    outer loop
      vertex 3.787906083296275 -1.5690020726968679 17
      vertex 3.550704155516198 -2.05 26
      vertex 3.787906083296275 -1.5690020726968679 26
    endloop
  endfacet
  facet normal -0.9469301294951054 0.32143946530316236 0
    outer loop
      vertex 3.96029588778518 -1.061158084920335 17
      vertex 3.787906083296275 -1.5690020726968679 26
      vertex 3.96029588778518 -1.061158084920335 26
    endloop
  endfacet
  facet normal -0.9807852804032307 0.19509032201612708 0
    outer loop
      vertex 4.064923931632622 -0.5351573881022114 17
      vertex 3.96029588778518 -1.061158084920335 26
      vertex 4.064923931632622 -0.5351573881022114 26
    endloop
  endfacet
  facet normal -0.9978589232386035 0.0654031292301437 0
    outer loop
      vertex 4.1 0 17
      vertex 4.064923931632622 -0.5351573881022114 26
      vertex 4.1 0 26
    endloop
  endfacet
  facet normal 0 0 1
    outer loop
      vertex 0 -4.1 17
      vertex 0.5351573881022114 4.064923931632622 17
      vertex 0 4.1 17
    endloop
  endfacet
  facet normal 0 0 1
    outer loop
      vertex 0.5351573881022114 -4.064923931632622 17
      vertex 1.061158084920335 3.96029588778518 17
      vertex 0.5351573881022114 4.064923931632622 17
    endloop
  endfacet
  facet normal 0 0 1
    outer loop
      vertex 1.061158084920335 -3.96029588778518 17
      vertex 1.5690020726968679 3.787906083296275 17
      vertex 1.061158084920335 3.96029588778518 17
    endloop
  endfacet
  facet normal 0 0 1
    outer loop
      vertex 2.05 -3.550704155516198 17
      vertex 2.4959218589357546 3.252748695194064 17
      vertex 2.05 3.550704155516198 17
    endloop
  endfacet
  facet normal 0 0 1
    outer loop
      vertex 2.4959218589357546 -3.252748695194064 17
      vertex 2.899137802864845 2.899137802864845 17
      vertex 2.4959218589357546 3.252748695194064 17
    endloop
  endfacet
  facet normal 0 0 1
    outer loop
      vertex 2.899137802864845 -2.899137802864845 17
      vertex 3.252748695194064 2.4959218589357546 17
      vertex 2.899137802864845 2.899137802864845 17
    endloop
  endfacet
  facet normal 0 0 1
    outer loop
      vertex 1.5690020726968679 -3.787906083296275 17
      vertex 2.05 3.550704155516198 17
      vertex 1.5690020726968679 3.787906083296275 17
    endloop
  endfacet
  facet normal 0 0 1
    outer loop
      vertex 3.550704155516198 -2.05 17
      vertex 3.787906083296275 1.5690020726968679 17
      vertex 3.550704155516198 2.05 17
    endloop
  endfacet
  facet normal 0 0 1
    outer loop
      vertex 3.787906083296275 -1.5690020726968679 17
      vertex 3.96029588778518 1.061158084920335 17
      vertex 3.787906083296275 1.5690020726968679 17
    endloop
  endfacet
  facet normal 0 0 1
    outer loop
      vertex 3.252748695194064 -2.4959218589357546 17
      vertex 3.550704155516198 2.05 17
      vertex 3.252748695194064 2.4959218589357546 17
    endloop
  endfacet
  facet normal 0 0 1
    outer loop
      vertex 4.064923931632622 -0.5351573881022114 17
      vertex 4.1 0 17
      vertex 4.064923931632622 0.5351573881022114 17
    endloop
  endfacet
  facet normal 0 0 1
    outer loop
      vertex 3.96029588778518 -1.061158084920335 17
      vertex 4.064923931632622 0.5351573881022114 17
      vertex 3.96029588778518 1.061158084920335 17
    endloop
  endfacet
  facet normal -0.0654031292301437 -0.9978589232386035 3.5927339813245774e-19
    outer loop
      vertex 0 4.1 17
      vertex 0.5351573881022114 4.064923931632622 17
      vertex 0.5351573881022114 4.064923931632622 26
    endloop
  endfacet
  facet normal -0.19509032201612708 -0.9807852804032307 -6.92160858799788e-20
    outer loop
      vertex 0.5351573881022114 4.064923931632622 17
      vertex 1.061158084920335 3.96029588778518 17
      vertex 1.061158084920335 3.96029588778518 26
    endloop
  endfacet
  facet normal -0.32143946530316236 -0.9469301294951054 2.856715038141006e-19
    outer loop
      vertex 1.061158084920335 3.96029588778518 17
      vertex 1.5690020726968679 3.787906083296275 17
      vertex 1.5690020726968679 3.787906083296275 26
    endloop
  endfacet
  facet normal -0.6593458151000686 -0.7518398074789776 6.695111971311318e-19
    outer loop
      vertex 2.4959218589357546 3.252748695194064 17
      vertex 2.899137802864845 2.899137802864845 17
      vertex 2.899137802864845 2.899137802864845 26
    endloop
  endfacet
  facet normal -0.44228869021900147 -0.8968727415326881 1.2122284414668782e-18
    outer loop
      vertex 1.5690020726968679 3.787906083296275 17
      vertex 2.05 3.550704155516198 17
      vertex 2.05 3.550704155516198 26
    endloop
  endfacet
  facet normal -0.5555702330196014 -0.8314696123025458 0
    outer loop
      vertex 2.4959218589357546 3.252748695194064 17
      vertex 2.4959218589357546 3.252748695194064 26
      vertex 2.05 3.550704155516198 17
    endloop
  endfacet
  facet normal -0.9978589232386035 -0.0654031292301437 0
    outer loop
      vertex 4.1 0 17
      vertex 4.1 0 26
      vertex 4.064923931632622 0.5351573881022114 17
    endloop
  endfacet
  facet normal -0.9807852804032307 -0.19509032201612708 0
    outer loop
      vertex 4.064923931632622 0.5351573881022114 17
      vertex 4.064923931632622 0.5351573881022114 26
      vertex 3.96029588778518 1.061158084920335 17
    endloop
  endfacet
  facet normal -0.9469301294951054 -0.32143946530316236 0
    outer loop
      vertex 3.96029588778518 1.061158084920335 17
      vertex 3.96029588778518 1.061158084920335 26
      vertex 3.787906083296275 1.5690020726968679 17
    endloop
  endfacet
  facet normal -0.8968727415326881 -0.44228869021900147 0
    outer loop
      vertex 3.787906083296275 1.5690020726968679 17
      vertex 3.787906083296275 1.5690020726968679 26
      vertex 3.550704155516198 2.05 17
    endloop
  endfacet
  facet normal -0.8314696123025458 -0.5555702330196014 -1.250400261812079e-18
    outer loop
      vertex 3.252748695194064 2.4959218589357546 17
      vertex 3.550704155516198 2.05 17
      vertex 3.550704155516198 2.05 26
    endloop
  endfacet
  facet normal -0.7518398074789776 -0.6593458151000686 0
    outer loop
      vertex 3.252748695194064 2.4959218589357546 17
      vertex 3.252748695194064 2.4959218589357546 26
      vertex 2.899137802864845 2.899137802864845 17
    endloop
  endfacet
  facet normal -0.0654031292301437 -0.9978589232386035 0
    outer loop
      vertex 0 4.1 17
      vertex 0.5351573881022114 4.064923931632622 26
      vertex 0 4.1 26
    endloop
  endfacet
  facet normal -0.19509032201612708 -0.9807852804032307 0
    outer loop
      vertex 0.5351573881022114 4.064923931632622 17
      vertex 1.061158084920335 3.96029588778518 26
      vertex 0.5351573881022114 4.064923931632622 26
    endloop
  endfacet
  facet normal -0.32143946530316236 -0.9469301294951054 0
    outer loop
      vertex 1.061158084920335 3.96029588778518 17
      vertex 1.5690020726968679 3.787906083296275 26
      vertex 1.061158084920335 3.96029588778518 26
    endloop
  endfacet
  facet normal -0.6593458151000686 -0.7518398074789776 0
    outer loop
      vertex 2.4959218589357546 3.252748695194064 17
      vertex 2.899137802864845 2.899137802864845 26
      vertex 2.4959218589357546 3.252748695194064 26
    endloop
  endfacet
  facet normal -0.7518398074789776 -0.6593458151000686 0
    outer loop
      vertex 2.899137802864845 2.899137802864845 17
      vertex 3.252748695194064 2.4959218589357546 26
      vertex 2.899137802864845 2.899137802864845 26
    endloop
  endfacet
  facet normal -0.44228869021900147 -0.8968727415326881 0
    outer loop
      vertex 1.5690020726968679 3.787906083296275 17
      vertex 2.05 3.550704155516198 26
      vertex 1.5690020726968679 3.787906083296275 26
    endloop
  endfacet
  facet normal -0.5555702330196014 -0.8314696123025458 0
    outer loop
      vertex 2.05 3.550704155516198 17
      vertex 2.4959218589357546 3.252748695194064 26
      vertex 2.05 3.550704155516198 26
    endloop
  endfacet
  facet normal -0.9978589232386035 -0.0654031292301437 0
    outer loop
      vertex 4.064923931632622 0.5351573881022114 17
      vertex 4.1 0 26
      vertex 4.064923931632622 0.5351573881022114 26
    endloop
  endfacet
  facet normal -0.9807852804032307 -0.19509032201612708 0
    outer loop
      vertex 3.96029588778518 1.061158084920335 17
      vertex 4.064923931632622 0.5351573881022114 26
      vertex 3.96029588778518 1.061158084920335 26
    endloop
  endfacet
  facet normal -0.9469301294951054 -0.32143946530316236 0
    outer loop
      vertex 3.787906083296275 1.5690020726968679 17
      vertex 3.96029588778518 1.061158084920335 26
      vertex 3.787906083296275 1.5690020726968679 26
    endloop
  endfacet
  facet normal -0.8968727415326881 -0.44228869021900147 0
    outer loop
      vertex 3.550704155516198 2.05 17
      vertex 3.787906083296275 1.5690020726968679 26
      vertex 3.550704155516198 2.05 26
    endloop
  endfacet
  facet normal -0.8314696123025458 -0.5555702330196014 0
    outer loop
      vertex 3.252748695194064 2.4959218589357546 17
      vertex 3.550704155516198 2.05 26
      vertex 3.252748695194064 2.4959218589357546 26
    endloop
  endfacet
endsolid OpenSCAD_Model
