solid OpenSCAD_Model
  facet normal -0.4422886902190092 -0.8968727415326844 0
    outer loop
      vertex -40.14805029709527 -27.271638597533865 3
      vertex -40.14805029709527 -27.271638597533865 6
      vertex -40.5 -27.098076211353316 3
    endloop
  endfacet
  facet normal -0.8968727415326916 -0.4422886902189947 2.0306433611153428e-18
    outer loop
      vertex -41.77163859753386 -25.648050297095267 3
      vertex -41.598076211353316 -26 3
      vertex -41.598076211353316 -26 6
    endloop
  endfacet
  facet normal -0.9469301294951021 -0.3214394653031718 0
    outer loop
      vertex -41.77163859753386 -25.648050297095267 3
      vertex -41.77163859753386 -25.648050297095267 6
      vertex -41.897777478867205 -25.276457135307567 3
    endloop
  endfacet
  facet normal -0.6593458151000527 -0.7518398074789916 0
    outer loop
      vertex -40.82628428702616 -26.8800600208737 3
      vertex -40.82628428702616 -26.8800600208737 6
      vertex -41.121320343559645 -26.621320343559645 3
    endloop
  endfacet
  facet normal -0.7518398074789905 -0.6593458151000539 -5.510669551487089e-18
    outer loop
      vertex -41.38006002087371 -26.326284287026155 3
      vertex -41.121320343559645 -26.621320343559645 3
      vertex -41.121320343559645 -26.621320343559645 6
    endloop
  endfacet
  facet normal -0.8314696123025411 -0.5555702330196085 0
    outer loop
      vertex -41.38006002087371 -26.326284287026155 3
      vertex -41.38006002087371 -26.326284287026155 6
      vertex -41.598076211353316 -26 3
    endloop
  endfacet
  facet normal -0.5555702330196126 -0.8314696123025384 -3.484029985834894e-18
    outer loop
      vertex -40.82628428702616 -26.8800600208737 3
      vertex -40.5 -27.098076211353316 3
      vertex -40.5 -27.098076211353316 6
    endloop
  endfacet
  facet normal -0.9807852804032322 -0.19509032201611928 0
    outer loop
      vertex -41.897777478867205 -25.276457135307567 3
      vertex -41.897777478867205 -25.276457135307567 6
      vertex -41.97433458412143 -24.89157857666015 3
    endloop
  endfacet
  facet normal -0.9978589232386031 -0.0654031292301486 0
    outer loop
      vertex -41.97433458412143 -24.89157857666015 3
      vertex -41.97433458412143 -24.89157857666015 6
      vertex -42 -24.5 3
    endloop
  endfacet
  facet normal -0.9978589232386031 0.0654031292301486 0
    outer loop
      vertex -42 -24.5 3
      vertex -42 -24.5 6
      vertex -41.97433458412143 -24.10842142333985 3
    endloop
  endfacet
  facet normal -0.9807852804032322 0.19509032201611928 0
    outer loop
      vertex -41.97433458412143 -24.10842142333985 3
      vertex -41.97433458412143 -24.10842142333985 6
      vertex -41.897777478867205 -23.723542864692433 3
    endloop
  endfacet
  facet normal -0.9469301294951021 0.3214394653031718 0
    outer loop
      vertex -41.897777478867205 -23.723542864692433 3
      vertex -41.897777478867205 -23.723542864692433 6
      vertex -41.77163859753386 -23.351949702904733 3
    endloop
  endfacet
  facet normal -0.19509032201615756 -0.9807852804032244 -1.1725262252824e-18
    outer loop
      vertex -39.77645713530756 -27.397777478867198 3
      vertex -39.39157857666015 -27.474334584121436 3
      vertex -39.39157857666015 -27.474334584121436 6
    endloop
  endfacet
  facet normal -0.32143946530313383 -0.9469301294951151 1.7045075690523177e-18
    outer loop
      vertex -40.14805029709527 -27.271638597533865 3
      vertex -39.77645713530756 -27.397777478867198 3
      vertex -39.77645713530756 -27.397777478867198 6
    endloop
  endfacet
  facet normal -0.06540312923013057 -0.9978589232386043 3.1467951511922e-19
    outer loop
      vertex -39.39157857666015 -27.474334584121436 3
      vertex -39 -27.5 3
      vertex -39 -27.5 6
    endloop
  endfacet
  facet normal 0.06540312923013057 -0.9978589232386043 -3.1467951511922e-19
    outer loop
      vertex -39 -27.5 3
      vertex -38.60842142333985 -27.474334584121436 3
      vertex -38.60842142333985 -27.474334584121436 6
    endloop
  endfacet
  facet normal 0.19509032201615756 -0.9807852804032244 1.1725262252824e-18
    outer loop
      vertex -38.60842142333985 -27.474334584121436 3
      vertex -38.22354286469244 -27.397777478867198 3
      vertex -38.22354286469244 -27.397777478867198 6
    endloop
  endfacet
  facet normal 0.32143946530313383 -0.9469301294951151 -1.7045075690523177e-18
    outer loop
      vertex -38.22354286469244 -27.397777478867198 3
      vertex -37.85194970290473 -27.271638597533865 3
      vertex -37.85194970290473 -27.271638597533865 6
    endloop
  endfacet
  facet normal 0.4422886902190092 -0.8968727415326844 3.0635160857550764e-19
    outer loop
      vertex -37.85194970290473 -27.271638597533865 3
      vertex -37.5 -27.098076211353316 3
      vertex -37.5 -27.098076211353316 6
    endloop
  endfacet
  facet normal 0.5555702330196126 -0.8314696123025384 3.484029985834894e-18
    outer loop
      vertex -37.5 -27.098076211353316 3
      vertex -37.17371571297384 -26.8800600208737 3
      vertex -37.17371571297384 -26.8800600208737 6
    endloop
  endfacet
  facet normal 0.6593458151000527 -0.7518398074789916 -7.745373997183148e-19
    outer loop
      vertex -37.17371571297384 -26.8800600208737 3
      vertex -36.878679656440355 -26.621320343559645 3
      vertex -36.878679656440355 -26.621320343559645 6
    endloop
  endfacet
  facet normal 0.7518398074789905 -0.6593458151000539 5.510669551487089e-18
    outer loop
      vertex -36.878679656440355 -26.621320343559645 3
      vertex -36.61993997912629 -26.326284287026155 3
      vertex -36.61993997912629 -26.326284287026155 6
    endloop
  endfacet
  facet normal 0.8314696123025411 -0.5555702330196085 -4.553720877975974e-18
    outer loop
      vertex -36.61993997912629 -26.326284287026155 3
      vertex -36.401923788646684 -26 3
      vertex -36.401923788646684 -26 6
    endloop
  endfacet
  facet normal 0.8968727415326916 -0.4422886902189947 -2.0306433611153428e-18
    outer loop
      vertex -36.401923788646684 -26 3
      vertex -36.22836140246614 -25.648050297095267 3
      vertex -36.22836140246614 -25.648050297095267 6
    endloop
  endfacet
  facet normal 0.9469301294951021 -0.3214394653031718 -2.549837683449486e-18
    outer loop
      vertex -36.22836140246614 -25.648050297095267 3
      vertex -36.102222521132795 -25.276457135307567 3
      vertex -36.102222521132795 -25.276457135307567 6
    endloop
  endfacet
  facet normal 0.9807852804032322 -0.19509032201611928 -8.126871632437976e-19
    outer loop
      vertex -36.102222521132795 -25.276457135307567 3
      vertex -36.02566541587857 -24.89157857666015 3
      vertex -36.02566541587857 -24.89157857666015 6
    endloop
  endfacet
  facet normal 0.9978589232386031 -0.0654031292301486 -4.534124415595705e-19
    outer loop
      vertex -36.02566541587857 -24.89157857666015 3
      vertex -36 -24.5 3
      vertex -36 -24.5 6
    endloop
  endfacet
  facet normal 0.9978589232386031 0.0654031292301486 4.534124415595705e-19
    outer loop
      vertex -36 -24.5 3
      vertex -36.02566541587857 -24.10842142333985 3
      vertex -36.02566541587857 -24.10842142333985 6
    endloop
  endfacet
  facet normal 0.9807852804032322 0.19509032201611928 8.126871632437976e-19
    outer loop
      vertex -36.02566541587857 -24.10842142333985 3
      vertex -36.102222521132795 -23.723542864692433 3
      vertex -36.102222521132795 -23.723542864692433 6
    endloop
  endfacet
  facet normal 0.9469301294951021 0.3214394653031718 0
    outer loop
      vertex -36.22836140246614 -23.351949702904733 3
      vertex -36.22836140246614 -23.351949702904733 6
      vertex -36.102222521132795 -23.723542864692433 3
    endloop
  endfacet
  facet normal -0.8968727415326916 0.4422886902189947 0
    outer loop
      vertex -41.77163859753386 -23.351949702904733 3
      vertex -41.77163859753386 -23.351949702904733 6
      vertex -41.598076211353316 -23 3
    endloop
  endfacet
  facet normal -0.8314696123025411 0.5555702330196085 0
    outer loop
      vertex -41.598076211353316 -23 3
      vertex -41.598076211353316 -23 6
      vertex -41.38006002087371 -22.673715712973845 3
    endloop
  endfacet
  facet normal -0.7518398074789905 0.6593458151000539 0
    outer loop
      vertex -41.38006002087371 -22.673715712973845 3
      vertex -41.38006002087371 -22.673715712973845 6
      vertex -41.121320343559645 -22.378679656440355 3
    endloop
  endfacet
  facet normal -0.6593458151000527 0.7518398074789916 0
    outer loop
      vertex -41.121320343559645 -22.378679656440355 3
      vertex -41.121320343559645 -22.378679656440355 6
      vertex -40.82628428702616 -22.1199399791263 3
    endloop
  endfacet
  facet normal -0.5555702330196126 0.8314696123025384 0
    outer loop
      vertex -40.82628428702616 -22.1199399791263 3
      vertex -40.82628428702616 -22.1199399791263 6
      vertex -40.5 -21.901923788646684 3
    endloop
  endfacet
  facet normal -0.4422886902190092 0.8968727415326844 0
    outer loop
      vertex -40.5 -21.901923788646684 3
      vertex -40.5 -21.901923788646684 6
      vertex -40.14805029709527 -21.728361402466135 3
    endloop
  endfacet
  facet normal -0.32143946530313383 0.9469301294951151 0
    outer loop
      vertex -40.14805029709527 -21.728361402466135 3
      vertex -40.14805029709527 -21.728361402466135 6
      vertex -39.77645713530756 -21.602222521132802 3
    endloop
  endfacet
  facet normal -0.19509032201615756 0.9807852804032244 0
    outer loop
      vertex -39.77645713530756 -21.602222521132802 3
      vertex -39.77645713530756 -21.602222521132802 6
      vertex -39.39157857666015 -21.525665415878564 3
    endloop
  endfacet
  facet normal -0.06540312923013057 0.9978589232386043 0
    outer loop
      vertex -39.39157857666015 -21.525665415878564 3
      vertex -39.39157857666015 -21.525665415878564 6
      vertex -39 -21.5 3
    endloop
  endfacet
  facet normal 0.06540312923013057 0.9978589232386043 0
    outer loop
      vertex -39 -21.5 3
      vertex -39 -21.5 6
      vertex -38.60842142333985 -21.525665415878564 3
    endloop
  endfacet
  facet normal 0.19509032201615756 0.9807852804032244 0
    outer loop
      vertex -38.60842142333985 -21.525665415878564 3
      vertex -38.60842142333985 -21.525665415878564 6
      vertex -38.22354286469244 -21.602222521132802 3
    endloop
  endfacet
  facet normal 0.7518398074789905 0.6593458151000539 -5.510669551487089e-18
    outer loop
      vertex -36.61993997912629 -22.673715712973845 3
      vertex -36.878679656440355 -22.378679656440355 3
      vertex -36.878679656440355 -22.378679656440355 6
    endloop
  endfacet
  facet normal 0.32143946530313383 0.9469301294951151 0
    outer loop
      vertex -38.22354286469244 -21.602222521132802 3
      vertex -38.22354286469244 -21.602222521132802 6
      vertex -37.85194970290473 -21.728361402466135 3
    endloop
  endfacet
  facet normal 0.4422886902190092 0.8968727415326844 -3.0635160857550764e-19
    outer loop
      vertex -37.5 -21.901923788646684 3
      vertex -37.85194970290473 -21.728361402466135 3
      vertex -37.85194970290473 -21.728361402466135 6
    endloop
  endfacet
  facet normal 0.6593458151000527 0.7518398074789916 7.745373997183148e-19
    outer loop
      vertex -36.878679656440355 -22.378679656440355 3
      vertex -37.17371571297384 -22.1199399791263 3
      vertex -37.17371571297384 -22.1199399791263 6
    endloop
  endfacet
  facet normal 0.5555702330196126 0.8314696123025384 0
    outer loop
      vertex -37.5 -21.901923788646684 3
      vertex -37.5 -21.901923788646684 6
      vertex -37.17371571297384 -22.1199399791263 3
    endloop
  endfacet
  facet normal 0.8968727415326916 0.4422886902189947 2.0306433611153428e-18
    outer loop
      vertex -36.22836140246614 -23.351949702904733 3
      vertex -36.401923788646684 -23 3
      vertex -36.401923788646684 -23 6
    endloop
  endfacet
  facet normal 0.8314696123025411 0.5555702330196085 0
    outer loop
      vertex -36.61993997912629 -22.673715712973845 3
      vertex -36.61993997912629 -22.673715712973845 6
      vertex -36.401923788646684 -23 3
    endloop
  endfacet
  facet normal -0.4422886902190092 -0.8968727415326844 0
    outer loop
      vertex -40.5 -27.098076211353316 3
      vertex -40.14805029709527 -27.271638597533865 6
      vertex -40.5 -27.098076211353316 6
    endloop
  endfacet
  facet normal -0.32143946530313383 -0.9469301294951151 0
    outer loop
      vertex -40.14805029709527 -27.271638597533865 3
      vertex -39.77645713530756 -27.397777478867198 6
      vertex -40.14805029709527 -27.271638597533865 6
    endloop
  endfacet
  facet normal -0.8968727415326916 -0.4422886902189947 0
    outer loop
      vertex -41.77163859753386 -25.648050297095267 3
      vertex -41.598076211353316 -26 6
      vertex -41.77163859753386 -25.648050297095267 6
    endloop
  endfacet
  facet normal -0.9469301294951021 -0.3214394653031718 0
    outer loop
      vertex -41.897777478867205 -25.276457135307567 3
      vertex -41.77163859753386 -25.648050297095267 6
      vertex -41.897777478867205 -25.276457135307567 6
    endloop
  endfacet
  facet normal -0.6593458151000527 -0.7518398074789916 0
    outer loop
      vertex -41.121320343559645 -26.621320343559645 3
      vertex -40.82628428702616 -26.8800600208737 6
      vertex -41.121320343559645 -26.621320343559645 6
    endloop
  endfacet
  facet normal -0.7518398074789905 -0.6593458151000539 0
    outer loop
      vertex -41.38006002087371 -26.326284287026155 3
      vertex -41.121320343559645 -26.621320343559645 6
      vertex -41.38006002087371 -26.326284287026155 6
    endloop
  endfacet
  facet normal -0.5555702330196126 -0.8314696123025384 0
    outer loop
      vertex -40.82628428702616 -26.8800600208737 3
      vertex -40.5 -27.098076211353316 6
      vertex -40.82628428702616 -26.8800600208737 6
    endloop
  endfacet
  facet normal -0.8314696123025411 -0.5555702330196085 0
    outer loop
      vertex -41.598076211353316 -26 3
      vertex -41.38006002087371 -26.326284287026155 6
      vertex -41.598076211353316 -26 6
    endloop
  endfacet
  facet normal -0.9807852804032322 -0.19509032201611928 0
    outer loop
      vertex -41.97433458412143 -24.89157857666015 3
      vertex -41.897777478867205 -25.276457135307567 6
      vertex -41.97433458412143 -24.89157857666015 6
    endloop
  endfacet
  facet normal -0.9978589232386031 -0.0654031292301486 0
    outer loop
      vertex -42 -24.5 3
      vertex -41.97433458412143 -24.89157857666015 6
      vertex -42 -24.5 6
    endloop
  endfacet
  facet normal -0.9978589232386031 0.0654031292301486 0
    outer loop
      vertex -41.97433458412143 -24.10842142333985 3
      vertex -42 -24.5 6
      vertex -41.97433458412143 -24.10842142333985 6
    endloop
  endfacet
  facet normal -0.9807852804032322 0.19509032201611928 0
    outer loop
      vertex -41.897777478867205 -23.723542864692433 3
      vertex -41.97433458412143 -24.10842142333985 6
      vertex -41.897777478867205 -23.723542864692433 6
    endloop
  endfacet
  facet normal -0.9469301294951021 0.3214394653031718 0
    outer loop
      vertex -41.77163859753386 -23.351949702904733 3
      vertex -41.897777478867205 -23.723542864692433 6
      vertex -41.77163859753386 -23.351949702904733 6
    endloop
  endfacet
  facet normal -0.19509032201615756 -0.9807852804032244 0
    outer loop
      vertex -39.77645713530756 -27.397777478867198 3
      vertex -39.39157857666015 -27.474334584121436 6
      vertex -39.77645713530756 -27.397777478867198 6
    endloop
  endfacet
  facet normal -0.06540312923013057 -0.9978589232386043 0
    outer loop
      vertex -39.39157857666015 -27.474334584121436 3
      vertex -39 -27.5 6
      vertex -39.39157857666015 -27.474334584121436 6
    endloop
  endfacet
  facet normal 0.06540312923013057 -0.9978589232386043 0
    outer loop
      vertex -39 -27.5 3
      vertex -38.60842142333985 -27.474334584121436 6
      vertex -39 -27.5 6
    endloop
  endfacet
  facet normal 0.19509032201615756 -0.9807852804032244 0
    outer loop
      vertex -38.60842142333985 -27.474334584121436 3
      vertex -38.22354286469244 -27.397777478867198 6
      vertex -38.60842142333985 -27.474334584121436 6
    endloop
  endfacet
  facet normal 0.32143946530313383 -0.9469301294951151 0
    outer loop
      vertex -38.22354286469244 -27.397777478867198 3
      vertex -37.85194970290473 -27.271638597533865 6
      vertex -38.22354286469244 -27.397777478867198 6
    endloop
  endfacet
  facet normal 0.4422886902190092 -0.8968727415326844 0
    outer loop
      vertex -37.85194970290473 -27.271638597533865 3
      vertex -37.5 -27.098076211353316 6
      vertex -37.85194970290473 -27.271638597533865 6
    endloop
  endfacet
  facet normal 0.5555702330196126 -0.8314696123025384 0
    outer loop
      vertex -37.5 -27.098076211353316 3
      vertex -37.17371571297384 -26.8800600208737 6
      vertex -37.5 -27.098076211353316 6
    endloop
  endfacet
  facet normal 0.6593458151000527 -0.7518398074789916 0
    outer loop
      vertex -37.17371571297384 -26.8800600208737 3
      vertex -36.878679656440355 -26.621320343559645 6
      vertex -37.17371571297384 -26.8800600208737 6
    endloop
  endfacet
  facet normal 0.7518398074789905 -0.6593458151000539 0
    outer loop
      vertex -36.878679656440355 -26.621320343559645 3
      vertex -36.61993997912629 -26.326284287026155 6
      vertex -36.878679656440355 -26.621320343559645 6
    endloop
  endfacet
  facet normal 0.8314696123025411 -0.5555702330196085 0
    outer loop
      vertex -36.61993997912629 -26.326284287026155 3
      vertex -36.401923788646684 -26 6
      vertex -36.61993997912629 -26.326284287026155 6
    endloop
  endfacet
  facet normal 0.8968727415326916 -0.4422886902189947 0
    outer loop
      vertex -36.401923788646684 -26 3
      vertex -36.22836140246614 -25.648050297095267 6
      vertex -36.401923788646684 -26 6
    endloop
  endfacet
  facet normal 0.9469301294951021 -0.3214394653031718 0
    outer loop
      vertex -36.22836140246614 -25.648050297095267 3
      vertex -36.102222521132795 -25.276457135307567 6
      vertex -36.22836140246614 -25.648050297095267 6
    endloop
  endfacet
  facet normal 0.9807852804032322 -0.19509032201611928 0
    outer loop
      vertex -36.102222521132795 -25.276457135307567 3
      vertex -36.02566541587857 -24.89157857666015 6
      vertex -36.102222521132795 -25.276457135307567 6
    endloop
  endfacet
  facet normal 0.9978589232386031 -0.0654031292301486 0
    outer loop
      vertex -36.02566541587857 -24.89157857666015 3
      vertex -36 -24.5 6
      vertex -36.02566541587857 -24.89157857666015 6
    endloop
  endfacet
  facet normal 0.9978589232386031 0.0654031292301486 0
    outer loop
      vertex -36 -24.5 3
      vertex -36.02566541587857 -24.10842142333985 6
      vertex -36 -24.5 6
    endloop
  endfacet
  facet normal 0.9807852804032322 0.19509032201611928 0
    outer loop
      vertex -36.02566541587857 -24.10842142333985 3
      vertex -36.102222521132795 -23.723542864692433 6
      vertex -36.02566541587857 -24.10842142333985 6
    endloop
  endfacet
  facet normal 0.9469301294951021 0.3214394653031718 0
    outer loop
      vertex -36.102222521132795 -23.723542864692433 3
      vertex -36.22836140246614 -23.351949702904733 6
      vertex -36.102222521132795 -23.723542864692433 6
    endloop
  endfacet
  facet normal 0 0 1
    outer loop
      vertex -40.14805029709527 -27.271638597533865 6
      vertex -39.77645713530756 -27.397777478867198 6
      vertex -39.952627944162884 -25.049999999999997 6
    endloop
  endfacet
  facet normal 0 0 1
    outer loop
      vertex -41.38006002087371 -26.326284287026155 6
      vertex -41.121320343559645 -26.621320343559645 6
      vertex -41.38006002087371 -22.673715712973845 6
    endloop
  endfacet
  facet normal 0 0 1
    outer loop
      vertex -40.82628428702616 -26.8800600208737 6
      vertex -41.121320343559645 -22.378679656440355 6
      vertex -41.121320343559645 -26.621320343559645 6
    endloop
  endfacet
  facet normal 0 0 1
    outer loop
      vertex -40.14805029709527 -27.271638597533865 6
      vertex -39.952627944162884 -25.049999999999997 6
      vertex -40.01626748576241 -24.920951775601594 6
    endloop
  endfacet
  facet normal 0 0 1
    outer loop
      vertex -40.82628428702616 -26.8800600208737 6
      vertex -40.5 -27.098076211353316 6
      vertex -40.82628428702616 -22.1199399791263 6
    endloop
  endfacet
  facet normal 0 0 1
    outer loop
      vertex -40.14805029709527 -27.271638597533865 6
      vertex -40.5 -21.901923788646684 6
      vertex -40.5 -27.098076211353316 6
    endloop
  endfacet
  facet normal 0 0 1
    outer loop
      vertex -40.14805029709527 -27.271638597533865 6
      vertex -40.01626748576241 -24.920951775601594 6
      vertex -40.062518408917974 -24.78470094961277 6
    endloop
  endfacet
  facet normal 0 0 1
    outer loop
      vertex -40.14805029709527 -27.271638597533865 6
      vertex -40.062518408917974 -24.78470094961277 6
      vertex -40.09058934751119 -24.643578811442055 6
    endloop
  endfacet
  facet normal 0 0 1
    outer loop
      vertex -40.14805029709527 -27.271638597533865 6
      vertex -40.09058934751119 -24.643578811442055 6
      vertex -40.1 -24.5 6
    endloop
  endfacet
  facet normal 0 0 1
    outer loop
      vertex -41.77163859753386 -25.648050297095267 6
      vertex -41.598076211353316 -26 6
      vertex -41.77163859753386 -23.351949702904733 6
    endloop
  endfacet
  facet normal 0 0 1
    outer loop
      vertex -41.77163859753386 -25.648050297095267 6
      vertex -41.897777478867205 -23.723542864692433 6
      vertex -41.897777478867205 -25.276457135307567 6
    endloop
  endfacet
  facet normal 0 0 1
    outer loop
      vertex -41.897777478867205 -25.276457135307567 6
      vertex -41.97433458412143 -24.10842142333985 6
      vertex -41.97433458412143 -24.89157857666015 6
    endloop
  endfacet
  facet normal 0 0 1
    outer loop
      vertex -41.97433458412143 -24.89157857666015 6
      vertex -41.97433458412143 -24.10842142333985 6
      vertex -42 -24.5 6
    endloop
  endfacet
  facet normal 0 0 1
    outer loop
      vertex -41.897777478867205 -25.276457135307567 6
      vertex -41.897777478867205 -23.723542864692433 6
      vertex -41.97433458412143 -24.10842142333985 6
    endloop
  endfacet
  facet normal 0 0 1
    outer loop
      vertex -41.77163859753386 -25.648050297095267 6
      vertex -41.77163859753386 -23.351949702904733 6
      vertex -41.897777478867205 -23.723542864692433 6
    endloop
  endfacet
  facet normal 0 0 1
    outer loop
      vertex -41.598076211353316 -26 6
      vertex -41.598076211353316 -23 6
      vertex -41.77163859753386 -23.351949702904733 6
    endloop
  endfacet
  facet normal 0 0 1
    outer loop
      vertex -41.38006002087371 -26.326284287026155 6
      vertex -41.598076211353316 -23 6
      vertex -41.598076211353316 -26 6
    endloop
  endfacet
  facet normal 0 0 1
    outer loop
      vertex -40.14805029709527 -27.271638597533865 6
      vertex -40.1 -24.5 6
      vertex -40.14805029709527 -21.728361402466135 6
    endloop
  endfacet
  facet normal 0 0 1
    outer loop
      vertex -41.38006002087371 -26.326284287026155 6
      vertex -41.38006002087371 -22.673715712973845 6
      vertex -41.598076211353316 -23 6
    endloop
  endfacet
  facet normal 0 0 1
    outer loop
      vertex -41.121320343559645 -26.621320343559645 6
      vertex -41.121320343559645 -22.378679656440355 6
      vertex -41.38006002087371 -22.673715712973845 6
    endloop
  endfacet
  facet normal 0 0 1
    outer loop
      vertex -40.82628428702616 -26.8800600208737 6
      vertex -40.82628428702616 -22.1199399791263 6
      vertex -41.121320343559645 -22.378679656440355 6
    endloop
  endfacet
  facet normal 0 0 1
    outer loop
      vertex -40.5 -27.098076211353316 6
      vertex -40.5 -21.901923788646684 6
      vertex -40.82628428702616 -22.1199399791263 6
    endloop
  endfacet
  facet normal 0 0 1
    outer loop
      vertex -40.14805029709527 -27.271638597533865 6
      vertex -40.14805029709527 -21.728361402466135 6
      vertex -40.5 -21.901923788646684 6
    endloop
  endfacet
  facet normal 0 0 1
    outer loop
      vertex -40.14805029709527 -21.728361402466135 6
      vertex -40.1 -24.5 6
      vertex -40.09058934751119 -24.356421188557945 6
    endloop
  endfacet
  facet normal 0 0 1
    outer loop
      vertex -40.14805029709527 -21.728361402466135 6
      vertex -40.09058934751119 -24.356421188557945 6
      vertex -40.062518408917974 -24.21529905038723 6
    endloop
  endfacet
  facet normal 0 0 1
    outer loop
      vertex -40.14805029709527 -21.728361402466135 6
      vertex -40.062518408917974 -24.21529905038723 6
      vertex -40.01626748576241 -24.079048224398406 6
    endloop
  endfacet
  facet normal 0 0 1
    outer loop
      vertex -40.14805029709527 -21.728361402466135 6
      vertex -40.01626748576241 -24.079048224398406 6
      vertex -39.952627944162884 -23.950000000000003 6
    endloop
  endfacet
  facet normal 0 0 1
    outer loop
      vertex -39.77645713530756 -27.397777478867198 6
      vertex -39.39157857666015 -27.474334584121436 6
      vertex -39.55 -25.452627944162884 6
    endloop
  endfacet
  facet normal 0 0 1
    outer loop
      vertex -39.39157857666015 -27.474334584121436 6
      vertex -39 -27.5 6
      vertex -39.143578811442055 -25.590589347511198 6
    endloop
  endfacet
  facet normal 0 0 1
    outer loop
      vertex -39.39157857666015 -27.474334584121436 6
      vertex -39.28470094961277 -25.56251840891798 6
      vertex -39.4209517756016 -25.516267485762413 6
    endloop
  endfacet
  facet normal 0 0 1
    outer loop
      vertex -39.39157857666015 -27.474334584121436 6
      vertex -39.143578811442055 -25.590589347511198 6
      vertex -39.28470094961277 -25.56251840891798 6
    endloop
  endfacet
  facet normal 0 0 1
    outer loop
      vertex -39 -27.5 6
      vertex -38.60842142333985 -27.474334584121436 6
      vertex -38.856421188557945 -25.590589347511198 6
    endloop
  endfacet
  facet normal 0 0 1
    outer loop
      vertex -38.60842142333985 -27.474334584121436 6
      vertex -38.22354286469244 -27.397777478867198 6
      vertex -38.71529905038723 -25.56251840891798 6
    endloop
  endfacet
  facet normal 0 0 1
    outer loop
      vertex -39 -27.5 6
      vertex -39 -25.599999999999994 6
      vertex -39.143578811442055 -25.590589347511198 6
    endloop
  endfacet
  facet normal 0 0 1
    outer loop
      vertex -39 -27.5 6
      vertex -38.856421188557945 -25.590589347511198 6
      vertex -39 -25.599999999999994 6
    endloop
  endfacet
  facet normal 0 0 1
    outer loop
      vertex -38.60842142333985 -27.474334584121436 6
      vertex -38.71529905038723 -25.56251840891798 6
      vertex -38.856421188557945 -25.590589347511198 6
    endloop
  endfacet
  facet normal 0 0 1
    outer loop
      vertex -38.22354286469244 -27.397777478867198 6
      vertex -38.5790482243984 -25.516267485762413 6
      vertex -38.71529905038723 -25.56251840891798 6
    endloop
  endfacet
  facet normal 0 0 1
    outer loop
      vertex -39.77645713530756 -27.397777478867198 6
      vertex -39.66963757190959 -25.372688674320358 6
      vertex -39.777817459305204 -25.277817459305197 6
    endloop
  endfacet
  facet normal 0 0 1
    outer loop
      vertex -39.77645713530756 -27.397777478867198 6
      vertex -39.777817459305204 -25.277817459305197 6
      vertex -39.87268867432036 -25.16963757190959 6
    endloop
  endfacet
  facet normal 0 0 1
    outer loop
      vertex -39.77645713530756 -27.397777478867198 6
      vertex -39.55 -25.452627944162884 6
      vertex -39.66963757190959 -25.372688674320358 6
    endloop
  endfacet
  facet normal 0 0 1
    outer loop
      vertex -39.77645713530756 -27.397777478867198 6
      vertex -39.87268867432036 -25.16963757190959 6
      vertex -39.952627944162884 -25.049999999999997 6
    endloop
  endfacet
  facet normal 0 0 1
    outer loop
      vertex -39.39157857666015 -27.474334584121436 6
      vertex -39.4209517756016 -25.516267485762413 6
      vertex -39.55 -25.452627944162884 6
    endloop
  endfacet
  facet normal 0 0 1
    outer loop
      vertex -38.22354286469244 -27.397777478867198 6
      vertex -38.45 -25.452627944162884 6
      vertex -38.5790482243984 -25.516267485762413 6
    endloop
  endfacet
  facet normal 0 0 1
    outer loop
      vertex -38.22354286469244 -27.397777478867198 6
      vertex -38.33036242809041 -25.372688674320358 6
      vertex -38.45 -25.452627944162884 6
    endloop
  endfacet
  facet normal 0 0 1
    outer loop
      vertex -38.22354286469244 -27.397777478867198 6
      vertex -37.85194970290473 -27.271638597533865 6
      vertex -38.33036242809041 -25.372688674320358 6
    endloop
  endfacet
  facet normal 0 0 1
    outer loop
      vertex -37.85194970290473 -27.271638597533865 6
      vertex -38.222182540694796 -25.277817459305197 6
      vertex -38.33036242809041 -25.372688674320358 6
    endloop
  endfacet
  facet normal 0 0 1
    outer loop
      vertex -37.85194970290473 -27.271638597533865 6
      vertex -38.12731132567964 -25.16963757190959 6
      vertex -38.222182540694796 -25.277817459305197 6
    endloop
  endfacet
  facet normal 0 0 1
    outer loop
      vertex -37.85194970290473 -27.271638597533865 6
      vertex -38.047372055837116 -25.049999999999997 6
      vertex -38.12731132567964 -25.16963757190959 6
    endloop
  endfacet
  facet normal 0 0 1
    outer loop
      vertex -37.85194970290473 -27.271638597533865 6
      vertex -37.98373251423759 -24.920951775601594 6
      vertex -38.047372055837116 -25.049999999999997 6
    endloop
  endfacet
  facet normal 0 0 1
    outer loop
      vertex -37.85194970290473 -27.271638597533865 6
      vertex -37.937481591082026 -24.78470094961277 6
      vertex -37.98373251423759 -24.920951775601594 6
    endloop
  endfacet
  facet normal 0 0 1
    outer loop
      vertex -37.85194970290473 -27.271638597533865 6
      vertex -37.90941065248881 -24.643578811442055 6
      vertex -37.937481591082026 -24.78470094961277 6
    endloop
  endfacet
  facet normal 0 0 1
    outer loop
      vertex -37.85194970290473 -27.271638597533865 6
      vertex -37.9 -24.5 6
      vertex -37.90941065248881 -24.643578811442055 6
    endloop
  endfacet
  facet normal 0 0 1
    outer loop
      vertex -37.85194970290473 -27.271638597533865 6
      vertex -37.5 -27.098076211353316 6
      vertex -37.85194970290473 -21.728361402466135 6
    endloop
  endfacet
  facet normal 0 0 1
    outer loop
      vertex -37.5 -27.098076211353316 6
      vertex -37.17371571297384 -26.8800600208737 6
      vertex -37.5 -21.901923788646684 6
    endloop
  endfacet
  facet normal 0 0 1
    outer loop
      vertex -37.17371571297384 -26.8800600208737 6
      vertex -36.878679656440355 -26.621320343559645 6
      vertex -37.17371571297384 -22.1199399791263 6
    endloop
  endfacet
  facet normal 0 0 1
    outer loop
      vertex -37.85194970290473 -27.271638597533865 6
      vertex -37.85194970290473 -21.728361402466135 6
      vertex -37.9 -24.5 6
    endloop
  endfacet
  facet normal 0 0 1
    outer loop
      vertex -36.878679656440355 -26.621320343559645 6
      vertex -36.61993997912629 -26.326284287026155 6
      vertex -36.878679656440355 -22.378679656440355 6
    endloop
  endfacet
  facet normal 0 0 1
    outer loop
      vertex -37.85194970290473 -21.728361402466135 6
      vertex -37.90941065248881 -24.356421188557945 6
      vertex -37.9 -24.5 6
    endloop
  endfacet
  facet normal 0 0 1
    outer loop
      vertex -37.85194970290473 -21.728361402466135 6
      vertex -37.937481591082026 -24.21529905038723 6
      vertex -37.90941065248881 -24.356421188557945 6
    endloop
  endfacet
  facet normal 0 0 1
    outer loop
      vertex -37.85194970290473 -21.728361402466135 6
      vertex -38.047372055837116 -23.950000000000003 6
      vertex -37.98373251423759 -24.079048224398406 6
    endloop
  endfacet
  facet normal 0 0 1
    outer loop
      vertex -37.85194970290473 -21.728361402466135 6
      vertex -37.98373251423759 -24.079048224398406 6
      vertex -37.937481591082026 -24.21529905038723 6
    endloop
  endfacet
  facet normal 0 0 1
    outer loop
      vertex -37.5 -27.098076211353316 6
      vertex -37.5 -21.901923788646684 6
      vertex -37.85194970290473 -21.728361402466135 6
    endloop
  endfacet
  facet normal 0 0 1
    outer loop
      vertex -36.61993997912629 -26.326284287026155 6
      vertex -36.61993997912629 -22.673715712973845 6
      vertex -36.878679656440355 -22.378679656440355 6
    endloop
  endfacet
  facet normal 0 0 1
    outer loop
      vertex -37.17371571297384 -26.8800600208737 6
      vertex -37.17371571297384 -22.1199399791263 6
      vertex -37.5 -21.901923788646684 6
    endloop
  endfacet
  facet normal 0 0 1
    outer loop
      vertex -36.878679656440355 -26.621320343559645 6
      vertex -36.878679656440355 -22.378679656440355 6
      vertex -37.17371571297384 -22.1199399791263 6
    endloop
  endfacet
  facet normal 0 0 1
    outer loop
      vertex -36.61993997912629 -26.326284287026155 6
      vertex -36.401923788646684 -26 6
      vertex -36.61993997912629 -22.673715712973845 6
    endloop
  endfacet
  facet normal 0 0 1
    outer loop
      vertex -36.401923788646684 -26 6
      vertex -36.22836140246614 -25.648050297095267 6
      vertex -36.401923788646684 -23 6
    endloop
  endfacet
  facet normal 0 0 1
    outer loop
      vertex -36.22836140246614 -25.648050297095267 6
      vertex -36.102222521132795 -25.276457135307567 6
      vertex -36.22836140246614 -23.351949702904733 6
    endloop
  endfacet
  facet normal 0 0 1
    outer loop
      vertex -36.102222521132795 -25.276457135307567 6
      vertex -36.02566541587857 -24.89157857666015 6
      vertex -36.102222521132795 -23.723542864692433 6
    endloop
  endfacet
  facet normal 0 0 1
    outer loop
      vertex -36.02566541587857 -24.89157857666015 6
      vertex -36 -24.5 6
      vertex -36.02566541587857 -24.10842142333985 6
    endloop
  endfacet
  facet normal 0 0 1
    outer loop
      vertex -36.02566541587857 -24.89157857666015 6
      vertex -36.02566541587857 -24.10842142333985 6
      vertex -36.102222521132795 -23.723542864692433 6
    endloop
  endfacet
  facet normal 0 0 1
    outer loop
      vertex -36.22836140246614 -25.648050297095267 6
      vertex -36.22836140246614 -23.351949702904733 6
      vertex -36.401923788646684 -23 6
    endloop
  endfacet
  facet normal 0 0 1
    outer loop
      vertex -36.401923788646684 -26 6
      vertex -36.401923788646684 -23 6
      vertex -36.61993997912629 -22.673715712973845 6
    endloop
  endfacet
  facet normal 0 0 1
    outer loop
      vertex -36.102222521132795 -25.276457135307567 6
      vertex -36.102222521132795 -23.723542864692433 6
      vertex -36.22836140246614 -23.351949702904733 6
    endloop
  endfacet
  facet normal -0.8968727415326916 0.4422886902189947 0
    outer loop
      vertex -41.598076211353316 -23 3
      vertex -41.77163859753386 -23.351949702904733 6
      vertex -41.598076211353316 -23 6
    endloop
  endfacet
  facet normal -0.8314696123025411 0.5555702330196085 0
    outer loop
      vertex -41.38006002087371 -22.673715712973845 3
      vertex -41.598076211353316 -23 6
      vertex -41.38006002087371 -22.673715712973845 6
    endloop
  endfacet
  facet normal -0.7518398074789905 0.6593458151000539 0
    outer loop
      vertex -41.121320343559645 -22.378679656440355 3
      vertex -41.38006002087371 -22.673715712973845 6
      vertex -41.121320343559645 -22.378679656440355 6
    endloop
  endfacet
  facet normal -0.6593458151000527 0.7518398074789916 0
    outer loop
      vertex -40.82628428702616 -22.1199399791263 3
      vertex -41.121320343559645 -22.378679656440355 6
      vertex -40.82628428702616 -22.1199399791263 6
    endloop
  endfacet
  facet normal -0.5555702330196126 0.8314696123025384 0
    outer loop
      vertex -40.5 -21.901923788646684 3
      vertex -40.82628428702616 -22.1199399791263 6
      vertex -40.5 -21.901923788646684 6
    endloop
  endfacet
  facet normal -0.4422886902190092 0.8968727415326844 0
    outer loop
      vertex -40.14805029709527 -21.728361402466135 3
      vertex -40.5 -21.901923788646684 6
      vertex -40.14805029709527 -21.728361402466135 6
    endloop
  endfacet
  facet normal -0.32143946530313383 0.9469301294951151 0
    outer loop
      vertex -39.77645713530756 -21.602222521132802 3
      vertex -40.14805029709527 -21.728361402466135 6
      vertex -39.77645713530756 -21.602222521132802 6
    endloop
  endfacet
  facet normal -0.19509032201615756 0.9807852804032244 0
    outer loop
      vertex -39.39157857666015 -21.525665415878564 3
      vertex -39.77645713530756 -21.602222521132802 6
      vertex -39.39157857666015 -21.525665415878564 6
    endloop
  endfacet
  facet normal -0.06540312923013057 0.9978589232386043 0
    outer loop
      vertex -39 -21.5 3
      vertex -39.39157857666015 -21.525665415878564 6
      vertex -39 -21.5 6
    endloop
  endfacet
  facet normal 0.06540312923013057 0.9978589232386043 0
    outer loop
      vertex -38.60842142333985 -21.525665415878564 3
      vertex -39 -21.5 6
      vertex -38.60842142333985 -21.525665415878564 6
    endloop
  endfacet
  facet normal 0.19509032201615756 0.9807852804032244 0
    outer loop
      vertex -38.22354286469244 -21.602222521132802 3
      vertex -38.60842142333985 -21.525665415878564 6
      vertex -38.22354286469244 -21.602222521132802 6
    endloop
  endfacet
  facet normal 0.7518398074789905 0.6593458151000539 0
    outer loop
      vertex -36.61993997912629 -22.673715712973845 3
      vertex -36.878679656440355 -22.378679656440355 6
      vertex -36.61993997912629 -22.673715712973845 6
    endloop
  endfacet
  facet normal 0.6593458151000527 0.7518398074789916 0
    outer loop
      vertex -36.878679656440355 -22.378679656440355 3
      vertex -37.17371571297384 -22.1199399791263 6
      vertex -36.878679656440355 -22.378679656440355 6
    endloop
  endfacet
  facet normal 0.4422886902190092 0.8968727415326844 0
    outer loop
      vertex -37.5 -21.901923788646684 3
      vertex -37.85194970290473 -21.728361402466135 6
      vertex -37.5 -21.901923788646684 6
    endloop
  endfacet
  facet normal 0.32143946530313383 0.9469301294951151 0
    outer loop
      vertex -37.85194970290473 -21.728361402466135 3
      vertex -38.22354286469244 -21.602222521132802 6
      vertex -37.85194970290473 -21.728361402466135 6
    endloop
  endfacet
  facet normal 0.5555702330196126 0.8314696123025384 0
    outer loop
      vertex -37.17371571297384 -22.1199399791263 3
      vertex -37.5 -21.901923788646684 6
      vertex -37.17371571297384 -22.1199399791263 6
    endloop
  endfacet
  facet normal 0.8968727415326916 0.4422886902189947 0
    outer loop
      vertex -36.22836140246614 -23.351949702904733 3
      vertex -36.401923788646684 -23 6
      vertex -36.22836140246614 -23.351949702904733 6
    endloop
  endfacet
  facet normal 0.8314696123025411 0.5555702330196085 0
    outer loop
      vertex -36.401923788646684 -23 3
      vertex -36.61993997912629 -22.673715712973845 6
      vertex -36.401923788646684 -23 6
    endloop
  endfacet
  facet normal 0 0 1
    outer loop
      vertex -40.14805029709527 -21.728361402466135 6
      vertex -39.952627944162884 -23.950000000000003 6
      vertex -39.87268867432036 -23.83036242809041 6
    endloop
  endfacet
  facet normal 0 0 1
    outer loop
      vertex -40.14805029709527 -21.728361402466135 6
      vertex -39.87268867432036 -23.83036242809041 6
      vertex -39.777817459305204 -23.722182540694803 6
    endloop
  endfacet
  facet normal 0 0 1
    outer loop
      vertex -40.14805029709527 -21.728361402466135 6
      vertex -39.777817459305204 -23.722182540694803 6
      vertex -39.66963757190959 -23.627311325679642 6
    endloop
  endfacet
  facet normal 0 0 1
    outer loop
      vertex -39.77645713530756 -21.602222521132802 6
      vertex -39.66963757190959 -23.627311325679642 6
      vertex -39.55 -23.547372055837116 6
    endloop
  endfacet
  facet normal 0 0 1
    outer loop
      vertex -39.77645713530756 -21.602222521132802 6
      vertex -39.55 -23.547372055837116 6
      vertex -39.4209517756016 -23.483732514237587 6
    endloop
  endfacet
  facet normal 0 0 1
    outer loop
      vertex -39.77645713530756 -21.602222521132802 6
      vertex -39.4209517756016 -23.483732514237587 6
      vertex -39.28470094961277 -23.43748159108202 6
    endloop
  endfacet
  facet normal 0 0 1
    outer loop
      vertex -39.39157857666015 -21.525665415878564 6
      vertex -39.28470094961277 -23.43748159108202 6
      vertex -39.143578811442055 -23.409410652488802 6
    endloop
  endfacet
  facet normal 0 0 1
    outer loop
      vertex -40.14805029709527 -21.728361402466135 6
      vertex -39.66963757190959 -23.627311325679642 6
      vertex -39.77645713530756 -21.602222521132802 6
    endloop
  endfacet
  facet normal 0 0 1
    outer loop
      vertex -39 -21.5 6
      vertex -39.143578811442055 -23.409410652488802 6
      vertex -39 -23.400000000000006 6
    endloop
  endfacet
  facet normal 0 0 1
    outer loop
      vertex -39 -21.5 6
      vertex -39 -23.400000000000006 6
      vertex -38.856421188557945 -23.409410652488802 6
    endloop
  endfacet
  facet normal 0 0 1
    outer loop
      vertex -38.60842142333985 -21.525665415878564 6
      vertex -38.856421188557945 -23.409410652488802 6
      vertex -38.71529905038723 -23.43748159108202 6
    endloop
  endfacet
  facet normal 0 0 1
    outer loop
      vertex -38.60842142333985 -21.525665415878564 6
      vertex -38.71529905038723 -23.43748159108202 6
      vertex -38.5790482243984 -23.483732514237587 6
    endloop
  endfacet
  facet normal 0 0 1
    outer loop
      vertex -38.60842142333985 -21.525665415878564 6
      vertex -38.5790482243984 -23.483732514237587 6
      vertex -38.45 -23.547372055837116 6
    endloop
  endfacet
  facet normal 0 0 1
    outer loop
      vertex -38.22354286469244 -21.602222521132802 6
      vertex -38.45 -23.547372055837116 6
      vertex -38.33036242809041 -23.627311325679642 6
    endloop
  endfacet
  facet normal 0 0 1
    outer loop
      vertex -39.77645713530756 -21.602222521132802 6
      vertex -39.28470094961277 -23.43748159108202 6
      vertex -39.39157857666015 -21.525665415878564 6
    endloop
  endfacet
  facet normal 0 0 1
    outer loop
      vertex -39.39157857666015 -21.525665415878564 6
      vertex -39.143578811442055 -23.409410652488802 6
      vertex -39 -21.5 6
    endloop
  endfacet
  facet normal 0 0 1
    outer loop
      vertex -39 -21.5 6
      vertex -38.856421188557945 -23.409410652488802 6
      vertex -38.60842142333985 -21.525665415878564 6
    endloop
  endfacet
  facet normal 0 0 1
    outer loop
      vertex -38.60842142333985 -21.525665415878564 6
      vertex -38.45 -23.547372055837116 6
      vertex -38.22354286469244 -21.602222521132802 6
    endloop
  endfacet
  facet normal 0 0 1
    outer loop
      vertex -38.22354286469244 -21.602222521132802 6
      vertex -38.222182540694796 -23.722182540694803 6
      vertex -38.12731132567964 -23.83036242809041 6
    endloop
  endfacet
  facet normal 0 0 1
    outer loop
      vertex -38.22354286469244 -21.602222521132802 6
      vertex -38.12731132567964 -23.83036242809041 6
      vertex -38.047372055837116 -23.950000000000003 6
    endloop
  endfacet
  facet normal 0 0 1
    outer loop
      vertex -38.22354286469244 -21.602222521132802 6
      vertex -38.33036242809041 -23.627311325679642 6
      vertex -38.222182540694796 -23.722182540694803 6
    endloop
  endfacet
  facet normal 0 0 1
    outer loop
      vertex -38.22354286469244 -21.602222521132802 6
      vertex -38.047372055837116 -23.950000000000003 6
      vertex -37.85194970290473 -21.728361402466135 6
    endloop
  endfacet
  facet normal -0.4422886902190129 -0.8968727415326827 0
    outer loop
      vertex 17.85194970290473 -27.271638597533865 3
      vertex 17.85194970290473 -27.271638597533865 6
      vertex 17.5 -27.098076211353316 3
    endloop
  endfacet
  facet normal -0.32143946530313383 -0.9469301294951151 1.7045075690523177e-18
    outer loop
      vertex 17.85194970290473 -27.271638597533865 3
      vertex 18.223542864692437 -27.397777478867198 3
      vertex 18.223542864692437 -27.397777478867198 6
    endloop
  endfacet
  facet normal -0.19509032201615756 -0.9807852804032244 -1.1725262252824e-18
    outer loop
      vertex 18.223542864692437 -27.397777478867198 3
      vertex 18.608421423339845 -27.474334584121436 3
      vertex 18.608421423339845 -27.474334584121436 6
    endloop
  endfacet
  facet normal -0.06540312923012997 -0.9978589232386043 -5.145819561539496e-19
    outer loop
      vertex 18.608421423339845 -27.474334584121436 3
      vertex 19 -27.5 3
      vertex 19 -27.5 6
    endloop
  endfacet
  facet normal 0.06540312923012997 -0.9978589232386043 5.145819561539496e-19
    outer loop
      vertex 19 -27.5 3
      vertex 19.391578576660155 -27.474334584121436 3
      vertex 19.391578576660155 -27.474334584121436 6
    endloop
  endfacet
  facet normal 0.19509032201615756 -0.9807852804032244 1.1725262252824e-18
    outer loop
      vertex 19.391578576660155 -27.474334584121436 3
      vertex 19.776457135307563 -27.397777478867198 3
      vertex 19.776457135307563 -27.397777478867198 6
    endloop
  endfacet
  facet normal 0.32143946530313383 -0.9469301294951151 -1.7045075690523177e-18
    outer loop
      vertex 19.776457135307563 -27.397777478867198 3
      vertex 20.14805029709527 -27.271638597533865 3
      vertex 20.14805029709527 -27.271638597533865 6
    endloop
  endfacet
  facet normal -0.7518398074789859 -0.659345815100059 0
    outer loop
      vertex 16.878679656440358 -26.621320343559645 3
      vertex 16.878679656440358 -26.621320343559645 6
      vertex 16.619939979126293 -26.326284287026155 3
    endloop
  endfacet
  facet normal -0.8314696123025411 -0.5555702330196085 0
    outer loop
      vertex 16.619939979126293 -26.326284287026155 3
      vertex 16.619939979126293 -26.326284287026155 6
      vertex 16.401923788646684 -26 3
    endloop
  endfacet
  facet normal -0.8968727415326916 -0.4422886902189947 0
    outer loop
      vertex 16.401923788646684 -26 3
      vertex 16.401923788646684 -26 6
      vertex 16.228361402466142 -25.648050297095267 3
    endloop
  endfacet
  facet normal -0.9469301294951021 -0.3214394653031718 0
    outer loop
      vertex 16.228361402466142 -25.648050297095267 3
      vertex 16.228361402466142 -25.648050297095267 6
      vertex 16.102222521132795 -25.276457135307567 3
    endloop
  endfacet
  facet normal -0.9978589232386031 -0.0654031292301486 0
    outer loop
      vertex 16.02566541587857 -24.89157857666015 3
      vertex 16.02566541587857 -24.89157857666015 6
      vertex 16 -24.5 3
    endloop
  endfacet
  facet normal -0.9978589232386031 0.0654031292301486 0
    outer loop
      vertex 16 -24.5 3
      vertex 16 -24.5 6
      vertex 16.02566541587857 -24.10842142333985 3
    endloop
  endfacet
  facet normal -0.9807852804032322 -0.19509032201611928 0
    outer loop
      vertex 16.102222521132795 -25.276457135307567 3
      vertex 16.102222521132795 -25.276457135307567 6
      vertex 16.02566541587857 -24.89157857666015 3
    endloop
  endfacet
  facet normal -0.9807852804032322 0.19509032201611928 0
    outer loop
      vertex 16.02566541587857 -24.10842142333985 3
      vertex 16.02566541587857 -24.10842142333985 6
      vertex 16.102222521132795 -23.723542864692433 3
    endloop
  endfacet
  facet normal -0.9469301294951021 0.3214394653031718 0
    outer loop
      vertex 16.102222521132795 -23.723542864692433 3
      vertex 16.102222521132795 -23.723542864692433 6
      vertex 16.228361402466142 -23.351949702904733 3
    endloop
  endfacet
  facet normal -0.6593458151000571 -0.7518398074789876 3.572564858280731e-18
    outer loop
      vertex 16.878679656440358 -26.621320343559645 3
      vertex 17.173715712973838 -26.8800600208737 3
      vertex 17.173715712973838 -26.8800600208737 6
    endloop
  endfacet
  facet normal -0.5555702330196126 -0.8314696123025384 -3.484029985834894e-18
    outer loop
      vertex 17.173715712973838 -26.8800600208737 3
      vertex 17.5 -27.098076211353316 3
      vertex 17.5 -27.098076211353316 6
    endloop
  endfacet
  facet normal -0.8968727415326916 0.4422886902189947 0
    outer loop
      vertex 16.228361402466142 -23.351949702904733 3
      vertex 16.228361402466142 -23.351949702904733 6
      vertex 16.401923788646684 -23 3
    endloop
  endfacet
  facet normal -0.8314696123025411 0.5555702330196085 0
    outer loop
      vertex 16.401923788646684 -23 3
      vertex 16.401923788646684 -23 6
      vertex 16.619939979126293 -22.673715712973845 3
    endloop
  endfacet
  facet normal -0.7518398074789859 0.659345815100059 0
    outer loop
      vertex 16.619939979126293 -22.673715712973845 3
      vertex 16.619939979126293 -22.673715712973845 6
      vertex 16.878679656440358 -22.378679656440355 3
    endloop
  endfacet
  facet normal -0.6593458151000571 0.7518398074789876 0
    outer loop
      vertex 16.878679656440358 -22.378679656440355 3
      vertex 16.878679656440358 -22.378679656440355 6
      vertex 17.173715712973838 -22.1199399791263 3
    endloop
  endfacet
  facet normal -0.5555702330196126 0.8314696123025384 0
    outer loop
      vertex 17.173715712973838 -22.1199399791263 3
      vertex 17.173715712973838 -22.1199399791263 6
      vertex 17.5 -21.901923788646684 3
    endloop
  endfacet
  facet normal -0.4422886902190129 0.8968727415326827 0
    outer loop
      vertex 17.5 -21.901923788646684 3
      vertex 17.5 -21.901923788646684 6
      vertex 17.85194970290473 -21.728361402466135 3
    endloop
  endfacet
  facet normal -0.32143946530313383 0.9469301294951151 0
    outer loop
      vertex 17.85194970290473 -21.728361402466135 3
      vertex 17.85194970290473 -21.728361402466135 6
      vertex 18.223542864692437 -21.602222521132802 3
    endloop
  endfacet
  facet normal -0.19509032201615756 0.9807852804032244 0
    outer loop
      vertex 18.223542864692437 -21.602222521132802 3
      vertex 18.223542864692437 -21.602222521132802 6
      vertex 18.608421423339845 -21.525665415878564 3
    endloop
  endfacet
  facet normal -0.06540312923012997 0.9978589232386043 0
    outer loop
      vertex 18.608421423339845 -21.525665415878564 3
      vertex 18.608421423339845 -21.525665415878564 6
      vertex 19 -21.5 3
    endloop
  endfacet
  facet normal 0.06540312923012997 0.9978589232386043 0
    outer loop
      vertex 19 -21.5 3
      vertex 19 -21.5 6
      vertex 19.391578576660155 -21.525665415878564 3
    endloop
  endfacet
  facet normal 0.19509032201615756 0.9807852804032244 0
    outer loop
      vertex 19.391578576660155 -21.525665415878564 3
      vertex 19.391578576660155 -21.525665415878564 6
      vertex 19.776457135307563 -21.602222521132802 3
    endloop
  endfacet
  facet normal 0.32143946530313383 0.9469301294951151 0
    outer loop
      vertex 19.776457135307563 -21.602222521132802 3
      vertex 19.776457135307563 -21.602222521132802 6
      vertex 20.14805029709527 -21.728361402466135 3
    endloop
  endfacet
  facet normal -0.4422886902190129 -0.8968727415326827 0
    outer loop
      vertex 17.5 -27.098076211353316 3
      vertex 17.85194970290473 -27.271638597533865 6
      vertex 17.5 -27.098076211353316 6
    endloop
  endfacet
  facet normal -0.32143946530313383 -0.9469301294951151 0
    outer loop
      vertex 17.85194970290473 -27.271638597533865 3
      vertex 18.223542864692437 -27.397777478867198 6
      vertex 17.85194970290473 -27.271638597533865 6
    endloop
  endfacet
  facet normal -0.19509032201615756 -0.9807852804032244 0
    outer loop
      vertex 18.223542864692437 -27.397777478867198 3
      vertex 18.608421423339845 -27.474334584121436 6
      vertex 18.223542864692437 -27.397777478867198 6
    endloop
  endfacet
  facet normal -0.06540312923012997 -0.9978589232386043 0
    outer loop
      vertex 18.608421423339845 -27.474334584121436 3
      vertex 19 -27.5 6
      vertex 18.608421423339845 -27.474334584121436 6
    endloop
  endfacet
  facet normal 0.06540312923012997 -0.9978589232386043 0
    outer loop
      vertex 19 -27.5 3
      vertex 19.391578576660155 -27.474334584121436 6
      vertex 19 -27.5 6
    endloop
  endfacet
  facet normal 0.19509032201615756 -0.9807852804032244 0
    outer loop
      vertex 19.391578576660155 -27.474334584121436 3
      vertex 19.776457135307563 -27.397777478867198 6
      vertex 19.391578576660155 -27.474334584121436 6
    endloop
  endfacet
  facet normal 0.32143946530313383 -0.9469301294951151 0
    outer loop
      vertex 19.776457135307563 -27.397777478867198 3
      vertex 20.14805029709527 -27.271638597533865 6
      vertex 19.776457135307563 -27.397777478867198 6
    endloop
  endfacet
  facet normal -0.7518398074789859 -0.659345815100059 0
    outer loop
      vertex 16.619939979126293 -26.326284287026155 3
      vertex 16.878679656440358 -26.621320343559645 6
      vertex 16.619939979126293 -26.326284287026155 6
    endloop
  endfacet
  facet normal -0.8314696123025411 -0.5555702330196085 0
    outer loop
      vertex 16.401923788646684 -26 3
      vertex 16.619939979126293 -26.326284287026155 6
      vertex 16.401923788646684 -26 6
    endloop
  endfacet
  facet normal -0.8968727415326916 -0.4422886902189947 0
    outer loop
      vertex 16.228361402466142 -25.648050297095267 3
      vertex 16.401923788646684 -26 6
      vertex 16.228361402466142 -25.648050297095267 6
    endloop
  endfacet
  facet normal -0.9469301294951021 -0.3214394653031718 0
    outer loop
      vertex 16.102222521132795 -25.276457135307567 3
      vertex 16.228361402466142 -25.648050297095267 6
      vertex 16.102222521132795 -25.276457135307567 6
    endloop
  endfacet
  facet normal -0.9807852804032322 -0.19509032201611928 0
    outer loop
      vertex 16.02566541587857 -24.89157857666015 3
      vertex 16.102222521132795 -25.276457135307567 6
      vertex 16.02566541587857 -24.89157857666015 6
    endloop
  endfacet
  facet normal -0.9978589232386031 -0.0654031292301486 0
    outer loop
      vertex 16 -24.5 3
      vertex 16.02566541587857 -24.89157857666015 6
      vertex 16 -24.5 6
    endloop
  endfacet
  facet normal -0.9978589232386031 0.0654031292301486 0
    outer loop
      vertex 16.02566541587857 -24.10842142333985 3
      vertex 16 -24.5 6
      vertex 16.02566541587857 -24.10842142333985 6
    endloop
  endfacet
  facet normal -0.9807852804032322 0.19509032201611928 0
    outer loop
      vertex 16.102222521132795 -23.723542864692433 3
      vertex 16.02566541587857 -24.10842142333985 6
      vertex 16.102222521132795 -23.723542864692433 6
    endloop
  endfacet
  facet normal -0.9469301294951021 0.3214394653031718 0
    outer loop
      vertex 16.228361402466142 -23.351949702904733 3
      vertex 16.102222521132795 -23.723542864692433 6
      vertex 16.228361402466142 -23.351949702904733 6
    endloop
  endfacet
  facet normal -0.5555702330196126 -0.8314696123025384 0
    outer loop
      vertex 17.173715712973838 -26.8800600208737 3
      vertex 17.5 -27.098076211353316 6
      vertex 17.173715712973838 -26.8800600208737 6
    endloop
  endfacet
  facet normal -0.6593458151000571 -0.7518398074789876 0
    outer loop
      vertex 16.878679656440358 -26.621320343559645 3
      vertex 17.173715712973838 -26.8800600208737 6
      vertex 16.878679656440358 -26.621320343559645 6
    endloop
  endfacet
  facet normal 0 0 1
    outer loop
      vertex 16.878679656440358 -26.621320343559645 6
      vertex 16.619939979126293 -22.673715712973845 6
      vertex 16.619939979126293 -26.326284287026155 6
    endloop
  endfacet
  facet normal 0 0 1
    outer loop
      vertex 16.102222521132795 -25.276457135307567 6
      vertex 16.02566541587857 -24.10842142333985 6
      vertex 16.02566541587857 -24.89157857666015 6
    endloop
  endfacet
  facet normal 0 0 1
    outer loop
      vertex 16.02566541587857 -24.89157857666015 6
      vertex 16.02566541587857 -24.10842142333985 6
      vertex 16 -24.5 6
    endloop
  endfacet
  facet normal 0 0 1
    outer loop
      vertex 16.619939979126293 -26.326284287026155 6
      vertex 16.401923788646684 -23 6
      vertex 16.401923788646684 -26 6
    endloop
  endfacet
  facet normal 0 0 1
    outer loop
      vertex 16.401923788646684 -26 6
      vertex 16.228361402466142 -23.351949702904733 6
      vertex 16.228361402466142 -25.648050297095267 6
    endloop
  endfacet
  facet normal 0 0 1
    outer loop
      vertex 16.228361402466142 -25.648050297095267 6
      vertex 16.102222521132795 -23.723542864692433 6
      vertex 16.102222521132795 -25.276457135307567 6
    endloop
  endfacet
  facet normal 0 0 1
    outer loop
      vertex 16.102222521132795 -25.276457135307567 6
      vertex 16.102222521132795 -23.723542864692433 6
      vertex 16.02566541587857 -24.10842142333985 6
    endloop
  endfacet
  facet normal 0 0 1
    outer loop
      vertex 16.228361402466142 -25.648050297095267 6
      vertex 16.228361402466142 -23.351949702904733 6
      vertex 16.102222521132795 -23.723542864692433 6
    endloop
  endfacet
  facet normal 0 0 1
    outer loop
      vertex 16.401923788646684 -26 6
      vertex 16.401923788646684 -23 6
      vertex 16.228361402466142 -23.351949702904733 6
    endloop
  endfacet
  facet normal 0 0 1
    outer loop
      vertex 16.619939979126293 -26.326284287026155 6
      vertex 16.619939979126293 -22.673715712973845 6
      vertex 16.401923788646684 -23 6
    endloop
  endfacet
  facet normal 0 0 1
    outer loop
      vertex 16.878679656440358 -26.621320343559645 6
      vertex 16.878679656440358 -22.378679656440355 6
      vertex 16.619939979126293 -22.673715712973845 6
    endloop
  endfacet
  facet normal 0 0 1
    outer loop
      vertex 18.223542864692437 -27.397777478867198 6
      vertex 18.608421423339845 -27.474334584121436 6
      vertex 18.45 -25.452627944162884 6
    endloop
  endfacet
  facet normal 0 0 1
    outer loop
      vertex 17.85194970290473 -27.271638597533865 6
      vertex 18.223542864692437 -27.397777478867198 6
      vertex 18.04737205583712 -25.049999999999997 6
    endloop
  endfacet
  facet normal 0 0 1
    outer loop
      vertex 16.878679656440358 -26.621320343559645 6
      vertex 17.173715712973838 -26.8800600208737 6
      vertex 16.878679656440358 -22.378679656440355 6
    endloop
  endfacet
  facet normal 0 0 1
    outer loop
      vertex 17.173715712973838 -26.8800600208737 6
      vertex 17.5 -27.098076211353316 6
      vertex 17.173715712973838 -22.1199399791263 6
    endloop
  endfacet
  facet normal 0 0 1
    outer loop
      vertex 17.85194970290473 -27.271638597533865 6
      vertex 17.5 -21.901923788646684 6
      vertex 17.5 -27.098076211353316 6
    endloop
  endfacet
  facet normal 0 0 1
    outer loop
      vertex 18.223542864692437 -27.397777478867198 6
      vertex 18.127311325679642 -25.16963757190959 6
      vertex 18.04737205583712 -25.049999999999997 6
    endloop
  endfacet
  facet normal 0 0 1
    outer loop
      vertex 17.85194970290473 -27.271638597533865 6
      vertex 18.04737205583712 -25.049999999999997 6
      vertex 17.983732514237584 -24.920951775601594 6
    endloop
  endfacet
  facet normal 0 0 1
    outer loop
      vertex 18.223542864692437 -27.397777478867198 6
      vertex 18.45 -25.452627944162884 6
      vertex 18.330362428090407 -25.372688674320358 6
    endloop
  endfacet
  facet normal 0 0 1
    outer loop
      vertex 18.223542864692437 -27.397777478867198 6
      vertex 18.330362428090407 -25.372688674320358 6
      vertex 18.2221825406948 -25.277817459305197 6
    endloop
  endfacet
  facet normal 0 0 1
    outer loop
      vertex 18.223542864692437 -27.397777478867198 6
      vertex 18.2221825406948 -25.277817459305197 6
      vertex 18.127311325679642 -25.16963757190959 6
    endloop
  endfacet
  facet normal 0 0 1
    outer loop
      vertex 18.608421423339845 -27.474334584121436 6
      vertex 18.579048224398402 -25.516267485762413 6
      vertex 18.45 -25.452627944162884 6
    endloop
  endfacet
  facet normal 0 0 1
    outer loop
      vertex 17.85194970290473 -27.271638597533865 6
      vertex 17.983732514237584 -24.920951775601594 6
      vertex 17.937481591082026 -24.78470094961277 6
    endloop
  endfacet
  facet normal 0 0 1
    outer loop
      vertex 17.85194970290473 -27.271638597533865 6
      vertex 17.937481591082026 -24.78470094961277 6
      vertex 17.90941065248881 -24.643578811442055 6
    endloop
  endfacet
  facet normal 0 0 1
    outer loop
      vertex 17.85194970290473 -27.271638597533865 6
      vertex 17.90941065248881 -24.643578811442055 6
      vertex 17.9 -24.5 6
    endloop
  endfacet
  facet normal 0 0 1
    outer loop
      vertex 18.608421423339845 -27.474334584121436 6
      vertex 19 -27.5 6
      vertex 18.856421188557942 -25.590589347511198 6
    endloop
  endfacet
  facet normal 0 0 1
    outer loop
      vertex 19 -27.5 6
      vertex 19.391578576660155 -27.474334584121436 6
      vertex 19.143578811442058 -25.590589347511198 6
    endloop
  endfacet
  facet normal 0 0 1
    outer loop
      vertex 18.608421423339845 -27.474334584121436 6
      vertex 18.715299050387227 -25.56251840891798 6
      vertex 18.579048224398402 -25.516267485762413 6
    endloop
  endfacet
  facet normal 0 0 1
    outer loop
      vertex 18.608421423339845 -27.474334584121436 6
      vertex 18.856421188557942 -25.590589347511198 6
      vertex 18.715299050387227 -25.56251840891798 6
    endloop
  endfacet
  facet normal 0 0 1
    outer loop
      vertex 19 -27.5 6
      vertex 19 -25.599999999999994 6
      vertex 18.856421188557942 -25.590589347511198 6
    endloop
  endfacet
  facet normal 0 0 1
    outer loop
      vertex 19 -27.5 6
      vertex 19.143578811442058 -25.590589347511198 6
      vertex 19 -25.599999999999994 6
    endloop
  endfacet
  facet normal 0 0 1
    outer loop
      vertex 19.391578576660155 -27.474334584121436 6
      vertex 19.284700949612773 -25.56251840891798 6
      vertex 19.143578811442058 -25.590589347511198 6
    endloop
  endfacet
  facet normal 0 0 1
    outer loop
      vertex 19.391578576660155 -27.474334584121436 6
      vertex 19.776457135307563 -27.397777478867198 6
      vertex 19.284700949612773 -25.56251840891798 6
    endloop
  endfacet
  facet normal 0 0 1
    outer loop
      vertex 19.776457135307563 -27.397777478867198 6
      vertex 20.14805029709527 -27.271638597533865 6
      vertex 19.669637571909593 -25.372688674320358 6
    endloop
  endfacet
  facet normal 0 0 1
    outer loop
      vertex 19.776457135307563 -27.397777478867198 6
      vertex 19.420951775601598 -25.516267485762413 6
      vertex 19.284700949612773 -25.56251840891798 6
    endloop
  endfacet
  facet normal 0 0 1
    outer loop
      vertex 19.776457135307563 -27.397777478867198 6
      vertex 19.55 -25.452627944162884 6
      vertex 19.420951775601598 -25.516267485762413 6
    endloop
  endfacet
  facet normal 0 0 1
    outer loop
      vertex 19.776457135307563 -27.397777478867198 6
      vertex 19.669637571909593 -25.372688674320358 6
      vertex 19.55 -25.452627944162884 6
    endloop
  endfacet
  facet normal 0 0 1
    outer loop
      vertex 20.14805029709527 -27.271638597533865 6
      vertex 19.7778174593052 -25.277817459305197 6
      vertex 19.669637571909593 -25.372688674320358 6
    endloop
  endfacet
  facet normal 0 0 1
    outer loop
      vertex 20.14805029709527 -27.271638597533865 6
      vertex 19.872688674320358 -25.16963757190959 6
      vertex 19.7778174593052 -25.277817459305197 6
    endloop
  endfacet
  facet normal 0 0 1
    outer loop
      vertex 20.14805029709527 -27.271638597533865 6
      vertex 19.95262794416288 -25.049999999999997 6
      vertex 19.872688674320358 -25.16963757190959 6
    endloop
  endfacet
  facet normal 0 0 1
    outer loop
      vertex 20.14805029709527 -27.271638597533865 6
      vertex 20.016267485762416 -24.920951775601594 6
      vertex 19.95262794416288 -25.049999999999997 6
    endloop
  endfacet
  facet normal 0 0 1
    outer loop
      vertex 20.14805029709527 -27.271638597533865 6
      vertex 20.062518408917974 -24.78470094961277 6
      vertex 20.016267485762416 -24.920951775601594 6
    endloop
  endfacet
  facet normal 0 0 1
    outer loop
      vertex 20.14805029709527 -27.271638597533865 6
      vertex 20.09058934751119 -24.643578811442055 6
      vertex 20.062518408917974 -24.78470094961277 6
    endloop
  endfacet
  facet normal 0 0 1
    outer loop
      vertex 20.14805029709527 -27.271638597533865 6
      vertex 20.1 -24.5 6
      vertex 20.09058934751119 -24.643578811442055 6
    endloop
  endfacet
  facet normal 0 0 1
    outer loop
      vertex 17.85194970290473 -27.271638597533865 6
      vertex 17.9 -24.5 6
      vertex 17.85194970290473 -21.728361402466135 6
    endloop
  endfacet
  facet normal 0 0 1
    outer loop
      vertex 17.173715712973838 -26.8800600208737 6
      vertex 17.173715712973838 -22.1199399791263 6
      vertex 16.878679656440358 -22.378679656440355 6
    endloop
  endfacet
  facet normal 0 0 1
    outer loop
      vertex 17.5 -27.098076211353316 6
      vertex 17.5 -21.901923788646684 6
      vertex 17.173715712973838 -22.1199399791263 6
    endloop
  endfacet
  facet normal 0 0 1
    outer loop
      vertex 17.85194970290473 -27.271638597533865 6
      vertex 17.85194970290473 -21.728361402466135 6
      vertex 17.5 -21.901923788646684 6
    endloop
  endfacet
  facet normal 0 0 1
    outer loop
      vertex 17.85194970290473 -21.728361402466135 6
      vertex 17.9 -24.5 6
      vertex 17.90941065248881 -24.356421188557945 6
    endloop
  endfacet
  facet normal 0 0 1
    outer loop
      vertex 17.85194970290473 -21.728361402466135 6
      vertex 17.90941065248881 -24.356421188557945 6
      vertex 17.937481591082026 -24.21529905038723 6
    endloop
  endfacet
  facet normal 0 0 1
    outer loop
      vertex 17.85194970290473 -21.728361402466135 6
      vertex 17.937481591082026 -24.21529905038723 6
      vertex 17.983732514237584 -24.079048224398406 6
    endloop
  endfacet
  facet normal 0 0 1
    outer loop
      vertex 17.85194970290473 -21.728361402466135 6
      vertex 17.983732514237584 -24.079048224398406 6
      vertex 18.04737205583712 -23.950000000000003 6
    endloop
  endfacet
  facet normal 0 0 1
    outer loop
      vertex 20.14805029709527 -27.271638597533865 6
      vertex 20.14805029709527 -21.728361402466135 6
      vertex 20.1 -24.5 6
    endloop
  endfacet
  facet normal 0 0 1
    outer loop
      vertex 20.14805029709527 -21.728361402466135 6
      vertex 20.09058934751119 -24.356421188557945 6
      vertex 20.1 -24.5 6
    endloop
  endfacet
  facet normal 0 0 1
    outer loop
      vertex 20.14805029709527 -21.728361402466135 6
      vertex 19.95262794416288 -23.950000000000003 6
      vertex 20.016267485762416 -24.079048224398406 6
    endloop
  endfacet
  facet normal 0 0 1
    outer loop
      vertex 20.14805029709527 -21.728361402466135 6
      vertex 20.062518408917974 -24.21529905038723 6
      vertex 20.09058934751119 -24.356421188557945 6
    endloop
  endfacet
  facet normal 0 0 1
    outer loop
      vertex 20.14805029709527 -21.728361402466135 6
      vertex 20.016267485762416 -24.079048224398406 6
      vertex 20.062518408917974 -24.21529905038723 6
    endloop
  endfacet
  facet normal -0.8968727415326916 0.4422886902189947 0
    outer loop
      vertex 16.401923788646684 -23 3
      vertex 16.228361402466142 -23.351949702904733 6
      vertex 16.401923788646684 -23 6
    endloop
  endfacet
  facet normal -0.8314696123025411 0.5555702330196085 0
    outer loop
      vertex 16.619939979126293 -22.673715712973845 3
      vertex 16.401923788646684 -23 6
      vertex 16.619939979126293 -22.673715712973845 6
    endloop
  endfacet
  facet normal -0.7518398074789859 0.659345815100059 0
    outer loop
      vertex 16.878679656440358 -22.378679656440355 3
      vertex 16.619939979126293 -22.673715712973845 6
      vertex 16.878679656440358 -22.378679656440355 6
    endloop
  endfacet
  facet normal -0.6593458151000571 0.7518398074789876 0
    outer loop
      vertex 17.173715712973838 -22.1199399791263 3
      vertex 16.878679656440358 -22.378679656440355 6
      vertex 17.173715712973838 -22.1199399791263 6
    endloop
  endfacet
  facet normal -0.5555702330196126 0.8314696123025384 0
    outer loop
      vertex 17.5 -21.901923788646684 3
      vertex 17.173715712973838 -22.1199399791263 6
      vertex 17.5 -21.901923788646684 6
    endloop
  endfacet
  facet normal -0.4422886902190129 0.8968727415326827 0
    outer loop
      vertex 17.85194970290473 -21.728361402466135 3
      vertex 17.5 -21.901923788646684 6
      vertex 17.85194970290473 -21.728361402466135 6
    endloop
  endfacet
  facet normal -0.32143946530313383 0.9469301294951151 0
    outer loop
      vertex 18.223542864692437 -21.602222521132802 3
      vertex 17.85194970290473 -21.728361402466135 6
      vertex 18.223542864692437 -21.602222521132802 6
    endloop
  endfacet
  facet normal -0.19509032201615756 0.9807852804032244 0
    outer loop
      vertex 18.608421423339845 -21.525665415878564 3
      vertex 18.223542864692437 -21.602222521132802 6
      vertex 18.608421423339845 -21.525665415878564 6
    endloop
  endfacet
  facet normal -0.06540312923012997 0.9978589232386043 0
    outer loop
      vertex 19 -21.5 3
      vertex 18.608421423339845 -21.525665415878564 6
      vertex 19 -21.5 6
    endloop
  endfacet
  facet normal 0.06540312923012997 0.9978589232386043 0
    outer loop
      vertex 19.391578576660155 -21.525665415878564 3
      vertex 19 -21.5 6
      vertex 19.391578576660155 -21.525665415878564 6
    endloop
  endfacet
  facet normal 0.19509032201615756 0.9807852804032244 0
    outer loop
      vertex 19.776457135307563 -21.602222521132802 3
      vertex 19.391578576660155 -21.525665415878564 6
      vertex 19.776457135307563 -21.602222521132802 6
    endloop
  endfacet
  facet normal 0.32143946530313383 0.9469301294951151 0
    outer loop
      vertex 20.14805029709527 -21.728361402466135 3
      vertex 19.776457135307563 -21.602222521132802 6
      vertex 20.14805029709527 -21.728361402466135 6
    endloop
  endfacet
  facet normal 0 0 1
    outer loop
      vertex 17.85194970290473 -21.728361402466135 6
      vertex 18.04737205583712 -23.950000000000003 6
      vertex 18.127311325679642 -23.83036242809041 6
    endloop
  endfacet
  facet normal 0 0 1
    outer loop
      vertex 17.85194970290473 -21.728361402466135 6
      vertex 18.127311325679642 -23.83036242809041 6
      vertex 18.2221825406948 -23.722182540694803 6
    endloop
  endfacet
  facet normal 0 0 1
    outer loop
      vertex 17.85194970290473 -21.728361402466135 6
      vertex 18.2221825406948 -23.722182540694803 6
      vertex 18.330362428090407 -23.627311325679642 6
    endloop
  endfacet
  facet normal 0 0 1
    outer loop
      vertex 18.223542864692437 -21.602222521132802 6
      vertex 18.330362428090407 -23.627311325679642 6
      vertex 18.45 -23.547372055837116 6
    endloop
  endfacet
  facet normal 0 0 1
    outer loop
      vertex 18.223542864692437 -21.602222521132802 6
      vertex 18.45 -23.547372055837116 6
      vertex 18.579048224398402 -23.483732514237587 6
    endloop
  endfacet
  facet normal 0 0 1
    outer loop
      vertex 18.223542864692437 -21.602222521132802 6
      vertex 18.579048224398402 -23.483732514237587 6
      vertex 18.715299050387227 -23.43748159108202 6
    endloop
  endfacet
  facet normal 0 0 1
    outer loop
      vertex 17.85194970290473 -21.728361402466135 6
      vertex 18.330362428090407 -23.627311325679642 6
      vertex 18.223542864692437 -21.602222521132802 6
    endloop
  endfacet
  facet normal 0 0 1
    outer loop
      vertex 18.223542864692437 -21.602222521132802 6
      vertex 18.715299050387227 -23.43748159108202 6
      vertex 18.608421423339845 -21.525665415878564 6
    endloop
  endfacet
  facet normal 0 0 1
    outer loop
      vertex 18.608421423339845 -21.525665415878564 6
      vertex 18.715299050387227 -23.43748159108202 6
      vertex 18.856421188557942 -23.409410652488802 6
    endloop
  endfacet
  facet normal 0 0 1
    outer loop
      vertex 19 -21.5 6
      vertex 18.856421188557942 -23.409410652488802 6
      vertex 19 -23.400000000000006 6
    endloop
  endfacet
  facet normal 0 0 1
    outer loop
      vertex 19 -21.5 6
      vertex 19 -23.400000000000006 6
      vertex 19.143578811442058 -23.409410652488802 6
    endloop
  endfacet
  facet normal 0 0 1
    outer loop
      vertex 19.391578576660155 -21.525665415878564 6
      vertex 19.143578811442058 -23.409410652488802 6
      vertex 19.284700949612773 -23.43748159108202 6
    endloop
  endfacet
  facet normal 0 0 1
    outer loop
      vertex 19.391578576660155 -21.525665415878564 6
      vertex 19.284700949612773 -23.43748159108202 6
      vertex 19.420951775601598 -23.483732514237587 6
    endloop
  endfacet
  facet normal 0 0 1
    outer loop
      vertex 19.776457135307563 -21.602222521132802 6
      vertex 19.7778174593052 -23.722182540694803 6
      vertex 19.872688674320358 -23.83036242809041 6
    endloop
  endfacet
  facet normal 0 0 1
    outer loop
      vertex 19.391578576660155 -21.525665415878564 6
      vertex 19.420951775601598 -23.483732514237587 6
      vertex 19.55 -23.547372055837116 6
    endloop
  endfacet
  facet normal 0 0 1
    outer loop
      vertex 19.776457135307563 -21.602222521132802 6
      vertex 19.55 -23.547372055837116 6
      vertex 19.669637571909593 -23.627311325679642 6
    endloop
  endfacet
  facet normal 0 0 1
    outer loop
      vertex 19.776457135307563 -21.602222521132802 6
      vertex 19.669637571909593 -23.627311325679642 6
      vertex 19.7778174593052 -23.722182540694803 6
    endloop
  endfacet
  facet normal 0 0 1
    outer loop
      vertex 19.776457135307563 -21.602222521132802 6
      vertex 19.872688674320358 -23.83036242809041 6
      vertex 19.95262794416288 -23.950000000000003 6
    endloop
  endfacet
  facet normal 0 0 1
    outer loop
      vertex 19.776457135307563 -21.602222521132802 6
      vertex 19.95262794416288 -23.950000000000003 6
      vertex 20.14805029709527 -21.728361402466135 6
    endloop
  endfacet
  facet normal 0 0 1
    outer loop
      vertex 18.608421423339845 -21.525665415878564 6
      vertex 18.856421188557942 -23.409410652488802 6
      vertex 19 -21.5 6
    endloop
  endfacet
  facet normal 0 0 1
    outer loop
      vertex 19 -21.5 6
      vertex 19.143578811442058 -23.409410652488802 6
      vertex 19.391578576660155 -21.525665415878564 6
    endloop
  endfacet
  facet normal 0 0 1
    outer loop
      vertex 19.391578576660155 -21.525665415878564 6
      vertex 19.55 -23.547372055837116 6
      vertex 19.776457135307563 -21.602222521132802 6
    endloop
  endfacet
  facet normal 0.4422886902190129 -0.8968727415326827 1.108295856302934e-18
    outer loop
      vertex 20.14805029709527 -27.271638597533865 3
      vertex 20.5 -27.098076211353316 3
      vertex 20.5 -27.098076211353316 6
    endloop
  endfacet
  facet normal 0.5555702330196126 -0.8314696123025384 3.484029985834894e-18
    outer loop
      vertex 20.5 -27.098076211353316 3
      vertex 20.826284287026162 -26.8800600208737 3
      vertex 20.826284287026162 -26.8800600208737 6
    endloop
  endfacet
  facet normal 0.6593458151000571 -0.7518398074789876 -3.572564858280731e-18
    outer loop
      vertex 20.826284287026162 -26.8800600208737 3
      vertex 21.121320343559642 -26.621320343559645 3
      vertex 21.121320343559642 -26.621320343559645 6
    endloop
  endfacet
  facet normal 0.7518398074789859 -0.659345815100059 -3.88776991242465e-20
    outer loop
      vertex 21.121320343559642 -26.621320343559645 3
      vertex 21.380060020873707 -26.326284287026155 3
      vertex 21.380060020873707 -26.326284287026155 6
    endloop
  endfacet
  facet normal 0.8314696123025411 -0.5555702330196085 -4.553720877975974e-18
    outer loop
      vertex 21.380060020873707 -26.326284287026155 3
      vertex 21.598076211353316 -26 3
      vertex 21.598076211353316 -26 6
    endloop
  endfacet
  facet normal 0.8968727415326916 -0.4422886902189947 -2.0306433611153428e-18
    outer loop
      vertex 21.598076211353316 -26 3
      vertex 21.771638597533858 -25.648050297095267 3
      vertex 21.771638597533858 -25.648050297095267 6
    endloop
  endfacet
  facet normal 0.9469301294951021 -0.3214394653031718 -2.549837683449486e-18
    outer loop
      vertex 21.771638597533858 -25.648050297095267 3
      vertex 21.897777478867205 -25.276457135307567 3
      vertex 21.897777478867205 -25.276457135307567 6
    endloop
  endfacet
  facet normal 0.9469301294951021 0.3214394653031718 2.549837683449486e-18
    outer loop
      vertex 21.897777478867205 -23.723542864692433 3
      vertex 21.771638597533858 -23.351949702904733 3
      vertex 21.771638597533858 -23.351949702904733 6
    endloop
  endfacet
  facet normal 0.9807852804032322 -0.19509032201611928 -8.126871632437976e-19
    outer loop
      vertex 21.897777478867205 -25.276457135307567 3
      vertex 21.97433458412143 -24.89157857666015 3
      vertex 21.97433458412143 -24.89157857666015 6
    endloop
  endfacet
  facet normal 0.9978589232386031 -0.0654031292301486 -4.534124415595705e-19
    outer loop
      vertex 21.97433458412143 -24.89157857666015 3
      vertex 22 -24.5 3
      vertex 22 -24.5 6
    endloop
  endfacet
  facet normal 0.9978589232386031 0.0654031292301486 4.534124415595705e-19
    outer loop
      vertex 22 -24.5 3
      vertex 21.97433458412143 -24.10842142333985 3
      vertex 21.97433458412143 -24.10842142333985 6
    endloop
  endfacet
  facet normal 0.9807852804032322 0.19509032201611928 0
    outer loop
      vertex 21.897777478867205 -23.723542864692433 3
      vertex 21.897777478867205 -23.723542864692433 6
      vertex 21.97433458412143 -24.10842142333985 3
    endloop
  endfacet
  facet normal 0.8314696123025411 0.5555702330196085 4.553720877975974e-18
    outer loop
      vertex 21.598076211353316 -23 3
      vertex 21.380060020873707 -22.673715712973845 3
      vertex 21.380060020873707 -22.673715712973845 6
    endloop
  endfacet
  facet normal 0.8968727415326916 0.4422886902189947 2.0306433611153428e-18
    outer loop
      vertex 21.771638597533858 -23.351949702904733 3
      vertex 21.598076211353316 -23 3
      vertex 21.598076211353316 -23 6
    endloop
  endfacet
  facet normal 0.7518398074789859 0.659345815100059 3.88776991242465e-20
    outer loop
      vertex 21.380060020873707 -22.673715712973845 3
      vertex 21.121320343559642 -22.378679656440355 3
      vertex 21.121320343559642 -22.378679656440355 6
    endloop
  endfacet
  facet normal 0.5555702330196126 0.8314696123025384 0
    outer loop
      vertex 20.5 -21.901923788646684 3
      vertex 20.5 -21.901923788646684 6
      vertex 20.826284287026162 -22.1199399791263 3
    endloop
  endfacet
  facet normal 0.6593458151000571 0.7518398074789876 3.572564858280731e-18
    outer loop
      vertex 21.121320343559642 -22.378679656440355 3
      vertex 20.826284287026162 -22.1199399791263 3
      vertex 20.826284287026162 -22.1199399791263 6
    endloop
  endfacet
  facet normal 0.4422886902190129 0.8968727415326827 0
    outer loop
      vertex 20.14805029709527 -21.728361402466135 3
      vertex 20.14805029709527 -21.728361402466135 6
      vertex 20.5 -21.901923788646684 3
    endloop
  endfacet
  facet normal 0.4422886902190129 -0.8968727415326827 0
    outer loop
      vertex 20.14805029709527 -27.271638597533865 3
      vertex 20.5 -27.098076211353316 6
      vertex 20.14805029709527 -27.271638597533865 6
    endloop
  endfacet
  facet normal 0.5555702330196126 -0.8314696123025384 0
    outer loop
      vertex 20.5 -27.098076211353316 3
      vertex 20.826284287026162 -26.8800600208737 6
      vertex 20.5 -27.098076211353316 6
    endloop
  endfacet
  facet normal 0.6593458151000571 -0.7518398074789876 0
    outer loop
      vertex 20.826284287026162 -26.8800600208737 3
      vertex 21.121320343559642 -26.621320343559645 6
      vertex 20.826284287026162 -26.8800600208737 6
    endloop
  endfacet
  facet normal 0.7518398074789859 -0.659345815100059 0
    outer loop
      vertex 21.121320343559642 -26.621320343559645 3
      vertex 21.380060020873707 -26.326284287026155 6
      vertex 21.121320343559642 -26.621320343559645 6
    endloop
  endfacet
  facet normal 0.8314696123025411 -0.5555702330196085 0
    outer loop
      vertex 21.380060020873707 -26.326284287026155 3
      vertex 21.598076211353316 -26 6
      vertex 21.380060020873707 -26.326284287026155 6
    endloop
  endfacet
  facet normal 0.8968727415326916 -0.4422886902189947 0
    outer loop
      vertex 21.598076211353316 -26 3
      vertex 21.771638597533858 -25.648050297095267 6
      vertex 21.598076211353316 -26 6
    endloop
  endfacet
  facet normal 0.9469301294951021 -0.3214394653031718 0
    outer loop
      vertex 21.771638597533858 -25.648050297095267 3
      vertex 21.897777478867205 -25.276457135307567 6
      vertex 21.771638597533858 -25.648050297095267 6
    endloop
  endfacet
  facet normal 0.9469301294951021 0.3214394653031718 0
    outer loop
      vertex 21.897777478867205 -23.723542864692433 3
      vertex 21.771638597533858 -23.351949702904733 6
      vertex 21.897777478867205 -23.723542864692433 6
    endloop
  endfacet
  facet normal 0.9807852804032322 -0.19509032201611928 0
    outer loop
      vertex 21.897777478867205 -25.276457135307567 3
      vertex 21.97433458412143 -24.89157857666015 6
      vertex 21.897777478867205 -25.276457135307567 6
    endloop
  endfacet
  facet normal 0.9978589232386031 -0.0654031292301486 0
    outer loop
      vertex 21.97433458412143 -24.89157857666015 3
      vertex 22 -24.5 6
      vertex 21.97433458412143 -24.89157857666015 6
    endloop
  endfacet
  facet normal 0.9978589232386031 0.0654031292301486 0
    outer loop
      vertex 22 -24.5 3
      vertex 21.97433458412143 -24.10842142333985 6
      vertex 22 -24.5 6
    endloop
  endfacet
  facet normal 0.9807852804032322 0.19509032201611928 0
    outer loop
      vertex 21.97433458412143 -24.10842142333985 3
      vertex 21.897777478867205 -23.723542864692433 6
      vertex 21.97433458412143 -24.10842142333985 6
    endloop
  endfacet
  facet normal 0 0 1
    outer loop
      vertex 20.14805029709527 -27.271638597533865 6
      vertex 20.5 -27.098076211353316 6
      vertex 20.14805029709527 -21.728361402466135 6
    endloop
  endfacet
  facet normal 0 0 1
    outer loop
      vertex 20.5 -27.098076211353316 6
      vertex 20.826284287026162 -26.8800600208737 6
      vertex 20.5 -21.901923788646684 6
    endloop
  endfacet
  facet normal 0 0 1
    outer loop
      vertex 20.826284287026162 -26.8800600208737 6
      vertex 21.121320343559642 -26.621320343559645 6
      vertex 20.826284287026162 -22.1199399791263 6
    endloop
  endfacet
  facet normal 0 0 1
    outer loop
      vertex 21.121320343559642 -26.621320343559645 6
      vertex 21.380060020873707 -26.326284287026155 6
      vertex 21.121320343559642 -22.378679656440355 6
    endloop
  endfacet
  facet normal 0 0 1
    outer loop
      vertex 21.380060020873707 -26.326284287026155 6
      vertex 21.598076211353316 -26 6
      vertex 21.380060020873707 -22.673715712973845 6
    endloop
  endfacet
  facet normal 0 0 1
    outer loop
      vertex 21.598076211353316 -26 6
      vertex 21.771638597533858 -25.648050297095267 6
      vertex 21.598076211353316 -23 6
    endloop
  endfacet
  facet normal 0 0 1
    outer loop
      vertex 21.771638597533858 -25.648050297095267 6
      vertex 21.897777478867205 -25.276457135307567 6
      vertex 21.771638597533858 -23.351949702904733 6
    endloop
  endfacet
  facet normal 0 0 1
    outer loop
      vertex 20.14805029709527 -21.728361402466135 6
      vertex 20.5 -27.098076211353316 6
      vertex 20.5 -21.901923788646684 6
    endloop
  endfacet
  facet normal 0 0 1
    outer loop
      vertex 20.826284287026162 -26.8800600208737 6
      vertex 20.826284287026162 -22.1199399791263 6
      vertex 20.5 -21.901923788646684 6
    endloop
  endfacet
  facet normal 0 0 1
    outer loop
      vertex 21.121320343559642 -26.621320343559645 6
      vertex 21.121320343559642 -22.378679656440355 6
      vertex 20.826284287026162 -22.1199399791263 6
    endloop
  endfacet
  facet normal 0 0 1
    outer loop
      vertex 21.380060020873707 -26.326284287026155 6
      vertex 21.380060020873707 -22.673715712973845 6
      vertex 21.121320343559642 -22.378679656440355 6
    endloop
  endfacet
  facet normal 0 0 1
    outer loop
      vertex 21.897777478867205 -25.276457135307567 6
      vertex 21.897777478867205 -23.723542864692433 6
      vertex 21.771638597533858 -23.351949702904733 6
    endloop
  endfacet
  facet normal 0 0 1
    outer loop
      vertex 21.771638597533858 -25.648050297095267 6
      vertex 21.771638597533858 -23.351949702904733 6
      vertex 21.598076211353316 -23 6
    endloop
  endfacet
  facet normal 0 0 1
    outer loop
      vertex 21.598076211353316 -26 6
      vertex 21.598076211353316 -23 6
      vertex 21.380060020873707 -22.673715712973845 6
    endloop
  endfacet
  facet normal 0 0 1
    outer loop
      vertex 21.897777478867205 -25.276457135307567 6
      vertex 21.97433458412143 -24.89157857666015 6
      vertex 21.897777478867205 -23.723542864692433 6
    endloop
  endfacet
  facet normal 0 0 1
    outer loop
      vertex 21.97433458412143 -24.89157857666015 6
      vertex 22 -24.5 6
      vertex 21.97433458412143 -24.10842142333985 6
    endloop
  endfacet
  facet normal 0 0 1
    outer loop
      vertex 21.897777478867205 -23.723542864692433 6
      vertex 21.97433458412143 -24.89157857666015 6
      vertex 21.97433458412143 -24.10842142333985 6
    endloop
  endfacet
  facet normal 0.6593458151000571 0.7518398074789876 0
    outer loop
      vertex 21.121320343559642 -22.378679656440355 3
      vertex 20.826284287026162 -22.1199399791263 6
      vertex 21.121320343559642 -22.378679656440355 6
    endloop
  endfacet
  facet normal 0.8968727415326916 0.4422886902189947 0
    outer loop
      vertex 21.771638597533858 -23.351949702904733 3
      vertex 21.598076211353316 -23 6
      vertex 21.771638597533858 -23.351949702904733 6
    endloop
  endfacet
  facet normal 0.8314696123025411 0.5555702330196085 0
    outer loop
      vertex 21.598076211353316 -23 3
      vertex 21.380060020873707 -22.673715712973845 6
      vertex 21.598076211353316 -23 6
    endloop
  endfacet
  facet normal 0.7518398074789859 0.659345815100059 0
    outer loop
      vertex 21.380060020873707 -22.673715712973845 3
      vertex 21.121320343559642 -22.378679656440355 6
      vertex 21.380060020873707 -22.673715712973845 6
    endloop
  endfacet
  facet normal 0.4422886902190129 0.8968727415326827 -1.108295856302934e-18
    outer loop
      vertex 20.14805029709527 -21.728361402466135 6
      vertex 20.5 -21.901923788646684 6
      vertex 20.5 -21.901923788646684 3
    endloop
  endfacet
  facet normal 0.5555702330196126 0.8314696123025384 0
    outer loop
      vertex 20.826284287026162 -22.1199399791263 3
      vertex 20.5 -21.901923788646684 6
      vertex 20.826284287026162 -22.1199399791263 6
    endloop
  endfacet
  facet normal -0.8968727415326916 -0.4422886902189947 0
    outer loop
      vertex -41.598076211353316 23 3
      vertex -41.598076211353316 23 6
      vertex -41.77163859753386 23.351949702904733 3
    endloop
  endfacet
  facet normal -0.6593458151000937 -0.7518398074789557 0
    outer loop
      vertex -40.82628428702616 22.119939979126286 3
      vertex -40.82628428702616 22.119939979126286 6
      vertex -41.121320343559645 22.37867965644037 3
    endloop
  endfacet
  facet normal -0.4422886902190092 -0.8968727415326844 0
    outer loop
      vertex -40.14805029709527 21.728361402466135 3
      vertex -40.14805029709527 21.728361402466135 6
      vertex -40.5 21.901923788646684 3
    endloop
  endfacet
  facet normal -0.5555702330195875 -0.831469612302555 -2.127085931631669e-18
    outer loop
      vertex -40.82628428702616 22.119939979126286 3
      vertex -40.5 21.901923788646684 3
      vertex -40.5 21.901923788646684 6
    endloop
  endfacet
  facet normal -0.751839807478959 -0.6593458151000898 5.085303581879881e-18
    outer loop
      vertex -41.38006002087371 22.67371571297383 3
      vertex -41.121320343559645 22.37867965644037 3
      vertex -41.121320343559645 22.37867965644037 6
    endloop
  endfacet
  facet normal -0.8314696123025522 -0.5555702330195917 0
    outer loop
      vertex -41.38006002087371 22.67371571297383 3
      vertex -41.38006002087371 22.67371571297383 6
      vertex -41.598076211353316 23 3
    endloop
  endfacet
  facet normal -0.19509032201615756 -0.9807852804032244 -1.1725262252824e-18
    outer loop
      vertex -39.77645713530756 21.602222521132802 3
      vertex -39.39157857666015 21.525665415878564 3
      vertex -39.39157857666015 21.525665415878564 6
    endloop
  endfacet
  facet normal -0.32143946530313383 -0.9469301294951151 1.7045075690523177e-18
    outer loop
      vertex -40.14805029709527 21.728361402466135 3
      vertex -39.77645713530756 21.602222521132802 3
      vertex -39.77645713530756 21.602222521132802 6
    endloop
  endfacet
  facet normal -0.06540312923013057 -0.9978589232386043 3.1467951511922e-19
    outer loop
      vertex -39.39157857666015 21.525665415878564 3
      vertex -39 21.5 3
      vertex -39 21.5 6
    endloop
  endfacet
  facet normal 0.06540312923013057 -0.9978589232386043 -3.1467951511922e-19
    outer loop
      vertex -39 21.5 3
      vertex -38.60842142333985 21.525665415878564 3
      vertex -38.60842142333985 21.525665415878564 6
    endloop
  endfacet
  facet normal 0.19509032201615756 -0.9807852804032244 1.1725262252824e-18
    outer loop
      vertex -38.60842142333985 21.525665415878564 3
      vertex -38.22354286469244 21.602222521132802 3
      vertex -38.22354286469244 21.602222521132802 6
    endloop
  endfacet
  facet normal 0.32143946530313383 -0.9469301294951151 -1.7045075690523177e-18
    outer loop
      vertex -38.22354286469244 21.602222521132802 3
      vertex -37.85194970290473 21.728361402466135 3
      vertex -37.85194970290473 21.728361402466135 6
    endloop
  endfacet
  facet normal 0.4422886902190092 -0.8968727415326844 3.0635160857550764e-19
    outer loop
      vertex -37.85194970290473 21.728361402466135 3
      vertex -37.5 21.901923788646684 3
      vertex -37.5 21.901923788646684 6
    endloop
  endfacet
  facet normal 0.5555702330195875 -0.831469612302555 2.127085931631669e-18
    outer loop
      vertex -37.5 21.901923788646684 3
      vertex -37.17371571297384 22.119939979126286 3
      vertex -37.17371571297384 22.119939979126286 6
    endloop
  endfacet
  facet normal 0.6593458151000937 -0.7518398074789557 1.9820707364330905e-18
    outer loop
      vertex -37.17371571297384 22.119939979126286 3
      vertex -36.878679656440355 22.37867965644037 3
      vertex -36.878679656440355 22.37867965644037 6
    endloop
  endfacet
  facet normal 0.751839807478959 -0.6593458151000898 -5.085303581879881e-18
    outer loop
      vertex -36.878679656440355 22.37867965644037 3
      vertex -36.61993997912629 22.67371571297383 3
      vertex -36.61993997912629 22.67371571297383 6
    endloop
  endfacet
  facet normal 0.8314696123025522 -0.5555702330195917 -1.623409739861104e-18
    outer loop
      vertex -36.61993997912629 22.67371571297383 3
      vertex -36.401923788646684 23 3
      vertex -36.401923788646684 23 6
    endloop
  endfacet
  facet normal 0.8968727415326916 -0.4422886902189947 -2.0306433611153428e-18
    outer loop
      vertex -36.401923788646684 23 3
      vertex -36.22836140246614 23.351949702904733 3
      vertex -36.22836140246614 23.351949702904733 6
    endloop
  endfacet
  facet normal -0.9469301294951021 -0.3214394653031718 0
    outer loop
      vertex -41.77163859753386 23.351949702904733 3
      vertex -41.77163859753386 23.351949702904733 6
      vertex -41.897777478867205 23.723542864692433 3
    endloop
  endfacet
  facet normal -0.9807852804032322 -0.19509032201611928 0
    outer loop
      vertex -41.897777478867205 23.723542864692433 3
      vertex -41.897777478867205 23.723542864692433 6
      vertex -41.97433458412143 24.10842142333985 3
    endloop
  endfacet
  facet normal -0.9978589232386031 -0.0654031292301486 0
    outer loop
      vertex -41.97433458412143 24.10842142333985 3
      vertex -41.97433458412143 24.10842142333985 6
      vertex -42 24.5 3
    endloop
  endfacet
  facet normal -0.9978589232386031 0.0654031292301486 0
    outer loop
      vertex -42 24.5 3
      vertex -42 24.5 6
      vertex -41.97433458412143 24.89157857666015 3
    endloop
  endfacet
  facet normal -0.9807852804032322 0.19509032201611928 0
    outer loop
      vertex -41.97433458412143 24.89157857666015 3
      vertex -41.97433458412143 24.89157857666015 6
      vertex -41.897777478867205 25.276457135307567 3
    endloop
  endfacet
  facet normal -0.9469301294951021 0.3214394653031718 0
    outer loop
      vertex -41.897777478867205 25.276457135307567 3
      vertex -41.897777478867205 25.276457135307567 6
      vertex -41.77163859753386 25.648050297095267 3
    endloop
  endfacet
  facet normal -0.8968727415326916 0.4422886902189947 0
    outer loop
      vertex -41.77163859753386 25.648050297095267 3
      vertex -41.77163859753386 25.648050297095267 6
      vertex -41.598076211353316 26 3
    endloop
  endfacet
  facet normal -0.8314696123025522 0.5555702330195917 0
    outer loop
      vertex -41.598076211353316 26 3
      vertex -41.598076211353316 26 6
      vertex -41.38006002087371 26.32628428702617 3
    endloop
  endfacet
  facet normal -0.751839807478959 0.6593458151000898 0
    outer loop
      vertex -41.38006002087371 26.32628428702617 3
      vertex -41.38006002087371 26.32628428702617 6
      vertex -41.121320343559645 26.62132034355963 3
    endloop
  endfacet
  facet normal -0.6593458151000937 0.7518398074789557 0
    outer loop
      vertex -41.121320343559645 26.62132034355963 3
      vertex -41.121320343559645 26.62132034355963 6
      vertex -40.82628428702616 26.880060020873714 3
    endloop
  endfacet
  facet normal -0.5555702330195875 0.831469612302555 0
    outer loop
      vertex -40.82628428702616 26.880060020873714 3
      vertex -40.82628428702616 26.880060020873714 6
      vertex -40.5 27.098076211353316 3
    endloop
  endfacet
  facet normal -0.4422886902190092 0.8968727415326844 0
    outer loop
      vertex -40.5 27.098076211353316 3
      vertex -40.5 27.098076211353316 6
      vertex -40.14805029709527 27.271638597533865 3
    endloop
  endfacet
  facet normal -0.32143946530313383 0.9469301294951151 0
    outer loop
      vertex -40.14805029709527 27.271638597533865 3
      vertex -40.14805029709527 27.271638597533865 6
      vertex -39.77645713530756 27.397777478867198 3
    endloop
  endfacet
  facet normal 0.751839807478959 0.6593458151000898 5.085303581879881e-18
    outer loop
      vertex -36.61993997912629 26.32628428702617 3
      vertex -36.878679656440355 26.62132034355963 3
      vertex -36.878679656440355 26.62132034355963 6
    endloop
  endfacet
  facet normal 0.6593458151000937 0.7518398074789557 -1.9820707364330905e-18
    outer loop
      vertex -36.878679656440355 26.62132034355963 3
      vertex -37.17371571297384 26.880060020873714 3
      vertex -37.17371571297384 26.880060020873714 6
    endloop
  endfacet
  facet normal 0.5555702330195875 0.831469612302555 0
    outer loop
      vertex -37.5 27.098076211353316 3
      vertex -37.5 27.098076211353316 6
      vertex -37.17371571297384 26.880060020873714 3
    endloop
  endfacet
  facet normal 0.9469301294951021 -0.3214394653031718 -2.549837683449486e-18
    outer loop
      vertex -36.22836140246614 23.351949702904733 3
      vertex -36.102222521132795 23.723542864692433 3
      vertex -36.102222521132795 23.723542864692433 6
    endloop
  endfacet
  facet normal 0.9807852804032322 -0.19509032201611928 -8.126871632437976e-19
    outer loop
      vertex -36.102222521132795 23.723542864692433 3
      vertex -36.02566541587857 24.10842142333985 3
      vertex -36.02566541587857 24.10842142333985 6
    endloop
  endfacet
  facet normal 0.9978589232386031 -0.0654031292301486 -4.534124415595705e-19
    outer loop
      vertex -36.02566541587857 24.10842142333985 3
      vertex -36 24.5 3
      vertex -36 24.5 6
    endloop
  endfacet
  facet normal 0.9978589232386031 0.0654031292301486 4.534124415595705e-19
    outer loop
      vertex -36 24.5 3
      vertex -36.02566541587857 24.89157857666015 3
      vertex -36.02566541587857 24.89157857666015 6
    endloop
  endfacet
  facet normal 0.9807852804032322 0.19509032201611928 8.126871632437976e-19
    outer loop
      vertex -36.02566541587857 24.89157857666015 3
      vertex -36.102222521132795 25.276457135307567 3
      vertex -36.102222521132795 25.276457135307567 6
    endloop
  endfacet
  facet normal 0.9469301294951021 0.3214394653031718 0
    outer loop
      vertex -36.22836140246614 25.648050297095267 3
      vertex -36.22836140246614 25.648050297095267 6
      vertex -36.102222521132795 25.276457135307567 3
    endloop
  endfacet
  facet normal 0.8968727415326916 0.4422886902189947 2.0306433611153428e-18
    outer loop
      vertex -36.22836140246614 25.648050297095267 3
      vertex -36.401923788646684 26 3
      vertex -36.401923788646684 26 6
    endloop
  endfacet
  facet normal 0.8314696123025522 0.5555702330195917 0
    outer loop
      vertex -36.61993997912629 26.32628428702617 3
      vertex -36.61993997912629 26.32628428702617 6
      vertex -36.401923788646684 26 3
    endloop
  endfacet
  facet normal -0.19509032201615756 0.9807852804032244 0
    outer loop
      vertex -39.77645713530756 27.397777478867198 3
      vertex -39.77645713530756 27.397777478867198 6
      vertex -39.39157857666015 27.474334584121436 3
    endloop
  endfacet
  facet normal -0.06540312923013057 0.9978589232386043 0
    outer loop
      vertex -39.39157857666015 27.474334584121436 3
      vertex -39.39157857666015 27.474334584121436 6
      vertex -39 27.5 3
    endloop
  endfacet
  facet normal 0.06540312923013057 0.9978589232386043 0
    outer loop
      vertex -39 27.5 3
      vertex -39 27.5 6
      vertex -38.60842142333985 27.474334584121436 3
    endloop
  endfacet
  facet normal 0.19509032201615756 0.9807852804032244 0
    outer loop
      vertex -38.60842142333985 27.474334584121436 3
      vertex -38.60842142333985 27.474334584121436 6
      vertex -38.22354286469244 27.397777478867198 3
    endloop
  endfacet
  facet normal 0.32143946530313383 0.9469301294951151 1.7045075690523177e-18
    outer loop
      vertex -37.85194970290473 27.271638597533865 3
      vertex -38.22354286469244 27.397777478867198 3
      vertex -38.22354286469244 27.397777478867198 6
    endloop
  endfacet
  facet normal 0.4422886902190092 0.8968727415326844 -3.0635160857550764e-19
    outer loop
      vertex -37.5 27.098076211353316 3
      vertex -37.85194970290473 27.271638597533865 3
      vertex -37.85194970290473 27.271638597533865 6
    endloop
  endfacet
  facet normal -0.8968727415326916 -0.4422886902189947 0
    outer loop
      vertex -41.77163859753386 23.351949702904733 3
      vertex -41.598076211353316 23 6
      vertex -41.77163859753386 23.351949702904733 6
    endloop
  endfacet
  facet normal -0.32143946530313383 -0.9469301294951151 0
    outer loop
      vertex -40.14805029709527 21.728361402466135 3
      vertex -39.77645713530756 21.602222521132802 6
      vertex -40.14805029709527 21.728361402466135 6
    endloop
  endfacet
  facet normal -0.4422886902190092 -0.8968727415326844 0
    outer loop
      vertex -40.5 21.901923788646684 3
      vertex -40.14805029709527 21.728361402466135 6
      vertex -40.5 21.901923788646684 6
    endloop
  endfacet
  facet normal -0.5555702330195875 -0.831469612302555 0
    outer loop
      vertex -40.82628428702616 22.119939979126286 3
      vertex -40.5 21.901923788646684 6
      vertex -40.82628428702616 22.119939979126286 6
    endloop
  endfacet
  facet normal -0.751839807478959 -0.6593458151000898 0
    outer loop
      vertex -41.38006002087371 22.67371571297383 3
      vertex -41.121320343559645 22.37867965644037 6
      vertex -41.38006002087371 22.67371571297383 6
    endloop
  endfacet
  facet normal -0.6593458151000937 -0.7518398074789557 0
    outer loop
      vertex -41.121320343559645 22.37867965644037 3
      vertex -40.82628428702616 22.119939979126286 6
      vertex -41.121320343559645 22.37867965644037 6
    endloop
  endfacet
  facet normal -0.8314696123025522 -0.5555702330195917 0
    outer loop
      vertex -41.598076211353316 23 3
      vertex -41.38006002087371 22.67371571297383 6
      vertex -41.598076211353316 23 6
    endloop
  endfacet
  facet normal -0.19509032201615756 -0.9807852804032244 0
    outer loop
      vertex -39.77645713530756 21.602222521132802 3
      vertex -39.39157857666015 21.525665415878564 6
      vertex -39.77645713530756 21.602222521132802 6
    endloop
  endfacet
  facet normal -0.06540312923013057 -0.9978589232386043 0
    outer loop
      vertex -39.39157857666015 21.525665415878564 3
      vertex -39 21.5 6
      vertex -39.39157857666015 21.525665415878564 6
    endloop
  endfacet
  facet normal 0.06540312923013057 -0.9978589232386043 0
    outer loop
      vertex -39 21.5 3
      vertex -38.60842142333985 21.525665415878564 6
      vertex -39 21.5 6
    endloop
  endfacet
  facet normal 0.19509032201615756 -0.9807852804032244 0
    outer loop
      vertex -38.60842142333985 21.525665415878564 3
      vertex -38.22354286469244 21.602222521132802 6
      vertex -38.60842142333985 21.525665415878564 6
    endloop
  endfacet
  facet normal 0.32143946530313383 -0.9469301294951151 0
    outer loop
      vertex -38.22354286469244 21.602222521132802 3
      vertex -37.85194970290473 21.728361402466135 6
      vertex -38.22354286469244 21.602222521132802 6
    endloop
  endfacet
  facet normal 0.4422886902190092 -0.8968727415326844 0
    outer loop
      vertex -37.85194970290473 21.728361402466135 3
      vertex -37.5 21.901923788646684 6
      vertex -37.85194970290473 21.728361402466135 6
    endloop
  endfacet
  facet normal 0.5555702330195875 -0.831469612302555 0
    outer loop
      vertex -37.5 21.901923788646684 3
      vertex -37.17371571297384 22.119939979126286 6
      vertex -37.5 21.901923788646684 6
    endloop
  endfacet
  facet normal 0.6593458151000937 -0.7518398074789557 0
    outer loop
      vertex -37.17371571297384 22.119939979126286 3
      vertex -36.878679656440355 22.37867965644037 6
      vertex -37.17371571297384 22.119939979126286 6
    endloop
  endfacet
  facet normal 0.751839807478959 -0.6593458151000898 0
    outer loop
      vertex -36.878679656440355 22.37867965644037 3
      vertex -36.61993997912629 22.67371571297383 6
      vertex -36.878679656440355 22.37867965644037 6
    endloop
  endfacet
  facet normal 0.8314696123025522 -0.5555702330195917 0
    outer loop
      vertex -36.61993997912629 22.67371571297383 3
      vertex -36.401923788646684 23 6
      vertex -36.61993997912629 22.67371571297383 6
    endloop
  endfacet
  facet normal 0.8968727415326916 -0.4422886902189947 0
    outer loop
      vertex -36.401923788646684 23 3
      vertex -36.22836140246614 23.351949702904733 6
      vertex -36.401923788646684 23 6
    endloop
  endfacet
  facet normal 0 0 1
    outer loop
      vertex -40.14805029709527 21.728361402466135 6
      vertex -39.77645713530756 21.602222521132802 6
      vertex -39.952627944162884 23.94999999999999 6
    endloop
  endfacet
  facet normal 0 0 1
    outer loop
      vertex -39.77645713530756 21.602222521132802 6
      vertex -39.39157857666015 21.525665415878564 6
      vertex -39.55 23.547372055837116 6
    endloop
  endfacet
  facet normal 0 0 1
    outer loop
      vertex -39.39157857666015 21.525665415878564 6
      vertex -39 21.5 6
      vertex -39.143578811442055 23.409410652488816 6
    endloop
  endfacet
  facet normal 0 0 1
    outer loop
      vertex -39 21.5 6
      vertex -38.60842142333985 21.525665415878564 6
      vertex -39 23.400000000000006 6
    endloop
  endfacet
  facet normal 0 0 1
    outer loop
      vertex -38.60842142333985 21.525665415878564 6
      vertex -38.22354286469244 21.602222521132802 6
      vertex -38.71529905038723 23.43748159108202 6
    endloop
  endfacet
  facet normal 0 0 1
    outer loop
      vertex -39.77645713530756 21.602222521132802 6
      vertex -39.66963757190959 23.627311325679642 6
      vertex -39.777817459305204 23.722182540694803 6
    endloop
  endfacet
  facet normal 0 0 1
    outer loop
      vertex -39.77645713530756 21.602222521132802 6
      vertex -39.55 23.547372055837116 6
      vertex -39.66963757190959 23.627311325679642 6
    endloop
  endfacet
  facet normal 0 0 1
    outer loop
      vertex -39.77645713530756 21.602222521132802 6
      vertex -39.87268867432036 23.83036242809041 6
      vertex -39.952627944162884 23.94999999999999 6
    endloop
  endfacet
  facet normal 0 0 1
    outer loop
      vertex -39.77645713530756 21.602222521132802 6
      vertex -39.777817459305204 23.722182540694803 6
      vertex -39.87268867432036 23.83036242809041 6
    endloop
  endfacet
  facet normal 0 0 1
    outer loop
      vertex -39.39157857666015 21.525665415878564 6
      vertex -39.4209517756016 23.483732514237573 6
      vertex -39.55 23.547372055837116 6
    endloop
  endfacet
  facet normal 0 0 1
    outer loop
      vertex -39.39157857666015 21.525665415878564 6
      vertex -39.28470094961277 23.43748159108202 6
      vertex -39.4209517756016 23.483732514237573 6
    endloop
  endfacet
  facet normal 0 0 1
    outer loop
      vertex -39.39157857666015 21.525665415878564 6
      vertex -39.143578811442055 23.409410652488816 6
      vertex -39.28470094961277 23.43748159108202 6
    endloop
  endfacet
  facet normal 0 0 1
    outer loop
      vertex -39 21.5 6
      vertex -39 23.400000000000006 6
      vertex -39.143578811442055 23.409410652488816 6
    endloop
  endfacet
  facet normal 0 0 1
    outer loop
      vertex -38.60842142333985 21.525665415878564 6
      vertex -38.856421188557945 23.409410652488816 6
      vertex -39 23.400000000000006 6
    endloop
  endfacet
  facet normal 0 0 1
    outer loop
      vertex -38.60842142333985 21.525665415878564 6
      vertex -38.71529905038723 23.43748159108202 6
      vertex -38.856421188557945 23.409410652488816 6
    endloop
  endfacet
  facet normal 0 0 1
    outer loop
      vertex -38.22354286469244 21.602222521132802 6
      vertex -38.5790482243984 23.483732514237573 6
      vertex -38.71529905038723 23.43748159108202 6
    endloop
  endfacet
  facet normal 0 0 1
    outer loop
      vertex -38.22354286469244 21.602222521132802 6
      vertex -38.45 23.547372055837116 6
      vertex -38.5790482243984 23.483732514237573 6
    endloop
  endfacet
  facet normal 0 0 1
    outer loop
      vertex -38.22354286469244 21.602222521132802 6
      vertex -38.33036242809041 23.627311325679642 6
      vertex -38.45 23.547372055837116 6
    endloop
  endfacet
  facet normal 0 0 1
    outer loop
      vertex -38.22354286469244 21.602222521132802 6
      vertex -37.85194970290473 21.728361402466135 6
      vertex -38.33036242809041 23.627311325679642 6
    endloop
  endfacet
  facet normal 0 0 1
    outer loop
      vertex -37.85194970290473 21.728361402466135 6
      vertex -38.222182540694796 23.722182540694803 6
      vertex -38.33036242809041 23.627311325679642 6
    endloop
  endfacet
  facet normal 0 0 1
    outer loop
      vertex -37.85194970290473 21.728361402466135 6
      vertex -38.12731132567964 23.83036242809041 6
      vertex -38.222182540694796 23.722182540694803 6
    endloop
  endfacet
  facet normal 0 0 1
    outer loop
      vertex -37.85194970290473 21.728361402466135 6
      vertex -38.047372055837116 23.94999999999999 6
      vertex -38.12731132567964 23.83036242809041 6
    endloop
  endfacet
  facet normal -0.9469301294951021 -0.3214394653031718 0
    outer loop
      vertex -41.897777478867205 23.723542864692433 3
      vertex -41.77163859753386 23.351949702904733 6
      vertex -41.897777478867205 23.723542864692433 6
    endloop
  endfacet
  facet normal -0.9807852804032322 -0.19509032201611928 0
    outer loop
      vertex -41.97433458412143 24.10842142333985 3
      vertex -41.897777478867205 23.723542864692433 6
      vertex -41.97433458412143 24.10842142333985 6
    endloop
  endfacet
  facet normal -0.9978589232386031 -0.0654031292301486 0
    outer loop
      vertex -42 24.5 3
      vertex -41.97433458412143 24.10842142333985 6
      vertex -42 24.5 6
    endloop
  endfacet
  facet normal -0.9978589232386031 0.0654031292301486 0
    outer loop
      vertex -41.97433458412143 24.89157857666015 3
      vertex -42 24.5 6
      vertex -41.97433458412143 24.89157857666015 6
    endloop
  endfacet
  facet normal -0.9807852804032322 0.19509032201611928 0
    outer loop
      vertex -41.897777478867205 25.276457135307567 3
      vertex -41.97433458412143 24.89157857666015 6
      vertex -41.897777478867205 25.276457135307567 6
    endloop
  endfacet
  facet normal -0.9469301294951021 0.3214394653031718 0
    outer loop
      vertex -41.77163859753386 25.648050297095267 3
      vertex -41.897777478867205 25.276457135307567 6
      vertex -41.77163859753386 25.648050297095267 6
    endloop
  endfacet
  facet normal -0.8968727415326916 0.4422886902189947 0
    outer loop
      vertex -41.598076211353316 26 3
      vertex -41.77163859753386 25.648050297095267 6
      vertex -41.598076211353316 26 6
    endloop
  endfacet
  facet normal -0.8314696123025522 0.5555702330195917 0
    outer loop
      vertex -41.38006002087371 26.32628428702617 3
      vertex -41.598076211353316 26 6
      vertex -41.38006002087371 26.32628428702617 6
    endloop
  endfacet
  facet normal -0.751839807478959 0.6593458151000898 0
    outer loop
      vertex -41.121320343559645 26.62132034355963 3
      vertex -41.38006002087371 26.32628428702617 6
      vertex -41.121320343559645 26.62132034355963 6
    endloop
  endfacet
  facet normal -0.6593458151000937 0.7518398074789557 0
    outer loop
      vertex -40.82628428702616 26.880060020873714 3
      vertex -41.121320343559645 26.62132034355963 6
      vertex -40.82628428702616 26.880060020873714 6
    endloop
  endfacet
  facet normal -0.5555702330195875 0.831469612302555 0
    outer loop
      vertex -40.5 27.098076211353316 3
      vertex -40.82628428702616 26.880060020873714 6
      vertex -40.5 27.098076211353316 6
    endloop
  endfacet
  facet normal -0.4422886902190092 0.8968727415326844 0
    outer loop
      vertex -40.14805029709527 27.271638597533865 3
      vertex -40.5 27.098076211353316 6
      vertex -40.14805029709527 27.271638597533865 6
    endloop
  endfacet
  facet normal 0.751839807478959 0.6593458151000898 0
    outer loop
      vertex -36.61993997912629 26.32628428702617 3
      vertex -36.878679656440355 26.62132034355963 6
      vertex -36.61993997912629 26.32628428702617 6
    endloop
  endfacet
  facet normal 0.5555702330195875 0.831469612302555 0
    outer loop
      vertex -37.17371571297384 26.880060020873714 3
      vertex -37.5 27.098076211353316 6
      vertex -37.17371571297384 26.880060020873714 6
    endloop
  endfacet
  facet normal 0.6593458151000937 0.7518398074789557 0
    outer loop
      vertex -36.878679656440355 26.62132034355963 3
      vertex -37.17371571297384 26.880060020873714 6
      vertex -36.878679656440355 26.62132034355963 6
    endloop
  endfacet
  facet normal 0.9469301294951021 -0.3214394653031718 0
    outer loop
      vertex -36.22836140246614 23.351949702904733 3
      vertex -36.102222521132795 23.723542864692433 6
      vertex -36.22836140246614 23.351949702904733 6
    endloop
  endfacet
  facet normal 0.9807852804032322 -0.19509032201611928 0
    outer loop
      vertex -36.102222521132795 23.723542864692433 3
      vertex -36.02566541587857 24.10842142333985 6
      vertex -36.102222521132795 23.723542864692433 6
    endloop
  endfacet
  facet normal 0.9978589232386031 -0.0654031292301486 0
    outer loop
      vertex -36.02566541587857 24.10842142333985 3
      vertex -36 24.5 6
      vertex -36.02566541587857 24.10842142333985 6
    endloop
  endfacet
  facet normal 0.9978589232386031 0.0654031292301486 0
    outer loop
      vertex -36 24.5 3
      vertex -36.02566541587857 24.89157857666015 6
      vertex -36 24.5 6
    endloop
  endfacet
  facet normal 0.9807852804032322 0.19509032201611928 0
    outer loop
      vertex -36.02566541587857 24.89157857666015 3
      vertex -36.102222521132795 25.276457135307567 6
      vertex -36.02566541587857 24.89157857666015 6
    endloop
  endfacet
  facet normal 0.9469301294951021 0.3214394653031718 0
    outer loop
      vertex -36.102222521132795 25.276457135307567 3
      vertex -36.22836140246614 25.648050297095267 6
      vertex -36.102222521132795 25.276457135307567 6
    endloop
  endfacet
  facet normal 0.8968727415326916 0.4422886902189947 0
    outer loop
      vertex -36.22836140246614 25.648050297095267 3
      vertex -36.401923788646684 26 6
      vertex -36.22836140246614 25.648050297095267 6
    endloop
  endfacet
  facet normal 0.8314696123025522 0.5555702330195917 0
    outer loop
      vertex -36.401923788646684 26 3
      vertex -36.61993997912629 26.32628428702617 6
      vertex -36.401923788646684 26 6
    endloop
  endfacet
  facet normal -0.32143946530313383 0.9469301294951151 0
    outer loop
      vertex -39.77645713530756 27.397777478867198 3
      vertex -40.14805029709527 27.271638597533865 6
      vertex -39.77645713530756 27.397777478867198 6
    endloop
  endfacet
  facet normal -0.19509032201615756 0.9807852804032244 0
    outer loop
      vertex -39.39157857666015 27.474334584121436 3
      vertex -39.77645713530756 27.397777478867198 6
      vertex -39.39157857666015 27.474334584121436 6
    endloop
  endfacet
  facet normal -0.06540312923013057 0.9978589232386043 0
    outer loop
      vertex -39 27.5 3
      vertex -39.39157857666015 27.474334584121436 6
      vertex -39 27.5 6
    endloop
  endfacet
  facet normal 0.06540312923013057 0.9978589232386043 0
    outer loop
      vertex -38.60842142333985 27.474334584121436 3
      vertex -39 27.5 6
      vertex -38.60842142333985 27.474334584121436 6
    endloop
  endfacet
  facet normal 0.19509032201615756 0.9807852804032244 0
    outer loop
      vertex -38.22354286469244 27.397777478867198 3
      vertex -38.60842142333985 27.474334584121436 6
      vertex -38.22354286469244 27.397777478867198 6
    endloop
  endfacet
  facet normal 0.32143946530313383 0.9469301294951151 0
    outer loop
      vertex -37.85194970290473 27.271638597533865 3
      vertex -38.22354286469244 27.397777478867198 6
      vertex -37.85194970290473 27.271638597533865 6
    endloop
  endfacet
  facet normal 0.4422886902190092 0.8968727415326844 0
    outer loop
      vertex -37.5 27.098076211353316 3
      vertex -37.85194970290473 27.271638597533865 6
      vertex -37.5 27.098076211353316 6
    endloop
  endfacet
  facet normal 0 0 1
    outer loop
      vertex -41.77163859753386 23.351949702904733 6
      vertex -41.897777478867205 25.276457135307567 6
      vertex -41.897777478867205 23.723542864692433 6
    endloop
  endfacet
  facet normal 0 0 1
    outer loop
      vertex -41.598076211353316 23 6
      vertex -41.77163859753386 25.648050297095267 6
      vertex -41.77163859753386 23.351949702904733 6
    endloop
  endfacet
  facet normal 0 0 1
    outer loop
      vertex -41.897777478867205 23.723542864692433 6
      vertex -41.97433458412143 24.89157857666015 6
      vertex -41.97433458412143 24.10842142333985 6
    endloop
  endfacet
  facet normal 0 0 1
    outer loop
      vertex -41.97433458412143 24.10842142333985 6
      vertex -41.97433458412143 24.89157857666015 6
      vertex -42 24.5 6
    endloop
  endfacet
  facet normal 0 0 1
    outer loop
      vertex -41.897777478867205 23.723542864692433 6
      vertex -41.897777478867205 25.276457135307567 6
      vertex -41.97433458412143 24.89157857666015 6
    endloop
  endfacet
  facet normal 0 0 1
    outer loop
      vertex -41.77163859753386 23.351949702904733 6
      vertex -41.77163859753386 25.648050297095267 6
      vertex -41.897777478867205 25.276457135307567 6
    endloop
  endfacet
  facet normal 0 0 1
    outer loop
      vertex -41.598076211353316 23 6
      vertex -41.598076211353316 26 6
      vertex -41.77163859753386 25.648050297095267 6
    endloop
  endfacet
  facet normal 0 0 1
    outer loop
      vertex -40.82628428702616 22.119939979126286 6
      vertex -41.121320343559645 26.62132034355963 6
      vertex -41.121320343559645 22.37867965644037 6
    endloop
  endfacet
  facet normal 0 0 1
    outer loop
      vertex -41.38006002087371 22.67371571297383 6
      vertex -41.598076211353316 26 6
      vertex -41.598076211353316 23 6
    endloop
  endfacet
  facet normal 0 0 1
    outer loop
      vertex -41.38006002087371 22.67371571297383 6
      vertex -41.121320343559645 22.37867965644037 6
      vertex -41.38006002087371 26.32628428702617 6
    endloop
  endfacet
  facet normal 0 0 1
    outer loop
      vertex -40.82628428702616 22.119939979126286 6
      vertex -40.5 21.901923788646684 6
      vertex -40.82628428702616 26.880060020873714 6
    endloop
  endfacet
  facet normal 0 0 1
    outer loop
      vertex -40.14805029709527 21.728361402466135 6
      vertex -40.5 27.098076211353316 6
      vertex -40.5 21.901923788646684 6
    endloop
  endfacet
  facet normal 0 0 1
    outer loop
      vertex -40.14805029709527 21.728361402466135 6
      vertex -40.01626748576241 24.079048224398406 6
      vertex -40.062518408917974 24.215299050387216 6
    endloop
  endfacet
  facet normal 0 0 1
    outer loop
      vertex -40.14805029709527 21.728361402466135 6
      vertex -39.952627944162884 23.94999999999999 6
      vertex -40.01626748576241 24.079048224398406 6
    endloop
  endfacet
  facet normal 0 0 1
    outer loop
      vertex -40.14805029709527 21.728361402466135 6
      vertex -40.062518408917974 24.215299050387216 6
      vertex -40.09058934751119 24.35642118855793 6
    endloop
  endfacet
  facet normal 0 0 1
    outer loop
      vertex -40.14805029709527 21.728361402466135 6
      vertex -40.09058934751119 24.35642118855793 6
      vertex -40.1 24.5 6
    endloop
  endfacet
  facet normal 0 0 1
    outer loop
      vertex -41.38006002087371 22.67371571297383 6
      vertex -41.38006002087371 26.32628428702617 6
      vertex -41.598076211353316 26 6
    endloop
  endfacet
  facet normal 0 0 1
    outer loop
      vertex -41.121320343559645 22.37867965644037 6
      vertex -41.121320343559645 26.62132034355963 6
      vertex -41.38006002087371 26.32628428702617 6
    endloop
  endfacet
  facet normal 0 0 1
    outer loop
      vertex -40.14805029709527 21.728361402466135 6
      vertex -40.1 24.5 6
      vertex -40.14805029709527 27.271638597533865 6
    endloop
  endfacet
  facet normal 0 0 1
    outer loop
      vertex -40.82628428702616 22.119939979126286 6
      vertex -40.82628428702616 26.880060020873714 6
      vertex -41.121320343559645 26.62132034355963 6
    endloop
  endfacet
  facet normal 0 0 1
    outer loop
      vertex -40.5 21.901923788646684 6
      vertex -40.5 27.098076211353316 6
      vertex -40.82628428702616 26.880060020873714 6
    endloop
  endfacet
  facet normal 0 0 1
    outer loop
      vertex -40.14805029709527 21.728361402466135 6
      vertex -40.14805029709527 27.271638597533865 6
      vertex -40.5 27.098076211353316 6
    endloop
  endfacet
  facet normal 0 0 1
    outer loop
      vertex -40.14805029709527 27.271638597533865 6
      vertex -40.1 24.5 6
      vertex -40.09058934751119 24.64357881144207 6
    endloop
  endfacet
  facet normal 0 0 1
    outer loop
      vertex -40.14805029709527 27.271638597533865 6
      vertex -40.09058934751119 24.64357881144207 6
      vertex -40.062518408917974 24.784700949612784 6
    endloop
  endfacet
  facet normal 0 0 1
    outer loop
      vertex -40.14805029709527 27.271638597533865 6
      vertex -40.062518408917974 24.784700949612784 6
      vertex -40.01626748576241 24.920951775601594 6
    endloop
  endfacet
  facet normal 0 0 1
    outer loop
      vertex -40.14805029709527 27.271638597533865 6
      vertex -40.01626748576241 24.920951775601594 6
      vertex -39.952627944162884 25.05000000000001 6
    endloop
  endfacet
  facet normal 0 0 1
    outer loop
      vertex -40.14805029709527 27.271638597533865 6
      vertex -39.952627944162884 25.05000000000001 6
      vertex -39.87268867432036 25.16963757190959 6
    endloop
  endfacet
  facet normal 0 0 1
    outer loop
      vertex -37.85194970290473 21.728361402466135 6
      vertex -37.98373251423759 24.079048224398406 6
      vertex -38.047372055837116 23.94999999999999 6
    endloop
  endfacet
  facet normal 0 0 1
    outer loop
      vertex -37.85194970290473 21.728361402466135 6
      vertex -37.937481591082026 24.215299050387216 6
      vertex -37.98373251423759 24.079048224398406 6
    endloop
  endfacet
  facet normal 0 0 1
    outer loop
      vertex -37.85194970290473 21.728361402466135 6
      vertex -37.90941065248881 24.35642118855793 6
      vertex -37.937481591082026 24.215299050387216 6
    endloop
  endfacet
  facet normal 0 0 1
    outer loop
      vertex -37.85194970290473 21.728361402466135 6
      vertex -37.9 24.5 6
      vertex -37.90941065248881 24.35642118855793 6
    endloop
  endfacet
  facet normal 0 0 1
    outer loop
      vertex -37.85194970290473 21.728361402466135 6
      vertex -37.5 21.901923788646684 6
      vertex -37.85194970290473 27.271638597533865 6
    endloop
  endfacet
  facet normal 0 0 1
    outer loop
      vertex -37.5 21.901923788646684 6
      vertex -37.17371571297384 22.119939979126286 6
      vertex -37.5 27.098076211353316 6
    endloop
  endfacet
  facet normal 0 0 1
    outer loop
      vertex -37.17371571297384 22.119939979126286 6
      vertex -36.878679656440355 22.37867965644037 6
      vertex -37.17371571297384 26.880060020873714 6
    endloop
  endfacet
  facet normal 0 0 1
    outer loop
      vertex -36.878679656440355 22.37867965644037 6
      vertex -36.61993997912629 22.67371571297383 6
      vertex -36.878679656440355 26.62132034355963 6
    endloop
  endfacet
  facet normal 0 0 1
    outer loop
      vertex -37.85194970290473 21.728361402466135 6
      vertex -37.85194970290473 27.271638597533865 6
      vertex -37.9 24.5 6
    endloop
  endfacet
  facet normal 0 0 1
    outer loop
      vertex -40.14805029709527 27.271638597533865 6
      vertex -39.87268867432036 25.16963757190959 6
      vertex -39.777817459305204 25.277817459305197 6
    endloop
  endfacet
  facet normal 0 0 1
    outer loop
      vertex -40.14805029709527 27.271638597533865 6
      vertex -39.777817459305204 25.277817459305197 6
      vertex -39.66963757190959 25.372688674320358 6
    endloop
  endfacet
  facet normal 0 0 1
    outer loop
      vertex -39.77645713530756 27.397777478867198 6
      vertex -39.66963757190959 25.372688674320358 6
      vertex -39.55 25.452627944162884 6
    endloop
  endfacet
  facet normal 0 0 1
    outer loop
      vertex -39.77645713530756 27.397777478867198 6
      vertex -39.55 25.452627944162884 6
      vertex -39.4209517756016 25.516267485762427 6
    endloop
  endfacet
  facet normal 0 0 1
    outer loop
      vertex -38.60842142333985 27.474334584121436 6
      vertex -38.5790482243984 25.516267485762427 6
      vertex -38.45 25.452627944162884 6
    endloop
  endfacet
  facet normal 0 0 1
    outer loop
      vertex -38.22354286469244 27.397777478867198 6
      vertex -38.45 25.452627944162884 6
      vertex -38.33036242809041 25.372688674320358 6
    endloop
  endfacet
  facet normal 0 0 1
    outer loop
      vertex -39.77645713530756 27.397777478867198 6
      vertex -39.4209517756016 25.516267485762427 6
      vertex -39.28470094961277 25.56251840891798 6
    endloop
  endfacet
  facet normal 0 0 1
    outer loop
      vertex -39.39157857666015 27.474334584121436 6
      vertex -39.28470094961277 25.56251840891798 6
      vertex -39.143578811442055 25.590589347511184 6
    endloop
  endfacet
  facet normal 0 0 1
    outer loop
      vertex -39.39157857666015 27.474334584121436 6
      vertex -39.143578811442055 25.590589347511184 6
      vertex -39 25.599999999999994 6
    endloop
  endfacet
  facet normal 0 0 1
    outer loop
      vertex -40.14805029709527 27.271638597533865 6
      vertex -39.66963757190959 25.372688674320358 6
      vertex -39.77645713530756 27.397777478867198 6
    endloop
  endfacet
  facet normal 0 0 1
    outer loop
      vertex -39.77645713530756 27.397777478867198 6
      vertex -39.28470094961277 25.56251840891798 6
      vertex -39.39157857666015 27.474334584121436 6
    endloop
  endfacet
  facet normal 0 0 1
    outer loop
      vertex -39.39157857666015 27.474334584121436 6
      vertex -39 25.599999999999994 6
      vertex -39 27.5 6
    endloop
  endfacet
  facet normal 0 0 1
    outer loop
      vertex -39 27.5 6
      vertex -39 25.599999999999994 6
      vertex -38.856421188557945 25.590589347511184 6
    endloop
  endfacet
  facet normal 0 0 1
    outer loop
      vertex -38.60842142333985 27.474334584121436 6
      vertex -38.856421188557945 25.590589347511184 6
      vertex -38.71529905038723 25.56251840891798 6
    endloop
  endfacet
  facet normal 0 0 1
    outer loop
      vertex -38.60842142333985 27.474334584121436 6
      vertex -38.71529905038723 25.56251840891798 6
      vertex -38.5790482243984 25.516267485762427 6
    endloop
  endfacet
  facet normal 0 0 1
    outer loop
      vertex -39 27.5 6
      vertex -38.856421188557945 25.590589347511184 6
      vertex -38.60842142333985 27.474334584121436 6
    endloop
  endfacet
  facet normal 0 0 1
    outer loop
      vertex -38.60842142333985 27.474334584121436 6
      vertex -38.45 25.452627944162884 6
      vertex -38.22354286469244 27.397777478867198 6
    endloop
  endfacet
  facet normal 0 0 1
    outer loop
      vertex -37.85194970290473 27.271638597533865 6
      vertex -37.90941065248881 24.64357881144207 6
      vertex -37.9 24.5 6
    endloop
  endfacet
  facet normal 0 0 1
    outer loop
      vertex -37.85194970290473 27.271638597533865 6
      vertex -37.937481591082026 24.784700949612784 6
      vertex -37.90941065248881 24.64357881144207 6
    endloop
  endfacet
  facet normal 0 0 1
    outer loop
      vertex -37.85194970290473 27.271638597533865 6
      vertex -37.98373251423759 24.920951775601594 6
      vertex -37.937481591082026 24.784700949612784 6
    endloop
  endfacet
  facet normal 0 0 1
    outer loop
      vertex -37.5 21.901923788646684 6
      vertex -37.5 27.098076211353316 6
      vertex -37.85194970290473 27.271638597533865 6
    endloop
  endfacet
  facet normal 0 0 1
    outer loop
      vertex -38.22354286469244 27.397777478867198 6
      vertex -38.12731132567964 25.16963757190959 6
      vertex -38.047372055837116 25.05000000000001 6
    endloop
  endfacet
  facet normal 0 0 1
    outer loop
      vertex -37.85194970290473 27.271638597533865 6
      vertex -38.047372055837116 25.05000000000001 6
      vertex -37.98373251423759 24.920951775601594 6
    endloop
  endfacet
  facet normal 0 0 1
    outer loop
      vertex -38.22354286469244 27.397777478867198 6
      vertex -38.222182540694796 25.277817459305197 6
      vertex -38.12731132567964 25.16963757190959 6
    endloop
  endfacet
  facet normal 0 0 1
    outer loop
      vertex -38.22354286469244 27.397777478867198 6
      vertex -38.33036242809041 25.372688674320358 6
      vertex -38.222182540694796 25.277817459305197 6
    endloop
  endfacet
  facet normal 0 0 1
    outer loop
      vertex -37.17371571297384 22.119939979126286 6
      vertex -37.17371571297384 26.880060020873714 6
      vertex -37.5 27.098076211353316 6
    endloop
  endfacet
  facet normal 0 0 1
    outer loop
      vertex -36.878679656440355 22.37867965644037 6
      vertex -36.878679656440355 26.62132034355963 6
      vertex -37.17371571297384 26.880060020873714 6
    endloop
  endfacet
  facet normal 0 0 1
    outer loop
      vertex -36.61993997912629 22.67371571297383 6
      vertex -36.61993997912629 26.32628428702617 6
      vertex -36.878679656440355 26.62132034355963 6
    endloop
  endfacet
  facet normal 0 0 1
    outer loop
      vertex -37.85194970290473 27.271638597533865 6
      vertex -38.22354286469244 27.397777478867198 6
      vertex -38.047372055837116 25.05000000000001 6
    endloop
  endfacet
  facet normal 0 0 1
    outer loop
      vertex -36.61993997912629 22.67371571297383 6
      vertex -36.401923788646684 23 6
      vertex -36.61993997912629 26.32628428702617 6
    endloop
  endfacet
  facet normal 0 0 1
    outer loop
      vertex -36.401923788646684 23 6
      vertex -36.22836140246614 23.351949702904733 6
      vertex -36.401923788646684 26 6
    endloop
  endfacet
  facet normal 0 0 1
    outer loop
      vertex -36.22836140246614 23.351949702904733 6
      vertex -36.102222521132795 23.723542864692433 6
      vertex -36.22836140246614 25.648050297095267 6
    endloop
  endfacet
  facet normal 0 0 1
    outer loop
      vertex -36.102222521132795 23.723542864692433 6
      vertex -36.02566541587857 24.10842142333985 6
      vertex -36.102222521132795 25.276457135307567 6
    endloop
  endfacet
  facet normal 0 0 1
    outer loop
      vertex -36.02566541587857 24.10842142333985 6
      vertex -36 24.5 6
      vertex -36.02566541587857 24.89157857666015 6
    endloop
  endfacet
  facet normal 0 0 1
    outer loop
      vertex -36.401923788646684 23 6
      vertex -36.401923788646684 26 6
      vertex -36.61993997912629 26.32628428702617 6
    endloop
  endfacet
  facet normal 0 0 1
    outer loop
      vertex -36.22836140246614 23.351949702904733 6
      vertex -36.22836140246614 25.648050297095267 6
      vertex -36.401923788646684 26 6
    endloop
  endfacet
  facet normal 0 0 1
    outer loop
      vertex -36.02566541587857 24.10842142333985 6
      vertex -36.02566541587857 24.89157857666015 6
      vertex -36.102222521132795 25.276457135307567 6
    endloop
  endfacet
  facet normal 0 0 1
    outer loop
      vertex -36.102222521132795 23.723542864692433 6
      vertex -36.102222521132795 25.276457135307567 6
      vertex -36.22836140246614 25.648050297095267 6
    endloop
  endfacet
  facet normal -0.7518398074789545 -0.6593458151000949 0
    outer loop
      vertex 16.878679656440358 22.37867965644037 3
      vertex 16.878679656440358 22.37867965644037 6
      vertex 16.619939979126293 22.67371571297383 3
    endloop
  endfacet
  facet normal -0.8968727415326916 -0.4422886902189947 0
    outer loop
      vertex 16.401923788646684 23 3
      vertex 16.401923788646684 23 6
      vertex 16.228361402466142 23.351949702904733 3
    endloop
  endfacet
  facet normal -0.8314696123025522 -0.5555702330195917 0
    outer loop
      vertex 16.619939979126293 22.67371571297383 3
      vertex 16.619939979126293 22.67371571297383 6
      vertex 16.401923788646684 23 3
    endloop
  endfacet
  facet normal -0.4422886902190129 -0.8968727415326827 -1.108295856302934e-18
    outer loop
      vertex 17.5 21.901923788646684 3
      vertex 17.85194970290473 21.728361402466135 3
      vertex 17.85194970290473 21.728361402466135 6
    endloop
  endfacet
  facet normal -0.659345815100098 -0.7518398074789516 8.159567222149447e-19
    outer loop
      vertex 16.878679656440358 22.37867965644037 3
      vertex 17.173715712973838 22.119939979126286 3
      vertex 17.173715712973838 22.119939979126286 6
    endloop
  endfacet
  facet normal -0.5555702330195875 -0.831469612302555 -2.127085931631669e-18
    outer loop
      vertex 17.173715712973838 22.119939979126286 3
      vertex 17.5 21.901923788646684 3
      vertex 17.5 21.901923788646684 6
    endloop
  endfacet
  facet normal -0.32143946530313383 -0.9469301294951151 1.7045075690523177e-18
    outer loop
      vertex 17.85194970290473 21.728361402466135 3
      vertex 18.223542864692437 21.602222521132802 3
      vertex 18.223542864692437 21.602222521132802 6
    endloop
  endfacet
  facet normal -0.19509032201615756 -0.9807852804032244 -1.1725262252824e-18
    outer loop
      vertex 18.223542864692437 21.602222521132802 3
      vertex 18.608421423339845 21.525665415878564 3
      vertex 18.608421423339845 21.525665415878564 6
    endloop
  endfacet
  facet normal -0.06540312923012997 -0.9978589232386043 -5.145819561539496e-19
    outer loop
      vertex 18.608421423339845 21.525665415878564 3
      vertex 19 21.5 3
      vertex 19 21.5 6
    endloop
  endfacet
  facet normal 0.06540312923012997 -0.9978589232386043 5.145819561539496e-19
    outer loop
      vertex 19 21.5 3
      vertex 19.391578576660155 21.525665415878564 3
      vertex 19.391578576660155 21.525665415878564 6
    endloop
  endfacet
  facet normal 0.19509032201615756 -0.9807852804032244 1.1725262252824e-18
    outer loop
      vertex 19.391578576660155 21.525665415878564 3
      vertex 19.776457135307563 21.602222521132802 3
      vertex 19.776457135307563 21.602222521132802 6
    endloop
  endfacet
  facet normal 0.32143946530313383 -0.9469301294951151 -1.7045075690523177e-18
    outer loop
      vertex 19.776457135307563 21.602222521132802 3
      vertex 20.14805029709527 21.728361402466135 3
      vertex 20.14805029709527 21.728361402466135 6
    endloop
  endfacet
  facet normal -0.9469301294951021 -0.3214394653031718 0
    outer loop
      vertex 16.228361402466142 23.351949702904733 3
      vertex 16.228361402466142 23.351949702904733 6
      vertex 16.102222521132795 23.723542864692433 3
    endloop
  endfacet
  facet normal -0.9807852804032322 -0.19509032201611928 8.126871632437976e-19
    outer loop
      vertex 16.02566541587857 24.10842142333985 3
      vertex 16.102222521132795 23.723542864692433 3
      vertex 16.102222521132795 23.723542864692433 6
    endloop
  endfacet
  facet normal -0.9978589232386031 -0.0654031292301486 0
    outer loop
      vertex 16.02566541587857 24.10842142333985 3
      vertex 16.02566541587857 24.10842142333985 6
      vertex 16 24.5 3
    endloop
  endfacet
  facet normal -0.9978589232386031 0.0654031292301486 0
    outer loop
      vertex 16 24.5 3
      vertex 16 24.5 6
      vertex 16.02566541587857 24.89157857666015 3
    endloop
  endfacet
  facet normal -0.9807852804032322 0.19509032201611928 0
    outer loop
      vertex 16.02566541587857 24.89157857666015 3
      vertex 16.02566541587857 24.89157857666015 6
      vertex 16.102222521132795 25.276457135307567 3
    endloop
  endfacet
  facet normal -0.9469301294951021 0.3214394653031718 0
    outer loop
      vertex 16.102222521132795 25.276457135307567 3
      vertex 16.102222521132795 25.276457135307567 6
      vertex 16.228361402466142 25.648050297095267 3
    endloop
  endfacet
  facet normal -0.8968727415326916 0.4422886902189947 0
    outer loop
      vertex 16.228361402466142 25.648050297095267 3
      vertex 16.228361402466142 25.648050297095267 6
      vertex 16.401923788646684 26 3
    endloop
  endfacet
  facet normal -0.8314696123025522 0.5555702330195917 0
    outer loop
      vertex 16.401923788646684 26 3
      vertex 16.401923788646684 26 6
      vertex 16.619939979126293 26.32628428702617 3
    endloop
  endfacet
  facet normal -0.7518398074789545 0.6593458151000949 0
    outer loop
      vertex 16.619939979126293 26.32628428702617 3
      vertex 16.619939979126293 26.32628428702617 6
      vertex 16.878679656440358 26.62132034355963 3
    endloop
  endfacet
  facet normal -0.659345815100098 0.7518398074789516 0
    outer loop
      vertex 16.878679656440358 26.62132034355963 3
      vertex 16.878679656440358 26.62132034355963 6
      vertex 17.173715712973838 26.880060020873714 3
    endloop
  endfacet
  facet normal -0.5555702330195875 0.831469612302555 0
    outer loop
      vertex 17.173715712973838 26.880060020873714 3
      vertex 17.173715712973838 26.880060020873714 6
      vertex 17.5 27.098076211353316 3
    endloop
  endfacet
  facet normal -0.4422886902190129 0.8968727415326827 0
    outer loop
      vertex 17.5 27.098076211353316 3
      vertex 17.5 27.098076211353316 6
      vertex 17.85194970290473 27.271638597533865 3
    endloop
  endfacet
  facet normal -0.32143946530313383 0.9469301294951151 0
    outer loop
      vertex 17.85194970290473 27.271638597533865 3
      vertex 17.85194970290473 27.271638597533865 6
      vertex 18.223542864692437 27.397777478867198 3
    endloop
  endfacet
  facet normal -0.19509032201615756 0.9807852804032244 0
    outer loop
      vertex 18.223542864692437 27.397777478867198 3
      vertex 18.223542864692437 27.397777478867198 6
      vertex 18.608421423339845 27.474334584121436 3
    endloop
  endfacet
  facet normal -0.06540312923012997 0.9978589232386043 0
    outer loop
      vertex 18.608421423339845 27.474334584121436 3
      vertex 18.608421423339845 27.474334584121436 6
      vertex 19 27.5 3
    endloop
  endfacet
  facet normal 0.06540312923012997 0.9978589232386043 0
    outer loop
      vertex 19 27.5 3
      vertex 19 27.5 6
      vertex 19.391578576660155 27.474334584121436 3
    endloop
  endfacet
  facet normal 0.19509032201615756 0.9807852804032244 0
    outer loop
      vertex 19.391578576660155 27.474334584121436 3
      vertex 19.391578576660155 27.474334584121436 6
      vertex 19.776457135307563 27.397777478867198 3
    endloop
  endfacet
  facet normal 0.32143946530313383 0.9469301294951151 0
    outer loop
      vertex 19.776457135307563 27.397777478867198 3
      vertex 19.776457135307563 27.397777478867198 6
      vertex 20.14805029709527 27.271638597533865 3
    endloop
  endfacet
  facet normal -0.7518398074789545 -0.6593458151000949 0
    outer loop
      vertex 16.619939979126293 22.67371571297383 3
      vertex 16.878679656440358 22.37867965644037 6
      vertex 16.619939979126293 22.67371571297383 6
    endloop
  endfacet
  facet normal -0.8314696123025522 -0.5555702330195917 0
    outer loop
      vertex 16.401923788646684 23 3
      vertex 16.619939979126293 22.67371571297383 6
      vertex 16.401923788646684 23 6
    endloop
  endfacet
  facet normal -0.8968727415326916 -0.4422886902189947 0
    outer loop
      vertex 16.228361402466142 23.351949702904733 3
      vertex 16.401923788646684 23 6
      vertex 16.228361402466142 23.351949702904733 6
    endloop
  endfacet
  facet normal -0.5555702330195875 -0.831469612302555 0
    outer loop
      vertex 17.173715712973838 22.119939979126286 3
      vertex 17.5 21.901923788646684 6
      vertex 17.173715712973838 22.119939979126286 6
    endloop
  endfacet
  facet normal -0.4422886902190129 -0.8968727415326827 0
    outer loop
      vertex 17.5 21.901923788646684 3
      vertex 17.85194970290473 21.728361402466135 6
      vertex 17.5 21.901923788646684 6
    endloop
  endfacet
  facet normal -0.32143946530313383 -0.9469301294951151 0
    outer loop
      vertex 17.85194970290473 21.728361402466135 3
      vertex 18.223542864692437 21.602222521132802 6
      vertex 17.85194970290473 21.728361402466135 6
    endloop
  endfacet
  facet normal -0.19509032201615756 -0.9807852804032244 0
    outer loop
      vertex 18.223542864692437 21.602222521132802 3
      vertex 18.608421423339845 21.525665415878564 6
      vertex 18.223542864692437 21.602222521132802 6
    endloop
  endfacet
  facet normal -0.659345815100098 -0.7518398074789516 0
    outer loop
      vertex 16.878679656440358 22.37867965644037 3
      vertex 17.173715712973838 22.119939979126286 6
      vertex 16.878679656440358 22.37867965644037 6
    endloop
  endfacet
  facet normal -0.06540312923012997 -0.9978589232386043 0
    outer loop
      vertex 18.608421423339845 21.525665415878564 3
      vertex 19 21.5 6
      vertex 18.608421423339845 21.525665415878564 6
    endloop
  endfacet
  facet normal 0.06540312923012997 -0.9978589232386043 0
    outer loop
      vertex 19 21.5 3
      vertex 19.391578576660155 21.525665415878564 6
      vertex 19 21.5 6
    endloop
  endfacet
  facet normal 0.19509032201615756 -0.9807852804032244 0
    outer loop
      vertex 19.391578576660155 21.525665415878564 3
      vertex 19.776457135307563 21.602222521132802 6
      vertex 19.391578576660155 21.525665415878564 6
    endloop
  endfacet
  facet normal 0.32143946530313383 -0.9469301294951151 0
    outer loop
      vertex 19.776457135307563 21.602222521132802 3
      vertex 20.14805029709527 21.728361402466135 6
      vertex 19.776457135307563 21.602222521132802 6
    endloop
  endfacet
  facet normal 0 0 1
    outer loop
      vertex 18.223542864692437 21.602222521132802 6
      vertex 18.608421423339845 21.525665415878564 6
      vertex 18.45 23.547372055837116 6
    endloop
  endfacet
  facet normal 0 0 1
    outer loop
      vertex 17.85194970290473 21.728361402466135 6
      vertex 18.223542864692437 21.602222521132802 6
      vertex 18.04737205583712 23.94999999999999 6
    endloop
  endfacet
  facet normal 0 0 1
    outer loop
      vertex 18.223542864692437 21.602222521132802 6
      vertex 18.127311325679642 23.83036242809041 6
      vertex 18.04737205583712 23.94999999999999 6
    endloop
  endfacet
  facet normal 0 0 1
    outer loop
      vertex 18.223542864692437 21.602222521132802 6
      vertex 18.330362428090407 23.627311325679642 6
      vertex 18.2221825406948 23.722182540694803 6
    endloop
  endfacet
  facet normal 0 0 1
    outer loop
      vertex 18.223542864692437 21.602222521132802 6
      vertex 18.45 23.547372055837116 6
      vertex 18.330362428090407 23.627311325679642 6
    endloop
  endfacet
  facet normal 0 0 1
    outer loop
      vertex 18.608421423339845 21.525665415878564 6
      vertex 18.579048224398402 23.483732514237573 6
      vertex 18.45 23.547372055837116 6
    endloop
  endfacet
  facet normal 0 0 1
    outer loop
      vertex 18.223542864692437 21.602222521132802 6
      vertex 18.2221825406948 23.722182540694803 6
      vertex 18.127311325679642 23.83036242809041 6
    endloop
  endfacet
  facet normal 0 0 1
    outer loop
      vertex 18.608421423339845 21.525665415878564 6
      vertex 19 21.5 6
      vertex 18.856421188557942 23.409410652488816 6
    endloop
  endfacet
  facet normal 0 0 1
    outer loop
      vertex 19 21.5 6
      vertex 19.391578576660155 21.525665415878564 6
      vertex 19 23.400000000000006 6
    endloop
  endfacet
  facet normal 0 0 1
    outer loop
      vertex 19.391578576660155 21.525665415878564 6
      vertex 19.776457135307563 21.602222521132802 6
      vertex 19.284700949612773 23.43748159108202 6
    endloop
  endfacet
  facet normal 0 0 1
    outer loop
      vertex 18.608421423339845 21.525665415878564 6
      vertex 18.715299050387227 23.43748159108202 6
      vertex 18.579048224398402 23.483732514237573 6
    endloop
  endfacet
  facet normal 0 0 1
    outer loop
      vertex 18.608421423339845 21.525665415878564 6
      vertex 18.856421188557942 23.409410652488816 6
      vertex 18.715299050387227 23.43748159108202 6
    endloop
  endfacet
  facet normal 0 0 1
    outer loop
      vertex 19 21.5 6
      vertex 19 23.400000000000006 6
      vertex 18.856421188557942 23.409410652488816 6
    endloop
  endfacet
  facet normal 0 0 1
    outer loop
      vertex 19.391578576660155 21.525665415878564 6
      vertex 19.143578811442058 23.409410652488816 6
      vertex 19 23.400000000000006 6
    endloop
  endfacet
  facet normal 0 0 1
    outer loop
      vertex 19.391578576660155 21.525665415878564 6
      vertex 19.284700949612773 23.43748159108202 6
      vertex 19.143578811442058 23.409410652488816 6
    endloop
  endfacet
  facet normal 0 0 1
    outer loop
      vertex 19.776457135307563 21.602222521132802 6
      vertex 20.14805029709527 21.728361402466135 6
      vertex 19.669637571909593 23.627311325679642 6
    endloop
  endfacet
  facet normal 0 0 1
    outer loop
      vertex 19.776457135307563 21.602222521132802 6
      vertex 19.420951775601598 23.483732514237573 6
      vertex 19.284700949612773 23.43748159108202 6
    endloop
  endfacet
  facet normal 0 0 1
    outer loop
      vertex 19.776457135307563 21.602222521132802 6
      vertex 19.55 23.547372055837116 6
      vertex 19.420951775601598 23.483732514237573 6
    endloop
  endfacet
  facet normal 0 0 1
    outer loop
      vertex 19.776457135307563 21.602222521132802 6
      vertex 19.669637571909593 23.627311325679642 6
      vertex 19.55 23.547372055837116 6
    endloop
  endfacet
  facet normal 0 0 1
    outer loop
      vertex 20.14805029709527 21.728361402466135 6
      vertex 19.7778174593052 23.722182540694803 6
      vertex 19.669637571909593 23.627311325679642 6
    endloop
  endfacet
  facet normal 0 0 1
    outer loop
      vertex 20.14805029709527 21.728361402466135 6
      vertex 19.872688674320358 23.83036242809041 6
      vertex 19.7778174593052 23.722182540694803 6
    endloop
  endfacet
  facet normal 0 0 1
    outer loop
      vertex 20.14805029709527 21.728361402466135 6
      vertex 19.95262794416288 23.94999999999999 6
      vertex 19.872688674320358 23.83036242809041 6
    endloop
  endfacet
  facet normal -0.9807852804032322 -0.19509032201611928 0
    outer loop
      vertex 16.02566541587857 24.10842142333985 3
      vertex 16.102222521132795 23.723542864692433 6
      vertex 16.02566541587857 24.10842142333985 6
    endloop
  endfacet
  facet normal -0.9469301294951021 -0.3214394653031718 0
    outer loop
      vertex 16.102222521132795 23.723542864692433 3
      vertex 16.228361402466142 23.351949702904733 6
      vertex 16.102222521132795 23.723542864692433 6
    endloop
  endfacet
  facet normal -0.9978589232386031 -0.0654031292301486 0
    outer loop
      vertex 16 24.5 3
      vertex 16.02566541587857 24.10842142333985 6
      vertex 16 24.5 6
    endloop
  endfacet
  facet normal -0.9978589232386031 0.0654031292301486 0
    outer loop
      vertex 16.02566541587857 24.89157857666015 3
      vertex 16 24.5 6
      vertex 16.02566541587857 24.89157857666015 6
    endloop
  endfacet
  facet normal -0.9807852804032322 0.19509032201611928 0
    outer loop
      vertex 16.102222521132795 25.276457135307567 3
      vertex 16.02566541587857 24.89157857666015 6
      vertex 16.102222521132795 25.276457135307567 6
    endloop
  endfacet
  facet normal -0.9469301294951021 0.3214394653031718 0
    outer loop
      vertex 16.228361402466142 25.648050297095267 3
      vertex 16.102222521132795 25.276457135307567 6
      vertex 16.228361402466142 25.648050297095267 6
    endloop
  endfacet
  facet normal -0.8968727415326916 0.4422886902189947 0
    outer loop
      vertex 16.401923788646684 26 3
      vertex 16.228361402466142 25.648050297095267 6
      vertex 16.401923788646684 26 6
    endloop
  endfacet
  facet normal -0.8314696123025522 0.5555702330195917 0
    outer loop
      vertex 16.619939979126293 26.32628428702617 3
      vertex 16.401923788646684 26 6
      vertex 16.619939979126293 26.32628428702617 6
    endloop
  endfacet
  facet normal -0.7518398074789545 0.6593458151000949 0
    outer loop
      vertex 16.878679656440358 26.62132034355963 3
      vertex 16.619939979126293 26.32628428702617 6
      vertex 16.878679656440358 26.62132034355963 6
    endloop
  endfacet
  facet normal -0.659345815100098 0.7518398074789516 0
    outer loop
      vertex 17.173715712973838 26.880060020873714 3
      vertex 16.878679656440358 26.62132034355963 6
      vertex 17.173715712973838 26.880060020873714 6
    endloop
  endfacet
  facet normal -0.5555702330195875 0.831469612302555 0
    outer loop
      vertex 17.5 27.098076211353316 3
      vertex 17.173715712973838 26.880060020873714 6
      vertex 17.5 27.098076211353316 6
    endloop
  endfacet
  facet normal -0.4422886902190129 0.8968727415326827 0
    outer loop
      vertex 17.85194970290473 27.271638597533865 3
      vertex 17.5 27.098076211353316 6
      vertex 17.85194970290473 27.271638597533865 6
    endloop
  endfacet
  facet normal -0.32143946530313383 0.9469301294951151 0
    outer loop
      vertex 18.223542864692437 27.397777478867198 3
      vertex 17.85194970290473 27.271638597533865 6
      vertex 18.223542864692437 27.397777478867198 6
    endloop
  endfacet
  facet normal -0.19509032201615756 0.9807852804032244 0
    outer loop
      vertex 18.608421423339845 27.474334584121436 3
      vertex 18.223542864692437 27.397777478867198 6
      vertex 18.608421423339845 27.474334584121436 6
    endloop
  endfacet
  facet normal -0.06540312923012997 0.9978589232386043 0
    outer loop
      vertex 19 27.5 3
      vertex 18.608421423339845 27.474334584121436 6
      vertex 19 27.5 6
    endloop
  endfacet
  facet normal 0.06540312923012997 0.9978589232386043 0
    outer loop
      vertex 19.391578576660155 27.474334584121436 3
      vertex 19 27.5 6
      vertex 19.391578576660155 27.474334584121436 6
    endloop
  endfacet
  facet normal 0.19509032201615756 0.9807852804032244 0
    outer loop
      vertex 19.776457135307563 27.397777478867198 3
      vertex 19.391578576660155 27.474334584121436 6
      vertex 19.776457135307563 27.397777478867198 6
    endloop
  endfacet
  facet normal 0.32143946530313383 0.9469301294951151 0
    outer loop
      vertex 20.14805029709527 27.271638597533865 3
      vertex 19.776457135307563 27.397777478867198 6
      vertex 20.14805029709527 27.271638597533865 6
    endloop
  endfacet
  facet normal 0 0 1
    outer loop
      vertex 16.619939979126293 22.67371571297383 6
      vertex 16.401923788646684 26 6
      vertex 16.401923788646684 23 6
    endloop
  endfacet
  facet normal 0 0 1
    outer loop
      vertex 16.228361402466142 23.351949702904733 6
      vertex 16.102222521132795 25.276457135307567 6
      vertex 16.102222521132795 23.723542864692433 6
    endloop
  endfacet
  facet normal 0 0 1
    outer loop
      vertex 16.401923788646684 23 6
      vertex 16.228361402466142 25.648050297095267 6
      vertex 16.228361402466142 23.351949702904733 6
    endloop
  endfacet
  facet normal 0 0 1
    outer loop
      vertex 16.878679656440358 22.37867965644037 6
      vertex 16.619939979126293 26.32628428702617 6
      vertex 16.619939979126293 22.67371571297383 6
    endloop
  endfacet
  facet normal 0 0 1
    outer loop
      vertex 16.02566541587857 24.10842142333985 6
      vertex 16.102222521132795 23.723542864692433 6
      vertex 16.02566541587857 24.89157857666015 6
    endloop
  endfacet
  facet normal 0 0 1
    outer loop
      vertex 16.02566541587857 24.10842142333985 6
      vertex 16.02566541587857 24.89157857666015 6
      vertex 16 24.5 6
    endloop
  endfacet
  facet normal 0 0 1
    outer loop
      vertex 16.102222521132795 23.723542864692433 6
      vertex 16.102222521132795 25.276457135307567 6
      vertex 16.02566541587857 24.89157857666015 6
    endloop
  endfacet
  facet normal 0 0 1
    outer loop
      vertex 16.228361402466142 23.351949702904733 6
      vertex 16.228361402466142 25.648050297095267 6
      vertex 16.102222521132795 25.276457135307567 6
    endloop
  endfacet
  facet normal 0 0 1
    outer loop
      vertex 16.401923788646684 23 6
      vertex 16.401923788646684 26 6
      vertex 16.228361402466142 25.648050297095267 6
    endloop
  endfacet
  facet normal 0 0 1
    outer loop
      vertex 16.619939979126293 22.67371571297383 6
      vertex 16.619939979126293 26.32628428702617 6
      vertex 16.401923788646684 26 6
    endloop
  endfacet
  facet normal 0 0 1
    outer loop
      vertex 16.878679656440358 22.37867965644037 6
      vertex 16.878679656440358 26.62132034355963 6
      vertex 16.619939979126293 26.32628428702617 6
    endloop
  endfacet
  facet normal 0 0 1
    outer loop
      vertex 16.878679656440358 22.37867965644037 6
      vertex 17.173715712973838 22.119939979126286 6
      vertex 16.878679656440358 26.62132034355963 6
    endloop
  endfacet
  facet normal 0 0 1
    outer loop
      vertex 17.173715712973838 22.119939979126286 6
      vertex 17.5 21.901923788646684 6
      vertex 17.173715712973838 26.880060020873714 6
    endloop
  endfacet
  facet normal 0 0 1
    outer loop
      vertex 17.5 21.901923788646684 6
      vertex 17.85194970290473 21.728361402466135 6
      vertex 17.5 27.098076211353316 6
    endloop
  endfacet
  facet normal 0 0 1
    outer loop
      vertex 17.85194970290473 21.728361402466135 6
      vertex 17.983732514237584 24.079048224398406 6
      vertex 17.937481591082026 24.215299050387216 6
    endloop
  endfacet
  facet normal 0 0 1
    outer loop
      vertex 17.85194970290473 21.728361402466135 6
      vertex 17.937481591082026 24.215299050387216 6
      vertex 17.90941065248881 24.35642118855793 6
    endloop
  endfacet
  facet normal 0 0 1
    outer loop
      vertex 17.85194970290473 21.728361402466135 6
      vertex 18.04737205583712 23.94999999999999 6
      vertex 17.983732514237584 24.079048224398406 6
    endloop
  endfacet
  facet normal 0 0 1
    outer loop
      vertex 17.85194970290473 21.728361402466135 6
      vertex 17.90941065248881 24.35642118855793 6
      vertex 17.9 24.5 6
    endloop
  endfacet
  facet normal 0 0 1
    outer loop
      vertex 17.85194970290473 21.728361402466135 6
      vertex 17.9 24.5 6
      vertex 17.85194970290473 27.271638597533865 6
    endloop
  endfacet
  facet normal 0 0 1
    outer loop
      vertex 20.14805029709527 21.728361402466135 6
      vertex 20.016267485762416 24.079048224398406 6
      vertex 19.95262794416288 23.94999999999999 6
    endloop
  endfacet
  facet normal 0 0 1
    outer loop
      vertex 20.14805029709527 21.728361402466135 6
      vertex 20.062518408917974 24.215299050387216 6
      vertex 20.016267485762416 24.079048224398406 6
    endloop
  endfacet
  facet normal 0 0 1
    outer loop
      vertex 20.14805029709527 21.728361402466135 6
      vertex 20.09058934751119 24.35642118855793 6
      vertex 20.062518408917974 24.215299050387216 6
    endloop
  endfacet
  facet normal 0 0 1
    outer loop
      vertex 20.14805029709527 21.728361402466135 6
      vertex 20.1 24.5 6
      vertex 20.09058934751119 24.35642118855793 6
    endloop
  endfacet
  facet normal 0 0 1
    outer loop
      vertex 20.14805029709527 21.728361402466135 6
      vertex 20.14805029709527 27.271638597533865 6
      vertex 20.1 24.5 6
    endloop
  endfacet
  facet normal 0 0 1
    outer loop
      vertex 17.173715712973838 22.119939979126286 6
      vertex 17.173715712973838 26.880060020873714 6
      vertex 16.878679656440358 26.62132034355963 6
    endloop
  endfacet
  facet normal 0 0 1
    outer loop
      vertex 17.5 21.901923788646684 6
      vertex 17.5 27.098076211353316 6
      vertex 17.173715712973838 26.880060020873714 6
    endloop
  endfacet
  facet normal 0 0 1
    outer loop
      vertex 17.85194970290473 21.728361402466135 6
      vertex 17.85194970290473 27.271638597533865 6
      vertex 17.5 27.098076211353316 6
    endloop
  endfacet
  facet normal 0 0 1
    outer loop
      vertex 17.85194970290473 27.271638597533865 6
      vertex 17.9 24.5 6
      vertex 17.90941065248881 24.64357881144207 6
    endloop
  endfacet
  facet normal 0 0 1
    outer loop
      vertex 17.85194970290473 27.271638597533865 6
      vertex 17.90941065248881 24.64357881144207 6
      vertex 17.937481591082026 24.784700949612784 6
    endloop
  endfacet
  facet normal 0 0 1
    outer loop
      vertex 17.85194970290473 27.271638597533865 6
      vertex 17.937481591082026 24.784700949612784 6
      vertex 17.983732514237584 24.920951775601594 6
    endloop
  endfacet
  facet normal 0 0 1
    outer loop
      vertex 17.85194970290473 27.271638597533865 6
      vertex 17.983732514237584 24.920951775601594 6
      vertex 18.04737205583712 25.05000000000001 6
    endloop
  endfacet
  facet normal 0 0 1
    outer loop
      vertex 17.85194970290473 27.271638597533865 6
      vertex 18.04737205583712 25.05000000000001 6
      vertex 18.127311325679642 25.16963757190959 6
    endloop
  endfacet
  facet normal 0 0 1
    outer loop
      vertex 17.85194970290473 27.271638597533865 6
      vertex 18.127311325679642 25.16963757190959 6
      vertex 18.2221825406948 25.277817459305197 6
    endloop
  endfacet
  facet normal 0 0 1
    outer loop
      vertex 17.85194970290473 27.271638597533865 6
      vertex 18.2221825406948 25.277817459305197 6
      vertex 18.330362428090407 25.372688674320358 6
    endloop
  endfacet
  facet normal 0 0 1
    outer loop
      vertex 18.223542864692437 27.397777478867198 6
      vertex 18.330362428090407 25.372688674320358 6
      vertex 18.45 25.452627944162884 6
    endloop
  endfacet
  facet normal 0 0 1
    outer loop
      vertex 18.223542864692437 27.397777478867198 6
      vertex 18.45 25.452627944162884 6
      vertex 18.579048224398402 25.516267485762427 6
    endloop
  endfacet
  facet normal 0 0 1
    outer loop
      vertex 18.223542864692437 27.397777478867198 6
      vertex 18.579048224398402 25.516267485762427 6
      vertex 18.715299050387227 25.56251840891798 6
    endloop
  endfacet
  facet normal 0 0 1
    outer loop
      vertex 17.85194970290473 27.271638597533865 6
      vertex 18.330362428090407 25.372688674320358 6
      vertex 18.223542864692437 27.397777478867198 6
    endloop
  endfacet
  facet normal 0 0 1
    outer loop
      vertex 18.223542864692437 27.397777478867198 6
      vertex 18.715299050387227 25.56251840891798 6
      vertex 18.608421423339845 27.474334584121436 6
    endloop
  endfacet
  facet normal 0 0 1
    outer loop
      vertex 20.14805029709527 27.271638597533865 6
      vertex 20.09058934751119 24.64357881144207 6
      vertex 20.1 24.5 6
    endloop
  endfacet
  facet normal 0 0 1
    outer loop
      vertex 20.14805029709527 27.271638597533865 6
      vertex 20.062518408917974 24.784700949612784 6
      vertex 20.09058934751119 24.64357881144207 6
    endloop
  endfacet
  facet normal 0 0 1
    outer loop
      vertex 20.14805029709527 27.271638597533865 6
      vertex 20.016267485762416 24.920951775601594 6
      vertex 20.062518408917974 24.784700949612784 6
    endloop
  endfacet
  facet normal 0 0 1
    outer loop
      vertex 19.391578576660155 27.474334584121436 6
      vertex 19.420951775601598 25.516267485762427 6
      vertex 19.55 25.452627944162884 6
    endloop
  endfacet
  facet normal 0 0 1
    outer loop
      vertex 19.776457135307563 27.397777478867198 6
      vertex 19.7778174593052 25.277817459305197 6
      vertex 19.872688674320358 25.16963757190959 6
    endloop
  endfacet
  facet normal 0 0 1
    outer loop
      vertex 19.776457135307563 27.397777478867198 6
      vertex 19.669637571909593 25.372688674320358 6
      vertex 19.7778174593052 25.277817459305197 6
    endloop
  endfacet
  facet normal 0 0 1
    outer loop
      vertex 19.776457135307563 27.397777478867198 6
      vertex 19.55 25.452627944162884 6
      vertex 19.669637571909593 25.372688674320358 6
    endloop
  endfacet
  facet normal 0 0 1
    outer loop
      vertex 20.14805029709527 27.271638597533865 6
      vertex 19.95262794416288 25.05000000000001 6
      vertex 20.016267485762416 24.920951775601594 6
    endloop
  endfacet
  facet normal 0 0 1
    outer loop
      vertex 19.776457135307563 27.397777478867198 6
      vertex 19.872688674320358 25.16963757190959 6
      vertex 19.95262794416288 25.05000000000001 6
    endloop
  endfacet
  facet normal 0 0 1
    outer loop
      vertex 18.608421423339845 27.474334584121436 6
      vertex 18.715299050387227 25.56251840891798 6
      vertex 18.856421188557942 25.590589347511184 6
    endloop
  endfacet
  facet normal 0 0 1
    outer loop
      vertex 18.608421423339845 27.474334584121436 6
      vertex 18.856421188557942 25.590589347511184 6
      vertex 19 25.599999999999994 6
    endloop
  endfacet
  facet normal 0 0 1
    outer loop
      vertex 19 27.5 6
      vertex 19 25.599999999999994 6
      vertex 19.143578811442058 25.590589347511184 6
    endloop
  endfacet
  facet normal 0 0 1
    outer loop
      vertex 19.391578576660155 27.474334584121436 6
      vertex 19.143578811442058 25.590589347511184 6
      vertex 19.284700949612773 25.56251840891798 6
    endloop
  endfacet
  facet normal 0 0 1
    outer loop
      vertex 19.391578576660155 27.474334584121436 6
      vertex 19.284700949612773 25.56251840891798 6
      vertex 19.420951775601598 25.516267485762427 6
    endloop
  endfacet
  facet normal 0 0 1
    outer loop
      vertex 18.608421423339845 27.474334584121436 6
      vertex 19 25.599999999999994 6
      vertex 19 27.5 6
    endloop
  endfacet
  facet normal 0 0 1
    outer loop
      vertex 19 27.5 6
      vertex 19.143578811442058 25.590589347511184 6
      vertex 19.391578576660155 27.474334584121436 6
    endloop
  endfacet
  facet normal 0 0 1
    outer loop
      vertex 19.776457135307563 27.397777478867198 6
      vertex 19.95262794416288 25.05000000000001 6
      vertex 20.14805029709527 27.271638597533865 6
    endloop
  endfacet
  facet normal 0 0 1
    outer loop
      vertex 19.391578576660155 27.474334584121436 6
      vertex 19.55 25.452627944162884 6
      vertex 19.776457135307563 27.397777478867198 6
    endloop
  endfacet
  facet normal 0.4422886902190129 -0.8968727415326827 1.108295856302934e-18
    outer loop
      vertex 20.14805029709527 21.728361402466135 3
      vertex 20.5 21.901923788646684 3
      vertex 20.5 21.901923788646684 6
    endloop
  endfacet
  facet normal 0.5555702330195875 -0.831469612302555 2.127085931631669e-18
    outer loop
      vertex 20.5 21.901923788646684 3
      vertex 20.826284287026162 22.119939979126286 3
      vertex 20.826284287026162 22.119939979126286 6
    endloop
  endfacet
  facet normal 0.659345815100098 -0.7518398074789516 -8.159567222149447e-19
    outer loop
      vertex 20.826284287026162 22.119939979126286 3
      vertex 21.121320343559642 22.37867965644037 3
      vertex 21.121320343559642 22.37867965644037 6
    endloop
  endfacet
  facet normal 0.7518398074789545 -0.6593458151000949 1.15339570272676e-18
    outer loop
      vertex 21.121320343559642 22.37867965644037 3
      vertex 21.380060020873707 22.67371571297383 3
      vertex 21.380060020873707 22.67371571297383 6
    endloop
  endfacet
  facet normal 0.8314696123025522 -0.5555702330195917 -1.623409739861104e-18
    outer loop
      vertex 21.380060020873707 22.67371571297383 3
      vertex 21.598076211353316 23 3
      vertex 21.598076211353316 23 6
    endloop
  endfacet
  facet normal 0.8968727415326916 -0.4422886902189947 -2.0306433611153428e-18
    outer loop
      vertex 21.598076211353316 23 3
      vertex 21.771638597533858 23.351949702904733 3
      vertex 21.771638597533858 23.351949702904733 6
    endloop
  endfacet
  facet normal 0.9469301294951021 -0.3214394653031718 -2.549837683449486e-18
    outer loop
      vertex 21.771638597533858 23.351949702904733 3
      vertex 21.897777478867205 23.723542864692433 3
      vertex 21.897777478867205 23.723542864692433 6
    endloop
  endfacet
  facet normal 0.9807852804032322 -0.19509032201611928 -8.126871632437976e-19
    outer loop
      vertex 21.897777478867205 23.723542864692433 3
      vertex 21.97433458412143 24.10842142333985 3
      vertex 21.97433458412143 24.10842142333985 6
    endloop
  endfacet
  facet normal 0.9978589232386031 -0.0654031292301486 -4.534124415595705e-19
    outer loop
      vertex 21.97433458412143 24.10842142333985 3
      vertex 22 24.5 3
      vertex 22 24.5 6
    endloop
  endfacet
  facet normal 0.9978589232386031 0.0654031292301486 4.534124415595705e-19
    outer loop
      vertex 22 24.5 3
      vertex 21.97433458412143 24.89157857666015 3
      vertex 21.97433458412143 24.89157857666015 6
    endloop
  endfacet
  facet normal 0.9807852804032322 0.19509032201611928 8.126871632437976e-19
    outer loop
      vertex 21.97433458412143 24.89157857666015 3
      vertex 21.897777478867205 25.276457135307567 3
      vertex 21.897777478867205 25.276457135307567 6
    endloop
  endfacet
  facet normal 0.9469301294951021 0.3214394653031718 2.549837683449486e-18
    outer loop
      vertex 21.897777478867205 25.276457135307567 3
      vertex 21.771638597533858 25.648050297095267 3
      vertex 21.771638597533858 25.648050297095267 6
    endloop
  endfacet
  facet normal 0.8968727415326916 0.4422886902189947 2.0306433611153428e-18
    outer loop
      vertex 21.771638597533858 25.648050297095267 3
      vertex 21.598076211353316 26 3
      vertex 21.598076211353316 26 6
    endloop
  endfacet
  facet normal 0.5555702330195875 0.831469612302555 0
    outer loop
      vertex 20.5 27.098076211353316 3
      vertex 20.5 27.098076211353316 6
      vertex 20.826284287026162 26.880060020873714 3
    endloop
  endfacet
  facet normal 0.659345815100098 0.7518398074789516 0
    outer loop
      vertex 20.826284287026162 26.880060020873714 3
      vertex 20.826284287026162 26.880060020873714 6
      vertex 21.121320343559642 26.62132034355963 3
    endloop
  endfacet
  facet normal 0.8314696123025522 0.5555702330195917 1.623409739861104e-18
    outer loop
      vertex 21.598076211353316 26 3
      vertex 21.380060020873707 26.32628428702617 3
      vertex 21.380060020873707 26.32628428702617 6
    endloop
  endfacet
  facet normal 0.7518398074789545 0.6593458151000949 -1.15339570272676e-18
    outer loop
      vertex 21.380060020873707 26.32628428702617 3
      vertex 21.121320343559642 26.62132034355963 3
      vertex 21.121320343559642 26.62132034355963 6
    endloop
  endfacet
  facet normal 0.4422886902190129 0.8968727415326827 0
    outer loop
      vertex 20.14805029709527 27.271638597533865 3
      vertex 20.14805029709527 27.271638597533865 6
      vertex 20.5 27.098076211353316 3
    endloop
  endfacet
  facet normal 0.4422886902190129 -0.8968727415326827 0
    outer loop
      vertex 20.14805029709527 21.728361402466135 3
      vertex 20.5 21.901923788646684 6
      vertex 20.14805029709527 21.728361402466135 6
    endloop
  endfacet
  facet normal 0.5555702330195875 -0.831469612302555 0
    outer loop
      vertex 20.5 21.901923788646684 3
      vertex 20.826284287026162 22.119939979126286 6
      vertex 20.5 21.901923788646684 6
    endloop
  endfacet
  facet normal 0.659345815100098 -0.7518398074789516 0
    outer loop
      vertex 20.826284287026162 22.119939979126286 3
      vertex 21.121320343559642 22.37867965644037 6
      vertex 20.826284287026162 22.119939979126286 6
    endloop
  endfacet
  facet normal 0.7518398074789545 -0.6593458151000949 0
    outer loop
      vertex 21.121320343559642 22.37867965644037 3
      vertex 21.380060020873707 22.67371571297383 6
      vertex 21.121320343559642 22.37867965644037 6
    endloop
  endfacet
  facet normal 0.8314696123025522 -0.5555702330195917 0
    outer loop
      vertex 21.380060020873707 22.67371571297383 3
      vertex 21.598076211353316 23 6
      vertex 21.380060020873707 22.67371571297383 6
    endloop
  endfacet
  facet normal 0.8968727415326916 -0.4422886902189947 0
    outer loop
      vertex 21.598076211353316 23 3
      vertex 21.771638597533858 23.351949702904733 6
      vertex 21.598076211353316 23 6
    endloop
  endfacet
  facet normal 0.9469301294951021 -0.3214394653031718 0
    outer loop
      vertex 21.771638597533858 23.351949702904733 3
      vertex 21.897777478867205 23.723542864692433 6
      vertex 21.771638597533858 23.351949702904733 6
    endloop
  endfacet
  facet normal 0.9807852804032322 -0.19509032201611928 0
    outer loop
      vertex 21.897777478867205 23.723542864692433 3
      vertex 21.97433458412143 24.10842142333985 6
      vertex 21.897777478867205 23.723542864692433 6
    endloop
  endfacet
  facet normal 0.9978589232386031 -0.0654031292301486 0
    outer loop
      vertex 21.97433458412143 24.10842142333985 3
      vertex 22 24.5 6
      vertex 21.97433458412143 24.10842142333985 6
    endloop
  endfacet
  facet normal 0.9978589232386031 0.0654031292301486 0
    outer loop
      vertex 22 24.5 3
      vertex 21.97433458412143 24.89157857666015 6
      vertex 22 24.5 6
    endloop
  endfacet
  facet normal 0.9807852804032322 0.19509032201611928 0
    outer loop
      vertex 21.97433458412143 24.89157857666015 3
      vertex 21.897777478867205 25.276457135307567 6
      vertex 21.97433458412143 24.89157857666015 6
    endloop
  endfacet
  facet normal 0.9469301294951021 0.3214394653031718 0
    outer loop
      vertex 21.897777478867205 25.276457135307567 3
      vertex 21.771638597533858 25.648050297095267 6
      vertex 21.897777478867205 25.276457135307567 6
    endloop
  endfacet
  facet normal 0.8968727415326916 0.4422886902189947 0
    outer loop
      vertex 21.771638597533858 25.648050297095267 3
      vertex 21.598076211353316 26 6
      vertex 21.771638597533858 25.648050297095267 6
    endloop
  endfacet
  facet normal 0.8314696123025522 0.5555702330195917 0
    outer loop
      vertex 21.598076211353316 26 3
      vertex 21.380060020873707 26.32628428702617 6
      vertex 21.598076211353316 26 6
    endloop
  endfacet
  facet normal 0.659345815100098 0.7518398074789516 0
    outer loop
      vertex 21.121320343559642 26.62132034355963 3
      vertex 20.826284287026162 26.880060020873714 6
      vertex 21.121320343559642 26.62132034355963 6
    endloop
  endfacet
  facet normal 0.5555702330195875 0.831469612302555 0
    outer loop
      vertex 20.826284287026162 26.880060020873714 3
      vertex 20.5 27.098076211353316 6
      vertex 20.826284287026162 26.880060020873714 6
    endloop
  endfacet
  facet normal 0.7518398074789545 0.6593458151000949 0
    outer loop
      vertex 21.380060020873707 26.32628428702617 3
      vertex 21.121320343559642 26.62132034355963 6
      vertex 21.380060020873707 26.32628428702617 6
    endloop
  endfacet
  facet normal 0.4422886902190129 0.8968727415326827 -1.108295856302934e-18
    outer loop
      vertex 20.14805029709527 27.271638597533865 6
      vertex 20.5 27.098076211353316 6
      vertex 20.5 27.098076211353316 3
    endloop
  endfacet
  facet normal 0 0 1
    outer loop
      vertex 20.14805029709527 21.728361402466135 6
      vertex 20.5 21.901923788646684 6
      vertex 20.14805029709527 27.271638597533865 6
    endloop
  endfacet
  facet normal 0 0 1
    outer loop
      vertex 20.5 21.901923788646684 6
      vertex 20.826284287026162 22.119939979126286 6
      vertex 20.5 27.098076211353316 6
    endloop
  endfacet
  facet normal 0 0 1
    outer loop
      vertex 20.826284287026162 22.119939979126286 6
      vertex 21.121320343559642 22.37867965644037 6
      vertex 20.826284287026162 26.880060020873714 6
    endloop
  endfacet
  facet normal 0 0 1
    outer loop
      vertex 21.121320343559642 22.37867965644037 6
      vertex 21.380060020873707 22.67371571297383 6
      vertex 21.121320343559642 26.62132034355963 6
    endloop
  endfacet
  facet normal 0 0 1
    outer loop
      vertex 21.380060020873707 22.67371571297383 6
      vertex 21.598076211353316 23 6
      vertex 21.380060020873707 26.32628428702617 6
    endloop
  endfacet
  facet normal 0 0 1
    outer loop
      vertex 21.598076211353316 23 6
      vertex 21.771638597533858 23.351949702904733 6
      vertex 21.598076211353316 26 6
    endloop
  endfacet
  facet normal 0 0 1
    outer loop
      vertex 21.771638597533858 23.351949702904733 6
      vertex 21.897777478867205 23.723542864692433 6
      vertex 21.771638597533858 25.648050297095267 6
    endloop
  endfacet
  facet normal 0 0 1
    outer loop
      vertex 21.897777478867205 23.723542864692433 6
      vertex 21.897777478867205 25.276457135307567 6
      vertex 21.771638597533858 25.648050297095267 6
    endloop
  endfacet
  facet normal 0 0 1
    outer loop
      vertex 21.598076211353316 23 6
      vertex 21.598076211353316 26 6
      vertex 21.380060020873707 26.32628428702617 6
    endloop
  endfacet
  facet normal 0 0 1
    outer loop
      vertex 21.771638597533858 23.351949702904733 6
      vertex 21.771638597533858 25.648050297095267 6
      vertex 21.598076211353316 26 6
    endloop
  endfacet
  facet normal 0 0 1
    outer loop
      vertex 21.897777478867205 23.723542864692433 6
      vertex 21.97433458412143 24.10842142333985 6
      vertex 21.897777478867205 25.276457135307567 6
    endloop
  endfacet
  facet normal 0 0 1
    outer loop
      vertex 21.97433458412143 24.10842142333985 6
      vertex 22 24.5 6
      vertex 21.97433458412143 24.89157857666015 6
    endloop
  endfacet
  facet normal 0 0 1
    outer loop
      vertex 21.97433458412143 24.10842142333985 6
      vertex 21.97433458412143 24.89157857666015 6
      vertex 21.897777478867205 25.276457135307567 6
    endloop
  endfacet
  facet normal 0 0 1
    outer loop
      vertex 20.14805029709527 27.271638597533865 6
      vertex 20.5 21.901923788646684 6
      vertex 20.5 27.098076211353316 6
    endloop
  endfacet
  facet normal 0 0 1
    outer loop
      vertex 20.826284287026162 22.119939979126286 6
      vertex 20.826284287026162 26.880060020873714 6
      vertex 20.5 27.098076211353316 6
    endloop
  endfacet
  facet normal 0 0 1
    outer loop
      vertex 21.121320343559642 22.37867965644037 6
      vertex 21.121320343559642 26.62132034355963 6
      vertex 20.826284287026162 26.880060020873714 6
    endloop
  endfacet
  facet normal 0 0 1
    outer loop
      vertex 21.380060020873707 22.67371571297383 6
      vertex 21.380060020873707 26.32628428702617 6
      vertex 21.121320343559642 26.62132034355963 6
    endloop
  endfacet
  facet normal 0 0 -1
    outer loop
      vertex -60 -31 0
      vertex -53.90525588832576 -25.099999999999994 0
      vertex -53.745377348640716 -25.33927514381918 0
    endloop
  endfacet
  facet normal 0 0 -1
    outer loop
      vertex -60 -31 0
      vertex -53.1 -25.90525588832577 0
      vertex -52.841903551203195 -26.032534971524825 0
    endloop
  endfacet
  facet normal 0 0 -1
    outer loop
      vertex -60 -31 0
      vertex -52.841903551203195 -26.032534971524825 0
      vertex -52.56940189922555 -26.125036817835948 0
    endloop
  endfacet
  facet normal 0 0 -1
    outer loop
      vertex -60 -31 0
      vertex -53.5556349186104 -25.55563491861041 0
      vertex -53.33927514381919 -25.745377348640716 0
    endloop
  endfacet
  facet normal 0 0 -1
    outer loop
      vertex -60 -31 0
      vertex -53.33927514381919 -25.745377348640716 0
      vertex -53.1 -25.90525588832577 0
    endloop
  endfacet
  facet normal 0 0 -1
    outer loop
      vertex -60 -31 0
      vertex -53.745377348640716 -25.33927514381918 0
      vertex -53.5556349186104 -25.55563491861041 0
    endloop
  endfacet
  facet normal 0 0 -1
    outer loop
      vertex -60 -31 0
      vertex -52.56940189922555 -26.125036817835948 0
      vertex -52.287157622884116 -26.181178695022382 0
    endloop
  endfacet
  facet normal 0 0 -1
    outer loop
      vertex -60 -31 0
      vertex -52.287157622884116 -26.181178695022382 0
      vertex -52 -26.200000000000003 0
    endloop
  endfacet
  facet normal 0 0 -1
    outer loop
      vertex -60 -31 0
      vertex -52 -26.200000000000003 0
      vertex -51.712842377115884 -26.181178695022382 0
    endloop
  endfacet
  facet normal 0 0 -1
    outer loop
      vertex -60 -31 0
      vertex -51.712842377115884 -26.181178695022382 0
      vertex -51.43059810077445 -26.125036817835948 0
    endloop
  endfacet
  facet normal 0 0 -1
    outer loop
      vertex -60 -31 0
      vertex -54.03253497152483 -24.841903551203202 0
      vertex -53.90525588832576 -25.099999999999994 0
    endloop
  endfacet
  facet normal 0 0 -1
    outer loop
      vertex -60 -31 0
      vertex -54.12503681783595 -24.56940189922554 0
      vertex -54.03253497152483 -24.841903551203202 0
    endloop
  endfacet
  facet normal 0 0 -1
    outer loop
      vertex -60 -31 0
      vertex -54.18117869502238 -24.28715762288411 0
      vertex -54.12503681783595 -24.56940189922554 0
    endloop
  endfacet
  facet normal 0 0 -1
    outer loop
      vertex -60 -31 0
      vertex -54.2 -24 0
      vertex -54.18117869502238 -24.28715762288411 0
    endloop
  endfacet
  facet normal 0 0 -1
    outer loop
      vertex -60 -31 0
      vertex -53.034894429314825 16.651299321504894 0
      vertex -54.2 -24 0
    endloop
  endfacet
  facet normal 0 0 -1
    outer loop
      vertex -54.2 -24 0
      vertex -53.034894429314825 16.651299321504894 0
      vertex -54.18117869502238 -23.71284237711589 0
    endloop
  endfacet
  facet normal 0 0 -1
    outer loop
      vertex -54.18117869502238 -23.71284237711589 0
      vertex -53.034894429314825 16.651299321504894 0
      vertex -54.12503681783595 -23.43059810077446 0
    endloop
  endfacet
  facet normal 0 0 -1
    outer loop
      vertex -54.12503681783595 -23.43059810077446 0
      vertex -53.034894429314825 16.651299321504894 0
      vertex -54.03253497152483 -23.158096448796798 0
    endloop
  endfacet
  facet normal 0 0 -1
    outer loop
      vertex -54.03253497152483 -23.158096448796798 0
      vertex -53.034894429314825 16.651299321504894 0
      vertex -53.90525588832576 -22.900000000000006 0
    endloop
  endfacet
  facet normal 0 0 -1
    outer loop
      vertex -53.90525588832576 -22.900000000000006 0
      vertex -53.034894429314825 16.651299321504894 0
      vertex -53.745377348640716 -22.66072485618082 0
    endloop
  endfacet
  facet normal 0 0 -1
    outer loop
      vertex -53.745377348640716 -22.66072485618082 0
      vertex -53.034894429314825 16.651299321504894 0
      vertex -53.5556349186104 -22.44436508138959 0
    endloop
  endfacet
  facet normal 0 0 -1
    outer loop
      vertex -53.33927514381919 -22.254622651359284 0
      vertex -53.5556349186104 -22.44436508138959 0
      vertex -53.034894429314825 16.651299321504894 0
    endloop
  endfacet
  facet normal 0 0 -1
    outer loop
      vertex -53.1 -22.09474411167423 0
      vertex -53.33927514381919 -22.254622651359284 0
      vertex -53.034894429314825 16.651299321504894 0
    endloop
  endfacet
  facet normal 0 0 -1
    outer loop
      vertex -52.841903551203195 -21.967465028475175 0
      vertex -53.1 -22.09474411167423 0
      vertex -52.85 16.52775681356644 0
    endloop
  endfacet
  facet normal 0 0 -1
    outer loop
      vertex -52.56940189922555 -21.874963182164052 0
      vertex -52.841903551203195 -21.967465028475175 0
      vertex -52.43999237667428 16.357926095308585 0
    endloop
  endfacet
  facet normal 0 0 -1
    outer loop
      vertex -52.287157622884116 -21.818821304977618 0
      vertex -52.56940189922555 -21.874963182164052 0
      vertex -52.221894526774086 16.31454373566453 0
    endloop
  endfacet
  facet normal 0 0 -1
    outer loop
      vertex -52 -21.799999999999997 0
      vertex -52.287157622884116 -21.818821304977618 0
      vertex -52 16.30000000000001 0
    endloop
  endfacet
  facet normal 0 0 -1
    outer loop
      vertex -51.712842377115884 -21.818821304977618 0
      vertex -52 -21.799999999999997 0
      vertex -51.778105473225914 16.31454373566453 0
    endloop
  endfacet
  facet normal 0 0 -1
    outer loop
      vertex -51.43059810077445 -21.874963182164052 0
      vertex -51.712842377115884 -21.818821304977618 0
      vertex -51.34943816497935 16.4294047947308 0
    endloop
  endfacet
  facet normal 0 0 -1
    outer loop
      vertex -51.158096448796805 -21.967465028475175 0
      vertex -51.43059810077445 -21.874963182164052 0
      vertex -51.15 16.52775681356644 0
    endloop
  endfacet
  facet normal 0 0 -1
    outer loop
      vertex -50.9 -22.09474411167423 0
      vertex -51.158096448796805 -21.967465028475175 0
      vertex -50.965105570685175 16.651299321504894 0
    endloop
  endfacet
  facet normal 0 0 -1
    outer loop
      vertex -50.66072485618081 -22.254622651359284 0
      vertex -50.9 -22.09474411167423 0
      vertex -50.79791847198287 16.797918471982882 0
    endloop
  endfacet
  facet normal -1 0 0
    outer loop
      vertex -60 -31 0
      vertex -60 -31 3
      vertex -60 31 3
    endloop
  endfacet
  facet normal 0 0 -1
    outer loop
      vertex -60 -31 0
      vertex -51.43059810077445 -26.125036817835948 0
      vertex 47 -31 0
    endloop
  endfacet
  facet normal 0 0 -1
    outer loop
      vertex 47 -31 0
      vertex -51.43059810077445 -26.125036817835948 0
      vertex -51.158096448796805 -26.032534971524825 0
    endloop
  endfacet
  facet normal 0 0 -1
    outer loop
      vertex 47 -31 0
      vertex -51.158096448796805 -26.032534971524825 0
      vertex -50.9 -25.90525588832577 0
    endloop
  endfacet
  facet normal 0 0 -1
    outer loop
      vertex 47 -31 0
      vertex -50.9 -25.90525588832577 0
      vertex -50.66072485618081 -25.745377348640716 0
    endloop
  endfacet
  facet normal 0 0 -1
    outer loop
      vertex 47 -31 0
      vertex -50.66072485618081 -25.745377348640716 0
      vertex -50.4443650813896 -25.55563491861041 0
    endloop
  endfacet
  facet normal 0 0 -1
    outer loop
      vertex 47 -31 0
      vertex -50.4443650813896 -25.55563491861041 0
      vertex -50.254622651359284 -25.33927514381918 0
    endloop
  endfacet
  facet normal 0 -1 0
    outer loop
      vertex -60 -31 0
      vertex 47 -31 3
      vertex -60 -31 3
    endloop
  endfacet
  facet normal 0 0 -1
    outer loop
      vertex 47 31 0
      vertex -50.254622651359284 -25.33927514381918 0
      vertex -50.09474411167424 -25.099999999999994 0
    endloop
  endfacet
  facet normal 0 0 -1
    outer loop
      vertex 47 31 0
      vertex -50.09474411167424 -25.099999999999994 0
      vertex -49.96746502847517 -24.841903551203202 0
    endloop
  endfacet
  facet normal 0 0 -1
    outer loop
      vertex 47 31 0
      vertex -49.96746502847517 -24.841903551203202 0
      vertex -49.87496318216405 -24.56940189922554 0
    endloop
  endfacet
  facet normal 0 0 -1
    outer loop
      vertex 47 31 0
      vertex -49.87496318216405 -24.56940189922554 0
      vertex -49.81882130497762 -24.28715762288411 0
    endloop
  endfacet
  facet normal 0 0 -1
    outer loop
      vertex 47 31 0
      vertex -49.81882130497762 -24.28715762288411 0
      vertex -49.8 -24 0
    endloop
  endfacet
  facet normal 0 0 -1
    outer loop
      vertex 47 31 0
      vertex -49.8 -24 0
      vertex -49.81882130497762 -23.71284237711589 0
    endloop
  endfacet
  facet normal 0 0 -1
    outer loop
      vertex 47 31 0
      vertex -49.81882130497762 -23.71284237711589 0
      vertex -49.87496318216405 -23.43059810077446 0
    endloop
  endfacet
  facet normal 0 0 -1
    outer loop
      vertex 47 31 0
      vertex -49.87496318216405 -23.43059810077446 0
      vertex -49.96746502847517 -23.158096448796798 0
    endloop
  endfacet
  facet normal 0 0 -1
    outer loop
      vertex 47 31 0
      vertex -49.96746502847517 -23.158096448796798 0
      vertex -50.09474411167424 -22.900000000000006 0
    endloop
  endfacet
  facet normal 0 0 -1
    outer loop
      vertex 47 31 0
      vertex -50.09474411167424 -22.900000000000006 0
      vertex -50.254622651359284 -22.66072485618082 0
    endloop
  endfacet
  facet normal 0 0 -1
    outer loop
      vertex 47 31 0
      vertex -50.254622651359284 -22.66072485618082 0
      vertex -50.4443650813896 -22.44436508138959 0
    endloop
  endfacet
  facet normal 0 0 -1
    outer loop
      vertex 47 31 0
      vertex -50.4443650813896 -22.44436508138959 0
      vertex -50.66072485618081 -22.254622651359284 0
    endloop
  endfacet
  facet normal 0 0 1
    outer loop
      vertex -60 -31 3
      vertex -53.745377348640716 -25.33927514381918 3
      vertex -53.90525588832576 -25.099999999999994 3
    endloop
  endfacet
  facet normal 0 0 1
    outer loop
      vertex -60 -31 3
      vertex -52.841903551203195 -26.032534971524825 3
      vertex -53.1 -25.90525588832577 3
    endloop
  endfacet
  facet normal 0 0 1
    outer loop
      vertex -60 -31 3
      vertex -52.56940189922555 -26.125036817835948 3
      vertex -52.841903551203195 -26.032534971524825 3
    endloop
  endfacet
  facet normal 0 0 1
    outer loop
      vertex -60 -31 3
      vertex -53.33927514381919 -25.745377348640716 3
      vertex -53.5556349186104 -25.55563491861041 3
    endloop
  endfacet
  facet normal 0 0 1
    outer loop
      vertex -60 -31 3
      vertex -53.1 -25.90525588832577 3
      vertex -53.33927514381919 -25.745377348640716 3
    endloop
  endfacet
  facet normal 0 0 1
    outer loop
      vertex -60 -31 3
      vertex -53.5556349186104 -25.55563491861041 3
      vertex -53.745377348640716 -25.33927514381918 3
    endloop
  endfacet
  facet normal 0 0 1
    outer loop
      vertex -60 -31 3
      vertex -52.287157622884116 -26.181178695022382 3
      vertex -52.56940189922555 -26.125036817835948 3
    endloop
  endfacet
  facet normal 0 0 1
    outer loop
      vertex -60 -31 3
      vertex -52 -26.200000000000003 3
      vertex -52.287157622884116 -26.181178695022382 3
    endloop
  endfacet
  facet normal 0 0 1
    outer loop
      vertex -60 -31 3
      vertex -51.712842377115884 -26.181178695022382 3
      vertex -52 -26.200000000000003 3
    endloop
  endfacet
  facet normal 0 0 1
    outer loop
      vertex -60 -31 3
      vertex -51.43059810077445 -26.125036817835948 3
      vertex -51.712842377115884 -26.181178695022382 3
    endloop
  endfacet
  facet normal 0 0 1
    outer loop
      vertex -60 -31 3
      vertex -51.158096448796805 -26.032534971524825 3
      vertex -51.43059810077445 -26.125036817835948 3
    endloop
  endfacet
  facet normal 0 0 1
    outer loop
      vertex -60 -31 3
      vertex -50.9 -25.90525588832577 3
      vertex -51.158096448796805 -26.032534971524825 3
    endloop
  endfacet
  facet normal 0 0 1
    outer loop
      vertex -60 -31 3
      vertex -53.90525588832576 -25.099999999999994 3
      vertex -54.03253497152483 -24.841903551203202 3
    endloop
  endfacet
  facet normal 0 0 1
    outer loop
      vertex -60 -31 3
      vertex -54.03253497152483 -24.841903551203202 3
      vertex -54.12503681783595 -24.56940189922554 3
    endloop
  endfacet
  facet normal 0 0 1
    outer loop
      vertex -60 -31 3
      vertex -54.12503681783595 -24.56940189922554 3
      vertex -54.18117869502238 -24.28715762288411 3
    endloop
  endfacet
  facet normal 0 0 1
    outer loop
      vertex -60 -31 3
      vertex -54.18117869502238 -24.28715762288411 3
      vertex -54.2 -24 3
    endloop
  endfacet
  facet normal 0 0 1
    outer loop
      vertex -60 -31 3
      vertex -40.82628428702616 -26.8800600208737 3
      vertex -41.121320343559645 -26.621320343559645 3
    endloop
  endfacet
  facet normal 0 0 1
    outer loop
      vertex -60 -31 3
      vertex -40.5 -27.098076211353316 3
      vertex -40.82628428702616 -26.8800600208737 3
    endloop
  endfacet
  facet normal 0 0 1
    outer loop
      vertex -60 -31 3
      vertex -40.14805029709527 -27.271638597533865 3
      vertex -40.5 -27.098076211353316 3
    endloop
  endfacet
  facet normal 0 0 1
    outer loop
      vertex -60 -31 3
      vertex -39.77645713530756 -27.397777478867198 3
      vertex -40.14805029709527 -27.271638597533865 3
    endloop
  endfacet
  facet normal 0 0 1
    outer loop
      vertex -60 -31 3
      vertex -41.121320343559645 -26.621320343559645 3
      vertex -41.38006002087371 -26.326284287026155 3
    endloop
  endfacet
  facet normal 0 0 1
    outer loop
      vertex -60 -31 3
      vertex -41.38006002087371 -26.326284287026155 3
      vertex -41.598076211353316 -26 3
    endloop
  endfacet
  facet normal 0 0 1
    outer loop
      vertex -60 -31 3
      vertex -41.77163859753386 -25.648050297095267 3
      vertex -41.897777478867205 -25.276457135307567 3
    endloop
  endfacet
  facet normal 0 0 1
    outer loop
      vertex -60 -31 3
      vertex -41.598076211353316 -26 3
      vertex -41.77163859753386 -25.648050297095267 3
    endloop
  endfacet
  facet normal 0 0 1
    outer loop
      vertex -60 -31 3
      vertex -40.82628428702616 -22.1199399791263 3
      vertex -50.9 -25.90525588832577 3
    endloop
  endfacet
  facet normal 0 0 1
    outer loop
      vertex -60 -31 3
      vertex -41.897777478867205 -25.276457135307567 3
      vertex -41.97433458412143 -24.89157857666015 3
    endloop
  endfacet
  facet normal 0 0 1
    outer loop
      vertex -60 -31 3
      vertex -41.97433458412143 -24.89157857666015 3
      vertex -42 -24.5 3
    endloop
  endfacet
  facet normal 0 0 1
    outer loop
      vertex -60 -31 3
      vertex -42 -24.5 3
      vertex -41.97433458412143 -24.10842142333985 3
    endloop
  endfacet
  facet normal 0 0 1
    outer loop
      vertex -60 -31 3
      vertex -41.97433458412143 -24.10842142333985 3
      vertex -41.897777478867205 -23.723542864692433 3
    endloop
  endfacet
  facet normal 0 0 1
    outer loop
      vertex -60 -31 3
      vertex -41.897777478867205 -23.723542864692433 3
      vertex -41.77163859753386 -23.351949702904733 3
    endloop
  endfacet
  facet normal 0 0 1
    outer loop
      vertex -60 -31 3
      vertex -41.77163859753386 -23.351949702904733 3
      vertex -41.598076211353316 -23 3
    endloop
  endfacet
  facet normal 0 0 1
    outer loop
      vertex -60 -31 3
      vertex -41.598076211353316 -23 3
      vertex -41.38006002087371 -22.673715712973845 3
    endloop
  endfacet
  facet normal 0 0 1
    outer loop
      vertex -60 -31 3
      vertex -41.38006002087371 -22.673715712973845 3
      vertex -41.121320343559645 -22.378679656440355 3
    endloop
  endfacet
  facet normal 0 0 1
    outer loop
      vertex -40.82628428702616 -22.1199399791263 3
      vertex -50.66072485618081 -25.745377348640716 3
      vertex -50.9 -25.90525588832577 3
    endloop
  endfacet
  facet normal 0 0 1
    outer loop
      vertex -60 -31 3
      vertex -41.121320343559645 -22.378679656440355 3
      vertex -40.82628428702616 -22.1199399791263 3
    endloop
  endfacet
  facet normal 0 0 1
    outer loop
      vertex -40.82628428702616 -22.1199399791263 3
      vertex -50.4443650813896 -25.55563491861041 3
      vertex -50.66072485618081 -25.745377348640716 3
    endloop
  endfacet
  facet normal 0 0 1
    outer loop
      vertex -40.82628428702616 -22.1199399791263 3
      vertex -50.254622651359284 -25.33927514381918 3
      vertex -50.4443650813896 -25.55563491861041 3
    endloop
  endfacet
  facet normal 0 0 1
    outer loop
      vertex -40.82628428702616 -22.1199399791263 3
      vertex -50.09474411167424 -25.099999999999994 3
      vertex -50.254622651359284 -25.33927514381918 3
    endloop
  endfacet
  facet normal 0 0 1
    outer loop
      vertex -40.82628428702616 -22.1199399791263 3
      vertex -49.96746502847517 -24.841903551203202 3
      vertex -50.09474411167424 -25.099999999999994 3
    endloop
  endfacet
  facet normal 0 0 1
    outer loop
      vertex -40.82628428702616 -22.1199399791263 3
      vertex -49.87496318216405 -24.56940189922554 3
      vertex -49.96746502847517 -24.841903551203202 3
    endloop
  endfacet
  facet normal 0 0 1
    outer loop
      vertex -40.82628428702616 -22.1199399791263 3
      vertex -49.81882130497762 -24.28715762288411 3
      vertex -49.87496318216405 -24.56940189922554 3
    endloop
  endfacet
  facet normal 0 0 1
    outer loop
      vertex -40.82628428702616 -22.1199399791263 3
      vertex -49.8 -24 3
      vertex -49.81882130497762 -24.28715762288411 3
    endloop
  endfacet
  facet normal 0 0 1
    outer loop
      vertex -40.82628428702616 -22.1199399791263 3
      vertex -49.81882130497762 -23.71284237711589 3
      vertex -49.8 -24 3
    endloop
  endfacet
  facet normal 0 0 1
    outer loop
      vertex -60 -31 3
      vertex -54.2 -24 3
      vertex -58.26060000061989 -8.413500003516674 3
    endloop
  endfacet
  facet normal 0 0 1
    outer loop
      vertex -54.18117869502238 -23.71284237711589 3
      vertex -58.26060000061989 -8.413500003516674 3
      vertex -54.2 -24 3
    endloop
  endfacet
  facet normal 0 0 1
    outer loop
      vertex -54.12503681783595 -23.43059810077446 3
      vertex -58.26060000061989 -8.413500003516674 3
      vertex -54.18117869502238 -23.71284237711589 3
    endloop
  endfacet
  facet normal 0 0 1
    outer loop
      vertex -54.03253497152483 -23.158096448796798 3
      vertex -58.26060000061989 -8.413500003516674 3
      vertex -54.12503681783595 -23.43059810077446 3
    endloop
  endfacet
  facet normal 0 0 1
    outer loop
      vertex -53.90525588832576 -22.900000000000006 3
      vertex -58.26060000061989 -8.413500003516674 3
      vertex -54.03253497152483 -23.158096448796798 3
    endloop
  endfacet
  facet normal 0 0 1
    outer loop
      vertex -53.745377348640716 -22.66072485618082 3
      vertex -58.26060000061989 -8.413500003516674 3
      vertex -53.90525588832576 -22.900000000000006 3
    endloop
  endfacet
  facet normal 0 0 1
    outer loop
      vertex -53.5556349186104 -22.44436508138959 3
      vertex -58.26060000061989 -8.413500003516674 3
      vertex -53.745377348640716 -22.66072485618082 3
    endloop
  endfacet
  facet normal 0 0 1
    outer loop
      vertex -53.5556349186104 -22.44436508138959 3
      vertex -53.33927514381919 -22.254622651359284 3
      vertex -58.26060000061989 -8.413500003516674 3
    endloop
  endfacet
  facet normal 0 0 1
    outer loop
      vertex -53.33927514381919 -22.254622651359284 3
      vertex -53.1 -22.09474411167423 3
      vertex -58.26060000061989 -8.413500003516674 3
    endloop
  endfacet
  facet normal 0 0 1
    outer loop
      vertex -53.1 -22.09474411167423 3
      vertex -52.841903551203195 -21.967465028475175 3
      vertex -58.26060000061989 -8.413500003516674 3
    endloop
  endfacet
  facet normal 0 0 1
    outer loop
      vertex -52.841903551203195 -21.967465028475175 3
      vertex -52.56940189922555 -21.874963182164052 3
      vertex -58.26060000061989 -8.413500003516674 3
    endloop
  endfacet
  facet normal 0 0 1
    outer loop
      vertex -52.56940189922555 -21.874963182164052 3
      vertex -52.287157622884116 -21.818821304977618 3
      vertex -58.26060000061989 -8.413500003516674 3
    endloop
  endfacet
  facet normal 0 0 1
    outer loop
      vertex -40.82628428702616 -22.1199399791263 3
      vertex -49.87496318216405 -23.43059810077446 3
      vertex -49.81882130497762 -23.71284237711589 3
    endloop
  endfacet
  facet normal 0 0 1
    outer loop
      vertex -40.82628428702616 -22.1199399791263 3
      vertex -49.96746502847517 -23.158096448796798 3
      vertex -49.87496318216405 -23.43059810077446 3
    endloop
  endfacet
  facet normal 0 0 1
    outer loop
      vertex -40.82628428702616 -22.1199399791263 3
      vertex -50.09474411167424 -22.900000000000006 3
      vertex -49.96746502847517 -23.158096448796798 3
    endloop
  endfacet
  facet normal 0 0 1
    outer loop
      vertex -50.9 -22.09474411167423 3
      vertex -50.66072485618081 -22.254622651359284 3
      vertex -53.48319999873638 -8.413500003516674 3
    endloop
  endfacet
  facet normal 0 0 1
    outer loop
      vertex -51.158096448796805 -21.967465028475175 3
      vertex -50.9 -22.09474411167423 3
      vertex -53.48319999873638 -8.413500003516674 3
    endloop
  endfacet
  facet normal 0 0 1
    outer loop
      vertex -50.09474411167424 -22.900000000000006 3
      vertex -53.48319999873638 -8.413500003516674 3
      vertex -50.254622651359284 -22.66072485618082 3
    endloop
  endfacet
  facet normal 0 0 1
    outer loop
      vertex -50.66072485618081 -22.254622651359284 3
      vertex -50.4443650813896 -22.44436508138959 3
      vertex -53.48319999873638 -8.413500003516674 3
    endloop
  endfacet
  facet normal 0 0 1
    outer loop
      vertex -50.254622651359284 -22.66072485618082 3
      vertex -53.48319999873638 -8.413500003516674 3
      vertex -50.4443650813896 -22.44436508138959 3
    endloop
  endfacet
  facet normal 0 0 1
    outer loop
      vertex -52.287157622884116 -21.818821304977618 3
      vertex -52 -21.799999999999997 3
      vertex -53.48319999873638 -8.413500003516674 3
    endloop
  endfacet
  facet normal 0 0 1
    outer loop
      vertex -52 -21.799999999999997 3
      vertex -51.712842377115884 -21.818821304977618 3
      vertex -53.48319999873638 -8.413500003516674 3
    endloop
  endfacet
  facet normal 0 0 1
    outer loop
      vertex -51.712842377115884 -21.818821304977618 3
      vertex -51.43059810077445 -21.874963182164052 3
      vertex -53.48319999873638 -8.413500003516674 3
    endloop
  endfacet
  facet normal 0 0 1
    outer loop
      vertex -51.43059810077445 -21.874963182164052 3
      vertex -51.158096448796805 -21.967465028475175 3
      vertex -53.48319999873638 -8.413500003516674 3
    endloop
  endfacet
  facet normal 0 0 1
    outer loop
      vertex -40.82628428702616 -22.1199399791263 3
      vertex -53.48319999873638 -8.413500003516674 3
      vertex -50.09474411167424 -22.900000000000006 3
    endloop
  endfacet
  facet normal 0 0 1
    outer loop
      vertex -60 -31 3
      vertex -39.39157857666015 -27.474334584121436 3
      vertex -39.77645713530756 -27.397777478867198 3
    endloop
  endfacet
  facet normal 0 0 1
    outer loop
      vertex -60 -31 3
      vertex -39 -27.5 3
      vertex -39.39157857666015 -27.474334584121436 3
    endloop
  endfacet
  facet normal 0 0 1
    outer loop
      vertex -60 -31 3
      vertex -58.26060000061989 -8.413500003516674 3
      vertex -58.26060000061989 -6.402900002896786 3
    endloop
  endfacet
  facet normal 0 0 1
    outer loop
      vertex -60 -31 3
      vertex -58.26060000061989 -6.402900002896786 3
      vertex -58.514899998903275 -3.8867499977350235 3
    endloop
  endfacet
  facet normal 0 0 1
    outer loop
      vertex -60 -31 3
      vertex -58.514899998903275 -3.8867499977350235 3
      vertex -58.514899998903275 -3.276399999856949 3
    endloop
  endfacet
  facet normal 0 0 1
    outer loop
      vertex -52.287157622884116 -21.818821304977618 3
      vertex -53.48319999873638 -8.413500003516674 3
      vertex -58.26060000061989 -8.413500003516674 3
    endloop
  endfacet
  facet normal 0 0 1
    outer loop
      vertex -60 -31 3
      vertex -58.514899998903275 -3.276399999856949 3
      vertex -58.26060000061989 2.1081499978899956 3
    endloop
  endfacet
  facet normal 0 0 1
    outer loop
      vertex -40.82628428702616 -22.1199399791263 3
      vertex -53.48319999873638 -7.7659000009298325 3
      vertex -53.48319999873638 -8.413500003516674 3
    endloop
  endfacet
  facet normal 0 0 1
    outer loop
      vertex -40.82628428702616 -22.1199399791263 3
      vertex -53.48319999873638 -3.8867499977350235 3
      vertex -53.48319999873638 -7.7659000009298325 3
    endloop
  endfacet
  facet normal 0 0 1
    outer loop
      vertex -40.82628428702616 -22.1199399791263 3
      vertex -53.48319999873638 -3.276399999856949 3
      vertex -53.48319999873638 -3.8867499977350235 3
    endloop
  endfacet
  facet normal 0 0 1
    outer loop
      vertex -40.82628428702616 -22.1199399791263 3
      vertex -54.56480000168085 -0.719650000333786 3
      vertex -53.48319999873638 -3.276399999856949 3
    endloop
  endfacet
  facet normal 0 0 1
    outer loop
      vertex -57.74185000360012 -6.480850003659725 3
      vertex -57.74185000360012 -7.7659000009298325 3
      vertex -55.85665000230074 -6.4537499994039536 3
    endloop
  endfacet
  facet normal 0 0 1
    outer loop
      vertex -57.72295918315649 -6.185803063213825 3
      vertex -57.74185000360012 -6.480850003659725 3
      vertex -55.87623265385628 -6.165892854332924 3
    endloop
  endfacet
  facet normal 0 0 1
    outer loop
      vertex -57.66628673672676 -5.936147958040237 3
      vertex -57.72295918315649 -6.185803063213825 3
      vertex -55.87623265385628 -6.165892854332924 3
    endloop
  endfacet
  facet normal 0 0 1
    outer loop
      vertex -57.57183264940977 -5.731884695589542 3
      vertex -57.66628673672676 -5.936147958040237 3
      vertex -55.87623265385628 -6.165892854332924 3
    endloop
  endfacet
  facet normal 0 0 1
    outer loop
      vertex -57.43959693610668 -5.5730132684111595 3
      vertex -57.57183264940977 -5.731884695589542 3
      vertex -55.87623265385628 -6.165892854332924 3
    endloop
  endfacet
  facet normal 0 0 1
    outer loop
      vertex -58.25291837006807 -6.180705100297928 3
      vertex -58.514899998903275 -3.8867499977350235 3
      vertex -58.26060000061989 -6.402900002896786 3
    endloop
  endfacet
  facet normal 0 0 1
    outer loop
      vertex -58.22987347096205 -5.973320409655571 3
      vertex -58.514899998903275 -3.8867499977350235 3
      vertex -58.25291837006807 -6.180705100297928 3
    endloop
  endfacet
  facet normal 0 0 1
    outer loop
      vertex -58.19146530330181 -5.780745916068554 3
      vertex -58.514899998903275 -3.8867499977350235 3
      vertex -58.22987347096205 -5.973320409655571 3
    endloop
  endfacet
  facet normal 0 0 1
    outer loop
      vertex -58.137693874537945 -5.602981634438038 3
      vertex -58.514899998903275 -3.8867499977350235 3
      vertex -58.19146530330181 -5.780745916068554 3
    endloop
  endfacet
  facet normal 0 0 1
    outer loop
      vertex -58.06855918467045 -5.440027549862862 3
      vertex -58.514899998903275 -3.8867499977350235 3
      vertex -58.137693874537945 -5.602981634438038 3
    endloop
  endfacet
  facet normal 0 0 1
    outer loop
      vertex -57.98406122624874 -5.291883669793606 3
      vertex -58.514899998903275 -3.8867499977350235 3
      vertex -58.06855918467045 -5.440027549862862 3
    endloop
  endfacet
  facet normal 0 0 1
    outer loop
      vertex -57.26957958936691 -5.459533676505089 3
      vertex -57.43959693610668 -5.5730132684111595 3
      vertex -55.87623265385628 -6.165892854332924 3
    endloop
  endfacet
  facet normal 0 0 1
    outer loop
      vertex -57.061780609190464 -5.39144591987133 3
      vertex -57.26957958936691 -5.459533676505089 3
      vertex -55.87623265385628 -6.165892854332924 3
    endloop
  endfacet
  facet normal 0 0 1
    outer loop
      vertex -57.88419999927282 -5.158550001680851 3
      vertex -58.514899998903275 -3.8867499977350235 3
      vertex -57.98406122624874 -5.291883669793606 3
    endloop
  endfacet
  facet normal 0 0 1
    outer loop
      vertex -57.7703744918108 -5.041603058576584 3
      vertex -58.514899998903275 -3.8867499977350235 3
      vertex -57.88419999927282 -5.158550001680851 3
    endloop
  endfacet
  facet normal 0 0 1
    outer loop
      vertex -57.64395510405302 -4.942647956311703 3
      vertex -58.514899998903275 -3.8867499977350235 3
      vertex -57.7703744918108 -5.041603058576584 3
    endloop
  endfacet
  facet normal 0 0 1
    outer loop
      vertex -57.50494183599949 -4.861684694886208 3
      vertex -57.93169999867678 -3.8867499977350235 3
      vertex -57.64395510405302 -4.942647956311703 3
    endloop
  endfacet
  facet normal 0 0 1
    outer loop
      vertex -57.353334695100784 -4.798713266849518 3
      vertex -57.93169999867678 -3.8867499977350235 3
      vertex -57.50494183599949 -4.861684694886208 3
    endloop
  endfacet
  facet normal 0 0 1
    outer loop
      vertex -58.514899998903275 -3.8867499977350235 3
      vertex -57.64395510405302 -4.942647956311703 3
      vertex -57.93169999867678 -3.8867499977350235 3
    endloop
  endfacet
  facet normal 0 0 1
    outer loop
      vertex -57.189133673906326 -4.7537336722016335 3
      vertex -57.93169999867678 -3.8867499977350235 3
      vertex -57.353334695100784 -4.798713266849518 3
    endloop
  endfacet
  facet normal 0 0 1
    outer loop
      vertex -57.012338772416115 -4.726745918393135 3
      vertex -57.15185000002384 -3.8867499977350235 3
      vertex -57.189133673906326 -4.7537336722016335 3
    endloop
  endfacet
  facet normal 0 0 1
    outer loop
      vertex -56.82294999808073 -4.717749997973442 3
      vertex -57.15185000002384 -3.8867499977350235 3
      vertex -57.012338772416115 -4.726745918393135 3
    endloop
  endfacet
  facet normal 0 0 1
    outer loop
      vertex -56.63488060981035 -4.726780615746975 3
      vertex -57.15185000002384 -3.8867499977350235 3
      vertex -56.82294999808073 -4.717749997973442 3
    endloop
  endfacet
  facet normal 0 0 1
    outer loop
      vertex -56.458158165216446 -4.753872446715832 3
      vertex -57.15185000002384 -3.8867499977350235 3
      vertex -56.63488060981035 -4.726780615746975 3
    endloop
  endfacet
  facet normal 0 0 1
    outer loop
      vertex -57.189133673906326 -4.7537336722016335 3
      vertex -57.15185000002384 -3.8867499977350235 3
      vertex -57.93169999867678 -3.8867499977350235 3
    endloop
  endfacet
  facet normal 0 0 1
    outer loop
      vertex -55.85665000230074 -6.4537499994039536 3
      vertex -57.74185000360012 -7.7659000009298325 3
      vertex -55.85665000230074 -7.7659000009298325 3
    endloop
  endfacet
  facet normal 0 0 1
    outer loop
      vertex -57.74185000360012 -6.480850003659725 3
      vertex -55.85665000230074 -6.4537499994039536 3
      vertex -55.87623265385628 -6.165892854332924 3
    endloop
  endfacet
  facet normal 0 0 1
    outer loop
      vertex -56.816200003027916 -5.368749998509884 3
      vertex -55.87623265385628 -6.165892854332924 3
      vertex -55.93498060852289 -5.922321431338787 3
    endloop
  endfacet
  facet normal 0 0 1
    outer loop
      vertex -53.48319999873638 -7.7659000009298325 3
      vertex -55.344650000333786 -6.362199999392033 3
      vertex -55.344650000333786 -7.7659000009298325 3
    endloop
  endfacet
  facet normal 0 0 1
    outer loop
      vertex -53.48319999873638 -7.7659000009298325 3
      vertex -53.48319999873638 -3.8867499977350235 3
      vertex -55.344650000333786 -6.362199999392033 3
    endloop
  endfacet
  facet normal 0 0 1
    outer loop
      vertex -56.816200003027916 -5.368749998509884 3
      vertex -57.061780609190464 -5.39144591987133 3
      vertex -55.87623265385628 -6.165892854332924 3
    endloop
  endfacet
  facet normal 0 0 1
    outer loop
      vertex -56.56162551045418 -5.39089285582304 3
      vertex -56.816200003027916 -5.368749998509884 3
      vertex -55.93498060852289 -5.922321431338787 3
    endloop
  endfacet
  facet normal 0 0 1
    outer loop
      vertex -56.3462163284421 -5.457321427762508 3
      vertex -56.56162551045418 -5.39089285582304 3
      vertex -56.032893881201744 -5.723035715520382 3
    endloop
  endfacet
  facet normal 0 0 1
    outer loop
      vertex -55.93498060852289 -5.922321431338787 3
      vertex -56.032893881201744 -5.723035715520382 3
      vertex -56.56162551045418 -5.39089285582304 3
    endloop
  endfacet
  facet normal 0 0 1
    outer loop
      vertex -56.3462163284421 -5.457321427762508 3
      vertex -56.032893881201744 -5.723035715520382 3
      vertex -56.16997244954109 -5.568035714328289 3
    endloop
  endfacet
  facet normal 0 0 1
    outer loop
      vertex -55.86473775655031 -5.04285204410553 3
      vertex -57.15185000002384 -3.8867499977350235 3
      vertex -55.99607244879007 -4.943515308201313 3
    endloop
  endfacet
  facet normal 0 0 1
    outer loop
      vertex -56.13875408470631 -4.862239792943001 3
      vertex -57.15185000002384 -3.8867499977350235 3
      vertex -56.29278264939785 -4.799025513231754 3
    endloop
  endfacet
  facet normal 0 0 1
    outer loop
      vertex -56.29278264939785 -4.799025513231754 3
      vertex -57.15185000002384 -3.8867499977350235 3
      vertex -56.458158165216446 -4.753872446715832 3
    endloop
  endfacet
  facet normal 0 0 1
    outer loop
      vertex -55.99607244879007 -4.943515308201313 3
      vertex -57.15185000002384 -3.8867499977350235 3
      vertex -56.13875408470631 -4.862239792943001 3
    endloop
  endfacet
  facet normal 0 0 1
    outer loop
      vertex -55.74475000053644 -5.160250000655651 3
      vertex -53.48319999873638 -3.8867499977350235 3
      vertex -55.86473775655031 -5.04285204410553 3
    endloop
  endfacet
  facet normal 0 0 1
    outer loop
      vertex -57.15185000002384 -3.8867499977350235 3
      vertex -55.86473775655031 -5.04285204410553 3
      vertex -53.48319999873638 -3.8867499977350235 3
    endloop
  endfacet
  facet normal 0 0 1
    outer loop
      vertex -55.344650000333786 -6.362199999392033 3
      vertex -53.48319999873638 -3.8867499977350235 3
      vertex -55.35281530767679 -6.151670411229134 3
    endloop
  endfacet
  facet normal 0 0 1
    outer loop
      vertex -55.35281530767679 -6.151670411229134 3
      vertex -53.48319999873638 -3.8867499977350235 3
      vertex -55.37731122225523 -5.954081632196903 3
    endloop
  endfacet
  facet normal 0 0 1
    outer loop
      vertex -55.37731122225523 -5.954081632196903 3
      vertex -53.48319999873638 -3.8867499977350235 3
      vertex -55.41813775151968 -5.769433669745922 3
    endloop
  endfacet
  facet normal 0 0 1
    outer loop
      vertex -55.41813775151968 -5.769433669745922 3
      vertex -53.48319999873638 -3.8867499977350235 3
      vertex -55.47529489547014 -5.597726531326771 3
    endloop
  endfacet
  facet normal 0 0 1
    outer loop
      vertex -55.47529489547014 -5.597726531326771 3
      vertex -53.48319999873638 -3.8867499977350235 3
      vertex -55.54878265410662 -5.438960202038288 3
    endloop
  endfacet
  facet normal 0 0 1
    outer loop
      vertex -55.54878265410662 -5.438960202038288 3
      vertex -53.48319999873638 -3.8867499977350235 3
      vertex -55.63860101997852 -5.293134696781635 3
    endloop
  endfacet
  facet normal 0 0 1
    outer loop
      vertex -55.63860101997852 -5.293134696781635 3
      vertex -53.48319999873638 -3.8867499977350235 3
      vertex -55.74475000053644 -5.160250000655651 3
    endloop
  endfacet
  facet normal 0 0 1
    outer loop
      vertex -57.93169999867678 -3.8867499977350235 3
      vertex -57.15185000002384 -3.276399999856949 3
      vertex -57.93169999867678 -3.276399999856949 3
    endloop
  endfacet
  facet normal 0 0 1
    outer loop
      vertex -57.93169999867678 -3.8867499977350235 3
      vertex -57.15185000002384 -3.8867499977350235 3
      vertex -57.15185000002384 -3.276399999856949 3
    endloop
  endfacet
  facet normal 0 0 1
    outer loop
      vertex -57.93169999867678 -3.276399999856949 3
      vertex -58.26060000061989 1.467299997806549 3
      vertex -58.514899998903275 -3.276399999856949 3
    endloop
  endfacet
  facet normal 0 0 1
    outer loop
      vertex -57.93169999867678 -3.276399999856949 3
      vertex -57.15185000002384 -3.276399999856949 3
      vertex -58.26060000061989 1.467299997806549 3
    endloop
  endfacet
  facet normal 0 0 1
    outer loop
      vertex -57.15185000002384 -3.276399999856949 3
      vertex -55.03949999809265 -0.719650000333786 3
      vertex -58.26060000061989 1.467299997806549 3
    endloop
  endfacet
  facet normal 0 0 1
    outer loop
      vertex -53.48319999873638 -3.276399999856949 3
      vertex -55.03949999809265 -0.719650000333786 3
      vertex -57.15185000002384 -3.276399999856949 3
    endloop
  endfacet
  facet normal 0 0 1
    outer loop
      vertex -53.48319999873638 -3.276399999856949 3
      vertex -54.56480000168085 -0.719650000333786 3
      vertex -55.03949999809265 -0.719650000333786 3
    endloop
  endfacet
  facet normal 0 0 1
    outer loop
      vertex -40.82628428702616 -22.1199399791263 3
      vertex -53.48319999873638 1.531750001013279 3
      vertex -54.56480000168085 -0.719650000333786 3
    endloop
  endfacet
  facet normal 0 0 1
    outer loop
      vertex -40.82628428702616 -22.1199399791263 3
      vertex -53.48319999873638 2.1081499978899956 3
      vertex -53.48319999873638 1.531750001013279 3
    endloop
  endfacet
  facet normal 0 0 1
    outer loop
      vertex -40.82628428702616 -22.1199399791263 3
      vertex -40.5 -21.901923788646684 3
      vertex -60 31 3
    endloop
  endfacet
  facet normal 0 0 1
    outer loop
      vertex -40.5 -21.901923788646684 3
      vertex -40.14805029709527 -21.728361402466135 3
      vertex -60 31 3
    endloop
  endfacet
  facet normal 0 0 1
    outer loop
      vertex -40.14805029709527 -21.728361402466135 3
      vertex -39.77645713530756 -21.602222521132802 3
      vertex -60 31 3
    endloop
  endfacet
  facet normal 0 0 1
    outer loop
      vertex -39.77645713530756 -21.602222521132802 3
      vertex -39.39157857666015 -21.525665415878564 3
      vertex -60 31 3
    endloop
  endfacet
  facet normal 0 0 1
    outer loop
      vertex -39.39157857666015 -21.525665415878564 3
      vertex -39 -21.5 3
      vertex -60 31 3
    endloop
  endfacet
  facet normal 0 0 1
    outer loop
      vertex -39 -21.5 3
      vertex -38.60842142333985 -21.525665415878564 3
      vertex -60 31 3
    endloop
  endfacet
  facet normal 0 0 1
    outer loop
      vertex -38.60842142333985 -21.525665415878564 3
      vertex -38.22354286469244 -21.602222521132802 3
      vertex -60 31 3
    endloop
  endfacet
  facet normal 0 0 1
    outer loop
      vertex -60 -31 3
      vertex 47 -31 3
      vertex -39 -27.5 3
    endloop
  endfacet
  facet normal 0 0 1
    outer loop
      vertex -38.22354286469244 -27.397777478867198 3
      vertex 17.85194970290473 -27.271638597533865 3
      vertex -37.85194970290473 -27.271638597533865 3
    endloop
  endfacet
  facet normal 0 0 1
    outer loop
      vertex -37.85194970290473 -27.271638597533865 3
      vertex 17.5 -27.098076211353316 3
      vertex -37.5 -27.098076211353316 3
    endloop
  endfacet
  facet normal 0 0 1
    outer loop
      vertex -37.5 -27.098076211353316 3
      vertex 17.173715712973838 -26.8800600208737 3
      vertex -37.17371571297384 -26.8800600208737 3
    endloop
  endfacet
  facet normal 0 0 1
    outer loop
      vertex -37.17371571297384 -26.8800600208737 3
      vertex 16.878679656440358 -26.621320343559645 3
      vertex -36.878679656440355 -26.621320343559645 3
    endloop
  endfacet
  facet normal 0 0 1
    outer loop
      vertex -36.878679656440355 -26.621320343559645 3
      vertex 16.619939979126293 -26.326284287026155 3
      vertex -36.61993997912629 -26.326284287026155 3
    endloop
  endfacet
  facet normal 0 0 1
    outer loop
      vertex -36.61993997912629 -26.326284287026155 3
      vertex 16.401923788646684 -26 3
      vertex -36.401923788646684 -26 3
    endloop
  endfacet
  facet normal 0 0 1
    outer loop
      vertex -36.401923788646684 -26 3
      vertex 16.228361402466142 -25.648050297095267 3
      vertex -36.22836140246614 -25.648050297095267 3
    endloop
  endfacet
  facet normal 0 0 1
    outer loop
      vertex -36.22836140246614 -25.648050297095267 3
      vertex 16.102222521132795 -25.276457135307567 3
      vertex -36.102222521132795 -25.276457135307567 3
    endloop
  endfacet
  facet normal 0 0 1
    outer loop
      vertex -36.102222521132795 -25.276457135307567 3
      vertex 16.02566541587857 -24.89157857666015 3
      vertex -36.02566541587857 -24.89157857666015 3
    endloop
  endfacet
  facet normal 0 0 1
    outer loop
      vertex -36.02566541587857 -24.89157857666015 3
      vertex 16 -24.5 3
      vertex -36 -24.5 3
    endloop
  endfacet
  facet normal 0 0 1
    outer loop
      vertex -36 -24.5 3
      vertex 16.02566541587857 -24.10842142333985 3
      vertex -36.02566541587857 -24.10842142333985 3
    endloop
  endfacet
  facet normal 0 0 1
    outer loop
      vertex -36.02566541587857 -24.10842142333985 3
      vertex 16.102222521132795 -23.723542864692433 3
      vertex -36.102222521132795 -23.723542864692433 3
    endloop
  endfacet
  facet normal 0 0 1
    outer loop
      vertex -36.22836140246614 -23.351949702904733 3
      vertex -36.102222521132795 -23.723542864692433 3
      vertex 16.228361402466142 -23.351949702904733 3
    endloop
  endfacet
  facet normal 0 0 1
    outer loop
      vertex -39 -27.5 3
      vertex 47 -31 3
      vertex -38.60842142333985 -27.474334584121436 3
    endloop
  endfacet
  facet normal 0 0 1
    outer loop
      vertex -38.60842142333985 -27.474334584121436 3
      vertex 47 -31 3
      vertex -38.22354286469244 -27.397777478867198 3
    endloop
  endfacet
  facet normal 0 0 1
    outer loop
      vertex -36.22836140246614 -23.351949702904733 3
      vertex 16.401923788646684 -23 3
      vertex -36.401923788646684 -23 3
    endloop
  endfacet
  facet normal 0 0 1
    outer loop
      vertex -36.61993997912629 -22.673715712973845 3
      vertex -36.401923788646684 -23 3
      vertex 16.619939979126293 -22.673715712973845 3
    endloop
  endfacet
  facet normal 0 0 1
    outer loop
      vertex -36.61993997912629 -22.673715712973845 3
      vertex 16.878679656440358 -22.378679656440355 3
      vertex -36.878679656440355 -22.378679656440355 3
    endloop
  endfacet
  facet normal 0 0 1
    outer loop
      vertex -37.5 -21.901923788646684 3
      vertex -37.17371571297384 -22.1199399791263 3
      vertex 17.5 -21.901923788646684 3
    endloop
  endfacet
  facet normal 0 0 1
    outer loop
      vertex -38.22354286469244 -21.602222521132802 3
      vertex -37.85194970290473 -21.728361402466135 3
      vertex 18.223542864692437 -21.602222521132802 3
    endloop
  endfacet
  facet normal 0 0 1
    outer loop
      vertex -37.5 -21.901923788646684 3
      vertex 17.85194970290473 -21.728361402466135 3
      vertex -37.85194970290473 -21.728361402466135 3
    endloop
  endfacet
  facet normal 0 0 1
    outer loop
      vertex -36.878679656440355 -22.378679656440355 3
      vertex 17.173715712973838 -22.1199399791263 3
      vertex -37.17371571297384 -22.1199399791263 3
    endloop
  endfacet
  facet normal 0 0 1
    outer loop
      vertex -38.22354286469244 -21.602222521132802 3
      vertex 18.223542864692437 -21.602222521132802 3
      vertex -50.3 18 3
    endloop
  endfacet
  facet normal 0 0 1
    outer loop
      vertex -60 31 3
      vertex 18.223542864692437 -21.602222521132802 3
      vertex 18.608421423339845 -21.525665415878564 3
    endloop
  endfacet
  facet normal 0 0 1
    outer loop
      vertex -60 31 3
      vertex 18.608421423339845 -21.525665415878564 3
      vertex 19 -21.5 3
    endloop
  endfacet
  facet normal 0 0 1
    outer loop
      vertex -60 31 3
      vertex 19 -21.5 3
      vertex 19.391578576660155 -21.525665415878564 3
    endloop
  endfacet
  facet normal 0 0 1
    outer loop
      vertex -60 31 3
      vertex 19.391578576660155 -21.525665415878564 3
      vertex 19.776457135307563 -21.602222521132802 3
    endloop
  endfacet
  facet normal 0 0 1
    outer loop
      vertex -60 31 3
      vertex 19.776457135307563 -21.602222521132802 3
      vertex 20.14805029709527 -21.728361402466135 3
    endloop
  endfacet
  facet normal 0 0 -1
    outer loop
      vertex -60 -31 0
      vertex -53.20208152801713 16.797918471982882 0
      vertex -53.034894429314825 16.651299321504894 0
    endloop
  endfacet
  facet normal 0 0 -1
    outer loop
      vertex -60 -31 0
      vertex -53.3487006784951 16.965105570685182 0
      vertex -53.20208152801713 16.797918471982882 0
    endloop
  endfacet
  facet normal 0 0 -1
    outer loop
      vertex -60 -31 0
      vertex -53.570595205269186 17.349438164979347 0
      vertex -53.472243186433545 17.150000000000006 0
    endloop
  endfacet
  facet normal 0 0 -1
    outer loop
      vertex -60 -31 0
      vertex -53.472243186433545 17.150000000000006 0
      vertex -53.3487006784951 16.965105570685182 0
    endloop
  endfacet
  facet normal 0 0 -1
    outer loop
      vertex -60 -31 0
      vertex -53.642073904691415 17.560007623325703 0
      vertex -53.570595205269186 17.349438164979347 0
    endloop
  endfacet
  facet normal 0 0 -1
    outer loop
      vertex -60 -31 0
      vertex -53.68545626433548 17.778105473225907 0
      vertex -53.642073904691415 17.560007623325703 0
    endloop
  endfacet
  facet normal 0 0 -1
    outer loop
      vertex -60 -31 0
      vertex -53.7 18 0
      vertex -53.68545626433548 17.778105473225907 0
    endloop
  endfacet
  facet normal 0 0 -1
    outer loop
      vertex -60 -31 0
      vertex -60 31 0
      vertex -53.7 18 0
    endloop
  endfacet
  facet normal 0 0 -1
    outer loop
      vertex -53.1 -22.09474411167423 0
      vertex -53.034894429314825 16.651299321504894 0
      vertex -52.85 16.52775681356644 0
    endloop
  endfacet
  facet normal 0 0 -1
    outer loop
      vertex -52.841903551203195 -21.967465028475175 0
      vertex -52.65056183502065 16.4294047947308 0
      vertex -52.43999237667428 16.357926095308585 0
    endloop
  endfacet
  facet normal 0 0 -1
    outer loop
      vertex -52.841903551203195 -21.967465028475175 0
      vertex -52.85 16.52775681356644 0
      vertex -52.65056183502065 16.4294047947308 0
    endloop
  endfacet
  facet normal 0 0 -1
    outer loop
      vertex -52.56940189922555 -21.874963182164052 0
      vertex -52.43999237667428 16.357926095308585 0
      vertex -52.221894526774086 16.31454373566453 0
    endloop
  endfacet
  facet normal 0 0 -1
    outer loop
      vertex -52.287157622884116 -21.818821304977618 0
      vertex -52.221894526774086 16.31454373566453 0
      vertex -52 16.30000000000001 0
    endloop
  endfacet
  facet normal 0 0 -1
    outer loop
      vertex -52 -21.799999999999997 0
      vertex -52 16.30000000000001 0
      vertex -51.778105473225914 16.31454373566453 0
    endloop
  endfacet
  facet normal 0 0 -1
    outer loop
      vertex -51.712842377115884 -21.818821304977618 0
      vertex -51.778105473225914 16.31454373566453 0
      vertex -51.56000762332572 16.357926095308585 0
    endloop
  endfacet
  facet normal 0 0 -1
    outer loop
      vertex -51.712842377115884 -21.818821304977618 0
      vertex -51.56000762332572 16.357926095308585 0
      vertex -51.34943816497935 16.4294047947308 0
    endloop
  endfacet
  facet normal 0 0 -1
    outer loop
      vertex -51.43059810077445 -21.874963182164052 0
      vertex -51.34943816497935 16.4294047947308 0
      vertex -51.15 16.52775681356644 0
    endloop
  endfacet
  facet normal 0 0 -1
    outer loop
      vertex -51.158096448796805 -21.967465028475175 0
      vertex -51.15 16.52775681356644 0
      vertex -50.965105570685175 16.651299321504894 0
    endloop
  endfacet
  facet normal 0 0 -1
    outer loop
      vertex -50.9 -22.09474411167423 0
      vertex -50.965105570685175 16.651299321504894 0
      vertex -50.79791847198287 16.797918471982882 0
    endloop
  endfacet
  facet normal 0 0 -1
    outer loop
      vertex -50.66072485618081 -22.254622651359284 0
      vertex -50.79791847198287 16.797918471982882 0
      vertex -50.6512993215049 16.965105570685182 0
    endloop
  endfacet
  facet normal 0 0 -1
    outer loop
      vertex -50.66072485618081 -22.254622651359284 0
      vertex -50.6512993215049 16.965105570685182 0
      vertex -50.527756813566455 17.150000000000006 0
    endloop
  endfacet
  facet normal 0 0 -1
    outer loop
      vertex -50.66072485618081 -22.254622651359284 0
      vertex -50.527756813566455 17.150000000000006 0
      vertex -50.429404794730814 17.349438164979347 0
    endloop
  endfacet
  facet normal 0 0 -1
    outer loop
      vertex -50.66072485618081 -22.254622651359284 0
      vertex -50.429404794730814 17.349438164979347 0
      vertex -50.357926095308585 17.560007623325703 0
    endloop
  endfacet
  facet normal 0 0 -1
    outer loop
      vertex -50.66072485618081 -22.254622651359284 0
      vertex -50.357926095308585 17.560007623325703 0
      vertex -50.31454373566452 17.778105473225907 0
    endloop
  endfacet
  facet normal 0 0 -1
    outer loop
      vertex -50.66072485618081 -22.254622651359284 0
      vertex -50.31454373566452 17.778105473225907 0
      vertex -50.3 18 0
    endloop
  endfacet
  facet normal -1 0 0
    outer loop
      vertex -60 -31 0
      vertex -60 31 3
      vertex -60 31 0
    endloop
  endfacet
  facet normal 0 0 -1
    outer loop
      vertex -60 31 0
      vertex -53.68545626433548 18.221894526774093 0
      vertex -53.7 18 0
    endloop
  endfacet
  facet normal 0 0 -1
    outer loop
      vertex -60 31 0
      vertex -53.642073904691415 18.439992376674297 0
      vertex -53.68545626433548 18.221894526774093 0
    endloop
  endfacet
  facet normal 0 0 -1
    outer loop
      vertex -60 31 0
      vertex -53.570595205269186 18.650561835020653 0
      vertex -53.642073904691415 18.439992376674297 0
    endloop
  endfacet
  facet normal 0 0 -1
    outer loop
      vertex -60 31 0
      vertex -53.472243186433545 18.849999999999994 0
      vertex -53.570595205269186 18.650561835020653 0
    endloop
  endfacet
  facet normal 0 0 -1
    outer loop
      vertex -60 31 0
      vertex -53.3487006784951 19.034894429314818 0
      vertex -53.472243186433545 18.849999999999994 0
    endloop
  endfacet
  facet normal 0 0 -1
    outer loop
      vertex -60 31 0
      vertex -53.20208152801713 19.202081528017118 0
      vertex -53.3487006784951 19.034894429314818 0
    endloop
  endfacet
  facet normal 0 0 -1
    outer loop
      vertex -60 31 0
      vertex -53.034894429314825 19.348700678495106 0
      vertex -53.20208152801713 19.202081528017118 0
    endloop
  endfacet
  facet normal 0 0 -1
    outer loop
      vertex -60 31 0
      vertex -52.85 19.47224318643356 0
      vertex -53.034894429314825 19.348700678495106 0
    endloop
  endfacet
  facet normal 0 0 -1
    outer loop
      vertex -60 31 0
      vertex -52.65056183502065 19.5705952052692 0
      vertex -52.85 19.47224318643356 0
    endloop
  endfacet
  facet normal 0 0 -1
    outer loop
      vertex -60 31 0
      vertex -52.43999237667428 19.642073904691415 0
      vertex -52.65056183502065 19.5705952052692 0
    endloop
  endfacet
  facet normal 0 0 -1
    outer loop
      vertex -60 31 0
      vertex -52.221894526774086 19.68545626433547 0
      vertex -52.43999237667428 19.642073904691415 0
    endloop
  endfacet
  facet normal 0 0 -1
    outer loop
      vertex 47 31 0
      vertex -50.66072485618081 -22.254622651359284 0
      vertex -50.3 18 0
    endloop
  endfacet
  facet normal 0 0 -1
    outer loop
      vertex -60 31 0
      vertex 47 31 0
      vertex -52.221894526774086 19.68545626433547 0
    endloop
  endfacet
  facet normal 0 1 0
    outer loop
      vertex -60 31 0
      vertex -60 31 3
      vertex 47 31 0
    endloop
  endfacet
  facet normal 0 0 -1
    outer loop
      vertex 47 31 0
      vertex -50.79791847198287 19.202081528017118 0
      vertex -50.965105570685175 19.348700678495106 0
    endloop
  endfacet
  facet normal 0 0 -1
    outer loop
      vertex 47 31 0
      vertex -50.3 18 0
      vertex -50.31454373566452 18.221894526774093 0
    endloop
  endfacet
  facet normal 0 0 -1
    outer loop
      vertex 47 31 0
      vertex -50.31454373566452 18.221894526774093 0
      vertex -50.357926095308585 18.439992376674297 0
    endloop
  endfacet
  facet normal 0 0 -1
    outer loop
      vertex 47 31 0
      vertex -50.357926095308585 18.439992376674297 0
      vertex -50.429404794730814 18.650561835020653 0
    endloop
  endfacet
  facet normal 0 0 -1
    outer loop
      vertex 47 31 0
      vertex -50.527756813566455 18.849999999999994 0
      vertex -50.6512993215049 19.034894429314818 0
    endloop
  endfacet
  facet normal 0 0 -1
    outer loop
      vertex 47 31 0
      vertex -50.429404794730814 18.650561835020653 0
      vertex -50.527756813566455 18.849999999999994 0
    endloop
  endfacet
  facet normal 0 0 -1
    outer loop
      vertex 47 31 0
      vertex -50.6512993215049 19.034894429314818 0
      vertex -50.79791847198287 19.202081528017118 0
    endloop
  endfacet
  facet normal 0 0 -1
    outer loop
      vertex 47 31 0
      vertex -52 19.69999999999999 0
      vertex -52.221894526774086 19.68545626433547 0
    endloop
  endfacet
  facet normal 0 0 -1
    outer loop
      vertex 47 31 0
      vertex -51.778105473225914 19.68545626433547 0
      vertex -52 19.69999999999999 0
    endloop
  endfacet
  facet normal 0 0 -1
    outer loop
      vertex 47 31 0
      vertex -51.56000762332572 19.642073904691415 0
      vertex -51.778105473225914 19.68545626433547 0
    endloop
  endfacet
  facet normal 0 0 -1
    outer loop
      vertex 47 31 0
      vertex -51.34943816497935 19.5705952052692 0
      vertex -51.56000762332572 19.642073904691415 0
    endloop
  endfacet
  facet normal 0 0 -1
    outer loop
      vertex 47 31 0
      vertex -51.15 19.47224318643356 0
      vertex -51.34943816497935 19.5705952052692 0
    endloop
  endfacet
  facet normal 0 0 -1
    outer loop
      vertex 47 31 0
      vertex -50.965105570685175 19.348700678495106 0
      vertex -51.15 19.47224318643356 0
    endloop
  endfacet
  facet normal 0 0 1
    outer loop
      vertex -60 -31 3
      vertex -58.26060000061989 2.1081499978899956 3
      vertex -60 31 3
    endloop
  endfacet
  facet normal 0 0 1
    outer loop
      vertex -58.514899998903275 -3.276399999856949 3
      vertex -58.26060000061989 1.467299997806549 3
      vertex -58.26060000061989 2.1081499978899956 3
    endloop
  endfacet
  facet normal 0 0 1
    outer loop
      vertex -57.529326528310776 1.5109795928001404 3
      vertex -57.50365509837866 1.49741530418396 3
      vertex -55.04630000144243 1.531750001013279 3
    endloop
  endfacet
  facet normal 0 0 1
    outer loop
      vertex -57.50365509837866 1.49741530418396 3
      vertex -57.472310207784176 1.4805306121706963 3
      vertex -55.04630000144243 1.531750001013279 3
    endloop
  endfacet
  facet normal 0 0 1
    outer loop
      vertex -57.572300001978874 1.531750001013279 3
      vertex -57.56364897638559 1.5281469374895096 3
      vertex -55.04630000144243 1.531750001013279 3
    endloop
  endfacet
  facet normal 0 0 1
    outer loop
      vertex -57.56364897638559 1.5281469374895096 3
      vertex -57.54932449012995 1.521223470568657 3
      vertex -55.04630000144243 1.531750001013279 3
    endloop
  endfacet
  facet normal 0 0 1
    outer loop
      vertex -57.54932449012995 1.521223470568657 3
      vertex -57.529326528310776 1.5109795928001404 3
      vertex -55.04630000144243 1.531750001013279 3
    endloop
  endfacet
  facet normal 0 0 1
    outer loop
      vertex -55.11410000175238 -0.10254999995231628 3
      vertex -55.04630000144243 -0.15680000185966492 3
      vertex -55.04630000144243 1.531750001013279 3
    endloop
  endfacet
  facet normal 0 0 1
    outer loop
      vertex -55.11410000175238 -0.10254999995231628 3
      vertex -55.04630000144243 1.531750001013279 3
      vertex -55.36500000208616 0.08055000007152557 3
    endloop
  endfacet
  facet normal 0 0 1
    outer loop
      vertex -57.34900816529989 1.4125132635235786 3
      vertex -57.309289798140526 1.3900244906544685 3
      vertex -55.04630000144243 1.531750001013279 3
    endloop
  endfacet
  facet normal 0 0 1
    outer loop
      vertex -57.189151018857956 1.3180489763617516 3
      vertex -57.16879999637604 1.3045499995350838 3
      vertex -55.04630000144243 1.531750001013279 3
    endloop
  endfacet
  facet normal 0 0 1
    outer loop
      vertex -57.309289798140526 1.3900244906544685 3
      vertex -57.27344489842653 1.369333676993847 3
      vertex -55.04630000144243 1.531750001013279 3
    endloop
  endfacet
  facet normal 0 0 1
    outer loop
      vertex -57.27344489842653 1.369333676993847 3
      vertex -57.24147346615791 1.3504408150911331 3
      vertex -55.04630000144243 1.531750001013279 3
    endloop
  endfacet
  facet normal 0 0 1
    outer loop
      vertex -57.24147346615791 1.3504408150911331 3
      vertex -57.21337550878525 1.3333459198474884 3
      vertex -55.04630000144243 1.531750001013279 3
    endloop
  endfacet
  facet normal 0 0 1
    outer loop
      vertex -57.21337550878525 1.3333459198474884 3
      vertex -57.189151018857956 1.3180489763617516 3
      vertex -55.04630000144243 1.531750001013279 3
    endloop
  endfacet
  facet normal 0 0 1
    outer loop
      vertex -57.16879999637604 1.3045499995350838 3
      vertex -55.36500000208616 0.08055000007152557 3
      vertex -55.04630000144243 1.531750001013279 3
    endloop
  endfacet
  facet normal 0 0 1
    outer loop
      vertex -57.472310207784176 1.4805306121706963 3
      vertex -57.43529183417559 1.4603255093097687 3
      vertex -55.04630000144243 1.531750001013279 3
    endloop
  endfacet
  facet normal 0 0 1
    outer loop
      vertex -57.43529183417559 1.4603255093097687 3
      vertex -57.39259999990463 1.4368000030517578 3
      vertex -55.04630000144243 1.531750001013279 3
    endloop
  endfacet
  facet normal 0 0 1
    outer loop
      vertex -57.39259999990463 1.4368000030517578 3
      vertex -57.34900816529989 1.4125132635235786 3
      vertex -55.04630000144243 1.531750001013279 3
    endloop
  endfacet
  facet normal 0 0 1
    outer loop
      vertex -54.56480000168085 1.531750001013279 3
      vertex -54.56480000168085 -0.719650000333786 3
      vertex -53.48319999873638 1.531750001013279 3
    endloop
  endfacet
  facet normal 0 0 1
    outer loop
      vertex -54.56480000168085 2.1081499978899956 3
      vertex -53.48319999873638 2.1081499978899956 3
      vertex -54.56480000168085 2.779500000178814 3
    endloop
  endfacet
  facet normal 0 0 1
    outer loop
      vertex -40.82628428702616 -22.1199399791263 3
      vertex -60 31 3
      vertex -53.48319999873638 2.1081499978899956 3
    endloop
  endfacet
  facet normal 0 0 1
    outer loop
      vertex -38.22354286469244 -21.602222521132802 3
      vertex -52.85 16.52775681356644 3
      vertex -53.034894429314825 16.651299321504894 3
    endloop
  endfacet
  facet normal 0 0 1
    outer loop
      vertex -38.22354286469244 -21.602222521132802 3
      vertex -52.65056183502065 16.4294047947308 3
      vertex -52.85 16.52775681356644 3
    endloop
  endfacet
  facet normal 0 0 1
    outer loop
      vertex -38.22354286469244 -21.602222521132802 3
      vertex -52.43999237667428 16.357926095308585 3
      vertex -52.65056183502065 16.4294047947308 3
    endloop
  endfacet
  facet normal 0 0 1
    outer loop
      vertex -38.22354286469244 -21.602222521132802 3
      vertex -52.221894526774086 16.31454373566453 3
      vertex -52.43999237667428 16.357926095308585 3
    endloop
  endfacet
  facet normal 0 0 1
    outer loop
      vertex -38.22354286469244 -21.602222521132802 3
      vertex -52 16.30000000000001 3
      vertex -52.221894526774086 16.31454373566453 3
    endloop
  endfacet
  facet normal 0 0 1
    outer loop
      vertex -38.22354286469244 -21.602222521132802 3
      vertex -51.778105473225914 16.31454373566453 3
      vertex -52 16.30000000000001 3
    endloop
  endfacet
  facet normal 0 0 1
    outer loop
      vertex -38.22354286469244 -21.602222521132802 3
      vertex -51.56000762332572 16.357926095308585 3
      vertex -51.778105473225914 16.31454373566453 3
    endloop
  endfacet
  facet normal 0 0 1
    outer loop
      vertex -38.22354286469244 -21.602222521132802 3
      vertex -51.34943816497935 16.4294047947308 3
      vertex -51.56000762332572 16.357926095308585 3
    endloop
  endfacet
  facet normal 0 0 1
    outer loop
      vertex -38.22354286469244 -21.602222521132802 3
      vertex -51.15 16.52775681356644 3
      vertex -51.34943816497935 16.4294047947308 3
    endloop
  endfacet
  facet normal 0 0 1
    outer loop
      vertex -38.22354286469244 -21.602222521132802 3
      vertex -50.965105570685175 16.651299321504894 3
      vertex -51.15 16.52775681356644 3
    endloop
  endfacet
  facet normal 0 0 1
    outer loop
      vertex -38.22354286469244 -21.602222521132802 3
      vertex -53.3487006784951 16.965105570685182 3
      vertex -53.472243186433545 17.150000000000006 3
    endloop
  endfacet
  facet normal 0 0 1
    outer loop
      vertex -38.22354286469244 -21.602222521132802 3
      vertex -53.472243186433545 17.150000000000006 3
      vertex -53.570595205269186 17.349438164979347 3
    endloop
  endfacet
  facet normal 0 0 1
    outer loop
      vertex -38.22354286469244 -21.602222521132802 3
      vertex -53.034894429314825 16.651299321504894 3
      vertex -53.20208152801713 16.797918471982882 3
    endloop
  endfacet
  facet normal 0 0 1
    outer loop
      vertex -38.22354286469244 -21.602222521132802 3
      vertex -53.20208152801713 16.797918471982882 3
      vertex -53.3487006784951 16.965105570685182 3
    endloop
  endfacet
  facet normal 0 0 1
    outer loop
      vertex -38.22354286469244 -21.602222521132802 3
      vertex -50.79791847198287 16.797918471982882 3
      vertex -50.965105570685175 16.651299321504894 3
    endloop
  endfacet
  facet normal 0 0 1
    outer loop
      vertex -60 31 3
      vertex -58.26060000061989 2.1081499978899956 3
      vertex -55.04630000144243 2.1081499978899956 3
    endloop
  endfacet
  facet normal 0 0 1
    outer loop
      vertex -60 31 3
      vertex -55.04630000144243 2.1081499978899956 3
      vertex -55.04630000144243 2.779500000178814 3
    endloop
  endfacet
  facet normal 0 0 1
    outer loop
      vertex -60 31 3
      vertex -54.56480000168085 2.779500000178814 3
      vertex -53.48319999873638 2.1081499978899956 3
    endloop
  endfacet
  facet normal 0 0 1
    outer loop
      vertex -60 31 3
      vertex -55.04630000144243 2.779500000178814 3
      vertex -54.56480000168085 2.779500000178814 3
    endloop
  endfacet
  facet normal 0 0 1
    outer loop
      vertex -38.22354286469244 -21.602222521132802 3
      vertex -53.570595205269186 17.349438164979347 3
      vertex -60 31 3
    endloop
  endfacet
  facet normal 0 0 1
    outer loop
      vertex -38.22354286469244 -21.602222521132802 3
      vertex -50.6512993215049 16.965105570685182 3
      vertex -50.79791847198287 16.797918471982882 3
    endloop
  endfacet
  facet normal 0 0 1
    outer loop
      vertex -38.22354286469244 -21.602222521132802 3
      vertex -50.527756813566455 17.150000000000006 3
      vertex -50.6512993215049 16.965105570685182 3
    endloop
  endfacet
  facet normal 0 0 1
    outer loop
      vertex -38.22354286469244 -21.602222521132802 3
      vertex -50.429404794730814 17.349438164979347 3
      vertex -50.527756813566455 17.150000000000006 3
    endloop
  endfacet
  facet normal 0 0 1
    outer loop
      vertex -38.22354286469244 -21.602222521132802 3
      vertex -50.357926095308585 17.560007623325703 3
      vertex -50.429404794730814 17.349438164979347 3
    endloop
  endfacet
  facet normal 0 0 1
    outer loop
      vertex -38.22354286469244 -21.602222521132802 3
      vertex -50.31454373566452 17.778105473225907 3
      vertex -50.357926095308585 17.560007623325703 3
    endloop
  endfacet
  facet normal 0 0 1
    outer loop
      vertex -38.22354286469244 -21.602222521132802 3
      vertex -50.3 18 3
      vertex -50.31454373566452 17.778105473225907 3
    endloop
  endfacet
  facet normal 0 0 1
    outer loop
      vertex -60 31 3
      vertex -53.570595205269186 17.349438164979347 3
      vertex -53.642073904691415 17.560007623325703 3
    endloop
  endfacet
  facet normal 0 0 1
    outer loop
      vertex -60 31 3
      vertex -53.642073904691415 17.560007623325703 3
      vertex -53.68545626433548 17.778105473225907 3
    endloop
  endfacet
  facet normal 0 0 1
    outer loop
      vertex -60 31 3
      vertex -53.68545626433548 17.778105473225907 3
      vertex -53.7 18 3
    endloop
  endfacet
  facet normal 0 0 1
    outer loop
      vertex -60 31 3
      vertex -53.7 18 3
      vertex -53.68545626433548 18.221894526774093 3
    endloop
  endfacet
  facet normal 0 0 1
    outer loop
      vertex -60 31 3
      vertex -53.68545626433548 18.221894526774093 3
      vertex -53.642073904691415 18.439992376674297 3
    endloop
  endfacet
  facet normal 0 0 1
    outer loop
      vertex -60 31 3
      vertex -53.642073904691415 18.439992376674297 3
      vertex -53.570595205269186 18.650561835020653 3
    endloop
  endfacet
  facet normal 0 0 1
    outer loop
      vertex -60 31 3
      vertex -53.570595205269186 18.650561835020653 3
      vertex -53.472243186433545 18.849999999999994 3
    endloop
  endfacet
  facet normal 0 0 1
    outer loop
      vertex -60 31 3
      vertex -53.472243186433545 18.849999999999994 3
      vertex -53.3487006784951 19.034894429314818 3
    endloop
  endfacet
  facet normal 0 0 1
    outer loop
      vertex -60 31 3
      vertex -53.3487006784951 19.034894429314818 3
      vertex -53.20208152801713 19.202081528017118 3
    endloop
  endfacet
  facet normal 0 0 1
    outer loop
      vertex -60 31 3
      vertex -53.20208152801713 19.202081528017118 3
      vertex -53.034894429314825 19.348700678495106 3
    endloop
  endfacet
  facet normal 0 0 1
    outer loop
      vertex -60 31 3
      vertex -50.79791847198287 19.202081528017118 3
      vertex -50.6512993215049 19.034894429314818 3
    endloop
  endfacet
  facet normal 0 0 1
    outer loop
      vertex -60 31 3
      vertex -50.965105570685175 19.348700678495106 3
      vertex -50.79791847198287 19.202081528017118 3
    endloop
  endfacet
  facet normal 0 0 1
    outer loop
      vertex -60 31 3
      vertex -53.034894429314825 19.348700678495106 3
      vertex -52.85 19.47224318643356 3
    endloop
  endfacet
  facet normal 0 0 1
    outer loop
      vertex -60 31 3
      vertex -52.85 19.47224318643356 3
      vertex -52.65056183502065 19.5705952052692 3
    endloop
  endfacet
  facet normal 0 0 1
    outer loop
      vertex -60 31 3
      vertex -52.65056183502065 19.5705952052692 3
      vertex -52.43999237667428 19.642073904691415 3
    endloop
  endfacet
  facet normal 0 0 1
    outer loop
      vertex -60 31 3
      vertex -52.43999237667428 19.642073904691415 3
      vertex -52.221894526774086 19.68545626433547 3
    endloop
  endfacet
  facet normal 0 0 1
    outer loop
      vertex -60 31 3
      vertex -52.221894526774086 19.68545626433547 3
      vertex -52 19.69999999999999 3
    endloop
  endfacet
  facet normal 0 0 1
    outer loop
      vertex -60 31 3
      vertex -52 19.69999999999999 3
      vertex -51.778105473225914 19.68545626433547 3
    endloop
  endfacet
  facet normal 0 0 1
    outer loop
      vertex -60 31 3
      vertex -51.778105473225914 19.68545626433547 3
      vertex -51.56000762332572 19.642073904691415 3
    endloop
  endfacet
  facet normal 0 0 1
    outer loop
      vertex -60 31 3
      vertex -51.34943816497935 19.5705952052692 3
      vertex -51.15 19.47224318643356 3
    endloop
  endfacet
  facet normal 0 0 1
    outer loop
      vertex -60 31 3
      vertex -51.56000762332572 19.642073904691415 3
      vertex -51.34943816497935 19.5705952052692 3
    endloop
  endfacet
  facet normal 0 0 1
    outer loop
      vertex -60 31 3
      vertex -51.15 19.47224318643356 3
      vertex -50.965105570685175 19.348700678495106 3
    endloop
  endfacet
  facet normal 0 0 1
    outer loop
      vertex -60 31 3
      vertex -40.82628428702616 22.119939979126286 3
      vertex -41.121320343559645 22.37867965644037 3
    endloop
  endfacet
  facet normal 0 0 1
    outer loop
      vertex -60 31 3
      vertex -40.5 21.901923788646684 3
      vertex -40.82628428702616 22.119939979126286 3
    endloop
  endfacet
  facet normal 0 0 1
    outer loop
      vertex -60 31 3
      vertex -40.14805029709527 21.728361402466135 3
      vertex -40.5 21.901923788646684 3
    endloop
  endfacet
  facet normal 0 0 1
    outer loop
      vertex -60 31 3
      vertex -41.121320343559645 22.37867965644037 3
      vertex -41.38006002087371 22.67371571297383 3
    endloop
  endfacet
  facet normal 0 0 1
    outer loop
      vertex -60 31 3
      vertex -41.38006002087371 22.67371571297383 3
      vertex -41.598076211353316 23 3
    endloop
  endfacet
  facet normal 0 0 1
    outer loop
      vertex -60 31 3
      vertex -41.77163859753386 23.351949702904733 3
      vertex -41.897777478867205 23.723542864692433 3
    endloop
  endfacet
  facet normal 0 0 1
    outer loop
      vertex -60 31 3
      vertex -41.598076211353316 23 3
      vertex -41.77163859753386 23.351949702904733 3
    endloop
  endfacet
  facet normal 0 0 1
    outer loop
      vertex -60 31 3
      vertex -41.897777478867205 23.723542864692433 3
      vertex -41.97433458412143 24.10842142333985 3
    endloop
  endfacet
  facet normal 0 0 1
    outer loop
      vertex -60 31 3
      vertex -41.97433458412143 24.10842142333985 3
      vertex -42 24.5 3
    endloop
  endfacet
  facet normal 0 0 1
    outer loop
      vertex -60 31 3
      vertex -42 24.5 3
      vertex -41.97433458412143 24.89157857666015 3
    endloop
  endfacet
  facet normal 0 0 1
    outer loop
      vertex -60 31 3
      vertex -41.97433458412143 24.89157857666015 3
      vertex -41.897777478867205 25.276457135307567 3
    endloop
  endfacet
  facet normal 0 0 1
    outer loop
      vertex -60 31 3
      vertex -41.897777478867205 25.276457135307567 3
      vertex -41.77163859753386 25.648050297095267 3
    endloop
  endfacet
  facet normal 0 0 1
    outer loop
      vertex -60 31 3
      vertex -41.77163859753386 25.648050297095267 3
      vertex -41.598076211353316 26 3
    endloop
  endfacet
  facet normal 0 0 1
    outer loop
      vertex -60 31 3
      vertex -41.598076211353316 26 3
      vertex -41.38006002087371 26.32628428702617 3
    endloop
  endfacet
  facet normal 0 0 1
    outer loop
      vertex -60 31 3
      vertex -41.38006002087371 26.32628428702617 3
      vertex -41.121320343559645 26.62132034355963 3
    endloop
  endfacet
  facet normal 0 0 1
    outer loop
      vertex -60 31 3
      vertex -41.121320343559645 26.62132034355963 3
      vertex -40.82628428702616 26.880060020873714 3
    endloop
  endfacet
  facet normal 0 0 1
    outer loop
      vertex -60 31 3
      vertex -40.82628428702616 26.880060020873714 3
      vertex -40.5 27.098076211353316 3
    endloop
  endfacet
  facet normal 0 0 1
    outer loop
      vertex -60 31 3
      vertex -40.5 27.098076211353316 3
      vertex -40.14805029709527 27.271638597533865 3
    endloop
  endfacet
  facet normal 0 0 1
    outer loop
      vertex -60 31 3
      vertex -40.14805029709527 27.271638597533865 3
      vertex -39.77645713530756 27.397777478867198 3
    endloop
  endfacet
  facet normal 0 0 1
    outer loop
      vertex -60 31 3
      vertex -39.77645713530756 27.397777478867198 3
      vertex -39.39157857666015 27.474334584121436 3
    endloop
  endfacet
  facet normal 0 0 1
    outer loop
      vertex -60 31 3
      vertex -39.39157857666015 27.474334584121436 3
      vertex -39 27.5 3
    endloop
  endfacet
  facet normal 0 0 1
    outer loop
      vertex 18.223542864692437 -21.602222521132802 3
      vertex -50.31454373566452 18.221894526774093 3
      vertex -50.3 18 3
    endloop
  endfacet
  facet normal 0 0 1
    outer loop
      vertex 18.223542864692437 -21.602222521132802 3
      vertex -50.357926095308585 18.439992376674297 3
      vertex -50.31454373566452 18.221894526774093 3
    endloop
  endfacet
  facet normal 0 0 1
    outer loop
      vertex 18.223542864692437 -21.602222521132802 3
      vertex -50.429404794730814 18.650561835020653 3
      vertex -50.357926095308585 18.439992376674297 3
    endloop
  endfacet
  facet normal 0 0 1
    outer loop
      vertex 18.223542864692437 -21.602222521132802 3
      vertex -50.527756813566455 18.849999999999994 3
      vertex -50.429404794730814 18.650561835020653 3
    endloop
  endfacet
  facet normal 0 0 1
    outer loop
      vertex 18.223542864692437 -21.602222521132802 3
      vertex -50.6512993215049 19.034894429314818 3
      vertex -50.527756813566455 18.849999999999994 3
    endloop
  endfacet
  facet normal 0 0 1
    outer loop
      vertex -60 31 3
      vertex -50.6512993215049 19.034894429314818 3
      vertex 18.223542864692437 -21.602222521132802 3
    endloop
  endfacet
  facet normal 0 0 1
    outer loop
      vertex -60 31 3
      vertex 47 -31 3
      vertex -40.14805029709527 21.728361402466135 3
    endloop
  endfacet
  facet normal 0 0 1
    outer loop
      vertex -40.14805029709527 21.728361402466135 3
      vertex 47 -31 3
      vertex -39.77645713530756 21.602222521132802 3
    endloop
  endfacet
  facet normal 0 0 1
    outer loop
      vertex -39.77645713530756 21.602222521132802 3
      vertex 47 -31 3
      vertex -39.39157857666015 21.525665415878564 3
    endloop
  endfacet
  facet normal 0 0 1
    outer loop
      vertex -39.39157857666015 21.525665415878564 3
      vertex 47 -31 3
      vertex -39 21.5 3
    endloop
  endfacet
  facet normal 0 0 1
    outer loop
      vertex -39 21.5 3
      vertex 47 -31 3
      vertex -38.60842142333985 21.525665415878564 3
    endloop
  endfacet
  facet normal 0 0 1
    outer loop
      vertex -38.60842142333985 21.525665415878564 3
      vertex 47 -31 3
      vertex -38.22354286469244 21.602222521132802 3
    endloop
  endfacet
  facet normal 0 0 1
    outer loop
      vertex -38.22354286469244 21.602222521132802 3
      vertex 47 -31 3
      vertex -37.85194970290473 21.728361402466135 3
    endloop
  endfacet
  facet normal 0 0 1
    outer loop
      vertex -37.85194970290473 21.728361402466135 3
      vertex 47 -31 3
      vertex -37.5 21.901923788646684 3
    endloop
  endfacet
  facet normal 0 0 1
    outer loop
      vertex -37.5 21.901923788646684 3
      vertex 17.173715712973838 22.119939979126286 3
      vertex -37.17371571297384 22.119939979126286 3
    endloop
  endfacet
  facet normal 0 0 1
    outer loop
      vertex -37.17371571297384 22.119939979126286 3
      vertex 16.878679656440358 22.37867965644037 3
      vertex -36.878679656440355 22.37867965644037 3
    endloop
  endfacet
  facet normal 0 0 1
    outer loop
      vertex -36.878679656440355 22.37867965644037 3
      vertex 16.619939979126293 22.67371571297383 3
      vertex -36.61993997912629 22.67371571297383 3
    endloop
  endfacet
  facet normal 0 0 1
    outer loop
      vertex -36.61993997912629 22.67371571297383 3
      vertex 16.401923788646684 23 3
      vertex -36.401923788646684 23 3
    endloop
  endfacet
  facet normal 0 0 1
    outer loop
      vertex -36.401923788646684 23 3
      vertex 16.228361402466142 23.351949702904733 3
      vertex -36.22836140246614 23.351949702904733 3
    endloop
  endfacet
  facet normal 0 0 1
    outer loop
      vertex -36.22836140246614 23.351949702904733 3
      vertex 16.102222521132795 23.723542864692433 3
      vertex -36.102222521132795 23.723542864692433 3
    endloop
  endfacet
  facet normal 0 0 1
    outer loop
      vertex -36.102222521132795 23.723542864692433 3
      vertex 16.02566541587857 24.10842142333985 3
      vertex -36.02566541587857 24.10842142333985 3
    endloop
  endfacet
  facet normal 0 0 1
    outer loop
      vertex -36.02566541587857 24.10842142333985 3
      vertex 16 24.5 3
      vertex -36 24.5 3
    endloop
  endfacet
  facet normal 0 0 1
    outer loop
      vertex -36 24.5 3
      vertex 16.02566541587857 24.89157857666015 3
      vertex -36.02566541587857 24.89157857666015 3
    endloop
  endfacet
  facet normal 0 0 1
    outer loop
      vertex -36.02566541587857 24.89157857666015 3
      vertex 16.102222521132795 25.276457135307567 3
      vertex -36.102222521132795 25.276457135307567 3
    endloop
  endfacet
  facet normal 0 0 1
    outer loop
      vertex -36.22836140246614 25.648050297095267 3
      vertex -36.102222521132795 25.276457135307567 3
      vertex 16.228361402466142 25.648050297095267 3
    endloop
  endfacet
  facet normal 0 0 1
    outer loop
      vertex -36.22836140246614 25.648050297095267 3
      vertex 16.401923788646684 26 3
      vertex -36.401923788646684 26 3
    endloop
  endfacet
  facet normal 0 0 1
    outer loop
      vertex -37.5 27.098076211353316 3
      vertex -37.17371571297384 26.880060020873714 3
      vertex 17.5 27.098076211353316 3
    endloop
  endfacet
  facet normal 0 0 1
    outer loop
      vertex -36.61993997912629 26.32628428702617 3
      vertex -36.401923788646684 26 3
      vertex 16.619939979126293 26.32628428702617 3
    endloop
  endfacet
  facet normal 0 0 1
    outer loop
      vertex -36.61993997912629 26.32628428702617 3
      vertex 16.878679656440358 26.62132034355963 3
      vertex -36.878679656440355 26.62132034355963 3
    endloop
  endfacet
  facet normal 0 0 1
    outer loop
      vertex -36.878679656440355 26.62132034355963 3
      vertex 17.173715712973838 26.880060020873714 3
      vertex -37.17371571297384 26.880060020873714 3
    endloop
  endfacet
  facet normal 0 0 1
    outer loop
      vertex -37.85194970290473 27.271638597533865 3
      vertex 18.223542864692437 27.397777478867198 3
      vertex -38.22354286469244 27.397777478867198 3
    endloop
  endfacet
  facet normal 0 0 1
    outer loop
      vertex -37.5 27.098076211353316 3
      vertex 17.85194970290473 27.271638597533865 3
      vertex -37.85194970290473 27.271638597533865 3
    endloop
  endfacet
  facet normal 0 0 1
    outer loop
      vertex -60 31 3
      vertex -39 27.5 3
      vertex 47 31 3
    endloop
  endfacet
  facet normal 0 0 1
    outer loop
      vertex -39 27.5 3
      vertex -38.60842142333985 27.474334584121436 3
      vertex 47 31 3
    endloop
  endfacet
  facet normal 0 0 1
    outer loop
      vertex -38.60842142333985 27.474334584121436 3
      vertex -38.22354286469244 27.397777478867198 3
      vertex 47 31 3
    endloop
  endfacet
  facet normal 0 -1 0
    outer loop
      vertex -60 -31 0
      vertex 47 -31 0
      vertex 47 -31 3
    endloop
  endfacet
  facet normal 0 0 -1
    outer loop
      vertex 47 -31 0
      vertex -50.254622651359284 -25.33927514381918 0
      vertex 41.09474411167424 22.900000000000006 0
    endloop
  endfacet
  facet normal 1 0 0
    outer loop
      vertex 47 -31 0
      vertex 47 31 0
      vertex 47 -31 3
    endloop
  endfacet
  facet normal 0 0 1
    outer loop
      vertex -38.22354286469244 -27.397777478867198 3
      vertex 18.223542864692437 -27.397777478867198 3
      vertex 17.85194970290473 -27.271638597533865 3
    endloop
  endfacet
  facet normal 0 0 1
    outer loop
      vertex -37.85194970290473 -27.271638597533865 3
      vertex 17.85194970290473 -27.271638597533865 3
      vertex 17.5 -27.098076211353316 3
    endloop
  endfacet
  facet normal 0 0 1
    outer loop
      vertex -38.22354286469244 -27.397777478867198 3
      vertex 18.608421423339845 -27.474334584121436 3
      vertex 18.223542864692437 -27.397777478867198 3
    endloop
  endfacet
  facet normal 0 0 1
    outer loop
      vertex -37.5 -27.098076211353316 3
      vertex 17.5 -27.098076211353316 3
      vertex 17.173715712973838 -26.8800600208737 3
    endloop
  endfacet
  facet normal 0 0 1
    outer loop
      vertex -37.17371571297384 -26.8800600208737 3
      vertex 17.173715712973838 -26.8800600208737 3
      vertex 16.878679656440358 -26.621320343559645 3
    endloop
  endfacet
  facet normal 0 0 1
    outer loop
      vertex -36.878679656440355 -26.621320343559645 3
      vertex 16.878679656440358 -26.621320343559645 3
      vertex 16.619939979126293 -26.326284287026155 3
    endloop
  endfacet
  facet normal 0 0 1
    outer loop
      vertex -36.61993997912629 -26.326284287026155 3
      vertex 16.619939979126293 -26.326284287026155 3
      vertex 16.401923788646684 -26 3
    endloop
  endfacet
  facet normal 0 0 1
    outer loop
      vertex -36.401923788646684 -26 3
      vertex 16.401923788646684 -26 3
      vertex 16.228361402466142 -25.648050297095267 3
    endloop
  endfacet
  facet normal 0 0 1
    outer loop
      vertex -36.22836140246614 -25.648050297095267 3
      vertex 16.228361402466142 -25.648050297095267 3
      vertex 16.102222521132795 -25.276457135307567 3
    endloop
  endfacet
  facet normal 0 0 1
    outer loop
      vertex -36.102222521132795 -25.276457135307567 3
      vertex 16.102222521132795 -25.276457135307567 3
      vertex 16.02566541587857 -24.89157857666015 3
    endloop
  endfacet
  facet normal 0 0 1
    outer loop
      vertex -36.02566541587857 -24.89157857666015 3
      vertex 16.02566541587857 -24.89157857666015 3
      vertex 16 -24.5 3
    endloop
  endfacet
  facet normal 0 0 1
    outer loop
      vertex -36 -24.5 3
      vertex 16 -24.5 3
      vertex 16.02566541587857 -24.10842142333985 3
    endloop
  endfacet
  facet normal 0 0 1
    outer loop
      vertex -36.02566541587857 -24.10842142333985 3
      vertex 16.02566541587857 -24.10842142333985 3
      vertex 16.102222521132795 -23.723542864692433 3
    endloop
  endfacet
  facet normal 0 0 1
    outer loop
      vertex -36.102222521132795 -23.723542864692433 3
      vertex 16.102222521132795 -23.723542864692433 3
      vertex 16.228361402466142 -23.351949702904733 3
    endloop
  endfacet
  facet normal 0 0 1
    outer loop
      vertex -36.22836140246614 -23.351949702904733 3
      vertex 16.228361402466142 -23.351949702904733 3
      vertex 16.401923788646684 -23 3
    endloop
  endfacet
  facet normal 0 0 1
    outer loop
      vertex -36.401923788646684 -23 3
      vertex 16.401923788646684 -23 3
      vertex 16.619939979126293 -22.673715712973845 3
    endloop
  endfacet
  facet normal 0 0 1
    outer loop
      vertex -36.61993997912629 -22.673715712973845 3
      vertex 16.619939979126293 -22.673715712973845 3
      vertex 16.878679656440358 -22.378679656440355 3
    endloop
  endfacet
  facet normal 0 0 1
    outer loop
      vertex -36.878679656440355 -22.378679656440355 3
      vertex 16.878679656440358 -22.378679656440355 3
      vertex 17.173715712973838 -22.1199399791263 3
    endloop
  endfacet
  facet normal 0 0 1
    outer loop
      vertex -37.17371571297384 -22.1199399791263 3
      vertex 17.173715712973838 -22.1199399791263 3
      vertex 17.5 -21.901923788646684 3
    endloop
  endfacet
  facet normal 0 0 1
    outer loop
      vertex -37.5 -21.901923788646684 3
      vertex 17.5 -21.901923788646684 3
      vertex 17.85194970290473 -21.728361402466135 3
    endloop
  endfacet
  facet normal 0 0 1
    outer loop
      vertex -37.85194970290473 -21.728361402466135 3
      vertex 17.85194970290473 -21.728361402466135 3
      vertex 18.223542864692437 -21.602222521132802 3
    endloop
  endfacet
  facet normal 0 0 1
    outer loop
      vertex -38.22354286469244 -27.397777478867198 3
      vertex 47 -31 3
      vertex 18.608421423339845 -27.474334584121436 3
    endloop
  endfacet
  facet normal 0 0 1
    outer loop
      vertex -60 31 3
      vertex 20.14805029709527 -21.728361402466135 3
      vertex 20.5 -21.901923788646684 3
    endloop
  endfacet
  facet normal 0 0 1
    outer loop
      vertex -60 31 3
      vertex 20.5 -21.901923788646684 3
      vertex 47 -31 3
    endloop
  endfacet
  facet normal 0 0 1
    outer loop
      vertex 18.608421423339845 -27.474334584121436 3
      vertex 47 -31 3
      vertex 19 -27.5 3
    endloop
  endfacet
  facet normal 0 0 1
    outer loop
      vertex 19 -27.5 3
      vertex 47 -31 3
      vertex 19.391578576660155 -27.474334584121436 3
    endloop
  endfacet
  facet normal 0 0 1
    outer loop
      vertex 19.391578576660155 -27.474334584121436 3
      vertex 47 -31 3
      vertex 19.776457135307563 -27.397777478867198 3
    endloop
  endfacet
  facet normal 0 0 1
    outer loop
      vertex 19.776457135307563 -27.397777478867198 3
      vertex 47 -31 3
      vertex 20.14805029709527 -27.271638597533865 3
    endloop
  endfacet
  facet normal 0 0 1
    outer loop
      vertex 20.14805029709527 -27.271638597533865 3
      vertex 47 -31 3
      vertex 20.5 -27.098076211353316 3
    endloop
  endfacet
  facet normal 0 0 1
    outer loop
      vertex 20.5 -27.098076211353316 3
      vertex 47 -31 3
      vertex 20.826284287026162 -26.8800600208737 3
    endloop
  endfacet
  facet normal 0 0 1
    outer loop
      vertex 20.826284287026162 -26.8800600208737 3
      vertex 47 -31 3
      vertex 21.121320343559642 -26.621320343559645 3
    endloop
  endfacet
  facet normal 0 0 1
    outer loop
      vertex 21.121320343559642 -26.621320343559645 3
      vertex 47 -31 3
      vertex 21.380060020873707 -26.326284287026155 3
    endloop
  endfacet
  facet normal 0 0 1
    outer loop
      vertex 21.380060020873707 -26.326284287026155 3
      vertex 47 -31 3
      vertex 21.598076211353316 -26 3
    endloop
  endfacet
  facet normal 0 0 1
    outer loop
      vertex 21.598076211353316 -26 3
      vertex 47 -31 3
      vertex 21.771638597533858 -25.648050297095267 3
    endloop
  endfacet
  facet normal 0 0 1
    outer loop
      vertex 21.771638597533858 -25.648050297095267 3
      vertex 47 -31 3
      vertex 21.897777478867205 -25.276457135307567 3
    endloop
  endfacet
  facet normal 0 0 1
    outer loop
      vertex 21.897777478867205 -23.723542864692433 3
      vertex 47 -31 3
      vertex 21.771638597533858 -23.351949702904733 3
    endloop
  endfacet
  facet normal 0 0 1
    outer loop
      vertex 21.771638597533858 -23.351949702904733 3
      vertex 47 -31 3
      vertex 21.598076211353316 -23 3
    endloop
  endfacet
  facet normal 0 0 1
    outer loop
      vertex 21.380060020873707 -22.673715712973845 3
      vertex 47 -31 3
      vertex 21.121320343559642 -22.378679656440355 3
    endloop
  endfacet
  facet normal 0 0 1
    outer loop
      vertex 21.598076211353316 -23 3
      vertex 47 -31 3
      vertex 21.380060020873707 -22.673715712973845 3
    endloop
  endfacet
  facet normal 0 0 1
    outer loop
      vertex 20.5 -21.901923788646684 3
      vertex 20.826284287026162 -22.1199399791263 3
      vertex 47 -31 3
    endloop
  endfacet
  facet normal 0 0 1
    outer loop
      vertex 21.121320343559642 -22.378679656440355 3
      vertex 47 -31 3
      vertex 20.826284287026162 -22.1199399791263 3
    endloop
  endfacet
  facet normal 0 0 1
    outer loop
      vertex 21.897777478867205 -25.276457135307567 3
      vertex 47 -31 3
      vertex 21.97433458412143 -24.89157857666015 3
    endloop
  endfacet
  facet normal 0 0 1
    outer loop
      vertex 21.97433458412143 -24.89157857666015 3
      vertex 47 -31 3
      vertex 22 -24.5 3
    endloop
  endfacet
  facet normal 0 0 1
    outer loop
      vertex 22 -24.5 3
      vertex 47 -31 3
      vertex 21.97433458412143 -24.10842142333985 3
    endloop
  endfacet
  facet normal 0 0 1
    outer loop
      vertex 21.897777478867205 -23.723542864692433 3
      vertex 21.97433458412143 -24.10842142333985 3
      vertex 47 -31 3
    endloop
  endfacet
  facet normal 0 0 -1
    outer loop
      vertex -50.254622651359284 -25.33927514381918 0
      vertex 40.96746502847517 23.15809644879681 0
      vertex 41.09474411167424 22.900000000000006 0
    endloop
  endfacet
  facet normal 0 0 -1
    outer loop
      vertex -50.254622651359284 -25.33927514381918 0
      vertex 40.87496318216405 23.43059810077446 0
      vertex 40.96746502847517 23.15809644879681 0
    endloop
  endfacet
  facet normal 0 0 -1
    outer loop
      vertex -50.254622651359284 -25.33927514381918 0
      vertex 40.81882130497762 23.71284237711589 0
      vertex 40.87496318216405 23.43059810077446 0
    endloop
  endfacet
  facet normal 0 0 -1
    outer loop
      vertex -50.254622651359284 -25.33927514381918 0
      vertex 40.8 24 0
      vertex 40.81882130497762 23.71284237711589 0
    endloop
  endfacet
  facet normal 0 0 -1
    outer loop
      vertex -50.254622651359284 -25.33927514381918 0
      vertex 40.81882130497762 24.28715762288411 0
      vertex 40.8 24 0
    endloop
  endfacet
  facet normal 0 0 -1
    outer loop
      vertex -50.254622651359284 -25.33927514381918 0
      vertex 40.87496318216405 24.56940189922554 0
      vertex 40.81882130497762 24.28715762288411 0
    endloop
  endfacet
  facet normal 0 0 -1
    outer loop
      vertex -50.254622651359284 -25.33927514381918 0
      vertex 40.96746502847517 24.84190355120319 0
      vertex 40.87496318216405 24.56940189922554 0
    endloop
  endfacet
  facet normal 0 0 -1
    outer loop
      vertex -50.254622651359284 -25.33927514381918 0
      vertex 41.09474411167424 25.099999999999994 0
      vertex 40.96746502847517 24.84190355120319 0
    endloop
  endfacet
  facet normal 0 0 -1
    outer loop
      vertex -50.254622651359284 -25.33927514381918 0
      vertex 41.254622651359284 25.33927514381918 0
      vertex 41.09474411167424 25.099999999999994 0
    endloop
  endfacet
  facet normal 0 0 -1
    outer loop
      vertex -50.254622651359284 -25.33927514381918 0
      vertex 41.4443650813896 25.555634918610394 0
      vertex 41.254622651359284 25.33927514381918 0
    endloop
  endfacet
  facet normal 0 0 -1
    outer loop
      vertex 47 31 0
      vertex 41.4443650813896 25.555634918610394 0
      vertex -50.254622651359284 -25.33927514381918 0
    endloop
  endfacet
  facet normal 0 1 0
    outer loop
      vertex -60 31 3
      vertex 47 31 3
      vertex 47 31 0
    endloop
  endfacet
  facet normal 0 0 -1
    outer loop
      vertex 47 -31 0
      vertex 41.254622651359284 22.66072485618082 0
      vertex 41.4443650813896 22.444365081389606 0
    endloop
  endfacet
  facet normal 0 0 -1
    outer loop
      vertex 47 -31 0
      vertex 41.4443650813896 22.444365081389606 0
      vertex 41.66072485618081 22.254622651359284 0
    endloop
  endfacet
  facet normal 0 0 -1
    outer loop
      vertex 47 -31 0
      vertex 41.66072485618081 22.254622651359284 0
      vertex 41.9 22.09474411167423 0
    endloop
  endfacet
  facet normal 0 0 -1
    outer loop
      vertex 47 -31 0
      vertex 41.09474411167424 22.900000000000006 0
      vertex 41.254622651359284 22.66072485618082 0
    endloop
  endfacet
  facet normal 0 0 -1
    outer loop
      vertex 47 -31 0
      vertex 41.9 22.09474411167423 0
      vertex 42.158096448796805 21.967465028475175 0
    endloop
  endfacet
  facet normal 0 0 -1
    outer loop
      vertex 47 -31 0
      vertex 42.158096448796805 21.967465028475175 0
      vertex 42.43059810077445 21.874963182164038 0
    endloop
  endfacet
  facet normal 0 0 -1
    outer loop
      vertex 47 -31 0
      vertex 42.43059810077445 21.874963182164038 0
      vertex 42.712842377115884 21.818821304977604 0
    endloop
  endfacet
  facet normal 0 0 -1
    outer loop
      vertex 47 -31 0
      vertex 42.712842377115884 21.818821304977604 0
      vertex 43 21.80000000000001 0
    endloop
  endfacet
  facet normal 0 0 -1
    outer loop
      vertex 47 -31 0
      vertex 43 21.80000000000001 0
      vertex 43.287157622884116 21.818821304977604 0
    endloop
  endfacet
  facet normal 0 0 -1
    outer loop
      vertex 47 -31 0
      vertex 43.287157622884116 21.818821304977604 0
      vertex 43.56940189922555 21.874963182164038 0
    endloop
  endfacet
  facet normal 0 0 -1
    outer loop
      vertex 47 -31 0
      vertex 43.56940189922555 21.874963182164038 0
      vertex 43.841903551203195 21.967465028475175 0
    endloop
  endfacet
  facet normal 0 0 -1
    outer loop
      vertex 47 -31 0
      vertex 43.841903551203195 21.967465028475175 0
      vertex 44.1 22.09474411167423 0
    endloop
  endfacet
  facet normal 0 0 -1
    outer loop
      vertex 47 -31 0
      vertex 44.1 22.09474411167423 0
      vertex 44.33927514381919 22.254622651359284 0
    endloop
  endfacet
  facet normal 0 0 -1
    outer loop
      vertex 47 -31 0
      vertex 44.33927514381919 22.254622651359284 0
      vertex 44.5556349186104 22.444365081389606 0
    endloop
  endfacet
  facet normal 0 0 -1
    outer loop
      vertex 47 -31 0
      vertex 44.5556349186104 22.444365081389606 0
      vertex 44.745377348640716 22.66072485618082 0
    endloop
  endfacet
  facet normal 0 0 -1
    outer loop
      vertex 47 -31 0
      vertex 44.745377348640716 22.66072485618082 0
      vertex 44.90525588832576 22.900000000000006 0
    endloop
  endfacet
  facet normal 0 0 -1
    outer loop
      vertex 47 -31 0
      vertex 44.90525588832576 22.900000000000006 0
      vertex 45.03253497152483 23.15809644879681 0
    endloop
  endfacet
  facet normal 0 0 -1
    outer loop
      vertex 47 -31 0
      vertex 45.03253497152483 23.15809644879681 0
      vertex 45.12503681783595 23.43059810077446 0
    endloop
  endfacet
  facet normal 0 0 -1
    outer loop
      vertex 47 -31 0
      vertex 45.12503681783595 23.43059810077446 0
      vertex 47 31 0
    endloop
  endfacet
  facet normal 1 0 0
    outer loop
      vertex 47 -31 3
      vertex 47 31 0
      vertex 47 31 3
    endloop
  endfacet
  facet normal 0 0 -1
    outer loop
      vertex 47 31 0
      vertex 45.12503681783595 23.43059810077446 0
      vertex 45.18117869502238 23.71284237711589 0
    endloop
  endfacet
  facet normal 0 0 -1
    outer loop
      vertex 47 31 0
      vertex 45.18117869502238 23.71284237711589 0
      vertex 45.2 24 0
    endloop
  endfacet
  facet normal 0 0 -1
    outer loop
      vertex 47 31 0
      vertex 45.2 24 0
      vertex 45.18117869502238 24.28715762288411 0
    endloop
  endfacet
  facet normal 0 0 -1
    outer loop
      vertex 47 31 0
      vertex 45.18117869502238 24.28715762288411 0
      vertex 45.12503681783595 24.56940189922554 0
    endloop
  endfacet
  facet normal 0 0 -1
    outer loop
      vertex 47 31 0
      vertex 45.12503681783595 24.56940189922554 0
      vertex 45.03253497152483 24.84190355120319 0
    endloop
  endfacet
  facet normal 0 0 -1
    outer loop
      vertex 47 31 0
      vertex 45.03253497152483 24.84190355120319 0
      vertex 44.90525588832576 25.099999999999994 0
    endloop
  endfacet
  facet normal 0 0 -1
    outer loop
      vertex 47 31 0
      vertex 41.66072485618081 25.745377348640716 0
      vertex 41.4443650813896 25.555634918610394 0
    endloop
  endfacet
  facet normal 0 0 -1
    outer loop
      vertex 47 31 0
      vertex 41.9 25.90525588832577 0
      vertex 41.66072485618081 25.745377348640716 0
    endloop
  endfacet
  facet normal 0 0 -1
    outer loop
      vertex 47 31 0
      vertex 42.158096448796805 26.032534971524825 0
      vertex 41.9 25.90525588832577 0
    endloop
  endfacet
  facet normal 0 0 -1
    outer loop
      vertex 47 31 0
      vertex 42.43059810077445 26.125036817835962 0
      vertex 42.158096448796805 26.032534971524825 0
    endloop
  endfacet
  facet normal 0 0 -1
    outer loop
      vertex 47 31 0
      vertex 42.712842377115884 26.181178695022396 0
      vertex 42.43059810077445 26.125036817835962 0
    endloop
  endfacet
  facet normal 0 0 -1
    outer loop
      vertex 47 31 0
      vertex 43 26.19999999999999 0
      vertex 42.712842377115884 26.181178695022396 0
    endloop
  endfacet
  facet normal 0 0 -1
    outer loop
      vertex 47 31 0
      vertex 43.287157622884116 26.181178695022396 0
      vertex 43 26.19999999999999 0
    endloop
  endfacet
  facet normal 0 0 -1
    outer loop
      vertex 47 31 0
      vertex 44.5556349186104 25.555634918610394 0
      vertex 44.33927514381919 25.745377348640716 0
    endloop
  endfacet
  facet normal 0 0 -1
    outer loop
      vertex 47 31 0
      vertex 44.33927514381919 25.745377348640716 0
      vertex 44.1 25.90525588832577 0
    endloop
  endfacet
  facet normal 0 0 -1
    outer loop
      vertex 47 31 0
      vertex 43.56940189922555 26.125036817835962 0
      vertex 43.287157622884116 26.181178695022396 0
    endloop
  endfacet
  facet normal 0 0 -1
    outer loop
      vertex 47 31 0
      vertex 43.841903551203195 26.032534971524825 0
      vertex 43.56940189922555 26.125036817835962 0
    endloop
  endfacet
  facet normal 0 0 -1
    outer loop
      vertex 47 31 0
      vertex 44.1 25.90525588832577 0
      vertex 43.841903551203195 26.032534971524825 0
    endloop
  endfacet
  facet normal 0 0 -1
    outer loop
      vertex 47 31 0
      vertex 44.745377348640716 25.33927514381918 0
      vertex 44.5556349186104 25.555634918610394 0
    endloop
  endfacet
  facet normal 0 0 -1
    outer loop
      vertex 47 31 0
      vertex 44.90525588832576 25.099999999999994 0
      vertex 44.745377348640716 25.33927514381918 0
    endloop
  endfacet
  facet normal 0 0 1
    outer loop
      vertex -37.5 21.901923788646684 3
      vertex 47 -31 3
      vertex 17.5 21.901923788646684 3
    endloop
  endfacet
  facet normal 0 0 1
    outer loop
      vertex -37.5 21.901923788646684 3
      vertex 17.5 21.901923788646684 3
      vertex 17.173715712973838 22.119939979126286 3
    endloop
  endfacet
  facet normal 0 0 1
    outer loop
      vertex -37.17371571297384 22.119939979126286 3
      vertex 17.173715712973838 22.119939979126286 3
      vertex 16.878679656440358 22.37867965644037 3
    endloop
  endfacet
  facet normal 0 0 1
    outer loop
      vertex -36.878679656440355 22.37867965644037 3
      vertex 16.878679656440358 22.37867965644037 3
      vertex 16.619939979126293 22.67371571297383 3
    endloop
  endfacet
  facet normal 0 0 1
    outer loop
      vertex -36.61993997912629 22.67371571297383 3
      vertex 16.619939979126293 22.67371571297383 3
      vertex 16.401923788646684 23 3
    endloop
  endfacet
  facet normal 0 0 1
    outer loop
      vertex -36.401923788646684 23 3
      vertex 16.401923788646684 23 3
      vertex 16.228361402466142 23.351949702904733 3
    endloop
  endfacet
  facet normal 0 0 1
    outer loop
      vertex -36.22836140246614 23.351949702904733 3
      vertex 16.228361402466142 23.351949702904733 3
      vertex 16.102222521132795 23.723542864692433 3
    endloop
  endfacet
  facet normal 0 0 1
    outer loop
      vertex -36.102222521132795 23.723542864692433 3
      vertex 16.102222521132795 23.723542864692433 3
      vertex 16.02566541587857 24.10842142333985 3
    endloop
  endfacet
  facet normal 0 0 1
    outer loop
      vertex -36.02566541587857 24.10842142333985 3
      vertex 16.02566541587857 24.10842142333985 3
      vertex 16 24.5 3
    endloop
  endfacet
  facet normal 0 0 1
    outer loop
      vertex -36 24.5 3
      vertex 16 24.5 3
      vertex 16.02566541587857 24.89157857666015 3
    endloop
  endfacet
  facet normal 0 0 1
    outer loop
      vertex -36.02566541587857 24.89157857666015 3
      vertex 16.02566541587857 24.89157857666015 3
      vertex 16.102222521132795 25.276457135307567 3
    endloop
  endfacet
  facet normal 0 0 1
    outer loop
      vertex -36.102222521132795 25.276457135307567 3
      vertex 16.102222521132795 25.276457135307567 3
      vertex 16.228361402466142 25.648050297095267 3
    endloop
  endfacet
  facet normal 0 0 1
    outer loop
      vertex -36.22836140246614 25.648050297095267 3
      vertex 16.228361402466142 25.648050297095267 3
      vertex 16.401923788646684 26 3
    endloop
  endfacet
  facet normal 0 0 1
    outer loop
      vertex -36.401923788646684 26 3
      vertex 16.401923788646684 26 3
      vertex 16.619939979126293 26.32628428702617 3
    endloop
  endfacet
  facet normal 0 0 1
    outer loop
      vertex -36.61993997912629 26.32628428702617 3
      vertex 16.619939979126293 26.32628428702617 3
      vertex 16.878679656440358 26.62132034355963 3
    endloop
  endfacet
  facet normal 0 0 1
    outer loop
      vertex -36.878679656440355 26.62132034355963 3
      vertex 16.878679656440358 26.62132034355963 3
      vertex 17.173715712973838 26.880060020873714 3
    endloop
  endfacet
  facet normal 0 0 1
    outer loop
      vertex -37.17371571297384 26.880060020873714 3
      vertex 17.173715712973838 26.880060020873714 3
      vertex 17.5 27.098076211353316 3
    endloop
  endfacet
  facet normal 0 0 1
    outer loop
      vertex -37.5 27.098076211353316 3
      vertex 17.5 27.098076211353316 3
      vertex 17.85194970290473 27.271638597533865 3
    endloop
  endfacet
  facet normal 0 0 1
    outer loop
      vertex -37.85194970290473 27.271638597533865 3
      vertex 17.85194970290473 27.271638597533865 3
      vertex 18.223542864692437 27.397777478867198 3
    endloop
  endfacet
  facet normal 0 0 1
    outer loop
      vertex -38.22354286469244 27.397777478867198 3
      vertex 18.223542864692437 27.397777478867198 3
      vertex 18.608421423339845 27.474334584121436 3
    endloop
  endfacet
  facet normal 0 0 1
    outer loop
      vertex -38.22354286469244 27.397777478867198 3
      vertex 18.608421423339845 27.474334584121436 3
      vertex 47 31 3
    endloop
  endfacet
  facet normal 0 0 1
    outer loop
      vertex 47 -31 3
      vertex 18.223542864692437 21.602222521132802 3
      vertex 17.85194970290473 21.728361402466135 3
    endloop
  endfacet
  facet normal 0 0 1
    outer loop
      vertex 47 -31 3
      vertex 17.85194970290473 21.728361402466135 3
      vertex 17.5 21.901923788646684 3
    endloop
  endfacet
  facet normal 0 0 1
    outer loop
      vertex 47 -31 3
      vertex 18.608421423339845 21.525665415878564 3
      vertex 18.223542864692437 21.602222521132802 3
    endloop
  endfacet
  facet normal 0 0 1
    outer loop
      vertex 47 -31 3
      vertex 19 21.5 3
      vertex 18.608421423339845 21.525665415878564 3
    endloop
  endfacet
  facet normal 0 0 1
    outer loop
      vertex 47 -31 3
      vertex 19.391578576660155 21.525665415878564 3
      vertex 19 21.5 3
    endloop
  endfacet
  facet normal 0 0 1
    outer loop
      vertex 47 -31 3
      vertex 19.776457135307563 21.602222521132802 3
      vertex 19.391578576660155 21.525665415878564 3
    endloop
  endfacet
  facet normal 0 0 1
    outer loop
      vertex 47 -31 3
      vertex 20.14805029709527 21.728361402466135 3
      vertex 19.776457135307563 21.602222521132802 3
    endloop
  endfacet
  facet normal 0 0 1
    outer loop
      vertex 47 -31 3
      vertex 20.5 21.901923788646684 3
      vertex 20.14805029709527 21.728361402466135 3
    endloop
  endfacet
  facet normal 0 0 1
    outer loop
      vertex 47 -31 3
      vertex 20.826284287026162 22.119939979126286 3
      vertex 20.5 21.901923788646684 3
    endloop
  endfacet
  facet normal 0 0 1
    outer loop
      vertex 47 -31 3
      vertex 21.121320343559642 22.37867965644037 3
      vertex 20.826284287026162 22.119939979126286 3
    endloop
  endfacet
  facet normal 0 0 1
    outer loop
      vertex 47 -31 3
      vertex 21.380060020873707 22.67371571297383 3
      vertex 21.121320343559642 22.37867965644037 3
    endloop
  endfacet
  facet normal 0 0 1
    outer loop
      vertex 47 -31 3
      vertex 21.598076211353316 23 3
      vertex 21.380060020873707 22.67371571297383 3
    endloop
  endfacet
  facet normal 0 0 1
    outer loop
      vertex 47 -31 3
      vertex 21.771638597533858 23.351949702904733 3
      vertex 21.598076211353316 23 3
    endloop
  endfacet
  facet normal 0 0 1
    outer loop
      vertex 47 -31 3
      vertex 21.897777478867205 23.723542864692433 3
      vertex 21.771638597533858 23.351949702904733 3
    endloop
  endfacet
  facet normal 0 0 1
    outer loop
      vertex 47 -31 3
      vertex 21.97433458412143 24.10842142333985 3
      vertex 21.897777478867205 23.723542864692433 3
    endloop
  endfacet
  facet normal 0 0 1
    outer loop
      vertex 47 -31 3
      vertex 22 24.5 3
      vertex 21.97433458412143 24.10842142333985 3
    endloop
  endfacet
  facet normal 0 0 1
    outer loop
      vertex 47 -31 3
      vertex 42.43059810077445 21.874963182164038 3
      vertex 22 24.5 3
    endloop
  endfacet
  facet normal 0 0 1
    outer loop
      vertex 47 -31 3
      vertex 42.712842377115884 21.818821304977604 3
      vertex 42.43059810077445 21.874963182164038 3
    endloop
  endfacet
  facet normal 0 0 1
    outer loop
      vertex 47 -31 3
      vertex 43 21.80000000000001 3
      vertex 42.712842377115884 21.818821304977604 3
    endloop
  endfacet
  facet normal 0 0 1
    outer loop
      vertex 47 -31 3
      vertex 43.287157622884116 21.818821304977604 3
      vertex 43 21.80000000000001 3
    endloop
  endfacet
  facet normal 0 0 1
    outer loop
      vertex 47 -31 3
      vertex 43.56940189922555 21.874963182164038 3
      vertex 43.287157622884116 21.818821304977604 3
    endloop
  endfacet
  facet normal 0 0 1
    outer loop
      vertex 47 -31 3
      vertex 43.841903551203195 21.967465028475175 3
      vertex 43.56940189922555 21.874963182164038 3
    endloop
  endfacet
  facet normal 0 0 1
    outer loop
      vertex 47 -31 3
      vertex 44.1 22.09474411167423 3
      vertex 43.841903551203195 21.967465028475175 3
    endloop
  endfacet
  facet normal 0 0 1
    outer loop
      vertex 47 -31 3
      vertex 44.33927514381919 22.254622651359284 3
      vertex 44.1 22.09474411167423 3
    endloop
  endfacet
  facet normal 0 0 1
    outer loop
      vertex 47 -31 3
      vertex 44.5556349186104 22.444365081389606 3
      vertex 44.33927514381919 22.254622651359284 3
    endloop
  endfacet
  facet normal 0 0 1
    outer loop
      vertex 47 -31 3
      vertex 44.745377348640716 22.66072485618082 3
      vertex 44.5556349186104 22.444365081389606 3
    endloop
  endfacet
  facet normal 0 0 1
    outer loop
      vertex 47 -31 3
      vertex 44.90525588832576 22.900000000000006 3
      vertex 44.745377348640716 22.66072485618082 3
    endloop
  endfacet
  facet normal 0 0 1
    outer loop
      vertex 47 -31 3
      vertex 45.03253497152483 23.15809644879681 3
      vertex 44.90525588832576 22.900000000000006 3
    endloop
  endfacet
  facet normal 0 0 1
    outer loop
      vertex 47 -31 3
      vertex 45.12503681783595 23.43059810077446 3
      vertex 45.03253497152483 23.15809644879681 3
    endloop
  endfacet
  facet normal 0 0 1
    outer loop
      vertex 47 -31 3
      vertex 45.18117869502238 23.71284237711589 3
      vertex 45.12503681783595 23.43059810077446 3
    endloop
  endfacet
  facet normal 0 0 1
    outer loop
      vertex 47 -31 3
      vertex 45.2 24 3
      vertex 45.18117869502238 23.71284237711589 3
    endloop
  endfacet
  facet normal 0 0 1
    outer loop
      vertex 47 -31 3
      vertex 47 31 3
      vertex 45.2 24 3
    endloop
  endfacet
  facet normal 0 0 1
    outer loop
      vertex 22 24.5 3
      vertex 47 31 3
      vertex 21.97433458412143 24.89157857666015 3
    endloop
  endfacet
  facet normal 0 0 1
    outer loop
      vertex 21.97433458412143 24.89157857666015 3
      vertex 47 31 3
      vertex 21.897777478867205 25.276457135307567 3
    endloop
  endfacet
  facet normal 0 0 1
    outer loop
      vertex 18.608421423339845 27.474334584121436 3
      vertex 19 27.5 3
      vertex 47 31 3
    endloop
  endfacet
  facet normal 0 0 1
    outer loop
      vertex 19 27.5 3
      vertex 19.391578576660155 27.474334584121436 3
      vertex 47 31 3
    endloop
  endfacet
  facet normal 0 0 1
    outer loop
      vertex 21.897777478867205 25.276457135307567 3
      vertex 47 31 3
      vertex 21.771638597533858 25.648050297095267 3
    endloop
  endfacet
  facet normal 0 0 1
    outer loop
      vertex 21.771638597533858 25.648050297095267 3
      vertex 47 31 3
      vertex 21.598076211353316 26 3
    endloop
  endfacet
  facet normal 0 0 1
    outer loop
      vertex 21.380060020873707 26.32628428702617 3
      vertex 47 31 3
      vertex 21.121320343559642 26.62132034355963 3
    endloop
  endfacet
  facet normal 0 0 1
    outer loop
      vertex 21.598076211353316 26 3
      vertex 47 31 3
      vertex 21.380060020873707 26.32628428702617 3
    endloop
  endfacet
  facet normal 0 0 1
    outer loop
      vertex 19.776457135307563 27.397777478867198 3
      vertex 20.14805029709527 27.271638597533865 3
      vertex 47 31 3
    endloop
  endfacet
  facet normal 0 0 1
    outer loop
      vertex 20.5 27.098076211353316 3
      vertex 20.826284287026162 26.880060020873714 3
      vertex 47 31 3
    endloop
  endfacet
  facet normal 0 0 1
    outer loop
      vertex 20.14805029709527 27.271638597533865 3
      vertex 20.5 27.098076211353316 3
      vertex 47 31 3
    endloop
  endfacet
  facet normal 0 0 1
    outer loop
      vertex 19.391578576660155 27.474334584121436 3
      vertex 19.776457135307563 27.397777478867198 3
      vertex 47 31 3
    endloop
  endfacet
  facet normal 0 0 1
    outer loop
      vertex 20.826284287026162 26.880060020873714 3
      vertex 21.121320343559642 26.62132034355963 3
      vertex 47 31 3
    endloop
  endfacet
  facet normal 0 0 1
    outer loop
      vertex 22 24.5 3
      vertex 41.9 22.09474411167423 3
      vertex 41.66072485618081 22.254622651359284 3
    endloop
  endfacet
  facet normal 0 0 1
    outer loop
      vertex 22 24.5 3
      vertex 41.66072485618081 22.254622651359284 3
      vertex 41.4443650813896 22.444365081389606 3
    endloop
  endfacet
  facet normal 0 0 1
    outer loop
      vertex 22 24.5 3
      vertex 41.4443650813896 22.444365081389606 3
      vertex 41.254622651359284 22.66072485618082 3
    endloop
  endfacet
  facet normal 0 0 1
    outer loop
      vertex 22 24.5 3
      vertex 42.158096448796805 21.967465028475175 3
      vertex 41.9 22.09474411167423 3
    endloop
  endfacet
  facet normal 0 0 1
    outer loop
      vertex 22 24.5 3
      vertex 42.43059810077445 21.874963182164038 3
      vertex 42.158096448796805 21.967465028475175 3
    endloop
  endfacet
  facet normal 0 0 1
    outer loop
      vertex 22 24.5 3
      vertex 41.254622651359284 22.66072485618082 3
      vertex 41.09474411167424 22.900000000000006 3
    endloop
  endfacet
  facet normal 0 0 1
    outer loop
      vertex 22 24.5 3
      vertex 40.96746502847517 23.15809644879681 3
      vertex 40.87496318216405 23.43059810077446 3
    endloop
  endfacet
  facet normal 0 0 1
    outer loop
      vertex 22 24.5 3
      vertex 41.09474411167424 22.900000000000006 3
      vertex 40.96746502847517 23.15809644879681 3
    endloop
  endfacet
  facet normal 0 0 1
    outer loop
      vertex 22 24.5 3
      vertex 40.87496318216405 23.43059810077446 3
      vertex 40.81882130497762 23.71284237711589 3
    endloop
  endfacet
  facet normal 0 0 1
    outer loop
      vertex 22 24.5 3
      vertex 40.81882130497762 23.71284237711589 3
      vertex 40.8 24 3
    endloop
  endfacet
  facet normal 0 0 1
    outer loop
      vertex 22 24.5 3
      vertex 40.8 24 3
      vertex 40.81882130497762 24.28715762288411 3
    endloop
  endfacet
  facet normal 0 0 1
    outer loop
      vertex 22 24.5 3
      vertex 40.81882130497762 24.28715762288411 3
      vertex 40.87496318216405 24.56940189922554 3
    endloop
  endfacet
  facet normal 0 0 1
    outer loop
      vertex 22 24.5 3
      vertex 40.87496318216405 24.56940189922554 3
      vertex 40.96746502847517 24.84190355120319 3
    endloop
  endfacet
  facet normal 0 0 1
    outer loop
      vertex 22 24.5 3
      vertex 40.96746502847517 24.84190355120319 3
      vertex 41.09474411167424 25.099999999999994 3
    endloop
  endfacet
  facet normal 0 0 1
    outer loop
      vertex 22 24.5 3
      vertex 41.09474411167424 25.099999999999994 3
      vertex 41.254622651359284 25.33927514381918 3
    endloop
  endfacet
  facet normal 0 0 1
    outer loop
      vertex 22 24.5 3
      vertex 41.254622651359284 25.33927514381918 3
      vertex 41.4443650813896 25.555634918610394 3
    endloop
  endfacet
  facet normal 0 0 1
    outer loop
      vertex 22 24.5 3
      vertex 41.4443650813896 25.555634918610394 3
      vertex 47 31 3
    endloop
  endfacet
  facet normal 0 0 1
    outer loop
      vertex 47 31 3
      vertex 45.18117869502238 24.28715762288411 3
      vertex 45.2 24 3
    endloop
  endfacet
  facet normal 0 0 1
    outer loop
      vertex 47 31 3
      vertex 45.12503681783595 24.56940189922554 3
      vertex 45.18117869502238 24.28715762288411 3
    endloop
  endfacet
  facet normal 0 0 1
    outer loop
      vertex 47 31 3
      vertex 45.03253497152483 24.84190355120319 3
      vertex 45.12503681783595 24.56940189922554 3
    endloop
  endfacet
  facet normal 0 0 1
    outer loop
      vertex 47 31 3
      vertex 44.90525588832576 25.099999999999994 3
      vertex 45.03253497152483 24.84190355120319 3
    endloop
  endfacet
  facet normal 0 0 1
    outer loop
      vertex 47 31 3
      vertex 41.4443650813896 25.555634918610394 3
      vertex 41.66072485618081 25.745377348640716 3
    endloop
  endfacet
  facet normal 0 0 1
    outer loop
      vertex 47 31 3
      vertex 41.66072485618081 25.745377348640716 3
      vertex 41.9 25.90525588832577 3
    endloop
  endfacet
  facet normal 0 0 1
    outer loop
      vertex 47 31 3
      vertex 41.9 25.90525588832577 3
      vertex 42.158096448796805 26.032534971524825 3
    endloop
  endfacet
  facet normal 0 0 1
    outer loop
      vertex 47 31 3
      vertex 42.158096448796805 26.032534971524825 3
      vertex 42.43059810077445 26.125036817835962 3
    endloop
  endfacet
  facet normal 0 0 1
    outer loop
      vertex 47 31 3
      vertex 42.43059810077445 26.125036817835962 3
      vertex 42.712842377115884 26.181178695022396 3
    endloop
  endfacet
  facet normal 0 0 1
    outer loop
      vertex 47 31 3
      vertex 42.712842377115884 26.181178695022396 3
      vertex 43 26.19999999999999 3
    endloop
  endfacet
  facet normal 0 0 1
    outer loop
      vertex 47 31 3
      vertex 43 26.19999999999999 3
      vertex 43.287157622884116 26.181178695022396 3
    endloop
  endfacet
  facet normal 0 0 1
    outer loop
      vertex 47 31 3
      vertex 44.33927514381919 25.745377348640716 3
      vertex 44.5556349186104 25.555634918610394 3
    endloop
  endfacet
  facet normal 0 0 1
    outer loop
      vertex 47 31 3
      vertex 44.1 25.90525588832577 3
      vertex 44.33927514381919 25.745377348640716 3
    endloop
  endfacet
  facet normal 0 0 1
    outer loop
      vertex 47 31 3
      vertex 43.287157622884116 26.181178695022396 3
      vertex 43.56940189922555 26.125036817835962 3
    endloop
  endfacet
  facet normal 0 0 1
    outer loop
      vertex 47 31 3
      vertex 43.56940189922555 26.125036817835962 3
      vertex 43.841903551203195 26.032534971524825 3
    endloop
  endfacet
  facet normal 0 0 1
    outer loop
      vertex 47 31 3
      vertex 43.841903551203195 26.032534971524825 3
      vertex 44.1 25.90525588832577 3
    endloop
  endfacet
  facet normal 0 0 1
    outer loop
      vertex 47 31 3
      vertex 44.5556349186104 25.555634918610394 3
      vertex 44.745377348640716 25.33927514381918 3
    endloop
  endfacet
  facet normal 0 0 1
    outer loop
      vertex 47 31 3
      vertex 44.745377348640716 25.33927514381918 3
      vertex 44.90525588832576 25.099999999999994 3
    endloop
  endfacet
  facet normal 0.6593458151000652 0.7518398074789806 1.463373330758968e-19
    outer loop
      vertex -53.33927514381919 -25.745377348640716 0
      vertex -53.5556349186104 -25.55563491861041 0
      vertex -53.5556349186104 -25.55563491861041 3
    endloop
  endfacet
  facet normal 0.7518398074789899 0.6593458151000546 0
    outer loop
      vertex -53.745377348640716 -25.33927514381918 3
      vertex -53.5556349186104 -25.55563491861041 0
      vertex -53.745377348640716 -25.33927514381918 0
    endloop
  endfacet
  facet normal 0.9807852804032294 0.19509032201613385 0
    outer loop
      vertex -54.18117869502238 -24.28715762288411 3
      vertex -54.12503681783595 -24.56940189922554 0
      vertex -54.18117869502238 -24.28715762288411 0
    endloop
  endfacet
  facet normal 0.8314696123025477 0.5555702330195986 0
    outer loop
      vertex -53.90525588832576 -25.099999999999994 3
      vertex -53.745377348640716 -25.33927514381918 0
      vertex -53.90525588832576 -25.099999999999994 0
    endloop
  endfacet
  facet normal 0.8968727415326747 0.44228869021902883 0
    outer loop
      vertex -54.03253497152483 -24.841903551203202 3
      vertex -53.90525588832576 -25.099999999999994 0
      vertex -54.03253497152483 -24.841903551203202 0
    endloop
  endfacet
  facet normal 0.9469301294951135 0.32143946530313855 0
    outer loop
      vertex -54.12503681783595 -24.56940189922554 3
      vertex -54.03253497152483 -24.841903551203202 0
      vertex -54.12503681783595 -24.56940189922554 0
    endloop
  endfacet
  facet normal 0.9978589232386025 0.06540312923015722 0
    outer loop
      vertex -54.2 -24 3
      vertex -54.18117869502238 -24.28715762288411 0
      vertex -54.2 -24 0
    endloop
  endfacet
  facet normal 0.9978589232386025 -0.06540312923015722 0
    outer loop
      vertex -54.18117869502238 -23.71284237711589 3
      vertex -54.2 -24 0
      vertex -54.18117869502238 -23.71284237711589 0
    endloop
  endfacet
  facet normal 0.9807852804032294 -0.19509032201613385 0
    outer loop
      vertex -54.12503681783595 -23.43059810077446 3
      vertex -54.18117869502238 -23.71284237711589 0
      vertex -54.12503681783595 -23.43059810077446 0
    endloop
  endfacet
  facet normal 0.06540312923015562 0.9978589232386027 0
    outer loop
      vertex -52.287157622884116 -26.181178695022382 3
      vertex -52 -26.200000000000003 0
      vertex -52.287157622884116 -26.181178695022382 0
    endloop
  endfacet
  facet normal -0.06540312923015562 0.9978589232386027 0
    outer loop
      vertex -52 -26.200000000000003 3
      vertex -51.712842377115884 -26.181178695022382 0
      vertex -52 -26.200000000000003 0
    endloop
  endfacet
  facet normal 0.44228869021896955 0.896872741532704 0
    outer loop
      vertex -53.1 -25.90525588832577 3
      vertex -52.841903551203195 -26.032534971524825 0
      vertex -53.1 -25.90525588832577 0
    endloop
  endfacet
  facet normal 0.5555702330196156 0.8314696123025362 0
    outer loop
      vertex -53.33927514381919 -25.745377348640716 3
      vertex -53.1 -25.90525588832577 0
      vertex -53.33927514381919 -25.745377348640716 0
    endloop
  endfacet
  facet normal 0.32143946530317574 0.9469301294951009 0
    outer loop
      vertex -52.841903551203195 -26.032534971524825 3
      vertex -52.56940189922555 -26.125036817835948 0
      vertex -52.841903551203195 -26.032534971524825 0
    endloop
  endfacet
  facet normal 0.19509032201613385 0.9807852804032294 0
    outer loop
      vertex -52.56940189922555 -26.125036817835948 3
      vertex -52.287157622884116 -26.181178695022382 0
      vertex -52.56940189922555 -26.125036817835948 0
    endloop
  endfacet
  facet normal -0.19509032201613385 0.9807852804032294 -2.8501913729185843e-19
    outer loop
      vertex -51.43059810077445 -26.125036817835948 0
      vertex -51.712842377115884 -26.181178695022382 0
      vertex -51.712842377115884 -26.181178695022382 3
    endloop
  endfacet
  facet normal -0.32143946530317574 0.9469301294951009 0
    outer loop
      vertex -51.43059810077445 -26.125036817835948 3
      vertex -51.158096448796805 -26.032534971524825 0
      vertex -51.43059810077445 -26.125036817835948 0
    endloop
  endfacet
  facet normal -0.44228869021896955 0.896872741532704 0
    outer loop
      vertex -51.158096448796805 -26.032534971524825 3
      vertex -50.9 -25.90525588832577 0
      vertex -51.158096448796805 -26.032534971524825 0
    endloop
  endfacet
  facet normal -0.5555702330196156 0.8314696123025362 0
    outer loop
      vertex -50.9 -25.90525588832577 3
      vertex -50.66072485618081 -25.745377348640716 0
      vertex -50.9 -25.90525588832577 0
    endloop
  endfacet
  facet normal -0.6593458151000652 0.7518398074789806 0
    outer loop
      vertex -50.66072485618081 -25.745377348640716 3
      vertex -50.4443650813896 -25.55563491861041 0
      vertex -50.66072485618081 -25.745377348640716 0
    endloop
  endfacet
  facet normal -0.7518398074789899 0.6593458151000546 0
    outer loop
      vertex -50.4443650813896 -25.55563491861041 0
      vertex -50.4443650813896 -25.55563491861041 3
      vertex -50.254622651359284 -25.33927514381918 0
    endloop
  endfacet
  facet normal -0.8314696123025477 0.5555702330195986 0
    outer loop
      vertex -50.254622651359284 -25.33927514381918 3
      vertex -50.09474411167424 -25.099999999999994 0
      vertex -50.254622651359284 -25.33927514381918 0
    endloop
  endfacet
  facet normal -0.8968727415326747 0.44228869021902883 0
    outer loop
      vertex -50.09474411167424 -25.099999999999994 3
      vertex -49.96746502847517 -24.841903551203202 0
      vertex -50.09474411167424 -25.099999999999994 0
    endloop
  endfacet
  facet normal -0.9469301294951135 0.32143946530313855 0
    outer loop
      vertex -49.96746502847517 -24.841903551203202 3
      vertex -49.87496318216405 -24.56940189922554 0
      vertex -49.96746502847517 -24.841903551203202 0
    endloop
  endfacet
  facet normal -0.9807852804032294 0.19509032201613385 0
    outer loop
      vertex -49.87496318216405 -24.56940189922554 3
      vertex -49.81882130497762 -24.28715762288411 0
      vertex -49.87496318216405 -24.56940189922554 0
    endloop
  endfacet
  facet normal -0.9978589232386025 0.06540312923015722 0
    outer loop
      vertex -49.81882130497762 -24.28715762288411 3
      vertex -49.8 -24 0
      vertex -49.81882130497762 -24.28715762288411 0
    endloop
  endfacet
  facet normal -0.9978589232386025 -0.06540312923015722 0
    outer loop
      vertex -49.8 -24 3
      vertex -49.81882130497762 -23.71284237711589 0
      vertex -49.8 -24 0
    endloop
  endfacet
  facet normal -0.9807852804032294 -0.19509032201613385 0
    outer loop
      vertex -49.81882130497762 -23.71284237711589 3
      vertex -49.87496318216405 -23.43059810077446 0
      vertex -49.81882130497762 -23.71284237711589 0
    endloop
  endfacet
  facet normal -0.9469301294951135 -0.32143946530313855 0
    outer loop
      vertex -49.87496318216405 -23.43059810077446 3
      vertex -49.96746502847517 -23.158096448796798 0
      vertex -49.87496318216405 -23.43059810077446 0
    endloop
  endfacet
  facet normal 0.9469301294951135 -0.32143946530313855 0
    outer loop
      vertex -54.03253497152483 -23.158096448796798 3
      vertex -54.12503681783595 -23.43059810077446 0
      vertex -54.03253497152483 -23.158096448796798 0
    endloop
  endfacet
  facet normal 0.8968727415326747 -0.44228869021902883 0
    outer loop
      vertex -53.90525588832576 -22.900000000000006 3
      vertex -54.03253497152483 -23.158096448796798 0
      vertex -53.90525588832576 -22.900000000000006 0
    endloop
  endfacet
  facet normal 0.8314696123025477 -0.5555702330195986 0
    outer loop
      vertex -53.745377348640716 -22.66072485618082 3
      vertex -53.90525588832576 -22.900000000000006 0
      vertex -53.745377348640716 -22.66072485618082 0
    endloop
  endfacet
  facet normal 0.7518398074789899 -0.6593458151000546 0
    outer loop
      vertex -53.5556349186104 -22.44436508138959 3
      vertex -53.745377348640716 -22.66072485618082 0
      vertex -53.5556349186104 -22.44436508138959 0
    endloop
  endfacet
  facet normal 0.6593458151000652 -0.7518398074789806 0
    outer loop
      vertex -53.33927514381919 -22.254622651359284 3
      vertex -53.5556349186104 -22.44436508138959 0
      vertex -53.33927514381919 -22.254622651359284 0
    endloop
  endfacet
  facet normal 0.5555702330196156 -0.8314696123025362 0
    outer loop
      vertex -53.1 -22.09474411167423 3
      vertex -53.33927514381919 -22.254622651359284 0
      vertex -53.1 -22.09474411167423 0
    endloop
  endfacet
  facet normal 0.44228869021896955 -0.896872741532704 0
    outer loop
      vertex -52.841903551203195 -21.967465028475175 3
      vertex -53.1 -22.09474411167423 0
      vertex -52.841903551203195 -21.967465028475175 0
    endloop
  endfacet
  facet normal 0.32143946530317574 -0.9469301294951009 0
    outer loop
      vertex -52.56940189922555 -21.874963182164052 3
      vertex -52.841903551203195 -21.967465028475175 0
      vertex -52.56940189922555 -21.874963182164052 0
    endloop
  endfacet
  facet normal 0.19509032201613385 -0.9807852804032294 0
    outer loop
      vertex -52.287157622884116 -21.818821304977618 3
      vertex -52.56940189922555 -21.874963182164052 0
      vertex -52.287157622884116 -21.818821304977618 0
    endloop
  endfacet
  facet normal 0.06540312923015562 -0.9978589232386027 0
    outer loop
      vertex -52 -21.799999999999997 3
      vertex -52.287157622884116 -21.818821304977618 0
      vertex -52 -21.799999999999997 0
    endloop
  endfacet
  facet normal -0.06540312923015562 -0.9978589232386027 0
    outer loop
      vertex -51.712842377115884 -21.818821304977618 3
      vertex -52 -21.799999999999997 0
      vertex -51.712842377115884 -21.818821304977618 0
    endloop
  endfacet
  facet normal -0.8968727415326747 -0.44228869021902883 0
    outer loop
      vertex -49.96746502847517 -23.158096448796798 3
      vertex -50.09474411167424 -22.900000000000006 0
      vertex -49.96746502847517 -23.158096448796798 0
    endloop
  endfacet
  facet normal -0.8314696123025477 -0.5555702330195986 0
    outer loop
      vertex -50.09474411167424 -22.900000000000006 3
      vertex -50.254622651359284 -22.66072485618082 0
      vertex -50.09474411167424 -22.900000000000006 0
    endloop
  endfacet
  facet normal -0.6593458151000652 -0.7518398074789806 1.463373330758968e-19
    outer loop
      vertex -50.66072485618081 -22.254622651359284 0
      vertex -50.4443650813896 -22.44436508138959 0
      vertex -50.4443650813896 -22.44436508138959 3
    endloop
  endfacet
  facet normal -0.7518398074789899 -0.6593458151000546 0
    outer loop
      vertex -50.254622651359284 -22.66072485618082 3
      vertex -50.4443650813896 -22.44436508138959 0
      vertex -50.254622651359284 -22.66072485618082 0
    endloop
  endfacet
  facet normal -0.19509032201613385 -0.9807852804032294 0
    outer loop
      vertex -51.43059810077445 -21.874963182164052 3
      vertex -51.712842377115884 -21.818821304977618 0
      vertex -51.43059810077445 -21.874963182164052 0
    endloop
  endfacet
  facet normal -0.32143946530317574 -0.9469301294951009 0
    outer loop
      vertex -51.158096448796805 -21.967465028475175 3
      vertex -51.43059810077445 -21.874963182164052 0
      vertex -51.158096448796805 -21.967465028475175 0
    endloop
  endfacet
  facet normal -0.44228869021896955 -0.896872741532704 0
    outer loop
      vertex -50.9 -22.09474411167423 3
      vertex -51.158096448796805 -21.967465028475175 0
      vertex -50.9 -22.09474411167423 0
    endloop
  endfacet
  facet normal -0.5555702330196156 -0.8314696123025362 0
    outer loop
      vertex -50.66072485618081 -22.254622651359284 3
      vertex -50.9 -22.09474411167423 0
      vertex -50.66072485618081 -22.254622651359284 0
    endloop
  endfacet
  facet normal 0.6593458151000652 0.7518398074789806 0
    outer loop
      vertex -53.33927514381919 -25.745377348640716 3
      vertex -53.33927514381919 -25.745377348640716 0
      vertex -53.5556349186104 -25.55563491861041 3
    endloop
  endfacet
  facet normal 0.8314696123025477 0.5555702330195986 -8.690543373133102e-19
    outer loop
      vertex -53.90525588832576 -25.099999999999994 3
      vertex -53.745377348640716 -25.33927514381918 3
      vertex -53.745377348640716 -25.33927514381918 0
    endloop
  endfacet
  facet normal 0.7518398074789899 0.6593458151000546 -1.0183367759263666e-18
    outer loop
      vertex -53.745377348640716 -25.33927514381918 3
      vertex -53.5556349186104 -25.55563491861041 3
      vertex -53.5556349186104 -25.55563491861041 0
    endloop
  endfacet
  facet normal 0.8968727415326747 0.44228869021902883 1.1846362912450823e-18
    outer loop
      vertex -54.03253497152483 -24.841903551203202 3
      vertex -53.90525588832576 -25.099999999999994 3
      vertex -53.90525588832576 -25.099999999999994 0
    endloop
  endfacet
  facet normal 0.9469301294951135 0.32143946530313855 5.022622101419129e-19
    outer loop
      vertex -54.12503681783595 -24.56940189922554 3
      vertex -54.03253497152483 -24.841903551203202 3
      vertex -54.03253497152483 -24.841903551203202 0
    endloop
  endfacet
  facet normal 0.9807852804032294 0.19509032201613385 2.8501913729185843e-19
    outer loop
      vertex -54.18117869502238 -24.28715762288411 3
      vertex -54.12503681783595 -24.56940189922554 3
      vertex -54.12503681783595 -24.56940189922554 0
    endloop
  endfacet
  facet normal 0.9978589232386025 0.06540312923015722 -3.6307470096564094e-20
    outer loop
      vertex -54.2 -24 3
      vertex -54.18117869502238 -24.28715762288411 3
      vertex -54.18117869502238 -24.28715762288411 0
    endloop
  endfacet
  facet normal 0.9978589232386025 -0.06540312923015722 3.6307470096564094e-20
    outer loop
      vertex -54.18117869502238 -23.71284237711589 3
      vertex -54.2 -24 3
      vertex -54.2 -24 0
    endloop
  endfacet
  facet normal 0.9807852804032294 -0.19509032201613385 -2.8501913729185843e-19
    outer loop
      vertex -54.12503681783595 -23.43059810077446 3
      vertex -54.18117869502238 -23.71284237711589 3
      vertex -54.18117869502238 -23.71284237711589 0
    endloop
  endfacet
  facet normal 0.9469301294951135 -0.32143946530313855 -5.022622101419129e-19
    outer loop
      vertex -54.03253497152483 -23.158096448796798 3
      vertex -54.12503681783595 -23.43059810077446 3
      vertex -54.12503681783595 -23.43059810077446 0
    endloop
  endfacet
  facet normal 0.19509032201613385 0.9807852804032294 0
    outer loop
      vertex -52.287157622884116 -26.181178695022382 3
      vertex -52.287157622884116 -26.181178695022382 0
      vertex -52.56940189922555 -26.125036817835948 3
    endloop
  endfacet
  facet normal 0.06540312923015562 0.9978589232386027 0
    outer loop
      vertex -52 -26.200000000000003 3
      vertex -52 -26.200000000000003 0
      vertex -52.287157622884116 -26.181178695022382 3
    endloop
  endfacet
  facet normal -0.06540312923015562 0.9978589232386027 0
    outer loop
      vertex -51.712842377115884 -26.181178695022382 3
      vertex -51.712842377115884 -26.181178695022382 0
      vertex -52 -26.200000000000003 3
    endloop
  endfacet
  facet normal 0.44228869021896955 0.896872741532704 0
    outer loop
      vertex -52.841903551203195 -26.032534971524825 3
      vertex -52.841903551203195 -26.032534971524825 0
      vertex -53.1 -25.90525588832577 3
    endloop
  endfacet
  facet normal 0.5555702330196156 0.8314696123025362 0
    outer loop
      vertex -53.1 -25.90525588832577 3
      vertex -53.1 -25.90525588832577 0
      vertex -53.33927514381919 -25.745377348640716 3
    endloop
  endfacet
  facet normal 0.32143946530317574 0.9469301294951009 0
    outer loop
      vertex -52.56940189922555 -26.125036817835948 3
      vertex -52.56940189922555 -26.125036817835948 0
      vertex -52.841903551203195 -26.032534971524825 3
    endloop
  endfacet
  facet normal -0.19509032201613385 0.9807852804032294 0
    outer loop
      vertex -51.43059810077445 -26.125036817835948 3
      vertex -51.43059810077445 -26.125036817835948 0
      vertex -51.712842377115884 -26.181178695022382 3
    endloop
  endfacet
  facet normal -0.32143946530317574 0.9469301294951009 0
    outer loop
      vertex -51.158096448796805 -26.032534971524825 3
      vertex -51.158096448796805 -26.032534971524825 0
      vertex -51.43059810077445 -26.125036817835948 3
    endloop
  endfacet
  facet normal -0.44228869021896955 0.896872741532704 0
    outer loop
      vertex -50.9 -25.90525588832577 3
      vertex -50.9 -25.90525588832577 0
      vertex -51.158096448796805 -26.032534971524825 3
    endloop
  endfacet
  facet normal -0.5555702330196156 0.8314696123025362 0
    outer loop
      vertex -50.66072485618081 -25.745377348640716 3
      vertex -50.66072485618081 -25.745377348640716 0
      vertex -50.9 -25.90525588832577 3
    endloop
  endfacet
  facet normal -0.6593458151000652 0.7518398074789806 0
    outer loop
      vertex -50.4443650813896 -25.55563491861041 3
      vertex -50.4443650813896 -25.55563491861041 0
      vertex -50.66072485618081 -25.745377348640716 3
    endloop
  endfacet
  facet normal -0.7518398074789899 0.6593458151000546 1.0183367759263666e-18
    outer loop
      vertex -50.4443650813896 -25.55563491861041 3
      vertex -50.254622651359284 -25.33927514381918 3
      vertex -50.254622651359284 -25.33927514381918 0
    endloop
  endfacet
  facet normal -0.8314696123025477 0.5555702330195986 8.690543373133102e-19
    outer loop
      vertex -50.254622651359284 -25.33927514381918 3
      vertex -50.09474411167424 -25.099999999999994 3
      vertex -50.09474411167424 -25.099999999999994 0
    endloop
  endfacet
  facet normal -0.8968727415326747 0.44228869021902883 -1.1846362912450823e-18
    outer loop
      vertex -50.09474411167424 -25.099999999999994 3
      vertex -49.96746502847517 -24.841903551203202 3
      vertex -49.96746502847517 -24.841903551203202 0
    endloop
  endfacet
  facet normal -0.9469301294951135 0.32143946530313855 -5.022622101419129e-19
    outer loop
      vertex -49.96746502847517 -24.841903551203202 3
      vertex -49.87496318216405 -24.56940189922554 3
      vertex -49.87496318216405 -24.56940189922554 0
    endloop
  endfacet
  facet normal -0.9807852804032294 0.19509032201613385 -2.8501913729185843e-19
    outer loop
      vertex -49.87496318216405 -24.56940189922554 3
      vertex -49.81882130497762 -24.28715762288411 3
      vertex -49.81882130497762 -24.28715762288411 0
    endloop
  endfacet
  facet normal -0.9978589232386025 0.06540312923015722 3.6307470096564094e-20
    outer loop
      vertex -49.81882130497762 -24.28715762288411 3
      vertex -49.8 -24 3
      vertex -49.8 -24 0
    endloop
  endfacet
  facet normal -0.9978589232386025 -0.06540312923015722 -3.6307470096564094e-20
    outer loop
      vertex -49.8 -24 3
      vertex -49.81882130497762 -23.71284237711589 3
      vertex -49.81882130497762 -23.71284237711589 0
    endloop
  endfacet
  facet normal -0.9807852804032294 -0.19509032201613385 2.8501913729185843e-19
    outer loop
      vertex -49.81882130497762 -23.71284237711589 3
      vertex -49.87496318216405 -23.43059810077446 3
      vertex -49.87496318216405 -23.43059810077446 0
    endloop
  endfacet
  facet normal 0.8968727415326747 -0.44228869021902883 -1.1846362912450823e-18
    outer loop
      vertex -53.90525588832576 -22.900000000000006 3
      vertex -54.03253497152483 -23.158096448796798 3
      vertex -54.03253497152483 -23.158096448796798 0
    endloop
  endfacet
  facet normal 0.8314696123025477 -0.5555702330195986 8.690543373133102e-19
    outer loop
      vertex -53.745377348640716 -22.66072485618082 3
      vertex -53.90525588832576 -22.900000000000006 3
      vertex -53.90525588832576 -22.900000000000006 0
    endloop
  endfacet
  facet normal 0.7518398074789899 -0.6593458151000546 1.0183367759263666e-18
    outer loop
      vertex -53.5556349186104 -22.44436508138959 3
      vertex -53.745377348640716 -22.66072485618082 3
      vertex -53.745377348640716 -22.66072485618082 0
    endloop
  endfacet
  facet normal 0.6593458151000652 -0.7518398074789806 0
    outer loop
      vertex -53.5556349186104 -22.44436508138959 3
      vertex -53.5556349186104 -22.44436508138959 0
      vertex -53.33927514381919 -22.254622651359284 3
    endloop
  endfacet
  facet normal 0.5555702330196156 -0.8314696123025362 0
    outer loop
      vertex -53.33927514381919 -22.254622651359284 3
      vertex -53.33927514381919 -22.254622651359284 0
      vertex -53.1 -22.09474411167423 3
    endloop
  endfacet
  facet normal 0.44228869021896955 -0.896872741532704 0
    outer loop
      vertex -53.1 -22.09474411167423 3
      vertex -53.1 -22.09474411167423 0
      vertex -52.841903551203195 -21.967465028475175 3
    endloop
  endfacet
  facet normal 0.32143946530317574 -0.9469301294951009 0
    outer loop
      vertex -52.841903551203195 -21.967465028475175 3
      vertex -52.841903551203195 -21.967465028475175 0
      vertex -52.56940189922555 -21.874963182164052 3
    endloop
  endfacet
  facet normal 0.19509032201613385 -0.9807852804032294 0
    outer loop
      vertex -52.56940189922555 -21.874963182164052 3
      vertex -52.56940189922555 -21.874963182164052 0
      vertex -52.287157622884116 -21.818821304977618 3
    endloop
  endfacet
  facet normal 0.06540312923015562 -0.9978589232386027 0
    outer loop
      vertex -52.287157622884116 -21.818821304977618 3
      vertex -52.287157622884116 -21.818821304977618 0
      vertex -52 -21.799999999999997 3
    endloop
  endfacet
  facet normal -0.06540312923015562 -0.9978589232386027 0
    outer loop
      vertex -52 -21.799999999999997 3
      vertex -52 -21.799999999999997 0
      vertex -51.712842377115884 -21.818821304977618 3
    endloop
  endfacet
  facet normal -0.8968727415326747 -0.44228869021902883 1.1846362912450823e-18
    outer loop
      vertex -49.96746502847517 -23.158096448796798 3
      vertex -50.09474411167424 -22.900000000000006 3
      vertex -50.09474411167424 -22.900000000000006 0
    endloop
  endfacet
  facet normal -0.6593458151000652 -0.7518398074789806 0
    outer loop
      vertex -50.66072485618081 -22.254622651359284 3
      vertex -50.66072485618081 -22.254622651359284 0
      vertex -50.4443650813896 -22.44436508138959 3
    endloop
  endfacet
  facet normal -0.8314696123025477 -0.5555702330195986 -8.690543373133102e-19
    outer loop
      vertex -50.09474411167424 -22.900000000000006 3
      vertex -50.254622651359284 -22.66072485618082 3
      vertex -50.254622651359284 -22.66072485618082 0
    endloop
  endfacet
  facet normal -0.7518398074789899 -0.6593458151000546 -1.0183367759263666e-18
    outer loop
      vertex -50.254622651359284 -22.66072485618082 3
      vertex -50.4443650813896 -22.44436508138959 3
      vertex -50.4443650813896 -22.44436508138959 0
    endloop
  endfacet
  facet normal -0.19509032201613385 -0.9807852804032294 0
    outer loop
      vertex -51.712842377115884 -21.818821304977618 3
      vertex -51.712842377115884 -21.818821304977618 0
      vertex -51.43059810077445 -21.874963182164052 3
    endloop
  endfacet
  facet normal -0.32143946530317574 -0.9469301294951009 0
    outer loop
      vertex -51.43059810077445 -21.874963182164052 3
      vertex -51.43059810077445 -21.874963182164052 0
      vertex -51.158096448796805 -21.967465028475175 3
    endloop
  endfacet
  facet normal -0.5555702330196156 -0.8314696123025362 0
    outer loop
      vertex -50.9 -22.09474411167423 3
      vertex -50.9 -22.09474411167423 0
      vertex -50.66072485618081 -22.254622651359284 3
    endloop
  endfacet
  facet normal -0.44228869021896955 -0.896872741532704 0
    outer loop
      vertex -51.158096448796805 -21.967465028475175 3
      vertex -51.158096448796805 -21.967465028475175 0
      vertex -50.9 -22.09474411167423 3
    endloop
  endfacet
  facet normal -0.9469301294951135 -0.32143946530313855 5.022622101419129e-19
    outer loop
      vertex -49.87496318216405 -23.43059810077446 3
      vertex -49.96746502847517 -23.158096448796798 3
      vertex -49.96746502847517 -23.158096448796798 0
    endloop
  endfacet
  facet normal 0.5555702330196156 0.8314696123025362 0
    outer loop
      vertex 41.66072485618081 22.254622651359284 0
      vertex 41.66072485618081 22.254622651359284 3
      vertex 41.9 22.09474411167423 0
    endloop
  endfacet
  facet normal 0.8314696123025477 0.5555702330195986 -8.690543373133102e-19
    outer loop
      vertex 41.254622651359284 22.66072485618082 0
      vertex 41.09474411167424 22.900000000000006 0
      vertex 41.09474411167424 22.900000000000006 3
    endloop
  endfacet
  facet normal 0.8968727415326844 0.44228869021900924 3.856583894170745e-18
    outer loop
      vertex 41.09474411167424 22.900000000000006 0
      vertex 40.96746502847517 23.15809644879681 0
      vertex 40.96746502847517 23.15809644879681 3
    endloop
  endfacet
  facet normal 0.659345815100093 0.7518398074789562 -6.961373469301259e-19
    outer loop
      vertex 41.66072485618081 22.254622651359284 0
      vertex 41.4443650813896 22.444365081389606 0
      vertex 41.4443650813896 22.444365081389606 3
    endloop
  endfacet
  facet normal 0.7518398074789684 0.6593458151000791 3.743820402835499e-18
    outer loop
      vertex 41.4443650813896 22.444365081389606 0
      vertex 41.254622651359284 22.66072485618082 0
      vertex 41.254622651359284 22.66072485618082 3
    endloop
  endfacet
  facet normal 0.32143946530322004 0.9469301294950859 0
    outer loop
      vertex 42.158096448796805 21.967465028475175 0
      vertex 42.158096448796805 21.967465028475175 3
      vertex 42.43059810077445 21.874963182164038 0
    endloop
  endfacet
  facet normal 0.44228869021896955 0.896872741532704 0
    outer loop
      vertex 41.9 22.09474411167423 0
      vertex 41.9 22.09474411167423 3
      vertex 42.158096448796805 21.967465028475175 0
    endloop
  endfacet
  facet normal 0.19509032201613385 0.9807852804032294 0
    outer loop
      vertex 42.43059810077445 21.874963182164038 0
      vertex 42.43059810077445 21.874963182164038 3
      vertex 42.712842377115884 21.818821304977604 0
    endloop
  endfacet
  facet normal 0.06540312923005728 0.9978589232386093 0
    outer loop
      vertex 42.712842377115884 21.818821304977604 0
      vertex 42.712842377115884 21.818821304977604 3
      vertex 43 21.80000000000001 0
    endloop
  endfacet
  facet normal -0.06540312923005728 0.9978589232386093 0
    outer loop
      vertex 43 21.80000000000001 0
      vertex 43 21.80000000000001 3
      vertex 43.287157622884116 21.818821304977604 0
    endloop
  endfacet
  facet normal -0.19509032201613385 0.9807852804032294 0
    outer loop
      vertex 43.287157622884116 21.818821304977604 0
      vertex 43.287157622884116 21.818821304977604 3
      vertex 43.56940189922555 21.874963182164038 0
    endloop
  endfacet
  facet normal -0.32143946530322004 0.9469301294950859 0
    outer loop
      vertex 43.56940189922555 21.874963182164038 0
      vertex 43.56940189922555 21.874963182164038 3
      vertex 43.841903551203195 21.967465028475175 0
    endloop
  endfacet
  facet normal -0.44228869021896955 0.896872741532704 0
    outer loop
      vertex 43.841903551203195 21.967465028475175 0
      vertex 43.841903551203195 21.967465028475175 3
      vertex 44.1 22.09474411167423 0
    endloop
  endfacet
  facet normal -0.5555702330196156 0.8314696123025362 0
    outer loop
      vertex 44.1 22.09474411167423 0
      vertex 44.1 22.09474411167423 3
      vertex 44.33927514381919 22.254622651359284 0
    endloop
  endfacet
  facet normal -0.659345815100093 0.7518398074789562 0
    outer loop
      vertex 44.33927514381919 22.254622651359284 0
      vertex 44.33927514381919 22.254622651359284 3
      vertex 44.5556349186104 22.444365081389606 0
    endloop
  endfacet
  facet normal -0.7518398074789684 0.6593458151000791 0
    outer loop
      vertex 44.5556349186104 22.444365081389606 0
      vertex 44.5556349186104 22.444365081389606 3
      vertex 44.745377348640716 22.66072485618082 0
    endloop
  endfacet
  facet normal -0.8314696123025477 0.5555702330195986 8.690543373133102e-19
    outer loop
      vertex 44.90525588832576 22.900000000000006 0
      vertex 44.745377348640716 22.66072485618082 0
      vertex 44.745377348640716 22.66072485618082 3
    endloop
  endfacet
  facet normal -0.8968727415326844 0.44228869021900924 -3.856583894170745e-18
    outer loop
      vertex 45.03253497152483 23.15809644879681 0
      vertex 44.90525588832576 22.900000000000006 0
      vertex 44.90525588832576 22.900000000000006 3
    endloop
  endfacet
  facet normal -0.9469301294951085 0.3214394653031536 -5.040729520947054e-20
    outer loop
      vertex 45.12503681783595 23.43059810077446 0
      vertex 45.03253497152483 23.15809644879681 0
      vertex 45.03253497152483 23.15809644879681 3
    endloop
  endfacet
  facet normal 0.9469301294951085 0.3214394653031536 5.040729520947054e-20
    outer loop
      vertex 40.96746502847517 23.15809644879681 0
      vertex 40.87496318216405 23.43059810077446 0
      vertex 40.87496318216405 23.43059810077446 3
    endloop
  endfacet
  facet normal 0.9807852804032294 0.19509032201613385 2.8501913729185843e-19
    outer loop
      vertex 40.87496318216405 23.43059810077446 0
      vertex 40.81882130497762 23.71284237711589 0
      vertex 40.81882130497762 23.71284237711589 3
    endloop
  endfacet
  facet normal 0.9978589232386025 0.06540312923015722 -3.6307470096564094e-20
    outer loop
      vertex 40.81882130497762 23.71284237711589 0
      vertex 40.8 24 0
      vertex 40.8 24 3
    endloop
  endfacet
  facet normal 0.9978589232386025 -0.06540312923015722 3.6307470096564094e-20
    outer loop
      vertex 40.8 24 0
      vertex 40.81882130497762 24.28715762288411 0
      vertex 40.81882130497762 24.28715762288411 3
    endloop
  endfacet
  facet normal 0.9807852804032294 -0.19509032201613385 -2.8501913729185843e-19
    outer loop
      vertex 40.81882130497762 24.28715762288411 0
      vertex 40.87496318216405 24.56940189922554 0
      vertex 40.87496318216405 24.56940189922554 3
    endloop
  endfacet
  facet normal 0.9469301294951085 -0.3214394653031536 -5.040729520947054e-20
    outer loop
      vertex 40.87496318216405 24.56940189922554 0
      vertex 40.96746502847517 24.84190355120319 0
      vertex 40.96746502847517 24.84190355120319 3
    endloop
  endfacet
  facet normal 0.8968727415326844 -0.44228869021900924 -3.856583894170745e-18
    outer loop
      vertex 40.96746502847517 24.84190355120319 0
      vertex 41.09474411167424 25.099999999999994 0
      vertex 41.09474411167424 25.099999999999994 3
    endloop
  endfacet
  facet normal 0.8314696123025477 -0.5555702330195986 8.690543373133102e-19
    outer loop
      vertex 41.09474411167424 25.099999999999994 0
      vertex 41.254622651359284 25.33927514381918 0
      vertex 41.254622651359284 25.33927514381918 3
    endloop
  endfacet
  facet normal 0.7518398074789684 -0.6593458151000791 -3.743820402835499e-18
    outer loop
      vertex 41.254622651359284 25.33927514381918 0
      vertex 41.4443650813896 25.555634918610394 0
      vertex 41.4443650813896 25.555634918610394 3
    endloop
  endfacet
  facet normal 0.659345815100093 -0.7518398074789562 0
    outer loop
      vertex 41.66072485618081 25.745377348640716 0
      vertex 41.66072485618081 25.745377348640716 3
      vertex 41.4443650813896 25.555634918610394 0
    endloop
  endfacet
  facet normal 0.5555702330196156 -0.8314696123025362 0
    outer loop
      vertex 41.9 25.90525588832577 0
      vertex 41.9 25.90525588832577 3
      vertex 41.66072485618081 25.745377348640716 0
    endloop
  endfacet
  facet normal 0.44228869021896955 -0.896872741532704 0
    outer loop
      vertex 42.158096448796805 26.032534971524825 0
      vertex 42.158096448796805 26.032534971524825 3
      vertex 41.9 25.90525588832577 0
    endloop
  endfacet
  facet normal 0.32143946530322004 -0.9469301294950859 0
    outer loop
      vertex 42.43059810077445 26.125036817835962 0
      vertex 42.43059810077445 26.125036817835962 3
      vertex 42.158096448796805 26.032534971524825 0
    endloop
  endfacet
  facet normal -0.19509032201613385 -0.9807852804032294 0
    outer loop
      vertex 43.56940189922555 26.125036817835962 0
      vertex 43.56940189922555 26.125036817835962 3
      vertex 43.287157622884116 26.181178695022396 0
    endloop
  endfacet
  facet normal 0.19509032201613385 -0.9807852804032294 0
    outer loop
      vertex 42.712842377115884 26.181178695022396 0
      vertex 42.712842377115884 26.181178695022396 3
      vertex 42.43059810077445 26.125036817835962 0
    endloop
  endfacet
  facet normal 0.06540312923005728 -0.9978589232386093 0
    outer loop
      vertex 43 26.19999999999999 0
      vertex 43 26.19999999999999 3
      vertex 42.712842377115884 26.181178695022396 0
    endloop
  endfacet
  facet normal -0.06540312923005728 -0.9978589232386093 0
    outer loop
      vertex 43.287157622884116 26.181178695022396 0
      vertex 43.287157622884116 26.181178695022396 3
      vertex 43 26.19999999999999 0
    endloop
  endfacet
  facet normal -0.9807852804032294 0.19509032201613385 -2.8501913729185843e-19
    outer loop
      vertex 45.18117869502238 23.71284237711589 0
      vertex 45.12503681783595 23.43059810077446 0
      vertex 45.12503681783595 23.43059810077446 3
    endloop
  endfacet
  facet normal -0.9978589232386025 0.06540312923015722 3.6307470096564094e-20
    outer loop
      vertex 45.2 24 0
      vertex 45.18117869502238 23.71284237711589 0
      vertex 45.18117869502238 23.71284237711589 3
    endloop
  endfacet
  facet normal -0.9978589232386025 -0.06540312923015722 -3.6307470096564094e-20
    outer loop
      vertex 45.18117869502238 24.28715762288411 0
      vertex 45.2 24 0
      vertex 45.2 24 3
    endloop
  endfacet
  facet normal -0.9807852804032294 -0.19509032201613385 2.8501913729185843e-19
    outer loop
      vertex 45.12503681783595 24.56940189922554 0
      vertex 45.18117869502238 24.28715762288411 0
      vertex 45.18117869502238 24.28715762288411 3
    endloop
  endfacet
  facet normal -0.9469301294951085 -0.3214394653031536 5.040729520947054e-20
    outer loop
      vertex 45.03253497152483 24.84190355120319 0
      vertex 45.12503681783595 24.56940189922554 0
      vertex 45.12503681783595 24.56940189922554 3
    endloop
  endfacet
  facet normal -0.8314696123025477 -0.5555702330195986 -8.690543373133102e-19
    outer loop
      vertex 44.745377348640716 25.33927514381918 0
      vertex 44.90525588832576 25.099999999999994 0
      vertex 44.90525588832576 25.099999999999994 3
    endloop
  endfacet
  facet normal -0.8968727415326844 -0.44228869021900924 3.856583894170745e-18
    outer loop
      vertex 44.90525588832576 25.099999999999994 0
      vertex 45.03253497152483 24.84190355120319 0
      vertex 45.03253497152483 24.84190355120319 3
    endloop
  endfacet
  facet normal -0.659345815100093 -0.7518398074789562 0
    outer loop
      vertex 44.5556349186104 25.555634918610394 0
      vertex 44.5556349186104 25.555634918610394 3
      vertex 44.33927514381919 25.745377348640716 0
    endloop
  endfacet
  facet normal -0.32143946530322004 -0.9469301294950859 0
    outer loop
      vertex 43.841903551203195 26.032534971524825 0
      vertex 43.841903551203195 26.032534971524825 3
      vertex 43.56940189922555 26.125036817835962 0
    endloop
  endfacet
  facet normal -0.44228869021896955 -0.896872741532704 0
    outer loop
      vertex 44.1 25.90525588832577 0
      vertex 44.1 25.90525588832577 3
      vertex 43.841903551203195 26.032534971524825 0
    endloop
  endfacet
  facet normal -0.5555702330196156 -0.8314696123025362 0
    outer loop
      vertex 44.33927514381919 25.745377348640716 0
      vertex 44.33927514381919 25.745377348640716 3
      vertex 44.1 25.90525588832577 0
    endloop
  endfacet
  facet normal -0.7518398074789684 -0.6593458151000791 3.743820402835499e-18
    outer loop
      vertex 44.5556349186104 25.555634918610394 0
      vertex 44.745377348640716 25.33927514381918 0
      vertex 44.745377348640716 25.33927514381918 3
    endloop
  endfacet
  facet normal 0.5555702330196156 0.8314696123025362 0
    outer loop
      vertex 41.9 22.09474411167423 0
      vertex 41.66072485618081 22.254622651359284 3
      vertex 41.9 22.09474411167423 3
    endloop
  endfacet
  facet normal 0.8968727415326844 0.44228869021900924 0
    outer loop
      vertex 41.09474411167424 22.900000000000006 0
      vertex 40.96746502847517 23.15809644879681 3
      vertex 41.09474411167424 22.900000000000006 3
    endloop
  endfacet
  facet normal 0.9469301294951085 0.3214394653031536 0
    outer loop
      vertex 40.96746502847517 23.15809644879681 0
      vertex 40.87496318216405 23.43059810077446 3
      vertex 40.96746502847517 23.15809644879681 3
    endloop
  endfacet
  facet normal 0.7518398074789684 0.6593458151000791 0
    outer loop
      vertex 41.4443650813896 22.444365081389606 0
      vertex 41.254622651359284 22.66072485618082 3
      vertex 41.4443650813896 22.444365081389606 3
    endloop
  endfacet
  facet normal 0.8314696123025477 0.5555702330195986 0
    outer loop
      vertex 41.254622651359284 22.66072485618082 0
      vertex 41.09474411167424 22.900000000000006 3
      vertex 41.254622651359284 22.66072485618082 3
    endloop
  endfacet
  facet normal 0.659345815100093 0.7518398074789562 0
    outer loop
      vertex 41.66072485618081 22.254622651359284 0
      vertex 41.4443650813896 22.444365081389606 3
      vertex 41.66072485618081 22.254622651359284 3
    endloop
  endfacet
  facet normal 0.44228869021896955 0.896872741532704 0
    outer loop
      vertex 42.158096448796805 21.967465028475175 0
      vertex 41.9 22.09474411167423 3
      vertex 42.158096448796805 21.967465028475175 3
    endloop
  endfacet
  facet normal 0.32143946530322004 0.9469301294950859 0
    outer loop
      vertex 42.43059810077445 21.874963182164038 0
      vertex 42.158096448796805 21.967465028475175 3
      vertex 42.43059810077445 21.874963182164038 3
    endloop
  endfacet
  facet normal 0.19509032201613385 0.9807852804032294 0
    outer loop
      vertex 42.712842377115884 21.818821304977604 0
      vertex 42.43059810077445 21.874963182164038 3
      vertex 42.712842377115884 21.818821304977604 3
    endloop
  endfacet
  facet normal 0.06540312923005728 0.9978589232386093 0
    outer loop
      vertex 43 21.80000000000001 0
      vertex 42.712842377115884 21.818821304977604 3
      vertex 43 21.80000000000001 3
    endloop
  endfacet
  facet normal -0.06540312923005728 0.9978589232386093 0
    outer loop
      vertex 43.287157622884116 21.818821304977604 0
      vertex 43 21.80000000000001 3
      vertex 43.287157622884116 21.818821304977604 3
    endloop
  endfacet
  facet normal -0.19509032201613385 0.9807852804032294 0
    outer loop
      vertex 43.56940189922555 21.874963182164038 0
      vertex 43.287157622884116 21.818821304977604 3
      vertex 43.56940189922555 21.874963182164038 3
    endloop
  endfacet
  facet normal -0.32143946530322004 0.9469301294950859 0
    outer loop
      vertex 43.841903551203195 21.967465028475175 0
      vertex 43.56940189922555 21.874963182164038 3
      vertex 43.841903551203195 21.967465028475175 3
    endloop
  endfacet
  facet normal -0.44228869021896955 0.896872741532704 0
    outer loop
      vertex 44.1 22.09474411167423 0
      vertex 43.841903551203195 21.967465028475175 3
      vertex 44.1 22.09474411167423 3
    endloop
  endfacet
  facet normal -0.5555702330196156 0.8314696123025362 0
    outer loop
      vertex 44.33927514381919 22.254622651359284 0
      vertex 44.1 22.09474411167423 3
      vertex 44.33927514381919 22.254622651359284 3
    endloop
  endfacet
  facet normal -0.659345815100093 0.7518398074789562 0
    outer loop
      vertex 44.5556349186104 22.444365081389606 0
      vertex 44.33927514381919 22.254622651359284 3
      vertex 44.5556349186104 22.444365081389606 3
    endloop
  endfacet
  facet normal -0.7518398074789684 0.6593458151000791 0
    outer loop
      vertex 44.745377348640716 22.66072485618082 0
      vertex 44.5556349186104 22.444365081389606 3
      vertex 44.745377348640716 22.66072485618082 3
    endloop
  endfacet
  facet normal -0.8314696123025477 0.5555702330195986 0
    outer loop
      vertex 44.90525588832576 22.900000000000006 0
      vertex 44.745377348640716 22.66072485618082 3
      vertex 44.90525588832576 22.900000000000006 3
    endloop
  endfacet
  facet normal -0.8968727415326844 0.44228869021900924 0
    outer loop
      vertex 45.03253497152483 23.15809644879681 0
      vertex 44.90525588832576 22.900000000000006 3
      vertex 45.03253497152483 23.15809644879681 3
    endloop
  endfacet
  facet normal 0.9807852804032294 0.19509032201613385 0
    outer loop
      vertex 40.87496318216405 23.43059810077446 0
      vertex 40.81882130497762 23.71284237711589 3
      vertex 40.87496318216405 23.43059810077446 3
    endloop
  endfacet
  facet normal 0.9978589232386025 0.06540312923015722 0
    outer loop
      vertex 40.81882130497762 23.71284237711589 0
      vertex 40.8 24 3
      vertex 40.81882130497762 23.71284237711589 3
    endloop
  endfacet
  facet normal 0.9978589232386025 -0.06540312923015722 0
    outer loop
      vertex 40.8 24 0
      vertex 40.81882130497762 24.28715762288411 3
      vertex 40.8 24 3
    endloop
  endfacet
  facet normal 0.9807852804032294 -0.19509032201613385 0
    outer loop
      vertex 40.81882130497762 24.28715762288411 0
      vertex 40.87496318216405 24.56940189922554 3
      vertex 40.81882130497762 24.28715762288411 3
    endloop
  endfacet
  facet normal 0.9469301294951085 -0.3214394653031536 0
    outer loop
      vertex 40.87496318216405 24.56940189922554 0
      vertex 40.96746502847517 24.84190355120319 3
      vertex 40.87496318216405 24.56940189922554 3
    endloop
  endfacet
  facet normal 0.8968727415326844 -0.44228869021900924 0
    outer loop
      vertex 40.96746502847517 24.84190355120319 0
      vertex 41.09474411167424 25.099999999999994 3
      vertex 40.96746502847517 24.84190355120319 3
    endloop
  endfacet
  facet normal 0.8314696123025477 -0.5555702330195986 0
    outer loop
      vertex 41.09474411167424 25.099999999999994 0
      vertex 41.254622651359284 25.33927514381918 3
      vertex 41.09474411167424 25.099999999999994 3
    endloop
  endfacet
  facet normal 0.7518398074789684 -0.6593458151000791 0
    outer loop
      vertex 41.254622651359284 25.33927514381918 0
      vertex 41.4443650813896 25.555634918610394 3
      vertex 41.254622651359284 25.33927514381918 3
    endloop
  endfacet
  facet normal 0.659345815100093 -0.7518398074789562 0
    outer loop
      vertex 41.4443650813896 25.555634918610394 0
      vertex 41.66072485618081 25.745377348640716 3
      vertex 41.4443650813896 25.555634918610394 3
    endloop
  endfacet
  facet normal 0.5555702330196156 -0.8314696123025362 0
    outer loop
      vertex 41.66072485618081 25.745377348640716 0
      vertex 41.9 25.90525588832577 3
      vertex 41.66072485618081 25.745377348640716 3
    endloop
  endfacet
  facet normal 0.44228869021896955 -0.896872741532704 0
    outer loop
      vertex 41.9 25.90525588832577 0
      vertex 42.158096448796805 26.032534971524825 3
      vertex 41.9 25.90525588832577 3
    endloop
  endfacet
  facet normal 0.32143946530322004 -0.9469301294950859 0
    outer loop
      vertex 42.158096448796805 26.032534971524825 0
      vertex 42.43059810077445 26.125036817835962 3
      vertex 42.158096448796805 26.032534971524825 3
    endloop
  endfacet
  facet normal 0.19509032201613385 -0.9807852804032294 0
    outer loop
      vertex 42.43059810077445 26.125036817835962 0
      vertex 42.712842377115884 26.181178695022396 3
      vertex 42.43059810077445 26.125036817835962 3
    endloop
  endfacet
  facet normal 0.06540312923005728 -0.9978589232386093 0
    outer loop
      vertex 42.712842377115884 26.181178695022396 0
      vertex 43 26.19999999999999 3
      vertex 42.712842377115884 26.181178695022396 3
    endloop
  endfacet
  facet normal -0.06540312923005728 -0.9978589232386093 0
    outer loop
      vertex 43 26.19999999999999 0
      vertex 43.287157622884116 26.181178695022396 3
      vertex 43 26.19999999999999 3
    endloop
  endfacet
  facet normal -0.19509032201613385 -0.9807852804032294 0
    outer loop
      vertex 43.287157622884116 26.181178695022396 0
      vertex 43.56940189922555 26.125036817835962 3
      vertex 43.287157622884116 26.181178695022396 3
    endloop
  endfacet
  facet normal -0.9469301294951085 0.3214394653031536 0
    outer loop
      vertex 45.12503681783595 23.43059810077446 0
      vertex 45.03253497152483 23.15809644879681 3
      vertex 45.12503681783595 23.43059810077446 3
    endloop
  endfacet
  facet normal -0.9807852804032294 0.19509032201613385 0
    outer loop
      vertex 45.18117869502238 23.71284237711589 0
      vertex 45.12503681783595 23.43059810077446 3
      vertex 45.18117869502238 23.71284237711589 3
    endloop
  endfacet
  facet normal -0.9978589232386025 0.06540312923015722 0
    outer loop
      vertex 45.2 24 0
      vertex 45.18117869502238 23.71284237711589 3
      vertex 45.2 24 3
    endloop
  endfacet
  facet normal -0.9978589232386025 -0.06540312923015722 0
    outer loop
      vertex 45.18117869502238 24.28715762288411 0
      vertex 45.2 24 3
      vertex 45.18117869502238 24.28715762288411 3
    endloop
  endfacet
  facet normal -0.9807852804032294 -0.19509032201613385 0
    outer loop
      vertex 45.12503681783595 24.56940189922554 0
      vertex 45.18117869502238 24.28715762288411 3
      vertex 45.12503681783595 24.56940189922554 3
    endloop
  endfacet
  facet normal -0.9469301294951085 -0.3214394653031536 0
    outer loop
      vertex 45.03253497152483 24.84190355120319 0
      vertex 45.12503681783595 24.56940189922554 3
      vertex 45.03253497152483 24.84190355120319 3
    endloop
  endfacet
  facet normal -0.8968727415326844 -0.44228869021900924 0
    outer loop
      vertex 44.90525588832576 25.099999999999994 0
      vertex 45.03253497152483 24.84190355120319 3
      vertex 44.90525588832576 25.099999999999994 3
    endloop
  endfacet
  facet normal -0.32143946530322004 -0.9469301294950859 0
    outer loop
      vertex 43.56940189922555 26.125036817835962 0
      vertex 43.841903551203195 26.032534971524825 3
      vertex 43.56940189922555 26.125036817835962 3
    endloop
  endfacet
  facet normal -0.44228869021896955 -0.896872741532704 0
    outer loop
      vertex 43.841903551203195 26.032534971524825 0
      vertex 44.1 25.90525588832577 3
      vertex 43.841903551203195 26.032534971524825 3
    endloop
  endfacet
  facet normal -0.5555702330196156 -0.8314696123025362 0
    outer loop
      vertex 44.1 25.90525588832577 0
      vertex 44.33927514381919 25.745377348640716 3
      vertex 44.1 25.90525588832577 3
    endloop
  endfacet
  facet normal -0.659345815100093 -0.7518398074789562 0
    outer loop
      vertex 44.33927514381919 25.745377348640716 0
      vertex 44.5556349186104 25.555634918610394 3
      vertex 44.33927514381919 25.745377348640716 3
    endloop
  endfacet
  facet normal -0.8314696123025477 -0.5555702330195986 0
    outer loop
      vertex 44.745377348640716 25.33927514381918 0
      vertex 44.90525588832576 25.099999999999994 3
      vertex 44.745377348640716 25.33927514381918 3
    endloop
  endfacet
  facet normal -0.7518398074789684 -0.6593458151000791 0
    outer loop
      vertex 44.5556349186104 25.555634918610394 0
      vertex 44.745377348640716 25.33927514381918 3
      vertex 44.5556349186104 25.555634918610394 3
    endloop
  endfacet
  facet normal 0 0 1
    outer loop
      vertex -40.01626748576241 -24.920951775601594 0.6
      vertex -40.01626748576241 -24.079048224398406 0.6
      vertex -40.062518408917974 -24.78470094961277 0.6
    endloop
  endfacet
  facet normal 0 0 1
    outer loop
      vertex -39.952627944162884 -25.049999999999997 0.6
      vertex -39.952627944162884 -23.950000000000003 0.6
      vertex -40.01626748576241 -24.920951775601594 0.6
    endloop
  endfacet
  facet normal 0 0 1
    outer loop
      vertex -40.062518408917974 -24.78470094961277 0.6
      vertex -40.062518408917974 -24.21529905038723 0.6
      vertex -40.09058934751119 -24.643578811442055 0.6
    endloop
  endfacet
  facet normal 0 0 1
    outer loop
      vertex -40.09058934751119 -24.643578811442055 0.6
      vertex -40.09058934751119 -24.356421188557945 0.6
      vertex -40.1 -24.5 0.6
    endloop
  endfacet
  facet normal 0 0 1
    outer loop
      vertex -40.09058934751119 -24.643578811442055 0.6
      vertex -40.062518408917974 -24.21529905038723 0.6
      vertex -40.09058934751119 -24.356421188557945 0.6
    endloop
  endfacet
  facet normal 0 0 1
    outer loop
      vertex -40.062518408917974 -24.78470094961277 0.6
      vertex -40.01626748576241 -24.079048224398406 0.6
      vertex -40.062518408917974 -24.21529905038723 0.6
    endloop
  endfacet
  facet normal 0 0 1
    outer loop
      vertex -40.01626748576241 -24.920951775601594 0.6
      vertex -39.952627944162884 -23.950000000000003 0.6
      vertex -40.01626748576241 -24.079048224398406 0.6
    endloop
  endfacet
  facet normal 0 0 1
    outer loop
      vertex -39.777817459305204 -25.277817459305197 0.6
      vertex -39.777817459305204 -23.722182540694803 0.6
      vertex -39.87268867432036 -25.16963757190959 0.6
    endloop
  endfacet
  facet normal 0 0 1
    outer loop
      vertex -39.777817459305204 -25.277817459305197 0.6
      vertex -39.66963757190959 -25.372688674320358 0.6
      vertex -39.66963757190959 -23.627311325679642 0.6
    endloop
  endfacet
  facet normal 0 0 1
    outer loop
      vertex -39.55 -25.452627944162884 0.6
      vertex -39.55 -23.547372055837116 0.6
      vertex -39.66963757190959 -25.372688674320358 0.6
    endloop
  endfacet
  facet normal 0 0 1
    outer loop
      vertex -39.4209517756016 -25.516267485762413 0.6
      vertex -39.28470094961277 -25.56251840891798 0.6
      vertex -39.28470094961277 -23.43748159108202 0.6
    endloop
  endfacet
  facet normal 0 0 1
    outer loop
      vertex -39.55 -25.452627944162884 0.6
      vertex -39.4209517756016 -25.516267485762413 0.6
      vertex -39.4209517756016 -23.483732514237587 0.6
    endloop
  endfacet
  facet normal 0 0 1
    outer loop
      vertex -39.143578811442055 -25.590589347511198 0.6
      vertex -39.143578811442055 -23.409410652488802 0.6
      vertex -39.28470094961277 -25.56251840891798 0.6
    endloop
  endfacet
  facet normal 0 0 1
    outer loop
      vertex -39.952627944162884 -25.049999999999997 0.6
      vertex -39.87268867432036 -25.16963757190959 0.6
      vertex -39.87268867432036 -23.83036242809041 0.6
    endloop
  endfacet
  facet normal 0 0 1
    outer loop
      vertex -39.952627944162884 -25.049999999999997 0.6
      vertex -39.87268867432036 -23.83036242809041 0.6
      vertex -39.952627944162884 -23.950000000000003 0.6
    endloop
  endfacet
  facet normal 0 0 1
    outer loop
      vertex -39.87268867432036 -25.16963757190959 0.6
      vertex -39.777817459305204 -23.722182540694803 0.6
      vertex -39.87268867432036 -23.83036242809041 0.6
    endloop
  endfacet
  facet normal 0 0 1
    outer loop
      vertex -39.143578811442055 -25.590589347511198 0.6
      vertex -39 -25.599999999999994 0.6
      vertex -39 -23.400000000000006 0.6
    endloop
  endfacet
  facet normal 0 0 1
    outer loop
      vertex -39 -25.599999999999994 0.6
      vertex -38.856421188557945 -25.590589347511198 0.6
      vertex -38.856421188557945 -23.409410652488802 0.6
    endloop
  endfacet
  facet normal 0 0 1
    outer loop
      vertex -38.856421188557945 -25.590589347511198 0.6
      vertex -38.71529905038723 -25.56251840891798 0.6
      vertex -38.71529905038723 -23.43748159108202 0.6
    endloop
  endfacet
  facet normal 0 0 1
    outer loop
      vertex -38.71529905038723 -25.56251840891798 0.6
      vertex -38.5790482243984 -25.516267485762413 0.6
      vertex -38.5790482243984 -23.483732514237587 0.6
    endloop
  endfacet
  facet normal 0 0 1
    outer loop
      vertex -38.5790482243984 -25.516267485762413 0.6
      vertex -38.45 -25.452627944162884 0.6
      vertex -38.45 -23.547372055837116 0.6
    endloop
  endfacet
  facet normal 0 0 1
    outer loop
      vertex -38.45 -25.452627944162884 0.6
      vertex -38.33036242809041 -25.372688674320358 0.6
      vertex -38.33036242809041 -23.627311325679642 0.6
    endloop
  endfacet
  facet normal 0 0 1
    outer loop
      vertex -38.33036242809041 -25.372688674320358 0.6
      vertex -38.222182540694796 -23.722182540694803 0.6
      vertex -38.33036242809041 -23.627311325679642 0.6
    endloop
  endfacet
  facet normal 0 0 1
    outer loop
      vertex -39.777817459305204 -25.277817459305197 0.6
      vertex -39.66963757190959 -23.627311325679642 0.6
      vertex -39.777817459305204 -23.722182540694803 0.6
    endloop
  endfacet
  facet normal 0 0 1
    outer loop
      vertex -39.66963757190959 -25.372688674320358 0.6
      vertex -39.55 -23.547372055837116 0.6
      vertex -39.66963757190959 -23.627311325679642 0.6
    endloop
  endfacet
  facet normal 0 0 1
    outer loop
      vertex -39.55 -25.452627944162884 0.6
      vertex -39.4209517756016 -23.483732514237587 0.6
      vertex -39.55 -23.547372055837116 0.6
    endloop
  endfacet
  facet normal 0 0 1
    outer loop
      vertex -39.4209517756016 -25.516267485762413 0.6
      vertex -39.28470094961277 -23.43748159108202 0.6
      vertex -39.4209517756016 -23.483732514237587 0.6
    endloop
  endfacet
  facet normal 0 0 1
    outer loop
      vertex -39.28470094961277 -25.56251840891798 0.6
      vertex -39.143578811442055 -23.409410652488802 0.6
      vertex -39.28470094961277 -23.43748159108202 0.6
    endloop
  endfacet
  facet normal 0 0 1
    outer loop
      vertex -39.143578811442055 -25.590589347511198 0.6
      vertex -39 -23.400000000000006 0.6
      vertex -39.143578811442055 -23.409410652488802 0.6
    endloop
  endfacet
  facet normal 0 0 1
    outer loop
      vertex -39 -25.599999999999994 0.6
      vertex -38.856421188557945 -23.409410652488802 0.6
      vertex -39 -23.400000000000006 0.6
    endloop
  endfacet
  facet normal 0 0 1
    outer loop
      vertex -38.856421188557945 -25.590589347511198 0.6
      vertex -38.71529905038723 -23.43748159108202 0.6
      vertex -38.856421188557945 -23.409410652488802 0.6
    endloop
  endfacet
  facet normal 0 0 1
    outer loop
      vertex -38.71529905038723 -25.56251840891798 0.6
      vertex -38.5790482243984 -23.483732514237587 0.6
      vertex -38.71529905038723 -23.43748159108202 0.6
    endloop
  endfacet
  facet normal 0 0 1
    outer loop
      vertex -38.5790482243984 -25.516267485762413 0.6
      vertex -38.45 -23.547372055837116 0.6
      vertex -38.5790482243984 -23.483732514237587 0.6
    endloop
  endfacet
  facet normal 0 0 1
    outer loop
      vertex -38.45 -25.452627944162884 0.6
      vertex -38.33036242809041 -23.627311325679642 0.6
      vertex -38.45 -23.547372055837116 0.6
    endloop
  endfacet
  facet normal 0 0 1
    outer loop
      vertex -38.33036242809041 -25.372688674320358 0.6
      vertex -38.222182540694796 -25.277817459305197 0.6
      vertex -38.222182540694796 -23.722182540694803 0.6
    endloop
  endfacet
  facet normal 0 0 1
    outer loop
      vertex -38.222182540694796 -25.277817459305197 0.6
      vertex -38.12731132567964 -25.16963757190959 0.6
      vertex -38.12731132567964 -23.83036242809041 0.6
    endloop
  endfacet
  facet normal 0 0 1
    outer loop
      vertex -38.12731132567964 -25.16963757190959 0.6
      vertex -38.047372055837116 -25.049999999999997 0.6
      vertex -38.047372055837116 -23.950000000000003 0.6
    endloop
  endfacet
  facet normal 0 0 1
    outer loop
      vertex -38.047372055837116 -25.049999999999997 0.6
      vertex -37.98373251423759 -24.920951775601594 0.6
      vertex -37.98373251423759 -24.079048224398406 0.6
    endloop
  endfacet
  facet normal 0 0 1
    outer loop
      vertex -37.98373251423759 -24.920951775601594 0.6
      vertex -37.937481591082026 -24.78470094961277 0.6
      vertex -37.937481591082026 -24.21529905038723 0.6
    endloop
  endfacet
  facet normal 0 0 1
    outer loop
      vertex -37.937481591082026 -24.78470094961277 0.6
      vertex -37.90941065248881 -24.643578811442055 0.6
      vertex -37.90941065248881 -24.356421188557945 0.6
    endloop
  endfacet
  facet normal 0 0 1
    outer loop
      vertex -37.90941065248881 -24.643578811442055 0.6
      vertex -37.9 -24.5 0.6
      vertex -37.90941065248881 -24.356421188557945 0.6
    endloop
  endfacet
  facet normal 0 0 1
    outer loop
      vertex -38.222182540694796 -25.277817459305197 0.6
      vertex -38.12731132567964 -23.83036242809041 0.6
      vertex -38.222182540694796 -23.722182540694803 0.6
    endloop
  endfacet
  facet normal 0 0 1
    outer loop
      vertex -38.12731132567964 -25.16963757190959 0.6
      vertex -38.047372055837116 -23.950000000000003 0.6
      vertex -38.12731132567964 -23.83036242809041 0.6
    endloop
  endfacet
  facet normal 0 0 1
    outer loop
      vertex -37.98373251423759 -24.920951775601594 0.6
      vertex -37.937481591082026 -24.21529905038723 0.6
      vertex -37.98373251423759 -24.079048224398406 0.6
    endloop
  endfacet
  facet normal 0 0 1
    outer loop
      vertex -38.047372055837116 -25.049999999999997 0.6
      vertex -37.98373251423759 -24.079048224398406 0.6
      vertex -38.047372055837116 -23.950000000000003 0.6
    endloop
  endfacet
  facet normal 0 0 1
    outer loop
      vertex -37.937481591082026 -24.78470094961277 0.6
      vertex -37.90941065248881 -24.356421188557945 0.6
      vertex -37.937481591082026 -24.21529905038723 0.6
    endloop
  endfacet
  facet normal 0.896872741532704 0.4422886902189696 1.3698139279403963e-19
    outer loop
      vertex -39.952627944162884 -25.049999999999997 0.6
      vertex -40.01626748576241 -24.920951775601594 0.6
      vertex -40.01626748576241 -24.920951775601594 6
    endloop
  endfacet
  facet normal 0.9469301294951009 0.32143946530317574 -7.907963175043244e-20
    outer loop
      vertex -40.01626748576241 -24.920951775601594 0.6
      vertex -40.062518408917974 -24.78470094961277 0.6
      vertex -40.062518408917974 -24.78470094961277 6
    endloop
  endfacet
  facet normal 0.9807852804032293 0.19509032201613385 7.917198258107179e-20
    outer loop
      vertex -40.062518408917974 -24.78470094961277 0.6
      vertex -40.09058934751119 -24.643578811442055 0.6
      vertex -40.09058934751119 -24.643578811442055 6
    endloop
  endfacet
  facet normal 0.9978589232386026 0.06540312923015723 -1.0085408360156693e-20
    outer loop
      vertex -40.09058934751119 -24.643578811442055 0.6
      vertex -40.1 -24.5 0.6
      vertex -40.1 -24.5 6
    endloop
  endfacet
  facet normal 0.9978589232386026 -0.06540312923015723 1.0085408360156693e-20
    outer loop
      vertex -40.1 -24.5 0.6
      vertex -40.09058934751119 -24.356421188557945 0.6
      vertex -40.09058934751119 -24.356421188557945 6
    endloop
  endfacet
  facet normal 0.9807852804032293 -0.19509032201613385 -7.917198258107179e-20
    outer loop
      vertex -40.09058934751119 -24.356421188557945 0.6
      vertex -40.062518408917974 -24.21529905038723 0.6
      vertex -40.062518408917974 -24.21529905038723 6
    endloop
  endfacet
  facet normal 0.9469301294951009 -0.32143946530317574 7.907963175043244e-20
    outer loop
      vertex -40.062518408917974 -24.21529905038723 0.6
      vertex -40.01626748576241 -24.079048224398406 0.6
      vertex -40.01626748576241 -24.079048224398406 6
    endloop
  endfacet
  facet normal 0.896872741532704 -0.4422886902189696 -1.3698139279403963e-19
    outer loop
      vertex -40.01626748576241 -24.079048224398406 0.6
      vertex -39.952627944162884 -23.950000000000003 0.6
      vertex -39.952627944162884 -23.950000000000003 6
    endloop
  endfacet
  facet normal 0.6593458151000686 0.7518398074789776 0
    outer loop
      vertex -39.777817459305204 -25.277817459305197 0.6
      vertex -39.777817459305204 -25.277817459305197 6
      vertex -39.66963757190959 -25.372688674320358 0.6
    endloop
  endfacet
  facet normal 0.7518398074789806 0.6593458151000652 4.0649259187749105e-20
    outer loop
      vertex -39.777817459305204 -25.277817459305197 0.6
      vertex -39.87268867432036 -25.16963757190959 0.6
      vertex -39.87268867432036 -25.16963757190959 6
    endloop
  endfacet
  facet normal 0.5555702330196156 0.8314696123025362 -2.810269379007479e-19
    outer loop
      vertex -39.55 -25.452627944162884 0.6
      vertex -39.66963757190959 -25.372688674320358 0.6
      vertex -39.66963757190959 -25.372688674320358 6
    endloop
  endfacet
  facet normal 0.4422886902189892 0.8968727415326944 0
    outer loop
      vertex -39.55 -25.452627944162884 0.6
      vertex -39.55 -25.452627944162884 6
      vertex -39.4209517756016 -25.516267485762413 0.6
    endloop
  endfacet
  facet normal 0.321439465303205 0.9469301294950909 0
    outer loop
      vertex -39.4209517756016 -25.516267485762413 0.6
      vertex -39.4209517756016 -25.516267485762413 6
      vertex -39.28470094961277 -25.56251840891798 0.6
    endloop
  endfacet
  facet normal 0.19509032201613385 0.9807852804032293 7.917198258107179e-20
    outer loop
      vertex -39.143578811442055 -25.590589347511198 0.6
      vertex -39.28470094961277 -25.56251840891798 0.6
      vertex -39.28470094961277 -25.56251840891798 6
    endloop
  endfacet
  facet normal 0.06540312923005889 0.997858923238609 0
    outer loop
      vertex -39.143578811442055 -25.590589347511198 0.6
      vertex -39.143578811442055 -25.590589347511198 6
      vertex -39 -25.599999999999994 0.6
    endloop
  endfacet
  facet normal -0.06540312923005889 0.997858923238609 0
    outer loop
      vertex -39 -25.599999999999994 0.6
      vertex -39 -25.599999999999994 6
      vertex -38.856421188557945 -25.590589347511198 0.6
    endloop
  endfacet
  facet normal -0.19509032201613385 0.9807852804032293 0
    outer loop
      vertex -38.856421188557945 -25.590589347511198 0.6
      vertex -38.856421188557945 -25.590589347511198 6
      vertex -38.71529905038723 -25.56251840891798 0.6
    endloop
  endfacet
  facet normal -0.321439465303205 0.9469301294950909 0
    outer loop
      vertex -38.71529905038723 -25.56251840891798 0.6
      vertex -38.71529905038723 -25.56251840891798 6
      vertex -38.5790482243984 -25.516267485762413 0.6
    endloop
  endfacet
  facet normal -0.4422886902189892 0.8968727415326944 0
    outer loop
      vertex -38.5790482243984 -25.516267485762413 0.6
      vertex -38.5790482243984 -25.516267485762413 6
      vertex -38.45 -25.452627944162884 0.6
    endloop
  endfacet
  facet normal -0.5555702330196156 0.8314696123025362 0
    outer loop
      vertex -38.45 -25.452627944162884 0.6
      vertex -38.45 -25.452627944162884 6
      vertex -38.33036242809041 -25.372688674320358 0.6
    endloop
  endfacet
  facet normal -0.6593458151000686 0.7518398074789776 0
    outer loop
      vertex -38.33036242809041 -25.372688674320358 0.6
      vertex -38.33036242809041 -25.372688674320358 6
      vertex -38.222182540694796 -25.277817459305197 0.6
    endloop
  endfacet
  facet normal -0.7518398074789806 0.6593458151000652 0
    outer loop
      vertex -38.222182540694796 -25.277817459305197 0.6
      vertex -38.222182540694796 -25.277817459305197 6
      vertex -38.12731132567964 -25.16963757190959 0.6
    endloop
  endfacet
  facet normal 0.8314696123025362 0.5555702330196156 0
    outer loop
      vertex -39.952627944162884 -25.049999999999997 0.6
      vertex -39.952627944162884 -25.049999999999997 6
      vertex -39.87268867432036 -25.16963757190959 0.6
    endloop
  endfacet
  facet normal 0.8314696123025362 -0.5555702330196156 2.810269379007479e-19
    outer loop
      vertex -39.952627944162884 -23.950000000000003 0.6
      vertex -39.87268867432036 -23.83036242809041 0.6
      vertex -39.87268867432036 -23.83036242809041 6
    endloop
  endfacet
  facet normal 0.7518398074789806 -0.6593458151000652 -4.0649259187749105e-20
    outer loop
      vertex -39.87268867432036 -23.83036242809041 0.6
      vertex -39.777817459305204 -23.722182540694803 0.6
      vertex -39.777817459305204 -23.722182540694803 6
    endloop
  endfacet
  facet normal 0.6593458151000686 -0.7518398074789776 -7.164295260322507e-19
    outer loop
      vertex -39.777817459305204 -23.722182540694803 0.6
      vertex -39.66963757190959 -23.627311325679642 0.6
      vertex -39.66963757190959 -23.627311325679642 6
    endloop
  endfacet
  facet normal 0.5555702330196156 -0.8314696123025362 2.810269379007479e-19
    outer loop
      vertex -39.66963757190959 -23.627311325679642 0.6
      vertex -39.55 -23.547372055837116 0.6
      vertex -39.55 -23.547372055837116 6
    endloop
  endfacet
  facet normal 0.4422886902189892 -0.8968727415326944 6.052262747503466e-19
    outer loop
      vertex -39.55 -23.547372055837116 0.6
      vertex -39.4209517756016 -23.483732514237587 0.6
      vertex -39.4209517756016 -23.483732514237587 6
    endloop
  endfacet
  facet normal 0.321439465303205 -0.9469301294950909 1.3972769409499923e-19
    outer loop
      vertex -39.4209517756016 -23.483732514237587 0.6
      vertex -39.28470094961277 -23.43748159108202 0.6
      vertex -39.28470094961277 -23.43748159108202 6
    endloop
  endfacet
  facet normal 0.19509032201613385 -0.9807852804032293 -7.917198258107179e-20
    outer loop
      vertex -39.28470094961277 -23.43748159108202 0.6
      vertex -39.143578811442055 -23.409410652488802 0.6
      vertex -39.143578811442055 -23.409410652488802 6
    endloop
  endfacet
  facet normal 0.06540312923005889 -0.997858923238609 1.2702273025785126e-19
    outer loop
      vertex -39.143578811442055 -23.409410652488802 0.6
      vertex -39 -23.400000000000006 0.6
      vertex -39 -23.400000000000006 6
    endloop
  endfacet
  facet normal -0.06540312923005889 -0.997858923238609 -1.2702273025785126e-19
    outer loop
      vertex -39 -23.400000000000006 0.6
      vertex -38.856421188557945 -23.409410652488802 0.6
      vertex -38.856421188557945 -23.409410652488802 6
    endloop
  endfacet
  facet normal -0.19509032201613385 -0.9807852804032293 0
    outer loop
      vertex -38.71529905038723 -23.43748159108202 0.6
      vertex -38.71529905038723 -23.43748159108202 6
      vertex -38.856421188557945 -23.409410652488802 0.6
    endloop
  endfacet
  facet normal -0.4422886902189892 -0.8968727415326944 0
    outer loop
      vertex -38.45 -23.547372055837116 0.6
      vertex -38.45 -23.547372055837116 6
      vertex -38.5790482243984 -23.483732514237587 0.6
    endloop
  endfacet
  facet normal -0.5555702330196156 -0.8314696123025362 -2.810269379007479e-19
    outer loop
      vertex -38.45 -23.547372055837116 0.6
      vertex -38.33036242809041 -23.627311325679642 0.6
      vertex -38.33036242809041 -23.627311325679642 6
    endloop
  endfacet
  facet normal -0.321439465303205 -0.9469301294950909 -1.3972769409499923e-19
    outer loop
      vertex -38.71529905038723 -23.43748159108202 0.6
      vertex -38.5790482243984 -23.483732514237587 0.6
      vertex -38.5790482243984 -23.483732514237587 6
    endloop
  endfacet
  facet normal -0.8314696123025362 0.5555702330196156 0
    outer loop
      vertex -38.12731132567964 -25.16963757190959 0.6
      vertex -38.12731132567964 -25.16963757190959 6
      vertex -38.047372055837116 -25.049999999999997 0.6
    endloop
  endfacet
  facet normal -0.896872741532704 0.4422886902189696 0
    outer loop
      vertex -38.047372055837116 -25.049999999999997 0.6
      vertex -38.047372055837116 -25.049999999999997 6
      vertex -37.98373251423759 -24.920951775601594 0.6
    endloop
  endfacet
  facet normal -0.9469301294951009 0.32143946530317574 0
    outer loop
      vertex -37.98373251423759 -24.920951775601594 0.6
      vertex -37.98373251423759 -24.920951775601594 6
      vertex -37.937481591082026 -24.78470094961277 0.6
    endloop
  endfacet
  facet normal -0.9807852804032293 0.19509032201613385 0
    outer loop
      vertex -37.937481591082026 -24.78470094961277 0.6
      vertex -37.937481591082026 -24.78470094961277 6
      vertex -37.90941065248881 -24.643578811442055 0.6
    endloop
  endfacet
  facet normal -0.9978589232386026 0.06540312923015723 0
    outer loop
      vertex -37.90941065248881 -24.643578811442055 0.6
      vertex -37.90941065248881 -24.643578811442055 6
      vertex -37.9 -24.5 0.6
    endloop
  endfacet
  facet normal -0.9978589232386026 -0.06540312923015723 0
    outer loop
      vertex -37.9 -24.5 0.6
      vertex -37.9 -24.5 6
      vertex -37.90941065248881 -24.356421188557945 0.6
    endloop
  endfacet
  facet normal -0.9807852804032293 -0.19509032201613385 0
    outer loop
      vertex -37.90941065248881 -24.356421188557945 0.6
      vertex -37.90941065248881 -24.356421188557945 6
      vertex -37.937481591082026 -24.21529905038723 0.6
    endloop
  endfacet
  facet normal -0.9469301294951009 -0.32143946530317574 0
    outer loop
      vertex -37.937481591082026 -24.21529905038723 0.6
      vertex -37.937481591082026 -24.21529905038723 6
      vertex -37.98373251423759 -24.079048224398406 0.6
    endloop
  endfacet
  facet normal -0.896872741532704 -0.4422886902189696 0
    outer loop
      vertex -37.98373251423759 -24.079048224398406 0.6
      vertex -37.98373251423759 -24.079048224398406 6
      vertex -38.047372055837116 -23.950000000000003 0.6
    endloop
  endfacet
  facet normal -0.8314696123025362 -0.5555702330196156 0
    outer loop
      vertex -38.047372055837116 -23.950000000000003 0.6
      vertex -38.047372055837116 -23.950000000000003 6
      vertex -38.12731132567964 -23.83036242809041 0.6
    endloop
  endfacet
  facet normal -0.7518398074789806 -0.6593458151000652 0
    outer loop
      vertex -38.12731132567964 -23.83036242809041 0.6
      vertex -38.12731132567964 -23.83036242809041 6
      vertex -38.222182540694796 -23.722182540694803 0.6
    endloop
  endfacet
  facet normal -0.6593458151000686 -0.7518398074789776 7.164295260322507e-19
    outer loop
      vertex -38.33036242809041 -23.627311325679642 0.6
      vertex -38.222182540694796 -23.722182540694803 0.6
      vertex -38.222182540694796 -23.722182540694803 6
    endloop
  endfacet
  facet normal 0.896872741532704 0.4422886902189696 0
    outer loop
      vertex -39.952627944162884 -25.049999999999997 0.6
      vertex -40.01626748576241 -24.920951775601594 6
      vertex -39.952627944162884 -25.049999999999997 6
    endloop
  endfacet
  facet normal 0.9469301294951009 0.32143946530317574 0
    outer loop
      vertex -40.01626748576241 -24.920951775601594 0.6
      vertex -40.062518408917974 -24.78470094961277 6
      vertex -40.01626748576241 -24.920951775601594 6
    endloop
  endfacet
  facet normal 0.9807852804032293 0.19509032201613385 0
    outer loop
      vertex -40.062518408917974 -24.78470094961277 0.6
      vertex -40.09058934751119 -24.643578811442055 6
      vertex -40.062518408917974 -24.78470094961277 6
    endloop
  endfacet
  facet normal 0.9978589232386026 0.06540312923015723 0
    outer loop
      vertex -40.09058934751119 -24.643578811442055 0.6
      vertex -40.1 -24.5 6
      vertex -40.09058934751119 -24.643578811442055 6
    endloop
  endfacet
  facet normal 0.9978589232386026 -0.06540312923015723 0
    outer loop
      vertex -40.1 -24.5 0.6
      vertex -40.09058934751119 -24.356421188557945 6
      vertex -40.1 -24.5 6
    endloop
  endfacet
  facet normal 0.9807852804032293 -0.19509032201613385 0
    outer loop
      vertex -40.09058934751119 -24.356421188557945 0.6
      vertex -40.062518408917974 -24.21529905038723 6
      vertex -40.09058934751119 -24.356421188557945 6
    endloop
  endfacet
  facet normal 0.9469301294951009 -0.32143946530317574 0
    outer loop
      vertex -40.062518408917974 -24.21529905038723 0.6
      vertex -40.01626748576241 -24.079048224398406 6
      vertex -40.062518408917974 -24.21529905038723 6
    endloop
  endfacet
  facet normal 0.896872741532704 -0.4422886902189696 0
    outer loop
      vertex -40.01626748576241 -24.079048224398406 0.6
      vertex -39.952627944162884 -23.950000000000003 6
      vertex -40.01626748576241 -24.079048224398406 6
    endloop
  endfacet
  facet normal 0.7518398074789806 0.6593458151000652 0
    outer loop
      vertex -39.777817459305204 -25.277817459305197 0.6
      vertex -39.87268867432036 -25.16963757190959 6
      vertex -39.777817459305204 -25.277817459305197 6
    endloop
  endfacet
  facet normal 0.6593458151000686 0.7518398074789776 0
    outer loop
      vertex -39.66963757190959 -25.372688674320358 0.6
      vertex -39.777817459305204 -25.277817459305197 6
      vertex -39.66963757190959 -25.372688674320358 6
    endloop
  endfacet
  facet normal 0.5555702330196156 0.8314696123025362 0
    outer loop
      vertex -39.55 -25.452627944162884 0.6
      vertex -39.66963757190959 -25.372688674320358 6
      vertex -39.55 -25.452627944162884 6
    endloop
  endfacet
  facet normal 0.4422886902189892 0.8968727415326944 0
    outer loop
      vertex -39.4209517756016 -25.516267485762413 0.6
      vertex -39.55 -25.452627944162884 6
      vertex -39.4209517756016 -25.516267485762413 6
    endloop
  endfacet
  facet normal 0.321439465303205 0.9469301294950909 0
    outer loop
      vertex -39.28470094961277 -25.56251840891798 0.6
      vertex -39.4209517756016 -25.516267485762413 6
      vertex -39.28470094961277 -25.56251840891798 6
    endloop
  endfacet
  facet normal 0.19509032201613385 0.9807852804032293 0
    outer loop
      vertex -39.143578811442055 -25.590589347511198 0.6
      vertex -39.28470094961277 -25.56251840891798 6
      vertex -39.143578811442055 -25.590589347511198 6
    endloop
  endfacet
  facet normal 0.06540312923005889 0.997858923238609 0
    outer loop
      vertex -39 -25.599999999999994 0.6
      vertex -39.143578811442055 -25.590589347511198 6
      vertex -39 -25.599999999999994 6
    endloop
  endfacet
  facet normal -0.06540312923005889 0.997858923238609 0
    outer loop
      vertex -38.856421188557945 -25.590589347511198 0.6
      vertex -39 -25.599999999999994 6
      vertex -38.856421188557945 -25.590589347511198 6
    endloop
  endfacet
  facet normal -0.19509032201613385 0.9807852804032293 0
    outer loop
      vertex -38.71529905038723 -25.56251840891798 0.6
      vertex -38.856421188557945 -25.590589347511198 6
      vertex -38.71529905038723 -25.56251840891798 6
    endloop
  endfacet
  facet normal -0.321439465303205 0.9469301294950909 0
    outer loop
      vertex -38.5790482243984 -25.516267485762413 0.6
      vertex -38.71529905038723 -25.56251840891798 6
      vertex -38.5790482243984 -25.516267485762413 6
    endloop
  endfacet
  facet normal -0.4422886902189892 0.8968727415326944 0
    outer loop
      vertex -38.45 -25.452627944162884 0.6
      vertex -38.5790482243984 -25.516267485762413 6
      vertex -38.45 -25.452627944162884 6
    endloop
  endfacet
  facet normal -0.5555702330196156 0.8314696123025362 0
    outer loop
      vertex -38.33036242809041 -25.372688674320358 0.6
      vertex -38.45 -25.452627944162884 6
      vertex -38.33036242809041 -25.372688674320358 6
    endloop
  endfacet
  facet normal -0.6593458151000686 0.7518398074789776 0
    outer loop
      vertex -38.222182540694796 -25.277817459305197 0.6
      vertex -38.33036242809041 -25.372688674320358 6
      vertex -38.222182540694796 -25.277817459305197 6
    endloop
  endfacet
  facet normal -0.7518398074789806 0.6593458151000652 0
    outer loop
      vertex -38.12731132567964 -25.16963757190959 0.6
      vertex -38.222182540694796 -25.277817459305197 6
      vertex -38.12731132567964 -25.16963757190959 6
    endloop
  endfacet
  facet normal 0.8314696123025362 0.5555702330196156 0
    outer loop
      vertex -39.87268867432036 -25.16963757190959 0.6
      vertex -39.952627944162884 -25.049999999999997 6
      vertex -39.87268867432036 -25.16963757190959 6
    endloop
  endfacet
  facet normal 0.8314696123025362 -0.5555702330196156 0
    outer loop
      vertex -39.952627944162884 -23.950000000000003 0.6
      vertex -39.87268867432036 -23.83036242809041 6
      vertex -39.952627944162884 -23.950000000000003 6
    endloop
  endfacet
  facet normal 0.7518398074789806 -0.6593458151000652 0
    outer loop
      vertex -39.87268867432036 -23.83036242809041 0.6
      vertex -39.777817459305204 -23.722182540694803 6
      vertex -39.87268867432036 -23.83036242809041 6
    endloop
  endfacet
  facet normal 0.6593458151000686 -0.7518398074789776 0
    outer loop
      vertex -39.777817459305204 -23.722182540694803 0.6
      vertex -39.66963757190959 -23.627311325679642 6
      vertex -39.777817459305204 -23.722182540694803 6
    endloop
  endfacet
  facet normal 0.5555702330196156 -0.8314696123025362 0
    outer loop
      vertex -39.66963757190959 -23.627311325679642 0.6
      vertex -39.55 -23.547372055837116 6
      vertex -39.66963757190959 -23.627311325679642 6
    endloop
  endfacet
  facet normal 0.4422886902189892 -0.8968727415326944 0
    outer loop
      vertex -39.55 -23.547372055837116 0.6
      vertex -39.4209517756016 -23.483732514237587 6
      vertex -39.55 -23.547372055837116 6
    endloop
  endfacet
  facet normal 0.321439465303205 -0.9469301294950909 0
    outer loop
      vertex -39.4209517756016 -23.483732514237587 0.6
      vertex -39.28470094961277 -23.43748159108202 6
      vertex -39.4209517756016 -23.483732514237587 6
    endloop
  endfacet
  facet normal 0.19509032201613385 -0.9807852804032293 0
    outer loop
      vertex -39.28470094961277 -23.43748159108202 0.6
      vertex -39.143578811442055 -23.409410652488802 6
      vertex -39.28470094961277 -23.43748159108202 6
    endloop
  endfacet
  facet normal 0.06540312923005889 -0.997858923238609 0
    outer loop
      vertex -39.143578811442055 -23.409410652488802 0.6
      vertex -39 -23.400000000000006 6
      vertex -39.143578811442055 -23.409410652488802 6
    endloop
  endfacet
  facet normal -0.06540312923005889 -0.997858923238609 0
    outer loop
      vertex -39 -23.400000000000006 0.6
      vertex -38.856421188557945 -23.409410652488802 6
      vertex -39 -23.400000000000006 6
    endloop
  endfacet
  facet normal -0.19509032201613385 -0.9807852804032293 0
    outer loop
      vertex -38.856421188557945 -23.409410652488802 0.6
      vertex -38.71529905038723 -23.43748159108202 6
      vertex -38.856421188557945 -23.409410652488802 6
    endloop
  endfacet
  facet normal -0.4422886902189892 -0.8968727415326944 0
    outer loop
      vertex -38.5790482243984 -23.483732514237587 0.6
      vertex -38.45 -23.547372055837116 6
      vertex -38.5790482243984 -23.483732514237587 6
    endloop
  endfacet
  facet normal -0.6593458151000686 -0.7518398074789776 0
    outer loop
      vertex -38.33036242809041 -23.627311325679642 0.6
      vertex -38.222182540694796 -23.722182540694803 6
      vertex -38.33036242809041 -23.627311325679642 6
    endloop
  endfacet
  facet normal -0.5555702330196156 -0.8314696123025362 0
    outer loop
      vertex -38.45 -23.547372055837116 0.6
      vertex -38.33036242809041 -23.627311325679642 6
      vertex -38.45 -23.547372055837116 6
    endloop
  endfacet
  facet normal -0.321439465303205 -0.9469301294950909 0
    outer loop
      vertex -38.71529905038723 -23.43748159108202 0.6
      vertex -38.5790482243984 -23.483732514237587 6
      vertex -38.71529905038723 -23.43748159108202 6
    endloop
  endfacet
  facet normal -0.8314696123025362 0.5555702330196156 0
    outer loop
      vertex -38.047372055837116 -25.049999999999997 0.6
      vertex -38.12731132567964 -25.16963757190959 6
      vertex -38.047372055837116 -25.049999999999997 6
    endloop
  endfacet
  facet normal -0.896872741532704 0.4422886902189696 0
    outer loop
      vertex -37.98373251423759 -24.920951775601594 0.6
      vertex -38.047372055837116 -25.049999999999997 6
      vertex -37.98373251423759 -24.920951775601594 6
    endloop
  endfacet
  facet normal -0.9469301294951009 0.32143946530317574 0
    outer loop
      vertex -37.937481591082026 -24.78470094961277 0.6
      vertex -37.98373251423759 -24.920951775601594 6
      vertex -37.937481591082026 -24.78470094961277 6
    endloop
  endfacet
  facet normal -0.9807852804032293 0.19509032201613385 0
    outer loop
      vertex -37.90941065248881 -24.643578811442055 0.6
      vertex -37.937481591082026 -24.78470094961277 6
      vertex -37.90941065248881 -24.643578811442055 6
    endloop
  endfacet
  facet normal -0.9978589232386026 0.06540312923015723 0
    outer loop
      vertex -37.9 -24.5 0.6
      vertex -37.90941065248881 -24.643578811442055 6
      vertex -37.9 -24.5 6
    endloop
  endfacet
  facet normal -0.9978589232386026 -0.06540312923015723 0
    outer loop
      vertex -37.90941065248881 -24.356421188557945 0.6
      vertex -37.9 -24.5 6
      vertex -37.90941065248881 -24.356421188557945 6
    endloop
  endfacet
  facet normal -0.9807852804032293 -0.19509032201613385 0
    outer loop
      vertex -37.937481591082026 -24.21529905038723 0.6
      vertex -37.90941065248881 -24.356421188557945 6
      vertex -37.937481591082026 -24.21529905038723 6
    endloop
  endfacet
  facet normal -0.9469301294951009 -0.32143946530317574 0
    outer loop
      vertex -37.98373251423759 -24.079048224398406 0.6
      vertex -37.937481591082026 -24.21529905038723 6
      vertex -37.98373251423759 -24.079048224398406 6
    endloop
  endfacet
  facet normal -0.896872741532704 -0.4422886902189696 0
    outer loop
      vertex -38.047372055837116 -23.950000000000003 0.6
      vertex -37.98373251423759 -24.079048224398406 6
      vertex -38.047372055837116 -23.950000000000003 6
    endloop
  endfacet
  facet normal -0.8314696123025362 -0.5555702330196156 0
    outer loop
      vertex -38.12731132567964 -23.83036242809041 0.6
      vertex -38.047372055837116 -23.950000000000003 6
      vertex -38.12731132567964 -23.83036242809041 6
    endloop
  endfacet
  facet normal -0.7518398074789806 -0.6593458151000652 0
    outer loop
      vertex -38.222182540694796 -23.722182540694803 0.6
      vertex -38.12731132567964 -23.83036242809041 6
      vertex -38.222182540694796 -23.722182540694803 6
    endloop
  endfacet
  facet normal 0 0 1
    outer loop
      vertex 18.2221825406948 -25.277817459305197 0.6
      vertex 18.2221825406948 -23.722182540694803 0.6
      vertex 18.127311325679642 -25.16963757190959 0.6
    endloop
  endfacet
  facet normal 0 0 1
    outer loop
      vertex 18.2221825406948 -25.277817459305197 0.6
      vertex 18.330362428090407 -25.372688674320358 0.6
      vertex 18.330362428090407 -23.627311325679642 0.6
    endloop
  endfacet
  facet normal 0 0 1
    outer loop
      vertex 18.45 -25.452627944162884 0.6
      vertex 18.45 -23.547372055837116 0.6
      vertex 18.330362428090407 -25.372688674320358 0.6
    endloop
  endfacet
  facet normal 0 0 1
    outer loop
      vertex 18.45 -25.452627944162884 0.6
      vertex 18.579048224398402 -25.516267485762413 0.6
      vertex 18.579048224398402 -23.483732514237587 0.6
    endloop
  endfacet
  facet normal 0 0 1
    outer loop
      vertex 17.937481591082026 -24.78470094961277 0.6
      vertex 17.937481591082026 -24.21529905038723 0.6
      vertex 17.90941065248881 -24.643578811442055 0.6
    endloop
  endfacet
  facet normal 0 0 1
    outer loop
      vertex 17.90941065248881 -24.643578811442055 0.6
      vertex 17.90941065248881 -24.356421188557945 0.6
      vertex 17.9 -24.5 0.6
    endloop
  endfacet
  facet normal 0 0 1
    outer loop
      vertex 18.04737205583712 -25.049999999999997 0.6
      vertex 18.04737205583712 -23.950000000000003 0.6
      vertex 17.983732514237584 -24.920951775601594 0.6
    endloop
  endfacet
  facet normal 0 0 1
    outer loop
      vertex 17.983732514237584 -24.920951775601594 0.6
      vertex 17.983732514237584 -24.079048224398406 0.6
      vertex 17.937481591082026 -24.78470094961277 0.6
    endloop
  endfacet
  facet normal 0 0 1
    outer loop
      vertex 18.04737205583712 -25.049999999999997 0.6
      vertex 18.127311325679642 -25.16963757190959 0.6
      vertex 18.127311325679642 -23.83036242809041 0.6
    endloop
  endfacet
  facet normal 0 0 1
    outer loop
      vertex 17.90941065248881 -24.643578811442055 0.6
      vertex 17.937481591082026 -24.21529905038723 0.6
      vertex 17.90941065248881 -24.356421188557945 0.6
    endloop
  endfacet
  facet normal 0 0 1
    outer loop
      vertex 17.937481591082026 -24.78470094961277 0.6
      vertex 17.983732514237584 -24.079048224398406 0.6
      vertex 17.937481591082026 -24.21529905038723 0.6
    endloop
  endfacet
  facet normal 0 0 1
    outer loop
      vertex 17.983732514237584 -24.920951775601594 0.6
      vertex 18.04737205583712 -23.950000000000003 0.6
      vertex 17.983732514237584 -24.079048224398406 0.6
    endloop
  endfacet
  facet normal 0 0 1
    outer loop
      vertex 18.04737205583712 -25.049999999999997 0.6
      vertex 18.127311325679642 -23.83036242809041 0.6
      vertex 18.04737205583712 -23.950000000000003 0.6
    endloop
  endfacet
  facet normal 0 0 1
    outer loop
      vertex 18.127311325679642 -25.16963757190959 0.6
      vertex 18.2221825406948 -23.722182540694803 0.6
      vertex 18.127311325679642 -23.83036242809041 0.6
    endloop
  endfacet
  facet normal 0 0 1
    outer loop
      vertex 18.2221825406948 -25.277817459305197 0.6
      vertex 18.330362428090407 -23.627311325679642 0.6
      vertex 18.2221825406948 -23.722182540694803 0.6
    endloop
  endfacet
  facet normal 0 0 1
    outer loop
      vertex 18.330362428090407 -25.372688674320358 0.6
      vertex 18.45 -23.547372055837116 0.6
      vertex 18.330362428090407 -23.627311325679642 0.6
    endloop
  endfacet
  facet normal 0 0 1
    outer loop
      vertex 18.45 -25.452627944162884 0.6
      vertex 18.579048224398402 -23.483732514237587 0.6
      vertex 18.45 -23.547372055837116 0.6
    endloop
  endfacet
  facet normal 0 0 1
    outer loop
      vertex 18.579048224398402 -25.516267485762413 0.6
      vertex 18.715299050387227 -25.56251840891798 0.6
      vertex 18.715299050387227 -23.43748159108202 0.6
    endloop
  endfacet
  facet normal 0 0 1
    outer loop
      vertex 18.856421188557942 -25.590589347511198 0.6
      vertex 18.856421188557942 -23.409410652488802 0.6
      vertex 18.715299050387227 -25.56251840891798 0.6
    endloop
  endfacet
  facet normal 0 0 1
    outer loop
      vertex 18.856421188557942 -25.590589347511198 0.6
      vertex 19 -25.599999999999994 0.6
      vertex 19 -23.400000000000006 0.6
    endloop
  endfacet
  facet normal 0 0 1
    outer loop
      vertex 19 -25.599999999999994 0.6
      vertex 19.143578811442058 -25.590589347511198 0.6
      vertex 19.143578811442058 -23.409410652488802 0.6
    endloop
  endfacet
  facet normal 0 0 1
    outer loop
      vertex 19.143578811442058 -25.590589347511198 0.6
      vertex 19.284700949612773 -25.56251840891798 0.6
      vertex 19.284700949612773 -23.43748159108202 0.6
    endloop
  endfacet
  facet normal 0 0 1
    outer loop
      vertex 19.284700949612773 -25.56251840891798 0.6
      vertex 19.420951775601598 -25.516267485762413 0.6
      vertex 19.420951775601598 -23.483732514237587 0.6
    endloop
  endfacet
  facet normal 0 0 1
    outer loop
      vertex 19.420951775601598 -25.516267485762413 0.6
      vertex 19.55 -25.452627944162884 0.6
      vertex 19.55 -23.547372055837116 0.6
    endloop
  endfacet
  facet normal 0 0 1
    outer loop
      vertex 19.55 -25.452627944162884 0.6
      vertex 19.669637571909593 -25.372688674320358 0.6
      vertex 19.669637571909593 -23.627311325679642 0.6
    endloop
  endfacet
  facet normal 0 0 1
    outer loop
      vertex 19.669637571909593 -25.372688674320358 0.6
      vertex 19.7778174593052 -25.277817459305197 0.6
      vertex 19.7778174593052 -23.722182540694803 0.6
    endloop
  endfacet
  facet normal 0 0 1
    outer loop
      vertex 19.7778174593052 -25.277817459305197 0.6
      vertex 19.872688674320358 -25.16963757190959 0.6
      vertex 19.872688674320358 -23.83036242809041 0.6
    endloop
  endfacet
  facet normal 0 0 1
    outer loop
      vertex 19.872688674320358 -25.16963757190959 0.6
      vertex 19.95262794416288 -25.049999999999997 0.6
      vertex 19.95262794416288 -23.950000000000003 0.6
    endloop
  endfacet
  facet normal 0 0 1
    outer loop
      vertex 19.669637571909593 -25.372688674320358 0.6
      vertex 19.7778174593052 -23.722182540694803 0.6
      vertex 19.669637571909593 -23.627311325679642 0.6
    endloop
  endfacet
  facet normal 0 0 1
    outer loop
      vertex 19.7778174593052 -25.277817459305197 0.6
      vertex 19.872688674320358 -23.83036242809041 0.6
      vertex 19.7778174593052 -23.722182540694803 0.6
    endloop
  endfacet
  facet normal 0 0 1
    outer loop
      vertex 19.95262794416288 -25.049999999999997 0.6
      vertex 20.016267485762416 -24.920951775601594 0.6
      vertex 20.016267485762416 -24.079048224398406 0.6
    endloop
  endfacet
  facet normal 0 0 1
    outer loop
      vertex 20.016267485762416 -24.920951775601594 0.6
      vertex 20.062518408917974 -24.78470094961277 0.6
      vertex 20.062518408917974 -24.21529905038723 0.6
    endloop
  endfacet
  facet normal 0 0 1
    outer loop
      vertex 20.062518408917974 -24.78470094961277 0.6
      vertex 20.09058934751119 -24.643578811442055 0.6
      vertex 20.09058934751119 -24.356421188557945 0.6
    endloop
  endfacet
  facet normal 0 0 1
    outer loop
      vertex 20.09058934751119 -24.643578811442055 0.6
      vertex 20.1 -24.5 0.6
      vertex 20.09058934751119 -24.356421188557945 0.6
    endloop
  endfacet
  facet normal 0 0 1
    outer loop
      vertex 20.016267485762416 -24.920951775601594 0.6
      vertex 20.062518408917974 -24.21529905038723 0.6
      vertex 20.016267485762416 -24.079048224398406 0.6
    endloop
  endfacet
  facet normal 0 0 1
    outer loop
      vertex 19.95262794416288 -25.049999999999997 0.6
      vertex 20.016267485762416 -24.079048224398406 0.6
      vertex 19.95262794416288 -23.950000000000003 0.6
    endloop
  endfacet
  facet normal 0 0 1
    outer loop
      vertex 19.872688674320358 -25.16963757190959 0.6
      vertex 19.95262794416288 -23.950000000000003 0.6
      vertex 19.872688674320358 -23.83036242809041 0.6
    endloop
  endfacet
  facet normal 0 0 1
    outer loop
      vertex 20.062518408917974 -24.78470094961277 0.6
      vertex 20.09058934751119 -24.356421188557945 0.6
      vertex 20.062518408917974 -24.21529905038723 0.6
    endloop
  endfacet
  facet normal 0 0 1
    outer loop
      vertex 18.579048224398402 -25.516267485762413 0.6
      vertex 18.715299050387227 -23.43748159108202 0.6
      vertex 18.579048224398402 -23.483732514237587 0.6
    endloop
  endfacet
  facet normal 0 0 1
    outer loop
      vertex 18.715299050387227 -25.56251840891798 0.6
      vertex 18.856421188557942 -23.409410652488802 0.6
      vertex 18.715299050387227 -23.43748159108202 0.6
    endloop
  endfacet
  facet normal 0 0 1
    outer loop
      vertex 18.856421188557942 -25.590589347511198 0.6
      vertex 19 -23.400000000000006 0.6
      vertex 18.856421188557942 -23.409410652488802 0.6
    endloop
  endfacet
  facet normal 0 0 1
    outer loop
      vertex 19 -25.599999999999994 0.6
      vertex 19.143578811442058 -23.409410652488802 0.6
      vertex 19 -23.400000000000006 0.6
    endloop
  endfacet
  facet normal 0 0 1
    outer loop
      vertex 19.143578811442058 -25.590589347511198 0.6
      vertex 19.284700949612773 -23.43748159108202 0.6
      vertex 19.143578811442058 -23.409410652488802 0.6
    endloop
  endfacet
  facet normal 0 0 1
    outer loop
      vertex 19.284700949612773 -25.56251840891798 0.6
      vertex 19.420951775601598 -23.483732514237587 0.6
      vertex 19.284700949612773 -23.43748159108202 0.6
    endloop
  endfacet
  facet normal 0 0 1
    outer loop
      vertex 19.420951775601598 -25.516267485762413 0.6
      vertex 19.55 -23.547372055837116 0.6
      vertex 19.420951775601598 -23.483732514237587 0.6
    endloop
  endfacet
  facet normal 0 0 1
    outer loop
      vertex 19.55 -25.452627944162884 0.6
      vertex 19.669637571909593 -23.627311325679642 0.6
      vertex 19.55 -23.547372055837116 0.6
    endloop
  endfacet
  facet normal 0.7518398074789684 0.6593458151000792 1.0399501118987498e-18
    outer loop
      vertex 18.2221825406948 -25.277817459305197 0.6
      vertex 18.127311325679642 -25.16963757190959 0.6
      vertex 18.127311325679642 -25.16963757190959 6
    endloop
  endfacet
  facet normal 0.4422886902189696 0.896872741532704 0
    outer loop
      vertex 18.45 -25.452627944162884 0.6
      vertex 18.45 -25.452627944162884 6
      vertex 18.579048224398402 -25.516267485762413 0.6
    endloop
  endfacet
  facet normal 0.6593458151000932 0.7518398074789561 0
    outer loop
      vertex 18.2221825406948 -25.277817459305197 0.6
      vertex 18.2221825406948 -25.277817459305197 6
      vertex 18.330362428090407 -25.372688674320358 0.6
    endloop
  endfacet
  facet normal 0.5555702330196156 0.8314696123025362 -2.810269379007479e-19
    outer loop
      vertex 18.45 -25.452627944162884 0.6
      vertex 18.330362428090407 -25.372688674320358 0.6
      vertex 18.330362428090407 -25.372688674320358 6
    endloop
  endfacet
  facet normal 0.19509032201613385 0.9807852804032293 7.917198258107179e-20
    outer loop
      vertex 18.856421188557942 -25.590589347511198 0.6
      vertex 18.715299050387227 -25.56251840891798 0.6
      vertex 18.715299050387227 -25.56251840891798 6
    endloop
  endfacet
  facet normal 0.32143946530322 0.9469301294950857 0
    outer loop
      vertex 18.579048224398402 -25.516267485762413 0.6
      vertex 18.579048224398402 -25.516267485762413 6
      vertex 18.715299050387227 -25.56251840891798 0.6
    endloop
  endfacet
  facet normal 0.06540312923005727 0.997858923238609 0
    outer loop
      vertex 18.856421188557942 -25.590589347511198 0.6
      vertex 18.856421188557942 -25.590589347511198 6
      vertex 19 -25.599999999999994 0.6
    endloop
  endfacet
  facet normal -0.06540312923005727 0.997858923238609 0
    outer loop
      vertex 19 -25.599999999999994 0.6
      vertex 19 -25.599999999999994 6
      vertex 19.143578811442058 -25.590589347511198 0.6
    endloop
  endfacet
  facet normal -0.19509032201613385 0.9807852804032293 0
    outer loop
      vertex 19.143578811442058 -25.590589347511198 0.6
      vertex 19.143578811442058 -25.590589347511198 6
      vertex 19.284700949612773 -25.56251840891798 0.6
    endloop
  endfacet
  facet normal -0.32143946530322 0.9469301294950857 0
    outer loop
      vertex 19.284700949612773 -25.56251840891798 0.6
      vertex 19.284700949612773 -25.56251840891798 6
      vertex 19.420951775601598 -25.516267485762413 0.6
    endloop
  endfacet
  facet normal -0.4422886902189696 0.896872741532704 0
    outer loop
      vertex 19.420951775601598 -25.516267485762413 0.6
      vertex 19.420951775601598 -25.516267485762413 6
      vertex 19.55 -25.452627944162884 0.6
    endloop
  endfacet
  facet normal -0.5555702330196156 0.8314696123025362 0
    outer loop
      vertex 19.55 -25.452627944162884 0.6
      vertex 19.55 -25.452627944162884 6
      vertex 19.669637571909593 -25.372688674320358 0.6
    endloop
  endfacet
  facet normal -0.6593458151000932 0.7518398074789561 0
    outer loop
      vertex 19.669637571909593 -25.372688674320358 0.6
      vertex 19.669637571909593 -25.372688674320358 6
      vertex 19.7778174593052 -25.277817459305197 0.6
    endloop
  endfacet
  facet normal -0.7518398074789684 0.6593458151000792 0
    outer loop
      vertex 19.7778174593052 -25.277817459305197 0.6
      vertex 19.7778174593052 -25.277817459305197 6
      vertex 19.872688674320358 -25.16963757190959 0.6
    endloop
  endfacet
  facet normal 0.8314696123025477 0.5555702330195985 0
    outer loop
      vertex 18.04737205583712 -25.049999999999997 0.6
      vertex 18.04737205583712 -25.049999999999997 6
      vertex 18.127311325679642 -25.16963757190959 0.6
    endloop
  endfacet
  facet normal 0.8968727415326843 0.44228869021900924 1.0712733039363179e-18
    outer loop
      vertex 18.04737205583712 -25.049999999999997 0.6
      vertex 17.983732514237584 -24.920951775601594 0.6
      vertex 17.983732514237584 -24.920951775601594 6
    endloop
  endfacet
  facet normal 0.9469301294951085 0.32143946530315365 1.400202644707515e-20
    outer loop
      vertex 17.983732514237584 -24.920951775601594 0.6
      vertex 17.937481591082026 -24.78470094961277 0.6
      vertex 17.937481591082026 -24.78470094961277 6
    endloop
  endfacet
  facet normal 0.9807852804032293 0.19509032201613385 7.917198258107179e-20
    outer loop
      vertex 17.937481591082026 -24.78470094961277 0.6
      vertex 17.90941065248881 -24.643578811442055 0.6
      vertex 17.90941065248881 -24.643578811442055 6
    endloop
  endfacet
  facet normal 0.9978589232386026 0.06540312923015723 -1.0085408360156693e-20
    outer loop
      vertex 17.90941065248881 -24.643578811442055 0.6
      vertex 17.9 -24.5 0.6
      vertex 17.9 -24.5 6
    endloop
  endfacet
  facet normal 0.9978589232386026 -0.06540312923015723 1.0085408360156693e-20
    outer loop
      vertex 17.9 -24.5 0.6
      vertex 17.90941065248881 -24.356421188557945 0.6
      vertex 17.90941065248881 -24.356421188557945 6
    endloop
  endfacet
  facet normal 0.9807852804032293 -0.19509032201613385 -7.917198258107179e-20
    outer loop
      vertex 17.90941065248881 -24.356421188557945 0.6
      vertex 17.937481591082026 -24.21529905038723 0.6
      vertex 17.937481591082026 -24.21529905038723 6
    endloop
  endfacet
  facet normal 0.9469301294951085 -0.32143946530315365 -1.400202644707515e-20
    outer loop
      vertex 17.937481591082026 -24.21529905038723 0.6
      vertex 17.983732514237584 -24.079048224398406 0.6
      vertex 17.983732514237584 -24.079048224398406 6
    endloop
  endfacet
  facet normal 0.8968727415326843 -0.44228869021900924 -1.0712733039363179e-18
    outer loop
      vertex 17.983732514237584 -24.079048224398406 0.6
      vertex 18.04737205583712 -23.950000000000003 0.6
      vertex 18.04737205583712 -23.950000000000003 6
    endloop
  endfacet
  facet normal 0.8314696123025477 -0.5555702330195985 2.4140398258703056e-19
    outer loop
      vertex 18.04737205583712 -23.950000000000003 0.6
      vertex 18.127311325679642 -23.83036242809041 0.6
      vertex 18.127311325679642 -23.83036242809041 6
    endloop
  endfacet
  facet normal 0.7518398074789684 -0.6593458151000792 -1.0399501118987498e-18
    outer loop
      vertex 18.127311325679642 -23.83036242809041 0.6
      vertex 18.2221825406948 -23.722182540694803 0.6
      vertex 18.2221825406948 -23.722182540694803 6
    endloop
  endfacet
  facet normal 0.6593458151000932 -0.7518398074789561 1.9337148525836828e-19
    outer loop
      vertex 18.2221825406948 -23.722182540694803 0.6
      vertex 18.330362428090407 -23.627311325679642 0.6
      vertex 18.330362428090407 -23.627311325679642 6
    endloop
  endfacet
  facet normal 0.5555702330196156 -0.8314696123025362 2.810269379007479e-19
    outer loop
      vertex 18.330362428090407 -23.627311325679642 0.6
      vertex 18.45 -23.547372055837116 0.6
      vertex 18.45 -23.547372055837116 6
    endloop
  endfacet
  facet normal 0.4422886902189696 -0.896872741532704 -1.3698139279403963e-19
    outer loop
      vertex 18.45 -23.547372055837116 0.6
      vertex 18.579048224398402 -23.483732514237587 0.6
      vertex 18.579048224398402 -23.483732514237587 6
    endloop
  endfacet
  facet normal -0.8314696123025477 0.5555702330195985 0
    outer loop
      vertex 19.872688674320358 -25.16963757190959 0.6
      vertex 19.872688674320358 -25.16963757190959 6
      vertex 19.95262794416288 -25.049999999999997 0.6
    endloop
  endfacet
  facet normal -0.8968727415326843 0.44228869021900924 0
    outer loop
      vertex 19.95262794416288 -25.049999999999997 0.6
      vertex 19.95262794416288 -25.049999999999997 6
      vertex 20.016267485762416 -24.920951775601594 0.6
    endloop
  endfacet
  facet normal -0.9469301294951085 0.32143946530315365 0
    outer loop
      vertex 20.016267485762416 -24.920951775601594 0.6
      vertex 20.016267485762416 -24.920951775601594 6
      vertex 20.062518408917974 -24.78470094961277 0.6
    endloop
  endfacet
  facet normal -0.9807852804032293 0.19509032201613385 0
    outer loop
      vertex 20.062518408917974 -24.78470094961277 0.6
      vertex 20.062518408917974 -24.78470094961277 6
      vertex 20.09058934751119 -24.643578811442055 0.6
    endloop
  endfacet
  facet normal -0.9978589232386026 0.06540312923015723 0
    outer loop
      vertex 20.09058934751119 -24.643578811442055 0.6
      vertex 20.09058934751119 -24.643578811442055 6
      vertex 20.1 -24.5 0.6
    endloop
  endfacet
  facet normal -0.9978589232386026 -0.06540312923015723 0
    outer loop
      vertex 20.1 -24.5 0.6
      vertex 20.1 -24.5 6
      vertex 20.09058934751119 -24.356421188557945 0.6
    endloop
  endfacet
  facet normal -0.9807852804032293 -0.19509032201613385 7.917198258107179e-20
    outer loop
      vertex 20.062518408917974 -24.21529905038723 0.6
      vertex 20.09058934751119 -24.356421188557945 0.6
      vertex 20.09058934751119 -24.356421188557945 6
    endloop
  endfacet
  facet normal 0.32143946530322 -0.9469301294950857 2.6524294814544317e-19
    outer loop
      vertex 18.579048224398402 -23.483732514237587 0.6
      vertex 18.715299050387227 -23.43748159108202 0.6
      vertex 18.715299050387227 -23.43748159108202 6
    endloop
  endfacet
  facet normal 0.19509032201613385 -0.9807852804032293 -7.917198258107179e-20
    outer loop
      vertex 18.715299050387227 -23.43748159108202 0.6
      vertex 18.856421188557942 -23.409410652488802 0.6
      vertex 18.856421188557942 -23.409410652488802 6
    endloop
  endfacet
  facet normal 0.06540312923005727 -0.997858923238609 -1.0066837445848569e-19
    outer loop
      vertex 18.856421188557942 -23.409410652488802 0.6
      vertex 19 -23.400000000000006 0.6
      vertex 19 -23.400000000000006 6
    endloop
  endfacet
  facet normal -0.06540312923005727 -0.997858923238609 1.0066837445848569e-19
    outer loop
      vertex 19 -23.400000000000006 0.6
      vertex 19.143578811442058 -23.409410652488802 0.6
      vertex 19.143578811442058 -23.409410652488802 6
    endloop
  endfacet
  facet normal -0.19509032201613385 -0.9807852804032293 7.917198258107179e-20
    outer loop
      vertex 19.143578811442058 -23.409410652488802 0.6
      vertex 19.284700949612773 -23.43748159108202 0.6
      vertex 19.284700949612773 -23.43748159108202 6
    endloop
  endfacet
  facet normal -0.32143946530322 -0.9469301294950857 -2.6524294814544317e-19
    outer loop
      vertex 19.284700949612773 -23.43748159108202 0.6
      vertex 19.420951775601598 -23.483732514237587 0.6
      vertex 19.420951775601598 -23.483732514237587 6
    endloop
  endfacet
  facet normal -0.8968727415326843 -0.44228869021900924 0
    outer loop
      vertex 20.016267485762416 -24.079048224398406 0.6
      vertex 20.016267485762416 -24.079048224398406 6
      vertex 19.95262794416288 -23.950000000000003 0.6
    endloop
  endfacet
  facet normal -0.9469301294951085 -0.32143946530315365 0
    outer loop
      vertex 20.062518408917974 -24.21529905038723 0.6
      vertex 20.062518408917974 -24.21529905038723 6
      vertex 20.016267485762416 -24.079048224398406 0.6
    endloop
  endfacet
  facet normal -0.8314696123025477 -0.5555702330195985 0
    outer loop
      vertex 19.95262794416288 -23.950000000000003 0.6
      vertex 19.95262794416288 -23.950000000000003 6
      vertex 19.872688674320358 -23.83036242809041 0.6
    endloop
  endfacet
  facet normal -0.7518398074789684 -0.6593458151000792 0
    outer loop
      vertex 19.872688674320358 -23.83036242809041 0.6
      vertex 19.872688674320358 -23.83036242809041 6
      vertex 19.7778174593052 -23.722182540694803 0.6
    endloop
  endfacet
  facet normal -0.4422886902189696 -0.896872741532704 0
    outer loop
      vertex 19.55 -23.547372055837116 0.6
      vertex 19.55 -23.547372055837116 6
      vertex 19.420951775601598 -23.483732514237587 0.6
    endloop
  endfacet
  facet normal -0.6593458151000932 -0.7518398074789561 -1.9337148525836828e-19
    outer loop
      vertex 19.669637571909593 -23.627311325679642 0.6
      vertex 19.7778174593052 -23.722182540694803 0.6
      vertex 19.7778174593052 -23.722182540694803 6
    endloop
  endfacet
  facet normal -0.5555702330196156 -0.8314696123025362 -2.810269379007479e-19
    outer loop
      vertex 19.55 -23.547372055837116 0.6
      vertex 19.669637571909593 -23.627311325679642 0.6
      vertex 19.669637571909593 -23.627311325679642 6
    endloop
  endfacet
  facet normal 0.4422886902189696 0.896872741532704 0
    outer loop
      vertex 18.579048224398402 -25.516267485762413 0.6
      vertex 18.45 -25.452627944162884 6
      vertex 18.579048224398402 -25.516267485762413 6
    endloop
  endfacet
  facet normal 0.6593458151000932 0.7518398074789561 0
    outer loop
      vertex 18.330362428090407 -25.372688674320358 0.6
      vertex 18.2221825406948 -25.277817459305197 6
      vertex 18.330362428090407 -25.372688674320358 6
    endloop
  endfacet
  facet normal 0.7518398074789684 0.6593458151000792 0
    outer loop
      vertex 18.2221825406948 -25.277817459305197 0.6
      vertex 18.127311325679642 -25.16963757190959 6
      vertex 18.2221825406948 -25.277817459305197 6
    endloop
  endfacet
  facet normal 0.5555702330196156 0.8314696123025362 0
    outer loop
      vertex 18.45 -25.452627944162884 0.6
      vertex 18.330362428090407 -25.372688674320358 6
      vertex 18.45 -25.452627944162884 6
    endloop
  endfacet
  facet normal 0.32143946530322 0.9469301294950857 0
    outer loop
      vertex 18.715299050387227 -25.56251840891798 0.6
      vertex 18.579048224398402 -25.516267485762413 6
      vertex 18.715299050387227 -25.56251840891798 6
    endloop
  endfacet
  facet normal 0.19509032201613385 0.9807852804032293 0
    outer loop
      vertex 18.856421188557942 -25.590589347511198 0.6
      vertex 18.715299050387227 -25.56251840891798 6
      vertex 18.856421188557942 -25.590589347511198 6
    endloop
  endfacet
  facet normal 0.06540312923005727 0.997858923238609 0
    outer loop
      vertex 19 -25.599999999999994 0.6
      vertex 18.856421188557942 -25.590589347511198 6
      vertex 19 -25.599999999999994 6
    endloop
  endfacet
  facet normal -0.06540312923005727 0.997858923238609 0
    outer loop
      vertex 19.143578811442058 -25.590589347511198 0.6
      vertex 19 -25.599999999999994 6
      vertex 19.143578811442058 -25.590589347511198 6
    endloop
  endfacet
  facet normal -0.19509032201613385 0.9807852804032293 0
    outer loop
      vertex 19.284700949612773 -25.56251840891798 0.6
      vertex 19.143578811442058 -25.590589347511198 6
      vertex 19.284700949612773 -25.56251840891798 6
    endloop
  endfacet
  facet normal -0.32143946530322 0.9469301294950857 0
    outer loop
      vertex 19.420951775601598 -25.516267485762413 0.6
      vertex 19.284700949612773 -25.56251840891798 6
      vertex 19.420951775601598 -25.516267485762413 6
    endloop
  endfacet
  facet normal -0.4422886902189696 0.896872741532704 0
    outer loop
      vertex 19.55 -25.452627944162884 0.6
      vertex 19.420951775601598 -25.516267485762413 6
      vertex 19.55 -25.452627944162884 6
    endloop
  endfacet
  facet normal -0.5555702330196156 0.8314696123025362 0
    outer loop
      vertex 19.669637571909593 -25.372688674320358 0.6
      vertex 19.55 -25.452627944162884 6
      vertex 19.669637571909593 -25.372688674320358 6
    endloop
  endfacet
  facet normal -0.6593458151000932 0.7518398074789561 0
    outer loop
      vertex 19.7778174593052 -25.277817459305197 0.6
      vertex 19.669637571909593 -25.372688674320358 6
      vertex 19.7778174593052 -25.277817459305197 6
    endloop
  endfacet
  facet normal -0.7518398074789684 0.6593458151000792 0
    outer loop
      vertex 19.872688674320358 -25.16963757190959 0.6
      vertex 19.7778174593052 -25.277817459305197 6
      vertex 19.872688674320358 -25.16963757190959 6
    endloop
  endfacet
  facet normal 0.8314696123025477 0.5555702330195985 0
    outer loop
      vertex 18.127311325679642 -25.16963757190959 0.6
      vertex 18.04737205583712 -25.049999999999997 6
      vertex 18.127311325679642 -25.16963757190959 6
    endloop
  endfacet
  facet normal 0.8968727415326843 0.44228869021900924 0
    outer loop
      vertex 18.04737205583712 -25.049999999999997 0.6
      vertex 17.983732514237584 -24.920951775601594 6
      vertex 18.04737205583712 -25.049999999999997 6
    endloop
  endfacet
  facet normal 0.9807852804032293 0.19509032201613385 0
    outer loop
      vertex 17.937481591082026 -24.78470094961277 0.6
      vertex 17.90941065248881 -24.643578811442055 6
      vertex 17.937481591082026 -24.78470094961277 6
    endloop
  endfacet
  facet normal 0.9469301294951085 0.32143946530315365 0
    outer loop
      vertex 17.983732514237584 -24.920951775601594 0.6
      vertex 17.937481591082026 -24.78470094961277 6
      vertex 17.983732514237584 -24.920951775601594 6
    endloop
  endfacet
  facet normal 0.9978589232386026 0.06540312923015723 0
    outer loop
      vertex 17.90941065248881 -24.643578811442055 0.6
      vertex 17.9 -24.5 6
      vertex 17.90941065248881 -24.643578811442055 6
    endloop
  endfacet
  facet normal 0.9978589232386026 -0.06540312923015723 0
    outer loop
      vertex 17.9 -24.5 0.6
      vertex 17.90941065248881 -24.356421188557945 6
      vertex 17.9 -24.5 6
    endloop
  endfacet
  facet normal 0.9807852804032293 -0.19509032201613385 0
    outer loop
      vertex 17.90941065248881 -24.356421188557945 0.6
      vertex 17.937481591082026 -24.21529905038723 6
      vertex 17.90941065248881 -24.356421188557945 6
    endloop
  endfacet
  facet normal 0.9469301294951085 -0.32143946530315365 0
    outer loop
      vertex 17.937481591082026 -24.21529905038723 0.6
      vertex 17.983732514237584 -24.079048224398406 6
      vertex 17.937481591082026 -24.21529905038723 6
    endloop
  endfacet
  facet normal 0.8968727415326843 -0.44228869021900924 0
    outer loop
      vertex 17.983732514237584 -24.079048224398406 0.6
      vertex 18.04737205583712 -23.950000000000003 6
      vertex 17.983732514237584 -24.079048224398406 6
    endloop
  endfacet
  facet normal 0.8314696123025477 -0.5555702330195985 0
    outer loop
      vertex 18.04737205583712 -23.950000000000003 0.6
      vertex 18.127311325679642 -23.83036242809041 6
      vertex 18.04737205583712 -23.950000000000003 6
    endloop
  endfacet
  facet normal 0.7518398074789684 -0.6593458151000792 0
    outer loop
      vertex 18.127311325679642 -23.83036242809041 0.6
      vertex 18.2221825406948 -23.722182540694803 6
      vertex 18.127311325679642 -23.83036242809041 6
    endloop
  endfacet
  facet normal 0.6593458151000932 -0.7518398074789561 0
    outer loop
      vertex 18.2221825406948 -23.722182540694803 0.6
      vertex 18.330362428090407 -23.627311325679642 6
      vertex 18.2221825406948 -23.722182540694803 6
    endloop
  endfacet
  facet normal 0.5555702330196156 -0.8314696123025362 0
    outer loop
      vertex 18.330362428090407 -23.627311325679642 0.6
      vertex 18.45 -23.547372055837116 6
      vertex 18.330362428090407 -23.627311325679642 6
    endloop
  endfacet
  facet normal 0.4422886902189696 -0.896872741532704 0
    outer loop
      vertex 18.45 -23.547372055837116 0.6
      vertex 18.579048224398402 -23.483732514237587 6
      vertex 18.45 -23.547372055837116 6
    endloop
  endfacet
  facet normal -0.8314696123025477 0.5555702330195985 0
    outer loop
      vertex 19.95262794416288 -25.049999999999997 0.6
      vertex 19.872688674320358 -25.16963757190959 6
      vertex 19.95262794416288 -25.049999999999997 6
    endloop
  endfacet
  facet normal -0.8968727415326843 0.44228869021900924 0
    outer loop
      vertex 20.016267485762416 -24.920951775601594 0.6
      vertex 19.95262794416288 -25.049999999999997 6
      vertex 20.016267485762416 -24.920951775601594 6
    endloop
  endfacet
  facet normal -0.9469301294951085 0.32143946530315365 0
    outer loop
      vertex 20.062518408917974 -24.78470094961277 0.6
      vertex 20.016267485762416 -24.920951775601594 6
      vertex 20.062518408917974 -24.78470094961277 6
    endloop
  endfacet
  facet normal -0.9807852804032293 0.19509032201613385 0
    outer loop
      vertex 20.09058934751119 -24.643578811442055 0.6
      vertex 20.062518408917974 -24.78470094961277 6
      vertex 20.09058934751119 -24.643578811442055 6
    endloop
  endfacet
  facet normal -0.9978589232386026 0.06540312923015723 0
    outer loop
      vertex 20.1 -24.5 0.6
      vertex 20.09058934751119 -24.643578811442055 6
      vertex 20.1 -24.5 6
    endloop
  endfacet
  facet normal -0.9978589232386026 -0.06540312923015723 0
    outer loop
      vertex 20.09058934751119 -24.356421188557945 0.6
      vertex 20.1 -24.5 6
      vertex 20.09058934751119 -24.356421188557945 6
    endloop
  endfacet
  facet normal -0.9807852804032293 -0.19509032201613385 0
    outer loop
      vertex 20.062518408917974 -24.21529905038723 0.6
      vertex 20.09058934751119 -24.356421188557945 6
      vertex 20.062518408917974 -24.21529905038723 6
    endloop
  endfacet
  facet normal 0.32143946530322 -0.9469301294950857 0
    outer loop
      vertex 18.579048224398402 -23.483732514237587 0.6
      vertex 18.715299050387227 -23.43748159108202 6
      vertex 18.579048224398402 -23.483732514237587 6
    endloop
  endfacet
  facet normal 0.19509032201613385 -0.9807852804032293 0
    outer loop
      vertex 18.715299050387227 -23.43748159108202 0.6
      vertex 18.856421188557942 -23.409410652488802 6
      vertex 18.715299050387227 -23.43748159108202 6
    endloop
  endfacet
  facet normal 0.06540312923005727 -0.997858923238609 0
    outer loop
      vertex 18.856421188557942 -23.409410652488802 0.6
      vertex 19 -23.400000000000006 6
      vertex 18.856421188557942 -23.409410652488802 6
    endloop
  endfacet
  facet normal -0.06540312923005727 -0.997858923238609 0
    outer loop
      vertex 19 -23.400000000000006 0.6
      vertex 19.143578811442058 -23.409410652488802 6
      vertex 19 -23.400000000000006 6
    endloop
  endfacet
  facet normal -0.19509032201613385 -0.9807852804032293 0
    outer loop
      vertex 19.143578811442058 -23.409410652488802 0.6
      vertex 19.284700949612773 -23.43748159108202 6
      vertex 19.143578811442058 -23.409410652488802 6
    endloop
  endfacet
  facet normal -0.32143946530322 -0.9469301294950857 0
    outer loop
      vertex 19.284700949612773 -23.43748159108202 0.6
      vertex 19.420951775601598 -23.483732514237587 6
      vertex 19.284700949612773 -23.43748159108202 6
    endloop
  endfacet
  facet normal -0.7518398074789684 -0.6593458151000792 0
    outer loop
      vertex 19.7778174593052 -23.722182540694803 0.6
      vertex 19.872688674320358 -23.83036242809041 6
      vertex 19.7778174593052 -23.722182540694803 6
    endloop
  endfacet
  facet normal -0.9469301294951085 -0.32143946530315365 0
    outer loop
      vertex 20.016267485762416 -24.079048224398406 0.6
      vertex 20.062518408917974 -24.21529905038723 6
      vertex 20.016267485762416 -24.079048224398406 6
    endloop
  endfacet
  facet normal -0.8968727415326843 -0.44228869021900924 0
    outer loop
      vertex 19.95262794416288 -23.950000000000003 0.6
      vertex 20.016267485762416 -24.079048224398406 6
      vertex 19.95262794416288 -23.950000000000003 6
    endloop
  endfacet
  facet normal -0.8314696123025477 -0.5555702330195985 0
    outer loop
      vertex 19.872688674320358 -23.83036242809041 0.6
      vertex 19.95262794416288 -23.950000000000003 6
      vertex 19.872688674320358 -23.83036242809041 6
    endloop
  endfacet
  facet normal -0.4422886902189696 -0.896872741532704 0
    outer loop
      vertex 19.420951775601598 -23.483732514237587 0.6
      vertex 19.55 -23.547372055837116 6
      vertex 19.420951775601598 -23.483732514237587 6
    endloop
  endfacet
  facet normal -0.5555702330196156 -0.8314696123025362 0
    outer loop
      vertex 19.55 -23.547372055837116 0.6
      vertex 19.669637571909593 -23.627311325679642 6
      vertex 19.55 -23.547372055837116 6
    endloop
  endfacet
  facet normal -0.6593458151000932 -0.7518398074789561 0
    outer loop
      vertex 19.669637571909593 -23.627311325679642 0.6
      vertex 19.7778174593052 -23.722182540694803 6
      vertex 19.669637571909593 -23.627311325679642 6
    endloop
  endfacet
  facet normal 0 0 1
    outer loop
      vertex -40.09058934751119 24.35642118855793 0.6
      vertex -40.062518408917974 24.215299050387216 0.6
      vertex -40.062518408917974 24.784700949612784 0.6
    endloop
  endfacet
  facet normal 0 0 1
    outer loop
      vertex -39.952627944162884 23.94999999999999 0.6
      vertex -39.952627944162884 25.05000000000001 0.6
      vertex -40.01626748576241 24.079048224398406 0.6
    endloop
  endfacet
  facet normal 0 0 1
    outer loop
      vertex -40.01626748576241 24.079048224398406 0.6
      vertex -40.01626748576241 24.920951775601594 0.6
      vertex -40.062518408917974 24.215299050387216 0.6
    endloop
  endfacet
  facet normal 0 0 1
    outer loop
      vertex -40.09058934751119 24.35642118855793 0.6
      vertex -40.09058934751119 24.64357881144207 0.6
      vertex -40.1 24.5 0.6
    endloop
  endfacet
  facet normal 0 0 1
    outer loop
      vertex -40.09058934751119 24.35642118855793 0.6
      vertex -40.062518408917974 24.784700949612784 0.6
      vertex -40.09058934751119 24.64357881144207 0.6
    endloop
  endfacet
  facet normal 0 0 1
    outer loop
      vertex -40.062518408917974 24.215299050387216 0.6
      vertex -40.01626748576241 24.920951775601594 0.6
      vertex -40.062518408917974 24.784700949612784 0.6
    endloop
  endfacet
  facet normal 0 0 1
    outer loop
      vertex -40.01626748576241 24.079048224398406 0.6
      vertex -39.952627944162884 25.05000000000001 0.6
      vertex -40.01626748576241 24.920951775601594 0.6
    endloop
  endfacet
  facet normal 0 0 1
    outer loop
      vertex -39.66963757190959 23.627311325679642 0.6
      vertex -39.55 23.547372055837116 0.6
      vertex -39.55 25.452627944162884 0.6
    endloop
  endfacet
  facet normal 0 0 1
    outer loop
      vertex -39.55 23.547372055837116 0.6
      vertex -39.4209517756016 23.483732514237573 0.6
      vertex -39.4209517756016 25.516267485762427 0.6
    endloop
  endfacet
  facet normal 0 0 1
    outer loop
      vertex -39.4209517756016 23.483732514237573 0.6
      vertex -39.28470094961277 23.43748159108202 0.6
      vertex -39.28470094961277 25.56251840891798 0.6
    endloop
  endfacet
  facet normal 0 0 1
    outer loop
      vertex -39.28470094961277 23.43748159108202 0.6
      vertex -39.143578811442055 23.409410652488816 0.6
      vertex -39.143578811442055 25.590589347511184 0.6
    endloop
  endfacet
  facet normal 0 0 1
    outer loop
      vertex -39.143578811442055 23.409410652488816 0.6
      vertex -39 23.400000000000006 0.6
      vertex -39 25.599999999999994 0.6
    endloop
  endfacet
  facet normal 0 0 1
    outer loop
      vertex -39 23.400000000000006 0.6
      vertex -38.856421188557945 23.409410652488816 0.6
      vertex -38.856421188557945 25.590589347511184 0.6
    endloop
  endfacet
  facet normal 0 0 1
    outer loop
      vertex -38.856421188557945 23.409410652488816 0.6
      vertex -38.71529905038723 23.43748159108202 0.6
      vertex -38.71529905038723 25.56251840891798 0.6
    endloop
  endfacet
  facet normal 0 0 1
    outer loop
      vertex -38.71529905038723 23.43748159108202 0.6
      vertex -38.5790482243984 23.483732514237573 0.6
      vertex -38.5790482243984 25.516267485762427 0.6
    endloop
  endfacet
  facet normal 0 0 1
    outer loop
      vertex -38.5790482243984 23.483732514237573 0.6
      vertex -38.45 23.547372055837116 0.6
      vertex -38.45 25.452627944162884 0.6
    endloop
  endfacet
  facet normal 0 0 1
    outer loop
      vertex -38.45 23.547372055837116 0.6
      vertex -38.33036242809041 23.627311325679642 0.6
      vertex -38.33036242809041 25.372688674320358 0.6
    endloop
  endfacet
  facet normal 0 0 1
    outer loop
      vertex -39.952627944162884 23.94999999999999 0.6
      vertex -39.87268867432036 23.83036242809041 0.6
      vertex -39.87268867432036 25.16963757190959 0.6
    endloop
  endfacet
  facet normal 0 0 1
    outer loop
      vertex -39.777817459305204 23.722182540694803 0.6
      vertex -39.777817459305204 25.277817459305197 0.6
      vertex -39.87268867432036 23.83036242809041 0.6
    endloop
  endfacet
  facet normal 0 0 1
    outer loop
      vertex -39.777817459305204 23.722182540694803 0.6
      vertex -39.66963757190959 23.627311325679642 0.6
      vertex -39.66963757190959 25.372688674320358 0.6
    endloop
  endfacet
  facet normal 0 0 1
    outer loop
      vertex -39.952627944162884 23.94999999999999 0.6
      vertex -39.87268867432036 25.16963757190959 0.6
      vertex -39.952627944162884 25.05000000000001 0.6
    endloop
  endfacet
  facet normal 0 0 1
    outer loop
      vertex -39.87268867432036 23.83036242809041 0.6
      vertex -39.777817459305204 25.277817459305197 0.6
      vertex -39.87268867432036 25.16963757190959 0.6
    endloop
  endfacet
  facet normal 0 0 1
    outer loop
      vertex -39.777817459305204 23.722182540694803 0.6
      vertex -39.66963757190959 25.372688674320358 0.6
      vertex -39.777817459305204 25.277817459305197 0.6
    endloop
  endfacet
  facet normal 0 0 1
    outer loop
      vertex -39.66963757190959 23.627311325679642 0.6
      vertex -39.55 25.452627944162884 0.6
      vertex -39.66963757190959 25.372688674320358 0.6
    endloop
  endfacet
  facet normal 0 0 1
    outer loop
      vertex -39.55 23.547372055837116 0.6
      vertex -39.4209517756016 25.516267485762427 0.6
      vertex -39.55 25.452627944162884 0.6
    endloop
  endfacet
  facet normal 0 0 1
    outer loop
      vertex -39.4209517756016 23.483732514237573 0.6
      vertex -39.28470094961277 25.56251840891798 0.6
      vertex -39.4209517756016 25.516267485762427 0.6
    endloop
  endfacet
  facet normal 0 0 1
    outer loop
      vertex -39.28470094961277 23.43748159108202 0.6
      vertex -39.143578811442055 25.590589347511184 0.6
      vertex -39.28470094961277 25.56251840891798 0.6
    endloop
  endfacet
  facet normal 0 0 1
    outer loop
      vertex -39.143578811442055 23.409410652488816 0.6
      vertex -39 25.599999999999994 0.6
      vertex -39.143578811442055 25.590589347511184 0.6
    endloop
  endfacet
  facet normal 0 0 1
    outer loop
      vertex -39 23.400000000000006 0.6
      vertex -38.856421188557945 25.590589347511184 0.6
      vertex -39 25.599999999999994 0.6
    endloop
  endfacet
  facet normal 0 0 1
    outer loop
      vertex -38.856421188557945 23.409410652488816 0.6
      vertex -38.71529905038723 25.56251840891798 0.6
      vertex -38.856421188557945 25.590589347511184 0.6
    endloop
  endfacet
  facet normal 0 0 1
    outer loop
      vertex -38.5790482243984 23.483732514237573 0.6
      vertex -38.45 25.452627944162884 0.6
      vertex -38.5790482243984 25.516267485762427 0.6
    endloop
  endfacet
  facet normal 0 0 1
    outer loop
      vertex -38.71529905038723 23.43748159108202 0.6
      vertex -38.5790482243984 25.516267485762427 0.6
      vertex -38.71529905038723 25.56251840891798 0.6
    endloop
  endfacet
  facet normal 0 0 1
    outer loop
      vertex -38.45 23.547372055837116 0.6
      vertex -38.33036242809041 25.372688674320358 0.6
      vertex -38.45 25.452627944162884 0.6
    endloop
  endfacet
  facet normal 0 0 1
    outer loop
      vertex -38.33036242809041 23.627311325679642 0.6
      vertex -38.222182540694796 25.277817459305197 0.6
      vertex -38.33036242809041 25.372688674320358 0.6
    endloop
  endfacet
  facet normal 0 0 1
    outer loop
      vertex -38.33036242809041 23.627311325679642 0.6
      vertex -38.222182540694796 23.722182540694803 0.6
      vertex -38.222182540694796 25.277817459305197 0.6
    endloop
  endfacet
  facet normal 0 0 1
    outer loop
      vertex -38.222182540694796 23.722182540694803 0.6
      vertex -38.12731132567964 23.83036242809041 0.6
      vertex -38.12731132567964 25.16963757190959 0.6
    endloop
  endfacet
  facet normal 0 0 1
    outer loop
      vertex -38.12731132567964 23.83036242809041 0.6
      vertex -38.047372055837116 23.94999999999999 0.6
      vertex -38.047372055837116 25.05000000000001 0.6
    endloop
  endfacet
  facet normal 0 0 1
    outer loop
      vertex -38.047372055837116 23.94999999999999 0.6
      vertex -37.98373251423759 24.079048224398406 0.6
      vertex -37.98373251423759 24.920951775601594 0.6
    endloop
  endfacet
  facet normal 0 0 1
    outer loop
      vertex -37.98373251423759 24.079048224398406 0.6
      vertex -37.937481591082026 24.215299050387216 0.6
      vertex -37.937481591082026 24.784700949612784 0.6
    endloop
  endfacet
  facet normal 0 0 1
    outer loop
      vertex -37.937481591082026 24.215299050387216 0.6
      vertex -37.90941065248881 24.35642118855793 0.6
      vertex -37.90941065248881 24.64357881144207 0.6
    endloop
  endfacet
  facet normal 0 0 1
    outer loop
      vertex -38.12731132567964 23.83036242809041 0.6
      vertex -38.047372055837116 25.05000000000001 0.6
      vertex -38.12731132567964 25.16963757190959 0.6
    endloop
  endfacet
  facet normal 0 0 1
    outer loop
      vertex -37.90941065248881 24.35642118855793 0.6
      vertex -37.9 24.5 0.6
      vertex -37.90941065248881 24.64357881144207 0.6
    endloop
  endfacet
  facet normal 0 0 1
    outer loop
      vertex -37.937481591082026 24.215299050387216 0.6
      vertex -37.90941065248881 24.64357881144207 0.6
      vertex -37.937481591082026 24.784700949612784 0.6
    endloop
  endfacet
  facet normal 0 0 1
    outer loop
      vertex -37.98373251423759 24.079048224398406 0.6
      vertex -37.937481591082026 24.784700949612784 0.6
      vertex -37.98373251423759 24.920951775601594 0.6
    endloop
  endfacet
  facet normal 0 0 1
    outer loop
      vertex -38.047372055837116 23.94999999999999 0.6
      vertex -37.98373251423759 24.920951775601594 0.6
      vertex -38.047372055837116 25.05000000000001 0.6
    endloop
  endfacet
  facet normal 0 0 1
    outer loop
      vertex -38.222182540694796 23.722182540694803 0.6
      vertex -38.12731132567964 25.16963757190959 0.6
      vertex -38.222182540694796 25.277817459305197 0.6
    endloop
  endfacet
  facet normal 0.8968727415327233 0.4422886902189304 -6.112257219853018e-19
    outer loop
      vertex -39.952627944162884 23.94999999999999 0.6
      vertex -40.01626748576241 24.079048224398406 0.6
      vertex -40.01626748576241 24.079048224398406 6
    endloop
  endfacet
  facet normal 0.9469301294950906 0.3214394653032058 -3.301101399812978e-19
    outer loop
      vertex -40.01626748576241 24.079048224398406 0.6
      vertex -40.062518408917974 24.215299050387216 0.6
      vertex -40.062518408917974 24.215299050387216 6
    endloop
  endfacet
  facet normal 0.9807852804032293 0.19509032201613385 0
    outer loop
      vertex -40.09058934751119 24.35642118855793 0.6
      vertex -40.09058934751119 24.35642118855793 6
      vertex -40.062518408917974 24.215299050387216 0.6
    endloop
  endfacet
  facet normal 0.9978589232386029 0.06540312923015078 6.344559154472619e-20
    outer loop
      vertex -40.09058934751119 24.35642118855793 0.6
      vertex -40.1 24.5 0.6
      vertex -40.1 24.5 6
    endloop
  endfacet
  facet normal 0.9978589232386029 -0.06540312923015078 -6.344559154472619e-20
    outer loop
      vertex -40.1 24.5 0.6
      vertex -40.09058934751119 24.64357881144207 0.6
      vertex -40.09058934751119 24.64357881144207 6
    endloop
  endfacet
  facet normal 0.9807852804032293 -0.19509032201613385 -7.917198258107179e-20
    outer loop
      vertex -40.09058934751119 24.64357881144207 0.6
      vertex -40.062518408917974 24.784700949612784 0.6
      vertex -40.062518408917974 24.784700949612784 6
    endloop
  endfacet
  facet normal 0.9469301294950906 -0.3214394653032058 3.301101399812978e-19
    outer loop
      vertex -40.062518408917974 24.784700949612784 0.6
      vertex -40.01626748576241 24.920951775601594 0.6
      vertex -40.01626748576241 24.920951775601594 6
    endloop
  endfacet
  facet normal 0.8968727415327233 -0.4422886902189304 6.112257219853018e-19
    outer loop
      vertex -40.01626748576241 24.920951775601594 0.6
      vertex -39.952627944162884 25.05000000000001 0.6
      vertex -39.952627944162884 25.05000000000001 6
    endloop
  endfacet
  facet normal 0.6593458151000686 0.7518398074789776 0
    outer loop
      vertex -39.777817459305204 23.722182540694803 0.6
      vertex -39.777817459305204 23.722182540694803 6
      vertex -39.66963757190959 23.627311325679642 0.6
    endloop
  endfacet
  facet normal 0.5555702330196156 0.8314696123025362 0
    outer loop
      vertex -39.66963757190959 23.627311325679642 0.6
      vertex -39.66963757190959 23.627311325679642 6
      vertex -39.55 23.547372055837116 0.6
    endloop
  endfacet
  facet normal 0.3214394653031164 0.946930129495121 0
    outer loop
      vertex -39.4209517756016 23.483732514237573 0.6
      vertex -39.4209517756016 23.483732514237573 6
      vertex -39.28470094961277 23.43748159108202 0.6
    endloop
  endfacet
  facet normal 0.19509032201603882 0.9807852804032482 0
    outer loop
      vertex -39.28470094961277 23.43748159108202 0.6
      vertex -39.28470094961277 23.43748159108202 6
      vertex -39.143578811442055 23.409410652488816 0.6
    endloop
  endfacet
  facet normal 0.4422886902190686 0.8968727415326551 0
    outer loop
      vertex -39.55 23.547372055837116 0.6
      vertex -39.55 23.547372055837116 6
      vertex -39.4209517756016 23.483732514237573 0.6
    endloop
  endfacet
  facet normal 0.7518398074789806 0.6593458151000652 4.0649259187749105e-20
    outer loop
      vertex -39.777817459305204 23.722182540694803 0.6
      vertex -39.87268867432036 23.83036242809041 0.6
      vertex -39.87268867432036 23.83036242809041 6
    endloop
  endfacet
  facet normal 0.8314696123025057 0.5555702330196612 0
    outer loop
      vertex -39.952627944162884 23.94999999999999 0.6
      vertex -39.952627944162884 23.94999999999999 6
      vertex -39.87268867432036 23.83036242809041 0.6
    endloop
  endfacet
  facet normal 0.06540312923015723 0.9978589232386026 0
    outer loop
      vertex -39.143578811442055 23.409410652488816 0.6
      vertex -39.143578811442055 23.409410652488816 6
      vertex -39 23.400000000000006 0.6
    endloop
  endfacet
  facet normal -0.06540312923015723 0.9978589232386026 0
    outer loop
      vertex -39 23.400000000000006 0.6
      vertex -39 23.400000000000006 6
      vertex -38.856421188557945 23.409410652488816 0.6
    endloop
  endfacet
  facet normal -0.19509032201603882 0.9807852804032482 0
    outer loop
      vertex -38.856421188557945 23.409410652488816 0.6
      vertex -38.856421188557945 23.409410652488816 6
      vertex -38.71529905038723 23.43748159108202 0.6
    endloop
  endfacet
  facet normal -0.3214394653031164 0.946930129495121 0
    outer loop
      vertex -38.71529905038723 23.43748159108202 0.6
      vertex -38.71529905038723 23.43748159108202 6
      vertex -38.5790482243984 23.483732514237573 0.6
    endloop
  endfacet
  facet normal -0.4422886902190686 0.8968727415326551 0
    outer loop
      vertex -38.5790482243984 23.483732514237573 0.6
      vertex -38.5790482243984 23.483732514237573 6
      vertex -38.45 23.547372055837116 0.6
    endloop
  endfacet
  facet normal -0.5555702330196156 0.8314696123025362 0
    outer loop
      vertex -38.45 23.547372055837116 0.6
      vertex -38.45 23.547372055837116 6
      vertex -38.33036242809041 23.627311325679642 0.6
    endloop
  endfacet
  facet normal -0.6593458151000686 0.7518398074789776 0
    outer loop
      vertex -38.33036242809041 23.627311325679642 0.6
      vertex -38.33036242809041 23.627311325679642 6
      vertex -38.222182540694796 23.722182540694803 0.6
    endloop
  endfacet
  facet normal 0.8314696123025057 -0.5555702330196612 5.880157621108516e-19
    outer loop
      vertex -39.952627944162884 25.05000000000001 0.6
      vertex -39.87268867432036 25.16963757190959 0.6
      vertex -39.87268867432036 25.16963757190959 6
    endloop
  endfacet
  facet normal -0.7518398074789806 0.6593458151000652 0
    outer loop
      vertex -38.222182540694796 23.722182540694803 0.6
      vertex -38.222182540694796 23.722182540694803 6
      vertex -38.12731132567964 23.83036242809041 0.6
    endloop
  endfacet
  facet normal -0.8314696123025057 0.5555702330196612 0
    outer loop
      vertex -38.12731132567964 23.83036242809041 0.6
      vertex -38.12731132567964 23.83036242809041 6
      vertex -38.047372055837116 23.94999999999999 0.6
    endloop
  endfacet
  facet normal -0.8968727415327233 0.4422886902189304 0
    outer loop
      vertex -38.047372055837116 23.94999999999999 0.6
      vertex -38.047372055837116 23.94999999999999 6
      vertex -37.98373251423759 24.079048224398406 0.6
    endloop
  endfacet
  facet normal -0.9469301294950906 0.3214394653032058 0
    outer loop
      vertex -37.98373251423759 24.079048224398406 0.6
      vertex -37.98373251423759 24.079048224398406 6
      vertex -37.937481591082026 24.215299050387216 0.6
    endloop
  endfacet
  facet normal -0.9807852804032293 0.19509032201613385 0
    outer loop
      vertex -37.937481591082026 24.215299050387216 0.6
      vertex -37.937481591082026 24.215299050387216 6
      vertex -37.90941065248881 24.35642118855793 0.6
    endloop
  endfacet
  facet normal -0.9978589232386029 0.06540312923015078 0
    outer loop
      vertex -37.90941065248881 24.35642118855793 0.6
      vertex -37.90941065248881 24.35642118855793 6
      vertex -37.9 24.5 0.6
    endloop
  endfacet
  facet normal -0.9978589232386029 -0.06540312923015078 0
    outer loop
      vertex -37.9 24.5 0.6
      vertex -37.9 24.5 6
      vertex -37.90941065248881 24.64357881144207 0.6
    endloop
  endfacet
  facet normal -0.9807852804032293 -0.19509032201613385 0
    outer loop
      vertex -37.90941065248881 24.64357881144207 0.6
      vertex -37.90941065248881 24.64357881144207 6
      vertex -37.937481591082026 24.784700949612784 0.6
    endloop
  endfacet
  facet normal -0.9469301294950906 -0.3214394653032058 0
    outer loop
      vertex -37.937481591082026 24.784700949612784 0.6
      vertex -37.937481591082026 24.784700949612784 6
      vertex -37.98373251423759 24.920951775601594 0.6
    endloop
  endfacet
  facet normal -0.8314696123025057 -0.5555702330196612 -5.880157621108516e-19
    outer loop
      vertex -38.12731132567964 25.16963757190959 0.6
      vertex -38.047372055837116 25.05000000000001 0.6
      vertex -38.047372055837116 25.05000000000001 6
    endloop
  endfacet
  facet normal -0.8968727415327233 -0.4422886902189304 0
    outer loop
      vertex -37.98373251423759 24.920951775601594 0.6
      vertex -37.98373251423759 24.920951775601594 6
      vertex -38.047372055837116 25.05000000000001 0.6
    endloop
  endfacet
  facet normal 0.7518398074789806 -0.6593458151000652 -4.0649259187749105e-20
    outer loop
      vertex -39.87268867432036 25.16963757190959 0.6
      vertex -39.777817459305204 25.277817459305197 0.6
      vertex -39.777817459305204 25.277817459305197 6
    endloop
  endfacet
  facet normal 0.6593458151000686 -0.7518398074789776 -7.164295260322507e-19
    outer loop
      vertex -39.777817459305204 25.277817459305197 0.6
      vertex -39.66963757190959 25.372688674320358 0.6
      vertex -39.66963757190959 25.372688674320358 6
    endloop
  endfacet
  facet normal 0.5555702330196156 -0.8314696123025362 2.810269379007479e-19
    outer loop
      vertex -39.66963757190959 25.372688674320358 0.6
      vertex -39.55 25.452627944162884 0.6
      vertex -39.55 25.452627944162884 6
    endloop
  endfacet
  facet normal 0.4422886902190686 -0.8968727415326551 9.692649022038752e-19
    outer loop
      vertex -39.55 25.452627944162884 0.6
      vertex -39.4209517756016 25.516267485762427 0.6
      vertex -39.4209517756016 25.516267485762427 6
    endloop
  endfacet
  facet normal 0.3214394653031164 -0.946930129495121 -2.3259893882497043e-19
    outer loop
      vertex -39.4209517756016 25.516267485762427 0.6
      vertex -39.28470094961277 25.56251840891798 0.6
      vertex -39.28470094961277 25.56251840891798 6
    endloop
  endfacet
  facet normal 0.19509032201603882 -0.9807852804032482 -2.4116190150708727e-19
    outer loop
      vertex -39.28470094961277 25.56251840891798 0.6
      vertex -39.143578811442055 25.590589347511184 0.6
      vertex -39.143578811442055 25.590589347511184 6
    endloop
  endfacet
  facet normal 0.06540312923015723 -0.9978589232386026 1.0085408360156693e-20
    outer loop
      vertex -39.143578811442055 25.590589347511184 0.6
      vertex -39 25.599999999999994 0.6
      vertex -39 25.599999999999994 6
    endloop
  endfacet
  facet normal -0.06540312923015723 -0.9978589232386026 -1.0085408360156693e-20
    outer loop
      vertex -39 25.599999999999994 0.6
      vertex -38.856421188557945 25.590589347511184 0.6
      vertex -38.856421188557945 25.590589347511184 6
    endloop
  endfacet
  facet normal -0.19509032201603882 -0.9807852804032482 0
    outer loop
      vertex -38.71529905038723 25.56251840891798 0.6
      vertex -38.71529905038723 25.56251840891798 6
      vertex -38.856421188557945 25.590589347511184 0.6
    endloop
  endfacet
  facet normal -0.5555702330196156 -0.8314696123025362 0
    outer loop
      vertex -38.33036242809041 25.372688674320358 0.6
      vertex -38.33036242809041 25.372688674320358 6
      vertex -38.45 25.452627944162884 0.6
    endloop
  endfacet
  facet normal -0.3214394653031164 -0.946930129495121 2.3259893882497043e-19
    outer loop
      vertex -38.71529905038723 25.56251840891798 0.6
      vertex -38.5790482243984 25.516267485762427 0.6
      vertex -38.5790482243984 25.516267485762427 6
    endloop
  endfacet
  facet normal -0.4422886902190686 -0.8968727415326551 -9.692649022038752e-19
    outer loop
      vertex -38.5790482243984 25.516267485762427 0.6
      vertex -38.45 25.452627944162884 0.6
      vertex -38.45 25.452627944162884 6
    endloop
  endfacet
  facet normal -0.7518398074789806 -0.6593458151000652 0
    outer loop
      vertex -38.12731132567964 25.16963757190959 0.6
      vertex -38.12731132567964 25.16963757190959 6
      vertex -38.222182540694796 25.277817459305197 0.6
    endloop
  endfacet
  facet normal -0.6593458151000686 -0.7518398074789776 7.164295260322507e-19
    outer loop
      vertex -38.33036242809041 25.372688674320358 0.6
      vertex -38.222182540694796 25.277817459305197 0.6
      vertex -38.222182540694796 25.277817459305197 6
    endloop
  endfacet
  facet normal 0.8968727415327233 0.4422886902189304 0
    outer loop
      vertex -39.952627944162884 23.94999999999999 0.6
      vertex -40.01626748576241 24.079048224398406 6
      vertex -39.952627944162884 23.94999999999999 6
    endloop
  endfacet
  facet normal 0.9469301294950906 0.3214394653032058 0
    outer loop
      vertex -40.01626748576241 24.079048224398406 0.6
      vertex -40.062518408917974 24.215299050387216 6
      vertex -40.01626748576241 24.079048224398406 6
    endloop
  endfacet
  facet normal 0.9807852804032293 0.19509032201613385 0
    outer loop
      vertex -40.062518408917974 24.215299050387216 0.6
      vertex -40.09058934751119 24.35642118855793 6
      vertex -40.062518408917974 24.215299050387216 6
    endloop
  endfacet
  facet normal 0.9978589232386029 0.06540312923015078 0
    outer loop
      vertex -40.09058934751119 24.35642118855793 0.6
      vertex -40.1 24.5 6
      vertex -40.09058934751119 24.35642118855793 6
    endloop
  endfacet
  facet normal 0.9978589232386029 -0.06540312923015078 0
    outer loop
      vertex -40.1 24.5 0.6
      vertex -40.09058934751119 24.64357881144207 6
      vertex -40.1 24.5 6
    endloop
  endfacet
  facet normal 0.9807852804032293 -0.19509032201613385 0
    outer loop
      vertex -40.09058934751119 24.64357881144207 0.6
      vertex -40.062518408917974 24.784700949612784 6
      vertex -40.09058934751119 24.64357881144207 6
    endloop
  endfacet
  facet normal 0.9469301294950906 -0.3214394653032058 0
    outer loop
      vertex -40.062518408917974 24.784700949612784 0.6
      vertex -40.01626748576241 24.920951775601594 6
      vertex -40.062518408917974 24.784700949612784 6
    endloop
  endfacet
  facet normal 0.8968727415327233 -0.4422886902189304 0
    outer loop
      vertex -40.01626748576241 24.920951775601594 0.6
      vertex -39.952627944162884 25.05000000000001 6
      vertex -40.01626748576241 24.920951775601594 6
    endloop
  endfacet
  facet normal 0.5555702330196156 0.8314696123025362 0
    outer loop
      vertex -39.55 23.547372055837116 0.6
      vertex -39.66963757190959 23.627311325679642 6
      vertex -39.55 23.547372055837116 6
    endloop
  endfacet
  facet normal 0.6593458151000686 0.7518398074789776 0
    outer loop
      vertex -39.66963757190959 23.627311325679642 0.6
      vertex -39.777817459305204 23.722182540694803 6
      vertex -39.66963757190959 23.627311325679642 6
    endloop
  endfacet
  facet normal 0.3214394653031164 0.946930129495121 0
    outer loop
      vertex -39.28470094961277 23.43748159108202 0.6
      vertex -39.4209517756016 23.483732514237573 6
      vertex -39.28470094961277 23.43748159108202 6
    endloop
  endfacet
  facet normal 0.19509032201603882 0.9807852804032482 0
    outer loop
      vertex -39.143578811442055 23.409410652488816 0.6
      vertex -39.28470094961277 23.43748159108202 6
      vertex -39.143578811442055 23.409410652488816 6
    endloop
  endfacet
  facet normal 0.4422886902190686 0.8968727415326551 0
    outer loop
      vertex -39.4209517756016 23.483732514237573 0.6
      vertex -39.55 23.547372055837116 6
      vertex -39.4209517756016 23.483732514237573 6
    endloop
  endfacet
  facet normal 0.7518398074789806 0.6593458151000652 0
    outer loop
      vertex -39.777817459305204 23.722182540694803 0.6
      vertex -39.87268867432036 23.83036242809041 6
      vertex -39.777817459305204 23.722182540694803 6
    endloop
  endfacet
  facet normal 0.8314696123025057 0.5555702330196612 0
    outer loop
      vertex -39.87268867432036 23.83036242809041 0.6
      vertex -39.952627944162884 23.94999999999999 6
      vertex -39.87268867432036 23.83036242809041 6
    endloop
  endfacet
  facet normal 0.06540312923015723 0.9978589232386026 0
    outer loop
      vertex -39 23.400000000000006 0.6
      vertex -39.143578811442055 23.409410652488816 6
      vertex -39 23.400000000000006 6
    endloop
  endfacet
  facet normal -0.06540312923015723 0.9978589232386026 0
    outer loop
      vertex -38.856421188557945 23.409410652488816 0.6
      vertex -39 23.400000000000006 6
      vertex -38.856421188557945 23.409410652488816 6
    endloop
  endfacet
  facet normal -0.19509032201603882 0.9807852804032482 0
    outer loop
      vertex -38.71529905038723 23.43748159108202 0.6
      vertex -38.856421188557945 23.409410652488816 6
      vertex -38.71529905038723 23.43748159108202 6
    endloop
  endfacet
  facet normal -0.3214394653031164 0.946930129495121 0
    outer loop
      vertex -38.5790482243984 23.483732514237573 0.6
      vertex -38.71529905038723 23.43748159108202 6
      vertex -38.5790482243984 23.483732514237573 6
    endloop
  endfacet
  facet normal -0.4422886902190686 0.8968727415326551 0
    outer loop
      vertex -38.45 23.547372055837116 0.6
      vertex -38.5790482243984 23.483732514237573 6
      vertex -38.45 23.547372055837116 6
    endloop
  endfacet
  facet normal -0.5555702330196156 0.8314696123025362 0
    outer loop
      vertex -38.33036242809041 23.627311325679642 0.6
      vertex -38.45 23.547372055837116 6
      vertex -38.33036242809041 23.627311325679642 6
    endloop
  endfacet
  facet normal 0.8314696123025057 -0.5555702330196612 0
    outer loop
      vertex -39.952627944162884 25.05000000000001 0.6
      vertex -39.87268867432036 25.16963757190959 6
      vertex -39.952627944162884 25.05000000000001 6
    endloop
  endfacet
  facet normal -0.6593458151000686 0.7518398074789776 0
    outer loop
      vertex -38.222182540694796 23.722182540694803 0.6
      vertex -38.33036242809041 23.627311325679642 6
      vertex -38.222182540694796 23.722182540694803 6
    endloop
  endfacet
  facet normal -0.7518398074789806 0.6593458151000652 0
    outer loop
      vertex -38.12731132567964 23.83036242809041 0.6
      vertex -38.222182540694796 23.722182540694803 6
      vertex -38.12731132567964 23.83036242809041 6
    endloop
  endfacet
  facet normal -0.8314696123025057 0.5555702330196612 0
    outer loop
      vertex -38.047372055837116 23.94999999999999 0.6
      vertex -38.12731132567964 23.83036242809041 6
      vertex -38.047372055837116 23.94999999999999 6
    endloop
  endfacet
  facet normal -0.8968727415327233 0.4422886902189304 0
    outer loop
      vertex -37.98373251423759 24.079048224398406 0.6
      vertex -38.047372055837116 23.94999999999999 6
      vertex -37.98373251423759 24.079048224398406 6
    endloop
  endfacet
  facet normal -0.9469301294950906 0.3214394653032058 0
    outer loop
      vertex -37.937481591082026 24.215299050387216 0.6
      vertex -37.98373251423759 24.079048224398406 6
      vertex -37.937481591082026 24.215299050387216 6
    endloop
  endfacet
  facet normal -0.9807852804032293 0.19509032201613385 0
    outer loop
      vertex -37.90941065248881 24.35642118855793 0.6
      vertex -37.937481591082026 24.215299050387216 6
      vertex -37.90941065248881 24.35642118855793 6
    endloop
  endfacet
  facet normal -0.9978589232386029 0.06540312923015078 0
    outer loop
      vertex -37.9 24.5 0.6
      vertex -37.90941065248881 24.35642118855793 6
      vertex -37.9 24.5 6
    endloop
  endfacet
  facet normal -0.9978589232386029 -0.06540312923015078 0
    outer loop
      vertex -37.90941065248881 24.64357881144207 0.6
      vertex -37.9 24.5 6
      vertex -37.90941065248881 24.64357881144207 6
    endloop
  endfacet
  facet normal -0.9807852804032293 -0.19509032201613385 0
    outer loop
      vertex -37.937481591082026 24.784700949612784 0.6
      vertex -37.90941065248881 24.64357881144207 6
      vertex -37.937481591082026 24.784700949612784 6
    endloop
  endfacet
  facet normal -0.9469301294950906 -0.3214394653032058 0
    outer loop
      vertex -37.98373251423759 24.920951775601594 0.6
      vertex -37.937481591082026 24.784700949612784 6
      vertex -37.98373251423759 24.920951775601594 6
    endloop
  endfacet
  facet normal -0.8314696123025057 -0.5555702330196612 0
    outer loop
      vertex -38.12731132567964 25.16963757190959 0.6
      vertex -38.047372055837116 25.05000000000001 6
      vertex -38.12731132567964 25.16963757190959 6
    endloop
  endfacet
  facet normal -0.8968727415327233 -0.4422886902189304 0
    outer loop
      vertex -38.047372055837116 25.05000000000001 0.6
      vertex -37.98373251423759 24.920951775601594 6
      vertex -38.047372055837116 25.05000000000001 6
    endloop
  endfacet
  facet normal 0.7518398074789806 -0.6593458151000652 0
    outer loop
      vertex -39.87268867432036 25.16963757190959 0.6
      vertex -39.777817459305204 25.277817459305197 6
      vertex -39.87268867432036 25.16963757190959 6
    endloop
  endfacet
  facet normal 0.6593458151000686 -0.7518398074789776 0
    outer loop
      vertex -39.777817459305204 25.277817459305197 0.6
      vertex -39.66963757190959 25.372688674320358 6
      vertex -39.777817459305204 25.277817459305197 6
    endloop
  endfacet
  facet normal 0.5555702330196156 -0.8314696123025362 0
    outer loop
      vertex -39.66963757190959 25.372688674320358 0.6
      vertex -39.55 25.452627944162884 6
      vertex -39.66963757190959 25.372688674320358 6
    endloop
  endfacet
  facet normal 0.4422886902190686 -0.8968727415326551 0
    outer loop
      vertex -39.55 25.452627944162884 0.6
      vertex -39.4209517756016 25.516267485762427 6
      vertex -39.55 25.452627944162884 6
    endloop
  endfacet
  facet normal 0.3214394653031164 -0.946930129495121 0
    outer loop
      vertex -39.4209517756016 25.516267485762427 0.6
      vertex -39.28470094961277 25.56251840891798 6
      vertex -39.4209517756016 25.516267485762427 6
    endloop
  endfacet
  facet normal 0.19509032201603882 -0.9807852804032482 0
    outer loop
      vertex -39.28470094961277 25.56251840891798 0.6
      vertex -39.143578811442055 25.590589347511184 6
      vertex -39.28470094961277 25.56251840891798 6
    endloop
  endfacet
  facet normal 0.06540312923015723 -0.9978589232386026 0
    outer loop
      vertex -39.143578811442055 25.590589347511184 0.6
      vertex -39 25.599999999999994 6
      vertex -39.143578811442055 25.590589347511184 6
    endloop
  endfacet
  facet normal -0.06540312923015723 -0.9978589232386026 0
    outer loop
      vertex -39 25.599999999999994 0.6
      vertex -38.856421188557945 25.590589347511184 6
      vertex -39 25.599999999999994 6
    endloop
  endfacet
  facet normal -0.19509032201603882 -0.9807852804032482 0
    outer loop
      vertex -38.856421188557945 25.590589347511184 0.6
      vertex -38.71529905038723 25.56251840891798 6
      vertex -38.856421188557945 25.590589347511184 6
    endloop
  endfacet
  facet normal -0.5555702330196156 -0.8314696123025362 0
    outer loop
      vertex -38.45 25.452627944162884 0.6
      vertex -38.33036242809041 25.372688674320358 6
      vertex -38.45 25.452627944162884 6
    endloop
  endfacet
  facet normal -0.6593458151000686 -0.7518398074789776 0
    outer loop
      vertex -38.33036242809041 25.372688674320358 0.6
      vertex -38.222182540694796 25.277817459305197 6
      vertex -38.33036242809041 25.372688674320358 6
    endloop
  endfacet
  facet normal -0.3214394653031164 -0.946930129495121 0
    outer loop
      vertex -38.71529905038723 25.56251840891798 0.6
      vertex -38.5790482243984 25.516267485762427 6
      vertex -38.71529905038723 25.56251840891798 6
    endloop
  endfacet
  facet normal -0.4422886902190686 -0.8968727415326551 0
    outer loop
      vertex -38.5790482243984 25.516267485762427 0.6
      vertex -38.45 25.452627944162884 6
      vertex -38.5790482243984 25.516267485762427 6
    endloop
  endfacet
  facet normal -0.7518398074789806 -0.6593458151000652 0
    outer loop
      vertex -38.222182540694796 25.277817459305197 0.6
      vertex -38.12731132567964 25.16963757190959 6
      vertex -38.222182540694796 25.277817459305197 6
    endloop
  endfacet
  facet normal 0 0 1
    outer loop
      vertex 18.330362428090407 23.627311325679642 0.6
      vertex 18.45 23.547372055837116 0.6
      vertex 18.45 25.452627944162884 0.6
    endloop
  endfacet
  facet normal 0 0 1
    outer loop
      vertex 18.45 23.547372055837116 0.6
      vertex 18.579048224398402 23.483732514237573 0.6
      vertex 18.579048224398402 25.516267485762427 0.6
    endloop
  endfacet
  facet normal 0 0 1
    outer loop
      vertex 17.937481591082026 24.215299050387216 0.6
      vertex 17.937481591082026 24.784700949612784 0.6
      vertex 17.90941065248881 24.35642118855793 0.6
    endloop
  endfacet
  facet normal 0 0 1
    outer loop
      vertex 18.04737205583712 23.94999999999999 0.6
      vertex 18.127311325679642 23.83036242809041 0.6
      vertex 18.127311325679642 25.16963757190959 0.6
    endloop
  endfacet
  facet normal 0 0 1
    outer loop
      vertex 18.04737205583712 23.94999999999999 0.6
      vertex 18.04737205583712 25.05000000000001 0.6
      vertex 17.983732514237584 24.079048224398406 0.6
    endloop
  endfacet
  facet normal 0 0 1
    outer loop
      vertex 17.983732514237584 24.079048224398406 0.6
      vertex 17.983732514237584 24.920951775601594 0.6
      vertex 17.937481591082026 24.215299050387216 0.6
    endloop
  endfacet
  facet normal 0 0 1
    outer loop
      vertex 17.90941065248881 24.35642118855793 0.6
      vertex 17.90941065248881 24.64357881144207 0.6
      vertex 17.9 24.5 0.6
    endloop
  endfacet
  facet normal 0 0 1
    outer loop
      vertex 17.90941065248881 24.35642118855793 0.6
      vertex 17.937481591082026 24.784700949612784 0.6
      vertex 17.90941065248881 24.64357881144207 0.6
    endloop
  endfacet
  facet normal 0 0 1
    outer loop
      vertex 17.937481591082026 24.215299050387216 0.6
      vertex 17.983732514237584 24.920951775601594 0.6
      vertex 17.937481591082026 24.784700949612784 0.6
    endloop
  endfacet
  facet normal 0 0 1
    outer loop
      vertex 17.983732514237584 24.079048224398406 0.6
      vertex 18.04737205583712 25.05000000000001 0.6
      vertex 17.983732514237584 24.920951775601594 0.6
    endloop
  endfacet
  facet normal 0 0 1
    outer loop
      vertex 18.2221825406948 23.722182540694803 0.6
      vertex 18.2221825406948 25.277817459305197 0.6
      vertex 18.127311325679642 23.83036242809041 0.6
    endloop
  endfacet
  facet normal 0 0 1
    outer loop
      vertex 18.2221825406948 23.722182540694803 0.6
      vertex 18.330362428090407 23.627311325679642 0.6
      vertex 18.330362428090407 25.372688674320358 0.6
    endloop
  endfacet
  facet normal 0 0 1
    outer loop
      vertex 18.04737205583712 23.94999999999999 0.6
      vertex 18.127311325679642 25.16963757190959 0.6
      vertex 18.04737205583712 25.05000000000001 0.6
    endloop
  endfacet
  facet normal 0 0 1
    outer loop
      vertex 18.127311325679642 23.83036242809041 0.6
      vertex 18.2221825406948 25.277817459305197 0.6
      vertex 18.127311325679642 25.16963757190959 0.6
    endloop
  endfacet
  facet normal 0 0 1
    outer loop
      vertex 18.2221825406948 23.722182540694803 0.6
      vertex 18.330362428090407 25.372688674320358 0.6
      vertex 18.2221825406948 25.277817459305197 0.6
    endloop
  endfacet
  facet normal 0 0 1
    outer loop
      vertex 18.330362428090407 23.627311325679642 0.6
      vertex 18.45 25.452627944162884 0.6
      vertex 18.330362428090407 25.372688674320358 0.6
    endloop
  endfacet
  facet normal 0 0 1
    outer loop
      vertex 18.45 23.547372055837116 0.6
      vertex 18.579048224398402 25.516267485762427 0.6
      vertex 18.45 25.452627944162884 0.6
    endloop
  endfacet
  facet normal 0 0 1
    outer loop
      vertex 18.579048224398402 23.483732514237573 0.6
      vertex 18.715299050387227 23.43748159108202 0.6
      vertex 18.715299050387227 25.56251840891798 0.6
    endloop
  endfacet
  facet normal 0 0 1
    outer loop
      vertex 18.856421188557942 23.409410652488816 0.6
      vertex 18.856421188557942 25.590589347511184 0.6
      vertex 18.715299050387227 23.43748159108202 0.6
    endloop
  endfacet
  facet normal 0 0 1
    outer loop
      vertex 18.856421188557942 23.409410652488816 0.6
      vertex 19 23.400000000000006 0.6
      vertex 19 25.599999999999994 0.6
    endloop
  endfacet
  facet normal 0 0 1
    outer loop
      vertex 19 23.400000000000006 0.6
      vertex 19.143578811442058 23.409410652488816 0.6
      vertex 19.143578811442058 25.590589347511184 0.6
    endloop
  endfacet
  facet normal 0 0 1
    outer loop
      vertex 19.143578811442058 23.409410652488816 0.6
      vertex 19.284700949612773 23.43748159108202 0.6
      vertex 19.284700949612773 25.56251840891798 0.6
    endloop
  endfacet
  facet normal 0 0 1
    outer loop
      vertex 19.284700949612773 23.43748159108202 0.6
      vertex 19.420951775601598 23.483732514237573 0.6
      vertex 19.420951775601598 25.516267485762427 0.6
    endloop
  endfacet
  facet normal 0 0 1
    outer loop
      vertex 19.420951775601598 23.483732514237573 0.6
      vertex 19.55 23.547372055837116 0.6
      vertex 19.55 25.452627944162884 0.6
    endloop
  endfacet
  facet normal 0 0 1
    outer loop
      vertex 19.55 23.547372055837116 0.6
      vertex 19.669637571909593 23.627311325679642 0.6
      vertex 19.669637571909593 25.372688674320358 0.6
    endloop
  endfacet
  facet normal 0 0 1
    outer loop
      vertex 19.669637571909593 23.627311325679642 0.6
      vertex 19.7778174593052 23.722182540694803 0.6
      vertex 19.7778174593052 25.277817459305197 0.6
    endloop
  endfacet
  facet normal 0 0 1
    outer loop
      vertex 18.579048224398402 23.483732514237573 0.6
      vertex 18.715299050387227 25.56251840891798 0.6
      vertex 18.579048224398402 25.516267485762427 0.6
    endloop
  endfacet
  facet normal 0 0 1
    outer loop
      vertex 18.715299050387227 23.43748159108202 0.6
      vertex 18.856421188557942 25.590589347511184 0.6
      vertex 18.715299050387227 25.56251840891798 0.6
    endloop
  endfacet
  facet normal 0 0 1
    outer loop
      vertex 18.856421188557942 23.409410652488816 0.6
      vertex 19 25.599999999999994 0.6
      vertex 18.856421188557942 25.590589347511184 0.6
    endloop
  endfacet
  facet normal 0 0 1
    outer loop
      vertex 19 23.400000000000006 0.6
      vertex 19.143578811442058 25.590589347511184 0.6
      vertex 19 25.599999999999994 0.6
    endloop
  endfacet
  facet normal 0 0 1
    outer loop
      vertex 19.143578811442058 23.409410652488816 0.6
      vertex 19.284700949612773 25.56251840891798 0.6
      vertex 19.143578811442058 25.590589347511184 0.6
    endloop
  endfacet
  facet normal 0 0 1
    outer loop
      vertex 19.284700949612773 23.43748159108202 0.6
      vertex 19.420951775601598 25.516267485762427 0.6
      vertex 19.284700949612773 25.56251840891798 0.6
    endloop
  endfacet
  facet normal 0 0 1
    outer loop
      vertex 19.7778174593052 23.722182540694803 0.6
      vertex 19.872688674320358 23.83036242809041 0.6
      vertex 19.872688674320358 25.16963757190959 0.6
    endloop
  endfacet
  facet normal 0 0 1
    outer loop
      vertex 19.872688674320358 23.83036242809041 0.6
      vertex 19.95262794416288 23.94999999999999 0.6
      vertex 19.95262794416288 25.05000000000001 0.6
    endloop
  endfacet
  facet normal 0 0 1
    outer loop
      vertex 19.95262794416288 23.94999999999999 0.6
      vertex 20.016267485762416 24.079048224398406 0.6
      vertex 20.016267485762416 24.920951775601594 0.6
    endloop
  endfacet
  facet normal 0 0 1
    outer loop
      vertex 20.016267485762416 24.079048224398406 0.6
      vertex 20.062518408917974 24.215299050387216 0.6
      vertex 20.062518408917974 24.784700949612784 0.6
    endloop
  endfacet
  facet normal 0 0 1
    outer loop
      vertex 20.062518408917974 24.215299050387216 0.6
      vertex 20.09058934751119 24.35642118855793 0.6
      vertex 20.09058934751119 24.64357881144207 0.6
    endloop
  endfacet
  facet normal 0 0 1
    outer loop
      vertex 19.872688674320358 23.83036242809041 0.6
      vertex 19.95262794416288 25.05000000000001 0.6
      vertex 19.872688674320358 25.16963757190959 0.6
    endloop
  endfacet
  facet normal 0 0 1
    outer loop
      vertex 19.95262794416288 23.94999999999999 0.6
      vertex 20.016267485762416 24.920951775601594 0.6
      vertex 19.95262794416288 25.05000000000001 0.6
    endloop
  endfacet
  facet normal 0 0 1
    outer loop
      vertex 20.016267485762416 24.079048224398406 0.6
      vertex 20.062518408917974 24.784700949612784 0.6
      vertex 20.016267485762416 24.920951775601594 0.6
    endloop
  endfacet
  facet normal 0 0 1
    outer loop
      vertex 20.09058934751119 24.35642118855793 0.6
      vertex 20.1 24.5 0.6
      vertex 20.09058934751119 24.64357881144207 0.6
    endloop
  endfacet
  facet normal 0 0 1
    outer loop
      vertex 20.062518408917974 24.215299050387216 0.6
      vertex 20.09058934751119 24.64357881144207 0.6
      vertex 20.062518408917974 24.784700949612784 0.6
    endloop
  endfacet
  facet normal 0 0 1
    outer loop
      vertex 19.420951775601598 23.483732514237573 0.6
      vertex 19.55 25.452627944162884 0.6
      vertex 19.420951775601598 25.516267485762427 0.6
    endloop
  endfacet
  facet normal 0 0 1
    outer loop
      vertex 19.55 23.547372055837116 0.6
      vertex 19.669637571909593 25.372688674320358 0.6
      vertex 19.55 25.452627944162884 0.6
    endloop
  endfacet
  facet normal 0 0 1
    outer loop
      vertex 19.669637571909593 23.627311325679642 0.6
      vertex 19.7778174593052 25.277817459305197 0.6
      vertex 19.669637571909593 25.372688674320358 0.6
    endloop
  endfacet
  facet normal 0 0 1
    outer loop
      vertex 19.7778174593052 23.722182540694803 0.6
      vertex 19.872688674320358 25.16963757190959 0.6
      vertex 19.7778174593052 25.277817459305197 0.6
    endloop
  endfacet
  facet normal 0.6593458151000932 0.7518398074789561 0
    outer loop
      vertex 18.2221825406948 23.722182540694803 0.6
      vertex 18.2221825406948 23.722182540694803 6
      vertex 18.330362428090407 23.627311325679642 0.6
    endloop
  endfacet
  facet normal 0.5555702330196156 0.8314696123025362 0
    outer loop
      vertex 18.330362428090407 23.627311325679642 0.6
      vertex 18.330362428090407 23.627311325679642 6
      vertex 18.45 23.547372055837116 0.6
    endloop
  endfacet
  facet normal 0.442288690219049 0.8968727415326648 0
    outer loop
      vertex 18.45 23.547372055837116 0.6
      vertex 18.45 23.547372055837116 6
      vertex 18.579048224398402 23.483732514237573 0.6
    endloop
  endfacet
  facet normal 0.7518398074789684 0.6593458151000792 1.0399501118987498e-18
    outer loop
      vertex 18.2221825406948 23.722182540694803 0.6
      vertex 18.127311325679642 23.83036242809041 0.6
      vertex 18.127311325679642 23.83036242809041 6
    endloop
  endfacet
  facet normal 0.8314696123025173 0.5555702330196441 0
    outer loop
      vertex 18.04737205583712 23.94999999999999 0.6
      vertex 18.04737205583712 23.94999999999999 6
      vertex 18.127311325679642 23.83036242809041 0.6
    endloop
  endfacet
  facet normal 0.8968727415327037 0.4422886902189701 3.230661890269544e-19
    outer loop
      vertex 18.04737205583712 23.94999999999999 0.6
      vertex 17.983732514237584 24.079048224398406 0.6
      vertex 17.983732514237584 24.079048224398406 6
    endloop
  endfacet
  facet normal 0.946930129495098 0.3214394653031836 -2.3702848184876136e-19
    outer loop
      vertex 17.983732514237584 24.079048224398406 0.6
      vertex 17.937481591082026 24.215299050387216 0.6
      vertex 17.937481591082026 24.215299050387216 6
    endloop
  endfacet
  facet normal 0.9807852804032293 0.19509032201613385 7.917198258107179e-20
    outer loop
      vertex 17.937481591082026 24.215299050387216 0.6
      vertex 17.90941065248881 24.35642118855793 0.6
      vertex 17.90941065248881 24.35642118855793 6
    endloop
  endfacet
  facet normal 0.9978589232386029 0.06540312923015078 6.344559154472619e-20
    outer loop
      vertex 17.90941065248881 24.35642118855793 0.6
      vertex 17.9 24.5 0.6
      vertex 17.9 24.5 6
    endloop
  endfacet
  facet normal 0.9978589232386029 -0.06540312923015078 -6.344559154472619e-20
    outer loop
      vertex 17.9 24.5 0.6
      vertex 17.90941065248881 24.64357881144207 0.6
      vertex 17.90941065248881 24.64357881144207 6
    endloop
  endfacet
  facet normal 0.9807852804032293 -0.19509032201613385 -7.917198258107179e-20
    outer loop
      vertex 17.90941065248881 24.64357881144207 0.6
      vertex 17.937481591082026 24.784700949612784 0.6
      vertex 17.937481591082026 24.784700949612784 6
    endloop
  endfacet
  facet normal 0.946930129495098 -0.3214394653031836 2.3702848184876136e-19
    outer loop
      vertex 17.937481591082026 24.784700949612784 0.6
      vertex 17.983732514237584 24.920951775601594 0.6
      vertex 17.983732514237584 24.920951775601594 6
    endloop
  endfacet
  facet normal 0.8968727415327037 -0.4422886902189701 -3.230661890269544e-19
    outer loop
      vertex 17.983732514237584 24.920951775601594 0.6
      vertex 18.04737205583712 25.05000000000001 0.6
      vertex 18.04737205583712 25.05000000000001 6
    endloop
  endfacet
  facet normal 0.8314696123025173 -0.5555702330196441 5.483928068621132e-19
    outer loop
      vertex 18.04737205583712 25.05000000000001 0.6
      vertex 18.127311325679642 25.16963757190959 0.6
      vertex 18.127311325679642 25.16963757190959 6
    endloop
  endfacet
  facet normal 0.32143946530313144 0.9469301294951159 0
    outer loop
      vertex 18.579048224398402 23.483732514237573 0.6
      vertex 18.579048224398402 23.483732514237573 6
      vertex 18.715299050387227 23.43748159108202 0.6
    endloop
  endfacet
  facet normal 0.19509032201603882 0.9807852804032482 2.4116190150708727e-19
    outer loop
      vertex 18.856421188557942 23.409410652488816 0.6
      vertex 18.715299050387227 23.43748159108202 0.6
      vertex 18.715299050387227 23.43748159108202 6
    endloop
  endfacet
  facet normal 0.06540312923015561 0.9978589232386027 0
    outer loop
      vertex 18.856421188557942 23.409410652488816 0.6
      vertex 18.856421188557942 23.409410652488816 6
      vertex 19 23.400000000000006 0.6
    endloop
  endfacet
  facet normal -0.06540312923015561 0.9978589232386027 0
    outer loop
      vertex 19 23.400000000000006 0.6
      vertex 19 23.400000000000006 6
      vertex 19.143578811442058 23.409410652488816 0.6
    endloop
  endfacet
  facet normal -0.19509032201603882 0.9807852804032482 0
    outer loop
      vertex 19.143578811442058 23.409410652488816 0.6
      vertex 19.143578811442058 23.409410652488816 6
      vertex 19.284700949612773 23.43748159108202 0.6
    endloop
  endfacet
  facet normal -0.32143946530313144 0.9469301294951159 0
    outer loop
      vertex 19.284700949612773 23.43748159108202 0.6
      vertex 19.284700949612773 23.43748159108202 6
      vertex 19.420951775601598 23.483732514237573 0.6
    endloop
  endfacet
  facet normal -0.442288690219049 0.8968727415326648 0
    outer loop
      vertex 19.420951775601598 23.483732514237573 0.6
      vertex 19.420951775601598 23.483732514237573 6
      vertex 19.55 23.547372055837116 0.6
    endloop
  endfacet
  facet normal -0.5555702330196156 0.8314696123025362 0
    outer loop
      vertex 19.55 23.547372055837116 0.6
      vertex 19.55 23.547372055837116 6
      vertex 19.669637571909593 23.627311325679642 0.6
    endloop
  endfacet
  facet normal -0.6593458151000932 0.7518398074789561 0
    outer loop
      vertex 19.669637571909593 23.627311325679642 0.6
      vertex 19.669637571909593 23.627311325679642 6
      vertex 19.7778174593052 23.722182540694803 0.6
    endloop
  endfacet
  facet normal -0.7518398074789684 0.6593458151000792 0
    outer loop
      vertex 19.7778174593052 23.722182540694803 0.6
      vertex 19.7778174593052 23.722182540694803 6
      vertex 19.872688674320358 23.83036242809041 0.6
    endloop
  endfacet
  facet normal -0.8314696123025173 0.5555702330196441 0
    outer loop
      vertex 19.872688674320358 23.83036242809041 0.6
      vertex 19.872688674320358 23.83036242809041 6
      vertex 19.95262794416288 23.94999999999999 0.6
    endloop
  endfacet
  facet normal -0.8968727415327037 0.4422886902189701 0
    outer loop
      vertex 19.95262794416288 23.94999999999999 0.6
      vertex 19.95262794416288 23.94999999999999 6
      vertex 20.016267485762416 24.079048224398406 0.6
    endloop
  endfacet
  facet normal -0.946930129495098 0.3214394653031836 0
    outer loop
      vertex 20.016267485762416 24.079048224398406 0.6
      vertex 20.016267485762416 24.079048224398406 6
      vertex 20.062518408917974 24.215299050387216 0.6
    endloop
  endfacet
  facet normal -0.9807852804032293 0.19509032201613385 0
    outer loop
      vertex 20.062518408917974 24.215299050387216 0.6
      vertex 20.062518408917974 24.215299050387216 6
      vertex 20.09058934751119 24.35642118855793 0.6
    endloop
  endfacet
  facet normal -0.9978589232386029 0.06540312923015078 0
    outer loop
      vertex 20.09058934751119 24.35642118855793 0.6
      vertex 20.09058934751119 24.35642118855793 6
      vertex 20.1 24.5 0.6
    endloop
  endfacet
  facet normal -0.9978589232386029 -0.06540312923015078 0
    outer loop
      vertex 20.1 24.5 0.6
      vertex 20.1 24.5 6
      vertex 20.09058934751119 24.64357881144207 0.6
    endloop
  endfacet
  facet normal -0.9807852804032293 -0.19509032201613385 7.917198258107179e-20
    outer loop
      vertex 20.062518408917974 24.784700949612784 0.6
      vertex 20.09058934751119 24.64357881144207 0.6
      vertex 20.09058934751119 24.64357881144207 6
    endloop
  endfacet
  facet normal -0.946930129495098 -0.3214394653031836 0
    outer loop
      vertex 20.062518408917974 24.784700949612784 0.6
      vertex 20.062518408917974 24.784700949612784 6
      vertex 20.016267485762416 24.920951775601594 0.6
    endloop
  endfacet
  facet normal -0.8968727415327037 -0.4422886902189701 0
    outer loop
      vertex 20.016267485762416 24.920951775601594 0.6
      vertex 20.016267485762416 24.920951775601594 6
      vertex 19.95262794416288 25.05000000000001 0.6
    endloop
  endfacet
  facet normal -0.8314696123025173 -0.5555702330196441 -5.483928068621132e-19
    outer loop
      vertex 19.872688674320358 25.16963757190959 0.6
      vertex 19.95262794416288 25.05000000000001 0.6
      vertex 19.95262794416288 25.05000000000001 6
    endloop
  endfacet
  facet normal 0.7518398074789684 -0.6593458151000792 -1.0399501118987498e-18
    outer loop
      vertex 18.127311325679642 25.16963757190959 0.6
      vertex 18.2221825406948 25.277817459305197 0.6
      vertex 18.2221825406948 25.277817459305197 6
    endloop
  endfacet
  facet normal 0.6593458151000932 -0.7518398074789561 1.9337148525836828e-19
    outer loop
      vertex 18.2221825406948 25.277817459305197 0.6
      vertex 18.330362428090407 25.372688674320358 0.6
      vertex 18.330362428090407 25.372688674320358 6
    endloop
  endfacet
  facet normal 0.5555702330196156 -0.8314696123025362 2.810269379007479e-19
    outer loop
      vertex 18.330362428090407 25.372688674320358 0.6
      vertex 18.45 25.452627944162884 0.6
      vertex 18.45 25.452627944162884 6
    endloop
  endfacet
  facet normal 0.442288690219049 -0.8968727415326648 2.270572347894611e-19
    outer loop
      vertex 18.45 25.452627944162884 0.6
      vertex 18.579048224398402 25.516267485762427 0.6
      vertex 18.579048224398402 25.516267485762427 6
    endloop
  endfacet
  facet normal 0.32143946530313144 -0.9469301294951159 -1.0708368464458421e-19
    outer loop
      vertex 18.579048224398402 25.516267485762427 0.6
      vertex 18.715299050387227 25.56251840891798 0.6
      vertex 18.715299050387227 25.56251840891798 6
    endloop
  endfacet
  facet normal 0.19509032201603882 -0.9807852804032482 -2.4116190150708727e-19
    outer loop
      vertex 18.715299050387227 25.56251840891798 0.6
      vertex 18.856421188557942 25.590589347511184 0.6
      vertex 18.856421188557942 25.590589347511184 6
    endloop
  endfacet
  facet normal 0.06540312923015561 -0.9978589232386027 6.147210994231217e-20
    outer loop
      vertex 18.856421188557942 25.590589347511184 0.6
      vertex 19 25.599999999999994 0.6
      vertex 19 25.599999999999994 6
    endloop
  endfacet
  facet normal -0.06540312923015561 -0.9978589232386027 -6.147210994231217e-20
    outer loop
      vertex 19 25.599999999999994 0.6
      vertex 19.143578811442058 25.590589347511184 0.6
      vertex 19.143578811442058 25.590589347511184 6
    endloop
  endfacet
  facet normal -0.32143946530313144 -0.9469301294951159 1.0708368464458421e-19
    outer loop
      vertex 19.284700949612773 25.56251840891798 0.6
      vertex 19.420951775601598 25.516267485762427 0.6
      vertex 19.420951775601598 25.516267485762427 6
    endloop
  endfacet
  facet normal -0.19509032201603882 -0.9807852804032482 2.4116190150708727e-19
    outer loop
      vertex 19.143578811442058 25.590589347511184 0.6
      vertex 19.284700949612773 25.56251840891798 0.6
      vertex 19.284700949612773 25.56251840891798 6
    endloop
  endfacet
  facet normal -0.5555702330196156 -0.8314696123025362 0
    outer loop
      vertex 19.669637571909593 25.372688674320358 0.6
      vertex 19.669637571909593 25.372688674320358 6
      vertex 19.55 25.452627944162884 0.6
    endloop
  endfacet
  facet normal -0.6593458151000932 -0.7518398074789561 -1.9337148525836828e-19
    outer loop
      vertex 19.669637571909593 25.372688674320358 0.6
      vertex 19.7778174593052 25.277817459305197 0.6
      vertex 19.7778174593052 25.277817459305197 6
    endloop
  endfacet
  facet normal -0.442288690219049 -0.8968727415326648 -2.270572347894611e-19
    outer loop
      vertex 19.420951775601598 25.516267485762427 0.6
      vertex 19.55 25.452627944162884 0.6
      vertex 19.55 25.452627944162884 6
    endloop
  endfacet
  facet normal -0.7518398074789684 -0.6593458151000792 0
    outer loop
      vertex 19.872688674320358 25.16963757190959 0.6
      vertex 19.872688674320358 25.16963757190959 6
      vertex 19.7778174593052 25.277817459305197 0.6
    endloop
  endfacet
  facet normal 0.6593458151000932 0.7518398074789561 0
    outer loop
      vertex 18.330362428090407 23.627311325679642 0.6
      vertex 18.2221825406948 23.722182540694803 6
      vertex 18.330362428090407 23.627311325679642 6
    endloop
  endfacet
  facet normal 0.5555702330196156 0.8314696123025362 0
    outer loop
      vertex 18.45 23.547372055837116 0.6
      vertex 18.330362428090407 23.627311325679642 6
      vertex 18.45 23.547372055837116 6
    endloop
  endfacet
  facet normal 0.442288690219049 0.8968727415326648 0
    outer loop
      vertex 18.579048224398402 23.483732514237573 0.6
      vertex 18.45 23.547372055837116 6
      vertex 18.579048224398402 23.483732514237573 6
    endloop
  endfacet
  facet normal 0.8314696123025173 0.5555702330196441 0
    outer loop
      vertex 18.127311325679642 23.83036242809041 0.6
      vertex 18.04737205583712 23.94999999999999 6
      vertex 18.127311325679642 23.83036242809041 6
    endloop
  endfacet
  facet normal 0.8968727415327037 0.4422886902189701 0
    outer loop
      vertex 18.04737205583712 23.94999999999999 0.6
      vertex 17.983732514237584 24.079048224398406 6
      vertex 18.04737205583712 23.94999999999999 6
    endloop
  endfacet
  facet normal 0.946930129495098 0.3214394653031836 0
    outer loop
      vertex 17.983732514237584 24.079048224398406 0.6
      vertex 17.937481591082026 24.215299050387216 6
      vertex 17.983732514237584 24.079048224398406 6
    endloop
  endfacet
  facet normal 0.7518398074789684 0.6593458151000792 0
    outer loop
      vertex 18.2221825406948 23.722182540694803 0.6
      vertex 18.127311325679642 23.83036242809041 6
      vertex 18.2221825406948 23.722182540694803 6
    endloop
  endfacet
  facet normal 0.9807852804032293 0.19509032201613385 0
    outer loop
      vertex 17.937481591082026 24.215299050387216 0.6
      vertex 17.90941065248881 24.35642118855793 6
      vertex 17.937481591082026 24.215299050387216 6
    endloop
  endfacet
  facet normal 0.9978589232386029 0.06540312923015078 0
    outer loop
      vertex 17.90941065248881 24.35642118855793 0.6
      vertex 17.9 24.5 6
      vertex 17.90941065248881 24.35642118855793 6
    endloop
  endfacet
  facet normal 0.9978589232386029 -0.06540312923015078 0
    outer loop
      vertex 17.9 24.5 0.6
      vertex 17.90941065248881 24.64357881144207 6
      vertex 17.9 24.5 6
    endloop
  endfacet
  facet normal 0.9807852804032293 -0.19509032201613385 0
    outer loop
      vertex 17.90941065248881 24.64357881144207 0.6
      vertex 17.937481591082026 24.784700949612784 6
      vertex 17.90941065248881 24.64357881144207 6
    endloop
  endfacet
  facet normal 0.946930129495098 -0.3214394653031836 0
    outer loop
      vertex 17.937481591082026 24.784700949612784 0.6
      vertex 17.983732514237584 24.920951775601594 6
      vertex 17.937481591082026 24.784700949612784 6
    endloop
  endfacet
  facet normal 0.8968727415327037 -0.4422886902189701 0
    outer loop
      vertex 17.983732514237584 24.920951775601594 0.6
      vertex 18.04737205583712 25.05000000000001 6
      vertex 17.983732514237584 24.920951775601594 6
    endloop
  endfacet
  facet normal 0.8314696123025173 -0.5555702330196441 0
    outer loop
      vertex 18.04737205583712 25.05000000000001 0.6
      vertex 18.127311325679642 25.16963757190959 6
      vertex 18.04737205583712 25.05000000000001 6
    endloop
  endfacet
  facet normal 0.32143946530313144 0.9469301294951159 0
    outer loop
      vertex 18.715299050387227 23.43748159108202 0.6
      vertex 18.579048224398402 23.483732514237573 6
      vertex 18.715299050387227 23.43748159108202 6
    endloop
  endfacet
  facet normal 0.19509032201603882 0.9807852804032482 0
    outer loop
      vertex 18.856421188557942 23.409410652488816 0.6
      vertex 18.715299050387227 23.43748159108202 6
      vertex 18.856421188557942 23.409410652488816 6
    endloop
  endfacet
  facet normal 0.06540312923015561 0.9978589232386027 0
    outer loop
      vertex 19 23.400000000000006 0.6
      vertex 18.856421188557942 23.409410652488816 6
      vertex 19 23.400000000000006 6
    endloop
  endfacet
  facet normal -0.06540312923015561 0.9978589232386027 0
    outer loop
      vertex 19.143578811442058 23.409410652488816 0.6
      vertex 19 23.400000000000006 6
      vertex 19.143578811442058 23.409410652488816 6
    endloop
  endfacet
  facet normal -0.19509032201603882 0.9807852804032482 0
    outer loop
      vertex 19.284700949612773 23.43748159108202 0.6
      vertex 19.143578811442058 23.409410652488816 6
      vertex 19.284700949612773 23.43748159108202 6
    endloop
  endfacet
  facet normal -0.32143946530313144 0.9469301294951159 0
    outer loop
      vertex 19.420951775601598 23.483732514237573 0.6
      vertex 19.284700949612773 23.43748159108202 6
      vertex 19.420951775601598 23.483732514237573 6
    endloop
  endfacet
  facet normal -0.442288690219049 0.8968727415326648 0
    outer loop
      vertex 19.55 23.547372055837116 0.6
      vertex 19.420951775601598 23.483732514237573 6
      vertex 19.55 23.547372055837116 6
    endloop
  endfacet
  facet normal -0.5555702330196156 0.8314696123025362 0
    outer loop
      vertex 19.669637571909593 23.627311325679642 0.6
      vertex 19.55 23.547372055837116 6
      vertex 19.669637571909593 23.627311325679642 6
    endloop
  endfacet
  facet normal -0.6593458151000932 0.7518398074789561 0
    outer loop
      vertex 19.7778174593052 23.722182540694803 0.6
      vertex 19.669637571909593 23.627311325679642 6
      vertex 19.7778174593052 23.722182540694803 6
    endloop
  endfacet
  facet normal -0.7518398074789684 0.6593458151000792 0
    outer loop
      vertex 19.872688674320358 23.83036242809041 0.6
      vertex 19.7778174593052 23.722182540694803 6
      vertex 19.872688674320358 23.83036242809041 6
    endloop
  endfacet
  facet normal -0.8314696123025173 0.5555702330196441 0
    outer loop
      vertex 19.95262794416288 23.94999999999999 0.6
      vertex 19.872688674320358 23.83036242809041 6
      vertex 19.95262794416288 23.94999999999999 6
    endloop
  endfacet
  facet normal -0.8968727415327037 0.4422886902189701 0
    outer loop
      vertex 20.016267485762416 24.079048224398406 0.6
      vertex 19.95262794416288 23.94999999999999 6
      vertex 20.016267485762416 24.079048224398406 6
    endloop
  endfacet
  facet normal -0.946930129495098 0.3214394653031836 0
    outer loop
      vertex 20.062518408917974 24.215299050387216 0.6
      vertex 20.016267485762416 24.079048224398406 6
      vertex 20.062518408917974 24.215299050387216 6
    endloop
  endfacet
  facet normal -0.9807852804032293 0.19509032201613385 0
    outer loop
      vertex 20.09058934751119 24.35642118855793 0.6
      vertex 20.062518408917974 24.215299050387216 6
      vertex 20.09058934751119 24.35642118855793 6
    endloop
  endfacet
  facet normal -0.9978589232386029 0.06540312923015078 0
    outer loop
      vertex 20.1 24.5 0.6
      vertex 20.09058934751119 24.35642118855793 6
      vertex 20.1 24.5 6
    endloop
  endfacet
  facet normal -0.9978589232386029 -0.06540312923015078 0
    outer loop
      vertex 20.09058934751119 24.64357881144207 0.6
      vertex 20.1 24.5 6
      vertex 20.09058934751119 24.64357881144207 6
    endloop
  endfacet
  facet normal -0.946930129495098 -0.3214394653031836 0
    outer loop
      vertex 20.016267485762416 24.920951775601594 0.6
      vertex 20.062518408917974 24.784700949612784 6
      vertex 20.016267485762416 24.920951775601594 6
    endloop
  endfacet
  facet normal -0.9807852804032293 -0.19509032201613385 0
    outer loop
      vertex 20.062518408917974 24.784700949612784 0.6
      vertex 20.09058934751119 24.64357881144207 6
      vertex 20.062518408917974 24.784700949612784 6
    endloop
  endfacet
  facet normal -0.8968727415327037 -0.4422886902189701 0
    outer loop
      vertex 19.95262794416288 25.05000000000001 0.6
      vertex 20.016267485762416 24.920951775601594 6
      vertex 19.95262794416288 25.05000000000001 6
    endloop
  endfacet
  facet normal -0.8314696123025173 -0.5555702330196441 0
    outer loop
      vertex 19.872688674320358 25.16963757190959 0.6
      vertex 19.95262794416288 25.05000000000001 6
      vertex 19.872688674320358 25.16963757190959 6
    endloop
  endfacet
  facet normal 0.7518398074789684 -0.6593458151000792 0
    outer loop
      vertex 18.127311325679642 25.16963757190959 0.6
      vertex 18.2221825406948 25.277817459305197 6
      vertex 18.127311325679642 25.16963757190959 6
    endloop
  endfacet
  facet normal 0.6593458151000932 -0.7518398074789561 0
    outer loop
      vertex 18.2221825406948 25.277817459305197 0.6
      vertex 18.330362428090407 25.372688674320358 6
      vertex 18.2221825406948 25.277817459305197 6
    endloop
  endfacet
  facet normal 0.5555702330196156 -0.8314696123025362 0
    outer loop
      vertex 18.330362428090407 25.372688674320358 0.6
      vertex 18.45 25.452627944162884 6
      vertex 18.330362428090407 25.372688674320358 6
    endloop
  endfacet
  facet normal 0.442288690219049 -0.8968727415326648 0
    outer loop
      vertex 18.45 25.452627944162884 0.6
      vertex 18.579048224398402 25.516267485762427 6
      vertex 18.45 25.452627944162884 6
    endloop
  endfacet
  facet normal 0.32143946530313144 -0.9469301294951159 0
    outer loop
      vertex 18.579048224398402 25.516267485762427 0.6
      vertex 18.715299050387227 25.56251840891798 6
      vertex 18.579048224398402 25.516267485762427 6
    endloop
  endfacet
  facet normal 0.19509032201603882 -0.9807852804032482 0
    outer loop
      vertex 18.715299050387227 25.56251840891798 0.6
      vertex 18.856421188557942 25.590589347511184 6
      vertex 18.715299050387227 25.56251840891798 6
    endloop
  endfacet
  facet normal 0.06540312923015561 -0.9978589232386027 0
    outer loop
      vertex 18.856421188557942 25.590589347511184 0.6
      vertex 19 25.599999999999994 6
      vertex 18.856421188557942 25.590589347511184 6
    endloop
  endfacet
  facet normal -0.06540312923015561 -0.9978589232386027 0
    outer loop
      vertex 19 25.599999999999994 0.6
      vertex 19.143578811442058 25.590589347511184 6
      vertex 19 25.599999999999994 6
    endloop
  endfacet
  facet normal -0.19509032201603882 -0.9807852804032482 0
    outer loop
      vertex 19.143578811442058 25.590589347511184 0.6
      vertex 19.284700949612773 25.56251840891798 6
      vertex 19.143578811442058 25.590589347511184 6
    endloop
  endfacet
  facet normal -0.32143946530313144 -0.9469301294951159 0
    outer loop
      vertex 19.284700949612773 25.56251840891798 0.6
      vertex 19.420951775601598 25.516267485762427 6
      vertex 19.284700949612773 25.56251840891798 6
    endloop
  endfacet
  facet normal -0.5555702330196156 -0.8314696123025362 0
    outer loop
      vertex 19.55 25.452627944162884 0.6
      vertex 19.669637571909593 25.372688674320358 6
      vertex 19.55 25.452627944162884 6
    endloop
  endfacet
  facet normal -0.7518398074789684 -0.6593458151000792 0
    outer loop
      vertex 19.7778174593052 25.277817459305197 0.6
      vertex 19.872688674320358 25.16963757190959 6
      vertex 19.7778174593052 25.277817459305197 6
    endloop
  endfacet
  facet normal -0.6593458151000932 -0.7518398074789561 0
    outer loop
      vertex 19.669637571909593 25.372688674320358 0.6
      vertex 19.7778174593052 25.277817459305197 6
      vertex 19.669637571909593 25.372688674320358 6
    endloop
  endfacet
  facet normal -0.442288690219049 -0.8968727415326648 0
    outer loop
      vertex 19.420951775601598 25.516267485762427 0.6
      vertex 19.55 25.452627944162884 6
      vertex 19.420951775601598 25.516267485762427 6
    endloop
  endfacet
  facet normal 0.8314696123025439 0.5555702330196043 0
    outer loop
      vertex -53.472243186433545 17.150000000000006 3
      vertex -53.3487006784951 16.965105570685182 0
      vertex -53.472243186433545 17.150000000000006 0
    endloop
  endfacet
  facet normal 0.8968727415326844 0.442288690219009 0
    outer loop
      vertex -53.570595205269186 17.349438164979347 3
      vertex -53.472243186433545 17.150000000000006 0
      vertex -53.570595205269186 17.349438164979347 0
    endloop
  endfacet
  facet normal 0.9469301294950992 0.3214394653031803 0
    outer loop
      vertex -53.642073904691415 17.560007623325703 3
      vertex -53.570595205269186 17.349438164979347 0
      vertex -53.642073904691415 17.560007623325703 0
    endloop
  endfacet
  facet normal 0.9807852804032301 0.19509032201612994 0
    outer loop
      vertex -53.68545626433548 17.778105473225907 3
      vertex -53.642073904691415 17.560007623325703 0
      vertex -53.68545626433548 17.778105473225907 0
    endloop
  endfacet
  facet normal 0.9978589232386029 0.06540312923015168 0
    outer loop
      vertex -53.7 18 3
      vertex -53.68545626433548 17.778105473225907 0
      vertex -53.7 18 0
    endloop
  endfacet
  facet normal 0.9978589232386029 -0.06540312923015168 0
    outer loop
      vertex -53.68545626433548 18.221894526774093 3
      vertex -53.7 18 0
      vertex -53.68545626433548 18.221894526774093 0
    endloop
  endfacet
  facet normal 0.9807852804032301 -0.19509032201612994 0
    outer loop
      vertex -53.642073904691415 18.439992376674297 3
      vertex -53.68545626433548 18.221894526774093 0
      vertex -53.642073904691415 18.439992376674297 0
    endloop
  endfacet
  facet normal 0.9469301294950992 -0.3214394653031803 0
    outer loop
      vertex -53.570595205269186 18.650561835020653 3
      vertex -53.642073904691415 18.439992376674297 0
      vertex -53.570595205269186 18.650561835020653 0
    endloop
  endfacet
  facet normal 0.8968727415326844 -0.442288690219009 0
    outer loop
      vertex -53.472243186433545 18.849999999999994 3
      vertex -53.570595205269186 18.650561835020653 0
      vertex -53.472243186433545 18.849999999999994 0
    endloop
  endfacet
  facet normal 0.8314696123025439 -0.5555702330196043 0
    outer loop
      vertex -53.3487006784951 19.034894429314818 3
      vertex -53.472243186433545 18.849999999999994 0
      vertex -53.3487006784951 19.034894429314818 0
    endloop
  endfacet
  facet normal 0.3214394653031035 0.9469301294951253 0
    outer loop
      vertex -52.65056183502065 16.4294047947308 3
      vertex -52.43999237667428 16.357926095308585 0
      vertex -52.65056183502065 16.4294047947308 0
    endloop
  endfacet
  facet normal 0.19509032201610535 0.980785280403235 0
    outer loop
      vertex -52.43999237667428 16.357926095308585 3
      vertex -52.221894526774086 16.31454373566453 0
      vertex -52.43999237667428 16.357926095308585 0
    endloop
  endfacet
  facet normal 0.06540312923012195 0.9978589232386048 0
    outer loop
      vertex -52.221894526774086 16.31454373566453 3
      vertex -52 16.30000000000001 0
      vertex -52.221894526774086 16.31454373566453 0
    endloop
  endfacet
  facet normal -0.06540312923012195 0.9978589232386048 0
    outer loop
      vertex -52 16.30000000000001 3
      vertex -51.778105473225914 16.31454373566453 0
      vertex -52 16.30000000000001 0
    endloop
  endfacet
  facet normal -0.19509032201610535 0.980785280403235 0
    outer loop
      vertex -51.778105473225914 16.31454373566453 3
      vertex -51.56000762332572 16.357926095308585 0
      vertex -51.778105473225914 16.31454373566453 0
    endloop
  endfacet
  facet normal 0.5555702330196264 0.8314696123025291 0
    outer loop
      vertex -53.034894429314825 16.651299321504894 3
      vertex -52.85 16.52775681356644 0
      vertex -53.034894429314825 16.651299321504894 0
    endloop
  endfacet
  facet normal 0.6593458151001159 0.7518398074789363 -1.1857654719257881e-18
    outer loop
      vertex -53.034894429314825 16.651299321504894 0
      vertex -53.20208152801713 16.797918471982882 0
      vertex -53.20208152801713 16.797918471982882 3
    endloop
  endfacet
  facet normal 0.7518398074789698 0.6593458151000775 0
    outer loop
      vertex -53.3487006784951 16.965105570685182 3
      vertex -53.20208152801713 16.797918471982882 0
      vertex -53.3487006784951 16.965105570685182 0
    endloop
  endfacet
  facet normal 0.44228869021899636 0.8968727415326907 0
    outer loop
      vertex -52.85 16.52775681356644 3
      vertex -52.65056183502065 16.4294047947308 0
      vertex -52.85 16.52775681356644 0
    endloop
  endfacet
  facet normal -0.3214394653031035 0.9469301294951253 0
    outer loop
      vertex -51.56000762332572 16.357926095308585 3
      vertex -51.34943816497935 16.4294047947308 0
      vertex -51.56000762332572 16.357926095308585 0
    endloop
  endfacet
  facet normal -0.44228869021899636 0.8968727415326907 0
    outer loop
      vertex -51.34943816497935 16.4294047947308 3
      vertex -51.15 16.52775681356644 0
      vertex -51.34943816497935 16.4294047947308 0
    endloop
  endfacet
  facet normal -0.5555702330196264 0.8314696123025291 0
    outer loop
      vertex -51.15 16.52775681356644 3
      vertex -50.965105570685175 16.651299321504894 0
      vertex -51.15 16.52775681356644 0
    endloop
  endfacet
  facet normal -0.6593458151001159 0.7518398074789363 0
    outer loop
      vertex -50.965105570685175 16.651299321504894 3
      vertex -50.79791847198287 16.797918471982882 0
      vertex -50.965105570685175 16.651299321504894 0
    endloop
  endfacet
  facet normal -0.7518398074789698 0.6593458151000775 0
    outer loop
      vertex -50.79791847198287 16.797918471982882 0
      vertex -50.79791847198287 16.797918471982882 3
      vertex -50.6512993215049 16.965105570685182 0
    endloop
  endfacet
  facet normal -0.8314696123025439 0.5555702330196043 0
    outer loop
      vertex -50.6512993215049 16.965105570685182 3
      vertex -50.527756813566455 17.150000000000006 0
      vertex -50.6512993215049 16.965105570685182 0
    endloop
  endfacet
  facet normal -0.8968727415326844 0.442288690219009 0
    outer loop
      vertex -50.527756813566455 17.150000000000006 3
      vertex -50.429404794730814 17.349438164979347 0
      vertex -50.527756813566455 17.150000000000006 0
    endloop
  endfacet
  facet normal -0.9469301294950992 0.3214394653031803 0
    outer loop
      vertex -50.429404794730814 17.349438164979347 3
      vertex -50.357926095308585 17.560007623325703 0
      vertex -50.429404794730814 17.349438164979347 0
    endloop
  endfacet
  facet normal 0.7518398074789698 -0.6593458151000775 0
    outer loop
      vertex -53.20208152801713 19.202081528017118 3
      vertex -53.3487006784951 19.034894429314818 0
      vertex -53.20208152801713 19.202081528017118 0
    endloop
  endfacet
  facet normal 0.6593458151001159 -0.7518398074789363 0
    outer loop
      vertex -53.034894429314825 19.348700678495106 3
      vertex -53.20208152801713 19.202081528017118 0
      vertex -53.034894429314825 19.348700678495106 0
    endloop
  endfacet
  facet normal -0.9807852804032301 0.19509032201612994 0
    outer loop
      vertex -50.357926095308585 17.560007623325703 3
      vertex -50.31454373566452 17.778105473225907 0
      vertex -50.357926095308585 17.560007623325703 0
    endloop
  endfacet
  facet normal -0.9978589232386029 0.06540312923015168 0
    outer loop
      vertex -50.31454373566452 17.778105473225907 3
      vertex -50.3 18 0
      vertex -50.31454373566452 17.778105473225907 0
    endloop
  endfacet
  facet normal -0.9978589232386029 -0.06540312923015168 0
    outer loop
      vertex -50.3 18 3
      vertex -50.31454373566452 18.221894526774093 0
      vertex -50.3 18 0
    endloop
  endfacet
  facet normal -0.9807852804032301 -0.19509032201612994 0
    outer loop
      vertex -50.31454373566452 18.221894526774093 3
      vertex -50.357926095308585 18.439992376674297 0
      vertex -50.31454373566452 18.221894526774093 0
    endloop
  endfacet
  facet normal -0.6593458151001159 -0.7518398074789363 0
    outer loop
      vertex -50.79791847198287 19.202081528017118 3
      vertex -50.965105570685175 19.348700678495106 0
      vertex -50.79791847198287 19.202081528017118 0
    endloop
  endfacet
  facet normal -0.8968727415326844 -0.442288690219009 0
    outer loop
      vertex -50.429404794730814 18.650561835020653 3
      vertex -50.527756813566455 18.849999999999994 0
      vertex -50.429404794730814 18.650561835020653 0
    endloop
  endfacet
  facet normal -0.9469301294950992 -0.3214394653031803 0
    outer loop
      vertex -50.357926095308585 18.439992376674297 3
      vertex -50.429404794730814 18.650561835020653 0
      vertex -50.357926095308585 18.439992376674297 0
    endloop
  endfacet
  facet normal -0.7518398074789698 -0.6593458151000775 0
    outer loop
      vertex -50.6512993215049 19.034894429314818 3
      vertex -50.79791847198287 19.202081528017118 0
      vertex -50.6512993215049 19.034894429314818 0
    endloop
  endfacet
  facet normal -0.8314696123025439 -0.5555702330196043 0
    outer loop
      vertex -50.527756813566455 18.849999999999994 3
      vertex -50.6512993215049 19.034894429314818 0
      vertex -50.527756813566455 18.849999999999994 0
    endloop
  endfacet
  facet normal 0.5555702330196264 -0.8314696123025291 0
    outer loop
      vertex -52.85 19.47224318643356 3
      vertex -53.034894429314825 19.348700678495106 0
      vertex -52.85 19.47224318643356 0
    endloop
  endfacet
  facet normal 0.44228869021899636 -0.8968727415326907 0
    outer loop
      vertex -52.65056183502065 19.5705952052692 3
      vertex -52.85 19.47224318643356 0
      vertex -52.65056183502065 19.5705952052692 0
    endloop
  endfacet
  facet normal 0.3214394653031035 -0.9469301294951253 -1.1894388024391273e-18
    outer loop
      vertex -52.65056183502065 19.5705952052692 0
      vertex -52.43999237667428 19.642073904691415 0
      vertex -52.43999237667428 19.642073904691415 3
    endloop
  endfacet
  facet normal 0.19509032201610535 -0.980785280403235 -9.623440198248147e-19
    outer loop
      vertex -52.43999237667428 19.642073904691415 0
      vertex -52.221894526774086 19.68545626433547 0
      vertex -52.221894526774086 19.68545626433547 3
    endloop
  endfacet
  facet normal 0.06540312923012195 -0.9978589232386048 0
    outer loop
      vertex -52 19.69999999999999 3
      vertex -52.221894526774086 19.68545626433547 0
      vertex -52 19.69999999999999 0
    endloop
  endfacet
  facet normal -0.06540312923012195 -0.9978589232386048 0
    outer loop
      vertex -51.778105473225914 19.68545626433547 3
      vertex -52 19.69999999999999 0
      vertex -51.778105473225914 19.68545626433547 0
    endloop
  endfacet
  facet normal -0.3214394653031035 -0.9469301294951253 0
    outer loop
      vertex -51.34943816497935 19.5705952052692 3
      vertex -51.56000762332572 19.642073904691415 0
      vertex -51.34943816497935 19.5705952052692 0
    endloop
  endfacet
  facet normal -0.19509032201610535 -0.980785280403235 0
    outer loop
      vertex -51.56000762332572 19.642073904691415 3
      vertex -51.778105473225914 19.68545626433547 0
      vertex -51.56000762332572 19.642073904691415 0
    endloop
  endfacet
  facet normal -0.5555702330196264 -0.8314696123025291 0
    outer loop
      vertex -50.965105570685175 19.348700678495106 3
      vertex -51.15 19.47224318643356 0
      vertex -50.965105570685175 19.348700678495106 0
    endloop
  endfacet
  facet normal -0.44228869021899636 -0.8968727415326907 0
    outer loop
      vertex -51.15 19.47224318643356 3
      vertex -51.34943816497935 19.5705952052692 0
      vertex -51.15 19.47224318643356 0
    endloop
  endfacet
  facet normal 0.8314696123025439 0.5555702330196043 -1.5363756803382639e-18
    outer loop
      vertex -53.472243186433545 17.150000000000006 3
      vertex -53.3487006784951 16.965105570685182 3
      vertex -53.3487006784951 16.965105570685182 0
    endloop
  endfacet
  facet normal 0.9469301294950992 0.3214394653031803 6.739594845021214e-20
    outer loop
      vertex -53.642073904691415 17.560007623325703 3
      vertex -53.570595205269186 17.349438164979347 3
      vertex -53.570595205269186 17.349438164979347 0
    endloop
  endfacet
  facet normal 0.8968727415326844 0.442288690219009 -1.5741417830423987e-18
    outer loop
      vertex -53.570595205269186 17.349438164979347 3
      vertex -53.472243186433545 17.150000000000006 3
      vertex -53.472243186433545 17.150000000000006 0
    endloop
  endfacet
  facet normal 0.9807852804032301 0.19509032201612994 9.02696463269599e-19
    outer loop
      vertex -53.68545626433548 17.778105473225907 3
      vertex -53.642073904691415 17.560007623325703 3
      vertex -53.642073904691415 17.560007623325703 0
    endloop
  endfacet
  facet normal 0.9978589232386029 0.06540312923015168 2.1852691446725127e-19
    outer loop
      vertex -53.7 18 3
      vertex -53.68545626433548 17.778105473225907 3
      vertex -53.68545626433548 17.778105473225907 0
    endloop
  endfacet
  facet normal 0.9978589232386029 -0.06540312923015168 -2.1852691446725127e-19
    outer loop
      vertex -53.68545626433548 18.221894526774093 3
      vertex -53.7 18 3
      vertex -53.7 18 0
    endloop
  endfacet
  facet normal 0.9807852804032301 -0.19509032201612994 -9.02696463269599e-19
    outer loop
      vertex -53.642073904691415 18.439992376674297 3
      vertex -53.68545626433548 18.221894526774093 3
      vertex -53.68545626433548 18.221894526774093 0
    endloop
  endfacet
  facet normal 0.9469301294950992 -0.3214394653031803 -6.739594845021214e-20
    outer loop
      vertex -53.570595205269186 18.650561835020653 3
      vertex -53.642073904691415 18.439992376674297 3
      vertex -53.642073904691415 18.439992376674297 0
    endloop
  endfacet
  facet normal 0.8968727415326844 -0.442288690219009 1.5741417830423987e-18
    outer loop
      vertex -53.472243186433545 18.849999999999994 3
      vertex -53.570595205269186 18.650561835020653 3
      vertex -53.570595205269186 18.650561835020653 0
    endloop
  endfacet
  facet normal 0.8314696123025439 -0.5555702330196043 1.5363756803382639e-18
    outer loop
      vertex -53.3487006784951 19.034894429314818 3
      vertex -53.472243186433545 18.849999999999994 3
      vertex -53.472243186433545 18.849999999999994 0
    endloop
  endfacet
  facet normal 0.44228869021899636 0.8968727415326907 0
    outer loop
      vertex -52.65056183502065 16.4294047947308 3
      vertex -52.65056183502065 16.4294047947308 0
      vertex -52.85 16.52775681356644 3
    endloop
  endfacet
  facet normal 0.3214394653031035 0.9469301294951253 0
    outer loop
      vertex -52.43999237667428 16.357926095308585 3
      vertex -52.43999237667428 16.357926095308585 0
      vertex -52.65056183502065 16.4294047947308 3
    endloop
  endfacet
  facet normal 0.19509032201610535 0.980785280403235 0
    outer loop
      vertex -52.221894526774086 16.31454373566453 3
      vertex -52.221894526774086 16.31454373566453 0
      vertex -52.43999237667428 16.357926095308585 3
    endloop
  endfacet
  facet normal 0.06540312923012195 0.9978589232386048 0
    outer loop
      vertex -52 16.30000000000001 3
      vertex -52 16.30000000000001 0
      vertex -52.221894526774086 16.31454373566453 3
    endloop
  endfacet
  facet normal -0.06540312923012195 0.9978589232386048 0
    outer loop
      vertex -51.778105473225914 16.31454373566453 3
      vertex -51.778105473225914 16.31454373566453 0
      vertex -52 16.30000000000001 3
    endloop
  endfacet
  facet normal 0.5555702330196264 0.8314696123025291 0
    outer loop
      vertex -52.85 16.52775681356644 3
      vertex -52.85 16.52775681356644 0
      vertex -53.034894429314825 16.651299321504894 3
    endloop
  endfacet
  facet normal 0.6593458151001159 0.7518398074789363 0
    outer loop
      vertex -53.034894429314825 16.651299321504894 3
      vertex -53.034894429314825 16.651299321504894 0
      vertex -53.20208152801713 16.797918471982882 3
    endloop
  endfacet
  facet normal 0.7518398074789698 0.6593458151000775 1.2770485464710179e-18
    outer loop
      vertex -53.3487006784951 16.965105570685182 3
      vertex -53.20208152801713 16.797918471982882 3
      vertex -53.20208152801713 16.797918471982882 0
    endloop
  endfacet
  facet normal -0.19509032201610535 0.980785280403235 0
    outer loop
      vertex -51.56000762332572 16.357926095308585 3
      vertex -51.56000762332572 16.357926095308585 0
      vertex -51.778105473225914 16.31454373566453 3
    endloop
  endfacet
  facet normal -0.3214394653031035 0.9469301294951253 0
    outer loop
      vertex -51.34943816497935 16.4294047947308 3
      vertex -51.34943816497935 16.4294047947308 0
      vertex -51.56000762332572 16.357926095308585 3
    endloop
  endfacet
  facet normal -0.44228869021899636 0.8968727415326907 0
    outer loop
      vertex -51.15 16.52775681356644 3
      vertex -51.15 16.52775681356644 0
      vertex -51.34943816497935 16.4294047947308 3
    endloop
  endfacet
  facet normal -0.5555702330196264 0.8314696123025291 0
    outer loop
      vertex -50.965105570685175 16.651299321504894 3
      vertex -50.965105570685175 16.651299321504894 0
      vertex -51.15 16.52775681356644 3
    endloop
  endfacet
  facet normal -0.6593458151001159 0.7518398074789363 0
    outer loop
      vertex -50.79791847198287 16.797918471982882 3
      vertex -50.79791847198287 16.797918471982882 0
      vertex -50.965105570685175 16.651299321504894 3
    endloop
  endfacet
  facet normal -0.7518398074789698 0.6593458151000775 -1.2770485464710179e-18
    outer loop
      vertex -50.79791847198287 16.797918471982882 3
      vertex -50.6512993215049 16.965105570685182 3
      vertex -50.6512993215049 16.965105570685182 0
    endloop
  endfacet
  facet normal -0.8314696123025439 0.5555702330196043 1.5363756803382639e-18
    outer loop
      vertex -50.6512993215049 16.965105570685182 3
      vertex -50.527756813566455 17.150000000000006 3
      vertex -50.527756813566455 17.150000000000006 0
    endloop
  endfacet
  facet normal -0.8968727415326844 0.442288690219009 1.5741417830423987e-18
    outer loop
      vertex -50.527756813566455 17.150000000000006 3
      vertex -50.429404794730814 17.349438164979347 3
      vertex -50.429404794730814 17.349438164979347 0
    endloop
  endfacet
  facet normal 0.7518398074789698 -0.6593458151000775 -1.2770485464710179e-18
    outer loop
      vertex -53.20208152801713 19.202081528017118 3
      vertex -53.3487006784951 19.034894429314818 3
      vertex -53.3487006784951 19.034894429314818 0
    endloop
  endfacet
  facet normal 0.6593458151001159 -0.7518398074789363 0
    outer loop
      vertex -53.20208152801713 19.202081528017118 3
      vertex -53.20208152801713 19.202081528017118 0
      vertex -53.034894429314825 19.348700678495106 3
    endloop
  endfacet
  facet normal -0.9469301294950992 0.3214394653031803 -6.739594845021214e-20
    outer loop
      vertex -50.429404794730814 17.349438164979347 3
      vertex -50.357926095308585 17.560007623325703 3
      vertex -50.357926095308585 17.560007623325703 0
    endloop
  endfacet
  facet normal -0.9807852804032301 0.19509032201612994 -9.02696463269599e-19
    outer loop
      vertex -50.357926095308585 17.560007623325703 3
      vertex -50.31454373566452 17.778105473225907 3
      vertex -50.31454373566452 17.778105473225907 0
    endloop
  endfacet
  facet normal -0.9978589232386029 0.06540312923015168 -2.1852691446725127e-19
    outer loop
      vertex -50.31454373566452 17.778105473225907 3
      vertex -50.3 18 3
      vertex -50.3 18 0
    endloop
  endfacet
  facet normal -0.9978589232386029 -0.06540312923015168 2.1852691446725127e-19
    outer loop
      vertex -50.3 18 3
      vertex -50.31454373566452 18.221894526774093 3
      vertex -50.31454373566452 18.221894526774093 0
    endloop
  endfacet
  facet normal -0.9807852804032301 -0.19509032201612994 9.02696463269599e-19
    outer loop
      vertex -50.31454373566452 18.221894526774093 3
      vertex -50.357926095308585 18.439992376674297 3
      vertex -50.357926095308585 18.439992376674297 0
    endloop
  endfacet
  facet normal -0.6593458151001159 -0.7518398074789363 0
    outer loop
      vertex -50.965105570685175 19.348700678495106 3
      vertex -50.965105570685175 19.348700678495106 0
      vertex -50.79791847198287 19.202081528017118 3
    endloop
  endfacet
  facet normal -0.9469301294950992 -0.3214394653031803 6.739594845021214e-20
    outer loop
      vertex -50.357926095308585 18.439992376674297 3
      vertex -50.429404794730814 18.650561835020653 3
      vertex -50.429404794730814 18.650561835020653 0
    endloop
  endfacet
  facet normal -0.8968727415326844 -0.442288690219009 -1.5741417830423987e-18
    outer loop
      vertex -50.429404794730814 18.650561835020653 3
      vertex -50.527756813566455 18.849999999999994 3
      vertex -50.527756813566455 18.849999999999994 0
    endloop
  endfacet
  facet normal -0.8314696123025439 -0.5555702330196043 -1.5363756803382639e-18
    outer loop
      vertex -50.527756813566455 18.849999999999994 3
      vertex -50.6512993215049 19.034894429314818 3
      vertex -50.6512993215049 19.034894429314818 0
    endloop
  endfacet
  facet normal -0.7518398074789698 -0.6593458151000775 1.2770485464710179e-18
    outer loop
      vertex -50.6512993215049 19.034894429314818 3
      vertex -50.79791847198287 19.202081528017118 3
      vertex -50.79791847198287 19.202081528017118 0
    endloop
  endfacet
  facet normal 0.5555702330196264 -0.8314696123025291 0
    outer loop
      vertex -53.034894429314825 19.348700678495106 3
      vertex -53.034894429314825 19.348700678495106 0
      vertex -52.85 19.47224318643356 3
    endloop
  endfacet
  facet normal 0.44228869021899636 -0.8968727415326907 0
    outer loop
      vertex -52.85 19.47224318643356 3
      vertex -52.85 19.47224318643356 0
      vertex -52.65056183502065 19.5705952052692 3
    endloop
  endfacet
  facet normal 0.3214394653031035 -0.9469301294951253 0
    outer loop
      vertex -52.65056183502065 19.5705952052692 3
      vertex -52.65056183502065 19.5705952052692 0
      vertex -52.43999237667428 19.642073904691415 3
    endloop
  endfacet
  facet normal 0.19509032201610535 -0.980785280403235 0
    outer loop
      vertex -52.43999237667428 19.642073904691415 3
      vertex -52.43999237667428 19.642073904691415 0
      vertex -52.221894526774086 19.68545626433547 3
    endloop
  endfacet
  facet normal 0.06540312923012195 -0.9978589232386048 0
    outer loop
      vertex -52.221894526774086 19.68545626433547 3
      vertex -52.221894526774086 19.68545626433547 0
      vertex -52 19.69999999999999 3
    endloop
  endfacet
  facet normal -0.06540312923012195 -0.9978589232386048 0
    outer loop
      vertex -52 19.69999999999999 3
      vertex -52 19.69999999999999 0
      vertex -51.778105473225914 19.68545626433547 3
    endloop
  endfacet
  facet normal -0.19509032201610535 -0.980785280403235 0
    outer loop
      vertex -51.778105473225914 19.68545626433547 3
      vertex -51.778105473225914 19.68545626433547 0
      vertex -51.56000762332572 19.642073904691415 3
    endloop
  endfacet
  facet normal -0.44228869021899636 -0.8968727415326907 0
    outer loop
      vertex -51.34943816497935 19.5705952052692 3
      vertex -51.34943816497935 19.5705952052692 0
      vertex -51.15 19.47224318643356 3
    endloop
  endfacet
  facet normal -0.3214394653031035 -0.9469301294951253 0
    outer loop
      vertex -51.56000762332572 19.642073904691415 3
      vertex -51.56000762332572 19.642073904691415 0
      vertex -51.34943816497935 19.5705952052692 3
    endloop
  endfacet
  facet normal -0.5555702330196264 -0.8314696123025291 0
    outer loop
      vertex -51.15 19.47224318643356 3
      vertex -51.15 19.47224318643356 0
      vertex -50.965105570685175 19.348700678495106 3
    endloop
  endfacet
  facet normal 0 0 1
    outer loop
      vertex -58.26060000061989 -8.413500003516674 2.4
      vertex -55.85665000230074 -7.7659000009298325 2.4
      vertex -57.74185000360012 -7.7659000009298325 2.4
    endloop
  endfacet
  facet normal 0 1 0
    outer loop
      vertex -58.26060000061989 -8.413500003516674 2.4
      vertex -58.26060000061989 -8.413500003516674 3
      vertex -53.48319999873638 -8.413500003516674 2.4
    endloop
  endfacet
  facet normal 0 0 1
    outer loop
      vertex -58.26060000061989 -8.413500003516674 2.4
      vertex -55.344650000333786 -7.7659000009298325 2.4
      vertex -55.85665000230074 -7.7659000009298325 2.4
    endloop
  endfacet
  facet normal 0 0 1
    outer loop
      vertex -58.26060000061989 -8.413500003516674 2.4
      vertex -53.48319999873638 -8.413500003516674 2.4
      vertex -55.344650000333786 -7.7659000009298325 2.4
    endloop
  endfacet
  facet normal 0 0 1
    outer loop
      vertex -55.344650000333786 -7.7659000009298325 2.4
      vertex -53.48319999873638 -8.413500003516674 2.4
      vertex -53.48319999873638 -7.7659000009298325 2.4
    endloop
  endfacet
  facet normal 0 -1 0
    outer loop
      vertex -57.74185000360012 -7.7659000009298325 2.4
      vertex -55.85665000230074 -7.7659000009298325 2.4
      vertex -55.85665000230074 -7.7659000009298325 3
    endloop
  endfacet
  facet normal 0 -1 0
    outer loop
      vertex -55.344650000333786 -7.7659000009298325 2.4
      vertex -53.48319999873638 -7.7659000009298325 2.4
      vertex -53.48319999873638 -7.7659000009298325 3
    endloop
  endfacet
  facet normal -1 0 0
    outer loop
      vertex -53.48319999873638 -8.413500003516674 2.4
      vertex -53.48319999873638 -8.413500003516674 3
      vertex -53.48319999873638 -7.7659000009298325 2.4
    endloop
  endfacet
  facet normal 0 -1 0
    outer loop
      vertex -57.74185000360012 -7.7659000009298325 2.4
      vertex -55.85665000230074 -7.7659000009298325 3
      vertex -57.74185000360012 -7.7659000009298325 3
    endloop
  endfacet
  facet normal 0 1 0
    outer loop
      vertex -53.48319999873638 -8.413500003516674 2.4
      vertex -58.26060000061989 -8.413500003516674 3
      vertex -53.48319999873638 -8.413500003516674 3
    endloop
  endfacet
  facet normal 0 -1 0
    outer loop
      vertex -55.344650000333786 -7.7659000009298325 2.4
      vertex -53.48319999873638 -7.7659000009298325 3
      vertex -55.344650000333786 -7.7659000009298325 3
    endloop
  endfacet
  facet normal -1 0 0
    outer loop
      vertex -53.48319999873638 -7.7659000009298325 2.4
      vertex -53.48319999873638 -8.413500003516674 3
      vertex -53.48319999873638 -7.7659000009298325 3
    endloop
  endfacet
  facet normal 0 0 1
    outer loop
      vertex -58.26060000061989 -8.413500003516674 2.4
      vertex -57.74185000360012 -7.7659000009298325 2.4
      vertex -58.26060000061989 -6.402900002896786 2.4
    endloop
  endfacet
  facet normal 0 0 1
    outer loop
      vertex -57.74185000360012 -7.7659000009298325 2.4
      vertex -57.74185000360012 -6.480850003659725 2.4
      vertex -58.26060000061989 -6.402900002896786 2.4
    endloop
  endfacet
  facet normal 0 0 1
    outer loop
      vertex -58.26060000061989 -6.402900002896786 2.4
      vertex -57.74185000360012 -6.480850003659725 2.4
      vertex -57.72295918315649 -6.185803063213825 2.4
    endloop
  endfacet
  facet normal 0 0 1
    outer loop
      vertex -58.26060000061989 -6.402900002896786 2.4
      vertex -57.72295918315649 -6.185803063213825 2.4
      vertex -58.25291837006807 -6.180705100297928 2.4
    endloop
  endfacet
  facet normal 0 0 1
    outer loop
      vertex -58.25291837006807 -6.180705100297928 2.4
      vertex -57.72295918315649 -6.185803063213825 2.4
      vertex -58.22987347096205 -5.973320409655571 2.4
    endloop
  endfacet
  facet normal 0 0 1
    outer loop
      vertex -58.22987347096205 -5.973320409655571 2.4
      vertex -57.66628673672676 -5.936147958040237 2.4
      vertex -58.19146530330181 -5.780745916068554 2.4
    endloop
  endfacet
  facet normal 0 0 1
    outer loop
      vertex -57.72295918315649 -6.185803063213825 2.4
      vertex -57.66628673672676 -5.936147958040237 2.4
      vertex -58.22987347096205 -5.973320409655571 2.4
    endloop
  endfacet
  facet normal -1 0 0
    outer loop
      vertex -57.74185000360012 -7.7659000009298325 2.4
      vertex -57.74185000360012 -7.7659000009298325 3
      vertex -57.74185000360012 -6.480850003659725 2.4
    endloop
  endfacet
  facet normal 1 0 0
    outer loop
      vertex -58.26060000061989 -8.413500003516674 2.4
      vertex -58.26060000061989 -6.402900002896786 2.4
      vertex -58.26060000061989 -6.402900002896786 3
    endloop
  endfacet
  facet normal -0.9979565846170497 0.0638956588468536 0
    outer loop
      vertex -57.74185000360012 -6.480850003659725 2.4
      vertex -57.74185000360012 -6.480850003659725 3
      vertex -57.72295918315649 -6.185803063213825 2.4
    endloop
  endfacet
  facet normal 0.9994029378143705 -0.034550946267873694 0
    outer loop
      vertex -58.26060000061989 -6.402900002896786 2.4
      vertex -58.25291837006807 -6.180705100297928 2.4
      vertex -58.25291837006807 -6.180705100297928 3
    endloop
  endfacet
  facet normal 0.9938826007189185 -0.11044173118979465 0
    outer loop
      vertex -58.25291837006807 -6.180705100297928 2.4
      vertex -58.22987347096205 -5.973320409655571 2.4
      vertex -58.22987347096205 -5.973320409655571 3
    endloop
  endfacet
  facet normal 0.9806850609585477 -0.19559348458660258 0
    outer loop
      vertex -58.22987347096205 -5.973320409655571 2.4
      vertex -58.19146530330181 -5.780745916068554 2.4
      vertex -58.19146530330181 -5.780745916068554 3
    endloop
  endfacet
  facet normal -0.9751896778892701 0.22137093788079162 0
    outer loop
      vertex -57.72295918315649 -6.185803063213825 2.4
      vertex -57.72295918315649 -6.185803063213825 3
      vertex -57.66628673672676 -5.936147958040237 2.4
    endloop
  endfacet
  facet normal -0.9076569565124692 0.41971281764382856 0
    outer loop
      vertex -57.66628673672676 -5.936147958040237 2.4
      vertex -57.66628673672676 -5.936147958040237 3
      vertex -57.57183264940977 -5.731884695589542 2.4
    endloop
  endfacet
  facet normal 0 0 1
    outer loop
      vertex -58.19146530330181 -5.780745916068554 2.4
      vertex -57.66628673672676 -5.936147958040237 2.4
      vertex -58.137693874537945 -5.602981634438038 2.4
    endloop
  endfacet
  facet normal 0 0 1
    outer loop
      vertex -57.57183264940977 -5.731884695589542 2.4
      vertex -58.06855918467045 -5.440027549862862 2.4
      vertex -58.137693874537945 -5.602981634438038 2.4
    endloop
  endfacet
  facet normal 0 0 1
    outer loop
      vertex -57.66628673672676 -5.936147958040237 2.4
      vertex -57.57183264940977 -5.731884695589542 2.4
      vertex -58.137693874537945 -5.602981634438038 2.4
    endloop
  endfacet
  facet normal 0 0 1
    outer loop
      vertex -57.57183264940977 -5.731884695589542 2.4
      vertex -57.98406122624874 -5.291883669793606 2.4
      vertex -58.06855918467045 -5.440027549862862 2.4
    endloop
  endfacet
  facet normal 0 0 1
    outer loop
      vertex -57.98406122624874 -5.291883669793606 2.4
      vertex -57.43959693610668 -5.5730132684111595 2.4
      vertex -57.88419999927282 -5.158550001680851 2.4
    endloop
  endfacet
  facet normal 0 0 1
    outer loop
      vertex -57.57183264940977 -5.731884695589542 2.4
      vertex -57.43959693610668 -5.5730132684111595 2.4
      vertex -57.98406122624874 -5.291883669793606 2.4
    endloop
  endfacet
  facet normal 0 0 1
    outer loop
      vertex -57.7703744918108 -5.041603058576584 2.4
      vertex -57.43959693610668 -5.5730132684111595 2.4
      vertex -57.26957958936691 -5.459533676505089 2.4
    endloop
  endfacet
  facet normal 0 0 1
    outer loop
      vertex -57.88419999927282 -5.158550001680851 2.4
      vertex -57.43959693610668 -5.5730132684111595 2.4
      vertex -57.7703744918108 -5.041603058576584 2.4
    endloop
  endfacet
  facet normal 0 0 1
    outer loop
      vertex -57.7703744918108 -5.041603058576584 2.4
      vertex -57.26957958936691 -5.459533676505089 2.4
      vertex -57.64395510405302 -4.942647956311703 2.4
    endloop
  endfacet
  facet normal 0 0 1
    outer loop
      vertex -57.26957958936691 -5.459533676505089 2.4
      vertex -57.50494183599949 -4.861684694886208 2.4
      vertex -57.64395510405302 -4.942647956311703 2.4
    endloop
  endfacet
  facet normal 0 0 1
    outer loop
      vertex -57.26957958936691 -5.459533676505089 2.4
      vertex -57.061780609190464 -5.39144591987133 2.4
      vertex -57.353334695100784 -4.798713266849518 2.4
    endloop
  endfacet
  facet normal 0 0 1
    outer loop
      vertex -57.26957958936691 -5.459533676505089 2.4
      vertex -57.353334695100784 -4.798713266849518 2.4
      vertex -57.50494183599949 -4.861684694886208 2.4
    endloop
  endfacet
  facet normal 0 0 1
    outer loop
      vertex -57.061780609190464 -5.39144591987133 2.4
      vertex -57.189133673906326 -4.7537336722016335 2.4
      vertex -57.353334695100784 -4.798713266849518 2.4
    endloop
  endfacet
  facet normal 0 0 1
    outer loop
      vertex -57.061780609190464 -5.39144591987133 2.4
      vertex -57.012338772416115 -4.726745918393135 2.4
      vertex -57.189133673906326 -4.7537336722016335 2.4
    endloop
  endfacet
  facet normal 0 0 1
    outer loop
      vertex -57.061780609190464 -5.39144591987133 2.4
      vertex -56.816200003027916 -5.368749998509884 2.4
      vertex -57.012338772416115 -4.726745918393135 2.4
    endloop
  endfacet
  facet normal 0 0 1
    outer loop
      vertex -56.816200003027916 -5.368749998509884 2.4
      vertex -56.56162551045418 -5.39089285582304 2.4
      vertex -56.63488060981035 -4.726780615746975 2.4
    endloop
  endfacet
  facet normal 0 0 1
    outer loop
      vertex -56.816200003027916 -5.368749998509884 2.4
      vertex -56.82294999808073 -4.717749997973442 2.4
      vertex -57.012338772416115 -4.726745918393135 2.4
    endloop
  endfacet
  facet normal 0 0 1
    outer loop
      vertex -56.816200003027916 -5.368749998509884 2.4
      vertex -56.63488060981035 -4.726780615746975 2.4
      vertex -56.82294999808073 -4.717749997973442 2.4
    endloop
  endfacet
  facet normal 0.9571685515100941 -0.2895312832839805 0
    outer loop
      vertex -58.19146530330181 -5.780745916068554 2.4
      vertex -58.137693874537945 -5.602981634438038 2.4
      vertex -58.137693874537945 -5.602981634438038 3
    endloop
  endfacet
  facet normal 0.9205763912479701 -0.39056255309087695 0
    outer loop
      vertex -58.137693874537945 -5.602981634438038 2.4
      vertex -58.06855918467045 -5.440027549862862 2.4
      vertex -58.06855918467045 -5.440027549862862 3
    endloop
  endfacet
  facet normal 0.868636104361836 -0.49545062135302015 0
    outer loop
      vertex -58.06855918467045 -5.440027549862862 2.4
      vertex -57.98406122624874 -5.291883669793606 2.4
      vertex -57.98406122624874 -5.291883669793606 3
    endloop
  endfacet
  facet normal -0.7685950329857364 0.639735629201356 0
    outer loop
      vertex -57.57183264940977 -5.731884695589542 2.4
      vertex -57.57183264940977 -5.731884695589542 3
      vertex -57.43959693610668 -5.5730132684111595 2.4
    endloop
  endfacet
  facet normal 0.8004004105256846 -0.599465747837452 0
    outer loop
      vertex -57.98406122624874 -5.291883669793606 2.4
      vertex -57.88419999927282 -5.158550001680851 2.4
      vertex -57.88419999927282 -5.158550001680851 3
    endloop
  endfacet
  facet normal 0.7166055806453259 -0.6974786317787631 0
    outer loop
      vertex -57.88419999927282 -5.158550001680851 2.4
      vertex -57.7703744918108 -5.041603058576584 2.4
      vertex -57.7703744918108 -5.041603058576584 3
    endloop
  endfacet
  facet normal 0.6163785261693977 -0.7874500063351584 0
    outer loop
      vertex -57.7703744918108 -5.041603058576584 2.4
      vertex -57.64395510405302 -4.942647956311703 2.4
      vertex -57.64395510405302 -4.942647956311703 3
    endloop
  endfacet
  facet normal 0.5032781241548097 -0.8641244874132523 0
    outer loop
      vertex -57.64395510405302 -4.942647956311703 2.4
      vertex -57.50494183599949 -4.861684694886208 2.4
      vertex -57.50494183599949 -4.861684694886208 3
    endloop
  endfacet
  facet normal -0.5551563022357303 0.8317460430251234 0
    outer loop
      vertex -57.43959693610668 -5.5730132684111595 2.4
      vertex -57.43959693610668 -5.5730132684111595 3
      vertex -57.26957958936691 -5.459533676505089 2.4
    endloop
  endfacet
  facet normal -0.31137287347663073 0.9502878162235407 0
    outer loop
      vertex -57.26957958936691 -5.459533676505089 2.4
      vertex -57.26957958936691 -5.459533676505089 3
      vertex -57.061780609190464 -5.39144591987133 2.4
    endloop
  endfacet
  facet normal -0.09202524388648278 0.9957566743374775 0
    outer loop
      vertex -57.061780609190464 -5.39144591987133 2.4
      vertex -57.061780609190464 -5.39144591987133 3
      vertex -56.816200003027916 -5.368749998509884 2.4
    endloop
  endfacet
  facet normal 0.08665270627144885 0.9962385801081156 0
    outer loop
      vertex -56.816200003027916 -5.368749998509884 2.4
      vertex -56.816200003027916 -5.368749998509884 3
      vertex -56.56162551045418 -5.39089285582304 2.4
    endloop
  endfacet
  facet normal 0 1 0
    outer loop
      vertex -58.514899998903275 -3.8867499977350235 2.4
      vertex -58.514899998903275 -3.8867499977350235 3
      vertex -57.93169999867678 -3.8867499977350235 2.4
    endloop
  endfacet
  facet normal 0.3835863486534035 -0.9235050152147251 0
    outer loop
      vertex -57.50494183599949 -4.861684694886208 2.4
      vertex -57.353334695100784 -4.798713266849518 2.4
      vertex -57.353334695100784 -4.798713266849518 3
    endloop
  endfacet
  facet normal 0.2641969753963712 -0.9644687440199445 0
    outer loop
      vertex -57.353334695100784 -4.798713266849518 2.4
      vertex -57.189133673906326 -4.7537336722016335 2.4
      vertex -57.189133673906326 -4.7537336722016335 3
    endloop
  endfacet
  facet normal 0.15090203016585063 -0.9885487227708226 0
    outer loop
      vertex -57.189133673906326 -4.7537336722016335 2.4
      vertex -57.012338772416115 -4.726745918393135 2.4
      vertex -57.012338772416115 -4.726745918393135 3
    endloop
  endfacet
  facet normal 0.04744626060192578 -0.9988737920052233 0
    outer loop
      vertex -57.012338772416115 -4.726745918393135 2.4
      vertex -56.82294999808073 -4.717749997973442 2.4
      vertex -56.82294999808073 -4.717749997973442 3
    endloop
  endfacet
  facet normal -0.047962217432856044 -0.9988491506223166 0
    outer loop
      vertex -56.82294999808073 -4.717749997973442 2.4
      vertex -56.63488060981035 -4.726780615746975 2.4
      vertex -56.63488060981035 -4.726780615746975 3
    endloop
  endfacet
  facet normal 0 0 1
    outer loop
      vertex -55.85665000230074 -7.7659000009298325 2.4
      vertex -55.344650000333786 -7.7659000009298325 2.4
      vertex -55.85665000230074 -6.4537499994039536 2.4
    endloop
  endfacet
  facet normal 0 0 1
    outer loop
      vertex -55.344650000333786 -7.7659000009298325 2.4
      vertex -55.344650000333786 -6.362199999392033 2.4
      vertex -55.85665000230074 -6.4537499994039536 2.4
    endloop
  endfacet
  facet normal 0 0 1
    outer loop
      vertex -55.85665000230074 -6.4537499994039536 2.4
      vertex -55.344650000333786 -6.362199999392033 2.4
      vertex -55.87623265385628 -6.165892854332924 2.4
    endloop
  endfacet
  facet normal 0 0 1
    outer loop
      vertex -55.87623265385628 -6.165892854332924 2.4
      vertex -55.344650000333786 -6.362199999392033 2.4
      vertex -55.35281530767679 -6.151670411229134 2.4
    endloop
  endfacet
  facet normal 0 0 1
    outer loop
      vertex -55.87623265385628 -6.165892854332924 2.4
      vertex -55.35281530767679 -6.151670411229134 2.4
      vertex -55.37731122225523 -5.954081632196903 2.4
    endloop
  endfacet
  facet normal 0 0 1
    outer loop
      vertex -55.87623265385628 -6.165892854332924 2.4
      vertex -55.37731122225523 -5.954081632196903 2.4
      vertex -55.93498060852289 -5.922321431338787 2.4
    endloop
  endfacet
  facet normal 0 0 1
    outer loop
      vertex -55.93498060852289 -5.922321431338787 2.4
      vertex -55.37731122225523 -5.954081632196903 2.4
      vertex -55.41813775151968 -5.769433669745922 2.4
    endloop
  endfacet
  facet normal 1 0 0
    outer loop
      vertex -55.85665000230074 -7.7659000009298325 2.4
      vertex -55.85665000230074 -6.4537499994039536 2.4
      vertex -55.85665000230074 -6.4537499994039536 3
    endloop
  endfacet
  facet normal -1 0 0
    outer loop
      vertex -55.344650000333786 -7.7659000009298325 2.4
      vertex -55.344650000333786 -7.7659000009298325 3
      vertex -55.344650000333786 -6.362199999392033 2.4
    endloop
  endfacet
  facet normal 0.9976940242462394 0.06787218858519502 0
    outer loop
      vertex -55.85665000230074 -6.4537499994039536 2.4
      vertex -55.87623265385628 -6.165892854332924 2.4
      vertex -55.87623265385628 -6.165892854332924 3
    endloop
  endfacet
  facet normal 0.9721232929336392 0.234470261090523 0
    outer loop
      vertex -55.87623265385628 -6.165892854332924 2.4
      vertex -55.93498060852289 -5.922321431338787 2.4
      vertex -55.93498060852289 -5.922321431338787 3
    endloop
  endfacet
  facet normal -0.999248724600096 -0.03875546909897269 0
    outer loop
      vertex -55.344650000333786 -6.362199999392033 2.4
      vertex -55.344650000333786 -6.362199999392033 3
      vertex -55.35281530767679 -6.151670411229134 2.4
    endloop
  endfacet
  facet normal -0.9924026612715572 -0.12303234493876312 0
    outer loop
      vertex -55.35281530767679 -6.151670411229134 2.4
      vertex -55.35281530767679 -6.151670411229134 3
      vertex -55.37731122225523 -5.954081632196903 2.4
    endloop
  endfacet
  facet normal -0.9764175807589852 -0.21589049998730941 0
    outer loop
      vertex -55.37731122225523 -5.954081632196903 2.4
      vertex -55.37731122225523 -5.954081632196903 3
      vertex -55.41813775151968 -5.769433669745922 2.4
    endloop
  endfacet
  facet normal 0 0 1
    outer loop
      vertex -56.16997244954109 -5.568035714328289 2.4
      vertex -55.86473775655031 -5.04285204410553 2.4
      vertex -56.3462163284421 -5.457321427762508 2.4
    endloop
  endfacet
  facet normal 0 0 1
    outer loop
      vertex -56.16997244954109 -5.568035714328289 2.4
      vertex -56.032893881201744 -5.723035715520382 2.4
      vertex -55.63860101997852 -5.293134696781635 2.4
    endloop
  endfacet
  facet normal 0 0 1
    outer loop
      vertex -56.16997244954109 -5.568035714328289 2.4
      vertex -55.63860101997852 -5.293134696781635 2.4
      vertex -55.74475000053644 -5.160250000655651 2.4
    endloop
  endfacet
  facet normal 0 0 1
    outer loop
      vertex -56.56162551045418 -5.39089285582304 2.4
      vertex -56.3462163284421 -5.457321427762508 2.4
      vertex -56.13875408470631 -4.862239792943001 2.4
    endloop
  endfacet
  facet normal 0 0 1
    outer loop
      vertex -56.56162551045418 -5.39089285582304 2.4
      vertex -56.458158165216446 -4.753872446715832 2.4
      vertex -56.63488060981035 -4.726780615746975 2.4
    endloop
  endfacet
  facet normal 0 0 1
    outer loop
      vertex -56.56162551045418 -5.39089285582304 2.4
      vertex -56.29278264939785 -4.799025513231754 2.4
      vertex -56.458158165216446 -4.753872446715832 2.4
    endloop
  endfacet
  facet normal 0 0 1
    outer loop
      vertex -56.56162551045418 -5.39089285582304 2.4
      vertex -56.13875408470631 -4.862239792943001 2.4
      vertex -56.29278264939785 -4.799025513231754 2.4
    endloop
  endfacet
  facet normal 0 0 1
    outer loop
      vertex -56.3462163284421 -5.457321427762508 2.4
      vertex -55.99607244879007 -4.943515308201313 2.4
      vertex -56.13875408470631 -4.862239792943001 2.4
    endloop
  endfacet
  facet normal 0 0 1
    outer loop
      vertex -56.3462163284421 -5.457321427762508 2.4
      vertex -55.86473775655031 -5.04285204410553 2.4
      vertex -55.99607244879007 -4.943515308201313 2.4
    endloop
  endfacet
  facet normal 0 0 1
    outer loop
      vertex -56.16997244954109 -5.568035714328289 2.4
      vertex -55.74475000053644 -5.160250000655651 2.4
      vertex -55.86473775655031 -5.04285204410553 2.4
    endloop
  endfacet
  facet normal 0 0 1
    outer loop
      vertex -55.93498060852289 -5.922321431338787 2.4
      vertex -55.47529489547014 -5.597726531326771 2.4
      vertex -56.032893881201744 -5.723035715520382 2.4
    endloop
  endfacet
  facet normal 0 0 1
    outer loop
      vertex -56.032893881201744 -5.723035715520382 2.4
      vertex -55.47529489547014 -5.597726531326771 2.4
      vertex -55.54878265410662 -5.438960202038288 2.4
    endloop
  endfacet
  facet normal 0 0 1
    outer loop
      vertex -55.93498060852289 -5.922321431338787 2.4
      vertex -55.41813775151968 -5.769433669745922 2.4
      vertex -55.47529489547014 -5.597726531326771 2.4
    endloop
  endfacet
  facet normal 0 0 1
    outer loop
      vertex -56.032893881201744 -5.723035715520382 2.4
      vertex -55.54878265410662 -5.438960202038288 2.4
      vertex -55.63860101997852 -5.293134696781635 2.4
    endloop
  endfacet
  facet normal 0.2946888991699661 0.9555932464736205 0
    outer loop
      vertex -56.56162551045418 -5.39089285582304 2.4
      vertex -56.56162551045418 -5.39089285582304 3
      vertex -56.3462163284421 -5.457321427762508 2.4
    endloop
  endfacet
  facet normal 0.5319387849603103 0.8467828110294567 0
    outer loop
      vertex -56.16997244954109 -5.568035714328289 2.4
      vertex -56.3462163284421 -5.457321427762508 2.4
      vertex -56.3462163284421 -5.457321427762508 3
    endloop
  endfacet
  facet normal 0.7490848568650783 0.6624740577678685 0
    outer loop
      vertex -56.16997244954109 -5.568035714328289 2.4
      vertex -56.16997244954109 -5.568035714328289 3
      vertex -56.032893881201744 -5.723035715520382 2.4
    endloop
  endfacet
  facet normal 0.8975212894127885 0.4409711272303498 0
    outer loop
      vertex -55.93498060852289 -5.922321431338787 2.4
      vertex -56.032893881201744 -5.723035715520382 2.4
      vertex -56.032893881201744 -5.723035715520382 3
    endloop
  endfacet
  facet normal -0.4949593312297185 -0.8689161411946666 0
    outer loop
      vertex -55.99607244879007 -4.943515308201313 2.4
      vertex -55.99607244879007 -4.943515308201313 3
      vertex -56.13875408470631 -4.862239792943001 2.4
    endloop
  endfacet
  facet normal -0.603243096068873 -0.7975573753939214 0
    outer loop
      vertex -55.99607244879007 -4.943515308201313 2.4
      vertex -55.86473775655031 -5.04285204410553 2.4
      vertex -55.86473775655031 -5.04285204410553 3
    endloop
  endfacet
  facet normal -0.9488134635164533 -0.3158370013945675 0
    outer loop
      vertex -55.41813775151968 -5.769433669745922 2.4
      vertex -55.41813775151968 -5.769433669745922 3
      vertex -55.47529489547014 -5.597726531326771 2.4
    endloop
  endfacet
  facet normal -0.9074999661593102 -0.42005215321534894 0
    outer loop
      vertex -55.47529489547014 -5.597726531326771 2.4
      vertex -55.47529489547014 -5.597726531326771 3
      vertex -55.54878265410662 -5.438960202038288 2.4
    endloop
  endfacet
  facet normal -0.8514508156900628 -0.5244344653631441 0
    outer loop
      vertex -55.54878265410662 -5.438960202038288 2.4
      vertex -55.54878265410662 -5.438960202038288 3
      vertex -55.63860101997852 -5.293134696781635 2.4
    endloop
  endfacet
  facet normal -0.7813239968218888 -0.6241256379850688 0
    outer loop
      vertex -55.74475000053644 -5.160250000655651 2.4
      vertex -55.63860101997852 -5.293134696781635 2.4
      vertex -55.63860101997852 -5.293134696781635 3
    endloop
  endfacet
  facet normal -0.6993508630755685 -0.7147785463452702 0
    outer loop
      vertex -55.74475000053644 -5.160250000655651 2.4
      vertex -55.74475000053644 -5.160250000655651 3
      vertex -55.86473775655031 -5.04285204410553 2.4
    endloop
  endfacet
  facet normal -0.15153132869876001 -0.9884524553172946 0
    outer loop
      vertex -56.63488060981035 -4.726780615746975 2.4
      vertex -56.458158165216446 -4.753872446715832 2.4
      vertex -56.458158165216446 -4.753872446715832 3
    endloop
  endfacet
  facet normal -0.2633924150235154 -0.9646887766052222 0
    outer loop
      vertex -56.458158165216446 -4.753872446715832 2.4
      vertex -56.29278264939785 -4.799025513231754 2.4
      vertex -56.29278264939785 -4.799025513231754 3
    endloop
  endfacet
  facet normal -0.37967497247628046 -0.9251199464259409 0
    outer loop
      vertex -56.29278264939785 -4.799025513231754 2.4
      vertex -56.13875408470631 -4.862239792943001 2.4
      vertex -56.13875408470631 -4.862239792943001 3
    endloop
  endfacet
  facet normal 0 1 0
    outer loop
      vertex -57.15185000002384 -3.8867499977350235 2.4
      vertex -57.15185000002384 -3.8867499977350235 3
      vertex -53.48319999873638 -3.8867499977350235 2.4
    endloop
  endfacet
  facet normal 1 0 0
    outer loop
      vertex -58.26060000061989 -8.413500003516674 2.4
      vertex -58.26060000061989 -6.402900002896786 3
      vertex -58.26060000061989 -8.413500003516674 3
    endloop
  endfacet
  facet normal -1 0 0
    outer loop
      vertex -57.74185000360012 -6.480850003659725 2.4
      vertex -57.74185000360012 -7.7659000009298325 3
      vertex -57.74185000360012 -6.480850003659725 3
    endloop
  endfacet
  facet normal 0.9994029378143705 -0.034550946267873694 0
    outer loop
      vertex -58.26060000061989 -6.402900002896786 2.4
      vertex -58.25291837006807 -6.180705100297928 3
      vertex -58.26060000061989 -6.402900002896786 3
    endloop
  endfacet
  facet normal 0.9938826007189185 -0.11044173118979465 0
    outer loop
      vertex -58.25291837006807 -6.180705100297928 2.4
      vertex -58.22987347096205 -5.973320409655571 3
      vertex -58.25291837006807 -6.180705100297928 3
    endloop
  endfacet
  facet normal 0.9806850609585477 -0.19559348458660258 0
    outer loop
      vertex -58.22987347096205 -5.973320409655571 2.4
      vertex -58.19146530330181 -5.780745916068554 3
      vertex -58.22987347096205 -5.973320409655571 3
    endloop
  endfacet
  facet normal -0.9979565846170497 0.0638956588468536 0
    outer loop
      vertex -57.72295918315649 -6.185803063213825 2.4
      vertex -57.74185000360012 -6.480850003659725 3
      vertex -57.72295918315649 -6.185803063213825 3
    endloop
  endfacet
  facet normal -0.9751896778892701 0.22137093788079162 0
    outer loop
      vertex -57.66628673672676 -5.936147958040237 2.4
      vertex -57.72295918315649 -6.185803063213825 3
      vertex -57.66628673672676 -5.936147958040237 3
    endloop
  endfacet
  facet normal 0.9571685515100941 -0.2895312832839805 0
    outer loop
      vertex -58.19146530330181 -5.780745916068554 2.4
      vertex -58.137693874537945 -5.602981634438038 3
      vertex -58.19146530330181 -5.780745916068554 3
    endloop
  endfacet
  facet normal 0.9205763912479701 -0.39056255309087695 0
    outer loop
      vertex -58.137693874537945 -5.602981634438038 2.4
      vertex -58.06855918467045 -5.440027549862862 3
      vertex -58.137693874537945 -5.602981634438038 3
    endloop
  endfacet
  facet normal 0.868636104361836 -0.49545062135302015 0
    outer loop
      vertex -58.06855918467045 -5.440027549862862 2.4
      vertex -57.98406122624874 -5.291883669793606 3
      vertex -58.06855918467045 -5.440027549862862 3
    endloop
  endfacet
  facet normal -0.9076569565124692 0.41971281764382856 0
    outer loop
      vertex -57.57183264940977 -5.731884695589542 2.4
      vertex -57.66628673672676 -5.936147958040237 3
      vertex -57.57183264940977 -5.731884695589542 3
    endloop
  endfacet
  facet normal 0.8004004105256846 -0.599465747837452 0
    outer loop
      vertex -57.98406122624874 -5.291883669793606 2.4
      vertex -57.88419999927282 -5.158550001680851 3
      vertex -57.98406122624874 -5.291883669793606 3
    endloop
  endfacet
  facet normal 0.7166055806453259 -0.6974786317787631 0
    outer loop
      vertex -57.88419999927282 -5.158550001680851 2.4
      vertex -57.7703744918108 -5.041603058576584 3
      vertex -57.88419999927282 -5.158550001680851 3
    endloop
  endfacet
  facet normal 0.6163785261693977 -0.7874500063351584 0
    outer loop
      vertex -57.7703744918108 -5.041603058576584 2.4
      vertex -57.64395510405302 -4.942647956311703 3
      vertex -57.7703744918108 -5.041603058576584 3
    endloop
  endfacet
  facet normal 0.5032781241548097 -0.8641244874132523 0
    outer loop
      vertex -57.64395510405302 -4.942647956311703 2.4
      vertex -57.50494183599949 -4.861684694886208 3
      vertex -57.64395510405302 -4.942647956311703 3
    endloop
  endfacet
  facet normal -0.7685950329857364 0.639735629201356 0
    outer loop
      vertex -57.43959693610668 -5.5730132684111595 2.4
      vertex -57.57183264940977 -5.731884695589542 3
      vertex -57.43959693610668 -5.5730132684111595 3
    endloop
  endfacet
  facet normal -0.5551563022357303 0.8317460430251234 0
    outer loop
      vertex -57.26957958936691 -5.459533676505089 2.4
      vertex -57.43959693610668 -5.5730132684111595 3
      vertex -57.26957958936691 -5.459533676505089 3
    endloop
  endfacet
  facet normal -0.31137287347663073 0.9502878162235407 0
    outer loop
      vertex -57.061780609190464 -5.39144591987133 2.4
      vertex -57.26957958936691 -5.459533676505089 3
      vertex -57.061780609190464 -5.39144591987133 3
    endloop
  endfacet
  facet normal -0.09202524388648278 0.9957566743374775 0
    outer loop
      vertex -56.816200003027916 -5.368749998509884 2.4
      vertex -57.061780609190464 -5.39144591987133 3
      vertex -56.816200003027916 -5.368749998509884 3
    endloop
  endfacet
  facet normal 0 1 0
    outer loop
      vertex -57.93169999867678 -3.8867499977350235 2.4
      vertex -58.514899998903275 -3.8867499977350235 3
      vertex -57.93169999867678 -3.8867499977350235 3
    endloop
  endfacet
  facet normal 0.3835863486534035 -0.9235050152147251 0
    outer loop
      vertex -57.50494183599949 -4.861684694886208 2.4
      vertex -57.353334695100784 -4.798713266849518 3
      vertex -57.50494183599949 -4.861684694886208 3
    endloop
  endfacet
  facet normal 0.2641969753963712 -0.9644687440199445 0
    outer loop
      vertex -57.353334695100784 -4.798713266849518 2.4
      vertex -57.189133673906326 -4.7537336722016335 3
      vertex -57.353334695100784 -4.798713266849518 3
    endloop
  endfacet
  facet normal 0.15090203016585063 -0.9885487227708226 0
    outer loop
      vertex -57.189133673906326 -4.7537336722016335 2.4
      vertex -57.012338772416115 -4.726745918393135 3
      vertex -57.189133673906326 -4.7537336722016335 3
    endloop
  endfacet
  facet normal 0.04744626060192578 -0.9988737920052233 0
    outer loop
      vertex -57.012338772416115 -4.726745918393135 2.4
      vertex -56.82294999808073 -4.717749997973442 3
      vertex -57.012338772416115 -4.726745918393135 3
    endloop
  endfacet
  facet normal -0.047962217432856044 -0.9988491506223166 0
    outer loop
      vertex -56.82294999808073 -4.717749997973442 2.4
      vertex -56.63488060981035 -4.726780615746975 3
      vertex -56.82294999808073 -4.717749997973442 3
    endloop
  endfacet
  facet normal 1 0 0
    outer loop
      vertex -55.85665000230074 -7.7659000009298325 2.4
      vertex -55.85665000230074 -6.4537499994039536 3
      vertex -55.85665000230074 -7.7659000009298325 3
    endloop
  endfacet
  facet normal -1 0 0
    outer loop
      vertex -55.344650000333786 -6.362199999392033 2.4
      vertex -55.344650000333786 -7.7659000009298325 3
      vertex -55.344650000333786 -6.362199999392033 3
    endloop
  endfacet
  facet normal 0.9976940242462394 0.06787218858519502 0
    outer loop
      vertex -55.85665000230074 -6.4537499994039536 2.4
      vertex -55.87623265385628 -6.165892854332924 3
      vertex -55.85665000230074 -6.4537499994039536 3
    endloop
  endfacet
  facet normal 0.9721232929336392 0.234470261090523 0
    outer loop
      vertex -55.87623265385628 -6.165892854332924 2.4
      vertex -55.93498060852289 -5.922321431338787 3
      vertex -55.87623265385628 -6.165892854332924 3
    endloop
  endfacet
  facet normal 0.8975212894127885 0.4409711272303498 0
    outer loop
      vertex -55.93498060852289 -5.922321431338787 2.4
      vertex -56.032893881201744 -5.723035715520382 3
      vertex -55.93498060852289 -5.922321431338787 3
    endloop
  endfacet
  facet normal -0.9764175807589852 -0.21589049998730941 0
    outer loop
      vertex -55.41813775151968 -5.769433669745922 2.4
      vertex -55.37731122225523 -5.954081632196903 3
      vertex -55.41813775151968 -5.769433669745922 3
    endloop
  endfacet
  facet normal -0.999248724600096 -0.03875546909897269 0
    outer loop
      vertex -55.35281530767679 -6.151670411229134 2.4
      vertex -55.344650000333786 -6.362199999392033 3
      vertex -55.35281530767679 -6.151670411229134 3
    endloop
  endfacet
  facet normal -0.9924026612715572 -0.12303234493876312 0
    outer loop
      vertex -55.37731122225523 -5.954081632196903 2.4
      vertex -55.35281530767679 -6.151670411229134 3
      vertex -55.37731122225523 -5.954081632196903 3
    endloop
  endfacet
  facet normal 0.08665270627144885 0.9962385801081156 0
    outer loop
      vertex -56.56162551045418 -5.39089285582304 2.4
      vertex -56.816200003027916 -5.368749998509884 3
      vertex -56.56162551045418 -5.39089285582304 3
    endloop
  endfacet
  facet normal 0.2946888991699661 0.9555932464736205 0
    outer loop
      vertex -56.3462163284421 -5.457321427762508 2.4
      vertex -56.56162551045418 -5.39089285582304 3
      vertex -56.3462163284421 -5.457321427762508 3
    endloop
  endfacet
  facet normal 0.7490848568650783 0.6624740577678685 0
    outer loop
      vertex -56.032893881201744 -5.723035715520382 2.4
      vertex -56.16997244954109 -5.568035714328289 3
      vertex -56.032893881201744 -5.723035715520382 3
    endloop
  endfacet
  facet normal 0.5319387849603103 0.8467828110294567 0
    outer loop
      vertex -56.16997244954109 -5.568035714328289 2.4
      vertex -56.3462163284421 -5.457321427762508 3
      vertex -56.16997244954109 -5.568035714328289 3
    endloop
  endfacet
  facet normal -0.4949593312297185 -0.8689161411946666 0
    outer loop
      vertex -56.13875408470631 -4.862239792943001 2.4
      vertex -55.99607244879007 -4.943515308201313 3
      vertex -56.13875408470631 -4.862239792943001 3
    endloop
  endfacet
  facet normal -0.603243096068873 -0.7975573753939214 0
    outer loop
      vertex -55.99607244879007 -4.943515308201313 2.4
      vertex -55.86473775655031 -5.04285204410553 3
      vertex -55.99607244879007 -4.943515308201313 3
    endloop
  endfacet
  facet normal -0.6993508630755685 -0.7147785463452702 0
    outer loop
      vertex -55.86473775655031 -5.04285204410553 2.4
      vertex -55.74475000053644 -5.160250000655651 3
      vertex -55.86473775655031 -5.04285204410553 3
    endloop
  endfacet
  facet normal -0.9488134635164533 -0.3158370013945675 0
    outer loop
      vertex -55.47529489547014 -5.597726531326771 2.4
      vertex -55.41813775151968 -5.769433669745922 3
      vertex -55.47529489547014 -5.597726531326771 3
    endloop
  endfacet
  facet normal -0.9074999661593102 -0.42005215321534894 0
    outer loop
      vertex -55.54878265410662 -5.438960202038288 2.4
      vertex -55.47529489547014 -5.597726531326771 3
      vertex -55.54878265410662 -5.438960202038288 3
    endloop
  endfacet
  facet normal -0.8514508156900628 -0.5244344653631441 0
    outer loop
      vertex -55.63860101997852 -5.293134696781635 2.4
      vertex -55.54878265410662 -5.438960202038288 3
      vertex -55.63860101997852 -5.293134696781635 3
    endloop
  endfacet
  facet normal -0.7813239968218888 -0.6241256379850688 0
    outer loop
      vertex -55.74475000053644 -5.160250000655651 2.4
      vertex -55.63860101997852 -5.293134696781635 3
      vertex -55.74475000053644 -5.160250000655651 3
    endloop
  endfacet
  facet normal -0.15153132869876001 -0.9884524553172946 0
    outer loop
      vertex -56.63488060981035 -4.726780615746975 2.4
      vertex -56.458158165216446 -4.753872446715832 3
      vertex -56.63488060981035 -4.726780615746975 3
    endloop
  endfacet
  facet normal -0.2633924150235154 -0.9646887766052222 0
    outer loop
      vertex -56.458158165216446 -4.753872446715832 2.4
      vertex -56.29278264939785 -4.799025513231754 3
      vertex -56.458158165216446 -4.753872446715832 3
    endloop
  endfacet
  facet normal -0.37967497247628046 -0.9251199464259409 0
    outer loop
      vertex -56.29278264939785 -4.799025513231754 2.4
      vertex -56.13875408470631 -4.862239792943001 3
      vertex -56.29278264939785 -4.799025513231754 3
    endloop
  endfacet
  facet normal 0 1 0
    outer loop
      vertex -53.48319999873638 -3.8867499977350235 2.4
      vertex -57.15185000002384 -3.8867499977350235 3
      vertex -53.48319999873638 -3.8867499977350235 3
    endloop
  endfacet
  facet normal 0 0 1
    outer loop
      vertex -58.514899998903275 -3.8867499977350235 2.4
      vertex -57.93169999867678 -3.8867499977350235 2.4
      vertex -58.514899998903275 -3.276399999856949 2.4
    endloop
  endfacet
  facet normal 0 0 1
    outer loop
      vertex -57.93169999867678 -3.8867499977350235 2.4
      vertex -57.93169999867678 -3.276399999856949 2.4
      vertex -58.514899998903275 -3.276399999856949 2.4
    endloop
  endfacet
  facet normal 1 0 0
    outer loop
      vertex -58.514899998903275 -3.8867499977350235 2.4
      vertex -58.514899998903275 -3.276399999856949 2.4
      vertex -58.514899998903275 -3.276399999856949 3
    endloop
  endfacet
  facet normal -1 0 0
    outer loop
      vertex -57.93169999867678 -3.8867499977350235 2.4
      vertex -57.93169999867678 -3.8867499977350235 3
      vertex -57.93169999867678 -3.276399999856949 2.4
    endloop
  endfacet
  facet normal 0 -1 0
    outer loop
      vertex -58.514899998903275 -3.276399999856949 2.4
      vertex -57.93169999867678 -3.276399999856949 2.4
      vertex -57.93169999867678 -3.276399999856949 3
    endloop
  endfacet
  facet normal 1 0 0
    outer loop
      vertex -57.15185000002384 -3.8867499977350235 2.4
      vertex -57.15185000002384 -3.276399999856949 2.4
      vertex -57.15185000002384 -3.276399999856949 3
    endloop
  endfacet
  facet normal 0 0 1
    outer loop
      vertex -57.15185000002384 -3.8867499977350235 2.4
      vertex -53.48319999873638 -3.8867499977350235 2.4
      vertex -57.15185000002384 -3.276399999856949 2.4
    endloop
  endfacet
  facet normal 0 0 1
    outer loop
      vertex -57.15185000002384 -3.276399999856949 2.4
      vertex -53.48319999873638 -3.8867499977350235 2.4
      vertex -53.48319999873638 -3.276399999856949 2.4
    endloop
  endfacet
  facet normal 0 -1 0
    outer loop
      vertex -57.15185000002384 -3.276399999856949 2.4
      vertex -53.48319999873638 -3.276399999856949 2.4
      vertex -53.48319999873638 -3.276399999856949 3
    endloop
  endfacet
  facet normal -1 0 0
    outer loop
      vertex -53.48319999873638 -3.8867499977350235 2.4
      vertex -53.48319999873638 -3.8867499977350235 3
      vertex -53.48319999873638 -3.276399999856949 2.4
    endloop
  endfacet
  facet normal 0 0 1
    outer loop
      vertex -55.03949999809265 -0.719650000333786 2.4
      vertex -55.04630000144243 -0.15680000185966492 2.4
      vertex -55.11410000175238 -0.10254999995231628 2.4
    endloop
  endfacet
  facet normal 0 0 1
    outer loop
      vertex -55.03949999809265 -0.719650000333786 2.4
      vertex -54.56480000168085 -0.719650000333786 2.4
      vertex -55.04630000144243 -0.15680000185966492 2.4
    endloop
  endfacet
  facet normal -0.5894917808555713 -0.8077743746268057 0
    outer loop
      vertex -55.11410000175238 -0.10254999995231628 2.4
      vertex -55.11410000175238 -0.10254999995231628 3
      vertex -55.36500000208616 0.08055000007152557 2.4
    endloop
  endfacet
  facet normal -0.6247652786940026 -0.7808126193514072 0
    outer loop
      vertex -55.11410000175238 -0.10254999995231628 2.4
      vertex -55.04630000144243 -0.15680000185966492 2.4
      vertex -55.04630000144243 -0.15680000185966492 3
    endloop
  endfacet
  facet normal 0 1 0
    outer loop
      vertex -55.03949999809265 -0.719650000333786 2.4
      vertex -55.03949999809265 -0.719650000333786 3
      vertex -54.56480000168085 -0.719650000333786 2.4
    endloop
  endfacet
  facet normal 1 0 0
    outer loop
      vertex -58.514899998903275 -3.8867499977350235 2.4
      vertex -58.514899998903275 -3.276399999856949 3
      vertex -58.514899998903275 -3.8867499977350235 3
    endloop
  endfacet
  facet normal -1 0 0
    outer loop
      vertex -57.93169999867678 -3.276399999856949 2.4
      vertex -57.93169999867678 -3.8867499977350235 3
      vertex -57.93169999867678 -3.276399999856949 3
    endloop
  endfacet
  facet normal 0 -1 0
    outer loop
      vertex -58.514899998903275 -3.276399999856949 2.4
      vertex -57.93169999867678 -3.276399999856949 3
      vertex -58.514899998903275 -3.276399999856949 3
    endloop
  endfacet
  facet normal 1 0 0
    outer loop
      vertex -57.15185000002384 -3.8867499977350235 2.4
      vertex -57.15185000002384 -3.276399999856949 3
      vertex -57.15185000002384 -3.8867499977350235 3
    endloop
  endfacet
  facet normal 0 -1 0
    outer loop
      vertex -57.15185000002384 -3.276399999856949 2.4
      vertex -53.48319999873638 -3.276399999856949 3
      vertex -57.15185000002384 -3.276399999856949 3
    endloop
  endfacet
  facet normal -1 0 0
    outer loop
      vertex -53.48319999873638 -3.276399999856949 2.4
      vertex -53.48319999873638 -3.8867499977350235 3
      vertex -53.48319999873638 -3.276399999856949 3
    endloop
  endfacet
  facet normal -0.6247652786940026 -0.7808126193514072 0
    outer loop
      vertex -55.11410000175238 -0.10254999995231628 2.4
      vertex -55.04630000144243 -0.15680000185966492 3
      vertex -55.11410000175238 -0.10254999995231628 3
    endloop
  endfacet
  facet normal 0 1 0
    outer loop
      vertex -54.56480000168085 -0.719650000333786 2.4
      vertex -55.03949999809265 -0.719650000333786 3
      vertex -54.56480000168085 -0.719650000333786 3
    endloop
  endfacet
  facet normal 0 0 1
    outer loop
      vertex -55.03949999809265 -0.719650000333786 2.4
      vertex -57.572300001978874 1.531750001013279 2.4
      vertex -58.26060000061989 1.467299997806549 2.4
    endloop
  endfacet
  facet normal 0 0 1
    outer loop
      vertex -55.11410000175238 -0.10254999995231628 2.4
      vertex -57.50365509837866 1.49741530418396 2.4
      vertex -57.529326528310776 1.5109795928001404 2.4
    endloop
  endfacet
  facet normal 0 0 1
    outer loop
      vertex -55.11410000175238 -0.10254999995231628 2.4
      vertex -57.472310207784176 1.4805306121706963 2.4
      vertex -57.50365509837866 1.49741530418396 2.4
    endloop
  endfacet
  facet normal 0 0 1
    outer loop
      vertex -55.11410000175238 -0.10254999995231628 2.4
      vertex -57.43529183417559 1.4603255093097687 2.4
      vertex -57.472310207784176 1.4805306121706963 2.4
    endloop
  endfacet
  facet normal 0 0 1
    outer loop
      vertex -57.309289798140526 1.3900244906544685 2.4
      vertex -57.34900816529989 1.4125132635235786 2.4
      vertex -55.36500000208616 0.08055000007152557 2.4
    endloop
  endfacet
  facet normal 0 0 1
    outer loop
      vertex -58.26060000061989 1.467299997806549 2.4
      vertex -57.572300001978874 1.531750001013279 2.4
      vertex -58.26060000061989 2.1081499978899956 2.4
    endloop
  endfacet
  facet normal 0 0 1
    outer loop
      vertex -55.11410000175238 -0.10254999995231628 2.4
      vertex -57.56364897638559 1.5281469374895096 2.4
      vertex -57.572300001978874 1.531750001013279 2.4
    endloop
  endfacet
  facet normal 0 0 1
    outer loop
      vertex -55.11410000175238 -0.10254999995231628 2.4
      vertex -57.54932449012995 1.521223470568657 2.4
      vertex -57.56364897638559 1.5281469374895096 2.4
    endloop
  endfacet
  facet normal 0 0 1
    outer loop
      vertex -55.11410000175238 -0.10254999995231628 2.4
      vertex -57.529326528310776 1.5109795928001404 2.4
      vertex -57.54932449012995 1.521223470568657 2.4
    endloop
  endfacet
  facet normal 0 0 1
    outer loop
      vertex -57.34900816529989 1.4125132635235786 2.4
      vertex -57.39259999990463 1.4368000030517578 2.4
      vertex -55.36500000208616 0.08055000007152557 2.4
    endloop
  endfacet
  facet normal 0 0 1
    outer loop
      vertex -57.572300001978874 1.531750001013279 2.4
      vertex -55.04630000144243 2.1081499978899956 2.4
      vertex -58.26060000061989 2.1081499978899956 2.4
    endloop
  endfacet
  facet normal 0.5617130687582024 0.8273321149249815 0
    outer loop
      vertex -55.03949999809265 -0.719650000333786 2.4
      vertex -58.26060000061989 1.467299997806549 2.4
      vertex -58.26060000061989 1.467299997806549 3
    endloop
  endfacet
  facet normal 1 0 0
    outer loop
      vertex -58.26060000061989 1.467299997806549 2.4
      vertex -58.26060000061989 2.1081499978899956 2.4
      vertex -58.26060000061989 2.1081499978899956 3
    endloop
  endfacet
  facet normal -0.4671755243237895 -0.884164594107224 0
    outer loop
      vertex -57.50365509837866 1.49741530418396 2.4
      vertex -57.50365509837866 1.49741530418396 3
      vertex -57.529326528310776 1.5109795928001404 2.4
    endloop
  endfacet
  facet normal -0.3844762251370422 -0.9231348938829962 0
    outer loop
      vertex -57.572300001978874 1.531750001013279 2.4
      vertex -57.56364897638559 1.5281469374895096 2.4
      vertex -57.56364897638559 1.5281469374895096 3
    endloop
  endfacet
  facet normal -0.4351668889999013 -0.9003498090843068 0
    outer loop
      vertex -57.56364897638559 1.5281469374895096 2.4
      vertex -57.54932449012995 1.521223470568657 2.4
      vertex -57.54932449012995 1.521223470568657 3
    endloop
  endfacet
  facet normal -0.45591180549613247 -0.8900249578575069 0
    outer loop
      vertex -57.54932449012995 1.521223470568657 2.4
      vertex -57.529326528310776 1.5109795928001404 2.4
      vertex -57.529326528310776 1.5109795928001404 3
    endloop
  endfacet
  facet normal -0.4826273252052418 -0.8758258188505486 0
    outer loop
      vertex -57.43529183417559 1.4603255093097687 2.4
      vertex -57.39259999990463 1.4368000030517578 2.4
      vertex -57.39259999990463 1.4368000030517578 3
    endloop
  endfacet
  facet normal -0.49992300399941564 -0.8660698528826646 0
    outer loop
      vertex -57.309289798140526 1.3900244906544685 2.4
      vertex -57.27344489842653 1.369333676993847 2.4
      vertex -57.27344489842653 1.369333676993847 3
    endloop
  endfacet
  facet normal -0.4867000210276023 -0.8735691669992317 0
    outer loop
      vertex -57.34900816529989 1.4125132635235786 2.4
      vertex -57.34900816529989 1.4125132635235786 3
      vertex -57.39259999990463 1.4368000030517578 2.4
    endloop
  endfacet
  facet normal -0.49270902673198635 -0.8701941248806605 0
    outer loop
      vertex -57.309289798140526 1.3900244906544685 2.4
      vertex -57.309289798140526 1.3900244906544685 3
      vertex -57.34900816529989 1.4125132635235786 2.4
    endloop
  endfacet
  facet normal -0.5339247640425901 -0.8455319901352428 0
    outer loop
      vertex -57.189151018857956 1.3180489763617516 2.4
      vertex -57.189151018857956 1.3180489763617516 3
      vertex -57.21337550878525 1.3333459198474884 2.4
    endloop
  endfacet
  facet normal -0.5527604387699727 -0.8333402050368307 0
    outer loop
      vertex -57.189151018857956 1.3180489763617516 2.4
      vertex -57.16879999637604 1.3045499995350838 2.4
      vertex -57.16879999637604 1.3045499995350838 3
    endloop
  endfacet
  facet normal -0.5197648135585348 -0.8543093927766812 0
    outer loop
      vertex -57.21337550878525 1.3333459198474884 2.4
      vertex -57.21337550878525 1.3333459198474884 3
      vertex -57.24147346615791 1.3504408150911331 2.4
    endloop
  endfacet
  facet normal -0.5087423236615234 -0.8609188394474091 0
    outer loop
      vertex -57.27344489842653 1.369333676993847 2.4
      vertex -57.24147346615791 1.3504408150911331 2.4
      vertex -57.24147346615791 1.3504408150911331 3
    endloop
  endfacet
  facet normal -0.4790944820171176 -0.8777633378654807 0
    outer loop
      vertex -57.472310207784176 1.4805306121706963 2.4
      vertex -57.43529183417559 1.4603255093097687 2.4
      vertex -57.43529183417559 1.4603255093097687 3
    endloop
  endfacet
  facet normal -0.4742451368527076 -0.8803928385508124 0
    outer loop
      vertex -57.50365509837866 1.49741530418396 2.4
      vertex -57.472310207784176 1.4805306121706963 2.4
      vertex -57.472310207784176 1.4805306121706963 3
    endloop
  endfacet
  facet normal 0 0 1
    outer loop
      vertex -55.03949999809265 -0.719650000333786 2.4
      vertex -55.11410000175238 -0.10254999995231628 2.4
      vertex -57.572300001978874 1.531750001013279 2.4
    endloop
  endfacet
  facet normal 0 0 1
    outer loop
      vertex -55.11410000175238 -0.10254999995231628 2.4
      vertex -55.36500000208616 0.08055000007152557 2.4
      vertex -57.39259999990463 1.4368000030517578 2.4
    endloop
  endfacet
  facet normal 0 0 1
    outer loop
      vertex -57.189151018857956 1.3180489763617516 2.4
      vertex -55.36500000208616 0.08055000007152557 2.4
      vertex -57.16879999637604 1.3045499995350838 2.4
    endloop
  endfacet
  facet normal 0 0 1
    outer loop
      vertex -57.189151018857956 1.3180489763617516 2.4
      vertex -57.21337550878525 1.3333459198474884 2.4
      vertex -55.36500000208616 0.08055000007152557 2.4
    endloop
  endfacet
  facet normal 0 0 1
    outer loop
      vertex -55.11410000175238 -0.10254999995231628 2.4
      vertex -57.39259999990463 1.4368000030517578 2.4
      vertex -57.43529183417559 1.4603255093097687 2.4
    endloop
  endfacet
  facet normal 0 0 1
    outer loop
      vertex -57.309289798140526 1.3900244906544685 2.4
      vertex -55.36500000208616 0.08055000007152557 2.4
      vertex -57.27344489842653 1.369333676993847 2.4
    endloop
  endfacet
  facet normal 0 0 1
    outer loop
      vertex -57.27344489842653 1.369333676993847 2.4
      vertex -55.36500000208616 0.08055000007152557 2.4
      vertex -57.24147346615791 1.3504408150911331 2.4
    endloop
  endfacet
  facet normal 0 0 1
    outer loop
      vertex -57.21337550878525 1.3333459198474884 2.4
      vertex -57.24147346615791 1.3504408150911331 2.4
      vertex -55.36500000208616 0.08055000007152557 2.4
    endloop
  endfacet
  facet normal 0 0 1
    outer loop
      vertex -57.572300001978874 1.531750001013279 2.4
      vertex -55.04630000144243 1.531750001013279 2.4
      vertex -55.04630000144243 2.1081499978899956 2.4
    endloop
  endfacet
  facet normal 0 0 1
    outer loop
      vertex -54.56480000168085 -0.719650000333786 2.4
      vertex -54.56480000168085 1.531750001013279 2.4
      vertex -55.04630000144243 -0.15680000185966492 2.4
    endloop
  endfacet
  facet normal 0 0 1
    outer loop
      vertex -55.04630000144243 -0.15680000185966492 2.4
      vertex -54.56480000168085 1.531750001013279 2.4
      vertex -55.04630000144243 1.531750001013279 2.4
    endloop
  endfacet
  facet normal 0 0 1
    outer loop
      vertex -55.04630000144243 1.531750001013279 2.4
      vertex -54.56480000168085 1.531750001013279 2.4
      vertex -55.04630000144243 2.1081499978899956 2.4
    endloop
  endfacet
  facet normal 0 0 1
    outer loop
      vertex -54.56480000168085 1.531750001013279 2.4
      vertex -54.56480000168085 2.1081499978899956 2.4
      vertex -55.04630000144243 2.1081499978899956 2.4
    endloop
  endfacet
  facet normal 0 0 1
    outer loop
      vertex -54.56480000168085 1.531750001013279 2.4
      vertex -53.48319999873638 2.1081499978899956 2.4
      vertex -54.56480000168085 2.1081499978899956 2.4
    endloop
  endfacet
  facet normal 0 0 1
    outer loop
      vertex -54.56480000168085 1.531750001013279 2.4
      vertex -53.48319999873638 1.531750001013279 2.4
      vertex -53.48319999873638 2.1081499978899956 2.4
    endloop
  endfacet
  facet normal -0.5614991757589111 -0.8274772961369172 -1.2732624867418361e-16
    outer loop
      vertex -57.16879999637604 1.3045499995350838 2.4
      vertex -55.36500000208616 0.08055000007152557 2.4
      vertex -55.36500000208616 0.08055000007152557 3
    endloop
  endfacet
  facet normal 0 1 0
    outer loop
      vertex -57.572300001978874 1.531750001013279 2.4
      vertex -55.04630000144243 1.531750001013279 3
      vertex -55.04630000144243 1.531750001013279 2.4
    endloop
  endfacet
  facet normal 1 0 0
    outer loop
      vertex -55.04630000144243 -0.15680000185966492 2.4
      vertex -55.04630000144243 1.531750001013279 2.4
      vertex -55.04630000144243 1.531750001013279 3
    endloop
  endfacet
  facet normal -1 0 0
    outer loop
      vertex -54.56480000168085 -0.719650000333786 2.4
      vertex -54.56480000168085 -0.719650000333786 3
      vertex -54.56480000168085 1.531750001013279 2.4
    endloop
  endfacet
  facet normal 0 1 0
    outer loop
      vertex -54.56480000168085 1.531750001013279 2.4
      vertex -54.56480000168085 1.531750001013279 3
      vertex -53.48319999873638 1.531750001013279 2.4
    endloop
  endfacet
  facet normal -1 0 0
    outer loop
      vertex -53.48319999873638 1.531750001013279 2.4
      vertex -53.48319999873638 1.531750001013279 3
      vertex -53.48319999873638 2.1081499978899956 2.4
    endloop
  endfacet
  facet normal 0 0 1
    outer loop
      vertex -55.04630000144243 2.1081499978899956 2.4
      vertex -54.56480000168085 2.1081499978899956 2.4
      vertex -55.04630000144243 2.779500000178814 2.4
    endloop
  endfacet
  facet normal 0 0 1
    outer loop
      vertex -54.56480000168085 2.1081499978899956 2.4
      vertex -54.56480000168085 2.779500000178814 2.4
      vertex -55.04630000144243 2.779500000178814 2.4
    endloop
  endfacet
  facet normal 0 -1 0
    outer loop
      vertex -58.26060000061989 2.1081499978899956 2.4
      vertex -55.04630000144243 2.1081499978899956 2.4
      vertex -55.04630000144243 2.1081499978899956 3
    endloop
  endfacet
  facet normal 1 0 0
    outer loop
      vertex -55.04630000144243 2.1081499978899956 2.4
      vertex -55.04630000144243 2.779500000178814 2.4
      vertex -55.04630000144243 2.779500000178814 3
    endloop
  endfacet
  facet normal -1 0 0
    outer loop
      vertex -54.56480000168085 2.1081499978899956 2.4
      vertex -54.56480000168085 2.1081499978899956 3
      vertex -54.56480000168085 2.779500000178814 2.4
    endloop
  endfacet
  facet normal 0 -1 0
    outer loop
      vertex -55.04630000144243 2.779500000178814 2.4
      vertex -54.56480000168085 2.779500000178814 2.4
      vertex -54.56480000168085 2.779500000178814 3
    endloop
  endfacet
  facet normal 0 -1 0
    outer loop
      vertex -54.56480000168085 2.1081499978899956 2.4
      vertex -53.48319999873638 2.1081499978899956 2.4
      vertex -53.48319999873638 2.1081499978899956 3
    endloop
  endfacet
  facet normal 1 0 0
    outer loop
      vertex -58.26060000061989 1.467299997806549 2.4
      vertex -58.26060000061989 2.1081499978899956 3
      vertex -58.26060000061989 1.467299997806549 3
    endloop
  endfacet
  facet normal -0.4671755243237895 -0.884164594107224 0
    outer loop
      vertex -57.529326528310776 1.5109795928001404 2.4
      vertex -57.50365509837866 1.49741530418396 3
      vertex -57.529326528310776 1.5109795928001404 3
    endloop
  endfacet
  facet normal -0.4742451368527076 -0.8803928385508124 0
    outer loop
      vertex -57.50365509837866 1.49741530418396 2.4
      vertex -57.472310207784176 1.4805306121706963 3
      vertex -57.50365509837866 1.49741530418396 3
    endloop
  endfacet
  facet normal -0.3844762251370422 -0.9231348938829962 0
    outer loop
      vertex -57.572300001978874 1.531750001013279 2.4
      vertex -57.56364897638559 1.5281469374895096 3
      vertex -57.572300001978874 1.531750001013279 3
    endloop
  endfacet
  facet normal -0.4351668889999013 -0.9003498090843068 0
    outer loop
      vertex -57.56364897638559 1.5281469374895096 2.4
      vertex -57.54932449012995 1.521223470568657 3
      vertex -57.56364897638559 1.5281469374895096 3
    endloop
  endfacet
  facet normal -0.45591180549613247 -0.8900249578575069 0
    outer loop
      vertex -57.54932449012995 1.521223470568657 2.4
      vertex -57.529326528310776 1.5109795928001404 3
      vertex -57.54932449012995 1.521223470568657 3
    endloop
  endfacet
  facet normal -0.4826273252052418 -0.8758258188505486 0
    outer loop
      vertex -57.43529183417559 1.4603255093097687 2.4
      vertex -57.39259999990463 1.4368000030517578 3
      vertex -57.43529183417559 1.4603255093097687 3
    endloop
  endfacet
  facet normal -0.49992300399941564 -0.8660698528826646 0
    outer loop
      vertex -57.309289798140526 1.3900244906544685 2.4
      vertex -57.27344489842653 1.369333676993847 3
      vertex -57.309289798140526 1.3900244906544685 3
    endloop
  endfacet
  facet normal -0.4867000210276023 -0.8735691669992317 0
    outer loop
      vertex -57.39259999990463 1.4368000030517578 2.4
      vertex -57.34900816529989 1.4125132635235786 3
      vertex -57.39259999990463 1.4368000030517578 3
    endloop
  endfacet
  facet normal -0.49270902673198635 -0.8701941248806605 0
    outer loop
      vertex -57.34900816529989 1.4125132635235786 2.4
      vertex -57.309289798140526 1.3900244906544685 3
      vertex -57.34900816529989 1.4125132635235786 3
    endloop
  endfacet
  facet normal -0.5339247640425901 -0.8455319901352428 0
    outer loop
      vertex -57.21337550878525 1.3333459198474884 2.4
      vertex -57.189151018857956 1.3180489763617516 3
      vertex -57.21337550878525 1.3333459198474884 3
    endloop
  endfacet
  facet normal -0.5527604387699727 -0.8333402050368307 0
    outer loop
      vertex -57.189151018857956 1.3180489763617516 2.4
      vertex -57.16879999637604 1.3045499995350838 3
      vertex -57.189151018857956 1.3180489763617516 3
    endloop
  endfacet
  facet normal -0.5197648135585348 -0.8543093927766812 0
    outer loop
      vertex -57.24147346615791 1.3504408150911331 2.4
      vertex -57.21337550878525 1.3333459198474884 3
      vertex -57.24147346615791 1.3504408150911331 3
    endloop
  endfacet
  facet normal -0.5087423236615234 -0.8609188394474091 0
    outer loop
      vertex -57.27344489842653 1.369333676993847 2.4
      vertex -57.24147346615791 1.3504408150911331 3
      vertex -57.27344489842653 1.369333676993847 3
    endloop
  endfacet
  facet normal -0.4790944820171176 -0.8777633378654807 0
    outer loop
      vertex -57.472310207784176 1.4805306121706963 2.4
      vertex -57.43529183417559 1.4603255093097687 3
      vertex -57.472310207784176 1.4805306121706963 3
    endloop
  endfacet
  facet normal 0 1 0
    outer loop
      vertex -57.572300001978874 1.531750001013279 2.4
      vertex -57.572300001978874 1.531750001013279 3
      vertex -55.04630000144243 1.531750001013279 3
    endloop
  endfacet
  facet normal 0 -1 0
    outer loop
      vertex -58.26060000061989 2.1081499978899956 2.4
      vertex -55.04630000144243 2.1081499978899956 3
      vertex -58.26060000061989 2.1081499978899956 3
    endloop
  endfacet
  facet normal 0.5617130687582024 0.8273321149249815 0
    outer loop
      vertex -55.03949999809265 -0.719650000333786 2.4
      vertex -58.26060000061989 1.467299997806549 3
      vertex -55.03949999809265 -0.719650000333786 3
    endloop
  endfacet
  facet normal -0.5614991757589111 -0.8274772961369172 0
    outer loop
      vertex -57.16879999637604 1.3045499995350838 2.4
      vertex -55.36500000208616 0.08055000007152557 3
      vertex -57.16879999637604 1.3045499995350838 3
    endloop
  endfacet
  facet normal -0.5894917808555713 -0.8077743746268057 0
    outer loop
      vertex -55.36500000208616 0.08055000007152557 2.4
      vertex -55.11410000175238 -0.10254999995231628 3
      vertex -55.36500000208616 0.08055000007152557 3
    endloop
  endfacet
  facet normal 1 0 0
    outer loop
      vertex -55.04630000144243 -0.15680000185966492 2.4
      vertex -55.04630000144243 1.531750001013279 3
      vertex -55.04630000144243 -0.15680000185966492 3
    endloop
  endfacet
  facet normal -1 0 0
    outer loop
      vertex -54.56480000168085 1.531750001013279 2.4
      vertex -54.56480000168085 -0.719650000333786 3
      vertex -54.56480000168085 1.531750001013279 3
    endloop
  endfacet
  facet normal 0 1 0
    outer loop
      vertex -53.48319999873638 1.531750001013279 2.4
      vertex -54.56480000168085 1.531750001013279 3
      vertex -53.48319999873638 1.531750001013279 3
    endloop
  endfacet
  facet normal -1 0 0
    outer loop
      vertex -53.48319999873638 2.1081499978899956 2.4
      vertex -53.48319999873638 1.531750001013279 3
      vertex -53.48319999873638 2.1081499978899956 3
    endloop
  endfacet
  facet normal 1 0 0
    outer loop
      vertex -55.04630000144243 2.1081499978899956 2.4
      vertex -55.04630000144243 2.779500000178814 3
      vertex -55.04630000144243 2.1081499978899956 3
    endloop
  endfacet
  facet normal 0 -1 0
    outer loop
      vertex -54.56480000168085 2.1081499978899956 2.4
      vertex -53.48319999873638 2.1081499978899956 3
      vertex -54.56480000168085 2.1081499978899956 3
    endloop
  endfacet
  facet normal 0 -1 0
    outer loop
      vertex -55.04630000144243 2.779500000178814 2.4
      vertex -54.56480000168085 2.779500000178814 3
      vertex -55.04630000144243 2.779500000178814 3
    endloop
  endfacet
  facet normal -1 0 0
    outer loop
      vertex -54.56480000168085 2.779500000178814 2.4
      vertex -54.56480000168085 2.1081499978899956 3
      vertex -54.56480000168085 2.779500000178814 3
    endloop
  endfacet
endsolid OpenSCAD_Model
