solid OpenSCAD_Model
  facet normal -0.4422886902190092 -0.8968727415326844 0
    outer loop
      vertex -40.14805029709527 -27.271638597533865 3
      vertex -40.14805029709527 -27.271638597533865 6
      vertex -40.5 -27.098076211353316 3
    endloop
  endfacet
  facet normal -0.8968727415326916 -0.4422886902189947 2.0306433611153428e-18
    outer loop
      vertex -41.77163859753386 -25.648050297095267 3
      vertex -41.598076211353316 -26 3
      vertex -41.598076211353316 -26 6
    endloop
  endfacet
  facet normal -0.9469301294951021 -0.3214394653031718 0
    outer loop
      vertex -41.77163859753386 -25.648050297095267 3
      vertex -41.77163859753386 -25.648050297095267 6
      vertex -41.897777478867205 -25.276457135307567 3
    endloop
  endfacet
  facet normal -0.6593458151000527 -0.7518398074789916 0
    outer loop
      vertex -40.82628428702616 -26.8800600208737 3
      vertex -40.82628428702616 -26.8800600208737 6
      vertex -41.121320343559645 -26.621320343559645 3
    endloop
  endfacet
  facet normal -0.7518398074789905 -0.6593458151000539 -5.510669551487089e-18
    outer loop
      vertex -41.38006002087371 -26.326284287026155 3
      vertex -41.121320343559645 -26.621320343559645 3
      vertex -41.121320343559645 -26.621320343559645 6
    endloop
  endfacet
  facet normal -0.8314696123025411 -0.5555702330196085 0
    outer loop
      vertex -41.38006002087371 -26.326284287026155 3
      vertex -41.38006002087371 -26.326284287026155 6
      vertex -41.598076211353316 -26 3
    endloop
  endfacet
  facet normal -0.5555702330196126 -0.8314696123025384 -3.484029985834894e-18
    outer loop
      vertex -40.82628428702616 -26.8800600208737 3
      vertex -40.5 -27.098076211353316 3
      vertex -40.5 -27.098076211353316 6
    endloop
  endfacet
  facet normal -0.9807852804032322 -0.19509032201611928 0
    outer loop
      vertex -41.897777478867205 -25.276457135307567 3
      vertex -41.897777478867205 -25.276457135307567 6
      vertex -41.97433458412143 -24.89157857666015 3
    endloop
  endfacet
  facet normal -0.9978589232386031 -0.0654031292301486 0
    outer loop
      vertex -41.97433458412143 -24.89157857666015 3
      vertex -41.97433458412143 -24.89157857666015 6
      vertex -42 -24.5 3
    endloop
  endfacet
  facet normal -0.9978589232386031 0.0654031292301486 0
    outer loop
      vertex -42 -24.5 3
      vertex -42 -24.5 6
      vertex -41.97433458412143 -24.10842142333985 3
    endloop
  endfacet
  facet normal -0.9807852804032322 0.19509032201611928 0
    outer loop
      vertex -41.97433458412143 -24.10842142333985 3
      vertex -41.97433458412143 -24.10842142333985 6
      vertex -41.897777478867205 -23.723542864692433 3
    endloop
  endfacet
  facet normal -0.9469301294951021 0.3214394653031718 0
    outer loop
      vertex -41.897777478867205 -23.723542864692433 3
      vertex -41.897777478867205 -23.723542864692433 6
      vertex -41.77163859753386 -23.351949702904733 3
    endloop
  endfacet
  facet normal -0.19509032201615756 -0.9807852804032244 -1.1725262252824e-18
    outer loop
      vertex -39.77645713530756 -27.397777478867198 3
      vertex -39.39157857666015 -27.474334584121436 3
      vertex -39.39157857666015 -27.474334584121436 6
    endloop
  endfacet
  facet normal -0.32143946530313383 -0.9469301294951151 1.7045075690523177e-18
    outer loop
      vertex -40.14805029709527 -27.271638597533865 3
      vertex -39.77645713530756 -27.397777478867198 3
      vertex -39.77645713530756 -27.397777478867198 6
    endloop
  endfacet
  facet normal -0.06540312923013057 -0.9978589232386043 3.1467951511922e-19
    outer loop
      vertex -39.39157857666015 -27.474334584121436 3
      vertex -39 -27.5 3
      vertex -39 -27.5 6
    endloop
  endfacet
  facet normal 0.06540312923013057 -0.9978589232386043 -3.1467951511922e-19
    outer loop
      vertex -39 -27.5 3
      vertex -38.60842142333985 -27.474334584121436 3
      vertex -38.60842142333985 -27.474334584121436 6
    endloop
  endfacet
  facet normal 0.19509032201615756 -0.9807852804032244 1.1725262252824e-18
    outer loop
      vertex -38.60842142333985 -27.474334584121436 3
      vertex -38.22354286469244 -27.397777478867198 3
      vertex -38.22354286469244 -27.397777478867198 6
    endloop
  endfacet
  facet normal 0.32143946530313383 -0.9469301294951151 -1.7045075690523177e-18
    outer loop
      vertex -38.22354286469244 -27.397777478867198 3
      vertex -37.85194970290473 -27.271638597533865 3
      vertex -37.85194970290473 -27.271638597533865 6
    endloop
  endfacet
  facet normal 0.4422886902190092 -0.8968727415326844 3.0635160857550764e-19
    outer loop
      vertex -37.85194970290473 -27.271638597533865 3
      vertex -37.5 -27.098076211353316 3
      vertex -37.5 -27.098076211353316 6
    endloop
  endfacet
  facet normal 0.5555702330196126 -0.8314696123025384 3.484029985834894e-18
    outer loop
      vertex -37.5 -27.098076211353316 3
      vertex -37.17371571297384 -26.8800600208737 3
      vertex -37.17371571297384 -26.8800600208737 6
    endloop
  endfacet
  facet normal 0.6593458151000527 -0.7518398074789916 -7.745373997183148e-19
    outer loop
      vertex -37.17371571297384 -26.8800600208737 3
      vertex -36.878679656440355 -26.621320343559645 3
      vertex -36.878679656440355 -26.621320343559645 6
    endloop
  endfacet
  facet normal 0.7518398074789905 -0.6593458151000539 5.510669551487089e-18
    outer loop
      vertex -36.878679656440355 -26.621320343559645 3
      vertex -36.61993997912629 -26.326284287026155 3
      vertex -36.61993997912629 -26.326284287026155 6
    endloop
  endfacet
  facet normal 0.8314696123025411 -0.5555702330196085 -4.553720877975974e-18
    outer loop
      vertex -36.61993997912629 -26.326284287026155 3
      vertex -36.401923788646684 -26 3
      vertex -36.401923788646684 -26 6
    endloop
  endfacet
  facet normal 0.8968727415326916 -0.4422886902189947 -2.0306433611153428e-18
    outer loop
      vertex -36.401923788646684 -26 3
      vertex -36.22836140246614 -25.648050297095267 3
      vertex -36.22836140246614 -25.648050297095267 6
    endloop
  endfacet
  facet normal 0.9469301294951021 -0.3214394653031718 -2.549837683449486e-18
    outer loop
      vertex -36.22836140246614 -25.648050297095267 3
      vertex -36.102222521132795 -25.276457135307567 3
      vertex -36.102222521132795 -25.276457135307567 6
    endloop
  endfacet
  facet normal 0.9807852804032322 -0.19509032201611928 -8.126871632437976e-19
    outer loop
      vertex -36.102222521132795 -25.276457135307567 3
      vertex -36.02566541587857 -24.89157857666015 3
      vertex -36.02566541587857 -24.89157857666015 6
    endloop
  endfacet
  facet normal 0.9978589232386031 -0.0654031292301486 -4.534124415595705e-19
    outer loop
      vertex -36.02566541587857 -24.89157857666015 3
      vertex -36 -24.5 3
      vertex -36 -24.5 6
    endloop
  endfacet
  facet normal 0.9978589232386031 0.0654031292301486 4.534124415595705e-19
    outer loop
      vertex -36 -24.5 3
      vertex -36.02566541587857 -24.10842142333985 3
      vertex -36.02566541587857 -24.10842142333985 6
    endloop
  endfacet
  facet normal 0.9807852804032322 0.19509032201611928 8.126871632437976e-19
    outer loop
      vertex -36.02566541587857 -24.10842142333985 3
      vertex -36.102222521132795 -23.723542864692433 3
      vertex -36.102222521132795 -23.723542864692433 6
    endloop
  endfacet
  facet normal 0.9469301294951021 0.3214394653031718 0
    outer loop
      vertex -36.22836140246614 -23.351949702904733 3
      vertex -36.22836140246614 -23.351949702904733 6
      vertex -36.102222521132795 -23.723542864692433 3
    endloop
  endfacet
  facet normal -0.8968727415326916 0.4422886902189947 0
    outer loop
      vertex -41.77163859753386 -23.351949702904733 3
      vertex -41.77163859753386 -23.351949702904733 6
      vertex -41.598076211353316 -23 3
    endloop
  endfacet
  facet normal -0.8314696123025411 0.5555702330196085 0
    outer loop
      vertex -41.598076211353316 -23 3
      vertex -41.598076211353316 -23 6
      vertex -41.38006002087371 -22.673715712973845 3
    endloop
  endfacet
  facet normal -0.7518398074789905 0.6593458151000539 0
    outer loop
      vertex -41.38006002087371 -22.673715712973845 3
      vertex -41.38006002087371 -22.673715712973845 6
      vertex -41.121320343559645 -22.378679656440355 3
    endloop
  endfacet
  facet normal -0.6593458151000527 0.7518398074789916 0
    outer loop
      vertex -41.121320343559645 -22.378679656440355 3
      vertex -41.121320343559645 -22.378679656440355 6
      vertex -40.82628428702616 -22.1199399791263 3
    endloop
  endfacet
  facet normal -0.5555702330196126 0.8314696123025384 0
    outer loop
      vertex -40.82628428702616 -22.1199399791263 3
      vertex -40.82628428702616 -22.1199399791263 6
      vertex -40.5 -21.901923788646684 3
    endloop
  endfacet
  facet normal -0.4422886902190092 0.8968727415326844 0
    outer loop
      vertex -40.5 -21.901923788646684 3
      vertex -40.5 -21.901923788646684 6
      vertex -40.14805029709527 -21.728361402466135 3
    endloop
  endfacet
  facet normal -0.32143946530313383 0.9469301294951151 0
    outer loop
      vertex -40.14805029709527 -21.728361402466135 3
      vertex -40.14805029709527 -21.728361402466135 6
      vertex -39.77645713530756 -21.602222521132802 3
    endloop
  endfacet
  facet normal -0.19509032201615756 0.9807852804032244 0
    outer loop
      vertex -39.77645713530756 -21.602222521132802 3
      vertex -39.77645713530756 -21.602222521132802 6
      vertex -39.39157857666015 -21.525665415878564 3
    endloop
  endfacet
  facet normal -0.06540312923013057 0.9978589232386043 0
    outer loop
      vertex -39.39157857666015 -21.525665415878564 3
      vertex -39.39157857666015 -21.525665415878564 6
      vertex -39 -21.5 3
    endloop
  endfacet
  facet normal 0.06540312923013057 0.9978589232386043 0
    outer loop
      vertex -39 -21.5 3
      vertex -39 -21.5 6
      vertex -38.60842142333985 -21.525665415878564 3
    endloop
  endfacet
  facet normal 0.19509032201615756 0.9807852804032244 0
    outer loop
      vertex -38.60842142333985 -21.525665415878564 3
      vertex -38.60842142333985 -21.525665415878564 6
      vertex -38.22354286469244 -21.602222521132802 3
    endloop
  endfacet
  facet normal 0.7518398074789905 0.6593458151000539 -5.510669551487089e-18
    outer loop
      vertex -36.61993997912629 -22.673715712973845 3
      vertex -36.878679656440355 -22.378679656440355 3
      vertex -36.878679656440355 -22.378679656440355 6
    endloop
  endfacet
  facet normal 0.32143946530313383 0.9469301294951151 0
    outer loop
      vertex -38.22354286469244 -21.602222521132802 3
      vertex -38.22354286469244 -21.602222521132802 6
      vertex -37.85194970290473 -21.728361402466135 3
    endloop
  endfacet
  facet normal 0.4422886902190092 0.8968727415326844 -3.0635160857550764e-19
    outer loop
      vertex -37.5 -21.901923788646684 3
      vertex -37.85194970290473 -21.728361402466135 3
      vertex -37.85194970290473 -21.728361402466135 6
    endloop
  endfacet
  facet normal 0.6593458151000527 0.7518398074789916 7.745373997183148e-19
    outer loop
      vertex -36.878679656440355 -22.378679656440355 3
      vertex -37.17371571297384 -22.1199399791263 3
      vertex -37.17371571297384 -22.1199399791263 6
    endloop
  endfacet
  facet normal 0.5555702330196126 0.8314696123025384 0
    outer loop
      vertex -37.5 -21.901923788646684 3
      vertex -37.5 -21.901923788646684 6
      vertex -37.17371571297384 -22.1199399791263 3
    endloop
  endfacet
  facet normal 0.8968727415326916 0.4422886902189947 2.0306433611153428e-18
    outer loop
      vertex -36.22836140246614 -23.351949702904733 3
      vertex -36.401923788646684 -23 3
      vertex -36.401923788646684 -23 6
    endloop
  endfacet
  facet normal 0.8314696123025411 0.5555702330196085 0
    outer loop
      vertex -36.61993997912629 -22.673715712973845 3
      vertex -36.61993997912629 -22.673715712973845 6
      vertex -36.401923788646684 -23 3
    endloop
  endfacet
  facet normal -0.4422886902190092 -0.8968727415326844 0
    outer loop
      vertex -40.5 -27.098076211353316 3
      vertex -40.14805029709527 -27.271638597533865 6
      vertex -40.5 -27.098076211353316 6
    endloop
  endfacet
  facet normal -0.32143946530313383 -0.9469301294951151 0
    outer loop
      vertex -40.14805029709527 -27.271638597533865 3
      vertex -39.77645713530756 -27.397777478867198 6
      vertex -40.14805029709527 -27.271638597533865 6
    endloop
  endfacet
  facet normal -0.8968727415326916 -0.4422886902189947 0
    outer loop
      vertex -41.77163859753386 -25.648050297095267 3
      vertex -41.598076211353316 -26 6
      vertex -41.77163859753386 -25.648050297095267 6
    endloop
  endfacet
  facet normal -0.9469301294951021 -0.3214394653031718 0
    outer loop
      vertex -41.897777478867205 -25.276457135307567 3
      vertex -41.77163859753386 -25.648050297095267 6
      vertex -41.897777478867205 -25.276457135307567 6
    endloop
  endfacet
  facet normal -0.6593458151000527 -0.7518398074789916 0
    outer loop
      vertex -41.121320343559645 -26.621320343559645 3
      vertex -40.82628428702616 -26.8800600208737 6
      vertex -41.121320343559645 -26.621320343559645 6
    endloop
  endfacet
  facet normal -0.7518398074789905 -0.6593458151000539 0
    outer loop
      vertex -41.38006002087371 -26.326284287026155 3
      vertex -41.121320343559645 -26.621320343559645 6
      vertex -41.38006002087371 -26.326284287026155 6
    endloop
  endfacet
  facet normal -0.5555702330196126 -0.8314696123025384 0
    outer loop
      vertex -40.82628428702616 -26.8800600208737 3
      vertex -40.5 -27.098076211353316 6
      vertex -40.82628428702616 -26.8800600208737 6
    endloop
  endfacet
  facet normal -0.8314696123025411 -0.5555702330196085 0
    outer loop
      vertex -41.598076211353316 -26 3
      vertex -41.38006002087371 -26.326284287026155 6
      vertex -41.598076211353316 -26 6
    endloop
  endfacet
  facet normal -0.9807852804032322 -0.19509032201611928 0
    outer loop
      vertex -41.97433458412143 -24.89157857666015 3
      vertex -41.897777478867205 -25.276457135307567 6
      vertex -41.97433458412143 -24.89157857666015 6
    endloop
  endfacet
  facet normal -0.9978589232386031 -0.0654031292301486 0
    outer loop
      vertex -42 -24.5 3
      vertex -41.97433458412143 -24.89157857666015 6
      vertex -42 -24.5 6
    endloop
  endfacet
  facet normal -0.9978589232386031 0.0654031292301486 0
    outer loop
      vertex -41.97433458412143 -24.10842142333985 3
      vertex -42 -24.5 6
      vertex -41.97433458412143 -24.10842142333985 6
    endloop
  endfacet
  facet normal -0.9807852804032322 0.19509032201611928 0
    outer loop
      vertex -41.897777478867205 -23.723542864692433 3
      vertex -41.97433458412143 -24.10842142333985 6
      vertex -41.897777478867205 -23.723542864692433 6
    endloop
  endfacet
  facet normal -0.9469301294951021 0.3214394653031718 0
    outer loop
      vertex -41.77163859753386 -23.351949702904733 3
      vertex -41.897777478867205 -23.723542864692433 6
      vertex -41.77163859753386 -23.351949702904733 6
    endloop
  endfacet
  facet normal -0.19509032201615756 -0.9807852804032244 0
    outer loop
      vertex -39.77645713530756 -27.397777478867198 3
      vertex -39.39157857666015 -27.474334584121436 6
      vertex -39.77645713530756 -27.397777478867198 6
    endloop
  endfacet
  facet normal -0.06540312923013057 -0.9978589232386043 0
    outer loop
      vertex -39.39157857666015 -27.474334584121436 3
      vertex -39 -27.5 6
      vertex -39.39157857666015 -27.474334584121436 6
    endloop
  endfacet
  facet normal 0.06540312923013057 -0.9978589232386043 0
    outer loop
      vertex -39 -27.5 3
      vertex -38.60842142333985 -27.474334584121436 6
      vertex -39 -27.5 6
    endloop
  endfacet
  facet normal 0.19509032201615756 -0.9807852804032244 0
    outer loop
      vertex -38.60842142333985 -27.474334584121436 3
      vertex -38.22354286469244 -27.397777478867198 6
      vertex -38.60842142333985 -27.474334584121436 6
    endloop
  endfacet
  facet normal 0.32143946530313383 -0.9469301294951151 0
    outer loop
      vertex -38.22354286469244 -27.397777478867198 3
      vertex -37.85194970290473 -27.271638597533865 6
      vertex -38.22354286469244 -27.397777478867198 6
    endloop
  endfacet
  facet normal 0.4422886902190092 -0.8968727415326844 0
    outer loop
      vertex -37.85194970290473 -27.271638597533865 3
      vertex -37.5 -27.098076211353316 6
      vertex -37.85194970290473 -27.271638597533865 6
    endloop
  endfacet
  facet normal 0.5555702330196126 -0.8314696123025384 0
    outer loop
      vertex -37.5 -27.098076211353316 3
      vertex -37.17371571297384 -26.8800600208737 6
      vertex -37.5 -27.098076211353316 6
    endloop
  endfacet
  facet normal 0.6593458151000527 -0.7518398074789916 0
    outer loop
      vertex -37.17371571297384 -26.8800600208737 3
      vertex -36.878679656440355 -26.621320343559645 6
      vertex -37.17371571297384 -26.8800600208737 6
    endloop
  endfacet
  facet normal 0.7518398074789905 -0.6593458151000539 0
    outer loop
      vertex -36.878679656440355 -26.621320343559645 3
      vertex -36.61993997912629 -26.326284287026155 6
      vertex -36.878679656440355 -26.621320343559645 6
    endloop
  endfacet
  facet normal 0.8314696123025411 -0.5555702330196085 0
    outer loop
      vertex -36.61993997912629 -26.326284287026155 3
      vertex -36.401923788646684 -26 6
      vertex -36.61993997912629 -26.326284287026155 6
    endloop
  endfacet
  facet normal 0.8968727415326916 -0.4422886902189947 0
    outer loop
      vertex -36.401923788646684 -26 3
      vertex -36.22836140246614 -25.648050297095267 6
      vertex -36.401923788646684 -26 6
    endloop
  endfacet
  facet normal 0.9469301294951021 -0.3214394653031718 0
    outer loop
      vertex -36.22836140246614 -25.648050297095267 3
      vertex -36.102222521132795 -25.276457135307567 6
      vertex -36.22836140246614 -25.648050297095267 6
    endloop
  endfacet
  facet normal 0.9807852804032322 -0.19509032201611928 0
    outer loop
      vertex -36.102222521132795 -25.276457135307567 3
      vertex -36.02566541587857 -24.89157857666015 6
      vertex -36.102222521132795 -25.276457135307567 6
    endloop
  endfacet
  facet normal 0.9978589232386031 -0.0654031292301486 0
    outer loop
      vertex -36.02566541587857 -24.89157857666015 3
      vertex -36 -24.5 6
      vertex -36.02566541587857 -24.89157857666015 6
    endloop
  endfacet
  facet normal 0.9978589232386031 0.0654031292301486 0
    outer loop
      vertex -36 -24.5 3
      vertex -36.02566541587857 -24.10842142333985 6
      vertex -36 -24.5 6
    endloop
  endfacet
  facet normal 0.9807852804032322 0.19509032201611928 0
    outer loop
      vertex -36.02566541587857 -24.10842142333985 3
      vertex -36.102222521132795 -23.723542864692433 6
      vertex -36.02566541587857 -24.10842142333985 6
    endloop
  endfacet
  facet normal 0.9469301294951021 0.3214394653031718 0
    outer loop
      vertex -36.102222521132795 -23.723542864692433 3
      vertex -36.22836140246614 -23.351949702904733 6
      vertex -36.102222521132795 -23.723542864692433 6
    endloop
  endfacet
  facet normal 0 0 1
    outer loop
      vertex -40.14805029709527 -27.271638597533865 6
      vertex -39.77645713530756 -27.397777478867198 6
      vertex -39.952627944162884 -25.049999999999997 6
    endloop
  endfacet
  facet normal 0 0 1
    outer loop
      vertex -41.38006002087371 -26.326284287026155 6
      vertex -41.121320343559645 -26.621320343559645 6
      vertex -41.38006002087371 -22.673715712973845 6
    endloop
  endfacet
  facet normal 0 0 1
    outer loop
      vertex -40.82628428702616 -26.8800600208737 6
      vertex -41.121320343559645 -22.378679656440355 6
      vertex -41.121320343559645 -26.621320343559645 6
    endloop
  endfacet
  facet normal 0 0 1
    outer loop
      vertex -40.14805029709527 -27.271638597533865 6
      vertex -39.952627944162884 -25.049999999999997 6
      vertex -40.01626748576241 -24.920951775601594 6
    endloop
  endfacet
  facet normal 0 0 1
    outer loop
      vertex -40.82628428702616 -26.8800600208737 6
      vertex -40.5 -27.098076211353316 6
      vertex -40.82628428702616 -22.1199399791263 6
    endloop
  endfacet
  facet normal 0 0 1
    outer loop
      vertex -40.14805029709527 -27.271638597533865 6
      vertex -40.5 -21.901923788646684 6
      vertex -40.5 -27.098076211353316 6
    endloop
  endfacet
  facet normal 0 0 1
    outer loop
      vertex -40.14805029709527 -27.271638597533865 6
      vertex -40.01626748576241 -24.920951775601594 6
      vertex -40.062518408917974 -24.78470094961277 6
    endloop
  endfacet
  facet normal 0 0 1
    outer loop
      vertex -40.14805029709527 -27.271638597533865 6
      vertex -40.062518408917974 -24.78470094961277 6
      vertex -40.09058934751119 -24.643578811442055 6
    endloop
  endfacet
  facet normal 0 0 1
    outer loop
      vertex -40.14805029709527 -27.271638597533865 6
      vertex -40.09058934751119 -24.643578811442055 6
      vertex -40.1 -24.5 6
    endloop
  endfacet
  facet normal 0 0 1
    outer loop
      vertex -41.77163859753386 -25.648050297095267 6
      vertex -41.598076211353316 -26 6
      vertex -41.77163859753386 -23.351949702904733 6
    endloop
  endfacet
  facet normal 0 0 1
    outer loop
      vertex -41.77163859753386 -25.648050297095267 6
      vertex -41.897777478867205 -23.723542864692433 6
      vertex -41.897777478867205 -25.276457135307567 6
    endloop
  endfacet
  facet normal 0 0 1
    outer loop
      vertex -41.897777478867205 -25.276457135307567 6
      vertex -41.97433458412143 -24.10842142333985 6
      vertex -41.97433458412143 -24.89157857666015 6
    endloop
  endfacet
  facet normal 0 0 1
    outer loop
      vertex -41.97433458412143 -24.89157857666015 6
      vertex -41.97433458412143 -24.10842142333985 6
      vertex -42 -24.5 6
    endloop
  endfacet
  facet normal 0 0 1
    outer loop
      vertex -41.897777478867205 -25.276457135307567 6
      vertex -41.897777478867205 -23.723542864692433 6
      vertex -41.97433458412143 -24.10842142333985 6
    endloop
  endfacet
  facet normal 0 0 1
    outer loop
      vertex -41.77163859753386 -25.648050297095267 6
      vertex -41.77163859753386 -23.351949702904733 6
      vertex -41.897777478867205 -23.723542864692433 6
    endloop
  endfacet
  facet normal 0 0 1
    outer loop
      vertex -41.598076211353316 -26 6
      vertex -41.598076211353316 -23 6
      vertex -41.77163859753386 -23.351949702904733 6
    endloop
  endfacet
  facet normal 0 0 1
    outer loop
      vertex -41.38006002087371 -26.326284287026155 6
      vertex -41.598076211353316 -23 6
      vertex -41.598076211353316 -26 6
    endloop
  endfacet
  facet normal 0 0 1
    outer loop
      vertex -40.14805029709527 -27.271638597533865 6
      vertex -40.1 -24.5 6
      vertex -40.14805029709527 -21.728361402466135 6
    endloop
  endfacet
  facet normal 0 0 1
    outer loop
      vertex -41.38006002087371 -26.326284287026155 6
      vertex -41.38006002087371 -22.673715712973845 6
      vertex -41.598076211353316 -23 6
    endloop
  endfacet
  facet normal 0 0 1
    outer loop
      vertex -41.121320343559645 -26.621320343559645 6
      vertex -41.121320343559645 -22.378679656440355 6
      vertex -41.38006002087371 -22.673715712973845 6
    endloop
  endfacet
  facet normal 0 0 1
    outer loop
      vertex -40.82628428702616 -26.8800600208737 6
      vertex -40.82628428702616 -22.1199399791263 6
      vertex -41.121320343559645 -22.378679656440355 6
    endloop
  endfacet
  facet normal 0 0 1
    outer loop
      vertex -40.5 -27.098076211353316 6
      vertex -40.5 -21.901923788646684 6
      vertex -40.82628428702616 -22.1199399791263 6
    endloop
  endfacet
  facet normal 0 0 1
    outer loop
      vertex -40.14805029709527 -27.271638597533865 6
      vertex -40.14805029709527 -21.728361402466135 6
      vertex -40.5 -21.901923788646684 6
    endloop
  endfacet
  facet normal 0 0 1
    outer loop
      vertex -40.14805029709527 -21.728361402466135 6
      vertex -40.1 -24.5 6
      vertex -40.09058934751119 -24.356421188557945 6
    endloop
  endfacet
  facet normal 0 0 1
    outer loop
      vertex -40.14805029709527 -21.728361402466135 6
      vertex -40.09058934751119 -24.356421188557945 6
      vertex -40.062518408917974 -24.21529905038723 6
    endloop
  endfacet
  facet normal 0 0 1
    outer loop
      vertex -40.14805029709527 -21.728361402466135 6
      vertex -40.062518408917974 -24.21529905038723 6
      vertex -40.01626748576241 -24.079048224398406 6
    endloop
  endfacet
  facet normal 0 0 1
    outer loop
      vertex -40.14805029709527 -21.728361402466135 6
      vertex -40.01626748576241 -24.079048224398406 6
      vertex -39.952627944162884 -23.950000000000003 6
    endloop
  endfacet
  facet normal 0 0 1
    outer loop
      vertex -39.77645713530756 -27.397777478867198 6
      vertex -39.39157857666015 -27.474334584121436 6
      vertex -39.55 -25.452627944162884 6
    endloop
  endfacet
  facet normal 0 0 1
    outer loop
      vertex -39.39157857666015 -27.474334584121436 6
      vertex -39 -27.5 6
      vertex -39.143578811442055 -25.590589347511198 6
    endloop
  endfacet
  facet normal 0 0 1
    outer loop
      vertex -39.39157857666015 -27.474334584121436 6
      vertex -39.28470094961277 -25.56251840891798 6
      vertex -39.4209517756016 -25.516267485762413 6
    endloop
  endfacet
  facet normal 0 0 1
    outer loop
      vertex -39.39157857666015 -27.474334584121436 6
      vertex -39.143578811442055 -25.590589347511198 6
      vertex -39.28470094961277 -25.56251840891798 6
    endloop
  endfacet
  facet normal 0 0 1
    outer loop
      vertex -39 -27.5 6
      vertex -38.60842142333985 -27.474334584121436 6
      vertex -38.856421188557945 -25.590589347511198 6
    endloop
  endfacet
  facet normal 0 0 1
    outer loop
      vertex -38.60842142333985 -27.474334584121436 6
      vertex -38.22354286469244 -27.397777478867198 6
      vertex -38.71529905038723 -25.56251840891798 6
    endloop
  endfacet
  facet normal 0 0 1
    outer loop
      vertex -39 -27.5 6
      vertex -39 -25.599999999999994 6
      vertex -39.143578811442055 -25.590589347511198 6
    endloop
  endfacet
  facet normal 0 0 1
    outer loop
      vertex -39 -27.5 6
      vertex -38.856421188557945 -25.590589347511198 6
      vertex -39 -25.599999999999994 6
    endloop
  endfacet
  facet normal 0 0 1
    outer loop
      vertex -38.60842142333985 -27.474334584121436 6
      vertex -38.71529905038723 -25.56251840891798 6
      vertex -38.856421188557945 -25.590589347511198 6
    endloop
  endfacet
  facet normal 0 0 1
    outer loop
      vertex -38.22354286469244 -27.397777478867198 6
      vertex -38.5790482243984 -25.516267485762413 6
      vertex -38.71529905038723 -25.56251840891798 6
    endloop
  endfacet
  facet normal 0 0 1
    outer loop
      vertex -39.77645713530756 -27.397777478867198 6
      vertex -39.66963757190959 -25.372688674320358 6
      vertex -39.777817459305204 -25.277817459305197 6
    endloop
  endfacet
  facet normal 0 0 1
    outer loop
      vertex -39.77645713530756 -27.397777478867198 6
      vertex -39.777817459305204 -25.277817459305197 6
      vertex -39.87268867432036 -25.16963757190959 6
    endloop
  endfacet
  facet normal 0 0 1
    outer loop
      vertex -39.77645713530756 -27.397777478867198 6
      vertex -39.55 -25.452627944162884 6
      vertex -39.66963757190959 -25.372688674320358 6
    endloop
  endfacet
  facet normal 0 0 1
    outer loop
      vertex -39.77645713530756 -27.397777478867198 6
      vertex -39.87268867432036 -25.16963757190959 6
      vertex -39.952627944162884 -25.049999999999997 6
    endloop
  endfacet
  facet normal 0 0 1
    outer loop
      vertex -39.39157857666015 -27.474334584121436 6
      vertex -39.4209517756016 -25.516267485762413 6
      vertex -39.55 -25.452627944162884 6
    endloop
  endfacet
  facet normal 0 0 1
    outer loop
      vertex -38.22354286469244 -27.397777478867198 6
      vertex -38.45 -25.452627944162884 6
      vertex -38.5790482243984 -25.516267485762413 6
    endloop
  endfacet
  facet normal 0 0 1
    outer loop
      vertex -38.22354286469244 -27.397777478867198 6
      vertex -38.33036242809041 -25.372688674320358 6
      vertex -38.45 -25.452627944162884 6
    endloop
  endfacet
  facet normal 0 0 1
    outer loop
      vertex -38.22354286469244 -27.397777478867198 6
      vertex -37.85194970290473 -27.271638597533865 6
      vertex -38.33036242809041 -25.372688674320358 6
    endloop
  endfacet
  facet normal 0 0 1
    outer loop
      vertex -37.85194970290473 -27.271638597533865 6
      vertex -38.222182540694796 -25.277817459305197 6
      vertex -38.33036242809041 -25.372688674320358 6
    endloop
  endfacet
  facet normal 0 0 1
    outer loop
      vertex -37.85194970290473 -27.271638597533865 6
      vertex -38.12731132567964 -25.16963757190959 6
      vertex -38.222182540694796 -25.277817459305197 6
    endloop
  endfacet
  facet normal 0 0 1
    outer loop
      vertex -37.85194970290473 -27.271638597533865 6
      vertex -38.047372055837116 -25.049999999999997 6
      vertex -38.12731132567964 -25.16963757190959 6
    endloop
  endfacet
  facet normal 0 0 1
    outer loop
      vertex -37.85194970290473 -27.271638597533865 6
      vertex -37.98373251423759 -24.920951775601594 6
      vertex -38.047372055837116 -25.049999999999997 6
    endloop
  endfacet
  facet normal 0 0 1
    outer loop
      vertex -37.85194970290473 -27.271638597533865 6
      vertex -37.937481591082026 -24.78470094961277 6
      vertex -37.98373251423759 -24.920951775601594 6
    endloop
  endfacet
  facet normal 0 0 1
    outer loop
      vertex -37.85194970290473 -27.271638597533865 6
      vertex -37.90941065248881 -24.643578811442055 6
      vertex -37.937481591082026 -24.78470094961277 6
    endloop
  endfacet
  facet normal 0 0 1
    outer loop
      vertex -37.85194970290473 -27.271638597533865 6
      vertex -37.9 -24.5 6
      vertex -37.90941065248881 -24.643578811442055 6
    endloop
  endfacet
  facet normal 0 0 1
    outer loop
      vertex -37.85194970290473 -27.271638597533865 6
      vertex -37.5 -27.098076211353316 6
      vertex -37.85194970290473 -21.728361402466135 6
    endloop
  endfacet
  facet normal 0 0 1
    outer loop
      vertex -37.5 -27.098076211353316 6
      vertex -37.17371571297384 -26.8800600208737 6
      vertex -37.5 -21.901923788646684 6
    endloop
  endfacet
  facet normal 0 0 1
    outer loop
      vertex -37.17371571297384 -26.8800600208737 6
      vertex -36.878679656440355 -26.621320343559645 6
      vertex -37.17371571297384 -22.1199399791263 6
    endloop
  endfacet
  facet normal 0 0 1
    outer loop
      vertex -37.85194970290473 -27.271638597533865 6
      vertex -37.85194970290473 -21.728361402466135 6
      vertex -37.9 -24.5 6
    endloop
  endfacet
  facet normal 0 0 1
    outer loop
      vertex -36.878679656440355 -26.621320343559645 6
      vertex -36.61993997912629 -26.326284287026155 6
      vertex -36.878679656440355 -22.378679656440355 6
    endloop
  endfacet
  facet normal 0 0 1
    outer loop
      vertex -37.85194970290473 -21.728361402466135 6
      vertex -37.90941065248881 -24.356421188557945 6
      vertex -37.9 -24.5 6
    endloop
  endfacet
  facet normal 0 0 1
    outer loop
      vertex -37.85194970290473 -21.728361402466135 6
      vertex -37.937481591082026 -24.21529905038723 6
      vertex -37.90941065248881 -24.356421188557945 6
    endloop
  endfacet
  facet normal 0 0 1
    outer loop
      vertex -37.85194970290473 -21.728361402466135 6
      vertex -38.047372055837116 -23.950000000000003 6
      vertex -37.98373251423759 -24.079048224398406 6
    endloop
  endfacet
  facet normal 0 0 1
    outer loop
      vertex -37.85194970290473 -21.728361402466135 6
      vertex -37.98373251423759 -24.079048224398406 6
      vertex -37.937481591082026 -24.21529905038723 6
    endloop
  endfacet
  facet normal 0 0 1
    outer loop
      vertex -37.5 -27.098076211353316 6
      vertex -37.5 -21.901923788646684 6
      vertex -37.85194970290473 -21.728361402466135 6
    endloop
  endfacet
  facet normal 0 0 1
    outer loop
      vertex -36.61993997912629 -26.326284287026155 6
      vertex -36.61993997912629 -22.673715712973845 6
      vertex -36.878679656440355 -22.378679656440355 6
    endloop
  endfacet
  facet normal 0 0 1
    outer loop
      vertex -37.17371571297384 -26.8800600208737 6
      vertex -37.17371571297384 -22.1199399791263 6
      vertex -37.5 -21.901923788646684 6
    endloop
  endfacet
  facet normal 0 0 1
    outer loop
      vertex -36.878679656440355 -26.621320343559645 6
      vertex -36.878679656440355 -22.378679656440355 6
      vertex -37.17371571297384 -22.1199399791263 6
    endloop
  endfacet
  facet normal 0 0 1
    outer loop
      vertex -36.61993997912629 -26.326284287026155 6
      vertex -36.401923788646684 -26 6
      vertex -36.61993997912629 -22.673715712973845 6
    endloop
  endfacet
  facet normal 0 0 1
    outer loop
      vertex -36.401923788646684 -26 6
      vertex -36.22836140246614 -25.648050297095267 6
      vertex -36.401923788646684 -23 6
    endloop
  endfacet
  facet normal 0 0 1
    outer loop
      vertex -36.22836140246614 -25.648050297095267 6
      vertex -36.102222521132795 -25.276457135307567 6
      vertex -36.22836140246614 -23.351949702904733 6
    endloop
  endfacet
  facet normal 0 0 1
    outer loop
      vertex -36.102222521132795 -25.276457135307567 6
      vertex -36.02566541587857 -24.89157857666015 6
      vertex -36.102222521132795 -23.723542864692433 6
    endloop
  endfacet
  facet normal 0 0 1
    outer loop
      vertex -36.02566541587857 -24.89157857666015 6
      vertex -36 -24.5 6
      vertex -36.02566541587857 -24.10842142333985 6
    endloop
  endfacet
  facet normal 0 0 1
    outer loop
      vertex -36.02566541587857 -24.89157857666015 6
      vertex -36.02566541587857 -24.10842142333985 6
      vertex -36.102222521132795 -23.723542864692433 6
    endloop
  endfacet
  facet normal 0 0 1
    outer loop
      vertex -36.22836140246614 -25.648050297095267 6
      vertex -36.22836140246614 -23.351949702904733 6
      vertex -36.401923788646684 -23 6
    endloop
  endfacet
  facet normal 0 0 1
    outer loop
      vertex -36.401923788646684 -26 6
      vertex -36.401923788646684 -23 6
      vertex -36.61993997912629 -22.673715712973845 6
    endloop
  endfacet
  facet normal 0 0 1
    outer loop
      vertex -36.102222521132795 -25.276457135307567 6
      vertex -36.102222521132795 -23.723542864692433 6
      vertex -36.22836140246614 -23.351949702904733 6
    endloop
  endfacet
  facet normal -0.8968727415326916 0.4422886902189947 0
    outer loop
      vertex -41.598076211353316 -23 3
      vertex -41.77163859753386 -23.351949702904733 6
      vertex -41.598076211353316 -23 6
    endloop
  endfacet
  facet normal -0.8314696123025411 0.5555702330196085 0
    outer loop
      vertex -41.38006002087371 -22.673715712973845 3
      vertex -41.598076211353316 -23 6
      vertex -41.38006002087371 -22.673715712973845 6
    endloop
  endfacet
  facet normal -0.7518398074789905 0.6593458151000539 0
    outer loop
      vertex -41.121320343559645 -22.378679656440355 3
      vertex -41.38006002087371 -22.673715712973845 6
      vertex -41.121320343559645 -22.378679656440355 6
    endloop
  endfacet
  facet normal -0.6593458151000527 0.7518398074789916 0
    outer loop
      vertex -40.82628428702616 -22.1199399791263 3
      vertex -41.121320343559645 -22.378679656440355 6
      vertex -40.82628428702616 -22.1199399791263 6
    endloop
  endfacet
  facet normal -0.5555702330196126 0.8314696123025384 0
    outer loop
      vertex -40.5 -21.901923788646684 3
      vertex -40.82628428702616 -22.1199399791263 6
      vertex -40.5 -21.901923788646684 6
    endloop
  endfacet
  facet normal -0.4422886902190092 0.8968727415326844 0
    outer loop
      vertex -40.14805029709527 -21.728361402466135 3
      vertex -40.5 -21.901923788646684 6
      vertex -40.14805029709527 -21.728361402466135 6
    endloop
  endfacet
  facet normal -0.32143946530313383 0.9469301294951151 0
    outer loop
      vertex -39.77645713530756 -21.602222521132802 3
      vertex -40.14805029709527 -21.728361402466135 6
      vertex -39.77645713530756 -21.602222521132802 6
    endloop
  endfacet
  facet normal -0.19509032201615756 0.9807852804032244 0
    outer loop
      vertex -39.39157857666015 -21.525665415878564 3
      vertex -39.77645713530756 -21.602222521132802 6
      vertex -39.39157857666015 -21.525665415878564 6
    endloop
  endfacet
  facet normal -0.06540312923013057 0.9978589232386043 0
    outer loop
      vertex -39 -21.5 3
      vertex -39.39157857666015 -21.525665415878564 6
      vertex -39 -21.5 6
    endloop
  endfacet
  facet normal 0.06540312923013057 0.9978589232386043 0
    outer loop
      vertex -38.60842142333985 -21.525665415878564 3
      vertex -39 -21.5 6
      vertex -38.60842142333985 -21.525665415878564 6
    endloop
  endfacet
  facet normal 0.19509032201615756 0.9807852804032244 0
    outer loop
      vertex -38.22354286469244 -21.602222521132802 3
      vertex -38.60842142333985 -21.525665415878564 6
      vertex -38.22354286469244 -21.602222521132802 6
    endloop
  endfacet
  facet normal 0.7518398074789905 0.6593458151000539 0
    outer loop
      vertex -36.61993997912629 -22.673715712973845 3
      vertex -36.878679656440355 -22.378679656440355 6
      vertex -36.61993997912629 -22.673715712973845 6
    endloop
  endfacet
  facet normal 0.6593458151000527 0.7518398074789916 0
    outer loop
      vertex -36.878679656440355 -22.378679656440355 3
      vertex -37.17371571297384 -22.1199399791263 6
      vertex -36.878679656440355 -22.378679656440355 6
    endloop
  endfacet
  facet normal 0.4422886902190092 0.8968727415326844 0
    outer loop
      vertex -37.5 -21.901923788646684 3
      vertex -37.85194970290473 -21.728361402466135 6
      vertex -37.5 -21.901923788646684 6
    endloop
  endfacet
  facet normal 0.32143946530313383 0.9469301294951151 0
    outer loop
      vertex -37.85194970290473 -21.728361402466135 3
      vertex -38.22354286469244 -21.602222521132802 6
      vertex -37.85194970290473 -21.728361402466135 6
    endloop
  endfacet
  facet normal 0.5555702330196126 0.8314696123025384 0
    outer loop
      vertex -37.17371571297384 -22.1199399791263 3
      vertex -37.5 -21.901923788646684 6
      vertex -37.17371571297384 -22.1199399791263 6
    endloop
  endfacet
  facet normal 0.8968727415326916 0.4422886902189947 0
    outer loop
      vertex -36.22836140246614 -23.351949702904733 3
      vertex -36.401923788646684 -23 6
      vertex -36.22836140246614 -23.351949702904733 6
    endloop
  endfacet
  facet normal 0.8314696123025411 0.5555702330196085 0
    outer loop
      vertex -36.401923788646684 -23 3
      vertex -36.61993997912629 -22.673715712973845 6
      vertex -36.401923788646684 -23 6
    endloop
  endfacet
  facet normal 0 0 1
    outer loop
      vertex -40.14805029709527 -21.728361402466135 6
      vertex -39.952627944162884 -23.950000000000003 6
      vertex -39.87268867432036 -23.83036242809041 6
    endloop
  endfacet
  facet normal 0 0 1
    outer loop
      vertex -40.14805029709527 -21.728361402466135 6
      vertex -39.87268867432036 -23.83036242809041 6
      vertex -39.777817459305204 -23.722182540694803 6
    endloop
  endfacet
  facet normal 0 0 1
    outer loop
      vertex -40.14805029709527 -21.728361402466135 6
      vertex -39.777817459305204 -23.722182540694803 6
      vertex -39.66963757190959 -23.627311325679642 6
    endloop
  endfacet
  facet normal 0 0 1
    outer loop
      vertex -39.77645713530756 -21.602222521132802 6
      vertex -39.66963757190959 -23.627311325679642 6
      vertex -39.55 -23.547372055837116 6
    endloop
  endfacet
  facet normal 0 0 1
    outer loop
      vertex -39.77645713530756 -21.602222521132802 6
      vertex -39.55 -23.547372055837116 6
      vertex -39.4209517756016 -23.483732514237587 6
    endloop
  endfacet
  facet normal 0 0 1
    outer loop
      vertex -39.77645713530756 -21.602222521132802 6
      vertex -39.4209517756016 -23.483732514237587 6
      vertex -39.28470094961277 -23.43748159108202 6
    endloop
  endfacet
  facet normal 0 0 1
    outer loop
      vertex -39.39157857666015 -21.525665415878564 6
      vertex -39.28470094961277 -23.43748159108202 6
      vertex -39.143578811442055 -23.409410652488802 6
    endloop
  endfacet
  facet normal 0 0 1
    outer loop
      vertex -40.14805029709527 -21.728361402466135 6
      vertex -39.66963757190959 -23.627311325679642 6
      vertex -39.77645713530756 -21.602222521132802 6
    endloop
  endfacet
  facet normal 0 0 1
    outer loop
      vertex -39 -21.5 6
      vertex -39.143578811442055 -23.409410652488802 6
      vertex -39 -23.400000000000006 6
    endloop
  endfacet
  facet normal 0 0 1
    outer loop
      vertex -39 -21.5 6
      vertex -39 -23.400000000000006 6
      vertex -38.856421188557945 -23.409410652488802 6
    endloop
  endfacet
  facet normal 0 0 1
    outer loop
      vertex -38.60842142333985 -21.525665415878564 6
      vertex -38.856421188557945 -23.409410652488802 6
      vertex -38.71529905038723 -23.43748159108202 6
    endloop
  endfacet
  facet normal 0 0 1
    outer loop
      vertex -38.60842142333985 -21.525665415878564 6
      vertex -38.71529905038723 -23.43748159108202 6
      vertex -38.5790482243984 -23.483732514237587 6
    endloop
  endfacet
  facet normal 0 0 1
    outer loop
      vertex -38.60842142333985 -21.525665415878564 6
      vertex -38.5790482243984 -23.483732514237587 6
      vertex -38.45 -23.547372055837116 6
    endloop
  endfacet
  facet normal 0 0 1
    outer loop
      vertex -38.22354286469244 -21.602222521132802 6
      vertex -38.45 -23.547372055837116 6
      vertex -38.33036242809041 -23.627311325679642 6
    endloop
  endfacet
  facet normal 0 0 1
    outer loop
      vertex -39.77645713530756 -21.602222521132802 6
      vertex -39.28470094961277 -23.43748159108202 6
      vertex -39.39157857666015 -21.525665415878564 6
    endloop
  endfacet
  facet normal 0 0 1
    outer loop
      vertex -39.39157857666015 -21.525665415878564 6
      vertex -39.143578811442055 -23.409410652488802 6
      vertex -39 -21.5 6
    endloop
  endfacet
  facet normal 0 0 1
    outer loop
      vertex -39 -21.5 6
      vertex -38.856421188557945 -23.409410652488802 6
      vertex -38.60842142333985 -21.525665415878564 6
    endloop
  endfacet
  facet normal 0 0 1
    outer loop
      vertex -38.60842142333985 -21.525665415878564 6
      vertex -38.45 -23.547372055837116 6
      vertex -38.22354286469244 -21.602222521132802 6
    endloop
  endfacet
  facet normal 0 0 1
    outer loop
      vertex -38.22354286469244 -21.602222521132802 6
      vertex -38.222182540694796 -23.722182540694803 6
      vertex -38.12731132567964 -23.83036242809041 6
    endloop
  endfacet
  facet normal 0 0 1
    outer loop
      vertex -38.22354286469244 -21.602222521132802 6
      vertex -38.12731132567964 -23.83036242809041 6
      vertex -38.047372055837116 -23.950000000000003 6
    endloop
  endfacet
  facet normal 0 0 1
    outer loop
      vertex -38.22354286469244 -21.602222521132802 6
      vertex -38.33036242809041 -23.627311325679642 6
      vertex -38.222182540694796 -23.722182540694803 6
    endloop
  endfacet
  facet normal 0 0 1
    outer loop
      vertex -38.22354286469244 -21.602222521132802 6
      vertex -38.047372055837116 -23.950000000000003 6
      vertex -37.85194970290473 -21.728361402466135 6
    endloop
  endfacet
  facet normal -0.4422886902190129 -0.8968727415326827 0
    outer loop
      vertex 17.85194970290473 -27.271638597533865 3
      vertex 17.85194970290473 -27.271638597533865 6
      vertex 17.5 -27.098076211353316 3
    endloop
  endfacet
  facet normal -0.32143946530313383 -0.9469301294951151 1.7045075690523177e-18
    outer loop
      vertex 17.85194970290473 -27.271638597533865 3
      vertex 18.223542864692437 -27.397777478867198 3
      vertex 18.223542864692437 -27.397777478867198 6
    endloop
  endfacet
  facet normal -0.19509032201615756 -0.9807852804032244 -1.1725262252824e-18
    outer loop
      vertex 18.223542864692437 -27.397777478867198 3
      vertex 18.608421423339845 -27.474334584121436 3
      vertex 18.608421423339845 -27.474334584121436 6
    endloop
  endfacet
  facet normal -0.06540312923012997 -0.9978589232386043 -5.145819561539496e-19
    outer loop
      vertex 18.608421423339845 -27.474334584121436 3
      vertex 19 -27.5 3
      vertex 19 -27.5 6
    endloop
  endfacet
  facet normal 0.06540312923012997 -0.9978589232386043 5.145819561539496e-19
    outer loop
      vertex 19 -27.5 3
      vertex 19.391578576660155 -27.474334584121436 3
      vertex 19.391578576660155 -27.474334584121436 6
    endloop
  endfacet
  facet normal 0.19509032201615756 -0.9807852804032244 1.1725262252824e-18
    outer loop
      vertex 19.391578576660155 -27.474334584121436 3
      vertex 19.776457135307563 -27.397777478867198 3
      vertex 19.776457135307563 -27.397777478867198 6
    endloop
  endfacet
  facet normal 0.32143946530313383 -0.9469301294951151 -1.7045075690523177e-18
    outer loop
      vertex 19.776457135307563 -27.397777478867198 3
      vertex 20.14805029709527 -27.271638597533865 3
      vertex 20.14805029709527 -27.271638597533865 6
    endloop
  endfacet
  facet normal -0.7518398074789859 -0.659345815100059 0
    outer loop
      vertex 16.878679656440358 -26.621320343559645 3
      vertex 16.878679656440358 -26.621320343559645 6
      vertex 16.619939979126293 -26.326284287026155 3
    endloop
  endfacet
  facet normal -0.8314696123025411 -0.5555702330196085 0
    outer loop
      vertex 16.619939979126293 -26.326284287026155 3
      vertex 16.619939979126293 -26.326284287026155 6
      vertex 16.401923788646684 -26 3
    endloop
  endfacet
  facet normal -0.8968727415326916 -0.4422886902189947 0
    outer loop
      vertex 16.401923788646684 -26 3
      vertex 16.401923788646684 -26 6
      vertex 16.228361402466142 -25.648050297095267 3
    endloop
  endfacet
  facet normal -0.9469301294951021 -0.3214394653031718 0
    outer loop
      vertex 16.228361402466142 -25.648050297095267 3
      vertex 16.228361402466142 -25.648050297095267 6
      vertex 16.102222521132795 -25.276457135307567 3
    endloop
  endfacet
  facet normal -0.9978589232386031 -0.0654031292301486 0
    outer loop
      vertex 16.02566541587857 -24.89157857666015 3
      vertex 16.02566541587857 -24.89157857666015 6
      vertex 16 -24.5 3
    endloop
  endfacet
  facet normal -0.9978589232386031 0.0654031292301486 0
    outer loop
      vertex 16 -24.5 3
      vertex 16 -24.5 6
      vertex 16.02566541587857 -24.10842142333985 3
    endloop
  endfacet
  facet normal -0.9807852804032322 -0.19509032201611928 0
    outer loop
      vertex 16.102222521132795 -25.276457135307567 3
      vertex 16.102222521132795 -25.276457135307567 6
      vertex 16.02566541587857 -24.89157857666015 3
    endloop
  endfacet
  facet normal -0.9807852804032322 0.19509032201611928 0
    outer loop
      vertex 16.02566541587857 -24.10842142333985 3
      vertex 16.02566541587857 -24.10842142333985 6
      vertex 16.102222521132795 -23.723542864692433 3
    endloop
  endfacet
  facet normal -0.9469301294951021 0.3214394653031718 0
    outer loop
      vertex 16.102222521132795 -23.723542864692433 3
      vertex 16.102222521132795 -23.723542864692433 6
      vertex 16.228361402466142 -23.351949702904733 3
    endloop
  endfacet
  facet normal -0.6593458151000571 -0.7518398074789876 3.572564858280731e-18
    outer loop
      vertex 16.878679656440358 -26.621320343559645 3
      vertex 17.173715712973838 -26.8800600208737 3
      vertex 17.173715712973838 -26.8800600208737 6
    endloop
  endfacet
  facet normal -0.5555702330196126 -0.8314696123025384 -3.484029985834894e-18
    outer loop
      vertex 17.173715712973838 -26.8800600208737 3
      vertex 17.5 -27.098076211353316 3
      vertex 17.5 -27.098076211353316 6
    endloop
  endfacet
  facet normal -0.8968727415326916 0.4422886902189947 0
    outer loop
      vertex 16.228361402466142 -23.351949702904733 3
      vertex 16.228361402466142 -23.351949702904733 6
      vertex 16.401923788646684 -23 3
    endloop
  endfacet
  facet normal -0.8314696123025411 0.5555702330196085 0
    outer loop
      vertex 16.401923788646684 -23 3
      vertex 16.401923788646684 -23 6
      vertex 16.619939979126293 -22.673715712973845 3
    endloop
  endfacet
  facet normal -0.7518398074789859 0.659345815100059 0
    outer loop
      vertex 16.619939979126293 -22.673715712973845 3
      vertex 16.619939979126293 -22.673715712973845 6
      vertex 16.878679656440358 -22.378679656440355 3
    endloop
  endfacet
  facet normal -0.6593458151000571 0.7518398074789876 0
    outer loop
      vertex 16.878679656440358 -22.378679656440355 3
      vertex 16.878679656440358 -22.378679656440355 6
      vertex 17.173715712973838 -22.1199399791263 3
    endloop
  endfacet
  facet normal -0.5555702330196126 0.8314696123025384 0
    outer loop
      vertex 17.173715712973838 -22.1199399791263 3
      vertex 17.173715712973838 -22.1199399791263 6
      vertex 17.5 -21.901923788646684 3
    endloop
  endfacet
  facet normal -0.4422886902190129 0.8968727415326827 0
    outer loop
      vertex 17.5 -21.901923788646684 3
      vertex 17.5 -21.901923788646684 6
      vertex 17.85194970290473 -21.728361402466135 3
    endloop
  endfacet
  facet normal -0.32143946530313383 0.9469301294951151 0
    outer loop
      vertex 17.85194970290473 -21.728361402466135 3
      vertex 17.85194970290473 -21.728361402466135 6
      vertex 18.223542864692437 -21.602222521132802 3
    endloop
  endfacet
  facet normal -0.19509032201615756 0.9807852804032244 0
    outer loop
      vertex 18.223542864692437 -21.602222521132802 3
      vertex 18.223542864692437 -21.602222521132802 6
      vertex 18.608421423339845 -21.525665415878564 3
    endloop
  endfacet
  facet normal -0.06540312923012997 0.9978589232386043 0
    outer loop
      vertex 18.608421423339845 -21.525665415878564 3
      vertex 18.608421423339845 -21.525665415878564 6
      vertex 19 -21.5 3
    endloop
  endfacet
  facet normal 0.06540312923012997 0.9978589232386043 0
    outer loop
      vertex 19 -21.5 3
      vertex 19 -21.5 6
      vertex 19.391578576660155 -21.525665415878564 3
    endloop
  endfacet
  facet normal 0.19509032201615756 0.9807852804032244 0
    outer loop
      vertex 19.391578576660155 -21.525665415878564 3
      vertex 19.391578576660155 -21.525665415878564 6
      vertex 19.776457135307563 -21.602222521132802 3
    endloop
  endfacet
  facet normal 0.32143946530313383 0.9469301294951151 0
    outer loop
      vertex 19.776457135307563 -21.602222521132802 3
      vertex 19.776457135307563 -21.602222521132802 6
      vertex 20.14805029709527 -21.728361402466135 3
    endloop
  endfacet
  facet normal -0.4422886902190129 -0.8968727415326827 0
    outer loop
      vertex 17.5 -27.098076211353316 3
      vertex 17.85194970290473 -27.271638597533865 6
      vertex 17.5 -27.098076211353316 6
    endloop
  endfacet
  facet normal -0.32143946530313383 -0.9469301294951151 0
    outer loop
      vertex 17.85194970290473 -27.271638597533865 3
      vertex 18.223542864692437 -27.397777478867198 6
      vertex 17.85194970290473 -27.271638597533865 6
    endloop
  endfacet
  facet normal -0.19509032201615756 -0.9807852804032244 0
    outer loop
      vertex 18.223542864692437 -27.397777478867198 3
      vertex 18.608421423339845 -27.474334584121436 6
      vertex 18.223542864692437 -27.397777478867198 6
    endloop
  endfacet
  facet normal -0.06540312923012997 -0.9978589232386043 0
    outer loop
      vertex 18.608421423339845 -27.474334584121436 3
      vertex 19 -27.5 6
      vertex 18.608421423339845 -27.474334584121436 6
    endloop
  endfacet
  facet normal 0.06540312923012997 -0.9978589232386043 0
    outer loop
      vertex 19 -27.5 3
      vertex 19.391578576660155 -27.474334584121436 6
      vertex 19 -27.5 6
    endloop
  endfacet
  facet normal 0.19509032201615756 -0.9807852804032244 0
    outer loop
      vertex 19.391578576660155 -27.474334584121436 3
      vertex 19.776457135307563 -27.397777478867198 6
      vertex 19.391578576660155 -27.474334584121436 6
    endloop
  endfacet
  facet normal 0.32143946530313383 -0.9469301294951151 0
    outer loop
      vertex 19.776457135307563 -27.397777478867198 3
      vertex 20.14805029709527 -27.271638597533865 6
      vertex 19.776457135307563 -27.397777478867198 6
    endloop
  endfacet
  facet normal -0.7518398074789859 -0.659345815100059 0
    outer loop
      vertex 16.619939979126293 -26.326284287026155 3
      vertex 16.878679656440358 -26.621320343559645 6
      vertex 16.619939979126293 -26.326284287026155 6
    endloop
  endfacet
  facet normal -0.8314696123025411 -0.5555702330196085 0
    outer loop
      vertex 16.401923788646684 -26 3
      vertex 16.619939979126293 -26.326284287026155 6
      vertex 16.401923788646684 -26 6
    endloop
  endfacet
  facet normal -0.8968727415326916 -0.4422886902189947 0
    outer loop
      vertex 16.228361402466142 -25.648050297095267 3
      vertex 16.401923788646684 -26 6
      vertex 16.228361402466142 -25.648050297095267 6
    endloop
  endfacet
  facet normal -0.9469301294951021 -0.3214394653031718 0
    outer loop
      vertex 16.102222521132795 -25.276457135307567 3
      vertex 16.228361402466142 -25.648050297095267 6
      vertex 16.102222521132795 -25.276457135307567 6
    endloop
  endfacet
  facet normal -0.9807852804032322 -0.19509032201611928 0
    outer loop
      vertex 16.02566541587857 -24.89157857666015 3
      vertex 16.102222521132795 -25.276457135307567 6
      vertex 16.02566541587857 -24.89157857666015 6
    endloop
  endfacet
  facet normal -0.9978589232386031 -0.0654031292301486 0
    outer loop
      vertex 16 -24.5 3
      vertex 16.02566541587857 -24.89157857666015 6
      vertex 16 -24.5 6
    endloop
  endfacet
  facet normal -0.9978589232386031 0.0654031292301486 0
    outer loop
      vertex 16.02566541587857 -24.10842142333985 3
      vertex 16 -24.5 6
      vertex 16.02566541587857 -24.10842142333985 6
    endloop
  endfacet
  facet normal -0.9807852804032322 0.19509032201611928 0
    outer loop
      vertex 16.102222521132795 -23.723542864692433 3
      vertex 16.02566541587857 -24.10842142333985 6
      vertex 16.102222521132795 -23.723542864692433 6
    endloop
  endfacet
  facet normal -0.9469301294951021 0.3214394653031718 0
    outer loop
      vertex 16.228361402466142 -23.351949702904733 3
      vertex 16.102222521132795 -23.723542864692433 6
      vertex 16.228361402466142 -23.351949702904733 6
    endloop
  endfacet
  facet normal -0.5555702330196126 -0.8314696123025384 0
    outer loop
      vertex 17.173715712973838 -26.8800600208737 3
      vertex 17.5 -27.098076211353316 6
      vertex 17.173715712973838 -26.8800600208737 6
    endloop
  endfacet
  facet normal -0.6593458151000571 -0.7518398074789876 0
    outer loop
      vertex 16.878679656440358 -26.621320343559645 3
      vertex 17.173715712973838 -26.8800600208737 6
      vertex 16.878679656440358 -26.621320343559645 6
    endloop
  endfacet
  facet normal 0 0 1
    outer loop
      vertex 16.878679656440358 -26.621320343559645 6
      vertex 16.619939979126293 -22.673715712973845 6
      vertex 16.619939979126293 -26.326284287026155 6
    endloop
  endfacet
  facet normal 0 0 1
    outer loop
      vertex 16.102222521132795 -25.276457135307567 6
      vertex 16.02566541587857 -24.10842142333985 6
      vertex 16.02566541587857 -24.89157857666015 6
    endloop
  endfacet
  facet normal 0 0 1
    outer loop
      vertex 16.02566541587857 -24.89157857666015 6
      vertex 16.02566541587857 -24.10842142333985 6
      vertex 16 -24.5 6
    endloop
  endfacet
  facet normal 0 0 1
    outer loop
      vertex 16.619939979126293 -26.326284287026155 6
      vertex 16.401923788646684 -23 6
      vertex 16.401923788646684 -26 6
    endloop
  endfacet
  facet normal 0 0 1
    outer loop
      vertex 16.401923788646684 -26 6
      vertex 16.228361402466142 -23.351949702904733 6
      vertex 16.228361402466142 -25.648050297095267 6
    endloop
  endfacet
  facet normal 0 0 1
    outer loop
      vertex 16.228361402466142 -25.648050297095267 6
      vertex 16.102222521132795 -23.723542864692433 6
      vertex 16.102222521132795 -25.276457135307567 6
    endloop
  endfacet
  facet normal 0 0 1
    outer loop
      vertex 16.102222521132795 -25.276457135307567 6
      vertex 16.102222521132795 -23.723542864692433 6
      vertex 16.02566541587857 -24.10842142333985 6
    endloop
  endfacet
  facet normal 0 0 1
    outer loop
      vertex 16.228361402466142 -25.648050297095267 6
      vertex 16.228361402466142 -23.351949702904733 6
      vertex 16.102222521132795 -23.723542864692433 6
    endloop
  endfacet
  facet normal 0 0 1
    outer loop
      vertex 16.401923788646684 -26 6
      vertex 16.401923788646684 -23 6
      vertex 16.228361402466142 -23.351949702904733 6
    endloop
  endfacet
  facet normal 0 0 1
    outer loop
      vertex 16.619939979126293 -26.326284287026155 6
      vertex 16.619939979126293 -22.673715712973845 6
      vertex 16.401923788646684 -23 6
    endloop
  endfacet
  facet normal 0 0 1
    outer loop
      vertex 16.878679656440358 -26.621320343559645 6
      vertex 16.878679656440358 -22.378679656440355 6
      vertex 16.619939979126293 -22.673715712973845 6
    endloop
  endfacet
  facet normal 0 0 1
    outer loop
      vertex 18.223542864692437 -27.397777478867198 6
      vertex 18.608421423339845 -27.474334584121436 6
      vertex 18.45 -25.452627944162884 6
    endloop
  endfacet
  facet normal 0 0 1
    outer loop
      vertex 17.85194970290473 -27.271638597533865 6
      vertex 18.223542864692437 -27.397777478867198 6
      vertex 18.04737205583712 -25.049999999999997 6
    endloop
  endfacet
  facet normal 0 0 1
    outer loop
      vertex 16.878679656440358 -26.621320343559645 6
      vertex 17.173715712973838 -26.8800600208737 6
      vertex 16.878679656440358 -22.378679656440355 6
    endloop
  endfacet
  facet normal 0 0 1
    outer loop
      vertex 17.173715712973838 -26.8800600208737 6
      vertex 17.5 -27.098076211353316 6
      vertex 17.173715712973838 -22.1199399791263 6
    endloop
  endfacet
  facet normal 0 0 1
    outer loop
      vertex 17.85194970290473 -27.271638597533865 6
      vertex 17.5 -21.901923788646684 6
      vertex 17.5 -27.098076211353316 6
    endloop
  endfacet
  facet normal 0 0 1
    outer loop
      vertex 18.223542864692437 -27.397777478867198 6
      vertex 18.127311325679642 -25.16963757190959 6
      vertex 18.04737205583712 -25.049999999999997 6
    endloop
  endfacet
  facet normal 0 0 1
    outer loop
      vertex 17.85194970290473 -27.271638597533865 6
      vertex 18.04737205583712 -25.049999999999997 6
      vertex 17.983732514237584 -24.920951775601594 6
    endloop
  endfacet
  facet normal 0 0 1
    outer loop
      vertex 18.223542864692437 -27.397777478867198 6
      vertex 18.45 -25.452627944162884 6
      vertex 18.330362428090407 -25.372688674320358 6
    endloop
  endfacet
  facet normal 0 0 1
    outer loop
      vertex 18.223542864692437 -27.397777478867198 6
      vertex 18.330362428090407 -25.372688674320358 6
      vertex 18.2221825406948 -25.277817459305197 6
    endloop
  endfacet
  facet normal 0 0 1
    outer loop
      vertex 18.223542864692437 -27.397777478867198 6
      vertex 18.2221825406948 -25.277817459305197 6
      vertex 18.127311325679642 -25.16963757190959 6
    endloop
  endfacet
  facet normal 0 0 1
    outer loop
      vertex 18.608421423339845 -27.474334584121436 6
      vertex 18.579048224398402 -25.516267485762413 6
      vertex 18.45 -25.452627944162884 6
    endloop
  endfacet
  facet normal 0 0 1
    outer loop
      vertex 17.85194970290473 -27.271638597533865 6
      vertex 17.983732514237584 -24.920951775601594 6
      vertex 17.937481591082026 -24.78470094961277 6
    endloop
  endfacet
  facet normal 0 0 1
    outer loop
      vertex 17.85194970290473 -27.271638597533865 6
      vertex 17.937481591082026 -24.78470094961277 6
      vertex 17.90941065248881 -24.643578811442055 6
    endloop
  endfacet
  facet normal 0 0 1
    outer loop
      vertex 17.85194970290473 -27.271638597533865 6
      vertex 17.90941065248881 -24.643578811442055 6
      vertex 17.9 -24.5 6
    endloop
  endfacet
  facet normal 0 0 1
    outer loop
      vertex 18.608421423339845 -27.474334584121436 6
      vertex 19 -27.5 6
      vertex 18.856421188557942 -25.590589347511198 6
    endloop
  endfacet
  facet normal 0 0 1
    outer loop
      vertex 19 -27.5 6
      vertex 19.391578576660155 -27.474334584121436 6
      vertex 19.143578811442058 -25.590589347511198 6
    endloop
  endfacet
  facet normal 0 0 1
    outer loop
      vertex 18.608421423339845 -27.474334584121436 6
      vertex 18.715299050387227 -25.56251840891798 6
      vertex 18.579048224398402 -25.516267485762413 6
    endloop
  endfacet
  facet normal 0 0 1
    outer loop
      vertex 18.608421423339845 -27.474334584121436 6
      vertex 18.856421188557942 -25.590589347511198 6
      vertex 18.715299050387227 -25.56251840891798 6
    endloop
  endfacet
  facet normal 0 0 1
    outer loop
      vertex 19 -27.5 6
      vertex 19 -25.599999999999994 6
      vertex 18.856421188557942 -25.590589347511198 6
    endloop
  endfacet
  facet normal 0 0 1
    outer loop
      vertex 19 -27.5 6
      vertex 19.143578811442058 -25.590589347511198 6
      vertex 19 -25.599999999999994 6
    endloop
  endfacet
  facet normal 0 0 1
    outer loop
      vertex 19.391578576660155 -27.474334584121436 6
      vertex 19.284700949612773 -25.56251840891798 6
      vertex 19.143578811442058 -25.590589347511198 6
    endloop
  endfacet
  facet normal 0 0 1
    outer loop
      vertex 19.391578576660155 -27.474334584121436 6
      vertex 19.776457135307563 -27.397777478867198 6
      vertex 19.284700949612773 -25.56251840891798 6
    endloop
  endfacet
  facet normal 0 0 1
    outer loop
      vertex 19.776457135307563 -27.397777478867198 6
      vertex 20.14805029709527 -27.271638597533865 6
      vertex 19.669637571909593 -25.372688674320358 6
    endloop
  endfacet
  facet normal 0 0 1
    outer loop
      vertex 19.776457135307563 -27.397777478867198 6
      vertex 19.420951775601598 -25.516267485762413 6
      vertex 19.284700949612773 -25.56251840891798 6
    endloop
  endfacet
  facet normal 0 0 1
    outer loop
      vertex 19.776457135307563 -27.397777478867198 6
      vertex 19.55 -25.452627944162884 6
      vertex 19.420951775601598 -25.516267485762413 6
    endloop
  endfacet
  facet normal 0 0 1
    outer loop
      vertex 19.776457135307563 -27.397777478867198 6
      vertex 19.669637571909593 -25.372688674320358 6
      vertex 19.55 -25.452627944162884 6
    endloop
  endfacet
  facet normal 0 0 1
    outer loop
      vertex 20.14805029709527 -27.271638597533865 6
      vertex 19.7778174593052 -25.277817459305197 6
      vertex 19.669637571909593 -25.372688674320358 6
    endloop
  endfacet
  facet normal 0 0 1
    outer loop
      vertex 20.14805029709527 -27.271638597533865 6
      vertex 19.872688674320358 -25.16963757190959 6
      vertex 19.7778174593052 -25.277817459305197 6
    endloop
  endfacet
  facet normal 0 0 1
    outer loop
      vertex 20.14805029709527 -27.271638597533865 6
      vertex 19.95262794416288 -25.049999999999997 6
      vertex 19.872688674320358 -25.16963757190959 6
    endloop
  endfacet
  facet normal 0 0 1
    outer loop
      vertex 20.14805029709527 -27.271638597533865 6
      vertex 20.016267485762416 -24.920951775601594 6
      vertex 19.95262794416288 -25.049999999999997 6
    endloop
  endfacet
  facet normal 0 0 1
    outer loop
      vertex 20.14805029709527 -27.271638597533865 6
      vertex 20.062518408917974 -24.78470094961277 6
      vertex 20.016267485762416 -24.920951775601594 6
    endloop
  endfacet
  facet normal 0 0 1
    outer loop
      vertex 20.14805029709527 -27.271638597533865 6
      vertex 20.09058934751119 -24.643578811442055 6
      vertex 20.062518408917974 -24.78470094961277 6
    endloop
  endfacet
  facet normal 0 0 1
    outer loop
      vertex 20.14805029709527 -27.271638597533865 6
      vertex 20.1 -24.5 6
      vertex 20.09058934751119 -24.643578811442055 6
    endloop
  endfacet
  facet normal 0 0 1
    outer loop
      vertex 17.85194970290473 -27.271638597533865 6
      vertex 17.9 -24.5 6
      vertex 17.85194970290473 -21.728361402466135 6
    endloop
  endfacet
  facet normal 0 0 1
    outer loop
      vertex 17.173715712973838 -26.8800600208737 6
      vertex 17.173715712973838 -22.1199399791263 6
      vertex 16.878679656440358 -22.378679656440355 6
    endloop
  endfacet
  facet normal 0 0 1
    outer loop
      vertex 17.5 -27.098076211353316 6
      vertex 17.5 -21.901923788646684 6
      vertex 17.173715712973838 -22.1199399791263 6
    endloop
  endfacet
  facet normal 0 0 1
    outer loop
      vertex 17.85194970290473 -27.271638597533865 6
      vertex 17.85194970290473 -21.728361402466135 6
      vertex 17.5 -21.901923788646684 6
    endloop
  endfacet
  facet normal 0 0 1
    outer loop
      vertex 17.85194970290473 -21.728361402466135 6
      vertex 17.9 -24.5 6
      vertex 17.90941065248881 -24.356421188557945 6
    endloop
  endfacet
  facet normal 0 0 1
    outer loop
      vertex 17.85194970290473 -21.728361402466135 6
      vertex 17.90941065248881 -24.356421188557945 6
      vertex 17.937481591082026 -24.21529905038723 6
    endloop
  endfacet
  facet normal 0 0 1
    outer loop
      vertex 17.85194970290473 -21.728361402466135 6
      vertex 17.937481591082026 -24.21529905038723 6
      vertex 17.983732514237584 -24.079048224398406 6
    endloop
  endfacet
  facet normal 0 0 1
    outer loop
      vertex 17.85194970290473 -21.728361402466135 6
      vertex 17.983732514237584 -24.079048224398406 6
      vertex 18.04737205583712 -23.950000000000003 6
    endloop
  endfacet
  facet normal 0 0 1
    outer loop
      vertex 20.14805029709527 -27.271638597533865 6
      vertex 20.14805029709527 -21.728361402466135 6
      vertex 20.1 -24.5 6
    endloop
  endfacet
  facet normal 0 0 1
    outer loop
      vertex 20.14805029709527 -21.728361402466135 6
      vertex 20.09058934751119 -24.356421188557945 6
      vertex 20.1 -24.5 6
    endloop
  endfacet
  facet normal 0 0 1
    outer loop
      vertex 20.14805029709527 -21.728361402466135 6
      vertex 19.95262794416288 -23.950000000000003 6
      vertex 20.016267485762416 -24.079048224398406 6
    endloop
  endfacet
  facet normal 0 0 1
    outer loop
      vertex 20.14805029709527 -21.728361402466135 6
      vertex 20.062518408917974 -24.21529905038723 6
      vertex 20.09058934751119 -24.356421188557945 6
    endloop
  endfacet
  facet normal 0 0 1
    outer loop
      vertex 20.14805029709527 -21.728361402466135 6
      vertex 20.016267485762416 -24.079048224398406 6
      vertex 20.062518408917974 -24.21529905038723 6
    endloop
  endfacet
  facet normal -0.8968727415326916 0.4422886902189947 0
    outer loop
      vertex 16.401923788646684 -23 3
      vertex 16.228361402466142 -23.351949702904733 6
      vertex 16.401923788646684 -23 6
    endloop
  endfacet
  facet normal -0.8314696123025411 0.5555702330196085 0
    outer loop
      vertex 16.619939979126293 -22.673715712973845 3
      vertex 16.401923788646684 -23 6
      vertex 16.619939979126293 -22.673715712973845 6
    endloop
  endfacet
  facet normal -0.7518398074789859 0.659345815100059 0
    outer loop
      vertex 16.878679656440358 -22.378679656440355 3
      vertex 16.619939979126293 -22.673715712973845 6
      vertex 16.878679656440358 -22.378679656440355 6
    endloop
  endfacet
  facet normal -0.6593458151000571 0.7518398074789876 0
    outer loop
      vertex 17.173715712973838 -22.1199399791263 3
      vertex 16.878679656440358 -22.378679656440355 6
      vertex 17.173715712973838 -22.1199399791263 6
    endloop
  endfacet
  facet normal -0.5555702330196126 0.8314696123025384 0
    outer loop
      vertex 17.5 -21.901923788646684 3
      vertex 17.173715712973838 -22.1199399791263 6
      vertex 17.5 -21.901923788646684 6
    endloop
  endfacet
  facet normal -0.4422886902190129 0.8968727415326827 0
    outer loop
      vertex 17.85194970290473 -21.728361402466135 3
      vertex 17.5 -21.901923788646684 6
      vertex 17.85194970290473 -21.728361402466135 6
    endloop
  endfacet
  facet normal -0.32143946530313383 0.9469301294951151 0
    outer loop
      vertex 18.223542864692437 -21.602222521132802 3
      vertex 17.85194970290473 -21.728361402466135 6
      vertex 18.223542864692437 -21.602222521132802 6
    endloop
  endfacet
  facet normal -0.19509032201615756 0.9807852804032244 0
    outer loop
      vertex 18.608421423339845 -21.525665415878564 3
      vertex 18.223542864692437 -21.602222521132802 6
      vertex 18.608421423339845 -21.525665415878564 6
    endloop
  endfacet
  facet normal -0.06540312923012997 0.9978589232386043 0
    outer loop
      vertex 19 -21.5 3
      vertex 18.608421423339845 -21.525665415878564 6
      vertex 19 -21.5 6
    endloop
  endfacet
  facet normal 0.06540312923012997 0.9978589232386043 0
    outer loop
      vertex 19.391578576660155 -21.525665415878564 3
      vertex 19 -21.5 6
      vertex 19.391578576660155 -21.525665415878564 6
    endloop
  endfacet
  facet normal 0.19509032201615756 0.9807852804032244 0
    outer loop
      vertex 19.776457135307563 -21.602222521132802 3
      vertex 19.391578576660155 -21.525665415878564 6
      vertex 19.776457135307563 -21.602222521132802 6
    endloop
  endfacet
  facet normal 0.32143946530313383 0.9469301294951151 0
    outer loop
      vertex 20.14805029709527 -21.728361402466135 3
      vertex 19.776457135307563 -21.602222521132802 6
      vertex 20.14805029709527 -21.728361402466135 6
    endloop
  endfacet
  facet normal 0 0 1
    outer loop
      vertex 17.85194970290473 -21.728361402466135 6
      vertex 18.04737205583712 -23.950000000000003 6
      vertex 18.127311325679642 -23.83036242809041 6
    endloop
  endfacet
  facet normal 0 0 1
    outer loop
      vertex 17.85194970290473 -21.728361402466135 6
      vertex 18.127311325679642 -23.83036242809041 6
      vertex 18.2221825406948 -23.722182540694803 6
    endloop
  endfacet
  facet normal 0 0 1
    outer loop
      vertex 17.85194970290473 -21.728361402466135 6
      vertex 18.2221825406948 -23.722182540694803 6
      vertex 18.330362428090407 -23.627311325679642 6
    endloop
  endfacet
  facet normal 0 0 1
    outer loop
      vertex 18.223542864692437 -21.602222521132802 6
      vertex 18.330362428090407 -23.627311325679642 6
      vertex 18.45 -23.547372055837116 6
    endloop
  endfacet
  facet normal 0 0 1
    outer loop
      vertex 18.223542864692437 -21.602222521132802 6
      vertex 18.45 -23.547372055837116 6
      vertex 18.579048224398402 -23.483732514237587 6
    endloop
  endfacet
  facet normal 0 0 1
    outer loop
      vertex 18.223542864692437 -21.602222521132802 6
      vertex 18.579048224398402 -23.483732514237587 6
      vertex 18.715299050387227 -23.43748159108202 6
    endloop
  endfacet
  facet normal 0 0 1
    outer loop
      vertex 17.85194970290473 -21.728361402466135 6
      vertex 18.330362428090407 -23.627311325679642 6
      vertex 18.223542864692437 -21.602222521132802 6
    endloop
  endfacet
  facet normal 0 0 1
    outer loop
      vertex 18.223542864692437 -21.602222521132802 6
      vertex 18.715299050387227 -23.43748159108202 6
      vertex 18.608421423339845 -21.525665415878564 6
    endloop
  endfacet
  facet normal 0 0 1
    outer loop
      vertex 18.608421423339845 -21.525665415878564 6
      vertex 18.715299050387227 -23.43748159108202 6
      vertex 18.856421188557942 -23.409410652488802 6
    endloop
  endfacet
  facet normal 0 0 1
    outer loop
      vertex 19 -21.5 6
      vertex 18.856421188557942 -23.409410652488802 6
      vertex 19 -23.400000000000006 6
    endloop
  endfacet
  facet normal 0 0 1
    outer loop
      vertex 19 -21.5 6
      vertex 19 -23.400000000000006 6
      vertex 19.143578811442058 -23.409410652488802 6
    endloop
  endfacet
  facet normal 0 0 1
    outer loop
      vertex 19.391578576660155 -21.525665415878564 6
      vertex 19.143578811442058 -23.409410652488802 6
      vertex 19.284700949612773 -23.43748159108202 6
    endloop
  endfacet
  facet normal 0 0 1
    outer loop
      vertex 19.391578576660155 -21.525665415878564 6
      vertex 19.284700949612773 -23.43748159108202 6
      vertex 19.420951775601598 -23.483732514237587 6
    endloop
  endfacet
  facet normal 0 0 1
    outer loop
      vertex 19.776457135307563 -21.602222521132802 6
      vertex 19.7778174593052 -23.722182540694803 6
      vertex 19.872688674320358 -23.83036242809041 6
    endloop
  endfacet
  facet normal 0 0 1
    outer loop
      vertex 19.391578576660155 -21.525665415878564 6
      vertex 19.420951775601598 -23.483732514237587 6
      vertex 19.55 -23.547372055837116 6
    endloop
  endfacet
  facet normal 0 0 1
    outer loop
      vertex 19.776457135307563 -21.602222521132802 6
      vertex 19.55 -23.547372055837116 6
      vertex 19.669637571909593 -23.627311325679642 6
    endloop
  endfacet
  facet normal 0 0 1
    outer loop
      vertex 19.776457135307563 -21.602222521132802 6
      vertex 19.669637571909593 -23.627311325679642 6
      vertex 19.7778174593052 -23.722182540694803 6
    endloop
  endfacet
  facet normal 0 0 1
    outer loop
      vertex 19.776457135307563 -21.602222521132802 6
      vertex 19.872688674320358 -23.83036242809041 6
      vertex 19.95262794416288 -23.950000000000003 6
    endloop
  endfacet
  facet normal 0 0 1
    outer loop
      vertex 19.776457135307563 -21.602222521132802 6
      vertex 19.95262794416288 -23.950000000000003 6
      vertex 20.14805029709527 -21.728361402466135 6
    endloop
  endfacet
  facet normal 0 0 1
    outer loop
      vertex 18.608421423339845 -21.525665415878564 6
      vertex 18.856421188557942 -23.409410652488802 6
      vertex 19 -21.5 6
    endloop
  endfacet
  facet normal 0 0 1
    outer loop
      vertex 19 -21.5 6
      vertex 19.143578811442058 -23.409410652488802 6
      vertex 19.391578576660155 -21.525665415878564 6
    endloop
  endfacet
  facet normal 0 0 1
    outer loop
      vertex 19.391578576660155 -21.525665415878564 6
      vertex 19.55 -23.547372055837116 6
      vertex 19.776457135307563 -21.602222521132802 6
    endloop
  endfacet
  facet normal 0.4422886902190129 -0.8968727415326827 1.108295856302934e-18
    outer loop
      vertex 20.14805029709527 -27.271638597533865 3
      vertex 20.5 -27.098076211353316 3
      vertex 20.5 -27.098076211353316 6
    endloop
  endfacet
  facet normal 0.5555702330196126 -0.8314696123025384 3.484029985834894e-18
    outer loop
      vertex 20.5 -27.098076211353316 3
      vertex 20.826284287026162 -26.8800600208737 3
      vertex 20.826284287026162 -26.8800600208737 6
    endloop
  endfacet
  facet normal 0.6593458151000571 -0.7518398074789876 -3.572564858280731e-18
    outer loop
      vertex 20.826284287026162 -26.8800600208737 3
      vertex 21.121320343559642 -26.621320343559645 3
      vertex 21.121320343559642 -26.621320343559645 6
    endloop
  endfacet
  facet normal 0.7518398074789859 -0.659345815100059 -3.88776991242465e-20
    outer loop
      vertex 21.121320343559642 -26.621320343559645 3
      vertex 21.380060020873707 -26.326284287026155 3
      vertex 21.380060020873707 -26.326284287026155 6
    endloop
  endfacet
  facet normal 0.8314696123025411 -0.5555702330196085 -4.553720877975974e-18
    outer loop
      vertex 21.380060020873707 -26.326284287026155 3
      vertex 21.598076211353316 -26 3
      vertex 21.598076211353316 -26 6
    endloop
  endfacet
  facet normal 0.8968727415326916 -0.4422886902189947 -2.0306433611153428e-18
    outer loop
      vertex 21.598076211353316 -26 3
      vertex 21.771638597533858 -25.648050297095267 3
      vertex 21.771638597533858 -25.648050297095267 6
    endloop
  endfacet
  facet normal 0.9469301294951021 -0.3214394653031718 -2.549837683449486e-18
    outer loop
      vertex 21.771638597533858 -25.648050297095267 3
      vertex 21.897777478867205 -25.276457135307567 3
      vertex 21.897777478867205 -25.276457135307567 6
    endloop
  endfacet
  facet normal 0.9469301294951021 0.3214394653031718 2.549837683449486e-18
    outer loop
      vertex 21.897777478867205 -23.723542864692433 3
      vertex 21.771638597533858 -23.351949702904733 3
      vertex 21.771638597533858 -23.351949702904733 6
    endloop
  endfacet
  facet normal 0.9807852804032322 -0.19509032201611928 -8.126871632437976e-19
    outer loop
      vertex 21.897777478867205 -25.276457135307567 3
      vertex 21.97433458412143 -24.89157857666015 3
      vertex 21.97433458412143 -24.89157857666015 6
    endloop
  endfacet
  facet normal 0.9978589232386031 -0.0654031292301486 -4.534124415595705e-19
    outer loop
      vertex 21.97433458412143 -24.89157857666015 3
      vertex 22 -24.5 3
      vertex 22 -24.5 6
    endloop
  endfacet
  facet normal 0.9978589232386031 0.0654031292301486 4.534124415595705e-19
    outer loop
      vertex 22 -24.5 3
      vertex 21.97433458412143 -24.10842142333985 3
      vertex 21.97433458412143 -24.10842142333985 6
    endloop
  endfacet
  facet normal 0.9807852804032322 0.19509032201611928 0
    outer loop
      vertex 21.897777478867205 -23.723542864692433 3
      vertex 21.897777478867205 -23.723542864692433 6
      vertex 21.97433458412143 -24.10842142333985 3
    endloop
  endfacet
  facet normal 0.8314696123025411 0.5555702330196085 4.553720877975974e-18
    outer loop
      vertex 21.598076211353316 -23 3
      vertex 21.380060020873707 -22.673715712973845 3
      vertex 21.380060020873707 -22.673715712973845 6
    endloop
  endfacet
  facet normal 0.8968727415326916 0.4422886902189947 2.0306433611153428e-18
    outer loop
      vertex 21.771638597533858 -23.351949702904733 3
      vertex 21.598076211353316 -23 3
      vertex 21.598076211353316 -23 6
    endloop
  endfacet
  facet normal 0.7518398074789859 0.659345815100059 3.88776991242465e-20
    outer loop
      vertex 21.380060020873707 -22.673715712973845 3
      vertex 21.121320343559642 -22.378679656440355 3
      vertex 21.121320343559642 -22.378679656440355 6
    endloop
  endfacet
  facet normal 0.5555702330196126 0.8314696123025384 0
    outer loop
      vertex 20.5 -21.901923788646684 3
      vertex 20.5 -21.901923788646684 6
      vertex 20.826284287026162 -22.1199399791263 3
    endloop
  endfacet
  facet normal 0.6593458151000571 0.7518398074789876 3.572564858280731e-18
    outer loop
      vertex 21.121320343559642 -22.378679656440355 3
      vertex 20.826284287026162 -22.1199399791263 3
      vertex 20.826284287026162 -22.1199399791263 6
    endloop
  endfacet
  facet normal 0.4422886902190129 0.8968727415326827 0
    outer loop
      vertex 20.14805029709527 -21.728361402466135 3
      vertex 20.14805029709527 -21.728361402466135 6
      vertex 20.5 -21.901923788646684 3
    endloop
  endfacet
  facet normal 0.4422886902190129 -0.8968727415326827 0
    outer loop
      vertex 20.14805029709527 -27.271638597533865 3
      vertex 20.5 -27.098076211353316 6
      vertex 20.14805029709527 -27.271638597533865 6
    endloop
  endfacet
  facet normal 0.5555702330196126 -0.8314696123025384 0
    outer loop
      vertex 20.5 -27.098076211353316 3
      vertex 20.826284287026162 -26.8800600208737 6
      vertex 20.5 -27.098076211353316 6
    endloop
  endfacet
  facet normal 0.6593458151000571 -0.7518398074789876 0
    outer loop
      vertex 20.826284287026162 -26.8800600208737 3
      vertex 21.121320343559642 -26.621320343559645 6
      vertex 20.826284287026162 -26.8800600208737 6
    endloop
  endfacet
  facet normal 0.7518398074789859 -0.659345815100059 0
    outer loop
      vertex 21.121320343559642 -26.621320343559645 3
      vertex 21.380060020873707 -26.326284287026155 6
      vertex 21.121320343559642 -26.621320343559645 6
    endloop
  endfacet
  facet normal 0.8314696123025411 -0.5555702330196085 0
    outer loop
      vertex 21.380060020873707 -26.326284287026155 3
      vertex 21.598076211353316 -26 6
      vertex 21.380060020873707 -26.326284287026155 6
    endloop
  endfacet
  facet normal 0.8968727415326916 -0.4422886902189947 0
    outer loop
      vertex 21.598076211353316 -26 3
      vertex 21.771638597533858 -25.648050297095267 6
      vertex 21.598076211353316 -26 6
    endloop
  endfacet
  facet normal 0.9469301294951021 -0.3214394653031718 0
    outer loop
      vertex 21.771638597533858 -25.648050297095267 3
      vertex 21.897777478867205 -25.276457135307567 6
      vertex 21.771638597533858 -25.648050297095267 6
    endloop
  endfacet
  facet normal 0.9469301294951021 0.3214394653031718 0
    outer loop
      vertex 21.897777478867205 -23.723542864692433 3
      vertex 21.771638597533858 -23.351949702904733 6
      vertex 21.897777478867205 -23.723542864692433 6
    endloop
  endfacet
  facet normal 0.9807852804032322 -0.19509032201611928 0
    outer loop
      vertex 21.897777478867205 -25.276457135307567 3
      vertex 21.97433458412143 -24.89157857666015 6
      vertex 21.897777478867205 -25.276457135307567 6
    endloop
  endfacet
  facet normal 0.9978589232386031 -0.0654031292301486 0
    outer loop
      vertex 21.97433458412143 -24.89157857666015 3
      vertex 22 -24.5 6
      vertex 21.97433458412143 -24.89157857666015 6
    endloop
  endfacet
  facet normal 0.9978589232386031 0.0654031292301486 0
    outer loop
      vertex 22 -24.5 3
      vertex 21.97433458412143 -24.10842142333985 6
      vertex 22 -24.5 6
    endloop
  endfacet
  facet normal 0.9807852804032322 0.19509032201611928 0
    outer loop
      vertex 21.97433458412143 -24.10842142333985 3
      vertex 21.897777478867205 -23.723542864692433 6
      vertex 21.97433458412143 -24.10842142333985 6
    endloop
  endfacet
  facet normal 0 0 1
    outer loop
      vertex 20.14805029709527 -27.271638597533865 6
      vertex 20.5 -27.098076211353316 6
      vertex 20.14805029709527 -21.728361402466135 6
    endloop
  endfacet
  facet normal 0 0 1
    outer loop
      vertex 20.5 -27.098076211353316 6
      vertex 20.826284287026162 -26.8800600208737 6
      vertex 20.5 -21.901923788646684 6
    endloop
  endfacet
  facet normal 0 0 1
    outer loop
      vertex 20.826284287026162 -26.8800600208737 6
      vertex 21.121320343559642 -26.621320343559645 6
      vertex 20.826284287026162 -22.1199399791263 6
    endloop
  endfacet
  facet normal 0 0 1
    outer loop
      vertex 21.121320343559642 -26.621320343559645 6
      vertex 21.380060020873707 -26.326284287026155 6
      vertex 21.121320343559642 -22.378679656440355 6
    endloop
  endfacet
  facet normal 0 0 1
    outer loop
      vertex 21.380060020873707 -26.326284287026155 6
      vertex 21.598076211353316 -26 6
      vertex 21.380060020873707 -22.673715712973845 6
    endloop
  endfacet
  facet normal 0 0 1
    outer loop
      vertex 21.598076211353316 -26 6
      vertex 21.771638597533858 -25.648050297095267 6
      vertex 21.598076211353316 -23 6
    endloop
  endfacet
  facet normal 0 0 1
    outer loop
      vertex 21.771638597533858 -25.648050297095267 6
      vertex 21.897777478867205 -25.276457135307567 6
      vertex 21.771638597533858 -23.351949702904733 6
    endloop
  endfacet
  facet normal 0 0 1
    outer loop
      vertex 20.14805029709527 -21.728361402466135 6
      vertex 20.5 -27.098076211353316 6
      vertex 20.5 -21.901923788646684 6
    endloop
  endfacet
  facet normal 0 0 1
    outer loop
      vertex 20.826284287026162 -26.8800600208737 6
      vertex 20.826284287026162 -22.1199399791263 6
      vertex 20.5 -21.901923788646684 6
    endloop
  endfacet
  facet normal 0 0 1
    outer loop
      vertex 21.121320343559642 -26.621320343559645 6
      vertex 21.121320343559642 -22.378679656440355 6
      vertex 20.826284287026162 -22.1199399791263 6
    endloop
  endfacet
  facet normal 0 0 1
    outer loop
      vertex 21.380060020873707 -26.326284287026155 6
      vertex 21.380060020873707 -22.673715712973845 6
      vertex 21.121320343559642 -22.378679656440355 6
    endloop
  endfacet
  facet normal 0 0 1
    outer loop
      vertex 21.897777478867205 -25.276457135307567 6
      vertex 21.897777478867205 -23.723542864692433 6
      vertex 21.771638597533858 -23.351949702904733 6
    endloop
  endfacet
  facet normal 0 0 1
    outer loop
      vertex 21.771638597533858 -25.648050297095267 6
      vertex 21.771638597533858 -23.351949702904733 6
      vertex 21.598076211353316 -23 6
    endloop
  endfacet
  facet normal 0 0 1
    outer loop
      vertex 21.598076211353316 -26 6
      vertex 21.598076211353316 -23 6
      vertex 21.380060020873707 -22.673715712973845 6
    endloop
  endfacet
  facet normal 0 0 1
    outer loop
      vertex 21.897777478867205 -25.276457135307567 6
      vertex 21.97433458412143 -24.89157857666015 6
      vertex 21.897777478867205 -23.723542864692433 6
    endloop
  endfacet
  facet normal 0 0 1
    outer loop
      vertex 21.97433458412143 -24.89157857666015 6
      vertex 22 -24.5 6
      vertex 21.97433458412143 -24.10842142333985 6
    endloop
  endfacet
  facet normal 0 0 1
    outer loop
      vertex 21.897777478867205 -23.723542864692433 6
      vertex 21.97433458412143 -24.89157857666015 6
      vertex 21.97433458412143 -24.10842142333985 6
    endloop
  endfacet
  facet normal 0.6593458151000571 0.7518398074789876 0
    outer loop
      vertex 21.121320343559642 -22.378679656440355 3
      vertex 20.826284287026162 -22.1199399791263 6
      vertex 21.121320343559642 -22.378679656440355 6
    endloop
  endfacet
  facet normal 0.8968727415326916 0.4422886902189947 0
    outer loop
      vertex 21.771638597533858 -23.351949702904733 3
      vertex 21.598076211353316 -23 6
      vertex 21.771638597533858 -23.351949702904733 6
    endloop
  endfacet
  facet normal 0.8314696123025411 0.5555702330196085 0
    outer loop
      vertex 21.598076211353316 -23 3
      vertex 21.380060020873707 -22.673715712973845 6
      vertex 21.598076211353316 -23 6
    endloop
  endfacet
  facet normal 0.7518398074789859 0.659345815100059 0
    outer loop
      vertex 21.380060020873707 -22.673715712973845 3
      vertex 21.121320343559642 -22.378679656440355 6
      vertex 21.380060020873707 -22.673715712973845 6
    endloop
  endfacet
  facet normal 0.4422886902190129 0.8968727415326827 -1.108295856302934e-18
    outer loop
      vertex 20.14805029709527 -21.728361402466135 6
      vertex 20.5 -21.901923788646684 6
      vertex 20.5 -21.901923788646684 3
    endloop
  endfacet
  facet normal 0.5555702330196126 0.8314696123025384 0
    outer loop
      vertex 20.826284287026162 -22.1199399791263 3
      vertex 20.5 -21.901923788646684 6
      vertex 20.826284287026162 -22.1199399791263 6
    endloop
  endfacet
  facet normal -0.8968727415326916 -0.4422886902189947 0
    outer loop
      vertex -41.598076211353316 23 3
      vertex -41.598076211353316 23 6
      vertex -41.77163859753386 23.351949702904733 3
    endloop
  endfacet
  facet normal -0.6593458151000937 -0.7518398074789557 0
    outer loop
      vertex -40.82628428702616 22.119939979126286 3
      vertex -40.82628428702616 22.119939979126286 6
      vertex -41.121320343559645 22.37867965644037 3
    endloop
  endfacet
  facet normal -0.4422886902190092 -0.8968727415326844 0
    outer loop
      vertex -40.14805029709527 21.728361402466135 3
      vertex -40.14805029709527 21.728361402466135 6
      vertex -40.5 21.901923788646684 3
    endloop
  endfacet
  facet normal -0.5555702330195875 -0.831469612302555 -2.127085931631669e-18
    outer loop
      vertex -40.82628428702616 22.119939979126286 3
      vertex -40.5 21.901923788646684 3
      vertex -40.5 21.901923788646684 6
    endloop
  endfacet
  facet normal -0.751839807478959 -0.6593458151000898 5.085303581879881e-18
    outer loop
      vertex -41.38006002087371 22.67371571297383 3
      vertex -41.121320343559645 22.37867965644037 3
      vertex -41.121320343559645 22.37867965644037 6
    endloop
  endfacet
  facet normal -0.8314696123025522 -0.5555702330195917 0
    outer loop
      vertex -41.38006002087371 22.67371571297383 3
      vertex -41.38006002087371 22.67371571297383 6
      vertex -41.598076211353316 23 3
    endloop
  endfacet
  facet normal -0.19509032201615756 -0.9807852804032244 -1.1725262252824e-18
    outer loop
      vertex -39.77645713530756 21.602222521132802 3
      vertex -39.39157857666015 21.525665415878564 3
      vertex -39.39157857666015 21.525665415878564 6
    endloop
  endfacet
  facet normal -0.32143946530313383 -0.9469301294951151 1.7045075690523177e-18
    outer loop
      vertex -40.14805029709527 21.728361402466135 3
      vertex -39.77645713530756 21.602222521132802 3
      vertex -39.77645713530756 21.602222521132802 6
    endloop
  endfacet
  facet normal -0.06540312923013057 -0.9978589232386043 3.1467951511922e-19
    outer loop
      vertex -39.39157857666015 21.525665415878564 3
      vertex -39 21.5 3
      vertex -39 21.5 6
    endloop
  endfacet
  facet normal 0.06540312923013057 -0.9978589232386043 -3.1467951511922e-19
    outer loop
      vertex -39 21.5 3
      vertex -38.60842142333985 21.525665415878564 3
      vertex -38.60842142333985 21.525665415878564 6
    endloop
  endfacet
  facet normal 0.19509032201615756 -0.9807852804032244 1.1725262252824e-18
    outer loop
      vertex -38.60842142333985 21.525665415878564 3
      vertex -38.22354286469244 21.602222521132802 3
      vertex -38.22354286469244 21.602222521132802 6
    endloop
  endfacet
  facet normal 0.32143946530313383 -0.9469301294951151 -1.7045075690523177e-18
    outer loop
      vertex -38.22354286469244 21.602222521132802 3
      vertex -37.85194970290473 21.728361402466135 3
      vertex -37.85194970290473 21.728361402466135 6
    endloop
  endfacet
  facet normal 0.4422886902190092 -0.8968727415326844 3.0635160857550764e-19
    outer loop
      vertex -37.85194970290473 21.728361402466135 3
      vertex -37.5 21.901923788646684 3
      vertex -37.5 21.901923788646684 6
    endloop
  endfacet
  facet normal 0.5555702330195875 -0.831469612302555 2.127085931631669e-18
    outer loop
      vertex -37.5 21.901923788646684 3
      vertex -37.17371571297384 22.119939979126286 3
      vertex -37.17371571297384 22.119939979126286 6
    endloop
  endfacet
  facet normal 0.6593458151000937 -0.7518398074789557 1.9820707364330905e-18
    outer loop
      vertex -37.17371571297384 22.119939979126286 3
      vertex -36.878679656440355 22.37867965644037 3
      vertex -36.878679656440355 22.37867965644037 6
    endloop
  endfacet
  facet normal 0.751839807478959 -0.6593458151000898 -5.085303581879881e-18
    outer loop
      vertex -36.878679656440355 22.37867965644037 3
      vertex -36.61993997912629 22.67371571297383 3
      vertex -36.61993997912629 22.67371571297383 6
    endloop
  endfacet
  facet normal 0.8314696123025522 -0.5555702330195917 -1.623409739861104e-18
    outer loop
      vertex -36.61993997912629 22.67371571297383 3
      vertex -36.401923788646684 23 3
      vertex -36.401923788646684 23 6
    endloop
  endfacet
  facet normal 0.8968727415326916 -0.4422886902189947 -2.0306433611153428e-18
    outer loop
      vertex -36.401923788646684 23 3
      vertex -36.22836140246614 23.351949702904733 3
      vertex -36.22836140246614 23.351949702904733 6
    endloop
  endfacet
  facet normal -0.9469301294951021 -0.3214394653031718 0
    outer loop
      vertex -41.77163859753386 23.351949702904733 3
      vertex -41.77163859753386 23.351949702904733 6
      vertex -41.897777478867205 23.723542864692433 3
    endloop
  endfacet
  facet normal -0.9807852804032322 -0.19509032201611928 0
    outer loop
      vertex -41.897777478867205 23.723542864692433 3
      vertex -41.897777478867205 23.723542864692433 6
      vertex -41.97433458412143 24.10842142333985 3
    endloop
  endfacet
  facet normal -0.9978589232386031 -0.0654031292301486 0
    outer loop
      vertex -41.97433458412143 24.10842142333985 3
      vertex -41.97433458412143 24.10842142333985 6
      vertex -42 24.5 3
    endloop
  endfacet
  facet normal -0.9978589232386031 0.0654031292301486 0
    outer loop
      vertex -42 24.5 3
      vertex -42 24.5 6
      vertex -41.97433458412143 24.89157857666015 3
    endloop
  endfacet
  facet normal -0.9807852804032322 0.19509032201611928 0
    outer loop
      vertex -41.97433458412143 24.89157857666015 3
      vertex -41.97433458412143 24.89157857666015 6
      vertex -41.897777478867205 25.276457135307567 3
    endloop
  endfacet
  facet normal -0.9469301294951021 0.3214394653031718 0
    outer loop
      vertex -41.897777478867205 25.276457135307567 3
      vertex -41.897777478867205 25.276457135307567 6
      vertex -41.77163859753386 25.648050297095267 3
    endloop
  endfacet
  facet normal -0.8968727415326916 0.4422886902189947 0
    outer loop
      vertex -41.77163859753386 25.648050297095267 3
      vertex -41.77163859753386 25.648050297095267 6
      vertex -41.598076211353316 26 3
    endloop
  endfacet
  facet normal -0.8314696123025522 0.5555702330195917 0
    outer loop
      vertex -41.598076211353316 26 3
      vertex -41.598076211353316 26 6
      vertex -41.38006002087371 26.32628428702617 3
    endloop
  endfacet
  facet normal -0.751839807478959 0.6593458151000898 0
    outer loop
      vertex -41.38006002087371 26.32628428702617 3
      vertex -41.38006002087371 26.32628428702617 6
      vertex -41.121320343559645 26.62132034355963 3
    endloop
  endfacet
  facet normal -0.6593458151000937 0.7518398074789557 0
    outer loop
      vertex -41.121320343559645 26.62132034355963 3
      vertex -41.121320343559645 26.62132034355963 6
      vertex -40.82628428702616 26.880060020873714 3
    endloop
  endfacet
  facet normal -0.5555702330195875 0.831469612302555 0
    outer loop
      vertex -40.82628428702616 26.880060020873714 3
      vertex -40.82628428702616 26.880060020873714 6
      vertex -40.5 27.098076211353316 3
    endloop
  endfacet
  facet normal -0.4422886902190092 0.8968727415326844 0
    outer loop
      vertex -40.5 27.098076211353316 3
      vertex -40.5 27.098076211353316 6
      vertex -40.14805029709527 27.271638597533865 3
    endloop
  endfacet
  facet normal -0.32143946530313383 0.9469301294951151 0
    outer loop
      vertex -40.14805029709527 27.271638597533865 3
      vertex -40.14805029709527 27.271638597533865 6
      vertex -39.77645713530756 27.397777478867198 3
    endloop
  endfacet
  facet normal 0.751839807478959 0.6593458151000898 5.085303581879881e-18
    outer loop
      vertex -36.61993997912629 26.32628428702617 3
      vertex -36.878679656440355 26.62132034355963 3
      vertex -36.878679656440355 26.62132034355963 6
    endloop
  endfacet
  facet normal 0.6593458151000937 0.7518398074789557 -1.9820707364330905e-18
    outer loop
      vertex -36.878679656440355 26.62132034355963 3
      vertex -37.17371571297384 26.880060020873714 3
      vertex -37.17371571297384 26.880060020873714 6
    endloop
  endfacet
  facet normal 0.5555702330195875 0.831469612302555 0
    outer loop
      vertex -37.5 27.098076211353316 3
      vertex -37.5 27.098076211353316 6
      vertex -37.17371571297384 26.880060020873714 3
    endloop
  endfacet
  facet normal 0.9469301294951021 -0.3214394653031718 -2.549837683449486e-18
    outer loop
      vertex -36.22836140246614 23.351949702904733 3
      vertex -36.102222521132795 23.723542864692433 3
      vertex -36.102222521132795 23.723542864692433 6
    endloop
  endfacet
  facet normal 0.9807852804032322 -0.19509032201611928 -8.126871632437976e-19
    outer loop
      vertex -36.102222521132795 23.723542864692433 3
      vertex -36.02566541587857 24.10842142333985 3
      vertex -36.02566541587857 24.10842142333985 6
    endloop
  endfacet
  facet normal 0.9978589232386031 -0.0654031292301486 -4.534124415595705e-19
    outer loop
      vertex -36.02566541587857 24.10842142333985 3
      vertex -36 24.5 3
      vertex -36 24.5 6
    endloop
  endfacet
  facet normal 0.9978589232386031 0.0654031292301486 4.534124415595705e-19
    outer loop
      vertex -36 24.5 3
      vertex -36.02566541587857 24.89157857666015 3
      vertex -36.02566541587857 24.89157857666015 6
    endloop
  endfacet
  facet normal 0.9807852804032322 0.19509032201611928 8.126871632437976e-19
    outer loop
      vertex -36.02566541587857 24.89157857666015 3
      vertex -36.102222521132795 25.276457135307567 3
      vertex -36.102222521132795 25.276457135307567 6
    endloop
  endfacet
  facet normal 0.9469301294951021 0.3214394653031718 0
    outer loop
      vertex -36.22836140246614 25.648050297095267 3
      vertex -36.22836140246614 25.648050297095267 6
      vertex -36.102222521132795 25.276457135307567 3
    endloop
  endfacet
  facet normal 0.8968727415326916 0.4422886902189947 2.0306433611153428e-18
    outer loop
      vertex -36.22836140246614 25.648050297095267 3
      vertex -36.401923788646684 26 3
      vertex -36.401923788646684 26 6
    endloop
  endfacet
  facet normal 0.8314696123025522 0.5555702330195917 0
    outer loop
      vertex -36.61993997912629 26.32628428702617 3
      vertex -36.61993997912629 26.32628428702617 6
      vertex -36.401923788646684 26 3
    endloop
  endfacet
  facet normal -0.19509032201615756 0.9807852804032244 0
    outer loop
      vertex -39.77645713530756 27.397777478867198 3
      vertex -39.77645713530756 27.397777478867198 6
      vertex -39.39157857666015 27.474334584121436 3
    endloop
  endfacet
  facet normal -0.06540312923013057 0.9978589232386043 0
    outer loop
      vertex -39.39157857666015 27.474334584121436 3
      vertex -39.39157857666015 27.474334584121436 6
      vertex -39 27.5 3
    endloop
  endfacet
  facet normal 0.06540312923013057 0.9978589232386043 0
    outer loop
      vertex -39 27.5 3
      vertex -39 27.5 6
      vertex -38.60842142333985 27.474334584121436 3
    endloop
  endfacet
  facet normal 0.19509032201615756 0.9807852804032244 0
    outer loop
      vertex -38.60842142333985 27.474334584121436 3
      vertex -38.60842142333985 27.474334584121436 6
      vertex -38.22354286469244 27.397777478867198 3
    endloop
  endfacet
  facet normal 0.32143946530313383 0.9469301294951151 1.7045075690523177e-18
    outer loop
      vertex -37.85194970290473 27.271638597533865 3
      vertex -38.22354286469244 27.397777478867198 3
      vertex -38.22354286469244 27.397777478867198 6
    endloop
  endfacet
  facet normal 0.4422886902190092 0.8968727415326844 -3.0635160857550764e-19
    outer loop
      vertex -37.5 27.098076211353316 3
      vertex -37.85194970290473 27.271638597533865 3
      vertex -37.85194970290473 27.271638597533865 6
    endloop
  endfacet
  facet normal -0.8968727415326916 -0.4422886902189947 0
    outer loop
      vertex -41.77163859753386 23.351949702904733 3
      vertex -41.598076211353316 23 6
      vertex -41.77163859753386 23.351949702904733 6
    endloop
  endfacet
  facet normal -0.32143946530313383 -0.9469301294951151 0
    outer loop
      vertex -40.14805029709527 21.728361402466135 3
      vertex -39.77645713530756 21.602222521132802 6
      vertex -40.14805029709527 21.728361402466135 6
    endloop
  endfacet
  facet normal -0.4422886902190092 -0.8968727415326844 0
    outer loop
      vertex -40.5 21.901923788646684 3
      vertex -40.14805029709527 21.728361402466135 6
      vertex -40.5 21.901923788646684 6
    endloop
  endfacet
  facet normal -0.5555702330195875 -0.831469612302555 0
    outer loop
      vertex -40.82628428702616 22.119939979126286 3
      vertex -40.5 21.901923788646684 6
      vertex -40.82628428702616 22.119939979126286 6
    endloop
  endfacet
  facet normal -0.751839807478959 -0.6593458151000898 0
    outer loop
      vertex -41.38006002087371 22.67371571297383 3
      vertex -41.121320343559645 22.37867965644037 6
      vertex -41.38006002087371 22.67371571297383 6
    endloop
  endfacet
  facet normal -0.6593458151000937 -0.7518398074789557 0
    outer loop
      vertex -41.121320343559645 22.37867965644037 3
      vertex -40.82628428702616 22.119939979126286 6
      vertex -41.121320343559645 22.37867965644037 6
    endloop
  endfacet
  facet normal -0.8314696123025522 -0.5555702330195917 0
    outer loop
      vertex -41.598076211353316 23 3
      vertex -41.38006002087371 22.67371571297383 6
      vertex -41.598076211353316 23 6
    endloop
  endfacet
  facet normal -0.19509032201615756 -0.9807852804032244 0
    outer loop
      vertex -39.77645713530756 21.602222521132802 3
      vertex -39.39157857666015 21.525665415878564 6
      vertex -39.77645713530756 21.602222521132802 6
    endloop
  endfacet
  facet normal -0.06540312923013057 -0.9978589232386043 0
    outer loop
      vertex -39.39157857666015 21.525665415878564 3
      vertex -39 21.5 6
      vertex -39.39157857666015 21.525665415878564 6
    endloop
  endfacet
  facet normal 0.06540312923013057 -0.9978589232386043 0
    outer loop
      vertex -39 21.5 3
      vertex -38.60842142333985 21.525665415878564 6
      vertex -39 21.5 6
    endloop
  endfacet
  facet normal 0.19509032201615756 -0.9807852804032244 0
    outer loop
      vertex -38.60842142333985 21.525665415878564 3
      vertex -38.22354286469244 21.602222521132802 6
      vertex -38.60842142333985 21.525665415878564 6
    endloop
  endfacet
  facet normal 0.32143946530313383 -0.9469301294951151 0
    outer loop
      vertex -38.22354286469244 21.602222521132802 3
      vertex -37.85194970290473 21.728361402466135 6
      vertex -38.22354286469244 21.602222521132802 6
    endloop
  endfacet
  facet normal 0.4422886902190092 -0.8968727415326844 0
    outer loop
      vertex -37.85194970290473 21.728361402466135 3
      vertex -37.5 21.901923788646684 6
      vertex -37.85194970290473 21.728361402466135 6
    endloop
  endfacet
  facet normal 0.5555702330195875 -0.831469612302555 0
    outer loop
      vertex -37.5 21.901923788646684 3
      vertex -37.17371571297384 22.119939979126286 6
      vertex -37.5 21.901923788646684 6
    endloop
  endfacet
  facet normal 0.6593458151000937 -0.7518398074789557 0
    outer loop
      vertex -37.17371571297384 22.119939979126286 3
      vertex -36.878679656440355 22.37867965644037 6
      vertex -37.17371571297384 22.119939979126286 6
    endloop
  endfacet
  facet normal 0.751839807478959 -0.6593458151000898 0
    outer loop
      vertex -36.878679656440355 22.37867965644037 3
      vertex -36.61993997912629 22.67371571297383 6
      vertex -36.878679656440355 22.37867965644037 6
    endloop
  endfacet
  facet normal 0.8314696123025522 -0.5555702330195917 0
    outer loop
      vertex -36.61993997912629 22.67371571297383 3
      vertex -36.401923788646684 23 6
      vertex -36.61993997912629 22.67371571297383 6
    endloop
  endfacet
  facet normal 0.8968727415326916 -0.4422886902189947 0
    outer loop
      vertex -36.401923788646684 23 3
      vertex -36.22836140246614 23.351949702904733 6
      vertex -36.401923788646684 23 6
    endloop
  endfacet
  facet normal 0 0 1
    outer loop
      vertex -40.14805029709527 21.728361402466135 6
      vertex -39.77645713530756 21.602222521132802 6
      vertex -39.952627944162884 23.94999999999999 6
    endloop
  endfacet
  facet normal 0 0 1
    outer loop
      vertex -39.77645713530756 21.602222521132802 6
      vertex -39.39157857666015 21.525665415878564 6
      vertex -39.55 23.547372055837116 6
    endloop
  endfacet
  facet normal 0 0 1
    outer loop
      vertex -39.39157857666015 21.525665415878564 6
      vertex -39 21.5 6
      vertex -39.143578811442055 23.409410652488816 6
    endloop
  endfacet
  facet normal 0 0 1
    outer loop
      vertex -39 21.5 6
      vertex -38.60842142333985 21.525665415878564 6
      vertex -39 23.400000000000006 6
    endloop
  endfacet
  facet normal 0 0 1
    outer loop
      vertex -38.60842142333985 21.525665415878564 6
      vertex -38.22354286469244 21.602222521132802 6
      vertex -38.71529905038723 23.43748159108202 6
    endloop
  endfacet
  facet normal 0 0 1
    outer loop
      vertex -39.77645713530756 21.602222521132802 6
      vertex -39.66963757190959 23.627311325679642 6
      vertex -39.777817459305204 23.722182540694803 6
    endloop
  endfacet
  facet normal 0 0 1
    outer loop
      vertex -39.77645713530756 21.602222521132802 6
      vertex -39.55 23.547372055837116 6
      vertex -39.66963757190959 23.627311325679642 6
    endloop
  endfacet
  facet normal 0 0 1
    outer loop
      vertex -39.77645713530756 21.602222521132802 6
      vertex -39.87268867432036 23.83036242809041 6
      vertex -39.952627944162884 23.94999999999999 6
    endloop
  endfacet
  facet normal 0 0 1
    outer loop
      vertex -39.77645713530756 21.602222521132802 6
      vertex -39.777817459305204 23.722182540694803 6
      vertex -39.87268867432036 23.83036242809041 6
    endloop
  endfacet
  facet normal 0 0 1
    outer loop
      vertex -39.39157857666015 21.525665415878564 6
      vertex -39.4209517756016 23.483732514237573 6
      vertex -39.55 23.547372055837116 6
    endloop
  endfacet
  facet normal 0 0 1
    outer loop
      vertex -39.39157857666015 21.525665415878564 6
      vertex -39.28470094961277 23.43748159108202 6
      vertex -39.4209517756016 23.483732514237573 6
    endloop
  endfacet
  facet normal 0 0 1
    outer loop
      vertex -39.39157857666015 21.525665415878564 6
      vertex -39.143578811442055 23.409410652488816 6
      vertex -39.28470094961277 23.43748159108202 6
    endloop
  endfacet
  facet normal 0 0 1
    outer loop
      vertex -39 21.5 6
      vertex -39 23.400000000000006 6
      vertex -39.143578811442055 23.409410652488816 6
    endloop
  endfacet
  facet normal 0 0 1
    outer loop
      vertex -38.60842142333985 21.525665415878564 6
      vertex -38.856421188557945 23.409410652488816 6
      vertex -39 23.400000000000006 6
    endloop
  endfacet
  facet normal 0 0 1
    outer loop
      vertex -38.60842142333985 21.525665415878564 6
      vertex -38.71529905038723 23.43748159108202 6
      vertex -38.856421188557945 23.409410652488816 6
    endloop
  endfacet
  facet normal 0 0 1
    outer loop
      vertex -38.22354286469244 21.602222521132802 6
      vertex -38.5790482243984 23.483732514237573 6
      vertex -38.71529905038723 23.43748159108202 6
    endloop
  endfacet
  facet normal 0 0 1
    outer loop
      vertex -38.22354286469244 21.602222521132802 6
      vertex -38.45 23.547372055837116 6
      vertex -38.5790482243984 23.483732514237573 6
    endloop
  endfacet
  facet normal 0 0 1
    outer loop
      vertex -38.22354286469244 21.602222521132802 6
      vertex -38.33036242809041 23.627311325679642 6
      vertex -38.45 23.547372055837116 6
    endloop
  endfacet
  facet normal 0 0 1
    outer loop
      vertex -38.22354286469244 21.602222521132802 6
      vertex -37.85194970290473 21.728361402466135 6
      vertex -38.33036242809041 23.627311325679642 6
    endloop
  endfacet
  facet normal 0 0 1
    outer loop
      vertex -37.85194970290473 21.728361402466135 6
      vertex -38.222182540694796 23.722182540694803 6
      vertex -38.33036242809041 23.627311325679642 6
    endloop
  endfacet
  facet normal 0 0 1
    outer loop
      vertex -37.85194970290473 21.728361402466135 6
      vertex -38.12731132567964 23.83036242809041 6
      vertex -38.222182540694796 23.722182540694803 6
    endloop
  endfacet
  facet normal 0 0 1
    outer loop
      vertex -37.85194970290473 21.728361402466135 6
      vertex -38.047372055837116 23.94999999999999 6
      vertex -38.12731132567964 23.83036242809041 6
    endloop
  endfacet
  facet normal -0.9469301294951021 -0.3214394653031718 0
    outer loop
      vertex -41.897777478867205 23.723542864692433 3
      vertex -41.77163859753386 23.351949702904733 6
      vertex -41.897777478867205 23.723542864692433 6
    endloop
  endfacet
  facet normal -0.9807852804032322 -0.19509032201611928 0
    outer loop
      vertex -41.97433458412143 24.10842142333985 3
      vertex -41.897777478867205 23.723542864692433 6
      vertex -41.97433458412143 24.10842142333985 6
    endloop
  endfacet
  facet normal -0.9978589232386031 -0.0654031292301486 0
    outer loop
      vertex -42 24.5 3
      vertex -41.97433458412143 24.10842142333985 6
      vertex -42 24.5 6
    endloop
  endfacet
  facet normal -0.9978589232386031 0.0654031292301486 0
    outer loop
      vertex -41.97433458412143 24.89157857666015 3
      vertex -42 24.5 6
      vertex -41.97433458412143 24.89157857666015 6
    endloop
  endfacet
  facet normal -0.9807852804032322 0.19509032201611928 0
    outer loop
      vertex -41.897777478867205 25.276457135307567 3
      vertex -41.97433458412143 24.89157857666015 6
      vertex -41.897777478867205 25.276457135307567 6
    endloop
  endfacet
  facet normal -0.9469301294951021 0.3214394653031718 0
    outer loop
      vertex -41.77163859753386 25.648050297095267 3
      vertex -41.897777478867205 25.276457135307567 6
      vertex -41.77163859753386 25.648050297095267 6
    endloop
  endfacet
  facet normal -0.8968727415326916 0.4422886902189947 0
    outer loop
      vertex -41.598076211353316 26 3
      vertex -41.77163859753386 25.648050297095267 6
      vertex -41.598076211353316 26 6
    endloop
  endfacet
  facet normal -0.8314696123025522 0.5555702330195917 0
    outer loop
      vertex -41.38006002087371 26.32628428702617 3
      vertex -41.598076211353316 26 6
      vertex -41.38006002087371 26.32628428702617 6
    endloop
  endfacet
  facet normal -0.751839807478959 0.6593458151000898 0
    outer loop
      vertex -41.121320343559645 26.62132034355963 3
      vertex -41.38006002087371 26.32628428702617 6
      vertex -41.121320343559645 26.62132034355963 6
    endloop
  endfacet
  facet normal -0.6593458151000937 0.7518398074789557 0
    outer loop
      vertex -40.82628428702616 26.880060020873714 3
      vertex -41.121320343559645 26.62132034355963 6
      vertex -40.82628428702616 26.880060020873714 6
    endloop
  endfacet
  facet normal -0.5555702330195875 0.831469612302555 0
    outer loop
      vertex -40.5 27.098076211353316 3
      vertex -40.82628428702616 26.880060020873714 6
      vertex -40.5 27.098076211353316 6
    endloop
  endfacet
  facet normal -0.4422886902190092 0.8968727415326844 0
    outer loop
      vertex -40.14805029709527 27.271638597533865 3
      vertex -40.5 27.098076211353316 6
      vertex -40.14805029709527 27.271638597533865 6
    endloop
  endfacet
  facet normal 0.751839807478959 0.6593458151000898 0
    outer loop
      vertex -36.61993997912629 26.32628428702617 3
      vertex -36.878679656440355 26.62132034355963 6
      vertex -36.61993997912629 26.32628428702617 6
    endloop
  endfacet
  facet normal 0.5555702330195875 0.831469612302555 0
    outer loop
      vertex -37.17371571297384 26.880060020873714 3
      vertex -37.5 27.098076211353316 6
      vertex -37.17371571297384 26.880060020873714 6
    endloop
  endfacet
  facet normal 0.6593458151000937 0.7518398074789557 0
    outer loop
      vertex -36.878679656440355 26.62132034355963 3
      vertex -37.17371571297384 26.880060020873714 6
      vertex -36.878679656440355 26.62132034355963 6
    endloop
  endfacet
  facet normal 0.9469301294951021 -0.3214394653031718 0
    outer loop
      vertex -36.22836140246614 23.351949702904733 3
      vertex -36.102222521132795 23.723542864692433 6
      vertex -36.22836140246614 23.351949702904733 6
    endloop
  endfacet
  facet normal 0.9807852804032322 -0.19509032201611928 0
    outer loop
      vertex -36.102222521132795 23.723542864692433 3
      vertex -36.02566541587857 24.10842142333985 6
      vertex -36.102222521132795 23.723542864692433 6
    endloop
  endfacet
  facet normal 0.9978589232386031 -0.0654031292301486 0
    outer loop
      vertex -36.02566541587857 24.10842142333985 3
      vertex -36 24.5 6
      vertex -36.02566541587857 24.10842142333985 6
    endloop
  endfacet
  facet normal 0.9978589232386031 0.0654031292301486 0
    outer loop
      vertex -36 24.5 3
      vertex -36.02566541587857 24.89157857666015 6
      vertex -36 24.5 6
    endloop
  endfacet
  facet normal 0.9807852804032322 0.19509032201611928 0
    outer loop
      vertex -36.02566541587857 24.89157857666015 3
      vertex -36.102222521132795 25.276457135307567 6
      vertex -36.02566541587857 24.89157857666015 6
    endloop
  endfacet
  facet normal 0.9469301294951021 0.3214394653031718 0
    outer loop
      vertex -36.102222521132795 25.276457135307567 3
      vertex -36.22836140246614 25.648050297095267 6
      vertex -36.102222521132795 25.276457135307567 6
    endloop
  endfacet
  facet normal 0.8968727415326916 0.4422886902189947 0
    outer loop
      vertex -36.22836140246614 25.648050297095267 3
      vertex -36.401923788646684 26 6
      vertex -36.22836140246614 25.648050297095267 6
    endloop
  endfacet
  facet normal 0.8314696123025522 0.5555702330195917 0
    outer loop
      vertex -36.401923788646684 26 3
      vertex -36.61993997912629 26.32628428702617 6
      vertex -36.401923788646684 26 6
    endloop
  endfacet
  facet normal -0.32143946530313383 0.9469301294951151 0
    outer loop
      vertex -39.77645713530756 27.397777478867198 3
      vertex -40.14805029709527 27.271638597533865 6
      vertex -39.77645713530756 27.397777478867198 6
    endloop
  endfacet
  facet normal -0.19509032201615756 0.9807852804032244 0
    outer loop
      vertex -39.39157857666015 27.474334584121436 3
      vertex -39.77645713530756 27.397777478867198 6
      vertex -39.39157857666015 27.474334584121436 6
    endloop
  endfacet
  facet normal -0.06540312923013057 0.9978589232386043 0
    outer loop
      vertex -39 27.5 3
      vertex -39.39157857666015 27.474334584121436 6
      vertex -39 27.5 6
    endloop
  endfacet
  facet normal 0.06540312923013057 0.9978589232386043 0
    outer loop
      vertex -38.60842142333985 27.474334584121436 3
      vertex -39 27.5 6
      vertex -38.60842142333985 27.474334584121436 6
    endloop
  endfacet
  facet normal 0.19509032201615756 0.9807852804032244 0
    outer loop
      vertex -38.22354286469244 27.397777478867198 3
      vertex -38.60842142333985 27.474334584121436 6
      vertex -38.22354286469244 27.397777478867198 6
    endloop
  endfacet
  facet normal 0.32143946530313383 0.9469301294951151 0
    outer loop
      vertex -37.85194970290473 27.271638597533865 3
      vertex -38.22354286469244 27.397777478867198 6
      vertex -37.85194970290473 27.271638597533865 6
    endloop
  endfacet
  facet normal 0.4422886902190092 0.8968727415326844 0
    outer loop
      vertex -37.5 27.098076211353316 3
      vertex -37.85194970290473 27.271638597533865 6
      vertex -37.5 27.098076211353316 6
    endloop
  endfacet
  facet normal 0 0 1
    outer loop
      vertex -41.77163859753386 23.351949702904733 6
      vertex -41.897777478867205 25.276457135307567 6
      vertex -41.897777478867205 23.723542864692433 6
    endloop
  endfacet
  facet normal 0 0 1
    outer loop
      vertex -41.598076211353316 23 6
      vertex -41.77163859753386 25.648050297095267 6
      vertex -41.77163859753386 23.351949702904733 6
    endloop
  endfacet
  facet normal 0 0 1
    outer loop
      vertex -41.897777478867205 23.723542864692433 6
      vertex -41.97433458412143 24.89157857666015 6
      vertex -41.97433458412143 24.10842142333985 6
    endloop
  endfacet
  facet normal 0 0 1
    outer loop
      vertex -41.97433458412143 24.10842142333985 6
      vertex -41.97433458412143 24.89157857666015 6
      vertex -42 24.5 6
    endloop
  endfacet
  facet normal 0 0 1
    outer loop
      vertex -41.897777478867205 23.723542864692433 6
      vertex -41.897777478867205 25.276457135307567 6
      vertex -41.97433458412143 24.89157857666015 6
    endloop
  endfacet
  facet normal 0 0 1
    outer loop
      vertex -41.77163859753386 23.351949702904733 6
      vertex -41.77163859753386 25.648050297095267 6
      vertex -41.897777478867205 25.276457135307567 6
    endloop
  endfacet
  facet normal 0 0 1
    outer loop
      vertex -41.598076211353316 23 6
      vertex -41.598076211353316 26 6
      vertex -41.77163859753386 25.648050297095267 6
    endloop
  endfacet
  facet normal 0 0 1
    outer loop
      vertex -40.82628428702616 22.119939979126286 6
      vertex -41.121320343559645 26.62132034355963 6
      vertex -41.121320343559645 22.37867965644037 6
    endloop
  endfacet
  facet normal 0 0 1
    outer loop
      vertex -41.38006002087371 22.67371571297383 6
      vertex -41.598076211353316 26 6
      vertex -41.598076211353316 23 6
    endloop
  endfacet
  facet normal 0 0 1
    outer loop
      vertex -41.38006002087371 22.67371571297383 6
      vertex -41.121320343559645 22.37867965644037 6
      vertex -41.38006002087371 26.32628428702617 6
    endloop
  endfacet
  facet normal 0 0 1
    outer loop
      vertex -40.82628428702616 22.119939979126286 6
      vertex -40.5 21.901923788646684 6
      vertex -40.82628428702616 26.880060020873714 6
    endloop
  endfacet
  facet normal 0 0 1
    outer loop
      vertex -40.14805029709527 21.728361402466135 6
      vertex -40.5 27.098076211353316 6
      vertex -40.5 21.901923788646684 6
    endloop
  endfacet
  facet normal 0 0 1
    outer loop
      vertex -40.14805029709527 21.728361402466135 6
      vertex -40.01626748576241 24.079048224398406 6
      vertex -40.062518408917974 24.215299050387216 6
    endloop
  endfacet
  facet normal 0 0 1
    outer loop
      vertex -40.14805029709527 21.728361402466135 6
      vertex -39.952627944162884 23.94999999999999 6
      vertex -40.01626748576241 24.079048224398406 6
    endloop
  endfacet
  facet normal 0 0 1
    outer loop
      vertex -40.14805029709527 21.728361402466135 6
      vertex -40.062518408917974 24.215299050387216 6
      vertex -40.09058934751119 24.35642118855793 6
    endloop
  endfacet
  facet normal 0 0 1
    outer loop
      vertex -40.14805029709527 21.728361402466135 6
      vertex -40.09058934751119 24.35642118855793 6
      vertex -40.1 24.5 6
    endloop
  endfacet
  facet normal 0 0 1
    outer loop
      vertex -41.38006002087371 22.67371571297383 6
      vertex -41.38006002087371 26.32628428702617 6
      vertex -41.598076211353316 26 6
    endloop
  endfacet
  facet normal 0 0 1
    outer loop
      vertex -41.121320343559645 22.37867965644037 6
      vertex -41.121320343559645 26.62132034355963 6
      vertex -41.38006002087371 26.32628428702617 6
    endloop
  endfacet
  facet normal 0 0 1
    outer loop
      vertex -40.14805029709527 21.728361402466135 6
      vertex -40.1 24.5 6
      vertex -40.14805029709527 27.271638597533865 6
    endloop
  endfacet
  facet normal 0 0 1
    outer loop
      vertex -40.82628428702616 22.119939979126286 6
      vertex -40.82628428702616 26.880060020873714 6
      vertex -41.121320343559645 26.62132034355963 6
    endloop
  endfacet
  facet normal 0 0 1
    outer loop
      vertex -40.5 21.901923788646684 6
      vertex -40.5 27.098076211353316 6
      vertex -40.82628428702616 26.880060020873714 6
    endloop
  endfacet
  facet normal 0 0 1
    outer loop
      vertex -40.14805029709527 21.728361402466135 6
      vertex -40.14805029709527 27.271638597533865 6
      vertex -40.5 27.098076211353316 6
    endloop
  endfacet
  facet normal 0 0 1
    outer loop
      vertex -40.14805029709527 27.271638597533865 6
      vertex -40.1 24.5 6
      vertex -40.09058934751119 24.64357881144207 6
    endloop
  endfacet
  facet normal 0 0 1
    outer loop
      vertex -40.14805029709527 27.271638597533865 6
      vertex -40.09058934751119 24.64357881144207 6
      vertex -40.062518408917974 24.784700949612784 6
    endloop
  endfacet
  facet normal 0 0 1
    outer loop
      vertex -40.14805029709527 27.271638597533865 6
      vertex -40.062518408917974 24.784700949612784 6
      vertex -40.01626748576241 24.920951775601594 6
    endloop
  endfacet
  facet normal 0 0 1
    outer loop
      vertex -40.14805029709527 27.271638597533865 6
      vertex -40.01626748576241 24.920951775601594 6
      vertex -39.952627944162884 25.05000000000001 6
    endloop
  endfacet
  facet normal 0 0 1
    outer loop
      vertex -40.14805029709527 27.271638597533865 6
      vertex -39.952627944162884 25.05000000000001 6
      vertex -39.87268867432036 25.16963757190959 6
    endloop
  endfacet
  facet normal 0 0 1
    outer loop
      vertex -37.85194970290473 21.728361402466135 6
      vertex -37.98373251423759 24.079048224398406 6
      vertex -38.047372055837116 23.94999999999999 6
    endloop
  endfacet
  facet normal 0 0 1
    outer loop
      vertex -37.85194970290473 21.728361402466135 6
      vertex -37.937481591082026 24.215299050387216 6
      vertex -37.98373251423759 24.079048224398406 6
    endloop
  endfacet
  facet normal 0 0 1
    outer loop
      vertex -37.85194970290473 21.728361402466135 6
      vertex -37.90941065248881 24.35642118855793 6
      vertex -37.937481591082026 24.215299050387216 6
    endloop
  endfacet
  facet normal 0 0 1
    outer loop
      vertex -37.85194970290473 21.728361402466135 6
      vertex -37.9 24.5 6
      vertex -37.90941065248881 24.35642118855793 6
    endloop
  endfacet
  facet normal 0 0 1
    outer loop
      vertex -37.85194970290473 21.728361402466135 6
      vertex -37.5 21.901923788646684 6
      vertex -37.85194970290473 27.271638597533865 6
    endloop
  endfacet
  facet normal 0 0 1
    outer loop
      vertex -37.5 21.901923788646684 6
      vertex -37.17371571297384 22.119939979126286 6
      vertex -37.5 27.098076211353316 6
    endloop
  endfacet
  facet normal 0 0 1
    outer loop
      vertex -37.17371571297384 22.119939979126286 6
      vertex -36.878679656440355 22.37867965644037 6
      vertex -37.17371571297384 26.880060020873714 6
    endloop
  endfacet
  facet normal 0 0 1
    outer loop
      vertex -36.878679656440355 22.37867965644037 6
      vertex -36.61993997912629 22.67371571297383 6
      vertex -36.878679656440355 26.62132034355963 6
    endloop
  endfacet
  facet normal 0 0 1
    outer loop
      vertex -37.85194970290473 21.728361402466135 6
      vertex -37.85194970290473 27.271638597533865 6
      vertex -37.9 24.5 6
    endloop
  endfacet
  facet normal 0 0 1
    outer loop
      vertex -40.14805029709527 27.271638597533865 6
      vertex -39.87268867432036 25.16963757190959 6
      vertex -39.777817459305204 25.277817459305197 6
    endloop
  endfacet
  facet normal 0 0 1
    outer loop
      vertex -40.14805029709527 27.271638597533865 6
      vertex -39.777817459305204 25.277817459305197 6
      vertex -39.66963757190959 25.372688674320358 6
    endloop
  endfacet
  facet normal 0 0 1
    outer loop
      vertex -39.77645713530756 27.397777478867198 6
      vertex -39.66963757190959 25.372688674320358 6
      vertex -39.55 25.452627944162884 6
    endloop
  endfacet
  facet normal 0 0 1
    outer loop
      vertex -39.77645713530756 27.397777478867198 6
      vertex -39.55 25.452627944162884 6
      vertex -39.4209517756016 25.516267485762427 6
    endloop
  endfacet
  facet normal 0 0 1
    outer loop
      vertex -38.60842142333985 27.474334584121436 6
      vertex -38.5790482243984 25.516267485762427 6
      vertex -38.45 25.452627944162884 6
    endloop
  endfacet
  facet normal 0 0 1
    outer loop
      vertex -38.22354286469244 27.397777478867198 6
      vertex -38.45 25.452627944162884 6
      vertex -38.33036242809041 25.372688674320358 6
    endloop
  endfacet
  facet normal 0 0 1
    outer loop
      vertex -39.77645713530756 27.397777478867198 6
      vertex -39.4209517756016 25.516267485762427 6
      vertex -39.28470094961277 25.56251840891798 6
    endloop
  endfacet
  facet normal 0 0 1
    outer loop
      vertex -39.39157857666015 27.474334584121436 6
      vertex -39.28470094961277 25.56251840891798 6
      vertex -39.143578811442055 25.590589347511184 6
    endloop
  endfacet
  facet normal 0 0 1
    outer loop
      vertex -39.39157857666015 27.474334584121436 6
      vertex -39.143578811442055 25.590589347511184 6
      vertex -39 25.599999999999994 6
    endloop
  endfacet
  facet normal 0 0 1
    outer loop
      vertex -40.14805029709527 27.271638597533865 6
      vertex -39.66963757190959 25.372688674320358 6
      vertex -39.77645713530756 27.397777478867198 6
    endloop
  endfacet
  facet normal 0 0 1
    outer loop
      vertex -39.77645713530756 27.397777478867198 6
      vertex -39.28470094961277 25.56251840891798 6
      vertex -39.39157857666015 27.474334584121436 6
    endloop
  endfacet
  facet normal 0 0 1
    outer loop
      vertex -39.39157857666015 27.474334584121436 6
      vertex -39 25.599999999999994 6
      vertex -39 27.5 6
    endloop
  endfacet
  facet normal 0 0 1
    outer loop
      vertex -39 27.5 6
      vertex -39 25.599999999999994 6
      vertex -38.856421188557945 25.590589347511184 6
    endloop
  endfacet
  facet normal 0 0 1
    outer loop
      vertex -38.60842142333985 27.474334584121436 6
      vertex -38.856421188557945 25.590589347511184 6
      vertex -38.71529905038723 25.56251840891798 6
    endloop
  endfacet
  facet normal 0 0 1
    outer loop
      vertex -38.60842142333985 27.474334584121436 6
      vertex -38.71529905038723 25.56251840891798 6
      vertex -38.5790482243984 25.516267485762427 6
    endloop
  endfacet
  facet normal 0 0 1
    outer loop
      vertex -39 27.5 6
      vertex -38.856421188557945 25.590589347511184 6
      vertex -38.60842142333985 27.474334584121436 6
    endloop
  endfacet
  facet normal 0 0 1
    outer loop
      vertex -38.60842142333985 27.474334584121436 6
      vertex -38.45 25.452627944162884 6
      vertex -38.22354286469244 27.397777478867198 6
    endloop
  endfacet
  facet normal 0 0 1
    outer loop
      vertex -37.85194970290473 27.271638597533865 6
      vertex -37.90941065248881 24.64357881144207 6
      vertex -37.9 24.5 6
    endloop
  endfacet
  facet normal 0 0 1
    outer loop
      vertex -37.85194970290473 27.271638597533865 6
      vertex -37.937481591082026 24.784700949612784 6
      vertex -37.90941065248881 24.64357881144207 6
    endloop
  endfacet
  facet normal 0 0 1
    outer loop
      vertex -37.85194970290473 27.271638597533865 6
      vertex -37.98373251423759 24.920951775601594 6
      vertex -37.937481591082026 24.784700949612784 6
    endloop
  endfacet
  facet normal 0 0 1
    outer loop
      vertex -37.5 21.901923788646684 6
      vertex -37.5 27.098076211353316 6
      vertex -37.85194970290473 27.271638597533865 6
    endloop
  endfacet
  facet normal 0 0 1
    outer loop
      vertex -38.22354286469244 27.397777478867198 6
      vertex -38.12731132567964 25.16963757190959 6
      vertex -38.047372055837116 25.05000000000001 6
    endloop
  endfacet
  facet normal 0 0 1
    outer loop
      vertex -37.85194970290473 27.271638597533865 6
      vertex -38.047372055837116 25.05000000000001 6
      vertex -37.98373251423759 24.920951775601594 6
    endloop
  endfacet
  facet normal 0 0 1
    outer loop
      vertex -38.22354286469244 27.397777478867198 6
      vertex -38.222182540694796 25.277817459305197 6
      vertex -38.12731132567964 25.16963757190959 6
    endloop
  endfacet
  facet normal 0 0 1
    outer loop
      vertex -38.22354286469244 27.397777478867198 6
      vertex -38.33036242809041 25.372688674320358 6
      vertex -38.222182540694796 25.277817459305197 6
    endloop
  endfacet
  facet normal 0 0 1
    outer loop
      vertex -37.17371571297384 22.119939979126286 6
      vertex -37.17371571297384 26.880060020873714 6
      vertex -37.5 27.098076211353316 6
    endloop
  endfacet
  facet normal 0 0 1
    outer loop
      vertex -36.878679656440355 22.37867965644037 6
      vertex -36.878679656440355 26.62132034355963 6
      vertex -37.17371571297384 26.880060020873714 6
    endloop
  endfacet
  facet normal 0 0 1
    outer loop
      vertex -36.61993997912629 22.67371571297383 6
      vertex -36.61993997912629 26.32628428702617 6
      vertex -36.878679656440355 26.62132034355963 6
    endloop
  endfacet
  facet normal 0 0 1
    outer loop
      vertex -37.85194970290473 27.271638597533865 6
      vertex -38.22354286469244 27.397777478867198 6
      vertex -38.047372055837116 25.05000000000001 6
    endloop
  endfacet
  facet normal 0 0 1
    outer loop
      vertex -36.61993997912629 22.67371571297383 6
      vertex -36.401923788646684 23 6
      vertex -36.61993997912629 26.32628428702617 6
    endloop
  endfacet
  facet normal 0 0 1
    outer loop
      vertex -36.401923788646684 23 6
      vertex -36.22836140246614 23.351949702904733 6
      vertex -36.401923788646684 26 6
    endloop
  endfacet
  facet normal 0 0 1
    outer loop
      vertex -36.22836140246614 23.351949702904733 6
      vertex -36.102222521132795 23.723542864692433 6
      vertex -36.22836140246614 25.648050297095267 6
    endloop
  endfacet
  facet normal 0 0 1
    outer loop
      vertex -36.102222521132795 23.723542864692433 6
      vertex -36.02566541587857 24.10842142333985 6
      vertex -36.102222521132795 25.276457135307567 6
    endloop
  endfacet
  facet normal 0 0 1
    outer loop
      vertex -36.02566541587857 24.10842142333985 6
      vertex -36 24.5 6
      vertex -36.02566541587857 24.89157857666015 6
    endloop
  endfacet
  facet normal 0 0 1
    outer loop
      vertex -36.401923788646684 23 6
      vertex -36.401923788646684 26 6
      vertex -36.61993997912629 26.32628428702617 6
    endloop
  endfacet
  facet normal 0 0 1
    outer loop
      vertex -36.22836140246614 23.351949702904733 6
      vertex -36.22836140246614 25.648050297095267 6
      vertex -36.401923788646684 26 6
    endloop
  endfacet
  facet normal 0 0 1
    outer loop
      vertex -36.02566541587857 24.10842142333985 6
      vertex -36.02566541587857 24.89157857666015 6
      vertex -36.102222521132795 25.276457135307567 6
    endloop
  endfacet
  facet normal 0 0 1
    outer loop
      vertex -36.102222521132795 23.723542864692433 6
      vertex -36.102222521132795 25.276457135307567 6
      vertex -36.22836140246614 25.648050297095267 6
    endloop
  endfacet
  facet normal -0.7518398074789545 -0.6593458151000949 0
    outer loop
      vertex 16.878679656440358 22.37867965644037 3
      vertex 16.878679656440358 22.37867965644037 6
      vertex 16.619939979126293 22.67371571297383 3
    endloop
  endfacet
  facet normal -0.8968727415326916 -0.4422886902189947 0
    outer loop
      vertex 16.401923788646684 23 3
      vertex 16.401923788646684 23 6
      vertex 16.228361402466142 23.351949702904733 3
    endloop
  endfacet
  facet normal -0.8314696123025522 -0.5555702330195917 0
    outer loop
      vertex 16.619939979126293 22.67371571297383 3
      vertex 16.619939979126293 22.67371571297383 6
      vertex 16.401923788646684 23 3
    endloop
  endfacet
  facet normal -0.4422886902190129 -0.8968727415326827 -1.108295856302934e-18
    outer loop
      vertex 17.5 21.901923788646684 3
      vertex 17.85194970290473 21.728361402466135 3
      vertex 17.85194970290473 21.728361402466135 6
    endloop
  endfacet
  facet normal -0.659345815100098 -0.7518398074789516 8.159567222149447e-19
    outer loop
      vertex 16.878679656440358 22.37867965644037 3
      vertex 17.173715712973838 22.119939979126286 3
      vertex 17.173715712973838 22.119939979126286 6
    endloop
  endfacet
  facet normal -0.5555702330195875 -0.831469612302555 -2.127085931631669e-18
    outer loop
      vertex 17.173715712973838 22.119939979126286 3
      vertex 17.5 21.901923788646684 3
      vertex 17.5 21.901923788646684 6
    endloop
  endfacet
  facet normal -0.32143946530313383 -0.9469301294951151 1.7045075690523177e-18
    outer loop
      vertex 17.85194970290473 21.728361402466135 3
      vertex 18.223542864692437 21.602222521132802 3
      vertex 18.223542864692437 21.602222521132802 6
    endloop
  endfacet
  facet normal -0.19509032201615756 -0.9807852804032244 -1.1725262252824e-18
    outer loop
      vertex 18.223542864692437 21.602222521132802 3
      vertex 18.608421423339845 21.525665415878564 3
      vertex 18.608421423339845 21.525665415878564 6
    endloop
  endfacet
  facet normal -0.06540312923012997 -0.9978589232386043 -5.145819561539496e-19
    outer loop
      vertex 18.608421423339845 21.525665415878564 3
      vertex 19 21.5 3
      vertex 19 21.5 6
    endloop
  endfacet
  facet normal 0.06540312923012997 -0.9978589232386043 5.145819561539496e-19
    outer loop
      vertex 19 21.5 3
      vertex 19.391578576660155 21.525665415878564 3
      vertex 19.391578576660155 21.525665415878564 6
    endloop
  endfacet
  facet normal 0.19509032201615756 -0.9807852804032244 1.1725262252824e-18
    outer loop
      vertex 19.391578576660155 21.525665415878564 3
      vertex 19.776457135307563 21.602222521132802 3
      vertex 19.776457135307563 21.602222521132802 6
    endloop
  endfacet
  facet normal 0.32143946530313383 -0.9469301294951151 -1.7045075690523177e-18
    outer loop
      vertex 19.776457135307563 21.602222521132802 3
      vertex 20.14805029709527 21.728361402466135 3
      vertex 20.14805029709527 21.728361402466135 6
    endloop
  endfacet
  facet normal -0.9469301294951021 -0.3214394653031718 0
    outer loop
      vertex 16.228361402466142 23.351949702904733 3
      vertex 16.228361402466142 23.351949702904733 6
      vertex 16.102222521132795 23.723542864692433 3
    endloop
  endfacet
  facet normal -0.9807852804032322 -0.19509032201611928 8.126871632437976e-19
    outer loop
      vertex 16.02566541587857 24.10842142333985 3
      vertex 16.102222521132795 23.723542864692433 3
      vertex 16.102222521132795 23.723542864692433 6
    endloop
  endfacet
  facet normal -0.9978589232386031 -0.0654031292301486 0
    outer loop
      vertex 16.02566541587857 24.10842142333985 3
      vertex 16.02566541587857 24.10842142333985 6
      vertex 16 24.5 3
    endloop
  endfacet
  facet normal -0.9978589232386031 0.0654031292301486 0
    outer loop
      vertex 16 24.5 3
      vertex 16 24.5 6
      vertex 16.02566541587857 24.89157857666015 3
    endloop
  endfacet
  facet normal -0.9807852804032322 0.19509032201611928 0
    outer loop
      vertex 16.02566541587857 24.89157857666015 3
      vertex 16.02566541587857 24.89157857666015 6
      vertex 16.102222521132795 25.276457135307567 3
    endloop
  endfacet
  facet normal -0.9469301294951021 0.3214394653031718 0
    outer loop
      vertex 16.102222521132795 25.276457135307567 3
      vertex 16.102222521132795 25.276457135307567 6
      vertex 16.228361402466142 25.648050297095267 3
    endloop
  endfacet
  facet normal -0.8968727415326916 0.4422886902189947 0
    outer loop
      vertex 16.228361402466142 25.648050297095267 3
      vertex 16.228361402466142 25.648050297095267 6
      vertex 16.401923788646684 26 3
    endloop
  endfacet
  facet normal -0.8314696123025522 0.5555702330195917 0
    outer loop
      vertex 16.401923788646684 26 3
      vertex 16.401923788646684 26 6
      vertex 16.619939979126293 26.32628428702617 3
    endloop
  endfacet
  facet normal -0.7518398074789545 0.6593458151000949 0
    outer loop
      vertex 16.619939979126293 26.32628428702617 3
      vertex 16.619939979126293 26.32628428702617 6
      vertex 16.878679656440358 26.62132034355963 3
    endloop
  endfacet
  facet normal -0.659345815100098 0.7518398074789516 0
    outer loop
      vertex 16.878679656440358 26.62132034355963 3
      vertex 16.878679656440358 26.62132034355963 6
      vertex 17.173715712973838 26.880060020873714 3
    endloop
  endfacet
  facet normal -0.5555702330195875 0.831469612302555 0
    outer loop
      vertex 17.173715712973838 26.880060020873714 3
      vertex 17.173715712973838 26.880060020873714 6
      vertex 17.5 27.098076211353316 3
    endloop
  endfacet
  facet normal -0.4422886902190129 0.8968727415326827 0
    outer loop
      vertex 17.5 27.098076211353316 3
      vertex 17.5 27.098076211353316 6
      vertex 17.85194970290473 27.271638597533865 3
    endloop
  endfacet
  facet normal -0.32143946530313383 0.9469301294951151 0
    outer loop
      vertex 17.85194970290473 27.271638597533865 3
      vertex 17.85194970290473 27.271638597533865 6
      vertex 18.223542864692437 27.397777478867198 3
    endloop
  endfacet
  facet normal -0.19509032201615756 0.9807852804032244 0
    outer loop
      vertex 18.223542864692437 27.397777478867198 3
      vertex 18.223542864692437 27.397777478867198 6
      vertex 18.608421423339845 27.474334584121436 3
    endloop
  endfacet
  facet normal -0.06540312923012997 0.9978589232386043 0
    outer loop
      vertex 18.608421423339845 27.474334584121436 3
      vertex 18.608421423339845 27.474334584121436 6
      vertex 19 27.5 3
    endloop
  endfacet
  facet normal 0.06540312923012997 0.9978589232386043 0
    outer loop
      vertex 19 27.5 3
      vertex 19 27.5 6
      vertex 19.391578576660155 27.474334584121436 3
    endloop
  endfacet
  facet normal 0.19509032201615756 0.9807852804032244 0
    outer loop
      vertex 19.391578576660155 27.474334584121436 3
      vertex 19.391578576660155 27.474334584121436 6
      vertex 19.776457135307563 27.397777478867198 3
    endloop
  endfacet
  facet normal 0.32143946530313383 0.9469301294951151 0
    outer loop
      vertex 19.776457135307563 27.397777478867198 3
      vertex 19.776457135307563 27.397777478867198 6
      vertex 20.14805029709527 27.271638597533865 3
    endloop
  endfacet
  facet normal -0.7518398074789545 -0.6593458151000949 0
    outer loop
      vertex 16.619939979126293 22.67371571297383 3
      vertex 16.878679656440358 22.37867965644037 6
      vertex 16.619939979126293 22.67371571297383 6
    endloop
  endfacet
  facet normal -0.8314696123025522 -0.5555702330195917 0
    outer loop
      vertex 16.401923788646684 23 3
      vertex 16.619939979126293 22.67371571297383 6
      vertex 16.401923788646684 23 6
    endloop
  endfacet
  facet normal -0.8968727415326916 -0.4422886902189947 0
    outer loop
      vertex 16.228361402466142 23.351949702904733 3
      vertex 16.401923788646684 23 6
      vertex 16.228361402466142 23.351949702904733 6
    endloop
  endfacet
  facet normal -0.5555702330195875 -0.831469612302555 0
    outer loop
      vertex 17.173715712973838 22.119939979126286 3
      vertex 17.5 21.901923788646684 6
      vertex 17.173715712973838 22.119939979126286 6
    endloop
  endfacet
  facet normal -0.4422886902190129 -0.8968727415326827 0
    outer loop
      vertex 17.5 21.901923788646684 3
      vertex 17.85194970290473 21.728361402466135 6
      vertex 17.5 21.901923788646684 6
    endloop
  endfacet
  facet normal -0.32143946530313383 -0.9469301294951151 0
    outer loop
      vertex 17.85194970290473 21.728361402466135 3
      vertex 18.223542864692437 21.602222521132802 6
      vertex 17.85194970290473 21.728361402466135 6
    endloop
  endfacet
  facet normal -0.19509032201615756 -0.9807852804032244 0
    outer loop
      vertex 18.223542864692437 21.602222521132802 3
      vertex 18.608421423339845 21.525665415878564 6
      vertex 18.223542864692437 21.602222521132802 6
    endloop
  endfacet
  facet normal -0.659345815100098 -0.7518398074789516 0
    outer loop
      vertex 16.878679656440358 22.37867965644037 3
      vertex 17.173715712973838 22.119939979126286 6
      vertex 16.878679656440358 22.37867965644037 6
    endloop
  endfacet
  facet normal -0.06540312923012997 -0.9978589232386043 0
    outer loop
      vertex 18.608421423339845 21.525665415878564 3
      vertex 19 21.5 6
      vertex 18.608421423339845 21.525665415878564 6
    endloop
  endfacet
  facet normal 0.06540312923012997 -0.9978589232386043 0
    outer loop
      vertex 19 21.5 3
      vertex 19.391578576660155 21.525665415878564 6
      vertex 19 21.5 6
    endloop
  endfacet
  facet normal 0.19509032201615756 -0.9807852804032244 0
    outer loop
      vertex 19.391578576660155 21.525665415878564 3
      vertex 19.776457135307563 21.602222521132802 6
      vertex 19.391578576660155 21.525665415878564 6
    endloop
  endfacet
  facet normal 0.32143946530313383 -0.9469301294951151 0
    outer loop
      vertex 19.776457135307563 21.602222521132802 3
      vertex 20.14805029709527 21.728361402466135 6
      vertex 19.776457135307563 21.602222521132802 6
    endloop
  endfacet
  facet normal 0 0 1
    outer loop
      vertex 18.223542864692437 21.602222521132802 6
      vertex 18.608421423339845 21.525665415878564 6
      vertex 18.45 23.547372055837116 6
    endloop
  endfacet
  facet normal 0 0 1
    outer loop
      vertex 17.85194970290473 21.728361402466135 6
      vertex 18.223542864692437 21.602222521132802 6
      vertex 18.04737205583712 23.94999999999999 6
    endloop
  endfacet
  facet normal 0 0 1
    outer loop
      vertex 18.223542864692437 21.602222521132802 6
      vertex 18.127311325679642 23.83036242809041 6
      vertex 18.04737205583712 23.94999999999999 6
    endloop
  endfacet
  facet normal 0 0 1
    outer loop
      vertex 18.223542864692437 21.602222521132802 6
      vertex 18.330362428090407 23.627311325679642 6
      vertex 18.2221825406948 23.722182540694803 6
    endloop
  endfacet
  facet normal 0 0 1
    outer loop
      vertex 18.223542864692437 21.602222521132802 6
      vertex 18.45 23.547372055837116 6
      vertex 18.330362428090407 23.627311325679642 6
    endloop
  endfacet
  facet normal 0 0 1
    outer loop
      vertex 18.608421423339845 21.525665415878564 6
      vertex 18.579048224398402 23.483732514237573 6
      vertex 18.45 23.547372055837116 6
    endloop
  endfacet
  facet normal 0 0 1
    outer loop
      vertex 18.223542864692437 21.602222521132802 6
      vertex 18.2221825406948 23.722182540694803 6
      vertex 18.127311325679642 23.83036242809041 6
    endloop
  endfacet
  facet normal 0 0 1
    outer loop
      vertex 18.608421423339845 21.525665415878564 6
      vertex 19 21.5 6
      vertex 18.856421188557942 23.409410652488816 6
    endloop
  endfacet
  facet normal 0 0 1
    outer loop
      vertex 19 21.5 6
      vertex 19.391578576660155 21.525665415878564 6
      vertex 19 23.400000000000006 6
    endloop
  endfacet
  facet normal 0 0 1
    outer loop
      vertex 19.391578576660155 21.525665415878564 6
      vertex 19.776457135307563 21.602222521132802 6
      vertex 19.284700949612773 23.43748159108202 6
    endloop
  endfacet
  facet normal 0 0 1
    outer loop
      vertex 18.608421423339845 21.525665415878564 6
      vertex 18.715299050387227 23.43748159108202 6
      vertex 18.579048224398402 23.483732514237573 6
    endloop
  endfacet
  facet normal 0 0 1
    outer loop
      vertex 18.608421423339845 21.525665415878564 6
      vertex 18.856421188557942 23.409410652488816 6
      vertex 18.715299050387227 23.43748159108202 6
    endloop
  endfacet
  facet normal 0 0 1
    outer loop
      vertex 19 21.5 6
      vertex 19 23.400000000000006 6
      vertex 18.856421188557942 23.409410652488816 6
    endloop
  endfacet
  facet normal 0 0 1
    outer loop
      vertex 19.391578576660155 21.525665415878564 6
      vertex 19.143578811442058 23.409410652488816 6
      vertex 19 23.400000000000006 6
    endloop
  endfacet
  facet normal 0 0 1
    outer loop
      vertex 19.391578576660155 21.525665415878564 6
      vertex 19.284700949612773 23.43748159108202 6
      vertex 19.143578811442058 23.409410652488816 6
    endloop
  endfacet
  facet normal 0 0 1
    outer loop
      vertex 19.776457135307563 21.602222521132802 6
      vertex 20.14805029709527 21.728361402466135 6
      vertex 19.669637571909593 23.627311325679642 6
    endloop
  endfacet
  facet normal 0 0 1
    outer loop
      vertex 19.776457135307563 21.602222521132802 6
      vertex 19.420951775601598 23.483732514237573 6
      vertex 19.284700949612773 23.43748159108202 6
    endloop
  endfacet
  facet normal 0 0 1
    outer loop
      vertex 19.776457135307563 21.602222521132802 6
      vertex 19.55 23.547372055837116 6
      vertex 19.420951775601598 23.483732514237573 6
    endloop
  endfacet
  facet normal 0 0 1
    outer loop
      vertex 19.776457135307563 21.602222521132802 6
      vertex 19.669637571909593 23.627311325679642 6
      vertex 19.55 23.547372055837116 6
    endloop
  endfacet
  facet normal 0 0 1
    outer loop
      vertex 20.14805029709527 21.728361402466135 6
      vertex 19.7778174593052 23.722182540694803 6
      vertex 19.669637571909593 23.627311325679642 6
    endloop
  endfacet
  facet normal 0 0 1
    outer loop
      vertex 20.14805029709527 21.728361402466135 6
      vertex 19.872688674320358 23.83036242809041 6
      vertex 19.7778174593052 23.722182540694803 6
    endloop
  endfacet
  facet normal 0 0 1
    outer loop
      vertex 20.14805029709527 21.728361402466135 6
      vertex 19.95262794416288 23.94999999999999 6
      vertex 19.872688674320358 23.83036242809041 6
    endloop
  endfacet
  facet normal -0.9807852804032322 -0.19509032201611928 0
    outer loop
      vertex 16.02566541587857 24.10842142333985 3
      vertex 16.102222521132795 23.723542864692433 6
      vertex 16.02566541587857 24.10842142333985 6
    endloop
  endfacet
  facet normal -0.9469301294951021 -0.3214394653031718 0
    outer loop
      vertex 16.102222521132795 23.723542864692433 3
      vertex 16.228361402466142 23.351949702904733 6
      vertex 16.102222521132795 23.723542864692433 6
    endloop
  endfacet
  facet normal -0.9978589232386031 -0.0654031292301486 0
    outer loop
      vertex 16 24.5 3
      vertex 16.02566541587857 24.10842142333985 6
      vertex 16 24.5 6
    endloop
  endfacet
  facet normal -0.9978589232386031 0.0654031292301486 0
    outer loop
      vertex 16.02566541587857 24.89157857666015 3
      vertex 16 24.5 6
      vertex 16.02566541587857 24.89157857666015 6
    endloop
  endfacet
  facet normal -0.9807852804032322 0.19509032201611928 0
    outer loop
      vertex 16.102222521132795 25.276457135307567 3
      vertex 16.02566541587857 24.89157857666015 6
      vertex 16.102222521132795 25.276457135307567 6
    endloop
  endfacet
  facet normal -0.9469301294951021 0.3214394653031718 0
    outer loop
      vertex 16.228361402466142 25.648050297095267 3
      vertex 16.102222521132795 25.276457135307567 6
      vertex 16.228361402466142 25.648050297095267 6
    endloop
  endfacet
  facet normal -0.8968727415326916 0.4422886902189947 0
    outer loop
      vertex 16.401923788646684 26 3
      vertex 16.228361402466142 25.648050297095267 6
      vertex 16.401923788646684 26 6
    endloop
  endfacet
  facet normal -0.8314696123025522 0.5555702330195917 0
    outer loop
      vertex 16.619939979126293 26.32628428702617 3
      vertex 16.401923788646684 26 6
      vertex 16.619939979126293 26.32628428702617 6
    endloop
  endfacet
  facet normal -0.7518398074789545 0.6593458151000949 0
    outer loop
      vertex 16.878679656440358 26.62132034355963 3
      vertex 16.619939979126293 26.32628428702617 6
      vertex 16.878679656440358 26.62132034355963 6
    endloop
  endfacet
  facet normal -0.659345815100098 0.7518398074789516 0
    outer loop
      vertex 17.173715712973838 26.880060020873714 3
      vertex 16.878679656440358 26.62132034355963 6
      vertex 17.173715712973838 26.880060020873714 6
    endloop
  endfacet
  facet normal -0.5555702330195875 0.831469612302555 0
    outer loop
      vertex 17.5 27.098076211353316 3
      vertex 17.173715712973838 26.880060020873714 6
      vertex 17.5 27.098076211353316 6
    endloop
  endfacet
  facet normal -0.4422886902190129 0.8968727415326827 0
    outer loop
      vertex 17.85194970290473 27.271638597533865 3
      vertex 17.5 27.098076211353316 6
      vertex 17.85194970290473 27.271638597533865 6
    endloop
  endfacet
  facet normal -0.32143946530313383 0.9469301294951151 0
    outer loop
      vertex 18.223542864692437 27.397777478867198 3
      vertex 17.85194970290473 27.271638597533865 6
      vertex 18.223542864692437 27.397777478867198 6
    endloop
  endfacet
  facet normal -0.19509032201615756 0.9807852804032244 0
    outer loop
      vertex 18.608421423339845 27.474334584121436 3
      vertex 18.223542864692437 27.397777478867198 6
      vertex 18.608421423339845 27.474334584121436 6
    endloop
  endfacet
  facet normal -0.06540312923012997 0.9978589232386043 0
    outer loop
      vertex 19 27.5 3
      vertex 18.608421423339845 27.474334584121436 6
      vertex 19 27.5 6
    endloop
  endfacet
  facet normal 0.06540312923012997 0.9978589232386043 0
    outer loop
      vertex 19.391578576660155 27.474334584121436 3
      vertex 19 27.5 6
      vertex 19.391578576660155 27.474334584121436 6
    endloop
  endfacet
  facet normal 0.19509032201615756 0.9807852804032244 0
    outer loop
      vertex 19.776457135307563 27.397777478867198 3
      vertex 19.391578576660155 27.474334584121436 6
      vertex 19.776457135307563 27.397777478867198 6
    endloop
  endfacet
  facet normal 0.32143946530313383 0.9469301294951151 0
    outer loop
      vertex 20.14805029709527 27.271638597533865 3
      vertex 19.776457135307563 27.397777478867198 6
      vertex 20.14805029709527 27.271638597533865 6
    endloop
  endfacet
  facet normal 0 0 1
    outer loop
      vertex 16.619939979126293 22.67371571297383 6
      vertex 16.401923788646684 26 6
      vertex 16.401923788646684 23 6
    endloop
  endfacet
  facet normal 0 0 1
    outer loop
      vertex 16.228361402466142 23.351949702904733 6
      vertex 16.102222521132795 25.276457135307567 6
      vertex 16.102222521132795 23.723542864692433 6
    endloop
  endfacet
  facet normal 0 0 1
    outer loop
      vertex 16.401923788646684 23 6
      vertex 16.228361402466142 25.648050297095267 6
      vertex 16.228361402466142 23.351949702904733 6
    endloop
  endfacet
  facet normal 0 0 1
    outer loop
      vertex 16.878679656440358 22.37867965644037 6
      vertex 16.619939979126293 26.32628428702617 6
      vertex 16.619939979126293 22.67371571297383 6
    endloop
  endfacet
  facet normal 0 0 1
    outer loop
      vertex 16.02566541587857 24.10842142333985 6
      vertex 16.102222521132795 23.723542864692433 6
      vertex 16.02566541587857 24.89157857666015 6
    endloop
  endfacet
  facet normal 0 0 1
    outer loop
      vertex 16.02566541587857 24.10842142333985 6
      vertex 16.02566541587857 24.89157857666015 6
      vertex 16 24.5 6
    endloop
  endfacet
  facet normal 0 0 1
    outer loop
      vertex 16.102222521132795 23.723542864692433 6
      vertex 16.102222521132795 25.276457135307567 6
      vertex 16.02566541587857 24.89157857666015 6
    endloop
  endfacet
  facet normal 0 0 1
    outer loop
      vertex 16.228361402466142 23.351949702904733 6
      vertex 16.228361402466142 25.648050297095267 6
      vertex 16.102222521132795 25.276457135307567 6
    endloop
  endfacet
  facet normal 0 0 1
    outer loop
      vertex 16.401923788646684 23 6
      vertex 16.401923788646684 26 6
      vertex 16.228361402466142 25.648050297095267 6
    endloop
  endfacet
  facet normal 0 0 1
    outer loop
      vertex 16.619939979126293 22.67371571297383 6
      vertex 16.619939979126293 26.32628428702617 6
      vertex 16.401923788646684 26 6
    endloop
  endfacet
  facet normal 0 0 1
    outer loop
      vertex 16.878679656440358 22.37867965644037 6
      vertex 16.878679656440358 26.62132034355963 6
      vertex 16.619939979126293 26.32628428702617 6
    endloop
  endfacet
  facet normal 0 0 1
    outer loop
      vertex 16.878679656440358 22.37867965644037 6
      vertex 17.173715712973838 22.119939979126286 6
      vertex 16.878679656440358 26.62132034355963 6
    endloop
  endfacet
  facet normal 0 0 1
    outer loop
      vertex 17.173715712973838 22.119939979126286 6
      vertex 17.5 21.901923788646684 6
      vertex 17.173715712973838 26.880060020873714 6
    endloop
  endfacet
  facet normal 0 0 1
    outer loop
      vertex 17.5 21.901923788646684 6
      vertex 17.85194970290473 21.728361402466135 6
      vertex 17.5 27.098076211353316 6
    endloop
  endfacet
  facet normal 0 0 1
    outer loop
      vertex 17.85194970290473 21.728361402466135 6
      vertex 17.983732514237584 24.079048224398406 6
      vertex 17.937481591082026 24.215299050387216 6
    endloop
  endfacet
  facet normal 0 0 1
    outer loop
      vertex 17.85194970290473 21.728361402466135 6
      vertex 17.937481591082026 24.215299050387216 6
      vertex 17.90941065248881 24.35642118855793 6
    endloop
  endfacet
  facet normal 0 0 1
    outer loop
      vertex 17.85194970290473 21.728361402466135 6
      vertex 18.04737205583712 23.94999999999999 6
      vertex 17.983732514237584 24.079048224398406 6
    endloop
  endfacet
  facet normal 0 0 1
    outer loop
      vertex 17.85194970290473 21.728361402466135 6
      vertex 17.90941065248881 24.35642118855793 6
      vertex 17.9 24.5 6
    endloop
  endfacet
  facet normal 0 0 1
    outer loop
      vertex 17.85194970290473 21.728361402466135 6
      vertex 17.9 24.5 6
      vertex 17.85194970290473 27.271638597533865 6
    endloop
  endfacet
  facet normal 0 0 1
    outer loop
      vertex 20.14805029709527 21.728361402466135 6
      vertex 20.016267485762416 24.079048224398406 6
      vertex 19.95262794416288 23.94999999999999 6
    endloop
  endfacet
  facet normal 0 0 1
    outer loop
      vertex 20.14805029709527 21.728361402466135 6
      vertex 20.062518408917974 24.215299050387216 6
      vertex 20.016267485762416 24.079048224398406 6
    endloop
  endfacet
  facet normal 0 0 1
    outer loop
      vertex 20.14805029709527 21.728361402466135 6
      vertex 20.09058934751119 24.35642118855793 6
      vertex 20.062518408917974 24.215299050387216 6
    endloop
  endfacet
  facet normal 0 0 1
    outer loop
      vertex 20.14805029709527 21.728361402466135 6
      vertex 20.1 24.5 6
      vertex 20.09058934751119 24.35642118855793 6
    endloop
  endfacet
  facet normal 0 0 1
    outer loop
      vertex 20.14805029709527 21.728361402466135 6
      vertex 20.14805029709527 27.271638597533865 6
      vertex 20.1 24.5 6
    endloop
  endfacet
  facet normal 0 0 1
    outer loop
      vertex 17.173715712973838 22.119939979126286 6
      vertex 17.173715712973838 26.880060020873714 6
      vertex 16.878679656440358 26.62132034355963 6
    endloop
  endfacet
  facet normal 0 0 1
    outer loop
      vertex 17.5 21.901923788646684 6
      vertex 17.5 27.098076211353316 6
      vertex 17.173715712973838 26.880060020873714 6
    endloop
  endfacet
  facet normal 0 0 1
    outer loop
      vertex 17.85194970290473 21.728361402466135 6
      vertex 17.85194970290473 27.271638597533865 6
      vertex 17.5 27.098076211353316 6
    endloop
  endfacet
  facet normal 0 0 1
    outer loop
      vertex 17.85194970290473 27.271638597533865 6
      vertex 17.9 24.5 6
      vertex 17.90941065248881 24.64357881144207 6
    endloop
  endfacet
  facet normal 0 0 1
    outer loop
      vertex 17.85194970290473 27.271638597533865 6
      vertex 17.90941065248881 24.64357881144207 6
      vertex 17.937481591082026 24.784700949612784 6
    endloop
  endfacet
  facet normal 0 0 1
    outer loop
      vertex 17.85194970290473 27.271638597533865 6
      vertex 17.937481591082026 24.784700949612784 6
      vertex 17.983732514237584 24.920951775601594 6
    endloop
  endfacet
  facet normal 0 0 1
    outer loop
      vertex 17.85194970290473 27.271638597533865 6
      vertex 17.983732514237584 24.920951775601594 6
      vertex 18.04737205583712 25.05000000000001 6
    endloop
  endfacet
  facet normal 0 0 1
    outer loop
      vertex 17.85194970290473 27.271638597533865 6
      vertex 18.04737205583712 25.05000000000001 6
      vertex 18.127311325679642 25.16963757190959 6
    endloop
  endfacet
  facet normal 0 0 1
    outer loop
      vertex 17.85194970290473 27.271638597533865 6
      vertex 18.127311325679642 25.16963757190959 6
      vertex 18.2221825406948 25.277817459305197 6
    endloop
  endfacet
  facet normal 0 0 1
    outer loop
      vertex 17.85194970290473 27.271638597533865 6
      vertex 18.2221825406948 25.277817459305197 6
      vertex 18.330362428090407 25.372688674320358 6
    endloop
  endfacet
  facet normal 0 0 1
    outer loop
      vertex 18.223542864692437 27.397777478867198 6
      vertex 18.330362428090407 25.372688674320358 6
      vertex 18.45 25.452627944162884 6
    endloop
  endfacet
  facet normal 0 0 1
    outer loop
      vertex 18.223542864692437 27.397777478867198 6
      vertex 18.45 25.452627944162884 6
      vertex 18.579048224398402 25.516267485762427 6
    endloop
  endfacet
  facet normal 0 0 1
    outer loop
      vertex 18.223542864692437 27.397777478867198 6
      vertex 18.579048224398402 25.516267485762427 6
      vertex 18.715299050387227 25.56251840891798 6
    endloop
  endfacet
  facet normal 0 0 1
    outer loop
      vertex 17.85194970290473 27.271638597533865 6
      vertex 18.330362428090407 25.372688674320358 6
      vertex 18.223542864692437 27.397777478867198 6
    endloop
  endfacet
  facet normal 0 0 1
    outer loop
      vertex 18.223542864692437 27.397777478867198 6
      vertex 18.715299050387227 25.56251840891798 6
      vertex 18.608421423339845 27.474334584121436 6
    endloop
  endfacet
  facet normal 0 0 1
    outer loop
      vertex 20.14805029709527 27.271638597533865 6
      vertex 20.09058934751119 24.64357881144207 6
      vertex 20.1 24.5 6
    endloop
  endfacet
  facet normal 0 0 1
    outer loop
      vertex 20.14805029709527 27.271638597533865 6
      vertex 20.062518408917974 24.784700949612784 6
      vertex 20.09058934751119 24.64357881144207 6
    endloop
  endfacet
  facet normal 0 0 1
    outer loop
      vertex 20.14805029709527 27.271638597533865 6
      vertex 20.016267485762416 24.920951775601594 6
      vertex 20.062518408917974 24.784700949612784 6
    endloop
  endfacet
  facet normal 0 0 1
    outer loop
      vertex 19.391578576660155 27.474334584121436 6
      vertex 19.420951775601598 25.516267485762427 6
      vertex 19.55 25.452627944162884 6
    endloop
  endfacet
  facet normal 0 0 1
    outer loop
      vertex 19.776457135307563 27.397777478867198 6
      vertex 19.7778174593052 25.277817459305197 6
      vertex 19.872688674320358 25.16963757190959 6
    endloop
  endfacet
  facet normal 0 0 1
    outer loop
      vertex 19.776457135307563 27.397777478867198 6
      vertex 19.669637571909593 25.372688674320358 6
      vertex 19.7778174593052 25.277817459305197 6
    endloop
  endfacet
  facet normal 0 0 1
    outer loop
      vertex 19.776457135307563 27.397777478867198 6
      vertex 19.55 25.452627944162884 6
      vertex 19.669637571909593 25.372688674320358 6
    endloop
  endfacet
  facet normal 0 0 1
    outer loop
      vertex 20.14805029709527 27.271638597533865 6
      vertex 19.95262794416288 25.05000000000001 6
      vertex 20.016267485762416 24.920951775601594 6
    endloop
  endfacet
  facet normal 0 0 1
    outer loop
      vertex 19.776457135307563 27.397777478867198 6
      vertex 19.872688674320358 25.16963757190959 6
      vertex 19.95262794416288 25.05000000000001 6
    endloop
  endfacet
  facet normal 0 0 1
    outer loop
      vertex 18.608421423339845 27.474334584121436 6
      vertex 18.715299050387227 25.56251840891798 6
      vertex 18.856421188557942 25.590589347511184 6
    endloop
  endfacet
  facet normal 0 0 1
    outer loop
      vertex 18.608421423339845 27.474334584121436 6
      vertex 18.856421188557942 25.590589347511184 6
      vertex 19 25.599999999999994 6
    endloop
  endfacet
  facet normal 0 0 1
    outer loop
      vertex 19 27.5 6
      vertex 19 25.599999999999994 6
      vertex 19.143578811442058 25.590589347511184 6
    endloop
  endfacet
  facet normal 0 0 1
    outer loop
      vertex 19.391578576660155 27.474334584121436 6
      vertex 19.143578811442058 25.590589347511184 6
      vertex 19.284700949612773 25.56251840891798 6
    endloop
  endfacet
  facet normal 0 0 1
    outer loop
      vertex 19.391578576660155 27.474334584121436 6
      vertex 19.284700949612773 25.56251840891798 6
      vertex 19.420951775601598 25.516267485762427 6
    endloop
  endfacet
  facet normal 0 0 1
    outer loop
      vertex 18.608421423339845 27.474334584121436 6
      vertex 19 25.599999999999994 6
      vertex 19 27.5 6
    endloop
  endfacet
  facet normal 0 0 1
    outer loop
      vertex 19 27.5 6
      vertex 19.143578811442058 25.590589347511184 6
      vertex 19.391578576660155 27.474334584121436 6
    endloop
  endfacet
  facet normal 0 0 1
    outer loop
      vertex 19.776457135307563 27.397777478867198 6
      vertex 19.95262794416288 25.05000000000001 6
      vertex 20.14805029709527 27.271638597533865 6
    endloop
  endfacet
  facet normal 0 0 1
    outer loop
      vertex 19.391578576660155 27.474334584121436 6
      vertex 19.55 25.452627944162884 6
      vertex 19.776457135307563 27.397777478867198 6
    endloop
  endfacet
  facet normal 0.4422886902190129 -0.8968727415326827 1.108295856302934e-18
    outer loop
      vertex 20.14805029709527 21.728361402466135 3
      vertex 20.5 21.901923788646684 3
      vertex 20.5 21.901923788646684 6
    endloop
  endfacet
  facet normal 0.5555702330195875 -0.831469612302555 2.127085931631669e-18
    outer loop
      vertex 20.5 21.901923788646684 3
      vertex 20.826284287026162 22.119939979126286 3
      vertex 20.826284287026162 22.119939979126286 6
    endloop
  endfacet
  facet normal 0.659345815100098 -0.7518398074789516 -8.159567222149447e-19
    outer loop
      vertex 20.826284287026162 22.119939979126286 3
      vertex 21.121320343559642 22.37867965644037 3
      vertex 21.121320343559642 22.37867965644037 6
    endloop
  endfacet
  facet normal 0.7518398074789545 -0.6593458151000949 1.15339570272676e-18
    outer loop
      vertex 21.121320343559642 22.37867965644037 3
      vertex 21.380060020873707 22.67371571297383 3
      vertex 21.380060020873707 22.67371571297383 6
    endloop
  endfacet
  facet normal 0.8314696123025522 -0.5555702330195917 -1.623409739861104e-18
    outer loop
      vertex 21.380060020873707 22.67371571297383 3
      vertex 21.598076211353316 23 3
      vertex 21.598076211353316 23 6
    endloop
  endfacet
  facet normal 0.8968727415326916 -0.4422886902189947 -2.0306433611153428e-18
    outer loop
      vertex 21.598076211353316 23 3
      vertex 21.771638597533858 23.351949702904733 3
      vertex 21.771638597533858 23.351949702904733 6
    endloop
  endfacet
  facet normal 0.9469301294951021 -0.3214394653031718 -2.549837683449486e-18
    outer loop
      vertex 21.771638597533858 23.351949702904733 3
      vertex 21.897777478867205 23.723542864692433 3
      vertex 21.897777478867205 23.723542864692433 6
    endloop
  endfacet
  facet normal 0.9807852804032322 -0.19509032201611928 -8.126871632437976e-19
    outer loop
      vertex 21.897777478867205 23.723542864692433 3
      vertex 21.97433458412143 24.10842142333985 3
      vertex 21.97433458412143 24.10842142333985 6
    endloop
  endfacet
  facet normal 0.9978589232386031 -0.0654031292301486 -4.534124415595705e-19
    outer loop
      vertex 21.97433458412143 24.10842142333985 3
      vertex 22 24.5 3
      vertex 22 24.5 6
    endloop
  endfacet
  facet normal 0.9978589232386031 0.0654031292301486 4.534124415595705e-19
    outer loop
      vertex 22 24.5 3
      vertex 21.97433458412143 24.89157857666015 3
      vertex 21.97433458412143 24.89157857666015 6
    endloop
  endfacet
  facet normal 0.9807852804032322 0.19509032201611928 8.126871632437976e-19
    outer loop
      vertex 21.97433458412143 24.89157857666015 3
      vertex 21.897777478867205 25.276457135307567 3
      vertex 21.897777478867205 25.276457135307567 6
    endloop
  endfacet
  facet normal 0.9469301294951021 0.3214394653031718 2.549837683449486e-18
    outer loop
      vertex 21.897777478867205 25.276457135307567 3
      vertex 21.771638597533858 25.648050297095267 3
      vertex 21.771638597533858 25.648050297095267 6
    endloop
  endfacet
  facet normal 0.8968727415326916 0.4422886902189947 2.0306433611153428e-18
    outer loop
      vertex 21.771638597533858 25.648050297095267 3
      vertex 21.598076211353316 26 3
      vertex 21.598076211353316 26 6
    endloop
  endfacet
  facet normal 0.5555702330195875 0.831469612302555 0
    outer loop
      vertex 20.5 27.098076211353316 3
      vertex 20.5 27.098076211353316 6
      vertex 20.826284287026162 26.880060020873714 3
    endloop
  endfacet
  facet normal 0.659345815100098 0.7518398074789516 0
    outer loop
      vertex 20.826284287026162 26.880060020873714 3
      vertex 20.826284287026162 26.880060020873714 6
      vertex 21.121320343559642 26.62132034355963 3
    endloop
  endfacet
  facet normal 0.8314696123025522 0.5555702330195917 1.623409739861104e-18
    outer loop
      vertex 21.598076211353316 26 3
      vertex 21.380060020873707 26.32628428702617 3
      vertex 21.380060020873707 26.32628428702617 6
    endloop
  endfacet
  facet normal 0.7518398074789545 0.6593458151000949 -1.15339570272676e-18
    outer loop
      vertex 21.380060020873707 26.32628428702617 3
      vertex 21.121320343559642 26.62132034355963 3
      vertex 21.121320343559642 26.62132034355963 6
    endloop
  endfacet
  facet normal 0.4422886902190129 0.8968727415326827 0
    outer loop
      vertex 20.14805029709527 27.271638597533865 3
      vertex 20.14805029709527 27.271638597533865 6
      vertex 20.5 27.098076211353316 3
    endloop
  endfacet
  facet normal 0.4422886902190129 -0.8968727415326827 0
    outer loop
      vertex 20.14805029709527 21.728361402466135 3
      vertex 20.5 21.901923788646684 6
      vertex 20.14805029709527 21.728361402466135 6
    endloop
  endfacet
  facet normal 0.5555702330195875 -0.831469612302555 0
    outer loop
      vertex 20.5 21.901923788646684 3
      vertex 20.826284287026162 22.119939979126286 6
      vertex 20.5 21.901923788646684 6
    endloop
  endfacet
  facet normal 0.659345815100098 -0.7518398074789516 0
    outer loop
      vertex 20.826284287026162 22.119939979126286 3
      vertex 21.121320343559642 22.37867965644037 6
      vertex 20.826284287026162 22.119939979126286 6
    endloop
  endfacet
  facet normal 0.7518398074789545 -0.6593458151000949 0
    outer loop
      vertex 21.121320343559642 22.37867965644037 3
      vertex 21.380060020873707 22.67371571297383 6
      vertex 21.121320343559642 22.37867965644037 6
    endloop
  endfacet
  facet normal 0.8314696123025522 -0.5555702330195917 0
    outer loop
      vertex 21.380060020873707 22.67371571297383 3
      vertex 21.598076211353316 23 6
      vertex 21.380060020873707 22.67371571297383 6
    endloop
  endfacet
  facet normal 0.8968727415326916 -0.4422886902189947 0
    outer loop
      vertex 21.598076211353316 23 3
      vertex 21.771638597533858 23.351949702904733 6
      vertex 21.598076211353316 23 6
    endloop
  endfacet
  facet normal 0.9469301294951021 -0.3214394653031718 0
    outer loop
      vertex 21.771638597533858 23.351949702904733 3
      vertex 21.897777478867205 23.723542864692433 6
      vertex 21.771638597533858 23.351949702904733 6
    endloop
  endfacet
  facet normal 0.9807852804032322 -0.19509032201611928 0
    outer loop
      vertex 21.897777478867205 23.723542864692433 3
      vertex 21.97433458412143 24.10842142333985 6
      vertex 21.897777478867205 23.723542864692433 6
    endloop
  endfacet
  facet normal 0.9978589232386031 -0.0654031292301486 0
    outer loop
      vertex 21.97433458412143 24.10842142333985 3
      vertex 22 24.5 6
      vertex 21.97433458412143 24.10842142333985 6
    endloop
  endfacet
  facet normal 0.9978589232386031 0.0654031292301486 0
    outer loop
      vertex 22 24.5 3
      vertex 21.97433458412143 24.89157857666015 6
      vertex 22 24.5 6
    endloop
  endfacet
  facet normal 0.9807852804032322 0.19509032201611928 0
    outer loop
      vertex 21.97433458412143 24.89157857666015 3
      vertex 21.897777478867205 25.276457135307567 6
      vertex 21.97433458412143 24.89157857666015 6
    endloop
  endfacet
  facet normal 0.9469301294951021 0.3214394653031718 0
    outer loop
      vertex 21.897777478867205 25.276457135307567 3
      vertex 21.771638597533858 25.648050297095267 6
      vertex 21.897777478867205 25.276457135307567 6
    endloop
  endfacet
  facet normal 0.8968727415326916 0.4422886902189947 0
    outer loop
      vertex 21.771638597533858 25.648050297095267 3
      vertex 21.598076211353316 26 6
      vertex 21.771638597533858 25.648050297095267 6
    endloop
  endfacet
  facet normal 0.8314696123025522 0.5555702330195917 0
    outer loop
      vertex 21.598076211353316 26 3
      vertex 21.380060020873707 26.32628428702617 6
      vertex 21.598076211353316 26 6
    endloop
  endfacet
  facet normal 0.659345815100098 0.7518398074789516 0
    outer loop
      vertex 21.121320343559642 26.62132034355963 3
      vertex 20.826284287026162 26.880060020873714 6
      vertex 21.121320343559642 26.62132034355963 6
    endloop
  endfacet
  facet normal 0.5555702330195875 0.831469612302555 0
    outer loop
      vertex 20.826284287026162 26.880060020873714 3
      vertex 20.5 27.098076211353316 6
      vertex 20.826284287026162 26.880060020873714 6
    endloop
  endfacet
  facet normal 0.7518398074789545 0.6593458151000949 0
    outer loop
      vertex 21.380060020873707 26.32628428702617 3
      vertex 21.121320343559642 26.62132034355963 6
      vertex 21.380060020873707 26.32628428702617 6
    endloop
  endfacet
  facet normal 0.4422886902190129 0.8968727415326827 -1.108295856302934e-18
    outer loop
      vertex 20.14805029709527 27.271638597533865 6
      vertex 20.5 27.098076211353316 6
      vertex 20.5 27.098076211353316 3
    endloop
  endfacet
  facet normal 0 0 1
    outer loop
      vertex 20.14805029709527 21.728361402466135 6
      vertex 20.5 21.901923788646684 6
      vertex 20.14805029709527 27.271638597533865 6
    endloop
  endfacet
  facet normal 0 0 1
    outer loop
      vertex 20.5 21.901923788646684 6
      vertex 20.826284287026162 22.119939979126286 6
      vertex 20.5 27.098076211353316 6
    endloop
  endfacet
  facet normal 0 0 1
    outer loop
      vertex 20.826284287026162 22.119939979126286 6
      vertex 21.121320343559642 22.37867965644037 6
      vertex 20.826284287026162 26.880060020873714 6
    endloop
  endfacet
  facet normal 0 0 1
    outer loop
      vertex 21.121320343559642 22.37867965644037 6
      vertex 21.380060020873707 22.67371571297383 6
      vertex 21.121320343559642 26.62132034355963 6
    endloop
  endfacet
  facet normal 0 0 1
    outer loop
      vertex 21.380060020873707 22.67371571297383 6
      vertex 21.598076211353316 23 6
      vertex 21.380060020873707 26.32628428702617 6
    endloop
  endfacet
  facet normal 0 0 1
    outer loop
      vertex 21.598076211353316 23 6
      vertex 21.771638597533858 23.351949702904733 6
      vertex 21.598076211353316 26 6
    endloop
  endfacet
  facet normal 0 0 1
    outer loop
      vertex 21.771638597533858 23.351949702904733 6
      vertex 21.897777478867205 23.723542864692433 6
      vertex 21.771638597533858 25.648050297095267 6
    endloop
  endfacet
  facet normal 0 0 1
    outer loop
      vertex 21.897777478867205 23.723542864692433 6
      vertex 21.897777478867205 25.276457135307567 6
      vertex 21.771638597533858 25.648050297095267 6
    endloop
  endfacet
  facet normal 0 0 1
    outer loop
      vertex 21.598076211353316 23 6
      vertex 21.598076211353316 26 6
      vertex 21.380060020873707 26.32628428702617 6
    endloop
  endfacet
  facet normal 0 0 1
    outer loop
      vertex 21.771638597533858 23.351949702904733 6
      vertex 21.771638597533858 25.648050297095267 6
      vertex 21.598076211353316 26 6
    endloop
  endfacet
  facet normal 0 0 1
    outer loop
      vertex 21.897777478867205 23.723542864692433 6
      vertex 21.97433458412143 24.10842142333985 6
      vertex 21.897777478867205 25.276457135307567 6
    endloop
  endfacet
  facet normal 0 0 1
    outer loop
      vertex 21.97433458412143 24.10842142333985 6
      vertex 22 24.5 6
      vertex 21.97433458412143 24.89157857666015 6
    endloop
  endfacet
  facet normal 0 0 1
    outer loop
      vertex 21.97433458412143 24.10842142333985 6
      vertex 21.97433458412143 24.89157857666015 6
      vertex 21.897777478867205 25.276457135307567 6
    endloop
  endfacet
  facet normal 0 0 1
    outer loop
      vertex 20.14805029709527 27.271638597533865 6
      vertex 20.5 21.901923788646684 6
      vertex 20.5 27.098076211353316 6
    endloop
  endfacet
  facet normal 0 0 1
    outer loop
      vertex 20.826284287026162 22.119939979126286 6
      vertex 20.826284287026162 26.880060020873714 6
      vertex 20.5 27.098076211353316 6
    endloop
  endfacet
  facet normal 0 0 1
    outer loop
      vertex 21.121320343559642 22.37867965644037 6
      vertex 21.121320343559642 26.62132034355963 6
      vertex 20.826284287026162 26.880060020873714 6
    endloop
  endfacet
  facet normal 0 0 1
    outer loop
      vertex 21.380060020873707 22.67371571297383 6
      vertex 21.380060020873707 26.32628428702617 6
      vertex 21.121320343559642 26.62132034355963 6
    endloop
  endfacet
  facet normal 0 0 -1
    outer loop
      vertex -60 -31 0
      vertex -53.90525588832576 -25.099999999999994 0
      vertex -53.745377348640716 -25.33927514381918 0
    endloop
  endfacet
  facet normal 0 0 -1
    outer loop
      vertex -60 -31 0
      vertex -53.1 -25.90525588832577 0
      vertex -52.841903551203195 -26.032534971524825 0
    endloop
  endfacet
  facet normal 0 0 -1
    outer loop
      vertex -60 -31 0
      vertex -52.841903551203195 -26.032534971524825 0
      vertex -52.56940189922555 -26.125036817835948 0
    endloop
  endfacet
  facet normal 0 0 -1
    outer loop
      vertex -60 -31 0
      vertex -53.5556349186104 -25.55563491861041 0
      vertex -53.33927514381919 -25.745377348640716 0
    endloop
  endfacet
  facet normal 0 0 -1
    outer loop
      vertex -60 -31 0
      vertex -53.33927514381919 -25.745377348640716 0
      vertex -53.1 -25.90525588832577 0
    endloop
  endfacet
  facet normal 0 0 -1
    outer loop
      vertex -60 -31 0
      vertex -53.745377348640716 -25.33927514381918 0
      vertex -53.5556349186104 -25.55563491861041 0
    endloop
  endfacet
  facet normal 0 0 -1
    outer loop
      vertex -60 -31 0
      vertex -52.56940189922555 -26.125036817835948 0
      vertex -52.287157622884116 -26.181178695022382 0
    endloop
  endfacet
  facet normal 0 0 -1
    outer loop
      vertex -60 -31 0
      vertex -52.287157622884116 -26.181178695022382 0
      vertex -52 -26.200000000000003 0
    endloop
  endfacet
  facet normal 0 0 -1
    outer loop
      vertex -60 -31 0
      vertex -52 -26.200000000000003 0
      vertex -51.712842377115884 -26.181178695022382 0
    endloop
  endfacet
  facet normal 0 0 -1
    outer loop
      vertex -60 -31 0
      vertex -51.712842377115884 -26.181178695022382 0
      vertex -51.43059810077445 -26.125036817835948 0
    endloop
  endfacet
  facet normal 0 0 -1
    outer loop
      vertex -60 -31 0
      vertex -54.03253497152483 -24.841903551203202 0
      vertex -53.90525588832576 -25.099999999999994 0
    endloop
  endfacet
  facet normal 0 0 -1
    outer loop
      vertex -60 -31 0
      vertex -54.12503681783595 -24.56940189922554 0
      vertex -54.03253497152483 -24.841903551203202 0
    endloop
  endfacet
  facet normal 0 0 -1
    outer loop
      vertex -60 -31 0
      vertex -54.18117869502238 -24.28715762288411 0
      vertex -54.12503681783595 -24.56940189922554 0
    endloop
  endfacet
  facet normal 0 0 -1
    outer loop
      vertex -60 -31 0
      vertex -54.2 -24 0
      vertex -54.18117869502238 -24.28715762288411 0
    endloop
  endfacet
  facet normal 0 0 -1
    outer loop
      vertex -60 -31 0
      vertex -53.034894429314825 16.651299321504894 0
      vertex -54.2 -24 0
    endloop
  endfacet
  facet normal 0 0 -1
    outer loop
      vertex -54.2 -24 0
      vertex -53.034894429314825 16.651299321504894 0
      vertex -54.18117869502238 -23.71284237711589 0
    endloop
  endfacet
  facet normal 0 0 -1
    outer loop
      vertex -54.18117869502238 -23.71284237711589 0
      vertex -53.034894429314825 16.651299321504894 0
      vertex -54.12503681783595 -23.43059810077446 0
    endloop
  endfacet
  facet normal 0 0 -1
    outer loop
      vertex -54.12503681783595 -23.43059810077446 0
      vertex -53.034894429314825 16.651299321504894 0
      vertex -54.03253497152483 -23.158096448796798 0
    endloop
  endfacet
  facet normal 0 0 -1
    outer loop
      vertex -54.03253497152483 -23.158096448796798 0
      vertex -53.034894429314825 16.651299321504894 0
      vertex -53.90525588832576 -22.900000000000006 0
    endloop
  endfacet
  facet normal 0 0 -1
    outer loop
      vertex -53.90525588832576 -22.900000000000006 0
      vertex -53.034894429314825 16.651299321504894 0
      vertex -53.745377348640716 -22.66072485618082 0
    endloop
  endfacet
  facet normal 0 0 -1
    outer loop
      vertex -53.745377348640716 -22.66072485618082 0
      vertex -53.034894429314825 16.651299321504894 0
      vertex -53.5556349186104 -22.44436508138959 0
    endloop
  endfacet
  facet normal 0 0 -1
    outer loop
      vertex -53.33927514381919 -22.254622651359284 0
      vertex -53.5556349186104 -22.44436508138959 0
      vertex -53.034894429314825 16.651299321504894 0
    endloop
  endfacet
  facet normal 0 0 -1
    outer loop
      vertex -53.1 -22.09474411167423 0
      vertex -53.33927514381919 -22.254622651359284 0
      vertex -53.034894429314825 16.651299321504894 0
    endloop
  endfacet
  facet normal 0 0 -1
    outer loop
      vertex -52.841903551203195 -21.967465028475175 0
      vertex -53.1 -22.09474411167423 0
      vertex -52.85 16.52775681356644 0
    endloop
  endfacet
  facet normal 0 0 -1
    outer loop
      vertex -52.56940189922555 -21.874963182164052 0
      vertex -52.841903551203195 -21.967465028475175 0
      vertex -52.43999237667428 16.357926095308585 0
    endloop
  endfacet
  facet normal 0 0 -1
    outer loop
      vertex -52.287157622884116 -21.818821304977618 0
      vertex -52.56940189922555 -21.874963182164052 0
      vertex -52.221894526774086 16.31454373566453 0
    endloop
  endfacet
  facet normal 0 0 -1
    outer loop
      vertex -52 -21.799999999999997 0
      vertex -52.287157622884116 -21.818821304977618 0
      vertex -52 16.30000000000001 0
    endloop
  endfacet
  facet normal 0 0 -1
    outer loop
      vertex -51.712842377115884 -21.818821304977618 0
      vertex -52 -21.799999999999997 0
      vertex -51.778105473225914 16.31454373566453 0
    endloop
  endfacet
  facet normal 0 0 -1
    outer loop
      vertex -51.43059810077445 -21.874963182164052 0
      vertex -51.712842377115884 -21.818821304977618 0
      vertex -51.34943816497935 16.4294047947308 0
    endloop
  endfacet
  facet normal 0 0 -1
    outer loop
      vertex -51.158096448796805 -21.967465028475175 0
      vertex -51.43059810077445 -21.874963182164052 0
      vertex -51.15 16.52775681356644 0
    endloop
  endfacet
  facet normal 0 0 -1
    outer loop
      vertex -50.9 -22.09474411167423 0
      vertex -51.158096448796805 -21.967465028475175 0
      vertex -50.965105570685175 16.651299321504894 0
    endloop
  endfacet
  facet normal 0 0 -1
    outer loop
      vertex -50.66072485618081 -22.254622651359284 0
      vertex -50.9 -22.09474411167423 0
      vertex -50.79791847198287 16.797918471982882 0
    endloop
  endfacet
  facet normal -1 0 0
    outer loop
      vertex -60 -31 0
      vertex -60 -31 3
      vertex -60 31 3
    endloop
  endfacet
  facet normal 0 0 -1
    outer loop
      vertex -60 -31 0
      vertex -51.43059810077445 -26.125036817835948 0
      vertex 47 -31 0
    endloop
  endfacet
  facet normal 0 0 -1
    outer loop
      vertex 47 -31 0
      vertex -51.43059810077445 -26.125036817835948 0
      vertex -51.158096448796805 -26.032534971524825 0
    endloop
  endfacet
  facet normal 0 0 -1
    outer loop
      vertex 47 -31 0
      vertex -51.158096448796805 -26.032534971524825 0
      vertex -50.9 -25.90525588832577 0
    endloop
  endfacet
  facet normal 0 0 -1
    outer loop
      vertex 47 -31 0
      vertex -50.9 -25.90525588832577 0
      vertex -50.66072485618081 -25.745377348640716 0
    endloop
  endfacet
  facet normal 0 0 -1
    outer loop
      vertex 47 -31 0
      vertex -50.66072485618081 -25.745377348640716 0
      vertex -50.4443650813896 -25.55563491861041 0
    endloop
  endfacet
  facet normal 0 0 -1
    outer loop
      vertex 47 -31 0
      vertex -50.4443650813896 -25.55563491861041 0
      vertex -50.254622651359284 -25.33927514381918 0
    endloop
  endfacet
  facet normal 0 -1 0
    outer loop
      vertex -60 -31 0
      vertex 47 -31 3
      vertex -60 -31 3
    endloop
  endfacet
  facet normal 0 0 -1
    outer loop
      vertex 47 31 0
      vertex -50.254622651359284 -25.33927514381918 0
      vertex -50.09474411167424 -25.099999999999994 0
    endloop
  endfacet
  facet normal 0 0 -1
    outer loop
      vertex 47 31 0
      vertex -50.09474411167424 -25.099999999999994 0
      vertex -49.96746502847517 -24.841903551203202 0
    endloop
  endfacet
  facet normal 0 0 -1
    outer loop
      vertex 47 31 0
      vertex -49.96746502847517 -24.841903551203202 0
      vertex -49.87496318216405 -24.56940189922554 0
    endloop
  endfacet
  facet normal 0 0 -1
    outer loop
      vertex 47 31 0
      vertex -49.87496318216405 -24.56940189922554 0
      vertex -49.81882130497762 -24.28715762288411 0
    endloop
  endfacet
  facet normal 0 0 -1
    outer loop
      vertex 47 31 0
      vertex -49.81882130497762 -24.28715762288411 0
      vertex -49.8 -24 0
    endloop
  endfacet
  facet normal 0 0 -1
    outer loop
      vertex 47 31 0
      vertex -49.8 -24 0
      vertex -49.81882130497762 -23.71284237711589 0
    endloop
  endfacet
  facet normal 0 0 -1
    outer loop
      vertex 47 31 0
      vertex -49.81882130497762 -23.71284237711589 0
      vertex -49.87496318216405 -23.43059810077446 0
    endloop
  endfacet
  facet normal 0 0 -1
    outer loop
      vertex 47 31 0
      vertex -49.87496318216405 -23.43059810077446 0
      vertex -49.96746502847517 -23.158096448796798 0
    endloop
  endfacet
  facet normal 0 0 -1
    outer loop
      vertex 47 31 0
      vertex -49.96746502847517 -23.158096448796798 0
      vertex -50.09474411167424 -22.900000000000006 0
    endloop
  endfacet
  facet normal 0 0 -1
    outer loop
      vertex 47 31 0
      vertex -50.09474411167424 -22.900000000000006 0
      vertex -50.254622651359284 -22.66072485618082 0
    endloop
  endfacet
  facet normal 0 0 -1
    outer loop
      vertex 47 31 0
      vertex -50.254622651359284 -22.66072485618082 0
      vertex -50.4443650813896 -22.44436508138959 0
    endloop
  endfacet
  facet normal 0 0 -1
    outer loop
      vertex 47 31 0
      vertex -50.4443650813896 -22.44436508138959 0
      vertex -50.66072485618081 -22.254622651359284 0
    endloop
  endfacet
  facet normal 0 0 1
    outer loop
      vertex -60 -31 3
      vertex -53.745377348640716 -25.33927514381918 3
      vertex -53.90525588832576 -25.099999999999994 3
    endloop
  endfacet
  facet normal 0 0 1
    outer loop
      vertex -60 -31 3
      vertex -52.841903551203195 -26.032534971524825 3
      vertex -53.1 -25.90525588832577 3
    endloop
  endfacet
  facet normal 0 0 1
    outer loop
      vertex -60 -31 3
      vertex -52.56940189922555 -26.125036817835948 3
      vertex -52.841903551203195 -26.032534971524825 3
    endloop
  endfacet
  facet normal 0 0 1
    outer loop
      vertex -60 -31 3
      vertex -53.33927514381919 -25.745377348640716 3
      vertex -53.5556349186104 -25.55563491861041 3
    endloop
  endfacet
  facet normal 0 0 1
    outer loop
      vertex -60 -31 3
      vertex -53.1 -25.90525588832577 3
      vertex -53.33927514381919 -25.745377348640716 3
    endloop
  endfacet
  facet normal 0 0 1
    outer loop
      vertex -60 -31 3
      vertex -53.5556349186104 -25.55563491861041 3
      vertex -53.745377348640716 -25.33927514381918 3
    endloop
  endfacet
  facet normal 0 0 1
    outer loop
      vertex -60 -31 3
      vertex -52.287157622884116 -26.181178695022382 3
      vertex -52.56940189922555 -26.125036817835948 3
    endloop
  endfacet
  facet normal 0 0 1
    outer loop
      vertex -60 -31 3
      vertex -52 -26.200000000000003 3
      vertex -52.287157622884116 -26.181178695022382 3
    endloop
  endfacet
  facet normal 0 0 1
    outer loop
      vertex -60 -31 3
      vertex -51.712842377115884 -26.181178695022382 3
      vertex -52 -26.200000000000003 3
    endloop
  endfacet
  facet normal 0 0 1
    outer loop
      vertex -60 -31 3
      vertex -51.43059810077445 -26.125036817835948 3
      vertex -51.712842377115884 -26.181178695022382 3
    endloop
  endfacet
  facet normal 0 0 1
    outer loop
      vertex -60 -31 3
      vertex -51.158096448796805 -26.032534971524825 3
      vertex -51.43059810077445 -26.125036817835948 3
    endloop
  endfacet
  facet normal 0 0 1
    outer loop
      vertex -60 -31 3
      vertex -50.9 -25.90525588832577 3
      vertex -51.158096448796805 -26.032534971524825 3
    endloop
  endfacet
  facet normal 0 0 1
    outer loop
      vertex -60 -31 3
      vertex -53.90525588832576 -25.099999999999994 3
      vertex -54.03253497152483 -24.841903551203202 3
    endloop
  endfacet
  facet normal 0 0 1
    outer loop
      vertex -60 -31 3
      vertex -54.03253497152483 -24.841903551203202 3
      vertex -54.12503681783595 -24.56940189922554 3
    endloop
  endfacet
  facet normal 0 0 1
    outer loop
      vertex -60 -31 3
      vertex -54.12503681783595 -24.56940189922554 3
      vertex -54.18117869502238 -24.28715762288411 3
    endloop
  endfacet
  facet normal 0 0 1
    outer loop
      vertex -60 -31 3
      vertex -54.18117869502238 -24.28715762288411 3
      vertex -54.2 -24 3
    endloop
  endfacet
  facet normal 0 0 1
    outer loop
      vertex -60 -31 3
      vertex -40.82628428702616 -26.8800600208737 3
      vertex -41.121320343559645 -26.621320343559645 3
    endloop
  endfacet
  facet normal 0 0 1
    outer loop
      vertex -60 -31 3
      vertex -40.5 -27.098076211353316 3
      vertex -40.82628428702616 -26.8800600208737 3
    endloop
  endfacet
  facet normal 0 0 1
    outer loop
      vertex -60 -31 3
      vertex -40.14805029709527 -27.271638597533865 3
      vertex -40.5 -27.098076211353316 3
    endloop
  endfacet
  facet normal 0 0 1
    outer loop
      vertex -60 -31 3
      vertex -39.77645713530756 -27.397777478867198 3
      vertex -40.14805029709527 -27.271638597533865 3
    endloop
  endfacet
  facet normal 0 0 1
    outer loop
      vertex -60 -31 3
      vertex -41.121320343559645 -26.621320343559645 3
      vertex -41.38006002087371 -26.326284287026155 3
    endloop
  endfacet
  facet normal 0 0 1
    outer loop
      vertex -60 -31 3
      vertex -41.38006002087371 -26.326284287026155 3
      vertex -41.598076211353316 -26 3
    endloop
  endfacet
  facet normal 0 0 1
    outer loop
      vertex -60 -31 3
      vertex -41.77163859753386 -25.648050297095267 3
      vertex -41.897777478867205 -25.276457135307567 3
    endloop
  endfacet
  facet normal 0 0 1
    outer loop
      vertex -60 -31 3
      vertex -41.598076211353316 -26 3
      vertex -41.77163859753386 -25.648050297095267 3
    endloop
  endfacet
  facet normal 0 0 1
    outer loop
      vertex -60 -31 3
      vertex -40.82628428702616 -22.1199399791263 3
      vertex -50.9 -25.90525588832577 3
    endloop
  endfacet
  facet normal 0 0 1
    outer loop
      vertex -60 -31 3
      vertex -41.897777478867205 -25.276457135307567 3
      vertex -41.97433458412143 -24.89157857666015 3
    endloop
  endfacet
  facet normal 0 0 1
    outer loop
      vertex -60 -31 3
      vertex -41.97433458412143 -24.89157857666015 3
      vertex -42 -24.5 3
    endloop
  endfacet
  facet normal 0 0 1
    outer loop
      vertex -60 -31 3
      vertex -42 -24.5 3
      vertex -41.97433458412143 -24.10842142333985 3
    endloop
  endfacet
  facet normal 0 0 1
    outer loop
      vertex -60 -31 3
      vertex -41.97433458412143 -24.10842142333985 3
      vertex -41.897777478867205 -23.723542864692433 3
    endloop
  endfacet
  facet normal 0 0 1
    outer loop
      vertex -60 -31 3
      vertex -41.897777478867205 -23.723542864692433 3
      vertex -41.77163859753386 -23.351949702904733 3
    endloop
  endfacet
  facet normal 0 0 1
    outer loop
      vertex -60 -31 3
      vertex -41.77163859753386 -23.351949702904733 3
      vertex -41.598076211353316 -23 3
    endloop
  endfacet
  facet normal 0 0 1
    outer loop
      vertex -60 -31 3
      vertex -41.598076211353316 -23 3
      vertex -41.38006002087371 -22.673715712973845 3
    endloop
  endfacet
  facet normal 0 0 1
    outer loop
      vertex -60 -31 3
      vertex -41.38006002087371 -22.673715712973845 3
      vertex -41.121320343559645 -22.378679656440355 3
    endloop
  endfacet
  facet normal 0 0 1
    outer loop
      vertex -40.82628428702616 -22.1199399791263 3
      vertex -50.66072485618081 -25.745377348640716 3
      vertex -50.9 -25.90525588832577 3
    endloop
  endfacet
  facet normal 0 0 1
    outer loop
      vertex -60 -31 3
      vertex -41.121320343559645 -22.378679656440355 3
      vertex -40.82628428702616 -22.1199399791263 3
    endloop
  endfacet
  facet normal 0 0 1
    outer loop
      vertex -40.82628428702616 -22.1199399791263 3
      vertex -50.4443650813896 -25.55563491861041 3
      vertex -50.66072485618081 -25.745377348640716 3
    endloop
  endfacet
  facet normal 0 0 1
    outer loop
      vertex -40.82628428702616 -22.1199399791263 3
      vertex -50.254622651359284 -25.33927514381918 3
      vertex -50.4443650813896 -25.55563491861041 3
    endloop
  endfacet
  facet normal 0 0 1
    outer loop
      vertex -40.82628428702616 -22.1199399791263 3
      vertex -50.09474411167424 -25.099999999999994 3
      vertex -50.254622651359284 -25.33927514381918 3
    endloop
  endfacet
  facet normal 0 0 1
    outer loop
      vertex -40.82628428702616 -22.1199399791263 3
      vertex -49.96746502847517 -24.841903551203202 3
      vertex -50.09474411167424 -25.099999999999994 3
    endloop
  endfacet
  facet normal 0 0 1
    outer loop
      vertex -40.82628428702616 -22.1199399791263 3
      vertex -49.87496318216405 -24.56940189922554 3
      vertex -49.96746502847517 -24.841903551203202 3
    endloop
  endfacet
  facet normal 0 0 1
    outer loop
      vertex -40.82628428702616 -22.1199399791263 3
      vertex -49.81882130497762 -24.28715762288411 3
      vertex -49.87496318216405 -24.56940189922554 3
    endloop
  endfacet
  facet normal 0 0 1
    outer loop
      vertex -40.82628428702616 -22.1199399791263 3
      vertex -49.8 -24 3
      vertex -49.81882130497762 -24.28715762288411 3
    endloop
  endfacet
  facet normal 0 0 1
    outer loop
      vertex -40.82628428702616 -22.1199399791263 3
      vertex -49.81882130497762 -23.71284237711589 3
      vertex -49.8 -24 3
    endloop
  endfacet
  facet normal 0 0 1
    outer loop
      vertex -60 -31 3
      vertex -54.2 -24 3
      vertex -58.29580000042915 -8.413500003516674 3
    endloop
  endfacet
  facet normal 0 0 1
    outer loop
      vertex -54.18117869502238 -23.71284237711589 3
      vertex -58.29580000042915 -8.413500003516674 3
      vertex -54.2 -24 3
    endloop
  endfacet
  facet normal 0 0 1
    outer loop
      vertex -54.12503681783595 -23.43059810077446 3
      vertex -58.29580000042915 -8.413500003516674 3
      vertex -54.18117869502238 -23.71284237711589 3
    endloop
  endfacet
  facet normal 0 0 1
    outer loop
      vertex -54.03253497152483 -23.158096448796798 3
      vertex -58.29580000042915 -8.413500003516674 3
      vertex -54.12503681783595 -23.43059810077446 3
    endloop
  endfacet
  facet normal 0 0 1
    outer loop
      vertex -53.90525588832576 -22.900000000000006 3
      vertex -58.29580000042915 -8.413500003516674 3
      vertex -54.03253497152483 -23.158096448796798 3
    endloop
  endfacet
  facet normal 0 0 1
    outer loop
      vertex -53.745377348640716 -22.66072485618082 3
      vertex -58.29580000042915 -8.413500003516674 3
      vertex -53.90525588832576 -22.900000000000006 3
    endloop
  endfacet
  facet normal 0 0 1
    outer loop
      vertex -53.5556349186104 -22.44436508138959 3
      vertex -58.29580000042915 -8.413500003516674 3
      vertex -53.745377348640716 -22.66072485618082 3
    endloop
  endfacet
  facet normal 0 0 1
    outer loop
      vertex -53.5556349186104 -22.44436508138959 3
      vertex -53.33927514381919 -22.254622651359284 3
      vertex -58.29580000042915 -8.413500003516674 3
    endloop
  endfacet
  facet normal 0 0 1
    outer loop
      vertex -53.33927514381919 -22.254622651359284 3
      vertex -53.1 -22.09474411167423 3
      vertex -58.29580000042915 -8.413500003516674 3
    endloop
  endfacet
  facet normal 0 0 1
    outer loop
      vertex -53.1 -22.09474411167423 3
      vertex -52.841903551203195 -21.967465028475175 3
      vertex -58.29580000042915 -8.413500003516674 3
    endloop
  endfacet
  facet normal 0 0 1
    outer loop
      vertex -52.841903551203195 -21.967465028475175 3
      vertex -52.56940189922555 -21.874963182164052 3
      vertex -58.29580000042915 -8.413500003516674 3
    endloop
  endfacet
  facet normal 0 0 1
    outer loop
      vertex -52.56940189922555 -21.874963182164052 3
      vertex -52.287157622884116 -21.818821304977618 3
      vertex -58.29580000042915 -8.413500003516674 3
    endloop
  endfacet
  facet normal 0 0 1
    outer loop
      vertex -40.82628428702616 -22.1199399791263 3
      vertex -49.87496318216405 -23.43059810077446 3
      vertex -49.81882130497762 -23.71284237711589 3
    endloop
  endfacet
  facet normal 0 0 1
    outer loop
      vertex -40.82628428702616 -22.1199399791263 3
      vertex -49.96746502847517 -23.158096448796798 3
      vertex -49.87496318216405 -23.43059810077446 3
    endloop
  endfacet
  facet normal 0 0 1
    outer loop
      vertex -40.82628428702616 -22.1199399791263 3
      vertex -50.09474411167424 -22.900000000000006 3
      vertex -49.96746502847517 -23.158096448796798 3
    endloop
  endfacet
  facet normal 0 0 1
    outer loop
      vertex -51.158096448796805 -21.967465028475175 3
      vertex -50.9 -22.09474411167423 3
      vertex -53.51839999854565 -8.413500003516674 3
    endloop
  endfacet
  facet normal 0 0 1
    outer loop
      vertex -50.9 -22.09474411167423 3
      vertex -50.66072485618081 -22.254622651359284 3
      vertex -53.51839999854565 -8.413500003516674 3
    endloop
  endfacet
  facet normal 0 0 1
    outer loop
      vertex -50.09474411167424 -22.900000000000006 3
      vertex -53.51839999854565 -8.413500003516674 3
      vertex -50.254622651359284 -22.66072485618082 3
    endloop
  endfacet
  facet normal 0 0 1
    outer loop
      vertex -50.66072485618081 -22.254622651359284 3
      vertex -50.4443650813896 -22.44436508138959 3
      vertex -53.51839999854565 -8.413500003516674 3
    endloop
  endfacet
  facet normal 0 0 1
    outer loop
      vertex -50.254622651359284 -22.66072485618082 3
      vertex -53.51839999854565 -8.413500003516674 3
      vertex -50.4443650813896 -22.44436508138959 3
    endloop
  endfacet
  facet normal 0 0 1
    outer loop
      vertex -52.287157622884116 -21.818821304977618 3
      vertex -52 -21.799999999999997 3
      vertex -53.51839999854565 -8.413500003516674 3
    endloop
  endfacet
  facet normal 0 0 1
    outer loop
      vertex -52 -21.799999999999997 3
      vertex -51.712842377115884 -21.818821304977618 3
      vertex -53.51839999854565 -8.413500003516674 3
    endloop
  endfacet
  facet normal 0 0 1
    outer loop
      vertex -51.712842377115884 -21.818821304977618 3
      vertex -51.43059810077445 -21.874963182164052 3
      vertex -53.51839999854565 -8.413500003516674 3
    endloop
  endfacet
  facet normal 0 0 1
    outer loop
      vertex -51.43059810077445 -21.874963182164052 3
      vertex -51.158096448796805 -21.967465028475175 3
      vertex -53.51839999854565 -8.413500003516674 3
    endloop
  endfacet
  facet normal 0 0 1
    outer loop
      vertex -40.82628428702616 -22.1199399791263 3
      vertex -53.51839999854565 -8.413500003516674 3
      vertex -50.09474411167424 -22.900000000000006 3
    endloop
  endfacet
  facet normal 0 0 1
    outer loop
      vertex -60 -31 3
      vertex -39.39157857666015 -27.474334584121436 3
      vertex -39.77645713530756 -27.397777478867198 3
    endloop
  endfacet
  facet normal 0 0 1
    outer loop
      vertex -60 -31 3
      vertex -39 -27.5 3
      vertex -39.39157857666015 -27.474334584121436 3
    endloop
  endfacet
  facet normal 0 0 1
    outer loop
      vertex -60 -31 3
      vertex -58.29580000042915 -8.413500003516674 3
      vertex -58.29580000042915 -6.402900002896786 3
    endloop
  endfacet
  facet normal 0 0 1
    outer loop
      vertex -60 -31 3
      vertex -58.29580000042915 -6.402900002896786 3
      vertex -58.55009999871254 -3.8867499977350235 3
    endloop
  endfacet
  facet normal 0 0 1
    outer loop
      vertex -60 -31 3
      vertex -58.55009999871254 -3.8867499977350235 3
      vertex -58.55009999871254 -3.276399999856949 3
    endloop
  endfacet
  facet normal 0 0 1
    outer loop
      vertex -52.287157622884116 -21.818821304977618 3
      vertex -53.51839999854565 -8.413500003516674 3
      vertex -58.29580000042915 -8.413500003516674 3
    endloop
  endfacet
  facet normal 0 0 1
    outer loop
      vertex -60 -31 3
      vertex -58.55009999871254 -3.276399999856949 3
      vertex -58.36028775572777 0.8468489795923233 3
    endloop
  endfacet
  facet normal 0 0 1
    outer loop
      vertex -60 -31 3
      vertex -58.36028775572777 0.8468489795923233 3
      vertex -58.3669999986887 1.029899999499321 3
    endloop
  endfacet
  facet normal 0 0 1
    outer loop
      vertex -60 -31 3
      vertex -58.3669999986887 1.029899999499321 3
      vertex -58.36018367111683 1.2287459149956703 3
    endloop
  endfacet
  facet normal 0 0 1
    outer loop
      vertex -40.82628428702616 -22.1199399791263 3
      vertex -53.51839999854565 -7.7659000009298325 3
      vertex -53.51839999854565 -8.413500003516674 3
    endloop
  endfacet
  facet normal 0 0 1
    outer loop
      vertex -40.82628428702616 -22.1199399791263 3
      vertex -53.4505999982357 1.057049997150898 3
      vertex -53.51839999854565 -7.7659000009298325 3
    endloop
  endfacet
  facet normal 0 0 1
    outer loop
      vertex -57.777050003409386 -6.480850003659725 3
      vertex -57.777050003409386 -7.7659000009298325 3
      vertex -55.891850002110004 -6.4537499994039536 3
    endloop
  endfacet
  facet normal 0 0 1
    outer loop
      vertex -57.758159182965755 -6.185803063213825 3
      vertex -57.777050003409386 -6.480850003659725 3
      vertex -55.91143265366554 -6.165892854332924 3
    endloop
  endfacet
  facet normal 0 0 1
    outer loop
      vertex -57.701486736536026 -5.936147958040237 3
      vertex -57.758159182965755 -6.185803063213825 3
      vertex -55.91143265366554 -6.165892854332924 3
    endloop
  endfacet
  facet normal 0 0 1
    outer loop
      vertex -57.60703265666962 -5.731884695589542 3
      vertex -57.701486736536026 -5.936147958040237 3
      vertex -55.91143265366554 -6.165892854332924 3
    endloop
  endfacet
  facet normal 0 0 1
    outer loop
      vertex -57.47479693591595 -5.5730132684111595 3
      vertex -57.60703265666962 -5.731884695589542 3
      vertex -55.91143265366554 -6.165892854332924 3
    endloop
  endfacet
  facet normal 0 0 1
    outer loop
      vertex -58.28811836987734 -6.180705100297928 3
      vertex -58.55009999871254 -3.8867499977350235 3
      vertex -58.29580000042915 -6.402900002896786 3
    endloop
  endfacet
  facet normal 0 0 1
    outer loop
      vertex -58.26507347077131 -5.973320409655571 3
      vertex -58.55009999871254 -3.8867499977350235 3
      vertex -58.28811836987734 -6.180705100297928 3
    endloop
  endfacet
  facet normal 0 0 1
    outer loop
      vertex -58.226665303111076 -5.780745916068554 3
      vertex -58.55009999871254 -3.8867499977350235 3
      vertex -58.26507347077131 -5.973320409655571 3
    endloop
  endfacet
  facet normal 0 0 1
    outer loop
      vertex -58.17289387434721 -5.602981634438038 3
      vertex -58.55009999871254 -3.8867499977350235 3
      vertex -58.226665303111076 -5.780745916068554 3
    endloop
  endfacet
  facet normal 0 0 1
    outer loop
      vertex -58.10375918447971 -5.440027549862862 3
      vertex -58.55009999871254 -3.8867499977350235 3
      vertex -58.17289387434721 -5.602981634438038 3
    endloop
  endfacet
  facet normal 0 0 1
    outer loop
      vertex -58.019261226058006 -5.291883669793606 3
      vertex -58.55009999871254 -3.8867499977350235 3
      vertex -58.10375918447971 -5.440027549862862 3
    endloop
  endfacet
  facet normal 0 0 1
    outer loop
      vertex -57.30477958917618 -5.459533676505089 3
      vertex -57.47479693591595 -5.5730132684111595 3
      vertex -55.91143265366554 -6.165892854332924 3
    endloop
  endfacet
  facet normal 0 0 1
    outer loop
      vertex -57.09698060899973 -5.39144591987133 3
      vertex -57.30477958917618 -5.459533676505089 3
      vertex -55.91143265366554 -6.165892854332924 3
    endloop
  endfacet
  facet normal 0 0 1
    outer loop
      vertex -57.91939999908209 -5.158550001680851 3
      vertex -58.55009999871254 -3.8867499977350235 3
      vertex -58.019261226058006 -5.291883669793606 3
    endloop
  endfacet
  facet normal 0 0 1
    outer loop
      vertex -57.805574491620064 -5.041603058576584 3
      vertex -58.55009999871254 -3.8867499977350235 3
      vertex -57.91939999908209 -5.158550001680851 3
    endloop
  endfacet
  facet normal 0 0 1
    outer loop
      vertex -57.679155103862286 -4.942647956311703 3
      vertex -57.96689999848604 -3.8867499977350235 3
      vertex -57.805574491620064 -5.041603058576584 3
    endloop
  endfacet
  facet normal 0 0 1
    outer loop
      vertex -57.540141835808754 -4.861684694886208 3
      vertex -57.96689999848604 -3.8867499977350235 3
      vertex -57.679155103862286 -4.942647956311703 3
    endloop
  endfacet
  facet normal 0 0 1
    outer loop
      vertex -57.38853469491005 -4.798713266849518 3
      vertex -57.96689999848604 -3.8867499977350235 3
      vertex -57.540141835808754 -4.861684694886208 3
    endloop
  endfacet
  facet normal 0 0 1
    outer loop
      vertex -58.55009999871254 -3.8867499977350235 3
      vertex -57.805574491620064 -5.041603058576584 3
      vertex -57.96689999848604 -3.8867499977350235 3
    endloop
  endfacet
  facet normal 0 0 1
    outer loop
      vertex -57.38853469491005 -4.798713266849518 3
      vertex -57.18704999983311 -3.8867499977350235 3
      vertex -57.96689999848604 -3.8867499977350235 3
    endloop
  endfacet
  facet normal 0 0 1
    outer loop
      vertex -57.22433367371559 -4.7537336722016335 3
      vertex -57.18704999983311 -3.8867499977350235 3
      vertex -57.38853469491005 -4.798713266849518 3
    endloop
  endfacet
  facet normal 0 0 1
    outer loop
      vertex -57.04753877222538 -4.726745918393135 3
      vertex -57.18704999983311 -3.8867499977350235 3
      vertex -57.22433367371559 -4.7537336722016335 3
    endloop
  endfacet
  facet normal 0 0 1
    outer loop
      vertex -56.858149997889996 -4.717749997973442 3
      vertex -57.18704999983311 -3.8867499977350235 3
      vertex -57.04753877222538 -4.726745918393135 3
    endloop
  endfacet
  facet normal 0 0 1
    outer loop
      vertex -56.67008060961962 -4.726780615746975 3
      vertex -57.18704999983311 -3.8867499977350235 3
      vertex -56.858149997889996 -4.717749997973442 3
    endloop
  endfacet
  facet normal 0 0 1
    outer loop
      vertex -56.49335816502571 -4.753872446715832 3
      vertex -57.18704999983311 -3.8867499977350235 3
      vertex -56.67008060961962 -4.726780615746975 3
    endloop
  endfacet
  facet normal 0 0 1
    outer loop
      vertex -56.327982656657696 -4.799025513231754 3
      vertex -57.18704999983311 -3.8867499977350235 3
      vertex -56.49335816502571 -4.753872446715832 3
    endloop
  endfacet
  facet normal 0 0 1
    outer loop
      vertex -55.891850002110004 -6.4537499994039536 3
      vertex -57.777050003409386 -7.7659000009298325 3
      vertex -55.891850002110004 -7.7659000009298325 3
    endloop
  endfacet
  facet normal 0 0 1
    outer loop
      vertex -57.777050003409386 -6.480850003659725 3
      vertex -55.891850002110004 -6.4537499994039536 3
      vertex -55.91143265366554 -6.165892854332924 3
    endloop
  endfacet
  facet normal 0 0 1
    outer loop
      vertex -56.85140000283718 -5.368749998509884 3
      vertex -55.91143265366554 -6.165892854332924 3
      vertex -55.97018061578274 -5.922321431338787 3
    endloop
  endfacet
  facet normal 0 0 1
    outer loop
      vertex -53.51839999854565 -7.7659000009298325 3
      vertex -55.37985000014305 -6.362199999392033 3
      vertex -55.37985000014305 -7.7659000009298325 3
    endloop
  endfacet
  facet normal 0 0 1
    outer loop
      vertex -53.51839999854565 -7.7659000009298325 3
      vertex -55.38801530748606 -6.151670411229134 3
      vertex -55.37985000014305 -6.362199999392033 3
    endloop
  endfacet
  facet normal 0 0 1
    outer loop
      vertex -53.51839999854565 -7.7659000009298325 3
      vertex -55.412511222064495 -5.954081632196903 3
      vertex -55.38801530748606 -6.151670411229134 3
    endloop
  endfacet
  facet normal 0 0 1
    outer loop
      vertex -53.51839999854565 -7.7659000009298325 3
      vertex -55.453337758779526 -5.769433669745922 3
      vertex -55.412511222064495 -5.954081632196903 3
    endloop
  endfacet
  facet normal 0 0 1
    outer loop
      vertex -53.51839999854565 -7.7659000009298325 3
      vertex -55.51049489527941 -5.597726531326771 3
      vertex -55.453337758779526 -5.769433669745922 3
    endloop
  endfacet
  facet normal 0 0 1
    outer loop
      vertex -53.51839999854565 -7.7659000009298325 3
      vertex -55.58398265391588 -5.438960202038288 3
      vertex -55.51049489527941 -5.597726531326771 3
    endloop
  endfacet
  facet normal 0 0 1
    outer loop
      vertex -53.51839999854565 -7.7659000009298325 3
      vertex -55.67380101978779 -5.293134696781635 3
      vertex -55.58398265391588 -5.438960202038288 3
    endloop
  endfacet
  facet normal 0 0 1
    outer loop
      vertex -56.85140000283718 -5.368749998509884 3
      vertex -57.09698060899973 -5.39144591987133 3
      vertex -55.91143265366554 -6.165892854332924 3
    endloop
  endfacet
  facet normal 0 0 1
    outer loop
      vertex -56.59682551026344 -5.39089285582304 3
      vertex -56.85140000283718 -5.368749998509884 3
      vertex -55.97018061578274 -5.922321431338787 3
    endloop
  endfacet
  facet normal 0 0 1
    outer loop
      vertex -56.38141632825136 -5.457321427762508 3
      vertex -56.59682551026344 -5.39089285582304 3
      vertex -56.06809388101101 -5.723035715520382 3
    endloop
  endfacet
  facet normal 0 0 1
    outer loop
      vertex -55.97018061578274 -5.922321431338787 3
      vertex -56.06809388101101 -5.723035715520382 3
      vertex -56.59682551026344 -5.39089285582304 3
    endloop
  endfacet
  facet normal 0 0 1
    outer loop
      vertex -56.38141632825136 -5.457321427762508 3
      vertex -56.06809388101101 -5.723035715520382 3
      vertex -56.20517244935036 -5.568035714328289 3
    endloop
  endfacet
  facet normal 0 0 1
    outer loop
      vertex -56.17395408451557 -4.862239792943001 3
      vertex -57.18704999983311 -3.8867499977350235 3
      vertex -56.327982656657696 -4.799025513231754 3
    endloop
  endfacet
  facet normal 0 0 1
    outer loop
      vertex -56.03127244859934 -4.943515308201313 3
      vertex -57.18704999983311 -3.8867499977350235 3
      vertex -56.17395408451557 -4.862239792943001 3
    endloop
  endfacet
  facet normal 0 0 1
    outer loop
      vertex -55.67380101978779 -5.293134696781635 3
      vertex -53.51839999854565 -3.8867499977350235 3
      vertex -55.77995000034571 -5.160250000655651 3
    endloop
  endfacet
  facet normal 0 0 1
    outer loop
      vertex -55.89993775635958 -5.04285204410553 3
      vertex -53.51839999854565 -3.8867499977350235 3
      vertex -56.03127244859934 -4.943515308201313 3
    endloop
  endfacet
  facet normal 0 0 1
    outer loop
      vertex -55.77995000034571 -5.160250000655651 3
      vertex -53.51839999854565 -3.8867499977350235 3
      vertex -55.89993775635958 -5.04285204410553 3
    endloop
  endfacet
  facet normal 0 0 1
    outer loop
      vertex -57.18704999983311 -3.8867499977350235 3
      vertex -56.03127244859934 -4.943515308201313 3
      vertex -53.51839999854565 -3.8867499977350235 3
    endloop
  endfacet
  facet normal 0 0 1
    outer loop
      vertex -53.51839999854565 -7.7659000009298325 3
      vertex -53.51839999854565 -3.8867499977350235 3
      vertex -55.67380101978779 -5.293134696781635 3
    endloop
  endfacet
  facet normal 0 0 1
    outer loop
      vertex -57.96689999848604 -3.8867499977350235 3
      vertex -57.18704999983311 -3.276399999856949 3
      vertex -57.96689999848604 -3.276399999856949 3
    endloop
  endfacet
  facet normal 0 0 1
    outer loop
      vertex -57.96689999848604 -3.8867499977350235 3
      vertex -57.18704999983311 -3.8867499977350235 3
      vertex -57.18704999983311 -3.276399999856949 3
    endloop
  endfacet
  facet normal 0 0 1
    outer loop
      vertex -57.96689999848604 -3.276399999856949 3
      vertex -54.803450003266335 0.01614999771118164 3
      vertex -58.55009999871254 -3.276399999856949 3
    endloop
  endfacet
  facet normal 0 0 1
    outer loop
      vertex -58.55009999871254 -3.276399999856949 3
      vertex -58.19919387996197 0.21219591796398163 3
      vertex -58.2596040815115 0.35622653365135193 3
    endloop
  endfacet
  facet normal 0 0 1
    outer loop
      vertex -58.55009999871254 -3.276399999856949 3
      vertex -58.2596040815115 0.35622653365135193 3
      vertex -58.30658979713917 0.5100122466683388 3
    endloop
  endfacet
  facet normal 0 0 1
    outer loop
      vertex -58.55009999871254 -3.276399999856949 3
      vertex -58.30658979713917 0.5100122466683388 3
      vertex -58.3401510193944 0.6735530644655228 3
    endloop
  endfacet
  facet normal 0 0 1
    outer loop
      vertex -58.55009999871254 -3.276399999856949 3
      vertex -58.3401510193944 0.6735530644655228 3
      vertex -58.36028775572777 0.8468489795923233 3
    endloop
  endfacet
  facet normal 0 0 1
    outer loop
      vertex -58.55009999871254 -3.276399999856949 3
      vertex -57.57808367162943 -0.4105755090713501 3
      vertex -57.708862245082855 -0.3410683646798134 3
    endloop
  endfacet
  facet normal 0 0 1
    outer loop
      vertex -58.55009999871254 -3.276399999856949 3
      vertex -57.708862245082855 -0.3410683646798134 3
      vertex -57.8291244879365 -0.2572367340326309 3
    endloop
  endfacet
  facet normal 0 0 1
    outer loop
      vertex -58.55009999871254 -3.276399999856949 3
      vertex -57.8291244879365 -0.2572367340326309 3
      vertex -57.938870407640934 -0.1590806096792221 3
    endloop
  endfacet
  facet normal 0 0 1
    outer loop
      vertex -58.55009999871254 -3.276399999856949 3
      vertex -57.938870407640934 -0.1590806096792221 3
      vertex -58.038099996745586 -0.04659999907016754 3
    endloop
  endfacet
  facet normal 0 0 1
    outer loop
      vertex -58.55009999871254 -3.276399999856949 3
      vertex -58.038099996745586 -0.04659999907016754 3
      vertex -58.12535918504 0.07792040705680847 3
    endloop
  endfacet
  facet normal 0 0 1
    outer loop
      vertex -58.55009999871254 -3.276399999856949 3
      vertex -58.12535918504 0.07792040705680847 3
      vertex -58.19919387996197 0.21219591796398163 3
    endloop
  endfacet
  facet normal 0 0 1
    outer loop
      vertex -58.55009999871254 -3.276399999856949 3
      vertex -57.4367887750268 -0.46575815975666046 3
      vertex -57.57808367162943 -0.4105755090713501 3
    endloop
  endfacet
  facet normal 0 0 1
    outer loop
      vertex -58.55009999871254 -3.276399999856949 3
      vertex -57.28497754782438 -0.5066163241863251 3
      vertex -57.4367887750268 -0.46575815975666046 3
    endloop
  endfacet
  facet normal 0 0 1
    outer loop
      vertex -58.55009999871254 -3.276399999856949 3
      vertex -57.12264999747276 -0.5331500023603439 3
      vertex -57.28497754782438 -0.5066163241863251 3
    endloop
  endfacet
  facet normal 0 0 1
    outer loop
      vertex -58.55009999871254 -3.276399999856949 3
      vertex -56.23180305957794 1.1321346908807755 3
      vertex -57.12264999747276 -0.5331500023603439 3
    endloop
  endfacet
  facet normal 0 0 1
    outer loop
      vertex -58.55009999871254 -3.276399999856949 3
      vertex -56.213950000703335 0.5314999967813492 3
      vertex -56.213950000703335 0.8637999966740608 3
    endloop
  endfacet
  facet normal 0 0 1
    outer loop
      vertex -58.55009999871254 -3.276399999856949 3
      vertex -56.213950000703335 0.8637999966740608 3
      vertex -56.21841326355934 1.0025693848729134 3
    endloop
  endfacet
  facet normal 0 0 1
    outer loop
      vertex -58.55009999871254 -3.276399999856949 3
      vertex -56.21841326355934 1.0025693848729134 3
      vertex -56.23180305957794 1.1321346908807755 3
    endloop
  endfacet
  facet normal 0 0 1
    outer loop
      vertex -57.96689999848604 -3.276399999856949 3
      vertex -57.18704999983311 -3.276399999856949 3
      vertex -54.803450003266335 0.01614999771118164 3
    endloop
  endfacet
  facet normal 0 0 1
    outer loop
      vertex -53.51839999854565 -3.276399999856949 3
      vertex -54.745800003409386 -0.6145500019192696 3
      vertex -57.18704999983311 -3.276399999856949 3
    endloop
  endfacet
  facet normal 0 0 1
    outer loop
      vertex -53.51839999854565 -7.7659000009298325 3
      vertex -53.4505999982357 1.057049997150898 3
      vertex -53.51839999854565 -3.8867499977350235 3
    endloop
  endfacet
  facet normal 0 0 1
    outer loop
      vertex -53.51839999854565 -3.8867499977350235 3
      vertex -53.4505999982357 1.057049997150898 3
      vertex -53.51839999854565 -3.276399999856949 3
    endloop
  endfacet
  facet normal 0 0 1
    outer loop
      vertex -57.18704999983311 -3.276399999856949 3
      vertex -54.745800003409386 -0.6145500019192696 3
      vertex -54.803450003266335 0.01614999771118164 3
    endloop
  endfacet
  facet normal 0 0 1
    outer loop
      vertex -58.55009999871254 -3.276399999856949 3
      vertex -54.803450003266335 0.01614999771118164 3
      vertex -56.213950000703335 0.5314999967813492 3
    endloop
  endfacet
  facet normal 0 0 1
    outer loop
      vertex -53.51839999854565 -3.276399999856949 3
      vertex -54.56911428272724 -0.5841316357254982 3
      vertex -54.745800003409386 -0.6145500019192696 3
    endloop
  endfacet
  facet normal 0 0 1
    outer loop
      vertex -53.51839999854565 -3.276399999856949 3
      vertex -54.405228570103645 -0.539390817284584 3
      vertex -54.56911428272724 -0.5841316357254982 3
    endloop
  endfacet
  facet normal 0 0 1
    outer loop
      vertex -53.51839999854565 -3.276399999856949 3
      vertex -54.25414285808802 -0.4803275540471077 3
      vertex -54.405228570103645 -0.539390817284584 3
    endloop
  endfacet
  facet normal 0 0 1
    outer loop
      vertex -53.51839999854565 -3.276399999856949 3
      vertex -54.115857139229774 -0.40694183856248856 3
      vertex -54.25414285808802 -0.4803275540471077 3
    endloop
  endfacet
  facet normal 0 0 1
    outer loop
      vertex -53.51839999854565 -3.276399999856949 3
      vertex -53.99037142843008 -0.3192336708307266 3
      vertex -54.115857139229774 -0.40694183856248856 3
    endloop
  endfacet
  facet normal 0 0 1
    outer loop
      vertex -53.51839999854565 -3.276399999856949 3
      vertex -53.87768571078777 -0.2172030583024025 3
      vertex -53.99037142843008 -0.3192336708307266 3
    endloop
  endfacet
  facet normal 0 0 1
    outer loop
      vertex -53.51839999854565 -3.276399999856949 3
      vertex -53.777800001204014 -0.10085000097751617 3
      vertex -53.87768571078777 -0.2172030583024025 3
    endloop
  endfacet
  facet normal 0 0 1
    outer loop
      vertex -53.51839999854565 -3.276399999856949 3
      vertex -53.69099183380604 0.02865000069141388 3
      vertex -53.777800001204014 -0.10085000097751617 3
    endloop
  endfacet
  facet normal 0 0 1
    outer loop
      vertex -53.51839999854565 -3.276399999856949 3
      vertex -53.6175387725234 0.170121431350708 3
      vertex -53.69099183380604 0.02865000069141388 3
    endloop
  endfacet
  facet normal 0 0 1
    outer loop
      vertex -53.51839999854565 -3.276399999856949 3
      vertex -53.55744081735611 0.3235642835497856 3
      vertex -53.6175387725234 0.170121431350708 3
    endloop
  endfacet
  facet normal 0 0 1
    outer loop
      vertex -53.51839999854565 -3.276399999856949 3
      vertex -53.51069796085358 0.4889785721898079 3
      vertex -53.55744081735611 0.3235642835497856 3
    endloop
  endfacet
  facet normal 0 0 1
    outer loop
      vertex -53.51839999854565 -3.276399999856949 3
      vertex -53.477310203015804 0.6663642823696136 3
      vertex -53.51069796085358 0.4889785721898079 3
    endloop
  endfacet
  facet normal 0 0 1
    outer loop
      vertex -53.51839999854565 -3.276399999856949 3
      vertex -53.45727755129337 0.8557214289903641 3
      vertex -53.477310203015804 0.6663642823696136 3
    endloop
  endfacet
  facet normal 0 0 1
    outer loop
      vertex -53.51839999854565 -3.276399999856949 3
      vertex -53.4505999982357 1.057049997150898 3
      vertex -53.45727755129337 0.8557214289903641 3
    endloop
  endfacet
  facet normal 0 0 1
    outer loop
      vertex -40.82628428702616 -22.1199399791263 3
      vertex -53.45800407975912 1.2725285738706589 3
      vertex -53.4505999982357 1.057049997150898 3
    endloop
  endfacet
  facet normal 0 0 1
    outer loop
      vertex -40.82628428702616 -22.1199399791263 3
      vertex -53.480216324329376 1.473335713148117 3
      vertex -53.45800407975912 1.2725285738706589 3
    endloop
  endfacet
  facet normal 0 0 1
    outer loop
      vertex -40.82628428702616 -22.1199399791263 3
      vertex -53.51723673194647 1.6594714298844337 3
      vertex -53.480216324329376 1.473335713148117 3
    endloop
  endfacet
  facet normal 0 0 1
    outer loop
      vertex -40.82628428702616 -22.1199399791263 3
      vertex -40.5 -21.901923788646684 3
      vertex -60 31 3
    endloop
  endfacet
  facet normal 0 0 1
    outer loop
      vertex -40.5 -21.901923788646684 3
      vertex -40.14805029709527 -21.728361402466135 3
      vertex -60 31 3
    endloop
  endfacet
  facet normal 0 0 1
    outer loop
      vertex -40.14805029709527 -21.728361402466135 3
      vertex -39.77645713530756 -21.602222521132802 3
      vertex -60 31 3
    endloop
  endfacet
  facet normal 0 0 1
    outer loop
      vertex -39.77645713530756 -21.602222521132802 3
      vertex -39.39157857666015 -21.525665415878564 3
      vertex -60 31 3
    endloop
  endfacet
  facet normal 0 0 1
    outer loop
      vertex -39.39157857666015 -21.525665415878564 3
      vertex -39 -21.5 3
      vertex -60 31 3
    endloop
  endfacet
  facet normal 0 0 1
    outer loop
      vertex -39 -21.5 3
      vertex -38.60842142333985 -21.525665415878564 3
      vertex -60 31 3
    endloop
  endfacet
  facet normal 0 0 1
    outer loop
      vertex -38.60842142333985 -21.525665415878564 3
      vertex -38.22354286469244 -21.602222521132802 3
      vertex -60 31 3
    endloop
  endfacet
  facet normal 0 0 1
    outer loop
      vertex -60 -31 3
      vertex 47 -31 3
      vertex -39 -27.5 3
    endloop
  endfacet
  facet normal 0 0 1
    outer loop
      vertex -38.22354286469244 -27.397777478867198 3
      vertex 17.85194970290473 -27.271638597533865 3
      vertex -37.85194970290473 -27.271638597533865 3
    endloop
  endfacet
  facet normal 0 0 1
    outer loop
      vertex -37.85194970290473 -27.271638597533865 3
      vertex 17.5 -27.098076211353316 3
      vertex -37.5 -27.098076211353316 3
    endloop
  endfacet
  facet normal 0 0 1
    outer loop
      vertex -37.5 -27.098076211353316 3
      vertex 17.173715712973838 -26.8800600208737 3
      vertex -37.17371571297384 -26.8800600208737 3
    endloop
  endfacet
  facet normal 0 0 1
    outer loop
      vertex -37.17371571297384 -26.8800600208737 3
      vertex 16.878679656440358 -26.621320343559645 3
      vertex -36.878679656440355 -26.621320343559645 3
    endloop
  endfacet
  facet normal 0 0 1
    outer loop
      vertex -36.878679656440355 -26.621320343559645 3
      vertex 16.619939979126293 -26.326284287026155 3
      vertex -36.61993997912629 -26.326284287026155 3
    endloop
  endfacet
  facet normal 0 0 1
    outer loop
      vertex -36.61993997912629 -26.326284287026155 3
      vertex 16.401923788646684 -26 3
      vertex -36.401923788646684 -26 3
    endloop
  endfacet
  facet normal 0 0 1
    outer loop
      vertex -36.401923788646684 -26 3
      vertex 16.228361402466142 -25.648050297095267 3
      vertex -36.22836140246614 -25.648050297095267 3
    endloop
  endfacet
  facet normal 0 0 1
    outer loop
      vertex -36.22836140246614 -25.648050297095267 3
      vertex 16.102222521132795 -25.276457135307567 3
      vertex -36.102222521132795 -25.276457135307567 3
    endloop
  endfacet
  facet normal 0 0 1
    outer loop
      vertex -36.102222521132795 -25.276457135307567 3
      vertex 16.02566541587857 -24.89157857666015 3
      vertex -36.02566541587857 -24.89157857666015 3
    endloop
  endfacet
  facet normal 0 0 1
    outer loop
      vertex -36.02566541587857 -24.89157857666015 3
      vertex 16 -24.5 3
      vertex -36 -24.5 3
    endloop
  endfacet
  facet normal 0 0 1
    outer loop
      vertex -36 -24.5 3
      vertex 16.02566541587857 -24.10842142333985 3
      vertex -36.02566541587857 -24.10842142333985 3
    endloop
  endfacet
  facet normal 0 0 1
    outer loop
      vertex -36.02566541587857 -24.10842142333985 3
      vertex 16.102222521132795 -23.723542864692433 3
      vertex -36.102222521132795 -23.723542864692433 3
    endloop
  endfacet
  facet normal 0 0 1
    outer loop
      vertex -36.22836140246614 -23.351949702904733 3
      vertex -36.102222521132795 -23.723542864692433 3
      vertex 16.228361402466142 -23.351949702904733 3
    endloop
  endfacet
  facet normal 0 0 1
    outer loop
      vertex -39 -27.5 3
      vertex 47 -31 3
      vertex -38.60842142333985 -27.474334584121436 3
    endloop
  endfacet
  facet normal 0 0 1
    outer loop
      vertex -38.60842142333985 -27.474334584121436 3
      vertex 47 -31 3
      vertex -38.22354286469244 -27.397777478867198 3
    endloop
  endfacet
  facet normal 0 0 1
    outer loop
      vertex -36.22836140246614 -23.351949702904733 3
      vertex 16.401923788646684 -23 3
      vertex -36.401923788646684 -23 3
    endloop
  endfacet
  facet normal 0 0 1
    outer loop
      vertex -36.61993997912629 -22.673715712973845 3
      vertex -36.401923788646684 -23 3
      vertex 16.619939979126293 -22.673715712973845 3
    endloop
  endfacet
  facet normal 0 0 1
    outer loop
      vertex -36.61993997912629 -22.673715712973845 3
      vertex 16.878679656440358 -22.378679656440355 3
      vertex -36.878679656440355 -22.378679656440355 3
    endloop
  endfacet
  facet normal 0 0 1
    outer loop
      vertex -37.5 -21.901923788646684 3
      vertex -37.17371571297384 -22.1199399791263 3
      vertex 17.5 -21.901923788646684 3
    endloop
  endfacet
  facet normal 0 0 1
    outer loop
      vertex -38.22354286469244 -21.602222521132802 3
      vertex -37.85194970290473 -21.728361402466135 3
      vertex 18.223542864692437 -21.602222521132802 3
    endloop
  endfacet
  facet normal 0 0 1
    outer loop
      vertex -37.5 -21.901923788646684 3
      vertex 17.85194970290473 -21.728361402466135 3
      vertex -37.85194970290473 -21.728361402466135 3
    endloop
  endfacet
  facet normal 0 0 1
    outer loop
      vertex -36.878679656440355 -22.378679656440355 3
      vertex 17.173715712973838 -22.1199399791263 3
      vertex -37.17371571297384 -22.1199399791263 3
    endloop
  endfacet
  facet normal 0 0 1
    outer loop
      vertex -38.22354286469244 -21.602222521132802 3
      vertex 18.223542864692437 -21.602222521132802 3
      vertex -50.3 18 3
    endloop
  endfacet
  facet normal 0 0 1
    outer loop
      vertex -60 31 3
      vertex 18.223542864692437 -21.602222521132802 3
      vertex 18.608421423339845 -21.525665415878564 3
    endloop
  endfacet
  facet normal 0 0 1
    outer loop
      vertex -60 31 3
      vertex 18.608421423339845 -21.525665415878564 3
      vertex 19 -21.5 3
    endloop
  endfacet
  facet normal 0 0 1
    outer loop
      vertex -60 31 3
      vertex 19 -21.5 3
      vertex 19.391578576660155 -21.525665415878564 3
    endloop
  endfacet
  facet normal 0 0 1
    outer loop
      vertex -60 31 3
      vertex 19.391578576660155 -21.525665415878564 3
      vertex 19.776457135307563 -21.602222521132802 3
    endloop
  endfacet
  facet normal 0 0 1
    outer loop
      vertex -60 31 3
      vertex 19.776457135307563 -21.602222521132802 3
      vertex 20.14805029709527 -21.728361402466135 3
    endloop
  endfacet
  facet normal 0 0 -1
    outer loop
      vertex -60 -31 0
      vertex -53.20208152801713 16.797918471982882 0
      vertex -53.034894429314825 16.651299321504894 0
    endloop
  endfacet
  facet normal 0 0 -1
    outer loop
      vertex -60 -31 0
      vertex -53.3487006784951 16.965105570685182 0
      vertex -53.20208152801713 16.797918471982882 0
    endloop
  endfacet
  facet normal 0 0 -1
    outer loop
      vertex -60 -31 0
      vertex -53.570595205269186 17.349438164979347 0
      vertex -53.472243186433545 17.150000000000006 0
    endloop
  endfacet
  facet normal 0 0 -1
    outer loop
      vertex -60 -31 0
      vertex -53.472243186433545 17.150000000000006 0
      vertex -53.3487006784951 16.965105570685182 0
    endloop
  endfacet
  facet normal 0 0 -1
    outer loop
      vertex -60 -31 0
      vertex -53.642073904691415 17.560007623325703 0
      vertex -53.570595205269186 17.349438164979347 0
    endloop
  endfacet
  facet normal 0 0 -1
    outer loop
      vertex -60 -31 0
      vertex -53.68545626433548 17.778105473225907 0
      vertex -53.642073904691415 17.560007623325703 0
    endloop
  endfacet
  facet normal 0 0 -1
    outer loop
      vertex -60 -31 0
      vertex -53.7 18 0
      vertex -53.68545626433548 17.778105473225907 0
    endloop
  endfacet
  facet normal 0 0 -1
    outer loop
      vertex -60 -31 0
      vertex -60 31 0
      vertex -53.7 18 0
    endloop
  endfacet
  facet normal 0 0 -1
    outer loop
      vertex -53.1 -22.09474411167423 0
      vertex -53.034894429314825 16.651299321504894 0
      vertex -52.85 16.52775681356644 0
    endloop
  endfacet
  facet normal 0 0 -1
    outer loop
      vertex -52.841903551203195 -21.967465028475175 0
      vertex -52.65056183502065 16.4294047947308 0
      vertex -52.43999237667428 16.357926095308585 0
    endloop
  endfacet
  facet normal 0 0 -1
    outer loop
      vertex -52.841903551203195 -21.967465028475175 0
      vertex -52.85 16.52775681356644 0
      vertex -52.65056183502065 16.4294047947308 0
    endloop
  endfacet
  facet normal 0 0 -1
    outer loop
      vertex -52.56940189922555 -21.874963182164052 0
      vertex -52.43999237667428 16.357926095308585 0
      vertex -52.221894526774086 16.31454373566453 0
    endloop
  endfacet
  facet normal 0 0 -1
    outer loop
      vertex -52.287157622884116 -21.818821304977618 0
      vertex -52.221894526774086 16.31454373566453 0
      vertex -52 16.30000000000001 0
    endloop
  endfacet
  facet normal 0 0 -1
    outer loop
      vertex -52 -21.799999999999997 0
      vertex -52 16.30000000000001 0
      vertex -51.778105473225914 16.31454373566453 0
    endloop
  endfacet
  facet normal 0 0 -1
    outer loop
      vertex -51.712842377115884 -21.818821304977618 0
      vertex -51.778105473225914 16.31454373566453 0
      vertex -51.56000762332572 16.357926095308585 0
    endloop
  endfacet
  facet normal 0 0 -1
    outer loop
      vertex -51.712842377115884 -21.818821304977618 0
      vertex -51.56000762332572 16.357926095308585 0
      vertex -51.34943816497935 16.4294047947308 0
    endloop
  endfacet
  facet normal 0 0 -1
    outer loop
      vertex -51.43059810077445 -21.874963182164052 0
      vertex -51.34943816497935 16.4294047947308 0
      vertex -51.15 16.52775681356644 0
    endloop
  endfacet
  facet normal 0 0 -1
    outer loop
      vertex -51.158096448796805 -21.967465028475175 0
      vertex -51.15 16.52775681356644 0
      vertex -50.965105570685175 16.651299321504894 0
    endloop
  endfacet
  facet normal 0 0 -1
    outer loop
      vertex -50.9 -22.09474411167423 0
      vertex -50.965105570685175 16.651299321504894 0
      vertex -50.79791847198287 16.797918471982882 0
    endloop
  endfacet
  facet normal 0 0 -1
    outer loop
      vertex -50.66072485618081 -22.254622651359284 0
      vertex -50.79791847198287 16.797918471982882 0
      vertex -50.6512993215049 16.965105570685182 0
    endloop
  endfacet
  facet normal 0 0 -1
    outer loop
      vertex -50.66072485618081 -22.254622651359284 0
      vertex -50.6512993215049 16.965105570685182 0
      vertex -50.527756813566455 17.150000000000006 0
    endloop
  endfacet
  facet normal 0 0 -1
    outer loop
      vertex -50.66072485618081 -22.254622651359284 0
      vertex -50.527756813566455 17.150000000000006 0
      vertex -50.429404794730814 17.349438164979347 0
    endloop
  endfacet
  facet normal 0 0 -1
    outer loop
      vertex -50.66072485618081 -22.254622651359284 0
      vertex -50.429404794730814 17.349438164979347 0
      vertex -50.357926095308585 17.560007623325703 0
    endloop
  endfacet
  facet normal 0 0 -1
    outer loop
      vertex -50.66072485618081 -22.254622651359284 0
      vertex -50.357926095308585 17.560007623325703 0
      vertex -50.31454373566452 17.778105473225907 0
    endloop
  endfacet
  facet normal 0 0 -1
    outer loop
      vertex -50.66072485618081 -22.254622651359284 0
      vertex -50.31454373566452 17.778105473225907 0
      vertex -50.3 18 0
    endloop
  endfacet
  facet normal -1 0 0
    outer loop
      vertex -60 -31 0
      vertex -60 31 3
      vertex -60 31 0
    endloop
  endfacet
  facet normal 0 0 -1
    outer loop
      vertex -60 31 0
      vertex -53.68545626433548 18.221894526774093 0
      vertex -53.7 18 0
    endloop
  endfacet
  facet normal 0 0 -1
    outer loop
      vertex -60 31 0
      vertex -53.642073904691415 18.439992376674297 0
      vertex -53.68545626433548 18.221894526774093 0
    endloop
  endfacet
  facet normal 0 0 -1
    outer loop
      vertex -60 31 0
      vertex -53.570595205269186 18.650561835020653 0
      vertex -53.642073904691415 18.439992376674297 0
    endloop
  endfacet
  facet normal 0 0 -1
    outer loop
      vertex -60 31 0
      vertex -53.472243186433545 18.849999999999994 0
      vertex -53.570595205269186 18.650561835020653 0
    endloop
  endfacet
  facet normal 0 0 -1
    outer loop
      vertex -60 31 0
      vertex -53.3487006784951 19.034894429314818 0
      vertex -53.472243186433545 18.849999999999994 0
    endloop
  endfacet
  facet normal 0 0 -1
    outer loop
      vertex -60 31 0
      vertex -53.20208152801713 19.202081528017118 0
      vertex -53.3487006784951 19.034894429314818 0
    endloop
  endfacet
  facet normal 0 0 -1
    outer loop
      vertex -60 31 0
      vertex -53.034894429314825 19.348700678495106 0
      vertex -53.20208152801713 19.202081528017118 0
    endloop
  endfacet
  facet normal 0 0 -1
    outer loop
      vertex -60 31 0
      vertex -52.85 19.47224318643356 0
      vertex -53.034894429314825 19.348700678495106 0
    endloop
  endfacet
  facet normal 0 0 -1
    outer loop
      vertex -60 31 0
      vertex -52.65056183502065 19.5705952052692 0
      vertex -52.85 19.47224318643356 0
    endloop
  endfacet
  facet normal 0 0 -1
    outer loop
      vertex -60 31 0
      vertex -52.43999237667428 19.642073904691415 0
      vertex -52.65056183502065 19.5705952052692 0
    endloop
  endfacet
  facet normal 0 0 -1
    outer loop
      vertex -60 31 0
      vertex -52.221894526774086 19.68545626433547 0
      vertex -52.43999237667428 19.642073904691415 0
    endloop
  endfacet
  facet normal 0 0 -1
    outer loop
      vertex 47 31 0
      vertex -50.66072485618081 -22.254622651359284 0
      vertex -50.3 18 0
    endloop
  endfacet
  facet normal 0 0 -1
    outer loop
      vertex -60 31 0
      vertex 47 31 0
      vertex -52.221894526774086 19.68545626433547 0
    endloop
  endfacet
  facet normal 0 1 0
    outer loop
      vertex -60 31 0
      vertex -60 31 3
      vertex 47 31 0
    endloop
  endfacet
  facet normal 0 0 -1
    outer loop
      vertex 47 31 0
      vertex -50.79791847198287 19.202081528017118 0
      vertex -50.965105570685175 19.348700678495106 0
    endloop
  endfacet
  facet normal 0 0 -1
    outer loop
      vertex 47 31 0
      vertex -50.3 18 0
      vertex -50.31454373566452 18.221894526774093 0
    endloop
  endfacet
  facet normal 0 0 -1
    outer loop
      vertex 47 31 0
      vertex -50.31454373566452 18.221894526774093 0
      vertex -50.357926095308585 18.439992376674297 0
    endloop
  endfacet
  facet normal 0 0 -1
    outer loop
      vertex 47 31 0
      vertex -50.357926095308585 18.439992376674297 0
      vertex -50.429404794730814 18.650561835020653 0
    endloop
  endfacet
  facet normal 0 0 -1
    outer loop
      vertex 47 31 0
      vertex -50.527756813566455 18.849999999999994 0
      vertex -50.6512993215049 19.034894429314818 0
    endloop
  endfacet
  facet normal 0 0 -1
    outer loop
      vertex 47 31 0
      vertex -50.429404794730814 18.650561835020653 0
      vertex -50.527756813566455 18.849999999999994 0
    endloop
  endfacet
  facet normal 0 0 -1
    outer loop
      vertex 47 31 0
      vertex -50.6512993215049 19.034894429314818 0
      vertex -50.79791847198287 19.202081528017118 0
    endloop
  endfacet
  facet normal 0 0 -1
    outer loop
      vertex 47 31 0
      vertex -52 19.69999999999999 0
      vertex -52.221894526774086 19.68545626433547 0
    endloop
  endfacet
  facet normal 0 0 -1
    outer loop
      vertex 47 31 0
      vertex -51.778105473225914 19.68545626433547 0
      vertex -52 19.69999999999999 0
    endloop
  endfacet
  facet normal 0 0 -1
    outer loop
      vertex 47 31 0
      vertex -51.56000762332572 19.642073904691415 0
      vertex -51.778105473225914 19.68545626433547 0
    endloop
  endfacet
  facet normal 0 0 -1
    outer loop
      vertex 47 31 0
      vertex -51.34943816497935 19.5705952052692 0
      vertex -51.56000762332572 19.642073904691415 0
    endloop
  endfacet
  facet normal 0 0 -1
    outer loop
      vertex 47 31 0
      vertex -51.15 19.47224318643356 0
      vertex -51.34943816497935 19.5705952052692 0
    endloop
  endfacet
  facet normal 0 0 -1
    outer loop
      vertex 47 31 0
      vertex -50.965105570685175 19.348700678495106 0
      vertex -51.15 19.47224318643356 0
    endloop
  endfacet
  facet normal 0 0 1
    outer loop
      vertex -60 -31 3
      vertex -58.36018367111683 1.2287459149956703 3
      vertex -60 31 3
    endloop
  endfacet
  facet normal 0 0 1
    outer loop
      vertex -57.12264999747276 -0.5331500023603439 3
      vertex -56.23180305957794 1.1321346908807755 3
      vertex -57.07514999806881 0.08055000007152557 3
    endloop
  endfacet
  facet normal 0 0 1
    outer loop
      vertex -57.27639081329107 0.12082754820585251 3
      vertex -56.23180305957794 1.1321346908807755 3
      vertex -57.36662755161524 0.15373162925243378 3
    endloop
  endfacet
  facet normal 0 0 1
    outer loop
      vertex -57.17923163622618 0.09643367677927017 3
      vertex -56.23180305957794 1.1321346908807755 3
      vertex -57.27639081329107 0.12082754820585251 3
    endloop
  endfacet
  facet normal 0 0 1
    outer loop
      vertex -57.07514999806881 0.08055000007152557 3
      vertex -56.23180305957794 1.1321346908807755 3
      vertex -57.17923163622618 0.09643367677927017 3
    endloop
  endfacet
  facet normal 0 0 1
    outer loop
      vertex -57.59580305963755 0.3035051003098488 3
      vertex -56.23180305957794 1.1321346908807755 3
      vertex -57.65834999829531 0.370449997484684 3
    endloop
  endfacet
  facet normal 0 0 1
    outer loop
      vertex -57.526333674788475 0.24507040530443192 3
      vertex -56.23180305957794 1.1321346908807755 3
      vertex -57.59580305963755 0.3035051003098488 3
    endloop
  endfacet
  facet normal 0 0 1
    outer loop
      vertex -57.65834999829531 0.370449997484684 3
      vertex -56.23180305957794 1.1321346908807755 3
      vertex -57.713228568434715 0.4447989761829376 3
    endloop
  endfacet
  facet normal 0 0 1
    outer loop
      vertex -57.713228568434715 0.4447989761829376 3
      vertex -56.23180305957794 1.1321346908807755 3
      vertex -57.75966428220272 0.5254459157586098 3
    endloop
  endfacet
  facet normal 0 0 1
    outer loop
      vertex -57.79765713959932 0.6123908162117004 3
      vertex -56.23180305957794 1.1321346908807755 3
      vertex -57.82720714062452 0.705633670091629 3
    endloop
  endfacet
  facet normal 0 0 1
    outer loop
      vertex -57.82720714062452 0.705633670091629 3
      vertex -56.23180305957794 1.1321346908807755 3
      vertex -57.84831428527832 0.8051744922995567 3
    endloop
  endfacet
  facet normal 0 0 1
    outer loop
      vertex -57.84831428527832 0.8051744922995567 3
      vertex -56.23180305957794 1.1321346908807755 3
      vertex -57.860978573560715 0.9110132679343224 3
    endloop
  endfacet
  facet normal 0 0 1
    outer loop
      vertex -57.75966428220272 0.5254459157586098 3
      vertex -56.23180305957794 1.1321346908807755 3
      vertex -57.79765713959932 0.6123908162117004 3
    endloop
  endfacet
  facet normal 0 0 1
    outer loop
      vertex -57.44994183629751 0.19514591991901398 3
      vertex -56.23180305957794 1.1321346908807755 3
      vertex -57.526333674788475 0.24507040530443192 3
    endloop
  endfacet
  facet normal 0 0 1
    outer loop
      vertex -57.36662755161524 0.15373162925243378 3
      vertex -56.23180305957794 1.1321346908807755 3
      vertex -57.44994183629751 0.19514591991901398 3
    endloop
  endfacet
  facet normal 0 0 1
    outer loop
      vertex -57.860978573560715 0.9110132679343224 3
      vertex -56.23180305957794 1.1321346908807755 3
      vertex -57.865199998021126 1.023149996995926 3
    endloop
  endfacet
  facet normal 0 0 1
    outer loop
      vertex -57.865199998021126 1.023149996995926 3
      vertex -56.254119388759136 1.252495914697647 3
      vertex -57.86066734790802 1.1455867365002632 3
    endloop
  endfacet
  facet normal 0 0 1
    outer loop
      vertex -57.86066734790802 1.1455867365002632 3
      vertex -56.254119388759136 1.252495914697647 3
      vertex -57.84706939011812 1.259096935391426 3
    endloop
  endfacet
  facet normal 0 0 1
    outer loop
      vertex -57.84706939011812 1.259096935391426 3
      vertex -56.254119388759136 1.252495914697647 3
      vertex -57.82440612465143 1.3636806085705757 3
    endloop
  endfacet
  facet normal 0 0 1
    outer loop
      vertex -57.82440612465143 1.3636806085705757 3
      vertex -56.254119388759136 1.252495914697647 3
      vertex -57.79267755150795 1.459337756037712 3
    endloop
  endfacet
  facet normal 0 0 1
    outer loop
      vertex -57.79267755150795 1.459337756037712 3
      vertex -56.254119388759136 1.252495914697647 3
      vertex -57.751883670687675 1.5460683703422546 3
    endloop
  endfacet
  facet normal 0 0 1
    outer loop
      vertex -57.865199998021126 1.023149996995926 3
      vertex -56.23180305957794 1.1321346908807755 3
      vertex -56.254119388759136 1.252495914697647 3
    endloop
  endfacet
  facet normal 0 0 1
    outer loop
      vertex -57.751883670687675 1.5460683703422546 3
      vertex -56.254119388759136 1.252495914697647 3
      vertex -57.70202448964119 1.6238724514842033 3
    endloop
  endfacet
  facet normal 0 0 1
    outer loop
      vertex -56.254119388759136 1.252495914697647 3
      vertex -57.64310000091791 1.6927499994635582 3
      vertex -57.70202448964119 1.6238724514842033 3
    endloop
  endfacet
  facet normal 0 0 1
    outer loop
      vertex -56.254119388759136 1.252495914697647 3
      vertex -57.57635612040758 1.7525765299797058 3
      vertex -57.64310000091791 1.6927499994635582 3
    endloop
  endfacet
  facet normal 0 0 1
    outer loop
      vertex -56.254119388759136 1.252495914697647 3
      vertex -57.5030387789011 1.803198978304863 3
      vertex -57.57635612040758 1.7525765299797058 3
    endloop
  endfacet
  facet normal 0 0 1
    outer loop
      vertex -56.254119388759136 1.252495914697647 3
      vertex -57.42314796149731 1.8446173444390297 3
      vertex -57.5030387789011 1.803198978304863 3
    endloop
  endfacet
  facet normal 0 0 1
    outer loop
      vertex -56.254119388759136 1.252495914697647 3
      vertex -57.33668367564678 1.8768316358327866 3
      vertex -57.42314796149731 1.8446173444390297 3
    endloop
  endfacet
  facet normal 0 0 1
    outer loop
      vertex -56.254119388759136 1.252495914697647 3
      vertex -57.14403469115496 1.9136479571461678 3
      vertex -57.243645921349525 1.8998418375849724 3
    endloop
  endfacet
  facet normal 0 0 1
    outer loop
      vertex -56.254119388759136 1.252495914697647 3
      vertex -57.243645921349525 1.8998418375849724 3
      vertex -57.33668367564678 1.8768316358327866 3
    endloop
  endfacet
  facet normal 0 0 1
    outer loop
      vertex -56.285362243652344 1.3636530637741089 3
      vertex -57.03784999996424 1.9182500019669533 3
      vertex -57.14403469115496 1.9136479571461678 3
    endloop
  endfacet
  facet normal 0 0 1
    outer loop
      vertex -56.325531631708145 1.4656061232089996 3
      vertex -56.93084591627121 1.9126102030277252 3
      vertex -57.03784999996424 1.9182500019669533 3
    endloop
  endfacet
  facet normal 0 0 1
    outer loop
      vertex -56.37462755292654 1.5583551004529 3
      vertex -56.83069081604481 1.8956908136606216 3
      vertex -56.93084591627121 1.9126102030277252 3
    endloop
  endfacet
  facet normal 0 0 1
    outer loop
      vertex -56.213950000703335 0.5314999967813492 3
      vertex -54.803450003266335 0.01614999771118164 3
      vertex -55.685000002384186 0.5314999967813492 3
    endloop
  endfacet
  facet normal 0 0 1
    outer loop
      vertex -55.685000002384186 0.5314999967813492 3
      vertex -54.803450003266335 0.01614999771118164 3
      vertex -55.685000002384186 0.8773500025272369 3
    endloop
  endfacet
  facet normal 0 0 1
    outer loop
      vertex -55.685000002384186 0.8773500025272369 3
      vertex -54.803450003266335 0.01614999771118164 3
      vertex -55.6805367320776 1.0337030589580536 3
    endloop
  endfacet
  facet normal 0 0 1
    outer loop
      vertex -55.6805367320776 1.0337030589580536 3
      vertex -54.803450003266335 0.01614999771118164 3
      vertex -55.667146936059 1.1791908144950867 3
    endloop
  endfacet
  facet normal 0 0 1
    outer loop
      vertex -55.667146936059 1.1791908144950867 3
      vertex -54.803450003266335 0.01614999771118164 3
      vertex -55.644830614328384 1.3138132616877556 3
    endloop
  endfacet
  facet normal 0 0 1
    outer loop
      vertex -55.644830614328384 1.3138132616877556 3
      vertex -54.803450003266335 0.01614999771118164 3
      vertex -55.613587751984596 1.437570407986641 3
    endloop
  endfacet
  facet normal 0 0 1
    outer loop
      vertex -56.285362243652344 1.3636530637741089 3
      vertex -57.14403469115496 1.9136479571461678 3
      vertex -56.254119388759136 1.252495914697647 3
    endloop
  endfacet
  facet normal 0 0 1
    outer loop
      vertex -56.325531631708145 1.4656061232089996 3
      vertex -57.03784999996424 1.9182500019669533 3
      vertex -56.285362243652344 1.3636530637741089 3
    endloop
  endfacet
  facet normal 0 0 1
    outer loop
      vertex -56.43264999985695 1.6419000029563904 3
      vertex -56.73738469183445 1.8674918338656425 3
      vertex -56.37462755292654 1.5583551004529 3
    endloop
  endfacet
  facet normal 0 0 1
    outer loop
      vertex -56.37462755292654 1.5583551004529 3
      vertex -56.93084591627121 1.9126102030277252 3
      vertex -56.325531631708145 1.4656061232089996 3
    endloop
  endfacet
  facet normal 0 0 1
    outer loop
      vertex -56.73738469183445 1.8674918338656425 3
      vertex -56.43264999985695 1.6419000029563904 3
      vertex -56.49856020510197 1.7152173444628716 3
    endloop
  endfacet
  facet normal 0 0 1
    outer loop
      vertex -56.57131938636303 1.7772551029920578 3
      vertex -56.73738469183445 1.8674918338656425 3
      vertex -56.49856020510197 1.7152173444628716 3
    endloop
  endfacet
  facet normal 0 0 1
    outer loop
      vertex -56.37462755292654 1.5583551004529 3
      vertex -56.73738469183445 1.8674918338656425 3
      vertex -56.83069081604481 1.8956908136606216 3
    endloop
  endfacet
  facet normal 0 0 1
    outer loop
      vertex -56.57131938636303 1.7772551029920578 3
      vertex -56.65092755109072 1.828013263642788 3
      vertex -56.73738469183445 1.8674918338656425 3
    endloop
  endfacet
  facet normal 0 0 1
    outer loop
      vertex -55.969800002872944 1.5452999994158745 3
      vertex -55.95624999701977 1.5452999994158745 3
      vertex -55.93479693681002 1.6935132667422295 3
    endloop
  endfacet
  facet normal 0 0 1
    outer loop
      vertex -55.969800002872944 1.5452999994158745 3
      vertex -55.93479693681002 1.6935132667422295 3
      vertex -56.00264183431864 1.6800602003932 3
    endloop
  endfacet
  facet normal 0 0 1
    outer loop
      vertex -56.00264183431864 1.6800602003932 3
      vertex -55.93479693681002 1.6935132667422295 3
      vertex -55.90338061004877 1.832038775086403 3
    endloop
  endfacet
  facet normal 0 0 1
    outer loop
      vertex -56.00264183431864 1.6800602003932 3
      vertex -55.90338061004877 1.832038775086403 3
      vertex -56.043024487793446 1.8053408190608025 3
    endloop
  endfacet
  facet normal 0 0 1
    outer loop
      vertex -56.043024487793446 1.8053408190608025 3
      vertex -55.90338061004877 1.832038775086403 3
      vertex -55.86200101673603 1.9608765318989754 3
    endloop
  endfacet
  facet normal 0 0 1
    outer loop
      vertex -56.043024487793446 1.8053408190608025 3
      vertex -55.86200101673603 1.9608765318989754 3
      vertex -56.09094795584679 1.9211418330669403 3
    endloop
  endfacet
  facet normal 0 0 1
    outer loop
      vertex -55.613587751984596 1.437570407986641 3
      vertex -54.803450003266335 0.01614999771118164 3
      vertex -55.573418363928795 1.550462245941162 3
    endloop
  endfacet
  facet normal 0 0 1
    outer loop
      vertex -55.573418363928795 1.550462245941162 3
      vertex -54.803450003266335 0.01614999771118164 3
      vertex -55.52432245016098 1.6524887755513191 3
    endloop
  endfacet
  facet normal 0 0 1
    outer loop
      vertex -55.52432245016098 1.6524887755513191 3
      vertex -54.803450003266335 0.01614999771118164 3
      vertex -55.46630000323057 1.743649996817112 3
    endloop
  endfacet
  facet normal 0 0 1
    outer loop
      vertex -55.46630000323057 1.743649996817112 3
      vertex -54.803450003266335 0.01614999771118164 3
      vertex -55.400320410728455 1.8232550993561745 3
    endloop
  endfacet
  facet normal 0 0 1
    outer loop
      vertex -55.400320410728455 1.8232550993561745 3
      vertex -54.803450003266335 0.01614999771118164 3
      vertex -55.327353060245514 1.8906132653355598 3
    endloop
  endfacet
  facet normal 0 0 1
    outer loop
      vertex -55.327353060245514 1.8906132653355598 3
      vertex -54.803450003266335 0.01614999771118164 3
      vertex -55.24739795923233 1.9457244873046875 3
    endloop
  endfacet
  facet normal 0 0 1
    outer loop
      vertex -55.24739795923233 1.9457244873046875 3
      vertex -54.803450003266335 0.01614999771118164 3
      vertex -55.16045510023832 1.988588772714138 3
    endloop
  endfacet
  facet normal 0 0 1
    outer loop
      vertex -55.16045510023832 1.988588772714138 3
      vertex -54.803450003266335 0.01614999771118164 3
      vertex -55.06652449071407 2.0192061215639114 3
    endloop
  endfacet
  facet normal 0 0 1
    outer loop
      vertex -54.57856326550245 0.06728265434503555 3
      vertex -53.97309897840023 0.8107826560735703 3
      vertex -54.803450003266335 0.01614999771118164 3
    endloop
  endfacet
  facet normal 0 0 1
    outer loop
      vertex -54.38827449083328 0.1509377583861351 3
      vertex -54.02499591559172 0.5970377549529076 3
      vertex -54.57856326550245 0.06728265434503555 3
    endloop
  endfacet
  facet normal 0 0 1
    outer loop
      vertex -54.23258367180824 0.2671153098344803 3
      vertex -54.02499591559172 0.5970377549529076 3
      vertex -54.38827449083328 0.1509377583861351 3
    endloop
  endfacet
  facet normal 0 0 1
    outer loop
      vertex -54.57856326550245 0.06728265434503555 3
      vertex -54.02499591559172 0.5970377549529076 3
      vertex -53.97309897840023 0.8107826560735703 3
    endloop
  endfacet
  facet normal 0 0 1
    outer loop
      vertex -53.955799996852875 1.057049997150898 3
      vertex -54.803450003266335 0.01614999771118164 3
      vertex -53.97309897840023 0.8107826560735703 3
    endloop
  endfacet
  facet normal 0 0 1
    outer loop
      vertex -53.96043571084738 1.1847448945045471 3
      vertex -54.803450003266335 0.01614999771118164 3
      vertex -53.955799996852875 1.057049997150898 3
    endloop
  endfacet
  facet normal 0 0 1
    outer loop
      vertex -53.97434286028147 1.3043438792228699 3
      vertex -54.803450003266335 0.01614999771118164 3
      vertex -53.96043571084738 1.1847448945045471 3
    endloop
  endfacet
  facet normal 0 0 1
    outer loop
      vertex -53.99752143025398 1.415846936404705 3
      vertex -54.803450003266335 0.01614999771118164 3
      vertex -53.97434286028147 1.3043438792228699 3
    endloop
  endfacet
  facet normal 0 0 1
    outer loop
      vertex -54.23258367180824 0.2671153098344803 3
      vertex -54.111490815877914 0.4158153086900711 3
      vertex -54.02499591559172 0.5970377549529076 3
    endloop
  endfacet
  facet normal 0 0 1
    outer loop
      vertex -55.06652449071407 2.0192061215639114 3
      vertex -54.803450003266335 0.01614999771118164 3
      vertex -54.965606123209 2.0375765338540077 3
    endloop
  endfacet
  facet normal 0 0 1
    outer loop
      vertex -54.8576999977231 2.0437000021338463 3
      vertex -54.803450003266335 0.01614999771118164 3
      vertex -54.734325513243675 2.038336731493473 3
    endloop
  endfacet
  facet normal 0 0 1
    outer loop
      vertex -54.965606123209 2.0375765338540077 3
      vertex -54.803450003266335 0.01614999771118164 3
      vertex -54.8576999977231 2.0437000021338463 3
    endloop
  endfacet
  facet normal 0 0 1
    outer loop
      vertex -54.51455816626549 1.9954306110739708 3
      vertex -54.803450003266335 0.01614999771118164 3
      vertex -54.41816530376673 1.9578877538442612 3
    endloop
  endfacet
  facet normal 0 0 1
    outer loop
      vertex -54.734325513243675 2.038336731493473 3
      vertex -54.803450003266335 0.01614999771118164 3
      vertex -54.61994490027428 2.022246941924095 3
    endloop
  endfacet
  facet normal 0 0 1
    outer loop
      vertex -54.61994490027428 2.022246941924095 3
      vertex -54.803450003266335 0.01614999771118164 3
      vertex -54.51455816626549 1.9954306110739708 3
    endloop
  endfacet
  facet normal 0 0 1
    outer loop
      vertex -54.182949997484684 1.780900001525879 3
      vertex -54.803450003266335 0.01614999771118164 3
      vertex -54.122685715556145 1.7017806097865105 3
    endloop
  endfacet
  facet normal 0 0 1
    outer loop
      vertex -54.029971428215504 1.5192540809512138 3
      vertex -54.803450003266335 0.01614999771118164 3
      vertex -53.99752143025398 1.415846936404705 3
    endloop
  endfacet
  facet normal 0 0 1
    outer loop
      vertex -54.07169285416603 1.6145653054118156 3
      vertex -54.803450003266335 0.01614999771118164 3
      vertex -54.029971428215504 1.5192540809512138 3
    endloop
  endfacet
  facet normal 0 0 1
    outer loop
      vertex -54.122685715556145 1.7017806097865105 3
      vertex -54.803450003266335 0.01614999771118164 3
      vertex -54.07169285416603 1.6145653054118156 3
    endloop
  endfacet
  facet normal 0 0 1
    outer loop
      vertex -54.33076632767916 1.9096183702349663 3
      vertex -54.803450003266335 0.01614999771118164 3
      vertex -54.252361223101616 1.850622445344925 3
    endloop
  endfacet
  facet normal 0 0 1
    outer loop
      vertex -54.41816530376673 1.9578877538442612 3
      vertex -54.803450003266335 0.01614999771118164 3
      vertex -54.33076632767916 1.9096183702349663 3
    endloop
  endfacet
  facet normal 0 0 1
    outer loop
      vertex -54.252361223101616 1.850622445344925 3
      vertex -54.803450003266335 0.01614999771118164 3
      vertex -54.182949997484684 1.780900001525879 3
    endloop
  endfacet
  facet normal 0 0 1
    outer loop
      vertex -56.14641224592924 2.0274632647633553 3
      vertex -55.810658164322376 2.0800265297293663 3
      vertex -56.20941735059023 2.124305099248886 3
    endloop
  endfacet
  facet normal 0 0 1
    outer loop
      vertex -56.20941735059023 2.124305099248886 3
      vertex -55.74935203790665 2.1894887760281563 3
      vertex -56.27996326237917 2.2116673439741135 3
    endloop
  endfacet
  facet normal 0 0 1
    outer loop
      vertex -56.09094795584679 1.9211418330669403 3
      vertex -55.810658164322376 2.0800265297293663 3
      vertex -56.14641224592924 2.0274632647633553 3
    endloop
  endfacet
  facet normal 0 0 1
    outer loop
      vertex -56.09094795584679 1.9211418330669403 3
      vertex -55.86200101673603 1.9608765318989754 3
      vertex -55.810658164322376 2.0800265297293663 3
    endloop
  endfacet
  facet normal 0 0 1
    outer loop
      vertex -55.74935203790665 2.1894887760281563 3
      vertex -56.20941735059023 2.124305099248886 3
      vertex -55.810658164322376 2.0800265297293663 3
    endloop
  endfacet
  facet normal 0 0 1
    outer loop
      vertex -56.27996326237917 2.2116673439741135 3
      vertex -55.67808265239 2.2892632633447647 3
      vertex -56.358050003647804 2.2895499989390373 3
    endloop
  endfacet
  facet normal 0 0 1
    outer loop
      vertex -56.44340204447508 2.357468366622925 3
      vertex -55.50745204091072 2.458517350256443 3
      vertex -56.53574387729168 2.4149377569556236 3
    endloop
  endfacet
  facet normal 0 0 1
    outer loop
      vertex -56.358050003647804 2.2895499989390373 3
      vertex -55.596850000321865 2.379349999129772 3
      vertex -56.44340204447508 2.357468366622925 3
    endloop
  endfacet
  facet normal 0 0 1
    outer loop
      vertex -55.67808265239 2.2892632633447647 3
      vertex -56.27996326237917 2.2116673439741135 3
      vertex -55.74935203790665 2.1894887760281563 3
    endloop
  endfacet
  facet normal 0 0 1
    outer loop
      vertex -55.596850000321865 2.379349999129772 3
      vertex -56.358050003647804 2.2895499989390373 3
      vertex -55.67808265239 2.2892632633447647 3
    endloop
  endfacet
  facet normal 0 0 1
    outer loop
      vertex -55.50745204091072 2.458517350256443 3
      vertex -56.44340204447508 2.357468366622925 3
      vertex -55.596850000321865 2.379349999129772 3
    endloop
  endfacet
  facet normal 0 0 1
    outer loop
      vertex -56.7413969412446 2.498529590666294 3
      vertex -55.20105408132076 2.6229418367147446 3
      vertex -56.854708164930344 2.5246520414948463 3
    endloop
  endfacet
  facet normal 0 0 1
    outer loop
      vertex -56.53574387729168 2.4149377569556236 3
      vertex -55.41168673336506 2.5255051031708717 3
      vertex -56.63507550954819 2.461958162486553 3
    endloop
  endfacet
  facet normal 0 0 1
    outer loop
      vertex -56.63507550954819 2.461958162486553 3
      vertex -55.30955408513546 2.580313265323639 3
      vertex -56.7413969412446 2.498529590666294 3
    endloop
  endfacet
  facet normal 0 0 1
    outer loop
      vertex -55.41168673336506 2.5255051031708717 3
      vertex -56.53574387729168 2.4149377569556236 3
      vertex -55.50745204091072 2.458517350256443 3
    endloop
  endfacet
  facet normal 0 0 1
    outer loop
      vertex -55.30955408513546 2.580313265323639 3
      vertex -56.63507550954819 2.461958162486553 3
      vertex -55.41168673336506 2.5255051031708717 3
    endloop
  endfacet
  facet normal 0 0 1
    outer loop
      vertex -55.20105408132076 2.6229418367147446 3
      vertex -56.7413969412446 2.498529590666294 3
      vertex -55.30955408513546 2.580313265323639 3
    endloop
  endfacet
  facet normal 0 0 1
    outer loop
      vertex -40.82628428702616 -22.1199399791263 3
      vertex -60 31 3
      vertex -53.51723673194647 1.6594714298844337 3
    endloop
  endfacet
  facet normal 0 0 1
    outer loop
      vertex -38.22354286469244 -21.602222521132802 3
      vertex -52.85 16.52775681356644 3
      vertex -53.034894429314825 16.651299321504894 3
    endloop
  endfacet
  facet normal 0 0 1
    outer loop
      vertex -38.22354286469244 -21.602222521132802 3
      vertex -52.65056183502065 16.4294047947308 3
      vertex -52.85 16.52775681356644 3
    endloop
  endfacet
  facet normal 0 0 1
    outer loop
      vertex -38.22354286469244 -21.602222521132802 3
      vertex -52.43999237667428 16.357926095308585 3
      vertex -52.65056183502065 16.4294047947308 3
    endloop
  endfacet
  facet normal 0 0 1
    outer loop
      vertex -38.22354286469244 -21.602222521132802 3
      vertex -52.221894526774086 16.31454373566453 3
      vertex -52.43999237667428 16.357926095308585 3
    endloop
  endfacet
  facet normal 0 0 1
    outer loop
      vertex -38.22354286469244 -21.602222521132802 3
      vertex -52 16.30000000000001 3
      vertex -52.221894526774086 16.31454373566453 3
    endloop
  endfacet
  facet normal 0 0 1
    outer loop
      vertex -38.22354286469244 -21.602222521132802 3
      vertex -51.778105473225914 16.31454373566453 3
      vertex -52 16.30000000000001 3
    endloop
  endfacet
  facet normal 0 0 1
    outer loop
      vertex -38.22354286469244 -21.602222521132802 3
      vertex -51.56000762332572 16.357926095308585 3
      vertex -51.778105473225914 16.31454373566453 3
    endloop
  endfacet
  facet normal 0 0 1
    outer loop
      vertex -38.22354286469244 -21.602222521132802 3
      vertex -51.34943816497935 16.4294047947308 3
      vertex -51.56000762332572 16.357926095308585 3
    endloop
  endfacet
  facet normal 0 0 1
    outer loop
      vertex -38.22354286469244 -21.602222521132802 3
      vertex -51.15 16.52775681356644 3
      vertex -51.34943816497935 16.4294047947308 3
    endloop
  endfacet
  facet normal 0 0 1
    outer loop
      vertex -38.22354286469244 -21.602222521132802 3
      vertex -50.965105570685175 16.651299321504894 3
      vertex -51.15 16.52775681356644 3
    endloop
  endfacet
  facet normal 0 0 1
    outer loop
      vertex -38.22354286469244 -21.602222521132802 3
      vertex -53.3487006784951 16.965105570685182 3
      vertex -53.472243186433545 17.150000000000006 3
    endloop
  endfacet
  facet normal 0 0 1
    outer loop
      vertex -38.22354286469244 -21.602222521132802 3
      vertex -53.472243186433545 17.150000000000006 3
      vertex -53.570595205269186 17.349438164979347 3
    endloop
  endfacet
  facet normal 0 0 1
    outer loop
      vertex -38.22354286469244 -21.602222521132802 3
      vertex -53.034894429314825 16.651299321504894 3
      vertex -53.20208152801713 16.797918471982882 3
    endloop
  endfacet
  facet normal 0 0 1
    outer loop
      vertex -38.22354286469244 -21.602222521132802 3
      vertex -53.20208152801713 16.797918471982882 3
      vertex -53.3487006784951 16.965105570685182 3
    endloop
  endfacet
  facet normal 0 0 1
    outer loop
      vertex -38.22354286469244 -21.602222521132802 3
      vertex -50.79791847198287 16.797918471982882 3
      vertex -50.965105570685175 16.651299321504894 3
    endloop
  endfacet
  facet normal 0 0 1
    outer loop
      vertex -60 31 3
      vertex -58.36018367111683 1.2287459149956703 3
      vertex -58.3397346958518 1.4145122468471527 3
    endloop
  endfacet
  facet normal 0 0 1
    outer loop
      vertex -60 31 3
      vertex -58.3397346958518 1.4145122468471527 3
      vertex -58.30565305799246 1.587198980152607 3
    endloop
  endfacet
  facet normal 0 0 1
    outer loop
      vertex -60 31 3
      vertex -58.30565305799246 1.587198980152607 3
      vertex -58.25793877243996 1.7468061223626137 3
    endloop
  endfacet
  facet normal 0 0 1
    outer loop
      vertex -60 31 3
      vertex -58.25793877243996 1.7468061223626137 3
      vertex -58.1965918391943 1.8933336734771729 3
    endloop
  endfacet
  facet normal 0 0 1
    outer loop
      vertex -60 31 3
      vertex -53.5690653026104 1.8309357166290283 3
      vertex -53.51723673194647 1.6594714298844337 3
    endloop
  endfacet
  facet normal 0 0 1
    outer loop
      vertex -60 31 3
      vertex -53.635702043771744 1.9877285733819008 3
      vertex -53.5690653026104 1.8309357166290283 3
    endloop
  endfacet
  facet normal 0 0 1
    outer loop
      vertex -60 31 3
      vertex -58.1965918391943 1.8933336734771729 3
      vertex -58.12161224335432 2.0267816334962845 3
    endloop
  endfacet
  facet normal 0 0 1
    outer loop
      vertex -60 31 3
      vertex -58.12161224335432 2.0267816334962845 3
      vertex -58.032999999821186 2.1471500024199486 3
    endloop
  endfacet
  facet normal 0 0 1
    outer loop
      vertex -60 31 3
      vertex -58.032999999821186 2.1471500024199486 3
      vertex -57.932222448289394 2.2528479620814323 3
    endloop
  endfacet
  facet normal 0 0 1
    outer loop
      vertex -60 31 3
      vertex -57.932222448289394 2.2528479620814323 3
      vertex -57.82071837037802 2.342284694314003 3
    endloop
  endfacet
  facet normal 0 0 1
    outer loop
      vertex -60 31 3
      vertex -57.82071837037802 2.342284694314003 3
      vertex -57.698487758636475 2.415460206568241 3
    endloop
  endfacet
  facet normal 0 0 1
    outer loop
      vertex -60 31 3
      vertex -57.698487758636475 2.415460206568241 3
      vertex -57.565530613064766 2.472374491393566 3
    endloop
  endfacet
  facet normal 0 0 1
    outer loop
      vertex -60 31 3
      vertex -57.565530613064766 2.472374491393566 3
      vertex -57.42184694111347 2.513027548789978 3
    endloop
  endfacet
  facet normal 0 0 1
    outer loop
      vertex -60 31 3
      vertex -57.42184694111347 2.513027548789978 3
      vertex -57.26743673533201 2.5374193862080574 3
    endloop
  endfacet
  facet normal 0 0 1
    outer loop
      vertex -60 31 3
      vertex -57.26743673533201 2.5374193862080574 3
      vertex -57.10230000317097 2.5455500036478043 3
    endloop
  endfacet
  facet normal 0 0 1
    outer loop
      vertex -60 31 3
      vertex -57.10230000317097 2.5455500036478043 3
      vertex -56.97500918060541 2.5403255075216293 3
    endloop
  endfacet
  facet normal 0 0 1
    outer loop
      vertex -60 31 3
      vertex -56.97500918060541 2.5403255075216293 3
      vertex -56.854708164930344 2.5246520414948463 3
    endloop
  endfacet
  facet normal 0 0 1
    outer loop
      vertex -60 31 3
      vertex -56.854708164930344 2.5246520414948463 3
      vertex -55.20105408132076 2.6229418367147446 3
    endloop
  endfacet
  facet normal 0 0 1
    outer loop
      vertex -60 31 3
      vertex -55.20105408132076 2.6229418367147446 3
      vertex -55.08618673682213 2.6533908173441887 3
    endloop
  endfacet
  facet normal 0 0 1
    outer loop
      vertex -60 31 3
      vertex -55.08618673682213 2.6533908173441887 3
      vertex -54.964952044188976 2.6716602072119713 3
    endloop
  endfacet
  facet normal 0 0 1
    outer loop
      vertex -60 31 3
      vertex -54.65453877300024 2.6691693887114525 3
      vertex -54.48390509933233 2.643427550792694 3
    endloop
  endfacet
  facet normal 0 0 1
    outer loop
      vertex -60 31 3
      vertex -54.48390509933233 2.643427550792694 3
      vertex -54.32544898241758 2.600524492561817 3
    endloop
  endfacet
  facet normal 0 0 1
    outer loop
      vertex -60 31 3
      vertex -53.813400000333786 2.2572999969124794 3
      vertex -53.71714694052935 2.129850000143051 3
    endloop
  endfacet
  facet normal 0 0 1
    outer loop
      vertex -60 31 3
      vertex -54.32544898241758 2.600524492561817 3
      vertex -54.17917040735483 2.540460206568241 3
    endloop
  endfacet
  facet normal 0 0 1
    outer loop
      vertex -60 31 3
      vertex -54.17917040735483 2.540460206568241 3
      vertex -54.04506938904524 2.463234692811966 3
    endloop
  endfacet
  facet normal 0 0 1
    outer loop
      vertex -60 31 3
      vertex -54.04506938904524 2.463234692811966 3
      vertex -53.92314592003822 2.3688479587435722 3
    endloop
  endfacet
  facet normal 0 0 1
    outer loop
      vertex -60 31 3
      vertex -53.92314592003822 2.3688479587435722 3
      vertex -53.813400000333786 2.2572999969124794 3
    endloop
  endfacet
  facet normal 0 0 1
    outer loop
      vertex -60 31 3
      vertex -54.964952044188976 2.6716602072119713 3
      vertex -54.83735000342131 2.6777499988675117 3
    endloop
  endfacet
  facet normal 0 0 1
    outer loop
      vertex -60 31 3
      vertex -54.83735000342131 2.6777499988675117 3
      vertex -54.65453877300024 2.6691693887114525 3
    endloop
  endfacet
  facet normal 0 0 1
    outer loop
      vertex -60 31 3
      vertex -53.71714694052935 2.129850000143051 3
      vertex -53.635702043771744 1.9877285733819008 3
    endloop
  endfacet
  facet normal 0 0 1
    outer loop
      vertex -38.22354286469244 -21.602222521132802 3
      vertex -53.570595205269186 17.349438164979347 3
      vertex -60 31 3
    endloop
  endfacet
  facet normal 0 0 1
    outer loop
      vertex -38.22354286469244 -21.602222521132802 3
      vertex -50.6512993215049 16.965105570685182 3
      vertex -50.79791847198287 16.797918471982882 3
    endloop
  endfacet
  facet normal 0 0 1
    outer loop
      vertex -38.22354286469244 -21.602222521132802 3
      vertex -50.527756813566455 17.150000000000006 3
      vertex -50.6512993215049 16.965105570685182 3
    endloop
  endfacet
  facet normal 0 0 1
    outer loop
      vertex -38.22354286469244 -21.602222521132802 3
      vertex -50.429404794730814 17.349438164979347 3
      vertex -50.527756813566455 17.150000000000006 3
    endloop
  endfacet
  facet normal 0 0 1
    outer loop
      vertex -38.22354286469244 -21.602222521132802 3
      vertex -50.357926095308585 17.560007623325703 3
      vertex -50.429404794730814 17.349438164979347 3
    endloop
  endfacet
  facet normal 0 0 1
    outer loop
      vertex -38.22354286469244 -21.602222521132802 3
      vertex -50.31454373566452 17.778105473225907 3
      vertex -50.357926095308585 17.560007623325703 3
    endloop
  endfacet
  facet normal 0 0 1
    outer loop
      vertex -38.22354286469244 -21.602222521132802 3
      vertex -50.3 18 3
      vertex -50.31454373566452 17.778105473225907 3
    endloop
  endfacet
  facet normal 0 0 1
    outer loop
      vertex -60 31 3
      vertex -53.570595205269186 17.349438164979347 3
      vertex -53.642073904691415 17.560007623325703 3
    endloop
  endfacet
  facet normal 0 0 1
    outer loop
      vertex -60 31 3
      vertex -53.642073904691415 17.560007623325703 3
      vertex -53.68545626433548 17.778105473225907 3
    endloop
  endfacet
  facet normal 0 0 1
    outer loop
      vertex -60 31 3
      vertex -53.68545626433548 17.778105473225907 3
      vertex -53.7 18 3
    endloop
  endfacet
  facet normal 0 0 1
    outer loop
      vertex -60 31 3
      vertex -53.7 18 3
      vertex -53.68545626433548 18.221894526774093 3
    endloop
  endfacet
  facet normal 0 0 1
    outer loop
      vertex -60 31 3
      vertex -53.68545626433548 18.221894526774093 3
      vertex -53.642073904691415 18.439992376674297 3
    endloop
  endfacet
  facet normal 0 0 1
    outer loop
      vertex -60 31 3
      vertex -53.642073904691415 18.439992376674297 3
      vertex -53.570595205269186 18.650561835020653 3
    endloop
  endfacet
  facet normal 0 0 1
    outer loop
      vertex -60 31 3
      vertex -53.570595205269186 18.650561835020653 3
      vertex -53.472243186433545 18.849999999999994 3
    endloop
  endfacet
  facet normal 0 0 1
    outer loop
      vertex -60 31 3
      vertex -53.472243186433545 18.849999999999994 3
      vertex -53.3487006784951 19.034894429314818 3
    endloop
  endfacet
  facet normal 0 0 1
    outer loop
      vertex -60 31 3
      vertex -53.3487006784951 19.034894429314818 3
      vertex -53.20208152801713 19.202081528017118 3
    endloop
  endfacet
  facet normal 0 0 1
    outer loop
      vertex -60 31 3
      vertex -53.20208152801713 19.202081528017118 3
      vertex -53.034894429314825 19.348700678495106 3
    endloop
  endfacet
  facet normal 0 0 1
    outer loop
      vertex -60 31 3
      vertex -50.79791847198287 19.202081528017118 3
      vertex -50.6512993215049 19.034894429314818 3
    endloop
  endfacet
  facet normal 0 0 1
    outer loop
      vertex -60 31 3
      vertex -50.965105570685175 19.348700678495106 3
      vertex -50.79791847198287 19.202081528017118 3
    endloop
  endfacet
  facet normal 0 0 1
    outer loop
      vertex -60 31 3
      vertex -53.034894429314825 19.348700678495106 3
      vertex -52.85 19.47224318643356 3
    endloop
  endfacet
  facet normal 0 0 1
    outer loop
      vertex -60 31 3
      vertex -52.85 19.47224318643356 3
      vertex -52.65056183502065 19.5705952052692 3
    endloop
  endfacet
  facet normal 0 0 1
    outer loop
      vertex -60 31 3
      vertex -52.65056183502065 19.5705952052692 3
      vertex -52.43999237667428 19.642073904691415 3
    endloop
  endfacet
  facet normal 0 0 1
    outer loop
      vertex -60 31 3
      vertex -52.43999237667428 19.642073904691415 3
      vertex -52.221894526774086 19.68545626433547 3
    endloop
  endfacet
  facet normal 0 0 1
    outer loop
      vertex -60 31 3
      vertex -52.221894526774086 19.68545626433547 3
      vertex -52 19.69999999999999 3
    endloop
  endfacet
  facet normal 0 0 1
    outer loop
      vertex -60 31 3
      vertex -52 19.69999999999999 3
      vertex -51.778105473225914 19.68545626433547 3
    endloop
  endfacet
  facet normal 0 0 1
    outer loop
      vertex -60 31 3
      vertex -51.778105473225914 19.68545626433547 3
      vertex -51.56000762332572 19.642073904691415 3
    endloop
  endfacet
  facet normal 0 0 1
    outer loop
      vertex -60 31 3
      vertex -51.34943816497935 19.5705952052692 3
      vertex -51.15 19.47224318643356 3
    endloop
  endfacet
  facet normal 0 0 1
    outer loop
      vertex -60 31 3
      vertex -51.56000762332572 19.642073904691415 3
      vertex -51.34943816497935 19.5705952052692 3
    endloop
  endfacet
  facet normal 0 0 1
    outer loop
      vertex -60 31 3
      vertex -51.15 19.47224318643356 3
      vertex -50.965105570685175 19.348700678495106 3
    endloop
  endfacet
  facet normal 0 0 1
    outer loop
      vertex -60 31 3
      vertex -40.82628428702616 22.119939979126286 3
      vertex -41.121320343559645 22.37867965644037 3
    endloop
  endfacet
  facet normal 0 0 1
    outer loop
      vertex -60 31 3
      vertex -40.5 21.901923788646684 3
      vertex -40.82628428702616 22.119939979126286 3
    endloop
  endfacet
  facet normal 0 0 1
    outer loop
      vertex -60 31 3
      vertex -40.14805029709527 21.728361402466135 3
      vertex -40.5 21.901923788646684 3
    endloop
  endfacet
  facet normal 0 0 1
    outer loop
      vertex -60 31 3
      vertex -41.121320343559645 22.37867965644037 3
      vertex -41.38006002087371 22.67371571297383 3
    endloop
  endfacet
  facet normal 0 0 1
    outer loop
      vertex -60 31 3
      vertex -41.38006002087371 22.67371571297383 3
      vertex -41.598076211353316 23 3
    endloop
  endfacet
  facet normal 0 0 1
    outer loop
      vertex -60 31 3
      vertex -41.77163859753386 23.351949702904733 3
      vertex -41.897777478867205 23.723542864692433 3
    endloop
  endfacet
  facet normal 0 0 1
    outer loop
      vertex -60 31 3
      vertex -41.598076211353316 23 3
      vertex -41.77163859753386 23.351949702904733 3
    endloop
  endfacet
  facet normal 0 0 1
    outer loop
      vertex -60 31 3
      vertex -41.897777478867205 23.723542864692433 3
      vertex -41.97433458412143 24.10842142333985 3
    endloop
  endfacet
  facet normal 0 0 1
    outer loop
      vertex -60 31 3
      vertex -41.97433458412143 24.10842142333985 3
      vertex -42 24.5 3
    endloop
  endfacet
  facet normal 0 0 1
    outer loop
      vertex -60 31 3
      vertex -42 24.5 3
      vertex -41.97433458412143 24.89157857666015 3
    endloop
  endfacet
  facet normal 0 0 1
    outer loop
      vertex -60 31 3
      vertex -41.97433458412143 24.89157857666015 3
      vertex -41.897777478867205 25.276457135307567 3
    endloop
  endfacet
  facet normal 0 0 1
    outer loop
      vertex -60 31 3
      vertex -41.897777478867205 25.276457135307567 3
      vertex -41.77163859753386 25.648050297095267 3
    endloop
  endfacet
  facet normal 0 0 1
    outer loop
      vertex -60 31 3
      vertex -41.77163859753386 25.648050297095267 3
      vertex -41.598076211353316 26 3
    endloop
  endfacet
  facet normal 0 0 1
    outer loop
      vertex -60 31 3
      vertex -41.598076211353316 26 3
      vertex -41.38006002087371 26.32628428702617 3
    endloop
  endfacet
  facet normal 0 0 1
    outer loop
      vertex -60 31 3
      vertex -41.38006002087371 26.32628428702617 3
      vertex -41.121320343559645 26.62132034355963 3
    endloop
  endfacet
  facet normal 0 0 1
    outer loop
      vertex -60 31 3
      vertex -41.121320343559645 26.62132034355963 3
      vertex -40.82628428702616 26.880060020873714 3
    endloop
  endfacet
  facet normal 0 0 1
    outer loop
      vertex -60 31 3
      vertex -40.82628428702616 26.880060020873714 3
      vertex -40.5 27.098076211353316 3
    endloop
  endfacet
  facet normal 0 0 1
    outer loop
      vertex -60 31 3
      vertex -40.5 27.098076211353316 3
      vertex -40.14805029709527 27.271638597533865 3
    endloop
  endfacet
  facet normal 0 0 1
    outer loop
      vertex -60 31 3
      vertex -40.14805029709527 27.271638597533865 3
      vertex -39.77645713530756 27.397777478867198 3
    endloop
  endfacet
  facet normal 0 0 1
    outer loop
      vertex -60 31 3
      vertex -39.77645713530756 27.397777478867198 3
      vertex -39.39157857666015 27.474334584121436 3
    endloop
  endfacet
  facet normal 0 0 1
    outer loop
      vertex -60 31 3
      vertex -39.39157857666015 27.474334584121436 3
      vertex -39 27.5 3
    endloop
  endfacet
  facet normal 0 0 1
    outer loop
      vertex 18.223542864692437 -21.602222521132802 3
      vertex -50.31454373566452 18.221894526774093 3
      vertex -50.3 18 3
    endloop
  endfacet
  facet normal 0 0 1
    outer loop
      vertex 18.223542864692437 -21.602222521132802 3
      vertex -50.357926095308585 18.439992376674297 3
      vertex -50.31454373566452 18.221894526774093 3
    endloop
  endfacet
  facet normal 0 0 1
    outer loop
      vertex 18.223542864692437 -21.602222521132802 3
      vertex -50.429404794730814 18.650561835020653 3
      vertex -50.357926095308585 18.439992376674297 3
    endloop
  endfacet
  facet normal 0 0 1
    outer loop
      vertex 18.223542864692437 -21.602222521132802 3
      vertex -50.527756813566455 18.849999999999994 3
      vertex -50.429404794730814 18.650561835020653 3
    endloop
  endfacet
  facet normal 0 0 1
    outer loop
      vertex 18.223542864692437 -21.602222521132802 3
      vertex -50.6512993215049 19.034894429314818 3
      vertex -50.527756813566455 18.849999999999994 3
    endloop
  endfacet
  facet normal 0 0 1
    outer loop
      vertex -60 31 3
      vertex -50.6512993215049 19.034894429314818 3
      vertex 18.223542864692437 -21.602222521132802 3
    endloop
  endfacet
  facet normal 0 0 1
    outer loop
      vertex -60 31 3
      vertex 47 -31 3
      vertex -40.14805029709527 21.728361402466135 3
    endloop
  endfacet
  facet normal 0 0 1
    outer loop
      vertex -40.14805029709527 21.728361402466135 3
      vertex 47 -31 3
      vertex -39.77645713530756 21.602222521132802 3
    endloop
  endfacet
  facet normal 0 0 1
    outer loop
      vertex -39.77645713530756 21.602222521132802 3
      vertex 47 -31 3
      vertex -39.39157857666015 21.525665415878564 3
    endloop
  endfacet
  facet normal 0 0 1
    outer loop
      vertex -39.39157857666015 21.525665415878564 3
      vertex 47 -31 3
      vertex -39 21.5 3
    endloop
  endfacet
  facet normal 0 0 1
    outer loop
      vertex -39 21.5 3
      vertex 47 -31 3
      vertex -38.60842142333985 21.525665415878564 3
    endloop
  endfacet
  facet normal 0 0 1
    outer loop
      vertex -38.60842142333985 21.525665415878564 3
      vertex 47 -31 3
      vertex -38.22354286469244 21.602222521132802 3
    endloop
  endfacet
  facet normal 0 0 1
    outer loop
      vertex -38.22354286469244 21.602222521132802 3
      vertex 47 -31 3
      vertex -37.85194970290473 21.728361402466135 3
    endloop
  endfacet
  facet normal 0 0 1
    outer loop
      vertex -37.85194970290473 21.728361402466135 3
      vertex 47 -31 3
      vertex -37.5 21.901923788646684 3
    endloop
  endfacet
  facet normal 0 0 1
    outer loop
      vertex -37.5 21.901923788646684 3
      vertex 17.173715712973838 22.119939979126286 3
      vertex -37.17371571297384 22.119939979126286 3
    endloop
  endfacet
  facet normal 0 0 1
    outer loop
      vertex -37.17371571297384 22.119939979126286 3
      vertex 16.878679656440358 22.37867965644037 3
      vertex -36.878679656440355 22.37867965644037 3
    endloop
  endfacet
  facet normal 0 0 1
    outer loop
      vertex -36.878679656440355 22.37867965644037 3
      vertex 16.619939979126293 22.67371571297383 3
      vertex -36.61993997912629 22.67371571297383 3
    endloop
  endfacet
  facet normal 0 0 1
    outer loop
      vertex -36.61993997912629 22.67371571297383 3
      vertex 16.401923788646684 23 3
      vertex -36.401923788646684 23 3
    endloop
  endfacet
  facet normal 0 0 1
    outer loop
      vertex -36.401923788646684 23 3
      vertex 16.228361402466142 23.351949702904733 3
      vertex -36.22836140246614 23.351949702904733 3
    endloop
  endfacet
  facet normal 0 0 1
    outer loop
      vertex -36.22836140246614 23.351949702904733 3
      vertex 16.102222521132795 23.723542864692433 3
      vertex -36.102222521132795 23.723542864692433 3
    endloop
  endfacet
  facet normal 0 0 1
    outer loop
      vertex -36.102222521132795 23.723542864692433 3
      vertex 16.02566541587857 24.10842142333985 3
      vertex -36.02566541587857 24.10842142333985 3
    endloop
  endfacet
  facet normal 0 0 1
    outer loop
      vertex -36.02566541587857 24.10842142333985 3
      vertex 16 24.5 3
      vertex -36 24.5 3
    endloop
  endfacet
  facet normal 0 0 1
    outer loop
      vertex -36 24.5 3
      vertex 16.02566541587857 24.89157857666015 3
      vertex -36.02566541587857 24.89157857666015 3
    endloop
  endfacet
  facet normal 0 0 1
    outer loop
      vertex -36.02566541587857 24.89157857666015 3
      vertex 16.102222521132795 25.276457135307567 3
      vertex -36.102222521132795 25.276457135307567 3
    endloop
  endfacet
  facet normal 0 0 1
    outer loop
      vertex -36.22836140246614 25.648050297095267 3
      vertex -36.102222521132795 25.276457135307567 3
      vertex 16.228361402466142 25.648050297095267 3
    endloop
  endfacet
  facet normal 0 0 1
    outer loop
      vertex -36.22836140246614 25.648050297095267 3
      vertex 16.401923788646684 26 3
      vertex -36.401923788646684 26 3
    endloop
  endfacet
  facet normal 0 0 1
    outer loop
      vertex -37.5 27.098076211353316 3
      vertex -37.17371571297384 26.880060020873714 3
      vertex 17.5 27.098076211353316 3
    endloop
  endfacet
  facet normal 0 0 1
    outer loop
      vertex -36.61993997912629 26.32628428702617 3
      vertex -36.401923788646684 26 3
      vertex 16.619939979126293 26.32628428702617 3
    endloop
  endfacet
  facet normal 0 0 1
    outer loop
      vertex -36.61993997912629 26.32628428702617 3
      vertex 16.878679656440358 26.62132034355963 3
      vertex -36.878679656440355 26.62132034355963 3
    endloop
  endfacet
  facet normal 0 0 1
    outer loop
      vertex -36.878679656440355 26.62132034355963 3
      vertex 17.173715712973838 26.880060020873714 3
      vertex -37.17371571297384 26.880060020873714 3
    endloop
  endfacet
  facet normal 0 0 1
    outer loop
      vertex -37.85194970290473 27.271638597533865 3
      vertex 18.223542864692437 27.397777478867198 3
      vertex -38.22354286469244 27.397777478867198 3
    endloop
  endfacet
  facet normal 0 0 1
    outer loop
      vertex -37.5 27.098076211353316 3
      vertex 17.85194970290473 27.271638597533865 3
      vertex -37.85194970290473 27.271638597533865 3
    endloop
  endfacet
  facet normal 0 0 1
    outer loop
      vertex -60 31 3
      vertex -39 27.5 3
      vertex 47 31 3
    endloop
  endfacet
  facet normal 0 0 1
    outer loop
      vertex -39 27.5 3
      vertex -38.60842142333985 27.474334584121436 3
      vertex 47 31 3
    endloop
  endfacet
  facet normal 0 0 1
    outer loop
      vertex -38.60842142333985 27.474334584121436 3
      vertex -38.22354286469244 27.397777478867198 3
      vertex 47 31 3
    endloop
  endfacet
  facet normal 0 -1 0
    outer loop
      vertex -60 -31 0
      vertex 47 -31 0
      vertex 47 -31 3
    endloop
  endfacet
  facet normal 0 0 -1
    outer loop
      vertex 47 -31 0
      vertex -50.254622651359284 -25.33927514381918 0
      vertex 41.09474411167424 22.900000000000006 0
    endloop
  endfacet
  facet normal 1 0 0
    outer loop
      vertex 47 -31 0
      vertex 47 31 0
      vertex 47 -31 3
    endloop
  endfacet
  facet normal 0 0 1
    outer loop
      vertex -38.22354286469244 -27.397777478867198 3
      vertex 18.223542864692437 -27.397777478867198 3
      vertex 17.85194970290473 -27.271638597533865 3
    endloop
  endfacet
  facet normal 0 0 1
    outer loop
      vertex -37.85194970290473 -27.271638597533865 3
      vertex 17.85194970290473 -27.271638597533865 3
      vertex 17.5 -27.098076211353316 3
    endloop
  endfacet
  facet normal 0 0 1
    outer loop
      vertex -38.22354286469244 -27.397777478867198 3
      vertex 18.608421423339845 -27.474334584121436 3
      vertex 18.223542864692437 -27.397777478867198 3
    endloop
  endfacet
  facet normal 0 0 1
    outer loop
      vertex -37.5 -27.098076211353316 3
      vertex 17.5 -27.098076211353316 3
      vertex 17.173715712973838 -26.8800600208737 3
    endloop
  endfacet
  facet normal 0 0 1
    outer loop
      vertex -37.17371571297384 -26.8800600208737 3
      vertex 17.173715712973838 -26.8800600208737 3
      vertex 16.878679656440358 -26.621320343559645 3
    endloop
  endfacet
  facet normal 0 0 1
    outer loop
      vertex -36.878679656440355 -26.621320343559645 3
      vertex 16.878679656440358 -26.621320343559645 3
      vertex 16.619939979126293 -26.326284287026155 3
    endloop
  endfacet
  facet normal 0 0 1
    outer loop
      vertex -36.61993997912629 -26.326284287026155 3
      vertex 16.619939979126293 -26.326284287026155 3
      vertex 16.401923788646684 -26 3
    endloop
  endfacet
  facet normal 0 0 1
    outer loop
      vertex -36.401923788646684 -26 3
      vertex 16.401923788646684 -26 3
      vertex 16.228361402466142 -25.648050297095267 3
    endloop
  endfacet
  facet normal 0 0 1
    outer loop
      vertex -36.22836140246614 -25.648050297095267 3
      vertex 16.228361402466142 -25.648050297095267 3
      vertex 16.102222521132795 -25.276457135307567 3
    endloop
  endfacet
  facet normal 0 0 1
    outer loop
      vertex -36.102222521132795 -25.276457135307567 3
      vertex 16.102222521132795 -25.276457135307567 3
      vertex 16.02566541587857 -24.89157857666015 3
    endloop
  endfacet
  facet normal 0 0 1
    outer loop
      vertex -36.02566541587857 -24.89157857666015 3
      vertex 16.02566541587857 -24.89157857666015 3
      vertex 16 -24.5 3
    endloop
  endfacet
  facet normal 0 0 1
    outer loop
      vertex -36 -24.5 3
      vertex 16 -24.5 3
      vertex 16.02566541587857 -24.10842142333985 3
    endloop
  endfacet
  facet normal 0 0 1
    outer loop
      vertex -36.02566541587857 -24.10842142333985 3
      vertex 16.02566541587857 -24.10842142333985 3
      vertex 16.102222521132795 -23.723542864692433 3
    endloop
  endfacet
  facet normal 0 0 1
    outer loop
      vertex -36.102222521132795 -23.723542864692433 3
      vertex 16.102222521132795 -23.723542864692433 3
      vertex 16.228361402466142 -23.351949702904733 3
    endloop
  endfacet
  facet normal 0 0 1
    outer loop
      vertex -36.22836140246614 -23.351949702904733 3
      vertex 16.228361402466142 -23.351949702904733 3
      vertex 16.401923788646684 -23 3
    endloop
  endfacet
  facet normal 0 0 1
    outer loop
      vertex -36.401923788646684 -23 3
      vertex 16.401923788646684 -23 3
      vertex 16.619939979126293 -22.673715712973845 3
    endloop
  endfacet
  facet normal 0 0 1
    outer loop
      vertex -36.61993997912629 -22.673715712973845 3
      vertex 16.619939979126293 -22.673715712973845 3
      vertex 16.878679656440358 -22.378679656440355 3
    endloop
  endfacet
  facet normal 0 0 1
    outer loop
      vertex -36.878679656440355 -22.378679656440355 3
      vertex 16.878679656440358 -22.378679656440355 3
      vertex 17.173715712973838 -22.1199399791263 3
    endloop
  endfacet
  facet normal 0 0 1
    outer loop
      vertex -37.17371571297384 -22.1199399791263 3
      vertex 17.173715712973838 -22.1199399791263 3
      vertex 17.5 -21.901923788646684 3
    endloop
  endfacet
  facet normal 0 0 1
    outer loop
      vertex -37.5 -21.901923788646684 3
      vertex 17.5 -21.901923788646684 3
      vertex 17.85194970290473 -21.728361402466135 3
    endloop
  endfacet
  facet normal 0 0 1
    outer loop
      vertex -37.85194970290473 -21.728361402466135 3
      vertex 17.85194970290473 -21.728361402466135 3
      vertex 18.223542864692437 -21.602222521132802 3
    endloop
  endfacet
  facet normal 0 0 1
    outer loop
      vertex -38.22354286469244 -27.397777478867198 3
      vertex 47 -31 3
      vertex 18.608421423339845 -27.474334584121436 3
    endloop
  endfacet
  facet normal 0 0 1
    outer loop
      vertex -60 31 3
      vertex 20.14805029709527 -21.728361402466135 3
      vertex 20.5 -21.901923788646684 3
    endloop
  endfacet
  facet normal 0 0 1
    outer loop
      vertex -60 31 3
      vertex 20.5 -21.901923788646684 3
      vertex 47 -31 3
    endloop
  endfacet
  facet normal 0 0 1
    outer loop
      vertex 18.608421423339845 -27.474334584121436 3
      vertex 47 -31 3
      vertex 19 -27.5 3
    endloop
  endfacet
  facet normal 0 0 1
    outer loop
      vertex 19 -27.5 3
      vertex 47 -31 3
      vertex 19.391578576660155 -27.474334584121436 3
    endloop
  endfacet
  facet normal 0 0 1
    outer loop
      vertex 19.391578576660155 -27.474334584121436 3
      vertex 47 -31 3
      vertex 19.776457135307563 -27.397777478867198 3
    endloop
  endfacet
  facet normal 0 0 1
    outer loop
      vertex 19.776457135307563 -27.397777478867198 3
      vertex 47 -31 3
      vertex 20.14805029709527 -27.271638597533865 3
    endloop
  endfacet
  facet normal 0 0 1
    outer loop
      vertex 20.14805029709527 -27.271638597533865 3
      vertex 47 -31 3
      vertex 20.5 -27.098076211353316 3
    endloop
  endfacet
  facet normal 0 0 1
    outer loop
      vertex 20.5 -27.098076211353316 3
      vertex 47 -31 3
      vertex 20.826284287026162 -26.8800600208737 3
    endloop
  endfacet
  facet normal 0 0 1
    outer loop
      vertex 20.826284287026162 -26.8800600208737 3
      vertex 47 -31 3
      vertex 21.121320343559642 -26.621320343559645 3
    endloop
  endfacet
  facet normal 0 0 1
    outer loop
      vertex 21.121320343559642 -26.621320343559645 3
      vertex 47 -31 3
      vertex 21.380060020873707 -26.326284287026155 3
    endloop
  endfacet
  facet normal 0 0 1
    outer loop
      vertex 21.380060020873707 -26.326284287026155 3
      vertex 47 -31 3
      vertex 21.598076211353316 -26 3
    endloop
  endfacet
  facet normal 0 0 1
    outer loop
      vertex 21.598076211353316 -26 3
      vertex 47 -31 3
      vertex 21.771638597533858 -25.648050297095267 3
    endloop
  endfacet
  facet normal 0 0 1
    outer loop
      vertex 21.771638597533858 -25.648050297095267 3
      vertex 47 -31 3
      vertex 21.897777478867205 -25.276457135307567 3
    endloop
  endfacet
  facet normal 0 0 1
    outer loop
      vertex 21.897777478867205 -23.723542864692433 3
      vertex 47 -31 3
      vertex 21.771638597533858 -23.351949702904733 3
    endloop
  endfacet
  facet normal 0 0 1
    outer loop
      vertex 21.771638597533858 -23.351949702904733 3
      vertex 47 -31 3
      vertex 21.598076211353316 -23 3
    endloop
  endfacet
  facet normal 0 0 1
    outer loop
      vertex 21.380060020873707 -22.673715712973845 3
      vertex 47 -31 3
      vertex 21.121320343559642 -22.378679656440355 3
    endloop
  endfacet
  facet normal 0 0 1
    outer loop
      vertex 21.598076211353316 -23 3
      vertex 47 -31 3
      vertex 21.380060020873707 -22.673715712973845 3
    endloop
  endfacet
  facet normal 0 0 1
    outer loop
      vertex 20.5 -21.901923788646684 3
      vertex 20.826284287026162 -22.1199399791263 3
      vertex 47 -31 3
    endloop
  endfacet
  facet normal 0 0 1
    outer loop
      vertex 21.121320343559642 -22.378679656440355 3
      vertex 47 -31 3
      vertex 20.826284287026162 -22.1199399791263 3
    endloop
  endfacet
  facet normal 0 0 1
    outer loop
      vertex 21.897777478867205 -25.276457135307567 3
      vertex 47 -31 3
      vertex 21.97433458412143 -24.89157857666015 3
    endloop
  endfacet
  facet normal 0 0 1
    outer loop
      vertex 21.97433458412143 -24.89157857666015 3
      vertex 47 -31 3
      vertex 22 -24.5 3
    endloop
  endfacet
  facet normal 0 0 1
    outer loop
      vertex 22 -24.5 3
      vertex 47 -31 3
      vertex 21.97433458412143 -24.10842142333985 3
    endloop
  endfacet
  facet normal 0 0 1
    outer loop
      vertex 21.897777478867205 -23.723542864692433 3
      vertex 21.97433458412143 -24.10842142333985 3
      vertex 47 -31 3
    endloop
  endfacet
  facet normal 0 0 -1
    outer loop
      vertex -50.254622651359284 -25.33927514381918 0
      vertex 40.96746502847517 23.15809644879681 0
      vertex 41.09474411167424 22.900000000000006 0
    endloop
  endfacet
  facet normal 0 0 -1
    outer loop
      vertex -50.254622651359284 -25.33927514381918 0
      vertex 40.87496318216405 23.43059810077446 0
      vertex 40.96746502847517 23.15809644879681 0
    endloop
  endfacet
  facet normal 0 0 -1
    outer loop
      vertex -50.254622651359284 -25.33927514381918 0
      vertex 40.81882130497762 23.71284237711589 0
      vertex 40.87496318216405 23.43059810077446 0
    endloop
  endfacet
  facet normal 0 0 -1
    outer loop
      vertex -50.254622651359284 -25.33927514381918 0
      vertex 40.8 24 0
      vertex 40.81882130497762 23.71284237711589 0
    endloop
  endfacet
  facet normal 0 0 -1
    outer loop
      vertex -50.254622651359284 -25.33927514381918 0
      vertex 40.81882130497762 24.28715762288411 0
      vertex 40.8 24 0
    endloop
  endfacet
  facet normal 0 0 -1
    outer loop
      vertex -50.254622651359284 -25.33927514381918 0
      vertex 40.87496318216405 24.56940189922554 0
      vertex 40.81882130497762 24.28715762288411 0
    endloop
  endfacet
  facet normal 0 0 -1
    outer loop
      vertex -50.254622651359284 -25.33927514381918 0
      vertex 40.96746502847517 24.84190355120319 0
      vertex 40.87496318216405 24.56940189922554 0
    endloop
  endfacet
  facet normal 0 0 -1
    outer loop
      vertex -50.254622651359284 -25.33927514381918 0
      vertex 41.09474411167424 25.099999999999994 0
      vertex 40.96746502847517 24.84190355120319 0
    endloop
  endfacet
  facet normal 0 0 -1
    outer loop
      vertex -50.254622651359284 -25.33927514381918 0
      vertex 41.254622651359284 25.33927514381918 0
      vertex 41.09474411167424 25.099999999999994 0
    endloop
  endfacet
  facet normal 0 0 -1
    outer loop
      vertex -50.254622651359284 -25.33927514381918 0
      vertex 41.4443650813896 25.555634918610394 0
      vertex 41.254622651359284 25.33927514381918 0
    endloop
  endfacet
  facet normal 0 0 -1
    outer loop
      vertex 47 31 0
      vertex 41.4443650813896 25.555634918610394 0
      vertex -50.254622651359284 -25.33927514381918 0
    endloop
  endfacet
  facet normal 0 1 0
    outer loop
      vertex -60 31 3
      vertex 47 31 3
      vertex 47 31 0
    endloop
  endfacet
  facet normal 0 0 -1
    outer loop
      vertex 47 -31 0
      vertex 41.254622651359284 22.66072485618082 0
      vertex 41.4443650813896 22.444365081389606 0
    endloop
  endfacet
  facet normal 0 0 -1
    outer loop
      vertex 47 -31 0
      vertex 41.4443650813896 22.444365081389606 0
      vertex 41.66072485618081 22.254622651359284 0
    endloop
  endfacet
  facet normal 0 0 -1
    outer loop
      vertex 47 -31 0
      vertex 41.66072485618081 22.254622651359284 0
      vertex 41.9 22.09474411167423 0
    endloop
  endfacet
  facet normal 0 0 -1
    outer loop
      vertex 47 -31 0
      vertex 41.09474411167424 22.900000000000006 0
      vertex 41.254622651359284 22.66072485618082 0
    endloop
  endfacet
  facet normal 0 0 -1
    outer loop
      vertex 47 -31 0
      vertex 41.9 22.09474411167423 0
      vertex 42.158096448796805 21.967465028475175 0
    endloop
  endfacet
  facet normal 0 0 -1
    outer loop
      vertex 47 -31 0
      vertex 42.158096448796805 21.967465028475175 0
      vertex 42.43059810077445 21.874963182164038 0
    endloop
  endfacet
  facet normal 0 0 -1
    outer loop
      vertex 47 -31 0
      vertex 42.43059810077445 21.874963182164038 0
      vertex 42.712842377115884 21.818821304977604 0
    endloop
  endfacet
  facet normal 0 0 -1
    outer loop
      vertex 47 -31 0
      vertex 42.712842377115884 21.818821304977604 0
      vertex 43 21.80000000000001 0
    endloop
  endfacet
  facet normal 0 0 -1
    outer loop
      vertex 47 -31 0
      vertex 43 21.80000000000001 0
      vertex 43.287157622884116 21.818821304977604 0
    endloop
  endfacet
  facet normal 0 0 -1
    outer loop
      vertex 47 -31 0
      vertex 43.287157622884116 21.818821304977604 0
      vertex 43.56940189922555 21.874963182164038 0
    endloop
  endfacet
  facet normal 0 0 -1
    outer loop
      vertex 47 -31 0
      vertex 43.56940189922555 21.874963182164038 0
      vertex 43.841903551203195 21.967465028475175 0
    endloop
  endfacet
  facet normal 0 0 -1
    outer loop
      vertex 47 -31 0
      vertex 43.841903551203195 21.967465028475175 0
      vertex 44.1 22.09474411167423 0
    endloop
  endfacet
  facet normal 0 0 -1
    outer loop
      vertex 47 -31 0
      vertex 44.1 22.09474411167423 0
      vertex 44.33927514381919 22.254622651359284 0
    endloop
  endfacet
  facet normal 0 0 -1
    outer loop
      vertex 47 -31 0
      vertex 44.33927514381919 22.254622651359284 0
      vertex 44.5556349186104 22.444365081389606 0
    endloop
  endfacet
  facet normal 0 0 -1
    outer loop
      vertex 47 -31 0
      vertex 44.5556349186104 22.444365081389606 0
      vertex 44.745377348640716 22.66072485618082 0
    endloop
  endfacet
  facet normal 0 0 -1
    outer loop
      vertex 47 -31 0
      vertex 44.745377348640716 22.66072485618082 0
      vertex 44.90525588832576 22.900000000000006 0
    endloop
  endfacet
  facet normal 0 0 -1
    outer loop
      vertex 47 -31 0
      vertex 44.90525588832576 22.900000000000006 0
      vertex 45.03253497152483 23.15809644879681 0
    endloop
  endfacet
  facet normal 0 0 -1
    outer loop
      vertex 47 -31 0
      vertex 45.03253497152483 23.15809644879681 0
      vertex 45.12503681783595 23.43059810077446 0
    endloop
  endfacet
  facet normal 0 0 -1
    outer loop
      vertex 47 -31 0
      vertex 45.12503681783595 23.43059810077446 0
      vertex 47 31 0
    endloop
  endfacet
  facet normal 1 0 0
    outer loop
      vertex 47 -31 3
      vertex 47 31 0
      vertex 47 31 3
    endloop
  endfacet
  facet normal 0 0 -1
    outer loop
      vertex 47 31 0
      vertex 45.12503681783595 23.43059810077446 0
      vertex 45.18117869502238 23.71284237711589 0
    endloop
  endfacet
  facet normal 0 0 -1
    outer loop
      vertex 47 31 0
      vertex 45.18117869502238 23.71284237711589 0
      vertex 45.2 24 0
    endloop
  endfacet
  facet normal 0 0 -1
    outer loop
      vertex 47 31 0
      vertex 45.2 24 0
      vertex 45.18117869502238 24.28715762288411 0
    endloop
  endfacet
  facet normal 0 0 -1
    outer loop
      vertex 47 31 0
      vertex 45.18117869502238 24.28715762288411 0
      vertex 45.12503681783595 24.56940189922554 0
    endloop
  endfacet
  facet normal 0 0 -1
    outer loop
      vertex 47 31 0
      vertex 45.12503681783595 24.56940189922554 0
      vertex 45.03253497152483 24.84190355120319 0
    endloop
  endfacet
  facet normal 0 0 -1
    outer loop
      vertex 47 31 0
      vertex 45.03253497152483 24.84190355120319 0
      vertex 44.90525588832576 25.099999999999994 0
    endloop
  endfacet
  facet normal 0 0 -1
    outer loop
      vertex 47 31 0
      vertex 41.66072485618081 25.745377348640716 0
      vertex 41.4443650813896 25.555634918610394 0
    endloop
  endfacet
  facet normal 0 0 -1
    outer loop
      vertex 47 31 0
      vertex 41.9 25.90525588832577 0
      vertex 41.66072485618081 25.745377348640716 0
    endloop
  endfacet
  facet normal 0 0 -1
    outer loop
      vertex 47 31 0
      vertex 42.158096448796805 26.032534971524825 0
      vertex 41.9 25.90525588832577 0
    endloop
  endfacet
  facet normal 0 0 -1
    outer loop
      vertex 47 31 0
      vertex 42.43059810077445 26.125036817835962 0
      vertex 42.158096448796805 26.032534971524825 0
    endloop
  endfacet
  facet normal 0 0 -1
    outer loop
      vertex 47 31 0
      vertex 42.712842377115884 26.181178695022396 0
      vertex 42.43059810077445 26.125036817835962 0
    endloop
  endfacet
  facet normal 0 0 -1
    outer loop
      vertex 47 31 0
      vertex 43 26.19999999999999 0
      vertex 42.712842377115884 26.181178695022396 0
    endloop
  endfacet
  facet normal 0 0 -1
    outer loop
      vertex 47 31 0
      vertex 43.287157622884116 26.181178695022396 0
      vertex 43 26.19999999999999 0
    endloop
  endfacet
  facet normal 0 0 -1
    outer loop
      vertex 47 31 0
      vertex 44.5556349186104 25.555634918610394 0
      vertex 44.33927514381919 25.745377348640716 0
    endloop
  endfacet
  facet normal 0 0 -1
    outer loop
      vertex 47 31 0
      vertex 44.33927514381919 25.745377348640716 0
      vertex 44.1 25.90525588832577 0
    endloop
  endfacet
  facet normal 0 0 -1
    outer loop
      vertex 47 31 0
      vertex 43.56940189922555 26.125036817835962 0
      vertex 43.287157622884116 26.181178695022396 0
    endloop
  endfacet
  facet normal 0 0 -1
    outer loop
      vertex 47 31 0
      vertex 43.841903551203195 26.032534971524825 0
      vertex 43.56940189922555 26.125036817835962 0
    endloop
  endfacet
  facet normal 0 0 -1
    outer loop
      vertex 47 31 0
      vertex 44.1 25.90525588832577 0
      vertex 43.841903551203195 26.032534971524825 0
    endloop
  endfacet
  facet normal 0 0 -1
    outer loop
      vertex 47 31 0
      vertex 44.745377348640716 25.33927514381918 0
      vertex 44.5556349186104 25.555634918610394 0
    endloop
  endfacet
  facet normal 0 0 -1
    outer loop
      vertex 47 31 0
      vertex 44.90525588832576 25.099999999999994 0
      vertex 44.745377348640716 25.33927514381918 0
    endloop
  endfacet
  facet normal 0 0 1
    outer loop
      vertex -37.5 21.901923788646684 3
      vertex 47 -31 3
      vertex 17.5 21.901923788646684 3
    endloop
  endfacet
  facet normal 0 0 1
    outer loop
      vertex -37.5 21.901923788646684 3
      vertex 17.5 21.901923788646684 3
      vertex 17.173715712973838 22.119939979126286 3
    endloop
  endfacet
  facet normal 0 0 1
    outer loop
      vertex -37.17371571297384 22.119939979126286 3
      vertex 17.173715712973838 22.119939979126286 3
      vertex 16.878679656440358 22.37867965644037 3
    endloop
  endfacet
  facet normal 0 0 1
    outer loop
      vertex -36.878679656440355 22.37867965644037 3
      vertex 16.878679656440358 22.37867965644037 3
      vertex 16.619939979126293 22.67371571297383 3
    endloop
  endfacet
  facet normal 0 0 1
    outer loop
      vertex -36.61993997912629 22.67371571297383 3
      vertex 16.619939979126293 22.67371571297383 3
      vertex 16.401923788646684 23 3
    endloop
  endfacet
  facet normal 0 0 1
    outer loop
      vertex -36.401923788646684 23 3
      vertex 16.401923788646684 23 3
      vertex 16.228361402466142 23.351949702904733 3
    endloop
  endfacet
  facet normal 0 0 1
    outer loop
      vertex -36.22836140246614 23.351949702904733 3
      vertex 16.228361402466142 23.351949702904733 3
      vertex 16.102222521132795 23.723542864692433 3
    endloop
  endfacet
  facet normal 0 0 1
    outer loop
      vertex -36.102222521132795 23.723542864692433 3
      vertex 16.102222521132795 23.723542864692433 3
      vertex 16.02566541587857 24.10842142333985 3
    endloop
  endfacet
  facet normal 0 0 1
    outer loop
      vertex -36.02566541587857 24.10842142333985 3
      vertex 16.02566541587857 24.10842142333985 3
      vertex 16 24.5 3
    endloop
  endfacet
  facet normal 0 0 1
    outer loop
      vertex -36 24.5 3
      vertex 16 24.5 3
      vertex 16.02566541587857 24.89157857666015 3
    endloop
  endfacet
  facet normal 0 0 1
    outer loop
      vertex -36.02566541587857 24.89157857666015 3
      vertex 16.02566541587857 24.89157857666015 3
      vertex 16.102222521132795 25.276457135307567 3
    endloop
  endfacet
  facet normal 0 0 1
    outer loop
      vertex -36.102222521132795 25.276457135307567 3
      vertex 16.102222521132795 25.276457135307567 3
      vertex 16.228361402466142 25.648050297095267 3
    endloop
  endfacet
  facet normal 0 0 1
    outer loop
      vertex -36.22836140246614 25.648050297095267 3
      vertex 16.228361402466142 25.648050297095267 3
      vertex 16.401923788646684 26 3
    endloop
  endfacet
  facet normal 0 0 1
    outer loop
      vertex -36.401923788646684 26 3
      vertex 16.401923788646684 26 3
      vertex 16.619939979126293 26.32628428702617 3
    endloop
  endfacet
  facet normal 0 0 1
    outer loop
      vertex -36.61993997912629 26.32628428702617 3
      vertex 16.619939979126293 26.32628428702617 3
      vertex 16.878679656440358 26.62132034355963 3
    endloop
  endfacet
  facet normal 0 0 1
    outer loop
      vertex -36.878679656440355 26.62132034355963 3
      vertex 16.878679656440358 26.62132034355963 3
      vertex 17.173715712973838 26.880060020873714 3
    endloop
  endfacet
  facet normal 0 0 1
    outer loop
      vertex -37.17371571297384 26.880060020873714 3
      vertex 17.173715712973838 26.880060020873714 3
      vertex 17.5 27.098076211353316 3
    endloop
  endfacet
  facet normal 0 0 1
    outer loop
      vertex -37.5 27.098076211353316 3
      vertex 17.5 27.098076211353316 3
      vertex 17.85194970290473 27.271638597533865 3
    endloop
  endfacet
  facet normal 0 0 1
    outer loop
      vertex -37.85194970290473 27.271638597533865 3
      vertex 17.85194970290473 27.271638597533865 3
      vertex 18.223542864692437 27.397777478867198 3
    endloop
  endfacet
  facet normal 0 0 1
    outer loop
      vertex -38.22354286469244 27.397777478867198 3
      vertex 18.223542864692437 27.397777478867198 3
      vertex 18.608421423339845 27.474334584121436 3
    endloop
  endfacet
  facet normal 0 0 1
    outer loop
      vertex -38.22354286469244 27.397777478867198 3
      vertex 18.608421423339845 27.474334584121436 3
      vertex 47 31 3
    endloop
  endfacet
  facet normal 0 0 1
    outer loop
      vertex 47 -31 3
      vertex 18.223542864692437 21.602222521132802 3
      vertex 17.85194970290473 21.728361402466135 3
    endloop
  endfacet
  facet normal 0 0 1
    outer loop
      vertex 47 -31 3
      vertex 17.85194970290473 21.728361402466135 3
      vertex 17.5 21.901923788646684 3
    endloop
  endfacet
  facet normal 0 0 1
    outer loop
      vertex 47 -31 3
      vertex 18.608421423339845 21.525665415878564 3
      vertex 18.223542864692437 21.602222521132802 3
    endloop
  endfacet
  facet normal 0 0 1
    outer loop
      vertex 47 -31 3
      vertex 19 21.5 3
      vertex 18.608421423339845 21.525665415878564 3
    endloop
  endfacet
  facet normal 0 0 1
    outer loop
      vertex 47 -31 3
      vertex 19.391578576660155 21.525665415878564 3
      vertex 19 21.5 3
    endloop
  endfacet
  facet normal 0 0 1
    outer loop
      vertex 47 -31 3
      vertex 19.776457135307563 21.602222521132802 3
      vertex 19.391578576660155 21.525665415878564 3
    endloop
  endfacet
  facet normal 0 0 1
    outer loop
      vertex 47 -31 3
      vertex 20.14805029709527 21.728361402466135 3
      vertex 19.776457135307563 21.602222521132802 3
    endloop
  endfacet
  facet normal 0 0 1
    outer loop
      vertex 47 -31 3
      vertex 20.5 21.901923788646684 3
      vertex 20.14805029709527 21.728361402466135 3
    endloop
  endfacet
  facet normal 0 0 1
    outer loop
      vertex 47 -31 3
      vertex 20.826284287026162 22.119939979126286 3
      vertex 20.5 21.901923788646684 3
    endloop
  endfacet
  facet normal 0 0 1
    outer loop
      vertex 47 -31 3
      vertex 21.121320343559642 22.37867965644037 3
      vertex 20.826284287026162 22.119939979126286 3
    endloop
  endfacet
  facet normal 0 0 1
    outer loop
      vertex 47 -31 3
      vertex 21.380060020873707 22.67371571297383 3
      vertex 21.121320343559642 22.37867965644037 3
    endloop
  endfacet
  facet normal 0 0 1
    outer loop
      vertex 47 -31 3
      vertex 21.598076211353316 23 3
      vertex 21.380060020873707 22.67371571297383 3
    endloop
  endfacet
  facet normal 0 0 1
    outer loop
      vertex 47 -31 3
      vertex 21.771638597533858 23.351949702904733 3
      vertex 21.598076211353316 23 3
    endloop
  endfacet
  facet normal 0 0 1
    outer loop
      vertex 47 -31 3
      vertex 21.897777478867205 23.723542864692433 3
      vertex 21.771638597533858 23.351949702904733 3
    endloop
  endfacet
  facet normal 0 0 1
    outer loop
      vertex 47 -31 3
      vertex 21.97433458412143 24.10842142333985 3
      vertex 21.897777478867205 23.723542864692433 3
    endloop
  endfacet
  facet normal 0 0 1
    outer loop
      vertex 47 -31 3
      vertex 22 24.5 3
      vertex 21.97433458412143 24.10842142333985 3
    endloop
  endfacet
  facet normal 0 0 1
    outer loop
      vertex 47 -31 3
      vertex 42.43059810077445 21.874963182164038 3
      vertex 22 24.5 3
    endloop
  endfacet
  facet normal 0 0 1
    outer loop
      vertex 47 -31 3
      vertex 42.712842377115884 21.818821304977604 3
      vertex 42.43059810077445 21.874963182164038 3
    endloop
  endfacet
  facet normal 0 0 1
    outer loop
      vertex 47 -31 3
      vertex 43 21.80000000000001 3
      vertex 42.712842377115884 21.818821304977604 3
    endloop
  endfacet
  facet normal 0 0 1
    outer loop
      vertex 47 -31 3
      vertex 43.287157622884116 21.818821304977604 3
      vertex 43 21.80000000000001 3
    endloop
  endfacet
  facet normal 0 0 1
    outer loop
      vertex 47 -31 3
      vertex 43.56940189922555 21.874963182164038 3
      vertex 43.287157622884116 21.818821304977604 3
    endloop
  endfacet
  facet normal 0 0 1
    outer loop
      vertex 47 -31 3
      vertex 43.841903551203195 21.967465028475175 3
      vertex 43.56940189922555 21.874963182164038 3
    endloop
  endfacet
  facet normal 0 0 1
    outer loop
      vertex 47 -31 3
      vertex 44.1 22.09474411167423 3
      vertex 43.841903551203195 21.967465028475175 3
    endloop
  endfacet
  facet normal 0 0 1
    outer loop
      vertex 47 -31 3
      vertex 44.33927514381919 22.254622651359284 3
      vertex 44.1 22.09474411167423 3
    endloop
  endfacet
  facet normal 0 0 1
    outer loop
      vertex 47 -31 3
      vertex 44.5556349186104 22.444365081389606 3
      vertex 44.33927514381919 22.254622651359284 3
    endloop
  endfacet
  facet normal 0 0 1
    outer loop
      vertex 47 -31 3
      vertex 44.745377348640716 22.66072485618082 3
      vertex 44.5556349186104 22.444365081389606 3
    endloop
  endfacet
  facet normal 0 0 1
    outer loop
      vertex 47 -31 3
      vertex 44.90525588832576 22.900000000000006 3
      vertex 44.745377348640716 22.66072485618082 3
    endloop
  endfacet
  facet normal 0 0 1
    outer loop
      vertex 47 -31 3
      vertex 45.03253497152483 23.15809644879681 3
      vertex 44.90525588832576 22.900000000000006 3
    endloop
  endfacet
  facet normal 0 0 1
    outer loop
      vertex 47 -31 3
      vertex 45.12503681783595 23.43059810077446 3
      vertex 45.03253497152483 23.15809644879681 3
    endloop
  endfacet
  facet normal 0 0 1
    outer loop
      vertex 47 -31 3
      vertex 45.18117869502238 23.71284237711589 3
      vertex 45.12503681783595 23.43059810077446 3
    endloop
  endfacet
  facet normal 0 0 1
    outer loop
      vertex 47 -31 3
      vertex 45.2 24 3
      vertex 45.18117869502238 23.71284237711589 3
    endloop
  endfacet
  facet normal 0 0 1
    outer loop
      vertex 47 -31 3
      vertex 47 31 3
      vertex 45.2 24 3
    endloop
  endfacet
  facet normal 0 0 1
    outer loop
      vertex 22 24.5 3
      vertex 47 31 3
      vertex 21.97433458412143 24.89157857666015 3
    endloop
  endfacet
  facet normal 0 0 1
    outer loop
      vertex 21.97433458412143 24.89157857666015 3
      vertex 47 31 3
      vertex 21.897777478867205 25.276457135307567 3
    endloop
  endfacet
  facet normal 0 0 1
    outer loop
      vertex 18.608421423339845 27.474334584121436 3
      vertex 19 27.5 3
      vertex 47 31 3
    endloop
  endfacet
  facet normal 0 0 1
    outer loop
      vertex 19 27.5 3
      vertex 19.391578576660155 27.474334584121436 3
      vertex 47 31 3
    endloop
  endfacet
  facet normal 0 0 1
    outer loop
      vertex 21.897777478867205 25.276457135307567 3
      vertex 47 31 3
      vertex 21.771638597533858 25.648050297095267 3
    endloop
  endfacet
  facet normal 0 0 1
    outer loop
      vertex 21.771638597533858 25.648050297095267 3
      vertex 47 31 3
      vertex 21.598076211353316 26 3
    endloop
  endfacet
  facet normal 0 0 1
    outer loop
      vertex 21.380060020873707 26.32628428702617 3
      vertex 47 31 3
      vertex 21.121320343559642 26.62132034355963 3
    endloop
  endfacet
  facet normal 0 0 1
    outer loop
      vertex 21.598076211353316 26 3
      vertex 47 31 3
      vertex 21.380060020873707 26.32628428702617 3
    endloop
  endfacet
  facet normal 0 0 1
    outer loop
      vertex 19.776457135307563 27.397777478867198 3
      vertex 20.14805029709527 27.271638597533865 3
      vertex 47 31 3
    endloop
  endfacet
  facet normal 0 0 1
    outer loop
      vertex 20.5 27.098076211353316 3
      vertex 20.826284287026162 26.880060020873714 3
      vertex 47 31 3
    endloop
  endfacet
  facet normal 0 0 1
    outer loop
      vertex 20.14805029709527 27.271638597533865 3
      vertex 20.5 27.098076211353316 3
      vertex 47 31 3
    endloop
  endfacet
  facet normal 0 0 1
    outer loop
      vertex 19.391578576660155 27.474334584121436 3
      vertex 19.776457135307563 27.397777478867198 3
      vertex 47 31 3
    endloop
  endfacet
  facet normal 0 0 1
    outer loop
      vertex 20.826284287026162 26.880060020873714 3
      vertex 21.121320343559642 26.62132034355963 3
      vertex 47 31 3
    endloop
  endfacet
  facet normal 0 0 1
    outer loop
      vertex 22 24.5 3
      vertex 41.9 22.09474411167423 3
      vertex 41.66072485618081 22.254622651359284 3
    endloop
  endfacet
  facet normal 0 0 1
    outer loop
      vertex 22 24.5 3
      vertex 41.66072485618081 22.254622651359284 3
      vertex 41.4443650813896 22.444365081389606 3
    endloop
  endfacet
  facet normal 0 0 1
    outer loop
      vertex 22 24.5 3
      vertex 41.4443650813896 22.444365081389606 3
      vertex 41.254622651359284 22.66072485618082 3
    endloop
  endfacet
  facet normal 0 0 1
    outer loop
      vertex 22 24.5 3
      vertex 42.158096448796805 21.967465028475175 3
      vertex 41.9 22.09474411167423 3
    endloop
  endfacet
  facet normal 0 0 1
    outer loop
      vertex 22 24.5 3
      vertex 42.43059810077445 21.874963182164038 3
      vertex 42.158096448796805 21.967465028475175 3
    endloop
  endfacet
  facet normal 0 0 1
    outer loop
      vertex 22 24.5 3
      vertex 41.254622651359284 22.66072485618082 3
      vertex 41.09474411167424 22.900000000000006 3
    endloop
  endfacet
  facet normal 0 0 1
    outer loop
      vertex 22 24.5 3
      vertex 40.96746502847517 23.15809644879681 3
      vertex 40.87496318216405 23.43059810077446 3
    endloop
  endfacet
  facet normal 0 0 1
    outer loop
      vertex 22 24.5 3
      vertex 41.09474411167424 22.900000000000006 3
      vertex 40.96746502847517 23.15809644879681 3
    endloop
  endfacet
  facet normal 0 0 1
    outer loop
      vertex 22 24.5 3
      vertex 40.87496318216405 23.43059810077446 3
      vertex 40.81882130497762 23.71284237711589 3
    endloop
  endfacet
  facet normal 0 0 1
    outer loop
      vertex 22 24.5 3
      vertex 40.81882130497762 23.71284237711589 3
      vertex 40.8 24 3
    endloop
  endfacet
  facet normal 0 0 1
    outer loop
      vertex 22 24.5 3
      vertex 40.8 24 3
      vertex 40.81882130497762 24.28715762288411 3
    endloop
  endfacet
  facet normal 0 0 1
    outer loop
      vertex 22 24.5 3
      vertex 40.81882130497762 24.28715762288411 3
      vertex 40.87496318216405 24.56940189922554 3
    endloop
  endfacet
  facet normal 0 0 1
    outer loop
      vertex 22 24.5 3
      vertex 40.87496318216405 24.56940189922554 3
      vertex 40.96746502847517 24.84190355120319 3
    endloop
  endfacet
  facet normal 0 0 1
    outer loop
      vertex 22 24.5 3
      vertex 40.96746502847517 24.84190355120319 3
      vertex 41.09474411167424 25.099999999999994 3
    endloop
  endfacet
  facet normal 0 0 1
    outer loop
      vertex 22 24.5 3
      vertex 41.09474411167424 25.099999999999994 3
      vertex 41.254622651359284 25.33927514381918 3
    endloop
  endfacet
  facet normal 0 0 1
    outer loop
      vertex 22 24.5 3
      vertex 41.254622651359284 25.33927514381918 3
      vertex 41.4443650813896 25.555634918610394 3
    endloop
  endfacet
  facet normal 0 0 1
    outer loop
      vertex 22 24.5 3
      vertex 41.4443650813896 25.555634918610394 3
      vertex 47 31 3
    endloop
  endfacet
  facet normal 0 0 1
    outer loop
      vertex 47 31 3
      vertex 45.18117869502238 24.28715762288411 3
      vertex 45.2 24 3
    endloop
  endfacet
  facet normal 0 0 1
    outer loop
      vertex 47 31 3
      vertex 45.12503681783595 24.56940189922554 3
      vertex 45.18117869502238 24.28715762288411 3
    endloop
  endfacet
  facet normal 0 0 1
    outer loop
      vertex 47 31 3
      vertex 45.03253497152483 24.84190355120319 3
      vertex 45.12503681783595 24.56940189922554 3
    endloop
  endfacet
  facet normal 0 0 1
    outer loop
      vertex 47 31 3
      vertex 44.90525588832576 25.099999999999994 3
      vertex 45.03253497152483 24.84190355120319 3
    endloop
  endfacet
  facet normal 0 0 1
    outer loop
      vertex 47 31 3
      vertex 41.4443650813896 25.555634918610394 3
      vertex 41.66072485618081 25.745377348640716 3
    endloop
  endfacet
  facet normal 0 0 1
    outer loop
      vertex 47 31 3
      vertex 41.66072485618081 25.745377348640716 3
      vertex 41.9 25.90525588832577 3
    endloop
  endfacet
  facet normal 0 0 1
    outer loop
      vertex 47 31 3
      vertex 41.9 25.90525588832577 3
      vertex 42.158096448796805 26.032534971524825 3
    endloop
  endfacet
  facet normal 0 0 1
    outer loop
      vertex 47 31 3
      vertex 42.158096448796805 26.032534971524825 3
      vertex 42.43059810077445 26.125036817835962 3
    endloop
  endfacet
  facet normal 0 0 1
    outer loop
      vertex 47 31 3
      vertex 42.43059810077445 26.125036817835962 3
      vertex 42.712842377115884 26.181178695022396 3
    endloop
  endfacet
  facet normal 0 0 1
    outer loop
      vertex 47 31 3
      vertex 42.712842377115884 26.181178695022396 3
      vertex 43 26.19999999999999 3
    endloop
  endfacet
  facet normal 0 0 1
    outer loop
      vertex 47 31 3
      vertex 43 26.19999999999999 3
      vertex 43.287157622884116 26.181178695022396 3
    endloop
  endfacet
  facet normal 0 0 1
    outer loop
      vertex 47 31 3
      vertex 44.33927514381919 25.745377348640716 3
      vertex 44.5556349186104 25.555634918610394 3
    endloop
  endfacet
  facet normal 0 0 1
    outer loop
      vertex 47 31 3
      vertex 44.1 25.90525588832577 3
      vertex 44.33927514381919 25.745377348640716 3
    endloop
  endfacet
  facet normal 0 0 1
    outer loop
      vertex 47 31 3
      vertex 43.287157622884116 26.181178695022396 3
      vertex 43.56940189922555 26.125036817835962 3
    endloop
  endfacet
  facet normal 0 0 1
    outer loop
      vertex 47 31 3
      vertex 43.56940189922555 26.125036817835962 3
      vertex 43.841903551203195 26.032534971524825 3
    endloop
  endfacet
  facet normal 0 0 1
    outer loop
      vertex 47 31 3
      vertex 43.841903551203195 26.032534971524825 3
      vertex 44.1 25.90525588832577 3
    endloop
  endfacet
  facet normal 0 0 1
    outer loop
      vertex 47 31 3
      vertex 44.5556349186104 25.555634918610394 3
      vertex 44.745377348640716 25.33927514381918 3
    endloop
  endfacet
  facet normal 0 0 1
    outer loop
      vertex 47 31 3
      vertex 44.745377348640716 25.33927514381918 3
      vertex 44.90525588832576 25.099999999999994 3
    endloop
  endfacet
  facet normal 0.6593458151000652 0.7518398074789806 1.463373330758968e-19
    outer loop
      vertex -53.33927514381919 -25.745377348640716 0
      vertex -53.5556349186104 -25.55563491861041 0
      vertex -53.5556349186104 -25.55563491861041 3
    endloop
  endfacet
  facet normal 0.7518398074789899 0.6593458151000546 0
    outer loop
      vertex -53.745377348640716 -25.33927514381918 3
      vertex -53.5556349186104 -25.55563491861041 0
      vertex -53.745377348640716 -25.33927514381918 0
    endloop
  endfacet
  facet normal 0.9807852804032294 0.19509032201613385 0
    outer loop
      vertex -54.18117869502238 -24.28715762288411 3
      vertex -54.12503681783595 -24.56940189922554 0
      vertex -54.18117869502238 -24.28715762288411 0
    endloop
  endfacet
  facet normal 0.8314696123025477 0.5555702330195986 0
    outer loop
      vertex -53.90525588832576 -25.099999999999994 3
      vertex -53.745377348640716 -25.33927514381918 0
      vertex -53.90525588832576 -25.099999999999994 0
    endloop
  endfacet
  facet normal 0.8968727415326747 0.44228869021902883 0
    outer loop
      vertex -54.03253497152483 -24.841903551203202 3
      vertex -53.90525588832576 -25.099999999999994 0
      vertex -54.03253497152483 -24.841903551203202 0
    endloop
  endfacet
  facet normal 0.9469301294951135 0.32143946530313855 0
    outer loop
      vertex -54.12503681783595 -24.56940189922554 3
      vertex -54.03253497152483 -24.841903551203202 0
      vertex -54.12503681783595 -24.56940189922554 0
    endloop
  endfacet
  facet normal 0.9978589232386025 0.06540312923015722 0
    outer loop
      vertex -54.2 -24 3
      vertex -54.18117869502238 -24.28715762288411 0
      vertex -54.2 -24 0
    endloop
  endfacet
  facet normal 0.9978589232386025 -0.06540312923015722 0
    outer loop
      vertex -54.18117869502238 -23.71284237711589 3
      vertex -54.2 -24 0
      vertex -54.18117869502238 -23.71284237711589 0
    endloop
  endfacet
  facet normal 0.9807852804032294 -0.19509032201613385 0
    outer loop
      vertex -54.12503681783595 -23.43059810077446 3
      vertex -54.18117869502238 -23.71284237711589 0
      vertex -54.12503681783595 -23.43059810077446 0
    endloop
  endfacet
  facet normal 0.06540312923015562 0.9978589232386027 0
    outer loop
      vertex -52.287157622884116 -26.181178695022382 3
      vertex -52 -26.200000000000003 0
      vertex -52.287157622884116 -26.181178695022382 0
    endloop
  endfacet
  facet normal -0.06540312923015562 0.9978589232386027 0
    outer loop
      vertex -52 -26.200000000000003 3
      vertex -51.712842377115884 -26.181178695022382 0
      vertex -52 -26.200000000000003 0
    endloop
  endfacet
  facet normal 0.44228869021896955 0.896872741532704 0
    outer loop
      vertex -53.1 -25.90525588832577 3
      vertex -52.841903551203195 -26.032534971524825 0
      vertex -53.1 -25.90525588832577 0
    endloop
  endfacet
  facet normal 0.5555702330196156 0.8314696123025362 0
    outer loop
      vertex -53.33927514381919 -25.745377348640716 3
      vertex -53.1 -25.90525588832577 0
      vertex -53.33927514381919 -25.745377348640716 0
    endloop
  endfacet
  facet normal 0.32143946530317574 0.9469301294951009 0
    outer loop
      vertex -52.841903551203195 -26.032534971524825 3
      vertex -52.56940189922555 -26.125036817835948 0
      vertex -52.841903551203195 -26.032534971524825 0
    endloop
  endfacet
  facet normal 0.19509032201613385 0.9807852804032294 0
    outer loop
      vertex -52.56940189922555 -26.125036817835948 3
      vertex -52.287157622884116 -26.181178695022382 0
      vertex -52.56940189922555 -26.125036817835948 0
    endloop
  endfacet
  facet normal -0.19509032201613385 0.9807852804032294 -2.8501913729185843e-19
    outer loop
      vertex -51.43059810077445 -26.125036817835948 0
      vertex -51.712842377115884 -26.181178695022382 0
      vertex -51.712842377115884 -26.181178695022382 3
    endloop
  endfacet
  facet normal -0.32143946530317574 0.9469301294951009 0
    outer loop
      vertex -51.43059810077445 -26.125036817835948 3
      vertex -51.158096448796805 -26.032534971524825 0
      vertex -51.43059810077445 -26.125036817835948 0
    endloop
  endfacet
  facet normal -0.44228869021896955 0.896872741532704 0
    outer loop
      vertex -51.158096448796805 -26.032534971524825 3
      vertex -50.9 -25.90525588832577 0
      vertex -51.158096448796805 -26.032534971524825 0
    endloop
  endfacet
  facet normal -0.5555702330196156 0.8314696123025362 0
    outer loop
      vertex -50.9 -25.90525588832577 3
      vertex -50.66072485618081 -25.745377348640716 0
      vertex -50.9 -25.90525588832577 0
    endloop
  endfacet
  facet normal -0.6593458151000652 0.7518398074789806 0
    outer loop
      vertex -50.66072485618081 -25.745377348640716 3
      vertex -50.4443650813896 -25.55563491861041 0
      vertex -50.66072485618081 -25.745377348640716 0
    endloop
  endfacet
  facet normal -0.7518398074789899 0.6593458151000546 0
    outer loop
      vertex -50.4443650813896 -25.55563491861041 0
      vertex -50.4443650813896 -25.55563491861041 3
      vertex -50.254622651359284 -25.33927514381918 0
    endloop
  endfacet
  facet normal -0.8314696123025477 0.5555702330195986 0
    outer loop
      vertex -50.254622651359284 -25.33927514381918 3
      vertex -50.09474411167424 -25.099999999999994 0
      vertex -50.254622651359284 -25.33927514381918 0
    endloop
  endfacet
  facet normal -0.8968727415326747 0.44228869021902883 0
    outer loop
      vertex -50.09474411167424 -25.099999999999994 3
      vertex -49.96746502847517 -24.841903551203202 0
      vertex -50.09474411167424 -25.099999999999994 0
    endloop
  endfacet
  facet normal -0.9469301294951135 0.32143946530313855 0
    outer loop
      vertex -49.96746502847517 -24.841903551203202 3
      vertex -49.87496318216405 -24.56940189922554 0
      vertex -49.96746502847517 -24.841903551203202 0
    endloop
  endfacet
  facet normal -0.9807852804032294 0.19509032201613385 0
    outer loop
      vertex -49.87496318216405 -24.56940189922554 3
      vertex -49.81882130497762 -24.28715762288411 0
      vertex -49.87496318216405 -24.56940189922554 0
    endloop
  endfacet
  facet normal -0.9978589232386025 0.06540312923015722 0
    outer loop
      vertex -49.81882130497762 -24.28715762288411 3
      vertex -49.8 -24 0
      vertex -49.81882130497762 -24.28715762288411 0
    endloop
  endfacet
  facet normal -0.9978589232386025 -0.06540312923015722 0
    outer loop
      vertex -49.8 -24 3
      vertex -49.81882130497762 -23.71284237711589 0
      vertex -49.8 -24 0
    endloop
  endfacet
  facet normal -0.9807852804032294 -0.19509032201613385 0
    outer loop
      vertex -49.81882130497762 -23.71284237711589 3
      vertex -49.87496318216405 -23.43059810077446 0
      vertex -49.81882130497762 -23.71284237711589 0
    endloop
  endfacet
  facet normal -0.9469301294951135 -0.32143946530313855 0
    outer loop
      vertex -49.87496318216405 -23.43059810077446 3
      vertex -49.96746502847517 -23.158096448796798 0
      vertex -49.87496318216405 -23.43059810077446 0
    endloop
  endfacet
  facet normal 0.9469301294951135 -0.32143946530313855 0
    outer loop
      vertex -54.03253497152483 -23.158096448796798 3
      vertex -54.12503681783595 -23.43059810077446 0
      vertex -54.03253497152483 -23.158096448796798 0
    endloop
  endfacet
  facet normal 0.8968727415326747 -0.44228869021902883 0
    outer loop
      vertex -53.90525588832576 -22.900000000000006 3
      vertex -54.03253497152483 -23.158096448796798 0
      vertex -53.90525588832576 -22.900000000000006 0
    endloop
  endfacet
  facet normal 0.8314696123025477 -0.5555702330195986 0
    outer loop
      vertex -53.745377348640716 -22.66072485618082 3
      vertex -53.90525588832576 -22.900000000000006 0
      vertex -53.745377348640716 -22.66072485618082 0
    endloop
  endfacet
  facet normal 0.7518398074789899 -0.6593458151000546 0
    outer loop
      vertex -53.5556349186104 -22.44436508138959 3
      vertex -53.745377348640716 -22.66072485618082 0
      vertex -53.5556349186104 -22.44436508138959 0
    endloop
  endfacet
  facet normal 0.6593458151000652 -0.7518398074789806 0
    outer loop
      vertex -53.33927514381919 -22.254622651359284 3
      vertex -53.5556349186104 -22.44436508138959 0
      vertex -53.33927514381919 -22.254622651359284 0
    endloop
  endfacet
  facet normal 0.5555702330196156 -0.8314696123025362 0
    outer loop
      vertex -53.1 -22.09474411167423 3
      vertex -53.33927514381919 -22.254622651359284 0
      vertex -53.1 -22.09474411167423 0
    endloop
  endfacet
  facet normal 0.44228869021896955 -0.896872741532704 0
    outer loop
      vertex -52.841903551203195 -21.967465028475175 3
      vertex -53.1 -22.09474411167423 0
      vertex -52.841903551203195 -21.967465028475175 0
    endloop
  endfacet
  facet normal 0.32143946530317574 -0.9469301294951009 0
    outer loop
      vertex -52.56940189922555 -21.874963182164052 3
      vertex -52.841903551203195 -21.967465028475175 0
      vertex -52.56940189922555 -21.874963182164052 0
    endloop
  endfacet
  facet normal 0.19509032201613385 -0.9807852804032294 0
    outer loop
      vertex -52.287157622884116 -21.818821304977618 3
      vertex -52.56940189922555 -21.874963182164052 0
      vertex -52.287157622884116 -21.818821304977618 0
    endloop
  endfacet
  facet normal 0.06540312923015562 -0.9978589232386027 0
    outer loop
      vertex -52 -21.799999999999997 3
      vertex -52.287157622884116 -21.818821304977618 0
      vertex -52 -21.799999999999997 0
    endloop
  endfacet
  facet normal -0.06540312923015562 -0.9978589232386027 0
    outer loop
      vertex -51.712842377115884 -21.818821304977618 3
      vertex -52 -21.799999999999997 0
      vertex -51.712842377115884 -21.818821304977618 0
    endloop
  endfacet
  facet normal -0.8968727415326747 -0.44228869021902883 0
    outer loop
      vertex -49.96746502847517 -23.158096448796798 3
      vertex -50.09474411167424 -22.900000000000006 0
      vertex -49.96746502847517 -23.158096448796798 0
    endloop
  endfacet
  facet normal -0.8314696123025477 -0.5555702330195986 0
    outer loop
      vertex -50.09474411167424 -22.900000000000006 3
      vertex -50.254622651359284 -22.66072485618082 0
      vertex -50.09474411167424 -22.900000000000006 0
    endloop
  endfacet
  facet normal -0.6593458151000652 -0.7518398074789806 1.463373330758968e-19
    outer loop
      vertex -50.66072485618081 -22.254622651359284 0
      vertex -50.4443650813896 -22.44436508138959 0
      vertex -50.4443650813896 -22.44436508138959 3
    endloop
  endfacet
  facet normal -0.7518398074789899 -0.6593458151000546 0
    outer loop
      vertex -50.254622651359284 -22.66072485618082 3
      vertex -50.4443650813896 -22.44436508138959 0
      vertex -50.254622651359284 -22.66072485618082 0
    endloop
  endfacet
  facet normal -0.19509032201613385 -0.9807852804032294 0
    outer loop
      vertex -51.43059810077445 -21.874963182164052 3
      vertex -51.712842377115884 -21.818821304977618 0
      vertex -51.43059810077445 -21.874963182164052 0
    endloop
  endfacet
  facet normal -0.32143946530317574 -0.9469301294951009 0
    outer loop
      vertex -51.158096448796805 -21.967465028475175 3
      vertex -51.43059810077445 -21.874963182164052 0
      vertex -51.158096448796805 -21.967465028475175 0
    endloop
  endfacet
  facet normal -0.44228869021896955 -0.896872741532704 0
    outer loop
      vertex -50.9 -22.09474411167423 3
      vertex -51.158096448796805 -21.967465028475175 0
      vertex -50.9 -22.09474411167423 0
    endloop
  endfacet
  facet normal -0.5555702330196156 -0.8314696123025362 0
    outer loop
      vertex -50.66072485618081 -22.254622651359284 3
      vertex -50.9 -22.09474411167423 0
      vertex -50.66072485618081 -22.254622651359284 0
    endloop
  endfacet
  facet normal 0.6593458151000652 0.7518398074789806 0
    outer loop
      vertex -53.33927514381919 -25.745377348640716 3
      vertex -53.33927514381919 -25.745377348640716 0
      vertex -53.5556349186104 -25.55563491861041 3
    endloop
  endfacet
  facet normal 0.8314696123025477 0.5555702330195986 -8.690543373133102e-19
    outer loop
      vertex -53.90525588832576 -25.099999999999994 3
      vertex -53.745377348640716 -25.33927514381918 3
      vertex -53.745377348640716 -25.33927514381918 0
    endloop
  endfacet
  facet normal 0.7518398074789899 0.6593458151000546 -1.0183367759263666e-18
    outer loop
      vertex -53.745377348640716 -25.33927514381918 3
      vertex -53.5556349186104 -25.55563491861041 3
      vertex -53.5556349186104 -25.55563491861041 0
    endloop
  endfacet
  facet normal 0.8968727415326747 0.44228869021902883 1.1846362912450823e-18
    outer loop
      vertex -54.03253497152483 -24.841903551203202 3
      vertex -53.90525588832576 -25.099999999999994 3
      vertex -53.90525588832576 -25.099999999999994 0
    endloop
  endfacet
  facet normal 0.9469301294951135 0.32143946530313855 5.022622101419129e-19
    outer loop
      vertex -54.12503681783595 -24.56940189922554 3
      vertex -54.03253497152483 -24.841903551203202 3
      vertex -54.03253497152483 -24.841903551203202 0
    endloop
  endfacet
  facet normal 0.9807852804032294 0.19509032201613385 2.8501913729185843e-19
    outer loop
      vertex -54.18117869502238 -24.28715762288411 3
      vertex -54.12503681783595 -24.56940189922554 3
      vertex -54.12503681783595 -24.56940189922554 0
    endloop
  endfacet
  facet normal 0.9978589232386025 0.06540312923015722 -3.6307470096564094e-20
    outer loop
      vertex -54.2 -24 3
      vertex -54.18117869502238 -24.28715762288411 3
      vertex -54.18117869502238 -24.28715762288411 0
    endloop
  endfacet
  facet normal 0.9978589232386025 -0.06540312923015722 3.6307470096564094e-20
    outer loop
      vertex -54.18117869502238 -23.71284237711589 3
      vertex -54.2 -24 3
      vertex -54.2 -24 0
    endloop
  endfacet
  facet normal 0.9807852804032294 -0.19509032201613385 -2.8501913729185843e-19
    outer loop
      vertex -54.12503681783595 -23.43059810077446 3
      vertex -54.18117869502238 -23.71284237711589 3
      vertex -54.18117869502238 -23.71284237711589 0
    endloop
  endfacet
  facet normal 0.9469301294951135 -0.32143946530313855 -5.022622101419129e-19
    outer loop
      vertex -54.03253497152483 -23.158096448796798 3
      vertex -54.12503681783595 -23.43059810077446 3
      vertex -54.12503681783595 -23.43059810077446 0
    endloop
  endfacet
  facet normal 0.19509032201613385 0.9807852804032294 0
    outer loop
      vertex -52.287157622884116 -26.181178695022382 3
      vertex -52.287157622884116 -26.181178695022382 0
      vertex -52.56940189922555 -26.125036817835948 3
    endloop
  endfacet
  facet normal 0.06540312923015562 0.9978589232386027 0
    outer loop
      vertex -52 -26.200000000000003 3
      vertex -52 -26.200000000000003 0
      vertex -52.287157622884116 -26.181178695022382 3
    endloop
  endfacet
  facet normal -0.06540312923015562 0.9978589232386027 0
    outer loop
      vertex -51.712842377115884 -26.181178695022382 3
      vertex -51.712842377115884 -26.181178695022382 0
      vertex -52 -26.200000000000003 3
    endloop
  endfacet
  facet normal 0.44228869021896955 0.896872741532704 0
    outer loop
      vertex -52.841903551203195 -26.032534971524825 3
      vertex -52.841903551203195 -26.032534971524825 0
      vertex -53.1 -25.90525588832577 3
    endloop
  endfacet
  facet normal 0.5555702330196156 0.8314696123025362 0
    outer loop
      vertex -53.1 -25.90525588832577 3
      vertex -53.1 -25.90525588832577 0
      vertex -53.33927514381919 -25.745377348640716 3
    endloop
  endfacet
  facet normal 0.32143946530317574 0.9469301294951009 0
    outer loop
      vertex -52.56940189922555 -26.125036817835948 3
      vertex -52.56940189922555 -26.125036817835948 0
      vertex -52.841903551203195 -26.032534971524825 3
    endloop
  endfacet
  facet normal -0.19509032201613385 0.9807852804032294 0
    outer loop
      vertex -51.43059810077445 -26.125036817835948 3
      vertex -51.43059810077445 -26.125036817835948 0
      vertex -51.712842377115884 -26.181178695022382 3
    endloop
  endfacet
  facet normal -0.32143946530317574 0.9469301294951009 0
    outer loop
      vertex -51.158096448796805 -26.032534971524825 3
      vertex -51.158096448796805 -26.032534971524825 0
      vertex -51.43059810077445 -26.125036817835948 3
    endloop
  endfacet
  facet normal -0.44228869021896955 0.896872741532704 0
    outer loop
      vertex -50.9 -25.90525588832577 3
      vertex -50.9 -25.90525588832577 0
      vertex -51.158096448796805 -26.032534971524825 3
    endloop
  endfacet
  facet normal -0.5555702330196156 0.8314696123025362 0
    outer loop
      vertex -50.66072485618081 -25.745377348640716 3
      vertex -50.66072485618081 -25.745377348640716 0
      vertex -50.9 -25.90525588832577 3
    endloop
  endfacet
  facet normal -0.6593458151000652 0.7518398074789806 0
    outer loop
      vertex -50.4443650813896 -25.55563491861041 3
      vertex -50.4443650813896 -25.55563491861041 0
      vertex -50.66072485618081 -25.745377348640716 3
    endloop
  endfacet
  facet normal -0.7518398074789899 0.6593458151000546 1.0183367759263666e-18
    outer loop
      vertex -50.4443650813896 -25.55563491861041 3
      vertex -50.254622651359284 -25.33927514381918 3
      vertex -50.254622651359284 -25.33927514381918 0
    endloop
  endfacet
  facet normal -0.8314696123025477 0.5555702330195986 8.690543373133102e-19
    outer loop
      vertex -50.254622651359284 -25.33927514381918 3
      vertex -50.09474411167424 -25.099999999999994 3
      vertex -50.09474411167424 -25.099999999999994 0
    endloop
  endfacet
  facet normal -0.8968727415326747 0.44228869021902883 -1.1846362912450823e-18
    outer loop
      vertex -50.09474411167424 -25.099999999999994 3
      vertex -49.96746502847517 -24.841903551203202 3
      vertex -49.96746502847517 -24.841903551203202 0
    endloop
  endfacet
  facet normal -0.9469301294951135 0.32143946530313855 -5.022622101419129e-19
    outer loop
      vertex -49.96746502847517 -24.841903551203202 3
      vertex -49.87496318216405 -24.56940189922554 3
      vertex -49.87496318216405 -24.56940189922554 0
    endloop
  endfacet
  facet normal -0.9807852804032294 0.19509032201613385 -2.8501913729185843e-19
    outer loop
      vertex -49.87496318216405 -24.56940189922554 3
      vertex -49.81882130497762 -24.28715762288411 3
      vertex -49.81882130497762 -24.28715762288411 0
    endloop
  endfacet
  facet normal -0.9978589232386025 0.06540312923015722 3.6307470096564094e-20
    outer loop
      vertex -49.81882130497762 -24.28715762288411 3
      vertex -49.8 -24 3
      vertex -49.8 -24 0
    endloop
  endfacet
  facet normal -0.9978589232386025 -0.06540312923015722 -3.6307470096564094e-20
    outer loop
      vertex -49.8 -24 3
      vertex -49.81882130497762 -23.71284237711589 3
      vertex -49.81882130497762 -23.71284237711589 0
    endloop
  endfacet
  facet normal -0.9807852804032294 -0.19509032201613385 2.8501913729185843e-19
    outer loop
      vertex -49.81882130497762 -23.71284237711589 3
      vertex -49.87496318216405 -23.43059810077446 3
      vertex -49.87496318216405 -23.43059810077446 0
    endloop
  endfacet
  facet normal 0.8968727415326747 -0.44228869021902883 -1.1846362912450823e-18
    outer loop
      vertex -53.90525588832576 -22.900000000000006 3
      vertex -54.03253497152483 -23.158096448796798 3
      vertex -54.03253497152483 -23.158096448796798 0
    endloop
  endfacet
  facet normal 0.8314696123025477 -0.5555702330195986 8.690543373133102e-19
    outer loop
      vertex -53.745377348640716 -22.66072485618082 3
      vertex -53.90525588832576 -22.900000000000006 3
      vertex -53.90525588832576 -22.900000000000006 0
    endloop
  endfacet
  facet normal 0.7518398074789899 -0.6593458151000546 1.0183367759263666e-18
    outer loop
      vertex -53.5556349186104 -22.44436508138959 3
      vertex -53.745377348640716 -22.66072485618082 3
      vertex -53.745377348640716 -22.66072485618082 0
    endloop
  endfacet
  facet normal 0.6593458151000652 -0.7518398074789806 0
    outer loop
      vertex -53.5556349186104 -22.44436508138959 3
      vertex -53.5556349186104 -22.44436508138959 0
      vertex -53.33927514381919 -22.254622651359284 3
    endloop
  endfacet
  facet normal 0.5555702330196156 -0.8314696123025362 0
    outer loop
      vertex -53.33927514381919 -22.254622651359284 3
      vertex -53.33927514381919 -22.254622651359284 0
      vertex -53.1 -22.09474411167423 3
    endloop
  endfacet
  facet normal 0.44228869021896955 -0.896872741532704 0
    outer loop
      vertex -53.1 -22.09474411167423 3
      vertex -53.1 -22.09474411167423 0
      vertex -52.841903551203195 -21.967465028475175 3
    endloop
  endfacet
  facet normal 0.32143946530317574 -0.9469301294951009 0
    outer loop
      vertex -52.841903551203195 -21.967465028475175 3
      vertex -52.841903551203195 -21.967465028475175 0
      vertex -52.56940189922555 -21.874963182164052 3
    endloop
  endfacet
  facet normal 0.19509032201613385 -0.9807852804032294 0
    outer loop
      vertex -52.56940189922555 -21.874963182164052 3
      vertex -52.56940189922555 -21.874963182164052 0
      vertex -52.287157622884116 -21.818821304977618 3
    endloop
  endfacet
  facet normal 0.06540312923015562 -0.9978589232386027 0
    outer loop
      vertex -52.287157622884116 -21.818821304977618 3
      vertex -52.287157622884116 -21.818821304977618 0
      vertex -52 -21.799999999999997 3
    endloop
  endfacet
  facet normal -0.06540312923015562 -0.9978589232386027 0
    outer loop
      vertex -52 -21.799999999999997 3
      vertex -52 -21.799999999999997 0
      vertex -51.712842377115884 -21.818821304977618 3
    endloop
  endfacet
  facet normal -0.8968727415326747 -0.44228869021902883 1.1846362912450823e-18
    outer loop
      vertex -49.96746502847517 -23.158096448796798 3
      vertex -50.09474411167424 -22.900000000000006 3
      vertex -50.09474411167424 -22.900000000000006 0
    endloop
  endfacet
  facet normal -0.6593458151000652 -0.7518398074789806 0
    outer loop
      vertex -50.66072485618081 -22.254622651359284 3
      vertex -50.66072485618081 -22.254622651359284 0
      vertex -50.4443650813896 -22.44436508138959 3
    endloop
  endfacet
  facet normal -0.8314696123025477 -0.5555702330195986 -8.690543373133102e-19
    outer loop
      vertex -50.09474411167424 -22.900000000000006 3
      vertex -50.254622651359284 -22.66072485618082 3
      vertex -50.254622651359284 -22.66072485618082 0
    endloop
  endfacet
  facet normal -0.7518398074789899 -0.6593458151000546 -1.0183367759263666e-18
    outer loop
      vertex -50.254622651359284 -22.66072485618082 3
      vertex -50.4443650813896 -22.44436508138959 3
      vertex -50.4443650813896 -22.44436508138959 0
    endloop
  endfacet
  facet normal -0.19509032201613385 -0.9807852804032294 0
    outer loop
      vertex -51.712842377115884 -21.818821304977618 3
      vertex -51.712842377115884 -21.818821304977618 0
      vertex -51.43059810077445 -21.874963182164052 3
    endloop
  endfacet
  facet normal -0.32143946530317574 -0.9469301294951009 0
    outer loop
      vertex -51.43059810077445 -21.874963182164052 3
      vertex -51.43059810077445 -21.874963182164052 0
      vertex -51.158096448796805 -21.967465028475175 3
    endloop
  endfacet
  facet normal -0.5555702330196156 -0.8314696123025362 0
    outer loop
      vertex -50.9 -22.09474411167423 3
      vertex -50.9 -22.09474411167423 0
      vertex -50.66072485618081 -22.254622651359284 3
    endloop
  endfacet
  facet normal -0.44228869021896955 -0.896872741532704 0
    outer loop
      vertex -51.158096448796805 -21.967465028475175 3
      vertex -51.158096448796805 -21.967465028475175 0
      vertex -50.9 -22.09474411167423 3
    endloop
  endfacet
  facet normal -0.9469301294951135 -0.32143946530313855 5.022622101419129e-19
    outer loop
      vertex -49.87496318216405 -23.43059810077446 3
      vertex -49.96746502847517 -23.158096448796798 3
      vertex -49.96746502847517 -23.158096448796798 0
    endloop
  endfacet
  facet normal 0.5555702330196156 0.8314696123025362 0
    outer loop
      vertex 41.66072485618081 22.254622651359284 0
      vertex 41.66072485618081 22.254622651359284 3
      vertex 41.9 22.09474411167423 0
    endloop
  endfacet
  facet normal 0.8314696123025477 0.5555702330195986 -8.690543373133102e-19
    outer loop
      vertex 41.254622651359284 22.66072485618082 0
      vertex 41.09474411167424 22.900000000000006 0
      vertex 41.09474411167424 22.900000000000006 3
    endloop
  endfacet
  facet normal 0.8968727415326844 0.44228869021900924 3.856583894170745e-18
    outer loop
      vertex 41.09474411167424 22.900000000000006 0
      vertex 40.96746502847517 23.15809644879681 0
      vertex 40.96746502847517 23.15809644879681 3
    endloop
  endfacet
  facet normal 0.659345815100093 0.7518398074789562 -6.961373469301259e-19
    outer loop
      vertex 41.66072485618081 22.254622651359284 0
      vertex 41.4443650813896 22.444365081389606 0
      vertex 41.4443650813896 22.444365081389606 3
    endloop
  endfacet
  facet normal 0.7518398074789684 0.6593458151000791 3.743820402835499e-18
    outer loop
      vertex 41.4443650813896 22.444365081389606 0
      vertex 41.254622651359284 22.66072485618082 0
      vertex 41.254622651359284 22.66072485618082 3
    endloop
  endfacet
  facet normal 0.32143946530322004 0.9469301294950859 0
    outer loop
      vertex 42.158096448796805 21.967465028475175 0
      vertex 42.158096448796805 21.967465028475175 3
      vertex 42.43059810077445 21.874963182164038 0
    endloop
  endfacet
  facet normal 0.44228869021896955 0.896872741532704 0
    outer loop
      vertex 41.9 22.09474411167423 0
      vertex 41.9 22.09474411167423 3
      vertex 42.158096448796805 21.967465028475175 0
    endloop
  endfacet
  facet normal 0.19509032201613385 0.9807852804032294 0
    outer loop
      vertex 42.43059810077445 21.874963182164038 0
      vertex 42.43059810077445 21.874963182164038 3
      vertex 42.712842377115884 21.818821304977604 0
    endloop
  endfacet
  facet normal 0.06540312923005728 0.9978589232386093 0
    outer loop
      vertex 42.712842377115884 21.818821304977604 0
      vertex 42.712842377115884 21.818821304977604 3
      vertex 43 21.80000000000001 0
    endloop
  endfacet
  facet normal -0.06540312923005728 0.9978589232386093 0
    outer loop
      vertex 43 21.80000000000001 0
      vertex 43 21.80000000000001 3
      vertex 43.287157622884116 21.818821304977604 0
    endloop
  endfacet
  facet normal -0.19509032201613385 0.9807852804032294 0
    outer loop
      vertex 43.287157622884116 21.818821304977604 0
      vertex 43.287157622884116 21.818821304977604 3
      vertex 43.56940189922555 21.874963182164038 0
    endloop
  endfacet
  facet normal -0.32143946530322004 0.9469301294950859 0
    outer loop
      vertex 43.56940189922555 21.874963182164038 0
      vertex 43.56940189922555 21.874963182164038 3
      vertex 43.841903551203195 21.967465028475175 0
    endloop
  endfacet
  facet normal -0.44228869021896955 0.896872741532704 0
    outer loop
      vertex 43.841903551203195 21.967465028475175 0
      vertex 43.841903551203195 21.967465028475175 3
      vertex 44.1 22.09474411167423 0
    endloop
  endfacet
  facet normal -0.5555702330196156 0.8314696123025362 0
    outer loop
      vertex 44.1 22.09474411167423 0
      vertex 44.1 22.09474411167423 3
      vertex 44.33927514381919 22.254622651359284 0
    endloop
  endfacet
  facet normal -0.659345815100093 0.7518398074789562 0
    outer loop
      vertex 44.33927514381919 22.254622651359284 0
      vertex 44.33927514381919 22.254622651359284 3
      vertex 44.5556349186104 22.444365081389606 0
    endloop
  endfacet
  facet normal -0.7518398074789684 0.6593458151000791 0
    outer loop
      vertex 44.5556349186104 22.444365081389606 0
      vertex 44.5556349186104 22.444365081389606 3
      vertex 44.745377348640716 22.66072485618082 0
    endloop
  endfacet
  facet normal -0.8314696123025477 0.5555702330195986 8.690543373133102e-19
    outer loop
      vertex 44.90525588832576 22.900000000000006 0
      vertex 44.745377348640716 22.66072485618082 0
      vertex 44.745377348640716 22.66072485618082 3
    endloop
  endfacet
  facet normal -0.8968727415326844 0.44228869021900924 -3.856583894170745e-18
    outer loop
      vertex 45.03253497152483 23.15809644879681 0
      vertex 44.90525588832576 22.900000000000006 0
      vertex 44.90525588832576 22.900000000000006 3
    endloop
  endfacet
  facet normal -0.9469301294951085 0.3214394653031536 -5.040729520947054e-20
    outer loop
      vertex 45.12503681783595 23.43059810077446 0
      vertex 45.03253497152483 23.15809644879681 0
      vertex 45.03253497152483 23.15809644879681 3
    endloop
  endfacet
  facet normal 0.9469301294951085 0.3214394653031536 5.040729520947054e-20
    outer loop
      vertex 40.96746502847517 23.15809644879681 0
      vertex 40.87496318216405 23.43059810077446 0
      vertex 40.87496318216405 23.43059810077446 3
    endloop
  endfacet
  facet normal 0.9807852804032294 0.19509032201613385 2.8501913729185843e-19
    outer loop
      vertex 40.87496318216405 23.43059810077446 0
      vertex 40.81882130497762 23.71284237711589 0
      vertex 40.81882130497762 23.71284237711589 3
    endloop
  endfacet
  facet normal 0.9978589232386025 0.06540312923015722 -3.6307470096564094e-20
    outer loop
      vertex 40.81882130497762 23.71284237711589 0
      vertex 40.8 24 0
      vertex 40.8 24 3
    endloop
  endfacet
  facet normal 0.9978589232386025 -0.06540312923015722 3.6307470096564094e-20
    outer loop
      vertex 40.8 24 0
      vertex 40.81882130497762 24.28715762288411 0
      vertex 40.81882130497762 24.28715762288411 3
    endloop
  endfacet
  facet normal 0.9807852804032294 -0.19509032201613385 -2.8501913729185843e-19
    outer loop
      vertex 40.81882130497762 24.28715762288411 0
      vertex 40.87496318216405 24.56940189922554 0
      vertex 40.87496318216405 24.56940189922554 3
    endloop
  endfacet
  facet normal 0.9469301294951085 -0.3214394653031536 -5.040729520947054e-20
    outer loop
      vertex 40.87496318216405 24.56940189922554 0
      vertex 40.96746502847517 24.84190355120319 0
      vertex 40.96746502847517 24.84190355120319 3
    endloop
  endfacet
  facet normal 0.8968727415326844 -0.44228869021900924 -3.856583894170745e-18
    outer loop
      vertex 40.96746502847517 24.84190355120319 0
      vertex 41.09474411167424 25.099999999999994 0
      vertex 41.09474411167424 25.099999999999994 3
    endloop
  endfacet
  facet normal 0.8314696123025477 -0.5555702330195986 8.690543373133102e-19
    outer loop
      vertex 41.09474411167424 25.099999999999994 0
      vertex 41.254622651359284 25.33927514381918 0
      vertex 41.254622651359284 25.33927514381918 3
    endloop
  endfacet
  facet normal 0.7518398074789684 -0.6593458151000791 -3.743820402835499e-18
    outer loop
      vertex 41.254622651359284 25.33927514381918 0
      vertex 41.4443650813896 25.555634918610394 0
      vertex 41.4443650813896 25.555634918610394 3
    endloop
  endfacet
  facet normal 0.659345815100093 -0.7518398074789562 0
    outer loop
      vertex 41.66072485618081 25.745377348640716 0
      vertex 41.66072485618081 25.745377348640716 3
      vertex 41.4443650813896 25.555634918610394 0
    endloop
  endfacet
  facet normal 0.5555702330196156 -0.8314696123025362 0
    outer loop
      vertex 41.9 25.90525588832577 0
      vertex 41.9 25.90525588832577 3
      vertex 41.66072485618081 25.745377348640716 0
    endloop
  endfacet
  facet normal 0.44228869021896955 -0.896872741532704 0
    outer loop
      vertex 42.158096448796805 26.032534971524825 0
      vertex 42.158096448796805 26.032534971524825 3
      vertex 41.9 25.90525588832577 0
    endloop
  endfacet
  facet normal 0.32143946530322004 -0.9469301294950859 0
    outer loop
      vertex 42.43059810077445 26.125036817835962 0
      vertex 42.43059810077445 26.125036817835962 3
      vertex 42.158096448796805 26.032534971524825 0
    endloop
  endfacet
  facet normal -0.19509032201613385 -0.9807852804032294 0
    outer loop
      vertex 43.56940189922555 26.125036817835962 0
      vertex 43.56940189922555 26.125036817835962 3
      vertex 43.287157622884116 26.181178695022396 0
    endloop
  endfacet
  facet normal 0.19509032201613385 -0.9807852804032294 0
    outer loop
      vertex 42.712842377115884 26.181178695022396 0
      vertex 42.712842377115884 26.181178695022396 3
      vertex 42.43059810077445 26.125036817835962 0
    endloop
  endfacet
  facet normal 0.06540312923005728 -0.9978589232386093 0
    outer loop
      vertex 43 26.19999999999999 0
      vertex 43 26.19999999999999 3
      vertex 42.712842377115884 26.181178695022396 0
    endloop
  endfacet
  facet normal -0.06540312923005728 -0.9978589232386093 0
    outer loop
      vertex 43.287157622884116 26.181178695022396 0
      vertex 43.287157622884116 26.181178695022396 3
      vertex 43 26.19999999999999 0
    endloop
  endfacet
  facet normal -0.9807852804032294 0.19509032201613385 -2.8501913729185843e-19
    outer loop
      vertex 45.18117869502238 23.71284237711589 0
      vertex 45.12503681783595 23.43059810077446 0
      vertex 45.12503681783595 23.43059810077446 3
    endloop
  endfacet
  facet normal -0.9978589232386025 0.06540312923015722 3.6307470096564094e-20
    outer loop
      vertex 45.2 24 0
      vertex 45.18117869502238 23.71284237711589 0
      vertex 45.18117869502238 23.71284237711589 3
    endloop
  endfacet
  facet normal -0.9978589232386025 -0.06540312923015722 -3.6307470096564094e-20
    outer loop
      vertex 45.18117869502238 24.28715762288411 0
      vertex 45.2 24 0
      vertex 45.2 24 3
    endloop
  endfacet
  facet normal -0.9807852804032294 -0.19509032201613385 2.8501913729185843e-19
    outer loop
      vertex 45.12503681783595 24.56940189922554 0
      vertex 45.18117869502238 24.28715762288411 0
      vertex 45.18117869502238 24.28715762288411 3
    endloop
  endfacet
  facet normal -0.9469301294951085 -0.3214394653031536 5.040729520947054e-20
    outer loop
      vertex 45.03253497152483 24.84190355120319 0
      vertex 45.12503681783595 24.56940189922554 0
      vertex 45.12503681783595 24.56940189922554 3
    endloop
  endfacet
  facet normal -0.8314696123025477 -0.5555702330195986 -8.690543373133102e-19
    outer loop
      vertex 44.745377348640716 25.33927514381918 0
      vertex 44.90525588832576 25.099999999999994 0
      vertex 44.90525588832576 25.099999999999994 3
    endloop
  endfacet
  facet normal -0.8968727415326844 -0.44228869021900924 3.856583894170745e-18
    outer loop
      vertex 44.90525588832576 25.099999999999994 0
      vertex 45.03253497152483 24.84190355120319 0
      vertex 45.03253497152483 24.84190355120319 3
    endloop
  endfacet
  facet normal -0.659345815100093 -0.7518398074789562 0
    outer loop
      vertex 44.5556349186104 25.555634918610394 0
      vertex 44.5556349186104 25.555634918610394 3
      vertex 44.33927514381919 25.745377348640716 0
    endloop
  endfacet
  facet normal -0.32143946530322004 -0.9469301294950859 0
    outer loop
      vertex 43.841903551203195 26.032534971524825 0
      vertex 43.841903551203195 26.032534971524825 3
      vertex 43.56940189922555 26.125036817835962 0
    endloop
  endfacet
  facet normal -0.44228869021896955 -0.896872741532704 0
    outer loop
      vertex 44.1 25.90525588832577 0
      vertex 44.1 25.90525588832577 3
      vertex 43.841903551203195 26.032534971524825 0
    endloop
  endfacet
  facet normal -0.5555702330196156 -0.8314696123025362 0
    outer loop
      vertex 44.33927514381919 25.745377348640716 0
      vertex 44.33927514381919 25.745377348640716 3
      vertex 44.1 25.90525588832577 0
    endloop
  endfacet
  facet normal -0.7518398074789684 -0.6593458151000791 3.743820402835499e-18
    outer loop
      vertex 44.5556349186104 25.555634918610394 0
      vertex 44.745377348640716 25.33927514381918 0
      vertex 44.745377348640716 25.33927514381918 3
    endloop
  endfacet
  facet normal 0.5555702330196156 0.8314696123025362 0
    outer loop
      vertex 41.9 22.09474411167423 0
      vertex 41.66072485618081 22.254622651359284 3
      vertex 41.9 22.09474411167423 3
    endloop
  endfacet
  facet normal 0.8968727415326844 0.44228869021900924 0
    outer loop
      vertex 41.09474411167424 22.900000000000006 0
      vertex 40.96746502847517 23.15809644879681 3
      vertex 41.09474411167424 22.900000000000006 3
    endloop
  endfacet
  facet normal 0.9469301294951085 0.3214394653031536 0
    outer loop
      vertex 40.96746502847517 23.15809644879681 0
      vertex 40.87496318216405 23.43059810077446 3
      vertex 40.96746502847517 23.15809644879681 3
    endloop
  endfacet
  facet normal 0.7518398074789684 0.6593458151000791 0
    outer loop
      vertex 41.4443650813896 22.444365081389606 0
      vertex 41.254622651359284 22.66072485618082 3
      vertex 41.4443650813896 22.444365081389606 3
    endloop
  endfacet
  facet normal 0.8314696123025477 0.5555702330195986 0
    outer loop
      vertex 41.254622651359284 22.66072485618082 0
      vertex 41.09474411167424 22.900000000000006 3
      vertex 41.254622651359284 22.66072485618082 3
    endloop
  endfacet
  facet normal 0.659345815100093 0.7518398074789562 0
    outer loop
      vertex 41.66072485618081 22.254622651359284 0
      vertex 41.4443650813896 22.444365081389606 3
      vertex 41.66072485618081 22.254622651359284 3
    endloop
  endfacet
  facet normal 0.44228869021896955 0.896872741532704 0
    outer loop
      vertex 42.158096448796805 21.967465028475175 0
      vertex 41.9 22.09474411167423 3
      vertex 42.158096448796805 21.967465028475175 3
    endloop
  endfacet
  facet normal 0.32143946530322004 0.9469301294950859 0
    outer loop
      vertex 42.43059810077445 21.874963182164038 0
      vertex 42.158096448796805 21.967465028475175 3
      vertex 42.43059810077445 21.874963182164038 3
    endloop
  endfacet
  facet normal 0.19509032201613385 0.9807852804032294 0
    outer loop
      vertex 42.712842377115884 21.818821304977604 0
      vertex 42.43059810077445 21.874963182164038 3
      vertex 42.712842377115884 21.818821304977604 3
    endloop
  endfacet
  facet normal 0.06540312923005728 0.9978589232386093 0
    outer loop
      vertex 43 21.80000000000001 0
      vertex 42.712842377115884 21.818821304977604 3
      vertex 43 21.80000000000001 3
    endloop
  endfacet
  facet normal -0.06540312923005728 0.9978589232386093 0
    outer loop
      vertex 43.287157622884116 21.818821304977604 0
      vertex 43 21.80000000000001 3
      vertex 43.287157622884116 21.818821304977604 3
    endloop
  endfacet
  facet normal -0.19509032201613385 0.9807852804032294 0
    outer loop
      vertex 43.56940189922555 21.874963182164038 0
      vertex 43.287157622884116 21.818821304977604 3
      vertex 43.56940189922555 21.874963182164038 3
    endloop
  endfacet
  facet normal -0.32143946530322004 0.9469301294950859 0
    outer loop
      vertex 43.841903551203195 21.967465028475175 0
      vertex 43.56940189922555 21.874963182164038 3
      vertex 43.841903551203195 21.967465028475175 3
    endloop
  endfacet
  facet normal -0.44228869021896955 0.896872741532704 0
    outer loop
      vertex 44.1 22.09474411167423 0
      vertex 43.841903551203195 21.967465028475175 3
      vertex 44.1 22.09474411167423 3
    endloop
  endfacet
  facet normal -0.5555702330196156 0.8314696123025362 0
    outer loop
      vertex 44.33927514381919 22.254622651359284 0
      vertex 44.1 22.09474411167423 3
      vertex 44.33927514381919 22.254622651359284 3
    endloop
  endfacet
  facet normal -0.659345815100093 0.7518398074789562 0
    outer loop
      vertex 44.5556349186104 22.444365081389606 0
      vertex 44.33927514381919 22.254622651359284 3
      vertex 44.5556349186104 22.444365081389606 3
    endloop
  endfacet
  facet normal -0.7518398074789684 0.6593458151000791 0
    outer loop
      vertex 44.745377348640716 22.66072485618082 0
      vertex 44.5556349186104 22.444365081389606 3
      vertex 44.745377348640716 22.66072485618082 3
    endloop
  endfacet
  facet normal -0.8314696123025477 0.5555702330195986 0
    outer loop
      vertex 44.90525588832576 22.900000000000006 0
      vertex 44.745377348640716 22.66072485618082 3
      vertex 44.90525588832576 22.900000000000006 3
    endloop
  endfacet
  facet normal -0.8968727415326844 0.44228869021900924 0
    outer loop
      vertex 45.03253497152483 23.15809644879681 0
      vertex 44.90525588832576 22.900000000000006 3
      vertex 45.03253497152483 23.15809644879681 3
    endloop
  endfacet
  facet normal 0.9807852804032294 0.19509032201613385 0
    outer loop
      vertex 40.87496318216405 23.43059810077446 0
      vertex 40.81882130497762 23.71284237711589 3
      vertex 40.87496318216405 23.43059810077446 3
    endloop
  endfacet
  facet normal 0.9978589232386025 0.06540312923015722 0
    outer loop
      vertex 40.81882130497762 23.71284237711589 0
      vertex 40.8 24 3
      vertex 40.81882130497762 23.71284237711589 3
    endloop
  endfacet
  facet normal 0.9978589232386025 -0.06540312923015722 0
    outer loop
      vertex 40.8 24 0
      vertex 40.81882130497762 24.28715762288411 3
      vertex 40.8 24 3
    endloop
  endfacet
  facet normal 0.9807852804032294 -0.19509032201613385 0
    outer loop
      vertex 40.81882130497762 24.28715762288411 0
      vertex 40.87496318216405 24.56940189922554 3
      vertex 40.81882130497762 24.28715762288411 3
    endloop
  endfacet
  facet normal 0.9469301294951085 -0.3214394653031536 0
    outer loop
      vertex 40.87496318216405 24.56940189922554 0
      vertex 40.96746502847517 24.84190355120319 3
      vertex 40.87496318216405 24.56940189922554 3
    endloop
  endfacet
  facet normal 0.8968727415326844 -0.44228869021900924 0
    outer loop
      vertex 40.96746502847517 24.84190355120319 0
      vertex 41.09474411167424 25.099999999999994 3
      vertex 40.96746502847517 24.84190355120319 3
    endloop
  endfacet
  facet normal 0.8314696123025477 -0.5555702330195986 0
    outer loop
      vertex 41.09474411167424 25.099999999999994 0
      vertex 41.254622651359284 25.33927514381918 3
      vertex 41.09474411167424 25.099999999999994 3
    endloop
  endfacet
  facet normal 0.7518398074789684 -0.6593458151000791 0
    outer loop
      vertex 41.254622651359284 25.33927514381918 0
      vertex 41.4443650813896 25.555634918610394 3
      vertex 41.254622651359284 25.33927514381918 3
    endloop
  endfacet
  facet normal 0.659345815100093 -0.7518398074789562 0
    outer loop
      vertex 41.4443650813896 25.555634918610394 0
      vertex 41.66072485618081 25.745377348640716 3
      vertex 41.4443650813896 25.555634918610394 3
    endloop
  endfacet
  facet normal 0.5555702330196156 -0.8314696123025362 0
    outer loop
      vertex 41.66072485618081 25.745377348640716 0
      vertex 41.9 25.90525588832577 3
      vertex 41.66072485618081 25.745377348640716 3
    endloop
  endfacet
  facet normal 0.44228869021896955 -0.896872741532704 0
    outer loop
      vertex 41.9 25.90525588832577 0
      vertex 42.158096448796805 26.032534971524825 3
      vertex 41.9 25.90525588832577 3
    endloop
  endfacet
  facet normal 0.32143946530322004 -0.9469301294950859 0
    outer loop
      vertex 42.158096448796805 26.032534971524825 0
      vertex 42.43059810077445 26.125036817835962 3
      vertex 42.158096448796805 26.032534971524825 3
    endloop
  endfacet
  facet normal 0.19509032201613385 -0.9807852804032294 0
    outer loop
      vertex 42.43059810077445 26.125036817835962 0
      vertex 42.712842377115884 26.181178695022396 3
      vertex 42.43059810077445 26.125036817835962 3
    endloop
  endfacet
  facet normal 0.06540312923005728 -0.9978589232386093 0
    outer loop
      vertex 42.712842377115884 26.181178695022396 0
      vertex 43 26.19999999999999 3
      vertex 42.712842377115884 26.181178695022396 3
    endloop
  endfacet
  facet normal -0.06540312923005728 -0.9978589232386093 0
    outer loop
      vertex 43 26.19999999999999 0
      vertex 43.287157622884116 26.181178695022396 3
      vertex 43 26.19999999999999 3
    endloop
  endfacet
  facet normal -0.19509032201613385 -0.9807852804032294 0
    outer loop
      vertex 43.287157622884116 26.181178695022396 0
      vertex 43.56940189922555 26.125036817835962 3
      vertex 43.287157622884116 26.181178695022396 3
    endloop
  endfacet
  facet normal -0.9469301294951085 0.3214394653031536 0
    outer loop
      vertex 45.12503681783595 23.43059810077446 0
      vertex 45.03253497152483 23.15809644879681 3
      vertex 45.12503681783595 23.43059810077446 3
    endloop
  endfacet
  facet normal -0.9807852804032294 0.19509032201613385 0
    outer loop
      vertex 45.18117869502238 23.71284237711589 0
      vertex 45.12503681783595 23.43059810077446 3
      vertex 45.18117869502238 23.71284237711589 3
    endloop
  endfacet
  facet normal -0.9978589232386025 0.06540312923015722 0
    outer loop
      vertex 45.2 24 0
      vertex 45.18117869502238 23.71284237711589 3
      vertex 45.2 24 3
    endloop
  endfacet
  facet normal -0.9978589232386025 -0.06540312923015722 0
    outer loop
      vertex 45.18117869502238 24.28715762288411 0
      vertex 45.2 24 3
      vertex 45.18117869502238 24.28715762288411 3
    endloop
  endfacet
  facet normal -0.9807852804032294 -0.19509032201613385 0
    outer loop
      vertex 45.12503681783595 24.56940189922554 0
      vertex 45.18117869502238 24.28715762288411 3
      vertex 45.12503681783595 24.56940189922554 3
    endloop
  endfacet
  facet normal -0.9469301294951085 -0.3214394653031536 0
    outer loop
      vertex 45.03253497152483 24.84190355120319 0
      vertex 45.12503681783595 24.56940189922554 3
      vertex 45.03253497152483 24.84190355120319 3
    endloop
  endfacet
  facet normal -0.8968727415326844 -0.44228869021900924 0
    outer loop
      vertex 44.90525588832576 25.099999999999994 0
      vertex 45.03253497152483 24.84190355120319 3
      vertex 44.90525588832576 25.099999999999994 3
    endloop
  endfacet
  facet normal -0.32143946530322004 -0.9469301294950859 0
    outer loop
      vertex 43.56940189922555 26.125036817835962 0
      vertex 43.841903551203195 26.032534971524825 3
      vertex 43.56940189922555 26.125036817835962 3
    endloop
  endfacet
  facet normal -0.44228869021896955 -0.896872741532704 0
    outer loop
      vertex 43.841903551203195 26.032534971524825 0
      vertex 44.1 25.90525588832577 3
      vertex 43.841903551203195 26.032534971524825 3
    endloop
  endfacet
  facet normal -0.5555702330196156 -0.8314696123025362 0
    outer loop
      vertex 44.1 25.90525588832577 0
      vertex 44.33927514381919 25.745377348640716 3
      vertex 44.1 25.90525588832577 3
    endloop
  endfacet
  facet normal -0.659345815100093 -0.7518398074789562 0
    outer loop
      vertex 44.33927514381919 25.745377348640716 0
      vertex 44.5556349186104 25.555634918610394 3
      vertex 44.33927514381919 25.745377348640716 3
    endloop
  endfacet
  facet normal -0.8314696123025477 -0.5555702330195986 0
    outer loop
      vertex 44.745377348640716 25.33927514381918 0
      vertex 44.90525588832576 25.099999999999994 3
      vertex 44.745377348640716 25.33927514381918 3
    endloop
  endfacet
  facet normal -0.7518398074789684 -0.6593458151000791 0
    outer loop
      vertex 44.5556349186104 25.555634918610394 0
      vertex 44.745377348640716 25.33927514381918 3
      vertex 44.5556349186104 25.555634918610394 3
    endloop
  endfacet
  facet normal 0 0 1
    outer loop
      vertex -40.01626748576241 -24.920951775601594 0.6
      vertex -40.01626748576241 -24.079048224398406 0.6
      vertex -40.062518408917974 -24.78470094961277 0.6
    endloop
  endfacet
  facet normal 0 0 1
    outer loop
      vertex -39.952627944162884 -25.049999999999997 0.6
      vertex -39.952627944162884 -23.950000000000003 0.6
      vertex -40.01626748576241 -24.920951775601594 0.6
    endloop
  endfacet
  facet normal 0 0 1
    outer loop
      vertex -40.062518408917974 -24.78470094961277 0.6
      vertex -40.062518408917974 -24.21529905038723 0.6
      vertex -40.09058934751119 -24.643578811442055 0.6
    endloop
  endfacet
  facet normal 0 0 1
    outer loop
      vertex -40.09058934751119 -24.643578811442055 0.6
      vertex -40.09058934751119 -24.356421188557945 0.6
      vertex -40.1 -24.5 0.6
    endloop
  endfacet
  facet normal 0 0 1
    outer loop
      vertex -40.09058934751119 -24.643578811442055 0.6
      vertex -40.062518408917974 -24.21529905038723 0.6
      vertex -40.09058934751119 -24.356421188557945 0.6
    endloop
  endfacet
  facet normal 0 0 1
    outer loop
      vertex -40.062518408917974 -24.78470094961277 0.6
      vertex -40.01626748576241 -24.079048224398406 0.6
      vertex -40.062518408917974 -24.21529905038723 0.6
    endloop
  endfacet
  facet normal 0 0 1
    outer loop
      vertex -40.01626748576241 -24.920951775601594 0.6
      vertex -39.952627944162884 -23.950000000000003 0.6
      vertex -40.01626748576241 -24.079048224398406 0.6
    endloop
  endfacet
  facet normal 0 0 1
    outer loop
      vertex -39.777817459305204 -25.277817459305197 0.6
      vertex -39.777817459305204 -23.722182540694803 0.6
      vertex -39.87268867432036 -25.16963757190959 0.6
    endloop
  endfacet
  facet normal 0 0 1
    outer loop
      vertex -39.777817459305204 -25.277817459305197 0.6
      vertex -39.66963757190959 -25.372688674320358 0.6
      vertex -39.66963757190959 -23.627311325679642 0.6
    endloop
  endfacet
  facet normal 0 0 1
    outer loop
      vertex -39.55 -25.452627944162884 0.6
      vertex -39.55 -23.547372055837116 0.6
      vertex -39.66963757190959 -25.372688674320358 0.6
    endloop
  endfacet
  facet normal 0 0 1
    outer loop
      vertex -39.4209517756016 -25.516267485762413 0.6
      vertex -39.28470094961277 -25.56251840891798 0.6
      vertex -39.28470094961277 -23.43748159108202 0.6
    endloop
  endfacet
  facet normal 0 0 1
    outer loop
      vertex -39.55 -25.452627944162884 0.6
      vertex -39.4209517756016 -25.516267485762413 0.6
      vertex -39.4209517756016 -23.483732514237587 0.6
    endloop
  endfacet
  facet normal 0 0 1
    outer loop
      vertex -39.143578811442055 -25.590589347511198 0.6
      vertex -39.143578811442055 -23.409410652488802 0.6
      vertex -39.28470094961277 -25.56251840891798 0.6
    endloop
  endfacet
  facet normal 0 0 1
    outer loop
      vertex -39.952627944162884 -25.049999999999997 0.6
      vertex -39.87268867432036 -25.16963757190959 0.6
      vertex -39.87268867432036 -23.83036242809041 0.6
    endloop
  endfacet
  facet normal 0 0 1
    outer loop
      vertex -39.952627944162884 -25.049999999999997 0.6
      vertex -39.87268867432036 -23.83036242809041 0.6
      vertex -39.952627944162884 -23.950000000000003 0.6
    endloop
  endfacet
  facet normal 0 0 1
    outer loop
      vertex -39.87268867432036 -25.16963757190959 0.6
      vertex -39.777817459305204 -23.722182540694803 0.6
      vertex -39.87268867432036 -23.83036242809041 0.6
    endloop
  endfacet
  facet normal 0 0 1
    outer loop
      vertex -39.143578811442055 -25.590589347511198 0.6
      vertex -39 -25.599999999999994 0.6
      vertex -39 -23.400000000000006 0.6
    endloop
  endfacet
  facet normal 0 0 1
    outer loop
      vertex -39 -25.599999999999994 0.6
      vertex -38.856421188557945 -25.590589347511198 0.6
      vertex -38.856421188557945 -23.409410652488802 0.6
    endloop
  endfacet
  facet normal 0 0 1
    outer loop
      vertex -38.856421188557945 -25.590589347511198 0.6
      vertex -38.71529905038723 -25.56251840891798 0.6
      vertex -38.71529905038723 -23.43748159108202 0.6
    endloop
  endfacet
  facet normal 0 0 1
    outer loop
      vertex -38.71529905038723 -25.56251840891798 0.6
      vertex -38.5790482243984 -25.516267485762413 0.6
      vertex -38.5790482243984 -23.483732514237587 0.6
    endloop
  endfacet
  facet normal 0 0 1
    outer loop
      vertex -38.5790482243984 -25.516267485762413 0.6
      vertex -38.45 -25.452627944162884 0.6
      vertex -38.45 -23.547372055837116 0.6
    endloop
  endfacet
  facet normal 0 0 1
    outer loop
      vertex -38.45 -25.452627944162884 0.6
      vertex -38.33036242809041 -25.372688674320358 0.6
      vertex -38.33036242809041 -23.627311325679642 0.6
    endloop
  endfacet
  facet normal 0 0 1
    outer loop
      vertex -38.33036242809041 -25.372688674320358 0.6
      vertex -38.222182540694796 -23.722182540694803 0.6
      vertex -38.33036242809041 -23.627311325679642 0.6
    endloop
  endfacet
  facet normal 0 0 1
    outer loop
      vertex -39.777817459305204 -25.277817459305197 0.6
      vertex -39.66963757190959 -23.627311325679642 0.6
      vertex -39.777817459305204 -23.722182540694803 0.6
    endloop
  endfacet
  facet normal 0 0 1
    outer loop
      vertex -39.66963757190959 -25.372688674320358 0.6
      vertex -39.55 -23.547372055837116 0.6
      vertex -39.66963757190959 -23.627311325679642 0.6
    endloop
  endfacet
  facet normal 0 0 1
    outer loop
      vertex -39.55 -25.452627944162884 0.6
      vertex -39.4209517756016 -23.483732514237587 0.6
      vertex -39.55 -23.547372055837116 0.6
    endloop
  endfacet
  facet normal 0 0 1
    outer loop
      vertex -39.4209517756016 -25.516267485762413 0.6
      vertex -39.28470094961277 -23.43748159108202 0.6
      vertex -39.4209517756016 -23.483732514237587 0.6
    endloop
  endfacet
  facet normal 0 0 1
    outer loop
      vertex -39.28470094961277 -25.56251840891798 0.6
      vertex -39.143578811442055 -23.409410652488802 0.6
      vertex -39.28470094961277 -23.43748159108202 0.6
    endloop
  endfacet
  facet normal 0 0 1
    outer loop
      vertex -39.143578811442055 -25.590589347511198 0.6
      vertex -39 -23.400000000000006 0.6
      vertex -39.143578811442055 -23.409410652488802 0.6
    endloop
  endfacet
  facet normal 0 0 1
    outer loop
      vertex -39 -25.599999999999994 0.6
      vertex -38.856421188557945 -23.409410652488802 0.6
      vertex -39 -23.400000000000006 0.6
    endloop
  endfacet
  facet normal 0 0 1
    outer loop
      vertex -38.856421188557945 -25.590589347511198 0.6
      vertex -38.71529905038723 -23.43748159108202 0.6
      vertex -38.856421188557945 -23.409410652488802 0.6
    endloop
  endfacet
  facet normal 0 0 1
    outer loop
      vertex -38.71529905038723 -25.56251840891798 0.6
      vertex -38.5790482243984 -23.483732514237587 0.6
      vertex -38.71529905038723 -23.43748159108202 0.6
    endloop
  endfacet
  facet normal 0 0 1
    outer loop
      vertex -38.5790482243984 -25.516267485762413 0.6
      vertex -38.45 -23.547372055837116 0.6
      vertex -38.5790482243984 -23.483732514237587 0.6
    endloop
  endfacet
  facet normal 0 0 1
    outer loop
      vertex -38.45 -25.452627944162884 0.6
      vertex -38.33036242809041 -23.627311325679642 0.6
      vertex -38.45 -23.547372055837116 0.6
    endloop
  endfacet
  facet normal 0 0 1
    outer loop
      vertex -38.33036242809041 -25.372688674320358 0.6
      vertex -38.222182540694796 -25.277817459305197 0.6
      vertex -38.222182540694796 -23.722182540694803 0.6
    endloop
  endfacet
  facet normal 0 0 1
    outer loop
      vertex -38.222182540694796 -25.277817459305197 0.6
      vertex -38.12731132567964 -25.16963757190959 0.6
      vertex -38.12731132567964 -23.83036242809041 0.6
    endloop
  endfacet
  facet normal 0 0 1
    outer loop
      vertex -38.12731132567964 -25.16963757190959 0.6
      vertex -38.047372055837116 -25.049999999999997 0.6
      vertex -38.047372055837116 -23.950000000000003 0.6
    endloop
  endfacet
  facet normal 0 0 1
    outer loop
      vertex -38.047372055837116 -25.049999999999997 0.6
      vertex -37.98373251423759 -24.920951775601594 0.6
      vertex -37.98373251423759 -24.079048224398406 0.6
    endloop
  endfacet
  facet normal 0 0 1
    outer loop
      vertex -37.98373251423759 -24.920951775601594 0.6
      vertex -37.937481591082026 -24.78470094961277 0.6
      vertex -37.937481591082026 -24.21529905038723 0.6
    endloop
  endfacet
  facet normal 0 0 1
    outer loop
      vertex -37.937481591082026 -24.78470094961277 0.6
      vertex -37.90941065248881 -24.643578811442055 0.6
      vertex -37.90941065248881 -24.356421188557945 0.6
    endloop
  endfacet
  facet normal 0 0 1
    outer loop
      vertex -37.90941065248881 -24.643578811442055 0.6
      vertex -37.9 -24.5 0.6
      vertex -37.90941065248881 -24.356421188557945 0.6
    endloop
  endfacet
  facet normal 0 0 1
    outer loop
      vertex -38.222182540694796 -25.277817459305197 0.6
      vertex -38.12731132567964 -23.83036242809041 0.6
      vertex -38.222182540694796 -23.722182540694803 0.6
    endloop
  endfacet
  facet normal 0 0 1
    outer loop
      vertex -38.12731132567964 -25.16963757190959 0.6
      vertex -38.047372055837116 -23.950000000000003 0.6
      vertex -38.12731132567964 -23.83036242809041 0.6
    endloop
  endfacet
  facet normal 0 0 1
    outer loop
      vertex -37.98373251423759 -24.920951775601594 0.6
      vertex -37.937481591082026 -24.21529905038723 0.6
      vertex -37.98373251423759 -24.079048224398406 0.6
    endloop
  endfacet
  facet normal 0 0 1
    outer loop
      vertex -38.047372055837116 -25.049999999999997 0.6
      vertex -37.98373251423759 -24.079048224398406 0.6
      vertex -38.047372055837116 -23.950000000000003 0.6
    endloop
  endfacet
  facet normal 0 0 1
    outer loop
      vertex -37.937481591082026 -24.78470094961277 0.6
      vertex -37.90941065248881 -24.356421188557945 0.6
      vertex -37.937481591082026 -24.21529905038723 0.6
    endloop
  endfacet
  facet normal 0.896872741532704 0.4422886902189696 1.3698139279403963e-19
    outer loop
      vertex -39.952627944162884 -25.049999999999997 0.6
      vertex -40.01626748576241 -24.920951775601594 0.6
      vertex -40.01626748576241 -24.920951775601594 6
    endloop
  endfacet
  facet normal 0.9469301294951009 0.32143946530317574 -7.907963175043244e-20
    outer loop
      vertex -40.01626748576241 -24.920951775601594 0.6
      vertex -40.062518408917974 -24.78470094961277 0.6
      vertex -40.062518408917974 -24.78470094961277 6
    endloop
  endfacet
  facet normal 0.9807852804032293 0.19509032201613385 7.917198258107179e-20
    outer loop
      vertex -40.062518408917974 -24.78470094961277 0.6
      vertex -40.09058934751119 -24.643578811442055 0.6
      vertex -40.09058934751119 -24.643578811442055 6
    endloop
  endfacet
  facet normal 0.9978589232386026 0.06540312923015723 -1.0085408360156693e-20
    outer loop
      vertex -40.09058934751119 -24.643578811442055 0.6
      vertex -40.1 -24.5 0.6
      vertex -40.1 -24.5 6
    endloop
  endfacet
  facet normal 0.9978589232386026 -0.06540312923015723 1.0085408360156693e-20
    outer loop
      vertex -40.1 -24.5 0.6
      vertex -40.09058934751119 -24.356421188557945 0.6
      vertex -40.09058934751119 -24.356421188557945 6
    endloop
  endfacet
  facet normal 0.9807852804032293 -0.19509032201613385 -7.917198258107179e-20
    outer loop
      vertex -40.09058934751119 -24.356421188557945 0.6
      vertex -40.062518408917974 -24.21529905038723 0.6
      vertex -40.062518408917974 -24.21529905038723 6
    endloop
  endfacet
  facet normal 0.9469301294951009 -0.32143946530317574 7.907963175043244e-20
    outer loop
      vertex -40.062518408917974 -24.21529905038723 0.6
      vertex -40.01626748576241 -24.079048224398406 0.6
      vertex -40.01626748576241 -24.079048224398406 6
    endloop
  endfacet
  facet normal 0.896872741532704 -0.4422886902189696 -1.3698139279403963e-19
    outer loop
      vertex -40.01626748576241 -24.079048224398406 0.6
      vertex -39.952627944162884 -23.950000000000003 0.6
      vertex -39.952627944162884 -23.950000000000003 6
    endloop
  endfacet
  facet normal 0.6593458151000686 0.7518398074789776 0
    outer loop
      vertex -39.777817459305204 -25.277817459305197 0.6
      vertex -39.777817459305204 -25.277817459305197 6
      vertex -39.66963757190959 -25.372688674320358 0.6
    endloop
  endfacet
  facet normal 0.7518398074789806 0.6593458151000652 4.0649259187749105e-20
    outer loop
      vertex -39.777817459305204 -25.277817459305197 0.6
      vertex -39.87268867432036 -25.16963757190959 0.6
      vertex -39.87268867432036 -25.16963757190959 6
    endloop
  endfacet
  facet normal 0.5555702330196156 0.8314696123025362 -2.810269379007479e-19
    outer loop
      vertex -39.55 -25.452627944162884 0.6
      vertex -39.66963757190959 -25.372688674320358 0.6
      vertex -39.66963757190959 -25.372688674320358 6
    endloop
  endfacet
  facet normal 0.4422886902189892 0.8968727415326944 0
    outer loop
      vertex -39.55 -25.452627944162884 0.6
      vertex -39.55 -25.452627944162884 6
      vertex -39.4209517756016 -25.516267485762413 0.6
    endloop
  endfacet
  facet normal 0.321439465303205 0.9469301294950909 0
    outer loop
      vertex -39.4209517756016 -25.516267485762413 0.6
      vertex -39.4209517756016 -25.516267485762413 6
      vertex -39.28470094961277 -25.56251840891798 0.6
    endloop
  endfacet
  facet normal 0.19509032201613385 0.9807852804032293 7.917198258107179e-20
    outer loop
      vertex -39.143578811442055 -25.590589347511198 0.6
      vertex -39.28470094961277 -25.56251840891798 0.6
      vertex -39.28470094961277 -25.56251840891798 6
    endloop
  endfacet
  facet normal 0.06540312923005889 0.997858923238609 0
    outer loop
      vertex -39.143578811442055 -25.590589347511198 0.6
      vertex -39.143578811442055 -25.590589347511198 6
      vertex -39 -25.599999999999994 0.6
    endloop
  endfacet
  facet normal -0.06540312923005889 0.997858923238609 0
    outer loop
      vertex -39 -25.599999999999994 0.6
      vertex -39 -25.599999999999994 6
      vertex -38.856421188557945 -25.590589347511198 0.6
    endloop
  endfacet
  facet normal -0.19509032201613385 0.9807852804032293 0
    outer loop
      vertex -38.856421188557945 -25.590589347511198 0.6
      vertex -38.856421188557945 -25.590589347511198 6
      vertex -38.71529905038723 -25.56251840891798 0.6
    endloop
  endfacet
  facet normal -0.321439465303205 0.9469301294950909 0
    outer loop
      vertex -38.71529905038723 -25.56251840891798 0.6
      vertex -38.71529905038723 -25.56251840891798 6
      vertex -38.5790482243984 -25.516267485762413 0.6
    endloop
  endfacet
  facet normal -0.4422886902189892 0.8968727415326944 0
    outer loop
      vertex -38.5790482243984 -25.516267485762413 0.6
      vertex -38.5790482243984 -25.516267485762413 6
      vertex -38.45 -25.452627944162884 0.6
    endloop
  endfacet
  facet normal -0.5555702330196156 0.8314696123025362 0
    outer loop
      vertex -38.45 -25.452627944162884 0.6
      vertex -38.45 -25.452627944162884 6
      vertex -38.33036242809041 -25.372688674320358 0.6
    endloop
  endfacet
  facet normal -0.6593458151000686 0.7518398074789776 0
    outer loop
      vertex -38.33036242809041 -25.372688674320358 0.6
      vertex -38.33036242809041 -25.372688674320358 6
      vertex -38.222182540694796 -25.277817459305197 0.6
    endloop
  endfacet
  facet normal -0.7518398074789806 0.6593458151000652 0
    outer loop
      vertex -38.222182540694796 -25.277817459305197 0.6
      vertex -38.222182540694796 -25.277817459305197 6
      vertex -38.12731132567964 -25.16963757190959 0.6
    endloop
  endfacet
  facet normal 0.8314696123025362 0.5555702330196156 0
    outer loop
      vertex -39.952627944162884 -25.049999999999997 0.6
      vertex -39.952627944162884 -25.049999999999997 6
      vertex -39.87268867432036 -25.16963757190959 0.6
    endloop
  endfacet
  facet normal 0.8314696123025362 -0.5555702330196156 2.810269379007479e-19
    outer loop
      vertex -39.952627944162884 -23.950000000000003 0.6
      vertex -39.87268867432036 -23.83036242809041 0.6
      vertex -39.87268867432036 -23.83036242809041 6
    endloop
  endfacet
  facet normal 0.7518398074789806 -0.6593458151000652 -4.0649259187749105e-20
    outer loop
      vertex -39.87268867432036 -23.83036242809041 0.6
      vertex -39.777817459305204 -23.722182540694803 0.6
      vertex -39.777817459305204 -23.722182540694803 6
    endloop
  endfacet
  facet normal 0.6593458151000686 -0.7518398074789776 -7.164295260322507e-19
    outer loop
      vertex -39.777817459305204 -23.722182540694803 0.6
      vertex -39.66963757190959 -23.627311325679642 0.6
      vertex -39.66963757190959 -23.627311325679642 6
    endloop
  endfacet
  facet normal 0.5555702330196156 -0.8314696123025362 2.810269379007479e-19
    outer loop
      vertex -39.66963757190959 -23.627311325679642 0.6
      vertex -39.55 -23.547372055837116 0.6
      vertex -39.55 -23.547372055837116 6
    endloop
  endfacet
  facet normal 0.4422886902189892 -0.8968727415326944 6.052262747503466e-19
    outer loop
      vertex -39.55 -23.547372055837116 0.6
      vertex -39.4209517756016 -23.483732514237587 0.6
      vertex -39.4209517756016 -23.483732514237587 6
    endloop
  endfacet
  facet normal 0.321439465303205 -0.9469301294950909 1.3972769409499923e-19
    outer loop
      vertex -39.4209517756016 -23.483732514237587 0.6
      vertex -39.28470094961277 -23.43748159108202 0.6
      vertex -39.28470094961277 -23.43748159108202 6
    endloop
  endfacet
  facet normal 0.19509032201613385 -0.9807852804032293 -7.917198258107179e-20
    outer loop
      vertex -39.28470094961277 -23.43748159108202 0.6
      vertex -39.143578811442055 -23.409410652488802 0.6
      vertex -39.143578811442055 -23.409410652488802 6
    endloop
  endfacet
  facet normal 0.06540312923005889 -0.997858923238609 1.2702273025785126e-19
    outer loop
      vertex -39.143578811442055 -23.409410652488802 0.6
      vertex -39 -23.400000000000006 0.6
      vertex -39 -23.400000000000006 6
    endloop
  endfacet
  facet normal -0.06540312923005889 -0.997858923238609 -1.2702273025785126e-19
    outer loop
      vertex -39 -23.400000000000006 0.6
      vertex -38.856421188557945 -23.409410652488802 0.6
      vertex -38.856421188557945 -23.409410652488802 6
    endloop
  endfacet
  facet normal -0.19509032201613385 -0.9807852804032293 0
    outer loop
      vertex -38.71529905038723 -23.43748159108202 0.6
      vertex -38.71529905038723 -23.43748159108202 6
      vertex -38.856421188557945 -23.409410652488802 0.6
    endloop
  endfacet
  facet normal -0.4422886902189892 -0.8968727415326944 0
    outer loop
      vertex -38.45 -23.547372055837116 0.6
      vertex -38.45 -23.547372055837116 6
      vertex -38.5790482243984 -23.483732514237587 0.6
    endloop
  endfacet
  facet normal -0.5555702330196156 -0.8314696123025362 -2.810269379007479e-19
    outer loop
      vertex -38.45 -23.547372055837116 0.6
      vertex -38.33036242809041 -23.627311325679642 0.6
      vertex -38.33036242809041 -23.627311325679642 6
    endloop
  endfacet
  facet normal -0.321439465303205 -0.9469301294950909 -1.3972769409499923e-19
    outer loop
      vertex -38.71529905038723 -23.43748159108202 0.6
      vertex -38.5790482243984 -23.483732514237587 0.6
      vertex -38.5790482243984 -23.483732514237587 6
    endloop
  endfacet
  facet normal -0.8314696123025362 0.5555702330196156 0
    outer loop
      vertex -38.12731132567964 -25.16963757190959 0.6
      vertex -38.12731132567964 -25.16963757190959 6
      vertex -38.047372055837116 -25.049999999999997 0.6
    endloop
  endfacet
  facet normal -0.896872741532704 0.4422886902189696 0
    outer loop
      vertex -38.047372055837116 -25.049999999999997 0.6
      vertex -38.047372055837116 -25.049999999999997 6
      vertex -37.98373251423759 -24.920951775601594 0.6
    endloop
  endfacet
  facet normal -0.9469301294951009 0.32143946530317574 0
    outer loop
      vertex -37.98373251423759 -24.920951775601594 0.6
      vertex -37.98373251423759 -24.920951775601594 6
      vertex -37.937481591082026 -24.78470094961277 0.6
    endloop
  endfacet
  facet normal -0.9807852804032293 0.19509032201613385 0
    outer loop
      vertex -37.937481591082026 -24.78470094961277 0.6
      vertex -37.937481591082026 -24.78470094961277 6
      vertex -37.90941065248881 -24.643578811442055 0.6
    endloop
  endfacet
  facet normal -0.9978589232386026 0.06540312923015723 0
    outer loop
      vertex -37.90941065248881 -24.643578811442055 0.6
      vertex -37.90941065248881 -24.643578811442055 6
      vertex -37.9 -24.5 0.6
    endloop
  endfacet
  facet normal -0.9978589232386026 -0.06540312923015723 0
    outer loop
      vertex -37.9 -24.5 0.6
      vertex -37.9 -24.5 6
      vertex -37.90941065248881 -24.356421188557945 0.6
    endloop
  endfacet
  facet normal -0.9807852804032293 -0.19509032201613385 0
    outer loop
      vertex -37.90941065248881 -24.356421188557945 0.6
      vertex -37.90941065248881 -24.356421188557945 6
      vertex -37.937481591082026 -24.21529905038723 0.6
    endloop
  endfacet
  facet normal -0.9469301294951009 -0.32143946530317574 0
    outer loop
      vertex -37.937481591082026 -24.21529905038723 0.6
      vertex -37.937481591082026 -24.21529905038723 6
      vertex -37.98373251423759 -24.079048224398406 0.6
    endloop
  endfacet
  facet normal -0.896872741532704 -0.4422886902189696 0
    outer loop
      vertex -37.98373251423759 -24.079048224398406 0.6
      vertex -37.98373251423759 -24.079048224398406 6
      vertex -38.047372055837116 -23.950000000000003 0.6
    endloop
  endfacet
  facet normal -0.8314696123025362 -0.5555702330196156 0
    outer loop
      vertex -38.047372055837116 -23.950000000000003 0.6
      vertex -38.047372055837116 -23.950000000000003 6
      vertex -38.12731132567964 -23.83036242809041 0.6
    endloop
  endfacet
  facet normal -0.7518398074789806 -0.6593458151000652 0
    outer loop
      vertex -38.12731132567964 -23.83036242809041 0.6
      vertex -38.12731132567964 -23.83036242809041 6
      vertex -38.222182540694796 -23.722182540694803 0.6
    endloop
  endfacet
  facet normal -0.6593458151000686 -0.7518398074789776 7.164295260322507e-19
    outer loop
      vertex -38.33036242809041 -23.627311325679642 0.6
      vertex -38.222182540694796 -23.722182540694803 0.6
      vertex -38.222182540694796 -23.722182540694803 6
    endloop
  endfacet
  facet normal 0.896872741532704 0.4422886902189696 0
    outer loop
      vertex -39.952627944162884 -25.049999999999997 0.6
      vertex -40.01626748576241 -24.920951775601594 6
      vertex -39.952627944162884 -25.049999999999997 6
    endloop
  endfacet
  facet normal 0.9469301294951009 0.32143946530317574 0
    outer loop
      vertex -40.01626748576241 -24.920951775601594 0.6
      vertex -40.062518408917974 -24.78470094961277 6
      vertex -40.01626748576241 -24.920951775601594 6
    endloop
  endfacet
  facet normal 0.9807852804032293 0.19509032201613385 0
    outer loop
      vertex -40.062518408917974 -24.78470094961277 0.6
      vertex -40.09058934751119 -24.643578811442055 6
      vertex -40.062518408917974 -24.78470094961277 6
    endloop
  endfacet
  facet normal 0.9978589232386026 0.06540312923015723 0
    outer loop
      vertex -40.09058934751119 -24.643578811442055 0.6
      vertex -40.1 -24.5 6
      vertex -40.09058934751119 -24.643578811442055 6
    endloop
  endfacet
  facet normal 0.9978589232386026 -0.06540312923015723 0
    outer loop
      vertex -40.1 -24.5 0.6
      vertex -40.09058934751119 -24.356421188557945 6
      vertex -40.1 -24.5 6
    endloop
  endfacet
  facet normal 0.9807852804032293 -0.19509032201613385 0
    outer loop
      vertex -40.09058934751119 -24.356421188557945 0.6
      vertex -40.062518408917974 -24.21529905038723 6
      vertex -40.09058934751119 -24.356421188557945 6
    endloop
  endfacet
  facet normal 0.9469301294951009 -0.32143946530317574 0
    outer loop
      vertex -40.062518408917974 -24.21529905038723 0.6
      vertex -40.01626748576241 -24.079048224398406 6
      vertex -40.062518408917974 -24.21529905038723 6
    endloop
  endfacet
  facet normal 0.896872741532704 -0.4422886902189696 0
    outer loop
      vertex -40.01626748576241 -24.079048224398406 0.6
      vertex -39.952627944162884 -23.950000000000003 6
      vertex -40.01626748576241 -24.079048224398406 6
    endloop
  endfacet
  facet normal 0.7518398074789806 0.6593458151000652 0
    outer loop
      vertex -39.777817459305204 -25.277817459305197 0.6
      vertex -39.87268867432036 -25.16963757190959 6
      vertex -39.777817459305204 -25.277817459305197 6
    endloop
  endfacet
  facet normal 0.6593458151000686 0.7518398074789776 0
    outer loop
      vertex -39.66963757190959 -25.372688674320358 0.6
      vertex -39.777817459305204 -25.277817459305197 6
      vertex -39.66963757190959 -25.372688674320358 6
    endloop
  endfacet
  facet normal 0.5555702330196156 0.8314696123025362 0
    outer loop
      vertex -39.55 -25.452627944162884 0.6
      vertex -39.66963757190959 -25.372688674320358 6
      vertex -39.55 -25.452627944162884 6
    endloop
  endfacet
  facet normal 0.4422886902189892 0.8968727415326944 0
    outer loop
      vertex -39.4209517756016 -25.516267485762413 0.6
      vertex -39.55 -25.452627944162884 6
      vertex -39.4209517756016 -25.516267485762413 6
    endloop
  endfacet
  facet normal 0.321439465303205 0.9469301294950909 0
    outer loop
      vertex -39.28470094961277 -25.56251840891798 0.6
      vertex -39.4209517756016 -25.516267485762413 6
      vertex -39.28470094961277 -25.56251840891798 6
    endloop
  endfacet
  facet normal 0.19509032201613385 0.9807852804032293 0
    outer loop
      vertex -39.143578811442055 -25.590589347511198 0.6
      vertex -39.28470094961277 -25.56251840891798 6
      vertex -39.143578811442055 -25.590589347511198 6
    endloop
  endfacet
  facet normal 0.06540312923005889 0.997858923238609 0
    outer loop
      vertex -39 -25.599999999999994 0.6
      vertex -39.143578811442055 -25.590589347511198 6
      vertex -39 -25.599999999999994 6
    endloop
  endfacet
  facet normal -0.06540312923005889 0.997858923238609 0
    outer loop
      vertex -38.856421188557945 -25.590589347511198 0.6
      vertex -39 -25.599999999999994 6
      vertex -38.856421188557945 -25.590589347511198 6
    endloop
  endfacet
  facet normal -0.19509032201613385 0.9807852804032293 0
    outer loop
      vertex -38.71529905038723 -25.56251840891798 0.6
      vertex -38.856421188557945 -25.590589347511198 6
      vertex -38.71529905038723 -25.56251840891798 6
    endloop
  endfacet
  facet normal -0.321439465303205 0.9469301294950909 0
    outer loop
      vertex -38.5790482243984 -25.516267485762413 0.6
      vertex -38.71529905038723 -25.56251840891798 6
      vertex -38.5790482243984 -25.516267485762413 6
    endloop
  endfacet
  facet normal -0.4422886902189892 0.8968727415326944 0
    outer loop
      vertex -38.45 -25.452627944162884 0.6
      vertex -38.5790482243984 -25.516267485762413 6
      vertex -38.45 -25.452627944162884 6
    endloop
  endfacet
  facet normal -0.5555702330196156 0.8314696123025362 0
    outer loop
      vertex -38.33036242809041 -25.372688674320358 0.6
      vertex -38.45 -25.452627944162884 6
      vertex -38.33036242809041 -25.372688674320358 6
    endloop
  endfacet
  facet normal -0.6593458151000686 0.7518398074789776 0
    outer loop
      vertex -38.222182540694796 -25.277817459305197 0.6
      vertex -38.33036242809041 -25.372688674320358 6
      vertex -38.222182540694796 -25.277817459305197 6
    endloop
  endfacet
  facet normal -0.7518398074789806 0.6593458151000652 0
    outer loop
      vertex -38.12731132567964 -25.16963757190959 0.6
      vertex -38.222182540694796 -25.277817459305197 6
      vertex -38.12731132567964 -25.16963757190959 6
    endloop
  endfacet
  facet normal 0.8314696123025362 0.5555702330196156 0
    outer loop
      vertex -39.87268867432036 -25.16963757190959 0.6
      vertex -39.952627944162884 -25.049999999999997 6
      vertex -39.87268867432036 -25.16963757190959 6
    endloop
  endfacet
  facet normal 0.8314696123025362 -0.5555702330196156 0
    outer loop
      vertex -39.952627944162884 -23.950000000000003 0.6
      vertex -39.87268867432036 -23.83036242809041 6
      vertex -39.952627944162884 -23.950000000000003 6
    endloop
  endfacet
  facet normal 0.7518398074789806 -0.6593458151000652 0
    outer loop
      vertex -39.87268867432036 -23.83036242809041 0.6
      vertex -39.777817459305204 -23.722182540694803 6
      vertex -39.87268867432036 -23.83036242809041 6
    endloop
  endfacet
  facet normal 0.6593458151000686 -0.7518398074789776 0
    outer loop
      vertex -39.777817459305204 -23.722182540694803 0.6
      vertex -39.66963757190959 -23.627311325679642 6
      vertex -39.777817459305204 -23.722182540694803 6
    endloop
  endfacet
  facet normal 0.5555702330196156 -0.8314696123025362 0
    outer loop
      vertex -39.66963757190959 -23.627311325679642 0.6
      vertex -39.55 -23.547372055837116 6
      vertex -39.66963757190959 -23.627311325679642 6
    endloop
  endfacet
  facet normal 0.4422886902189892 -0.8968727415326944 0
    outer loop
      vertex -39.55 -23.547372055837116 0.6
      vertex -39.4209517756016 -23.483732514237587 6
      vertex -39.55 -23.547372055837116 6
    endloop
  endfacet
  facet normal 0.321439465303205 -0.9469301294950909 0
    outer loop
      vertex -39.4209517756016 -23.483732514237587 0.6
      vertex -39.28470094961277 -23.43748159108202 6
      vertex -39.4209517756016 -23.483732514237587 6
    endloop
  endfacet
  facet normal 0.19509032201613385 -0.9807852804032293 0
    outer loop
      vertex -39.28470094961277 -23.43748159108202 0.6
      vertex -39.143578811442055 -23.409410652488802 6
      vertex -39.28470094961277 -23.43748159108202 6
    endloop
  endfacet
  facet normal 0.06540312923005889 -0.997858923238609 0
    outer loop
      vertex -39.143578811442055 -23.409410652488802 0.6
      vertex -39 -23.400000000000006 6
      vertex -39.143578811442055 -23.409410652488802 6
    endloop
  endfacet
  facet normal -0.06540312923005889 -0.997858923238609 0
    outer loop
      vertex -39 -23.400000000000006 0.6
      vertex -38.856421188557945 -23.409410652488802 6
      vertex -39 -23.400000000000006 6
    endloop
  endfacet
  facet normal -0.19509032201613385 -0.9807852804032293 0
    outer loop
      vertex -38.856421188557945 -23.409410652488802 0.6
      vertex -38.71529905038723 -23.43748159108202 6
      vertex -38.856421188557945 -23.409410652488802 6
    endloop
  endfacet
  facet normal -0.4422886902189892 -0.8968727415326944 0
    outer loop
      vertex -38.5790482243984 -23.483732514237587 0.6
      vertex -38.45 -23.547372055837116 6
      vertex -38.5790482243984 -23.483732514237587 6
    endloop
  endfacet
  facet normal -0.6593458151000686 -0.7518398074789776 0
    outer loop
      vertex -38.33036242809041 -23.627311325679642 0.6
      vertex -38.222182540694796 -23.722182540694803 6
      vertex -38.33036242809041 -23.627311325679642 6
    endloop
  endfacet
  facet normal -0.5555702330196156 -0.8314696123025362 0
    outer loop
      vertex -38.45 -23.547372055837116 0.6
      vertex -38.33036242809041 -23.627311325679642 6
      vertex -38.45 -23.547372055837116 6
    endloop
  endfacet
  facet normal -0.321439465303205 -0.9469301294950909 0
    outer loop
      vertex -38.71529905038723 -23.43748159108202 0.6
      vertex -38.5790482243984 -23.483732514237587 6
      vertex -38.71529905038723 -23.43748159108202 6
    endloop
  endfacet
  facet normal -0.8314696123025362 0.5555702330196156 0
    outer loop
      vertex -38.047372055837116 -25.049999999999997 0.6
      vertex -38.12731132567964 -25.16963757190959 6
      vertex -38.047372055837116 -25.049999999999997 6
    endloop
  endfacet
  facet normal -0.896872741532704 0.4422886902189696 0
    outer loop
      vertex -37.98373251423759 -24.920951775601594 0.6
      vertex -38.047372055837116 -25.049999999999997 6
      vertex -37.98373251423759 -24.920951775601594 6
    endloop
  endfacet
  facet normal -0.9469301294951009 0.32143946530317574 0
    outer loop
      vertex -37.937481591082026 -24.78470094961277 0.6
      vertex -37.98373251423759 -24.920951775601594 6
      vertex -37.937481591082026 -24.78470094961277 6
    endloop
  endfacet
  facet normal -0.9807852804032293 0.19509032201613385 0
    outer loop
      vertex -37.90941065248881 -24.643578811442055 0.6
      vertex -37.937481591082026 -24.78470094961277 6
      vertex -37.90941065248881 -24.643578811442055 6
    endloop
  endfacet
  facet normal -0.9978589232386026 0.06540312923015723 0
    outer loop
      vertex -37.9 -24.5 0.6
      vertex -37.90941065248881 -24.643578811442055 6
      vertex -37.9 -24.5 6
    endloop
  endfacet
  facet normal -0.9978589232386026 -0.06540312923015723 0
    outer loop
      vertex -37.90941065248881 -24.356421188557945 0.6
      vertex -37.9 -24.5 6
      vertex -37.90941065248881 -24.356421188557945 6
    endloop
  endfacet
  facet normal -0.9807852804032293 -0.19509032201613385 0
    outer loop
      vertex -37.937481591082026 -24.21529905038723 0.6
      vertex -37.90941065248881 -24.356421188557945 6
      vertex -37.937481591082026 -24.21529905038723 6
    endloop
  endfacet
  facet normal -0.9469301294951009 -0.32143946530317574 0
    outer loop
      vertex -37.98373251423759 -24.079048224398406 0.6
      vertex -37.937481591082026 -24.21529905038723 6
      vertex -37.98373251423759 -24.079048224398406 6
    endloop
  endfacet
  facet normal -0.896872741532704 -0.4422886902189696 0
    outer loop
      vertex -38.047372055837116 -23.950000000000003 0.6
      vertex -37.98373251423759 -24.079048224398406 6
      vertex -38.047372055837116 -23.950000000000003 6
    endloop
  endfacet
  facet normal -0.8314696123025362 -0.5555702330196156 0
    outer loop
      vertex -38.12731132567964 -23.83036242809041 0.6
      vertex -38.047372055837116 -23.950000000000003 6
      vertex -38.12731132567964 -23.83036242809041 6
    endloop
  endfacet
  facet normal -0.7518398074789806 -0.6593458151000652 0
    outer loop
      vertex -38.222182540694796 -23.722182540694803 0.6
      vertex -38.12731132567964 -23.83036242809041 6
      vertex -38.222182540694796 -23.722182540694803 6
    endloop
  endfacet
  facet normal 0 0 1
    outer loop
      vertex 18.2221825406948 -25.277817459305197 0.6
      vertex 18.2221825406948 -23.722182540694803 0.6
      vertex 18.127311325679642 -25.16963757190959 0.6
    endloop
  endfacet
  facet normal 0 0 1
    outer loop
      vertex 18.2221825406948 -25.277817459305197 0.6
      vertex 18.330362428090407 -25.372688674320358 0.6
      vertex 18.330362428090407 -23.627311325679642 0.6
    endloop
  endfacet
  facet normal 0 0 1
    outer loop
      vertex 18.45 -25.452627944162884 0.6
      vertex 18.45 -23.547372055837116 0.6
      vertex 18.330362428090407 -25.372688674320358 0.6
    endloop
  endfacet
  facet normal 0 0 1
    outer loop
      vertex 18.45 -25.452627944162884 0.6
      vertex 18.579048224398402 -25.516267485762413 0.6
      vertex 18.579048224398402 -23.483732514237587 0.6
    endloop
  endfacet
  facet normal 0 0 1
    outer loop
      vertex 17.937481591082026 -24.78470094961277 0.6
      vertex 17.937481591082026 -24.21529905038723 0.6
      vertex 17.90941065248881 -24.643578811442055 0.6
    endloop
  endfacet
  facet normal 0 0 1
    outer loop
      vertex 17.90941065248881 -24.643578811442055 0.6
      vertex 17.90941065248881 -24.356421188557945 0.6
      vertex 17.9 -24.5 0.6
    endloop
  endfacet
  facet normal 0 0 1
    outer loop
      vertex 18.04737205583712 -25.049999999999997 0.6
      vertex 18.04737205583712 -23.950000000000003 0.6
      vertex 17.983732514237584 -24.920951775601594 0.6
    endloop
  endfacet
  facet normal 0 0 1
    outer loop
      vertex 17.983732514237584 -24.920951775601594 0.6
      vertex 17.983732514237584 -24.079048224398406 0.6
      vertex 17.937481591082026 -24.78470094961277 0.6
    endloop
  endfacet
  facet normal 0 0 1
    outer loop
      vertex 18.127311325679642 -25.16963757190959 0.6
      vertex 18.127311325679642 -23.83036242809041 0.6
      vertex 18.04737205583712 -25.049999999999997 0.6
    endloop
  endfacet
  facet normal 0 0 1
    outer loop
      vertex 17.90941065248881 -24.643578811442055 0.6
      vertex 17.937481591082026 -24.21529905038723 0.6
      vertex 17.90941065248881 -24.356421188557945 0.6
    endloop
  endfacet
  facet normal 0 0 1
    outer loop
      vertex 17.937481591082026 -24.78470094961277 0.6
      vertex 17.983732514237584 -24.079048224398406 0.6
      vertex 17.937481591082026 -24.21529905038723 0.6
    endloop
  endfacet
  facet normal 0 0 1
    outer loop
      vertex 17.983732514237584 -24.920951775601594 0.6
      vertex 18.04737205583712 -23.950000000000003 0.6
      vertex 17.983732514237584 -24.079048224398406 0.6
    endloop
  endfacet
  facet normal 0 0 1
    outer loop
      vertex 18.04737205583712 -25.049999999999997 0.6
      vertex 18.127311325679642 -23.83036242809041 0.6
      vertex 18.04737205583712 -23.950000000000003 0.6
    endloop
  endfacet
  facet normal 0 0 1
    outer loop
      vertex 18.127311325679642 -25.16963757190959 0.6
      vertex 18.2221825406948 -23.722182540694803 0.6
      vertex 18.127311325679642 -23.83036242809041 0.6
    endloop
  endfacet
  facet normal 0 0 1
    outer loop
      vertex 18.2221825406948 -25.277817459305197 0.6
      vertex 18.330362428090407 -23.627311325679642 0.6
      vertex 18.2221825406948 -23.722182540694803 0.6
    endloop
  endfacet
  facet normal 0 0 1
    outer loop
      vertex 18.330362428090407 -25.372688674320358 0.6
      vertex 18.45 -23.547372055837116 0.6
      vertex 18.330362428090407 -23.627311325679642 0.6
    endloop
  endfacet
  facet normal 0 0 1
    outer loop
      vertex 18.45 -25.452627944162884 0.6
      vertex 18.579048224398402 -23.483732514237587 0.6
      vertex 18.45 -23.547372055837116 0.6
    endloop
  endfacet
  facet normal 0 0 1
    outer loop
      vertex 18.579048224398402 -25.516267485762413 0.6
      vertex 18.715299050387227 -25.56251840891798 0.6
      vertex 18.715299050387227 -23.43748159108202 0.6
    endloop
  endfacet
  facet normal 0 0 1
    outer loop
      vertex 18.856421188557942 -25.590589347511198 0.6
      vertex 18.856421188557942 -23.409410652488802 0.6
      vertex 18.715299050387227 -25.56251840891798 0.6
    endloop
  endfacet
  facet normal 0 0 1
    outer loop
      vertex 18.856421188557942 -25.590589347511198 0.6
      vertex 19 -25.599999999999994 0.6
      vertex 19 -23.400000000000006 0.6
    endloop
  endfacet
  facet normal 0 0 1
    outer loop
      vertex 19 -25.599999999999994 0.6
      vertex 19.143578811442058 -25.590589347511198 0.6
      vertex 19.143578811442058 -23.409410652488802 0.6
    endloop
  endfacet
  facet normal 0 0 1
    outer loop
      vertex 19.143578811442058 -25.590589347511198 0.6
      vertex 19.284700949612773 -25.56251840891798 0.6
      vertex 19.284700949612773 -23.43748159108202 0.6
    endloop
  endfacet
  facet normal 0 0 1
    outer loop
      vertex 19.284700949612773 -25.56251840891798 0.6
      vertex 19.420951775601598 -25.516267485762413 0.6
      vertex 19.420951775601598 -23.483732514237587 0.6
    endloop
  endfacet
  facet normal 0 0 1
    outer loop
      vertex 19.420951775601598 -25.516267485762413 0.6
      vertex 19.55 -25.452627944162884 0.6
      vertex 19.55 -23.547372055837116 0.6
    endloop
  endfacet
  facet normal 0 0 1
    outer loop
      vertex 19.55 -25.452627944162884 0.6
      vertex 19.669637571909593 -25.372688674320358 0.6
      vertex 19.669637571909593 -23.627311325679642 0.6
    endloop
  endfacet
  facet normal 0 0 1
    outer loop
      vertex 19.669637571909593 -25.372688674320358 0.6
      vertex 19.7778174593052 -25.277817459305197 0.6
      vertex 19.7778174593052 -23.722182540694803 0.6
    endloop
  endfacet
  facet normal 0 0 1
    outer loop
      vertex 19.7778174593052 -25.277817459305197 0.6
      vertex 19.872688674320358 -25.16963757190959 0.6
      vertex 19.872688674320358 -23.83036242809041 0.6
    endloop
  endfacet
  facet normal 0 0 1
    outer loop
      vertex 19.872688674320358 -25.16963757190959 0.6
      vertex 19.95262794416288 -25.049999999999997 0.6
      vertex 19.95262794416288 -23.950000000000003 0.6
    endloop
  endfacet
  facet normal 0 0 1
    outer loop
      vertex 19.669637571909593 -25.372688674320358 0.6
      vertex 19.7778174593052 -23.722182540694803 0.6
      vertex 19.669637571909593 -23.627311325679642 0.6
    endloop
  endfacet
  facet normal 0 0 1
    outer loop
      vertex 19.7778174593052 -25.277817459305197 0.6
      vertex 19.872688674320358 -23.83036242809041 0.6
      vertex 19.7778174593052 -23.722182540694803 0.6
    endloop
  endfacet
  facet normal 0 0 1
    outer loop
      vertex 19.95262794416288 -25.049999999999997 0.6
      vertex 20.016267485762416 -24.920951775601594 0.6
      vertex 20.016267485762416 -24.079048224398406 0.6
    endloop
  endfacet
  facet normal 0 0 1
    outer loop
      vertex 20.016267485762416 -24.920951775601594 0.6
      vertex 20.062518408917974 -24.78470094961277 0.6
      vertex 20.062518408917974 -24.21529905038723 0.6
    endloop
  endfacet
  facet normal 0 0 1
    outer loop
      vertex 20.062518408917974 -24.78470094961277 0.6
      vertex 20.09058934751119 -24.643578811442055 0.6
      vertex 20.09058934751119 -24.356421188557945 0.6
    endloop
  endfacet
  facet normal 0 0 1
    outer loop
      vertex 20.09058934751119 -24.643578811442055 0.6
      vertex 20.1 -24.5 0.6
      vertex 20.09058934751119 -24.356421188557945 0.6
    endloop
  endfacet
  facet normal 0 0 1
    outer loop
      vertex 20.016267485762416 -24.920951775601594 0.6
      vertex 20.062518408917974 -24.21529905038723 0.6
      vertex 20.016267485762416 -24.079048224398406 0.6
    endloop
  endfacet
  facet normal 0 0 1
    outer loop
      vertex 19.95262794416288 -25.049999999999997 0.6
      vertex 20.016267485762416 -24.079048224398406 0.6
      vertex 19.95262794416288 -23.950000000000003 0.6
    endloop
  endfacet
  facet normal 0 0 1
    outer loop
      vertex 19.872688674320358 -25.16963757190959 0.6
      vertex 19.95262794416288 -23.950000000000003 0.6
      vertex 19.872688674320358 -23.83036242809041 0.6
    endloop
  endfacet
  facet normal 0 0 1
    outer loop
      vertex 20.062518408917974 -24.78470094961277 0.6
      vertex 20.09058934751119 -24.356421188557945 0.6
      vertex 20.062518408917974 -24.21529905038723 0.6
    endloop
  endfacet
  facet normal 0 0 1
    outer loop
      vertex 18.579048224398402 -25.516267485762413 0.6
      vertex 18.715299050387227 -23.43748159108202 0.6
      vertex 18.579048224398402 -23.483732514237587 0.6
    endloop
  endfacet
  facet normal 0 0 1
    outer loop
      vertex 18.715299050387227 -25.56251840891798 0.6
      vertex 18.856421188557942 -23.409410652488802 0.6
      vertex 18.715299050387227 -23.43748159108202 0.6
    endloop
  endfacet
  facet normal 0 0 1
    outer loop
      vertex 18.856421188557942 -25.590589347511198 0.6
      vertex 19 -23.400000000000006 0.6
      vertex 18.856421188557942 -23.409410652488802 0.6
    endloop
  endfacet
  facet normal 0 0 1
    outer loop
      vertex 19 -25.599999999999994 0.6
      vertex 19.143578811442058 -23.409410652488802 0.6
      vertex 19 -23.400000000000006 0.6
    endloop
  endfacet
  facet normal 0 0 1
    outer loop
      vertex 19.143578811442058 -25.590589347511198 0.6
      vertex 19.284700949612773 -23.43748159108202 0.6
      vertex 19.143578811442058 -23.409410652488802 0.6
    endloop
  endfacet
  facet normal 0 0 1
    outer loop
      vertex 19.284700949612773 -25.56251840891798 0.6
      vertex 19.420951775601598 -23.483732514237587 0.6
      vertex 19.284700949612773 -23.43748159108202 0.6
    endloop
  endfacet
  facet normal 0 0 1
    outer loop
      vertex 19.420951775601598 -25.516267485762413 0.6
      vertex 19.55 -23.547372055837116 0.6
      vertex 19.420951775601598 -23.483732514237587 0.6
    endloop
  endfacet
  facet normal 0 0 1
    outer loop
      vertex 19.55 -25.452627944162884 0.6
      vertex 19.669637571909593 -23.627311325679642 0.6
      vertex 19.55 -23.547372055837116 0.6
    endloop
  endfacet
  facet normal 0.7518398074789684 0.6593458151000792 1.0399501118987498e-18
    outer loop
      vertex 18.2221825406948 -25.277817459305197 0.6
      vertex 18.127311325679642 -25.16963757190959 0.6
      vertex 18.127311325679642 -25.16963757190959 6
    endloop
  endfacet
  facet normal 0.4422886902189696 0.896872741532704 0
    outer loop
      vertex 18.45 -25.452627944162884 0.6
      vertex 18.45 -25.452627944162884 6
      vertex 18.579048224398402 -25.516267485762413 0.6
    endloop
  endfacet
  facet normal 0.6593458151000932 0.7518398074789561 0
    outer loop
      vertex 18.2221825406948 -25.277817459305197 0.6
      vertex 18.2221825406948 -25.277817459305197 6
      vertex 18.330362428090407 -25.372688674320358 0.6
    endloop
  endfacet
  facet normal 0.5555702330196156 0.8314696123025362 -2.810269379007479e-19
    outer loop
      vertex 18.45 -25.452627944162884 0.6
      vertex 18.330362428090407 -25.372688674320358 0.6
      vertex 18.330362428090407 -25.372688674320358 6
    endloop
  endfacet
  facet normal 0.19509032201613385 0.9807852804032293 7.917198258107179e-20
    outer loop
      vertex 18.856421188557942 -25.590589347511198 0.6
      vertex 18.715299050387227 -25.56251840891798 0.6
      vertex 18.715299050387227 -25.56251840891798 6
    endloop
  endfacet
  facet normal 0.32143946530322 0.9469301294950857 0
    outer loop
      vertex 18.579048224398402 -25.516267485762413 0.6
      vertex 18.579048224398402 -25.516267485762413 6
      vertex 18.715299050387227 -25.56251840891798 0.6
    endloop
  endfacet
  facet normal 0.06540312923005727 0.997858923238609 0
    outer loop
      vertex 18.856421188557942 -25.590589347511198 0.6
      vertex 18.856421188557942 -25.590589347511198 6
      vertex 19 -25.599999999999994 0.6
    endloop
  endfacet
  facet normal -0.06540312923005727 0.997858923238609 0
    outer loop
      vertex 19 -25.599999999999994 0.6
      vertex 19 -25.599999999999994 6
      vertex 19.143578811442058 -25.590589347511198 0.6
    endloop
  endfacet
  facet normal -0.19509032201613385 0.9807852804032293 0
    outer loop
      vertex 19.143578811442058 -25.590589347511198 0.6
      vertex 19.143578811442058 -25.590589347511198 6
      vertex 19.284700949612773 -25.56251840891798 0.6
    endloop
  endfacet
  facet normal -0.32143946530322 0.9469301294950857 0
    outer loop
      vertex 19.284700949612773 -25.56251840891798 0.6
      vertex 19.284700949612773 -25.56251840891798 6
      vertex 19.420951775601598 -25.516267485762413 0.6
    endloop
  endfacet
  facet normal -0.4422886902189696 0.896872741532704 0
    outer loop
      vertex 19.420951775601598 -25.516267485762413 0.6
      vertex 19.420951775601598 -25.516267485762413 6
      vertex 19.55 -25.452627944162884 0.6
    endloop
  endfacet
  facet normal -0.5555702330196156 0.8314696123025362 0
    outer loop
      vertex 19.55 -25.452627944162884 0.6
      vertex 19.55 -25.452627944162884 6
      vertex 19.669637571909593 -25.372688674320358 0.6
    endloop
  endfacet
  facet normal -0.6593458151000932 0.7518398074789561 0
    outer loop
      vertex 19.669637571909593 -25.372688674320358 0.6
      vertex 19.669637571909593 -25.372688674320358 6
      vertex 19.7778174593052 -25.277817459305197 0.6
    endloop
  endfacet
  facet normal -0.7518398074789684 0.6593458151000792 0
    outer loop
      vertex 19.7778174593052 -25.277817459305197 0.6
      vertex 19.7778174593052 -25.277817459305197 6
      vertex 19.872688674320358 -25.16963757190959 0.6
    endloop
  endfacet
  facet normal 0.8314696123025477 0.5555702330195985 -2.4140398258703056e-19
    outer loop
      vertex 18.127311325679642 -25.16963757190959 0.6
      vertex 18.04737205583712 -25.049999999999997 0.6
      vertex 18.04737205583712 -25.049999999999997 6
    endloop
  endfacet
  facet normal 0.8968727415326843 0.44228869021900924 1.0712733039363179e-18
    outer loop
      vertex 18.04737205583712 -25.049999999999997 0.6
      vertex 17.983732514237584 -24.920951775601594 0.6
      vertex 17.983732514237584 -24.920951775601594 6
    endloop
  endfacet
  facet normal 0.9469301294951085 0.32143946530315365 1.400202644707515e-20
    outer loop
      vertex 17.983732514237584 -24.920951775601594 0.6
      vertex 17.937481591082026 -24.78470094961277 0.6
      vertex 17.937481591082026 -24.78470094961277 6
    endloop
  endfacet
  facet normal 0.9807852804032293 0.19509032201613385 7.917198258107179e-20
    outer loop
      vertex 17.937481591082026 -24.78470094961277 0.6
      vertex 17.90941065248881 -24.643578811442055 0.6
      vertex 17.90941065248881 -24.643578811442055 6
    endloop
  endfacet
  facet normal 0.9978589232386026 0.06540312923015723 -1.0085408360156693e-20
    outer loop
      vertex 17.90941065248881 -24.643578811442055 0.6
      vertex 17.9 -24.5 0.6
      vertex 17.9 -24.5 6
    endloop
  endfacet
  facet normal 0.9978589232386026 -0.06540312923015723 1.0085408360156693e-20
    outer loop
      vertex 17.9 -24.5 0.6
      vertex 17.90941065248881 -24.356421188557945 0.6
      vertex 17.90941065248881 -24.356421188557945 6
    endloop
  endfacet
  facet normal 0.9807852804032293 -0.19509032201613385 -7.917198258107179e-20
    outer loop
      vertex 17.90941065248881 -24.356421188557945 0.6
      vertex 17.937481591082026 -24.21529905038723 0.6
      vertex 17.937481591082026 -24.21529905038723 6
    endloop
  endfacet
  facet normal 0.9469301294951085 -0.32143946530315365 -1.400202644707515e-20
    outer loop
      vertex 17.937481591082026 -24.21529905038723 0.6
      vertex 17.983732514237584 -24.079048224398406 0.6
      vertex 17.983732514237584 -24.079048224398406 6
    endloop
  endfacet
  facet normal 0.8968727415326843 -0.44228869021900924 -1.0712733039363179e-18
    outer loop
      vertex 17.983732514237584 -24.079048224398406 0.6
      vertex 18.04737205583712 -23.950000000000003 0.6
      vertex 18.04737205583712 -23.950000000000003 6
    endloop
  endfacet
  facet normal 0.8314696123025477 -0.5555702330195985 2.4140398258703056e-19
    outer loop
      vertex 18.04737205583712 -23.950000000000003 0.6
      vertex 18.127311325679642 -23.83036242809041 0.6
      vertex 18.127311325679642 -23.83036242809041 6
    endloop
  endfacet
  facet normal 0.7518398074789684 -0.6593458151000792 -1.0399501118987498e-18
    outer loop
      vertex 18.127311325679642 -23.83036242809041 0.6
      vertex 18.2221825406948 -23.722182540694803 0.6
      vertex 18.2221825406948 -23.722182540694803 6
    endloop
  endfacet
  facet normal 0.6593458151000932 -0.7518398074789561 1.9337148525836828e-19
    outer loop
      vertex 18.2221825406948 -23.722182540694803 0.6
      vertex 18.330362428090407 -23.627311325679642 0.6
      vertex 18.330362428090407 -23.627311325679642 6
    endloop
  endfacet
  facet normal 0.5555702330196156 -0.8314696123025362 2.810269379007479e-19
    outer loop
      vertex 18.330362428090407 -23.627311325679642 0.6
      vertex 18.45 -23.547372055837116 0.6
      vertex 18.45 -23.547372055837116 6
    endloop
  endfacet
  facet normal 0.4422886902189696 -0.896872741532704 -1.3698139279403963e-19
    outer loop
      vertex 18.45 -23.547372055837116 0.6
      vertex 18.579048224398402 -23.483732514237587 0.6
      vertex 18.579048224398402 -23.483732514237587 6
    endloop
  endfacet
  facet normal -0.8314696123025477 0.5555702330195985 0
    outer loop
      vertex 19.872688674320358 -25.16963757190959 0.6
      vertex 19.872688674320358 -25.16963757190959 6
      vertex 19.95262794416288 -25.049999999999997 0.6
    endloop
  endfacet
  facet normal -0.8968727415326843 0.44228869021900924 0
    outer loop
      vertex 19.95262794416288 -25.049999999999997 0.6
      vertex 19.95262794416288 -25.049999999999997 6
      vertex 20.016267485762416 -24.920951775601594 0.6
    endloop
  endfacet
  facet normal -0.9469301294951085 0.32143946530315365 0
    outer loop
      vertex 20.016267485762416 -24.920951775601594 0.6
      vertex 20.016267485762416 -24.920951775601594 6
      vertex 20.062518408917974 -24.78470094961277 0.6
    endloop
  endfacet
  facet normal -0.9807852804032293 0.19509032201613385 0
    outer loop
      vertex 20.062518408917974 -24.78470094961277 0.6
      vertex 20.062518408917974 -24.78470094961277 6
      vertex 20.09058934751119 -24.643578811442055 0.6
    endloop
  endfacet
  facet normal -0.9978589232386026 0.06540312923015723 0
    outer loop
      vertex 20.09058934751119 -24.643578811442055 0.6
      vertex 20.09058934751119 -24.643578811442055 6
      vertex 20.1 -24.5 0.6
    endloop
  endfacet
  facet normal -0.9978589232386026 -0.06540312923015723 0
    outer loop
      vertex 20.1 -24.5 0.6
      vertex 20.1 -24.5 6
      vertex 20.09058934751119 -24.356421188557945 0.6
    endloop
  endfacet
  facet normal -0.9807852804032293 -0.19509032201613385 7.917198258107179e-20
    outer loop
      vertex 20.062518408917974 -24.21529905038723 0.6
      vertex 20.09058934751119 -24.356421188557945 0.6
      vertex 20.09058934751119 -24.356421188557945 6
    endloop
  endfacet
  facet normal 0.32143946530322 -0.9469301294950857 2.6524294814544317e-19
    outer loop
      vertex 18.579048224398402 -23.483732514237587 0.6
      vertex 18.715299050387227 -23.43748159108202 0.6
      vertex 18.715299050387227 -23.43748159108202 6
    endloop
  endfacet
  facet normal 0.19509032201613385 -0.9807852804032293 -7.917198258107179e-20
    outer loop
      vertex 18.715299050387227 -23.43748159108202 0.6
      vertex 18.856421188557942 -23.409410652488802 0.6
      vertex 18.856421188557942 -23.409410652488802 6
    endloop
  endfacet
  facet normal 0.06540312923005727 -0.997858923238609 -1.0066837445848569e-19
    outer loop
      vertex 18.856421188557942 -23.409410652488802 0.6
      vertex 19 -23.400000000000006 0.6
      vertex 19 -23.400000000000006 6
    endloop
  endfacet
  facet normal -0.06540312923005727 -0.997858923238609 1.0066837445848569e-19
    outer loop
      vertex 19 -23.400000000000006 0.6
      vertex 19.143578811442058 -23.409410652488802 0.6
      vertex 19.143578811442058 -23.409410652488802 6
    endloop
  endfacet
  facet normal -0.19509032201613385 -0.9807852804032293 7.917198258107179e-20
    outer loop
      vertex 19.143578811442058 -23.409410652488802 0.6
      vertex 19.284700949612773 -23.43748159108202 0.6
      vertex 19.284700949612773 -23.43748159108202 6
    endloop
  endfacet
  facet normal -0.32143946530322 -0.9469301294950857 -2.6524294814544317e-19
    outer loop
      vertex 19.284700949612773 -23.43748159108202 0.6
      vertex 19.420951775601598 -23.483732514237587 0.6
      vertex 19.420951775601598 -23.483732514237587 6
    endloop
  endfacet
  facet normal -0.8968727415326843 -0.44228869021900924 0
    outer loop
      vertex 20.016267485762416 -24.079048224398406 0.6
      vertex 20.016267485762416 -24.079048224398406 6
      vertex 19.95262794416288 -23.950000000000003 0.6
    endloop
  endfacet
  facet normal -0.9469301294951085 -0.32143946530315365 0
    outer loop
      vertex 20.062518408917974 -24.21529905038723 0.6
      vertex 20.062518408917974 -24.21529905038723 6
      vertex 20.016267485762416 -24.079048224398406 0.6
    endloop
  endfacet
  facet normal -0.8314696123025477 -0.5555702330195985 0
    outer loop
      vertex 19.95262794416288 -23.950000000000003 0.6
      vertex 19.95262794416288 -23.950000000000003 6
      vertex 19.872688674320358 -23.83036242809041 0.6
    endloop
  endfacet
  facet normal -0.7518398074789684 -0.6593458151000792 0
    outer loop
      vertex 19.872688674320358 -23.83036242809041 0.6
      vertex 19.872688674320358 -23.83036242809041 6
      vertex 19.7778174593052 -23.722182540694803 0.6
    endloop
  endfacet
  facet normal -0.4422886902189696 -0.896872741532704 0
    outer loop
      vertex 19.55 -23.547372055837116 0.6
      vertex 19.55 -23.547372055837116 6
      vertex 19.420951775601598 -23.483732514237587 0.6
    endloop
  endfacet
  facet normal -0.6593458151000932 -0.7518398074789561 0
    outer loop
      vertex 19.7778174593052 -23.722182540694803 0.6
      vertex 19.7778174593052 -23.722182540694803 6
      vertex 19.669637571909593 -23.627311325679642 0.6
    endloop
  endfacet
  facet normal -0.5555702330196156 -0.8314696123025362 -2.810269379007479e-19
    outer loop
      vertex 19.55 -23.547372055837116 0.6
      vertex 19.669637571909593 -23.627311325679642 0.6
      vertex 19.669637571909593 -23.627311325679642 6
    endloop
  endfacet
  facet normal 0.4422886902189696 0.896872741532704 0
    outer loop
      vertex 18.579048224398402 -25.516267485762413 0.6
      vertex 18.45 -25.452627944162884 6
      vertex 18.579048224398402 -25.516267485762413 6
    endloop
  endfacet
  facet normal 0.6593458151000932 0.7518398074789561 0
    outer loop
      vertex 18.330362428090407 -25.372688674320358 0.6
      vertex 18.2221825406948 -25.277817459305197 6
      vertex 18.330362428090407 -25.372688674320358 6
    endloop
  endfacet
  facet normal 0.7518398074789684 0.6593458151000792 0
    outer loop
      vertex 18.2221825406948 -25.277817459305197 0.6
      vertex 18.127311325679642 -25.16963757190959 6
      vertex 18.2221825406948 -25.277817459305197 6
    endloop
  endfacet
  facet normal 0.5555702330196156 0.8314696123025362 0
    outer loop
      vertex 18.45 -25.452627944162884 0.6
      vertex 18.330362428090407 -25.372688674320358 6
      vertex 18.45 -25.452627944162884 6
    endloop
  endfacet
  facet normal 0.32143946530322 0.9469301294950857 0
    outer loop
      vertex 18.715299050387227 -25.56251840891798 0.6
      vertex 18.579048224398402 -25.516267485762413 6
      vertex 18.715299050387227 -25.56251840891798 6
    endloop
  endfacet
  facet normal 0.19509032201613385 0.9807852804032293 0
    outer loop
      vertex 18.856421188557942 -25.590589347511198 0.6
      vertex 18.715299050387227 -25.56251840891798 6
      vertex 18.856421188557942 -25.590589347511198 6
    endloop
  endfacet
  facet normal 0.06540312923005727 0.997858923238609 0
    outer loop
      vertex 19 -25.599999999999994 0.6
      vertex 18.856421188557942 -25.590589347511198 6
      vertex 19 -25.599999999999994 6
    endloop
  endfacet
  facet normal -0.06540312923005727 0.997858923238609 0
    outer loop
      vertex 19.143578811442058 -25.590589347511198 0.6
      vertex 19 -25.599999999999994 6
      vertex 19.143578811442058 -25.590589347511198 6
    endloop
  endfacet
  facet normal -0.19509032201613385 0.9807852804032293 0
    outer loop
      vertex 19.284700949612773 -25.56251840891798 0.6
      vertex 19.143578811442058 -25.590589347511198 6
      vertex 19.284700949612773 -25.56251840891798 6
    endloop
  endfacet
  facet normal -0.32143946530322 0.9469301294950857 0
    outer loop
      vertex 19.420951775601598 -25.516267485762413 0.6
      vertex 19.284700949612773 -25.56251840891798 6
      vertex 19.420951775601598 -25.516267485762413 6
    endloop
  endfacet
  facet normal -0.4422886902189696 0.896872741532704 0
    outer loop
      vertex 19.55 -25.452627944162884 0.6
      vertex 19.420951775601598 -25.516267485762413 6
      vertex 19.55 -25.452627944162884 6
    endloop
  endfacet
  facet normal -0.5555702330196156 0.8314696123025362 0
    outer loop
      vertex 19.669637571909593 -25.372688674320358 0.6
      vertex 19.55 -25.452627944162884 6
      vertex 19.669637571909593 -25.372688674320358 6
    endloop
  endfacet
  facet normal -0.6593458151000932 0.7518398074789561 0
    outer loop
      vertex 19.7778174593052 -25.277817459305197 0.6
      vertex 19.669637571909593 -25.372688674320358 6
      vertex 19.7778174593052 -25.277817459305197 6
    endloop
  endfacet
  facet normal -0.7518398074789684 0.6593458151000792 0
    outer loop
      vertex 19.872688674320358 -25.16963757190959 0.6
      vertex 19.7778174593052 -25.277817459305197 6
      vertex 19.872688674320358 -25.16963757190959 6
    endloop
  endfacet
  facet normal 0.8314696123025477 0.5555702330195985 0
    outer loop
      vertex 18.127311325679642 -25.16963757190959 0.6
      vertex 18.04737205583712 -25.049999999999997 6
      vertex 18.127311325679642 -25.16963757190959 6
    endloop
  endfacet
  facet normal 0.8968727415326843 0.44228869021900924 0
    outer loop
      vertex 18.04737205583712 -25.049999999999997 0.6
      vertex 17.983732514237584 -24.920951775601594 6
      vertex 18.04737205583712 -25.049999999999997 6
    endloop
  endfacet
  facet normal 0.9807852804032293 0.19509032201613385 0
    outer loop
      vertex 17.937481591082026 -24.78470094961277 0.6
      vertex 17.90941065248881 -24.643578811442055 6
      vertex 17.937481591082026 -24.78470094961277 6
    endloop
  endfacet
  facet normal 0.9469301294951085 0.32143946530315365 0
    outer loop
      vertex 17.983732514237584 -24.920951775601594 0.6
      vertex 17.937481591082026 -24.78470094961277 6
      vertex 17.983732514237584 -24.920951775601594 6
    endloop
  endfacet
  facet normal 0.9978589232386026 0.06540312923015723 0
    outer loop
      vertex 17.90941065248881 -24.643578811442055 0.6
      vertex 17.9 -24.5 6
      vertex 17.90941065248881 -24.643578811442055 6
    endloop
  endfacet
  facet normal 0.9978589232386026 -0.06540312923015723 0
    outer loop
      vertex 17.9 -24.5 0.6
      vertex 17.90941065248881 -24.356421188557945 6
      vertex 17.9 -24.5 6
    endloop
  endfacet
  facet normal 0.9807852804032293 -0.19509032201613385 0
    outer loop
      vertex 17.90941065248881 -24.356421188557945 0.6
      vertex 17.937481591082026 -24.21529905038723 6
      vertex 17.90941065248881 -24.356421188557945 6
    endloop
  endfacet
  facet normal 0.9469301294951085 -0.32143946530315365 0
    outer loop
      vertex 17.937481591082026 -24.21529905038723 0.6
      vertex 17.983732514237584 -24.079048224398406 6
      vertex 17.937481591082026 -24.21529905038723 6
    endloop
  endfacet
  facet normal 0.8968727415326843 -0.44228869021900924 0
    outer loop
      vertex 17.983732514237584 -24.079048224398406 0.6
      vertex 18.04737205583712 -23.950000000000003 6
      vertex 17.983732514237584 -24.079048224398406 6
    endloop
  endfacet
  facet normal 0.8314696123025477 -0.5555702330195985 0
    outer loop
      vertex 18.04737205583712 -23.950000000000003 0.6
      vertex 18.127311325679642 -23.83036242809041 6
      vertex 18.04737205583712 -23.950000000000003 6
    endloop
  endfacet
  facet normal 0.7518398074789684 -0.6593458151000792 0
    outer loop
      vertex 18.127311325679642 -23.83036242809041 0.6
      vertex 18.2221825406948 -23.722182540694803 6
      vertex 18.127311325679642 -23.83036242809041 6
    endloop
  endfacet
  facet normal 0.6593458151000932 -0.7518398074789561 0
    outer loop
      vertex 18.2221825406948 -23.722182540694803 0.6
      vertex 18.330362428090407 -23.627311325679642 6
      vertex 18.2221825406948 -23.722182540694803 6
    endloop
  endfacet
  facet normal 0.5555702330196156 -0.8314696123025362 0
    outer loop
      vertex 18.330362428090407 -23.627311325679642 0.6
      vertex 18.45 -23.547372055837116 6
      vertex 18.330362428090407 -23.627311325679642 6
    endloop
  endfacet
  facet normal 0.4422886902189696 -0.896872741532704 0
    outer loop
      vertex 18.45 -23.547372055837116 0.6
      vertex 18.579048224398402 -23.483732514237587 6
      vertex 18.45 -23.547372055837116 6
    endloop
  endfacet
  facet normal -0.8314696123025477 0.5555702330195985 0
    outer loop
      vertex 19.95262794416288 -25.049999999999997 0.6
      vertex 19.872688674320358 -25.16963757190959 6
      vertex 19.95262794416288 -25.049999999999997 6
    endloop
  endfacet
  facet normal -0.8968727415326843 0.44228869021900924 0
    outer loop
      vertex 20.016267485762416 -24.920951775601594 0.6
      vertex 19.95262794416288 -25.049999999999997 6
      vertex 20.016267485762416 -24.920951775601594 6
    endloop
  endfacet
  facet normal -0.9469301294951085 0.32143946530315365 0
    outer loop
      vertex 20.062518408917974 -24.78470094961277 0.6
      vertex 20.016267485762416 -24.920951775601594 6
      vertex 20.062518408917974 -24.78470094961277 6
    endloop
  endfacet
  facet normal -0.9807852804032293 0.19509032201613385 0
    outer loop
      vertex 20.09058934751119 -24.643578811442055 0.6
      vertex 20.062518408917974 -24.78470094961277 6
      vertex 20.09058934751119 -24.643578811442055 6
    endloop
  endfacet
  facet normal -0.9978589232386026 0.06540312923015723 0
    outer loop
      vertex 20.1 -24.5 0.6
      vertex 20.09058934751119 -24.643578811442055 6
      vertex 20.1 -24.5 6
    endloop
  endfacet
  facet normal -0.9978589232386026 -0.06540312923015723 0
    outer loop
      vertex 20.09058934751119 -24.356421188557945 0.6
      vertex 20.1 -24.5 6
      vertex 20.09058934751119 -24.356421188557945 6
    endloop
  endfacet
  facet normal -0.9807852804032293 -0.19509032201613385 0
    outer loop
      vertex 20.062518408917974 -24.21529905038723 0.6
      vertex 20.09058934751119 -24.356421188557945 6
      vertex 20.062518408917974 -24.21529905038723 6
    endloop
  endfacet
  facet normal 0.32143946530322 -0.9469301294950857 0
    outer loop
      vertex 18.579048224398402 -23.483732514237587 0.6
      vertex 18.715299050387227 -23.43748159108202 6
      vertex 18.579048224398402 -23.483732514237587 6
    endloop
  endfacet
  facet normal 0.19509032201613385 -0.9807852804032293 0
    outer loop
      vertex 18.715299050387227 -23.43748159108202 0.6
      vertex 18.856421188557942 -23.409410652488802 6
      vertex 18.715299050387227 -23.43748159108202 6
    endloop
  endfacet
  facet normal 0.06540312923005727 -0.997858923238609 0
    outer loop
      vertex 18.856421188557942 -23.409410652488802 0.6
      vertex 19 -23.400000000000006 6
      vertex 18.856421188557942 -23.409410652488802 6
    endloop
  endfacet
  facet normal -0.06540312923005727 -0.997858923238609 0
    outer loop
      vertex 19 -23.400000000000006 0.6
      vertex 19.143578811442058 -23.409410652488802 6
      vertex 19 -23.400000000000006 6
    endloop
  endfacet
  facet normal -0.19509032201613385 -0.9807852804032293 0
    outer loop
      vertex 19.143578811442058 -23.409410652488802 0.6
      vertex 19.284700949612773 -23.43748159108202 6
      vertex 19.143578811442058 -23.409410652488802 6
    endloop
  endfacet
  facet normal -0.32143946530322 -0.9469301294950857 0
    outer loop
      vertex 19.284700949612773 -23.43748159108202 0.6
      vertex 19.420951775601598 -23.483732514237587 6
      vertex 19.284700949612773 -23.43748159108202 6
    endloop
  endfacet
  facet normal -0.7518398074789684 -0.6593458151000792 0
    outer loop
      vertex 19.7778174593052 -23.722182540694803 0.6
      vertex 19.872688674320358 -23.83036242809041 6
      vertex 19.7778174593052 -23.722182540694803 6
    endloop
  endfacet
  facet normal -0.9469301294951085 -0.32143946530315365 0
    outer loop
      vertex 20.016267485762416 -24.079048224398406 0.6
      vertex 20.062518408917974 -24.21529905038723 6
      vertex 20.016267485762416 -24.079048224398406 6
    endloop
  endfacet
  facet normal -0.8968727415326843 -0.44228869021900924 0
    outer loop
      vertex 19.95262794416288 -23.950000000000003 0.6
      vertex 20.016267485762416 -24.079048224398406 6
      vertex 19.95262794416288 -23.950000000000003 6
    endloop
  endfacet
  facet normal -0.8314696123025477 -0.5555702330195985 0
    outer loop
      vertex 19.872688674320358 -23.83036242809041 0.6
      vertex 19.95262794416288 -23.950000000000003 6
      vertex 19.872688674320358 -23.83036242809041 6
    endloop
  endfacet
  facet normal -0.4422886902189696 -0.896872741532704 0
    outer loop
      vertex 19.420951775601598 -23.483732514237587 0.6
      vertex 19.55 -23.547372055837116 6
      vertex 19.420951775601598 -23.483732514237587 6
    endloop
  endfacet
  facet normal -0.5555702330196156 -0.8314696123025362 0
    outer loop
      vertex 19.55 -23.547372055837116 0.6
      vertex 19.669637571909593 -23.627311325679642 6
      vertex 19.55 -23.547372055837116 6
    endloop
  endfacet
  facet normal -0.6593458151000932 -0.7518398074789561 0
    outer loop
      vertex 19.669637571909593 -23.627311325679642 0.6
      vertex 19.7778174593052 -23.722182540694803 6
      vertex 19.669637571909593 -23.627311325679642 6
    endloop
  endfacet
  facet normal 0 0 1
    outer loop
      vertex -40.062518408917974 24.215299050387216 0.6
      vertex -40.062518408917974 24.784700949612784 0.6
      vertex -40.09058934751119 24.35642118855793 0.6
    endloop
  endfacet
  facet normal 0 0 1
    outer loop
      vertex -39.952627944162884 23.94999999999999 0.6
      vertex -39.952627944162884 25.05000000000001 0.6
      vertex -40.01626748576241 24.079048224398406 0.6
    endloop
  endfacet
  facet normal 0 0 1
    outer loop
      vertex -40.01626748576241 24.079048224398406 0.6
      vertex -40.01626748576241 24.920951775601594 0.6
      vertex -40.062518408917974 24.215299050387216 0.6
    endloop
  endfacet
  facet normal 0 0 1
    outer loop
      vertex -40.09058934751119 24.35642118855793 0.6
      vertex -40.09058934751119 24.64357881144207 0.6
      vertex -40.1 24.5 0.6
    endloop
  endfacet
  facet normal 0 0 1
    outer loop
      vertex -40.09058934751119 24.35642118855793 0.6
      vertex -40.062518408917974 24.784700949612784 0.6
      vertex -40.09058934751119 24.64357881144207 0.6
    endloop
  endfacet
  facet normal 0 0 1
    outer loop
      vertex -40.062518408917974 24.215299050387216 0.6
      vertex -40.01626748576241 24.920951775601594 0.6
      vertex -40.062518408917974 24.784700949612784 0.6
    endloop
  endfacet
  facet normal 0 0 1
    outer loop
      vertex -40.01626748576241 24.079048224398406 0.6
      vertex -39.952627944162884 25.05000000000001 0.6
      vertex -40.01626748576241 24.920951775601594 0.6
    endloop
  endfacet
  facet normal 0 0 1
    outer loop
      vertex -39.66963757190959 23.627311325679642 0.6
      vertex -39.55 23.547372055837116 0.6
      vertex -39.55 25.452627944162884 0.6
    endloop
  endfacet
  facet normal 0 0 1
    outer loop
      vertex -39.55 23.547372055837116 0.6
      vertex -39.4209517756016 23.483732514237573 0.6
      vertex -39.4209517756016 25.516267485762427 0.6
    endloop
  endfacet
  facet normal 0 0 1
    outer loop
      vertex -39.4209517756016 23.483732514237573 0.6
      vertex -39.28470094961277 23.43748159108202 0.6
      vertex -39.28470094961277 25.56251840891798 0.6
    endloop
  endfacet
  facet normal 0 0 1
    outer loop
      vertex -39.143578811442055 23.409410652488816 0.6
      vertex -39.143578811442055 25.590589347511184 0.6
      vertex -39.28470094961277 23.43748159108202 0.6
    endloop
  endfacet
  facet normal 0 0 1
    outer loop
      vertex -39.143578811442055 23.409410652488816 0.6
      vertex -39 23.400000000000006 0.6
      vertex -39 25.599999999999994 0.6
    endloop
  endfacet
  facet normal 0 0 1
    outer loop
      vertex -39 23.400000000000006 0.6
      vertex -38.856421188557945 23.409410652488816 0.6
      vertex -38.856421188557945 25.590589347511184 0.6
    endloop
  endfacet
  facet normal 0 0 1
    outer loop
      vertex -38.856421188557945 23.409410652488816 0.6
      vertex -38.71529905038723 23.43748159108202 0.6
      vertex -38.71529905038723 25.56251840891798 0.6
    endloop
  endfacet
  facet normal 0 0 1
    outer loop
      vertex -38.71529905038723 23.43748159108202 0.6
      vertex -38.5790482243984 23.483732514237573 0.6
      vertex -38.5790482243984 25.516267485762427 0.6
    endloop
  endfacet
  facet normal 0 0 1
    outer loop
      vertex -38.5790482243984 23.483732514237573 0.6
      vertex -38.45 23.547372055837116 0.6
      vertex -38.45 25.452627944162884 0.6
    endloop
  endfacet
  facet normal 0 0 1
    outer loop
      vertex -38.45 23.547372055837116 0.6
      vertex -38.33036242809041 23.627311325679642 0.6
      vertex -38.33036242809041 25.372688674320358 0.6
    endloop
  endfacet
  facet normal 0 0 1
    outer loop
      vertex -39.952627944162884 23.94999999999999 0.6
      vertex -39.87268867432036 23.83036242809041 0.6
      vertex -39.87268867432036 25.16963757190959 0.6
    endloop
  endfacet
  facet normal 0 0 1
    outer loop
      vertex -39.777817459305204 23.722182540694803 0.6
      vertex -39.777817459305204 25.277817459305197 0.6
      vertex -39.87268867432036 23.83036242809041 0.6
    endloop
  endfacet
  facet normal 0 0 1
    outer loop
      vertex -39.777817459305204 23.722182540694803 0.6
      vertex -39.66963757190959 23.627311325679642 0.6
      vertex -39.66963757190959 25.372688674320358 0.6
    endloop
  endfacet
  facet normal 0 0 1
    outer loop
      vertex -39.952627944162884 23.94999999999999 0.6
      vertex -39.87268867432036 25.16963757190959 0.6
      vertex -39.952627944162884 25.05000000000001 0.6
    endloop
  endfacet
  facet normal 0 0 1
    outer loop
      vertex -39.87268867432036 23.83036242809041 0.6
      vertex -39.777817459305204 25.277817459305197 0.6
      vertex -39.87268867432036 25.16963757190959 0.6
    endloop
  endfacet
  facet normal 0 0 1
    outer loop
      vertex -39.777817459305204 23.722182540694803 0.6
      vertex -39.66963757190959 25.372688674320358 0.6
      vertex -39.777817459305204 25.277817459305197 0.6
    endloop
  endfacet
  facet normal 0 0 1
    outer loop
      vertex -39.66963757190959 23.627311325679642 0.6
      vertex -39.55 25.452627944162884 0.6
      vertex -39.66963757190959 25.372688674320358 0.6
    endloop
  endfacet
  facet normal 0 0 1
    outer loop
      vertex -39.55 23.547372055837116 0.6
      vertex -39.4209517756016 25.516267485762427 0.6
      vertex -39.55 25.452627944162884 0.6
    endloop
  endfacet
  facet normal 0 0 1
    outer loop
      vertex -39.4209517756016 23.483732514237573 0.6
      vertex -39.28470094961277 25.56251840891798 0.6
      vertex -39.4209517756016 25.516267485762427 0.6
    endloop
  endfacet
  facet normal 0 0 1
    outer loop
      vertex -39.28470094961277 23.43748159108202 0.6
      vertex -39.143578811442055 25.590589347511184 0.6
      vertex -39.28470094961277 25.56251840891798 0.6
    endloop
  endfacet
  facet normal 0 0 1
    outer loop
      vertex -39.143578811442055 23.409410652488816 0.6
      vertex -39 25.599999999999994 0.6
      vertex -39.143578811442055 25.590589347511184 0.6
    endloop
  endfacet
  facet normal 0 0 1
    outer loop
      vertex -39 23.400000000000006 0.6
      vertex -38.856421188557945 25.590589347511184 0.6
      vertex -39 25.599999999999994 0.6
    endloop
  endfacet
  facet normal 0 0 1
    outer loop
      vertex -38.856421188557945 23.409410652488816 0.6
      vertex -38.71529905038723 25.56251840891798 0.6
      vertex -38.856421188557945 25.590589347511184 0.6
    endloop
  endfacet
  facet normal 0 0 1
    outer loop
      vertex -38.5790482243984 23.483732514237573 0.6
      vertex -38.45 25.452627944162884 0.6
      vertex -38.5790482243984 25.516267485762427 0.6
    endloop
  endfacet
  facet normal 0 0 1
    outer loop
      vertex -38.71529905038723 23.43748159108202 0.6
      vertex -38.5790482243984 25.516267485762427 0.6
      vertex -38.71529905038723 25.56251840891798 0.6
    endloop
  endfacet
  facet normal 0 0 1
    outer loop
      vertex -38.45 23.547372055837116 0.6
      vertex -38.33036242809041 25.372688674320358 0.6
      vertex -38.45 25.452627944162884 0.6
    endloop
  endfacet
  facet normal 0 0 1
    outer loop
      vertex -38.33036242809041 23.627311325679642 0.6
      vertex -38.222182540694796 25.277817459305197 0.6
      vertex -38.33036242809041 25.372688674320358 0.6
    endloop
  endfacet
  facet normal 0 0 1
    outer loop
      vertex -38.33036242809041 23.627311325679642 0.6
      vertex -38.222182540694796 23.722182540694803 0.6
      vertex -38.222182540694796 25.277817459305197 0.6
    endloop
  endfacet
  facet normal 0 0 1
    outer loop
      vertex -38.222182540694796 23.722182540694803 0.6
      vertex -38.12731132567964 23.83036242809041 0.6
      vertex -38.12731132567964 25.16963757190959 0.6
    endloop
  endfacet
  facet normal 0 0 1
    outer loop
      vertex -38.12731132567964 23.83036242809041 0.6
      vertex -38.047372055837116 23.94999999999999 0.6
      vertex -38.047372055837116 25.05000000000001 0.6
    endloop
  endfacet
  facet normal 0 0 1
    outer loop
      vertex -38.047372055837116 23.94999999999999 0.6
      vertex -37.98373251423759 24.079048224398406 0.6
      vertex -37.98373251423759 24.920951775601594 0.6
    endloop
  endfacet
  facet normal 0 0 1
    outer loop
      vertex -37.98373251423759 24.079048224398406 0.6
      vertex -37.937481591082026 24.215299050387216 0.6
      vertex -37.937481591082026 24.784700949612784 0.6
    endloop
  endfacet
  facet normal 0 0 1
    outer loop
      vertex -37.937481591082026 24.215299050387216 0.6
      vertex -37.90941065248881 24.35642118855793 0.6
      vertex -37.90941065248881 24.64357881144207 0.6
    endloop
  endfacet
  facet normal 0 0 1
    outer loop
      vertex -38.12731132567964 23.83036242809041 0.6
      vertex -38.047372055837116 25.05000000000001 0.6
      vertex -38.12731132567964 25.16963757190959 0.6
    endloop
  endfacet
  facet normal 0 0 1
    outer loop
      vertex -37.90941065248881 24.35642118855793 0.6
      vertex -37.9 24.5 0.6
      vertex -37.90941065248881 24.64357881144207 0.6
    endloop
  endfacet
  facet normal 0 0 1
    outer loop
      vertex -37.937481591082026 24.215299050387216 0.6
      vertex -37.90941065248881 24.64357881144207 0.6
      vertex -37.937481591082026 24.784700949612784 0.6
    endloop
  endfacet
  facet normal 0 0 1
    outer loop
      vertex -38.047372055837116 23.94999999999999 0.6
      vertex -37.98373251423759 24.920951775601594 0.6
      vertex -38.047372055837116 25.05000000000001 0.6
    endloop
  endfacet
  facet normal 0 0 1
    outer loop
      vertex -37.98373251423759 24.079048224398406 0.6
      vertex -37.937481591082026 24.784700949612784 0.6
      vertex -37.98373251423759 24.920951775601594 0.6
    endloop
  endfacet
  facet normal 0 0 1
    outer loop
      vertex -38.222182540694796 23.722182540694803 0.6
      vertex -38.12731132567964 25.16963757190959 0.6
      vertex -38.222182540694796 25.277817459305197 0.6
    endloop
  endfacet
  facet normal 0.8968727415327233 0.4422886902189304 -6.112257219853018e-19
    outer loop
      vertex -39.952627944162884 23.94999999999999 0.6
      vertex -40.01626748576241 24.079048224398406 0.6
      vertex -40.01626748576241 24.079048224398406 6
    endloop
  endfacet
  facet normal 0.9469301294950906 0.3214394653032058 -3.301101399812978e-19
    outer loop
      vertex -40.01626748576241 24.079048224398406 0.6
      vertex -40.062518408917974 24.215299050387216 0.6
      vertex -40.062518408917974 24.215299050387216 6
    endloop
  endfacet
  facet normal 0.9807852804032293 0.19509032201613385 7.917198258107179e-20
    outer loop
      vertex -40.062518408917974 24.215299050387216 0.6
      vertex -40.09058934751119 24.35642118855793 0.6
      vertex -40.09058934751119 24.35642118855793 6
    endloop
  endfacet
  facet normal 0.9978589232386029 0.06540312923015078 6.344559154472619e-20
    outer loop
      vertex -40.09058934751119 24.35642118855793 0.6
      vertex -40.1 24.5 0.6
      vertex -40.1 24.5 6
    endloop
  endfacet
  facet normal 0.9978589232386029 -0.06540312923015078 -6.344559154472619e-20
    outer loop
      vertex -40.1 24.5 0.6
      vertex -40.09058934751119 24.64357881144207 0.6
      vertex -40.09058934751119 24.64357881144207 6
    endloop
  endfacet
  facet normal 0.9807852804032293 -0.19509032201613385 -7.917198258107179e-20
    outer loop
      vertex -40.09058934751119 24.64357881144207 0.6
      vertex -40.062518408917974 24.784700949612784 0.6
      vertex -40.062518408917974 24.784700949612784 6
    endloop
  endfacet
  facet normal 0.9469301294950906 -0.3214394653032058 3.301101399812978e-19
    outer loop
      vertex -40.062518408917974 24.784700949612784 0.6
      vertex -40.01626748576241 24.920951775601594 0.6
      vertex -40.01626748576241 24.920951775601594 6
    endloop
  endfacet
  facet normal 0.8968727415327233 -0.4422886902189304 6.112257219853018e-19
    outer loop
      vertex -40.01626748576241 24.920951775601594 0.6
      vertex -39.952627944162884 25.05000000000001 0.6
      vertex -39.952627944162884 25.05000000000001 6
    endloop
  endfacet
  facet normal 0.6593458151000686 0.7518398074789776 0
    outer loop
      vertex -39.777817459305204 23.722182540694803 0.6
      vertex -39.777817459305204 23.722182540694803 6
      vertex -39.66963757190959 23.627311325679642 0.6
    endloop
  endfacet
  facet normal 0.5555702330196156 0.8314696123025362 0
    outer loop
      vertex -39.66963757190959 23.627311325679642 0.6
      vertex -39.66963757190959 23.627311325679642 6
      vertex -39.55 23.547372055837116 0.6
    endloop
  endfacet
  facet normal 0.3214394653031164 0.946930129495121 0
    outer loop
      vertex -39.4209517756016 23.483732514237573 0.6
      vertex -39.4209517756016 23.483732514237573 6
      vertex -39.28470094961277 23.43748159108202 0.6
    endloop
  endfacet
  facet normal 0.19509032201603882 0.9807852804032482 2.4116190150708727e-19
    outer loop
      vertex -39.143578811442055 23.409410652488816 0.6
      vertex -39.28470094961277 23.43748159108202 0.6
      vertex -39.28470094961277 23.43748159108202 6
    endloop
  endfacet
  facet normal 0.4422886902190686 0.8968727415326551 0
    outer loop
      vertex -39.55 23.547372055837116 0.6
      vertex -39.55 23.547372055837116 6
      vertex -39.4209517756016 23.483732514237573 0.6
    endloop
  endfacet
  facet normal 0.7518398074789806 0.6593458151000652 4.0649259187749105e-20
    outer loop
      vertex -39.777817459305204 23.722182540694803 0.6
      vertex -39.87268867432036 23.83036242809041 0.6
      vertex -39.87268867432036 23.83036242809041 6
    endloop
  endfacet
  facet normal 0.8314696123025057 0.5555702330196612 0
    outer loop
      vertex -39.952627944162884 23.94999999999999 0.6
      vertex -39.952627944162884 23.94999999999999 6
      vertex -39.87268867432036 23.83036242809041 0.6
    endloop
  endfacet
  facet normal 0.06540312923015723 0.9978589232386026 0
    outer loop
      vertex -39.143578811442055 23.409410652488816 0.6
      vertex -39.143578811442055 23.409410652488816 6
      vertex -39 23.400000000000006 0.6
    endloop
  endfacet
  facet normal -0.06540312923015723 0.9978589232386026 0
    outer loop
      vertex -39 23.400000000000006 0.6
      vertex -39 23.400000000000006 6
      vertex -38.856421188557945 23.409410652488816 0.6
    endloop
  endfacet
  facet normal -0.19509032201603882 0.9807852804032482 0
    outer loop
      vertex -38.856421188557945 23.409410652488816 0.6
      vertex -38.856421188557945 23.409410652488816 6
      vertex -38.71529905038723 23.43748159108202 0.6
    endloop
  endfacet
  facet normal -0.3214394653031164 0.946930129495121 0
    outer loop
      vertex -38.71529905038723 23.43748159108202 0.6
      vertex -38.71529905038723 23.43748159108202 6
      vertex -38.5790482243984 23.483732514237573 0.6
    endloop
  endfacet
  facet normal -0.4422886902190686 0.8968727415326551 0
    outer loop
      vertex -38.5790482243984 23.483732514237573 0.6
      vertex -38.5790482243984 23.483732514237573 6
      vertex -38.45 23.547372055837116 0.6
    endloop
  endfacet
  facet normal -0.5555702330196156 0.8314696123025362 0
    outer loop
      vertex -38.45 23.547372055837116 0.6
      vertex -38.45 23.547372055837116 6
      vertex -38.33036242809041 23.627311325679642 0.6
    endloop
  endfacet
  facet normal -0.6593458151000686 0.7518398074789776 0
    outer loop
      vertex -38.33036242809041 23.627311325679642 0.6
      vertex -38.33036242809041 23.627311325679642 6
      vertex -38.222182540694796 23.722182540694803 0.6
    endloop
  endfacet
  facet normal 0.8314696123025057 -0.5555702330196612 5.880157621108516e-19
    outer loop
      vertex -39.952627944162884 25.05000000000001 0.6
      vertex -39.87268867432036 25.16963757190959 0.6
      vertex -39.87268867432036 25.16963757190959 6
    endloop
  endfacet
  facet normal -0.7518398074789806 0.6593458151000652 0
    outer loop
      vertex -38.222182540694796 23.722182540694803 0.6
      vertex -38.222182540694796 23.722182540694803 6
      vertex -38.12731132567964 23.83036242809041 0.6
    endloop
  endfacet
  facet normal -0.8314696123025057 0.5555702330196612 0
    outer loop
      vertex -38.12731132567964 23.83036242809041 0.6
      vertex -38.12731132567964 23.83036242809041 6
      vertex -38.047372055837116 23.94999999999999 0.6
    endloop
  endfacet
  facet normal -0.8968727415327233 0.4422886902189304 0
    outer loop
      vertex -38.047372055837116 23.94999999999999 0.6
      vertex -38.047372055837116 23.94999999999999 6
      vertex -37.98373251423759 24.079048224398406 0.6
    endloop
  endfacet
  facet normal -0.9469301294950906 0.3214394653032058 0
    outer loop
      vertex -37.98373251423759 24.079048224398406 0.6
      vertex -37.98373251423759 24.079048224398406 6
      vertex -37.937481591082026 24.215299050387216 0.6
    endloop
  endfacet
  facet normal -0.9807852804032293 0.19509032201613385 0
    outer loop
      vertex -37.937481591082026 24.215299050387216 0.6
      vertex -37.937481591082026 24.215299050387216 6
      vertex -37.90941065248881 24.35642118855793 0.6
    endloop
  endfacet
  facet normal -0.9978589232386029 0.06540312923015078 0
    outer loop
      vertex -37.90941065248881 24.35642118855793 0.6
      vertex -37.90941065248881 24.35642118855793 6
      vertex -37.9 24.5 0.6
    endloop
  endfacet
  facet normal -0.9978589232386029 -0.06540312923015078 0
    outer loop
      vertex -37.9 24.5 0.6
      vertex -37.9 24.5 6
      vertex -37.90941065248881 24.64357881144207 0.6
    endloop
  endfacet
  facet normal -0.9807852804032293 -0.19509032201613385 0
    outer loop
      vertex -37.90941065248881 24.64357881144207 0.6
      vertex -37.90941065248881 24.64357881144207 6
      vertex -37.937481591082026 24.784700949612784 0.6
    endloop
  endfacet
  facet normal -0.9469301294950906 -0.3214394653032058 0
    outer loop
      vertex -37.937481591082026 24.784700949612784 0.6
      vertex -37.937481591082026 24.784700949612784 6
      vertex -37.98373251423759 24.920951775601594 0.6
    endloop
  endfacet
  facet normal -0.8314696123025057 -0.5555702330196612 -5.880157621108516e-19
    outer loop
      vertex -38.12731132567964 25.16963757190959 0.6
      vertex -38.047372055837116 25.05000000000001 0.6
      vertex -38.047372055837116 25.05000000000001 6
    endloop
  endfacet
  facet normal -0.8968727415327233 -0.4422886902189304 0
    outer loop
      vertex -37.98373251423759 24.920951775601594 0.6
      vertex -37.98373251423759 24.920951775601594 6
      vertex -38.047372055837116 25.05000000000001 0.6
    endloop
  endfacet
  facet normal 0.7518398074789806 -0.6593458151000652 -4.0649259187749105e-20
    outer loop
      vertex -39.87268867432036 25.16963757190959 0.6
      vertex -39.777817459305204 25.277817459305197 0.6
      vertex -39.777817459305204 25.277817459305197 6
    endloop
  endfacet
  facet normal 0.6593458151000686 -0.7518398074789776 -7.164295260322507e-19
    outer loop
      vertex -39.777817459305204 25.277817459305197 0.6
      vertex -39.66963757190959 25.372688674320358 0.6
      vertex -39.66963757190959 25.372688674320358 6
    endloop
  endfacet
  facet normal 0.5555702330196156 -0.8314696123025362 2.810269379007479e-19
    outer loop
      vertex -39.66963757190959 25.372688674320358 0.6
      vertex -39.55 25.452627944162884 0.6
      vertex -39.55 25.452627944162884 6
    endloop
  endfacet
  facet normal 0.4422886902190686 -0.8968727415326551 9.692649022038752e-19
    outer loop
      vertex -39.55 25.452627944162884 0.6
      vertex -39.4209517756016 25.516267485762427 0.6
      vertex -39.4209517756016 25.516267485762427 6
    endloop
  endfacet
  facet normal 0.3214394653031164 -0.946930129495121 -2.3259893882497043e-19
    outer loop
      vertex -39.4209517756016 25.516267485762427 0.6
      vertex -39.28470094961277 25.56251840891798 0.6
      vertex -39.28470094961277 25.56251840891798 6
    endloop
  endfacet
  facet normal 0.19509032201603882 -0.9807852804032482 -2.4116190150708727e-19
    outer loop
      vertex -39.28470094961277 25.56251840891798 0.6
      vertex -39.143578811442055 25.590589347511184 0.6
      vertex -39.143578811442055 25.590589347511184 6
    endloop
  endfacet
  facet normal 0.06540312923015723 -0.9978589232386026 1.0085408360156693e-20
    outer loop
      vertex -39.143578811442055 25.590589347511184 0.6
      vertex -39 25.599999999999994 0.6
      vertex -39 25.599999999999994 6
    endloop
  endfacet
  facet normal -0.06540312923015723 -0.9978589232386026 -1.0085408360156693e-20
    outer loop
      vertex -39 25.599999999999994 0.6
      vertex -38.856421188557945 25.590589347511184 0.6
      vertex -38.856421188557945 25.590589347511184 6
    endloop
  endfacet
  facet normal -0.19509032201603882 -0.9807852804032482 0
    outer loop
      vertex -38.71529905038723 25.56251840891798 0.6
      vertex -38.71529905038723 25.56251840891798 6
      vertex -38.856421188557945 25.590589347511184 0.6
    endloop
  endfacet
  facet normal -0.5555702330196156 -0.8314696123025362 0
    outer loop
      vertex -38.33036242809041 25.372688674320358 0.6
      vertex -38.33036242809041 25.372688674320358 6
      vertex -38.45 25.452627944162884 0.6
    endloop
  endfacet
  facet normal -0.3214394653031164 -0.946930129495121 2.3259893882497043e-19
    outer loop
      vertex -38.71529905038723 25.56251840891798 0.6
      vertex -38.5790482243984 25.516267485762427 0.6
      vertex -38.5790482243984 25.516267485762427 6
    endloop
  endfacet
  facet normal -0.4422886902190686 -0.8968727415326551 -9.692649022038752e-19
    outer loop
      vertex -38.5790482243984 25.516267485762427 0.6
      vertex -38.45 25.452627944162884 0.6
      vertex -38.45 25.452627944162884 6
    endloop
  endfacet
  facet normal -0.7518398074789806 -0.6593458151000652 0
    outer loop
      vertex -38.12731132567964 25.16963757190959 0.6
      vertex -38.12731132567964 25.16963757190959 6
      vertex -38.222182540694796 25.277817459305197 0.6
    endloop
  endfacet
  facet normal -0.6593458151000686 -0.7518398074789776 7.164295260322507e-19
    outer loop
      vertex -38.33036242809041 25.372688674320358 0.6
      vertex -38.222182540694796 25.277817459305197 0.6
      vertex -38.222182540694796 25.277817459305197 6
    endloop
  endfacet
  facet normal 0.8968727415327233 0.4422886902189304 0
    outer loop
      vertex -39.952627944162884 23.94999999999999 0.6
      vertex -40.01626748576241 24.079048224398406 6
      vertex -39.952627944162884 23.94999999999999 6
    endloop
  endfacet
  facet normal 0.9469301294950906 0.3214394653032058 0
    outer loop
      vertex -40.01626748576241 24.079048224398406 0.6
      vertex -40.062518408917974 24.215299050387216 6
      vertex -40.01626748576241 24.079048224398406 6
    endloop
  endfacet
  facet normal 0.9807852804032293 0.19509032201613385 0
    outer loop
      vertex -40.062518408917974 24.215299050387216 0.6
      vertex -40.09058934751119 24.35642118855793 6
      vertex -40.062518408917974 24.215299050387216 6
    endloop
  endfacet
  facet normal 0.9978589232386029 0.06540312923015078 0
    outer loop
      vertex -40.09058934751119 24.35642118855793 0.6
      vertex -40.1 24.5 6
      vertex -40.09058934751119 24.35642118855793 6
    endloop
  endfacet
  facet normal 0.9978589232386029 -0.06540312923015078 0
    outer loop
      vertex -40.1 24.5 0.6
      vertex -40.09058934751119 24.64357881144207 6
      vertex -40.1 24.5 6
    endloop
  endfacet
  facet normal 0.9807852804032293 -0.19509032201613385 0
    outer loop
      vertex -40.09058934751119 24.64357881144207 0.6
      vertex -40.062518408917974 24.784700949612784 6
      vertex -40.09058934751119 24.64357881144207 6
    endloop
  endfacet
  facet normal 0.9469301294950906 -0.3214394653032058 0
    outer loop
      vertex -40.062518408917974 24.784700949612784 0.6
      vertex -40.01626748576241 24.920951775601594 6
      vertex -40.062518408917974 24.784700949612784 6
    endloop
  endfacet
  facet normal 0.8968727415327233 -0.4422886902189304 0
    outer loop
      vertex -40.01626748576241 24.920951775601594 0.6
      vertex -39.952627944162884 25.05000000000001 6
      vertex -40.01626748576241 24.920951775601594 6
    endloop
  endfacet
  facet normal 0.5555702330196156 0.8314696123025362 0
    outer loop
      vertex -39.55 23.547372055837116 0.6
      vertex -39.66963757190959 23.627311325679642 6
      vertex -39.55 23.547372055837116 6
    endloop
  endfacet
  facet normal 0.6593458151000686 0.7518398074789776 0
    outer loop
      vertex -39.66963757190959 23.627311325679642 0.6
      vertex -39.777817459305204 23.722182540694803 6
      vertex -39.66963757190959 23.627311325679642 6
    endloop
  endfacet
  facet normal 0.3214394653031164 0.946930129495121 0
    outer loop
      vertex -39.28470094961277 23.43748159108202 0.6
      vertex -39.4209517756016 23.483732514237573 6
      vertex -39.28470094961277 23.43748159108202 6
    endloop
  endfacet
  facet normal 0.19509032201603882 0.9807852804032482 0
    outer loop
      vertex -39.143578811442055 23.409410652488816 0.6
      vertex -39.28470094961277 23.43748159108202 6
      vertex -39.143578811442055 23.409410652488816 6
    endloop
  endfacet
  facet normal 0.4422886902190686 0.8968727415326551 0
    outer loop
      vertex -39.4209517756016 23.483732514237573 0.6
      vertex -39.55 23.547372055837116 6
      vertex -39.4209517756016 23.483732514237573 6
    endloop
  endfacet
  facet normal 0.7518398074789806 0.6593458151000652 0
    outer loop
      vertex -39.777817459305204 23.722182540694803 0.6
      vertex -39.87268867432036 23.83036242809041 6
      vertex -39.777817459305204 23.722182540694803 6
    endloop
  endfacet
  facet normal 0.8314696123025057 0.5555702330196612 0
    outer loop
      vertex -39.87268867432036 23.83036242809041 0.6
      vertex -39.952627944162884 23.94999999999999 6
      vertex -39.87268867432036 23.83036242809041 6
    endloop
  endfacet
  facet normal 0.06540312923015723 0.9978589232386026 0
    outer loop
      vertex -39 23.400000000000006 0.6
      vertex -39.143578811442055 23.409410652488816 6
      vertex -39 23.400000000000006 6
    endloop
  endfacet
  facet normal -0.06540312923015723 0.9978589232386026 0
    outer loop
      vertex -38.856421188557945 23.409410652488816 0.6
      vertex -39 23.400000000000006 6
      vertex -38.856421188557945 23.409410652488816 6
    endloop
  endfacet
  facet normal -0.19509032201603882 0.9807852804032482 0
    outer loop
      vertex -38.71529905038723 23.43748159108202 0.6
      vertex -38.856421188557945 23.409410652488816 6
      vertex -38.71529905038723 23.43748159108202 6
    endloop
  endfacet
  facet normal -0.3214394653031164 0.946930129495121 0
    outer loop
      vertex -38.5790482243984 23.483732514237573 0.6
      vertex -38.71529905038723 23.43748159108202 6
      vertex -38.5790482243984 23.483732514237573 6
    endloop
  endfacet
  facet normal -0.4422886902190686 0.8968727415326551 0
    outer loop
      vertex -38.45 23.547372055837116 0.6
      vertex -38.5790482243984 23.483732514237573 6
      vertex -38.45 23.547372055837116 6
    endloop
  endfacet
  facet normal -0.5555702330196156 0.8314696123025362 0
    outer loop
      vertex -38.33036242809041 23.627311325679642 0.6
      vertex -38.45 23.547372055837116 6
      vertex -38.33036242809041 23.627311325679642 6
    endloop
  endfacet
  facet normal 0.8314696123025057 -0.5555702330196612 0
    outer loop
      vertex -39.952627944162884 25.05000000000001 0.6
      vertex -39.87268867432036 25.16963757190959 6
      vertex -39.952627944162884 25.05000000000001 6
    endloop
  endfacet
  facet normal -0.6593458151000686 0.7518398074789776 0
    outer loop
      vertex -38.222182540694796 23.722182540694803 0.6
      vertex -38.33036242809041 23.627311325679642 6
      vertex -38.222182540694796 23.722182540694803 6
    endloop
  endfacet
  facet normal -0.7518398074789806 0.6593458151000652 0
    outer loop
      vertex -38.12731132567964 23.83036242809041 0.6
      vertex -38.222182540694796 23.722182540694803 6
      vertex -38.12731132567964 23.83036242809041 6
    endloop
  endfacet
  facet normal -0.8314696123025057 0.5555702330196612 0
    outer loop
      vertex -38.047372055837116 23.94999999999999 0.6
      vertex -38.12731132567964 23.83036242809041 6
      vertex -38.047372055837116 23.94999999999999 6
    endloop
  endfacet
  facet normal -0.8968727415327233 0.4422886902189304 0
    outer loop
      vertex -37.98373251423759 24.079048224398406 0.6
      vertex -38.047372055837116 23.94999999999999 6
      vertex -37.98373251423759 24.079048224398406 6
    endloop
  endfacet
  facet normal -0.9469301294950906 0.3214394653032058 0
    outer loop
      vertex -37.937481591082026 24.215299050387216 0.6
      vertex -37.98373251423759 24.079048224398406 6
      vertex -37.937481591082026 24.215299050387216 6
    endloop
  endfacet
  facet normal -0.9807852804032293 0.19509032201613385 0
    outer loop
      vertex -37.90941065248881 24.35642118855793 0.6
      vertex -37.937481591082026 24.215299050387216 6
      vertex -37.90941065248881 24.35642118855793 6
    endloop
  endfacet
  facet normal -0.9978589232386029 0.06540312923015078 0
    outer loop
      vertex -37.9 24.5 0.6
      vertex -37.90941065248881 24.35642118855793 6
      vertex -37.9 24.5 6
    endloop
  endfacet
  facet normal -0.9978589232386029 -0.06540312923015078 0
    outer loop
      vertex -37.90941065248881 24.64357881144207 0.6
      vertex -37.9 24.5 6
      vertex -37.90941065248881 24.64357881144207 6
    endloop
  endfacet
  facet normal -0.9807852804032293 -0.19509032201613385 0
    outer loop
      vertex -37.937481591082026 24.784700949612784 0.6
      vertex -37.90941065248881 24.64357881144207 6
      vertex -37.937481591082026 24.784700949612784 6
    endloop
  endfacet
  facet normal -0.9469301294950906 -0.3214394653032058 0
    outer loop
      vertex -37.98373251423759 24.920951775601594 0.6
      vertex -37.937481591082026 24.784700949612784 6
      vertex -37.98373251423759 24.920951775601594 6
    endloop
  endfacet
  facet normal -0.8314696123025057 -0.5555702330196612 0
    outer loop
      vertex -38.12731132567964 25.16963757190959 0.6
      vertex -38.047372055837116 25.05000000000001 6
      vertex -38.12731132567964 25.16963757190959 6
    endloop
  endfacet
  facet normal -0.8968727415327233 -0.4422886902189304 0
    outer loop
      vertex -38.047372055837116 25.05000000000001 0.6
      vertex -37.98373251423759 24.920951775601594 6
      vertex -38.047372055837116 25.05000000000001 6
    endloop
  endfacet
  facet normal 0.7518398074789806 -0.6593458151000652 0
    outer loop
      vertex -39.87268867432036 25.16963757190959 0.6
      vertex -39.777817459305204 25.277817459305197 6
      vertex -39.87268867432036 25.16963757190959 6
    endloop
  endfacet
  facet normal 0.6593458151000686 -0.7518398074789776 0
    outer loop
      vertex -39.777817459305204 25.277817459305197 0.6
      vertex -39.66963757190959 25.372688674320358 6
      vertex -39.777817459305204 25.277817459305197 6
    endloop
  endfacet
  facet normal 0.5555702330196156 -0.8314696123025362 0
    outer loop
      vertex -39.66963757190959 25.372688674320358 0.6
      vertex -39.55 25.452627944162884 6
      vertex -39.66963757190959 25.372688674320358 6
    endloop
  endfacet
  facet normal 0.4422886902190686 -0.8968727415326551 0
    outer loop
      vertex -39.55 25.452627944162884 0.6
      vertex -39.4209517756016 25.516267485762427 6
      vertex -39.55 25.452627944162884 6
    endloop
  endfacet
  facet normal 0.3214394653031164 -0.946930129495121 0
    outer loop
      vertex -39.4209517756016 25.516267485762427 0.6
      vertex -39.28470094961277 25.56251840891798 6
      vertex -39.4209517756016 25.516267485762427 6
    endloop
  endfacet
  facet normal 0.19509032201603882 -0.9807852804032482 0
    outer loop
      vertex -39.28470094961277 25.56251840891798 0.6
      vertex -39.143578811442055 25.590589347511184 6
      vertex -39.28470094961277 25.56251840891798 6
    endloop
  endfacet
  facet normal 0.06540312923015723 -0.9978589232386026 0
    outer loop
      vertex -39.143578811442055 25.590589347511184 0.6
      vertex -39 25.599999999999994 6
      vertex -39.143578811442055 25.590589347511184 6
    endloop
  endfacet
  facet normal -0.06540312923015723 -0.9978589232386026 0
    outer loop
      vertex -39 25.599999999999994 0.6
      vertex -38.856421188557945 25.590589347511184 6
      vertex -39 25.599999999999994 6
    endloop
  endfacet
  facet normal -0.19509032201603882 -0.9807852804032482 0
    outer loop
      vertex -38.856421188557945 25.590589347511184 0.6
      vertex -38.71529905038723 25.56251840891798 6
      vertex -38.856421188557945 25.590589347511184 6
    endloop
  endfacet
  facet normal -0.5555702330196156 -0.8314696123025362 0
    outer loop
      vertex -38.45 25.452627944162884 0.6
      vertex -38.33036242809041 25.372688674320358 6
      vertex -38.45 25.452627944162884 6
    endloop
  endfacet
  facet normal -0.6593458151000686 -0.7518398074789776 0
    outer loop
      vertex -38.33036242809041 25.372688674320358 0.6
      vertex -38.222182540694796 25.277817459305197 6
      vertex -38.33036242809041 25.372688674320358 6
    endloop
  endfacet
  facet normal -0.3214394653031164 -0.946930129495121 0
    outer loop
      vertex -38.71529905038723 25.56251840891798 0.6
      vertex -38.5790482243984 25.516267485762427 6
      vertex -38.71529905038723 25.56251840891798 6
    endloop
  endfacet
  facet normal -0.4422886902190686 -0.8968727415326551 0
    outer loop
      vertex -38.5790482243984 25.516267485762427 0.6
      vertex -38.45 25.452627944162884 6
      vertex -38.5790482243984 25.516267485762427 6
    endloop
  endfacet
  facet normal -0.7518398074789806 -0.6593458151000652 0
    outer loop
      vertex -38.222182540694796 25.277817459305197 0.6
      vertex -38.12731132567964 25.16963757190959 6
      vertex -38.222182540694796 25.277817459305197 6
    endloop
  endfacet
  facet normal 0 0 1
    outer loop
      vertex 18.330362428090407 23.627311325679642 0.6
      vertex 18.45 23.547372055837116 0.6
      vertex 18.45 25.452627944162884 0.6
    endloop
  endfacet
  facet normal 0 0 1
    outer loop
      vertex 18.45 23.547372055837116 0.6
      vertex 18.579048224398402 23.483732514237573 0.6
      vertex 18.579048224398402 25.516267485762427 0.6
    endloop
  endfacet
  facet normal 0 0 1
    outer loop
      vertex 17.937481591082026 24.215299050387216 0.6
      vertex 17.937481591082026 24.784700949612784 0.6
      vertex 17.90941065248881 24.35642118855793 0.6
    endloop
  endfacet
  facet normal 0 0 1
    outer loop
      vertex 18.127311325679642 23.83036242809041 0.6
      vertex 18.127311325679642 25.16963757190959 0.6
      vertex 18.04737205583712 23.94999999999999 0.6
    endloop
  endfacet
  facet normal 0 0 1
    outer loop
      vertex 17.983732514237584 24.079048224398406 0.6
      vertex 18.04737205583712 23.94999999999999 0.6
      vertex 18.04737205583712 25.05000000000001 0.6
    endloop
  endfacet
  facet normal 0 0 1
    outer loop
      vertex 17.983732514237584 24.079048224398406 0.6
      vertex 17.983732514237584 24.920951775601594 0.6
      vertex 17.937481591082026 24.215299050387216 0.6
    endloop
  endfacet
  facet normal 0 0 1
    outer loop
      vertex 17.90941065248881 24.35642118855793 0.6
      vertex 17.90941065248881 24.64357881144207 0.6
      vertex 17.9 24.5 0.6
    endloop
  endfacet
  facet normal 0 0 1
    outer loop
      vertex 17.90941065248881 24.35642118855793 0.6
      vertex 17.937481591082026 24.784700949612784 0.6
      vertex 17.90941065248881 24.64357881144207 0.6
    endloop
  endfacet
  facet normal 0 0 1
    outer loop
      vertex 17.937481591082026 24.215299050387216 0.6
      vertex 17.983732514237584 24.920951775601594 0.6
      vertex 17.937481591082026 24.784700949612784 0.6
    endloop
  endfacet
  facet normal 0 0 1
    outer loop
      vertex 17.983732514237584 24.079048224398406 0.6
      vertex 18.04737205583712 25.05000000000001 0.6
      vertex 17.983732514237584 24.920951775601594 0.6
    endloop
  endfacet
  facet normal 0 0 1
    outer loop
      vertex 18.2221825406948 23.722182540694803 0.6
      vertex 18.2221825406948 25.277817459305197 0.6
      vertex 18.127311325679642 23.83036242809041 0.6
    endloop
  endfacet
  facet normal 0 0 1
    outer loop
      vertex 18.2221825406948 23.722182540694803 0.6
      vertex 18.330362428090407 23.627311325679642 0.6
      vertex 18.330362428090407 25.372688674320358 0.6
    endloop
  endfacet
  facet normal 0 0 1
    outer loop
      vertex 18.04737205583712 23.94999999999999 0.6
      vertex 18.127311325679642 25.16963757190959 0.6
      vertex 18.04737205583712 25.05000000000001 0.6
    endloop
  endfacet
  facet normal 0 0 1
    outer loop
      vertex 18.127311325679642 23.83036242809041 0.6
      vertex 18.2221825406948 25.277817459305197 0.6
      vertex 18.127311325679642 25.16963757190959 0.6
    endloop
  endfacet
  facet normal 0 0 1
    outer loop
      vertex 18.2221825406948 23.722182540694803 0.6
      vertex 18.330362428090407 25.372688674320358 0.6
      vertex 18.2221825406948 25.277817459305197 0.6
    endloop
  endfacet
  facet normal 0 0 1
    outer loop
      vertex 18.330362428090407 23.627311325679642 0.6
      vertex 18.45 25.452627944162884 0.6
      vertex 18.330362428090407 25.372688674320358 0.6
    endloop
  endfacet
  facet normal 0 0 1
    outer loop
      vertex 18.45 23.547372055837116 0.6
      vertex 18.579048224398402 25.516267485762427 0.6
      vertex 18.45 25.452627944162884 0.6
    endloop
  endfacet
  facet normal 0 0 1
    outer loop
      vertex 18.579048224398402 23.483732514237573 0.6
      vertex 18.715299050387227 23.43748159108202 0.6
      vertex 18.715299050387227 25.56251840891798 0.6
    endloop
  endfacet
  facet normal 0 0 1
    outer loop
      vertex 18.856421188557942 23.409410652488816 0.6
      vertex 18.856421188557942 25.590589347511184 0.6
      vertex 18.715299050387227 23.43748159108202 0.6
    endloop
  endfacet
  facet normal 0 0 1
    outer loop
      vertex 18.856421188557942 23.409410652488816 0.6
      vertex 19 23.400000000000006 0.6
      vertex 19 25.599999999999994 0.6
    endloop
  endfacet
  facet normal 0 0 1
    outer loop
      vertex 19 23.400000000000006 0.6
      vertex 19.143578811442058 23.409410652488816 0.6
      vertex 19.143578811442058 25.590589347511184 0.6
    endloop
  endfacet
  facet normal 0 0 1
    outer loop
      vertex 19.143578811442058 23.409410652488816 0.6
      vertex 19.284700949612773 23.43748159108202 0.6
      vertex 19.284700949612773 25.56251840891798 0.6
    endloop
  endfacet
  facet normal 0 0 1
    outer loop
      vertex 19.284700949612773 23.43748159108202 0.6
      vertex 19.420951775601598 23.483732514237573 0.6
      vertex 19.420951775601598 25.516267485762427 0.6
    endloop
  endfacet
  facet normal 0 0 1
    outer loop
      vertex 19.420951775601598 23.483732514237573 0.6
      vertex 19.55 23.547372055837116 0.6
      vertex 19.55 25.452627944162884 0.6
    endloop
  endfacet
  facet normal 0 0 1
    outer loop
      vertex 19.55 23.547372055837116 0.6
      vertex 19.669637571909593 23.627311325679642 0.6
      vertex 19.669637571909593 25.372688674320358 0.6
    endloop
  endfacet
  facet normal 0 0 1
    outer loop
      vertex 19.669637571909593 23.627311325679642 0.6
      vertex 19.7778174593052 23.722182540694803 0.6
      vertex 19.7778174593052 25.277817459305197 0.6
    endloop
  endfacet
  facet normal 0 0 1
    outer loop
      vertex 18.579048224398402 23.483732514237573 0.6
      vertex 18.715299050387227 25.56251840891798 0.6
      vertex 18.579048224398402 25.516267485762427 0.6
    endloop
  endfacet
  facet normal 0 0 1
    outer loop
      vertex 18.715299050387227 23.43748159108202 0.6
      vertex 18.856421188557942 25.590589347511184 0.6
      vertex 18.715299050387227 25.56251840891798 0.6
    endloop
  endfacet
  facet normal 0 0 1
    outer loop
      vertex 18.856421188557942 23.409410652488816 0.6
      vertex 19 25.599999999999994 0.6
      vertex 18.856421188557942 25.590589347511184 0.6
    endloop
  endfacet
  facet normal 0 0 1
    outer loop
      vertex 19 23.400000000000006 0.6
      vertex 19.143578811442058 25.590589347511184 0.6
      vertex 19 25.599999999999994 0.6
    endloop
  endfacet
  facet normal 0 0 1
    outer loop
      vertex 19.143578811442058 23.409410652488816 0.6
      vertex 19.284700949612773 25.56251840891798 0.6
      vertex 19.143578811442058 25.590589347511184 0.6
    endloop
  endfacet
  facet normal 0 0 1
    outer loop
      vertex 19.284700949612773 23.43748159108202 0.6
      vertex 19.420951775601598 25.516267485762427 0.6
      vertex 19.284700949612773 25.56251840891798 0.6
    endloop
  endfacet
  facet normal 0 0 1
    outer loop
      vertex 19.7778174593052 23.722182540694803 0.6
      vertex 19.872688674320358 23.83036242809041 0.6
      vertex 19.872688674320358 25.16963757190959 0.6
    endloop
  endfacet
  facet normal 0 0 1
    outer loop
      vertex 19.872688674320358 23.83036242809041 0.6
      vertex 19.95262794416288 23.94999999999999 0.6
      vertex 19.95262794416288 25.05000000000001 0.6
    endloop
  endfacet
  facet normal 0 0 1
    outer loop
      vertex 19.95262794416288 23.94999999999999 0.6
      vertex 20.016267485762416 24.079048224398406 0.6
      vertex 20.016267485762416 24.920951775601594 0.6
    endloop
  endfacet
  facet normal 0 0 1
    outer loop
      vertex 20.016267485762416 24.079048224398406 0.6
      vertex 20.062518408917974 24.215299050387216 0.6
      vertex 20.062518408917974 24.784700949612784 0.6
    endloop
  endfacet
  facet normal 0 0 1
    outer loop
      vertex 20.062518408917974 24.215299050387216 0.6
      vertex 20.09058934751119 24.35642118855793 0.6
      vertex 20.09058934751119 24.64357881144207 0.6
    endloop
  endfacet
  facet normal 0 0 1
    outer loop
      vertex 19.872688674320358 23.83036242809041 0.6
      vertex 19.95262794416288 25.05000000000001 0.6
      vertex 19.872688674320358 25.16963757190959 0.6
    endloop
  endfacet
  facet normal 0 0 1
    outer loop
      vertex 20.016267485762416 24.079048224398406 0.6
      vertex 20.062518408917974 24.784700949612784 0.6
      vertex 20.016267485762416 24.920951775601594 0.6
    endloop
  endfacet
  facet normal 0 0 1
    outer loop
      vertex 19.95262794416288 23.94999999999999 0.6
      vertex 20.016267485762416 24.920951775601594 0.6
      vertex 19.95262794416288 25.05000000000001 0.6
    endloop
  endfacet
  facet normal 0 0 1
    outer loop
      vertex 20.09058934751119 24.35642118855793 0.6
      vertex 20.1 24.5 0.6
      vertex 20.09058934751119 24.64357881144207 0.6
    endloop
  endfacet
  facet normal 0 0 1
    outer loop
      vertex 20.062518408917974 24.215299050387216 0.6
      vertex 20.09058934751119 24.64357881144207 0.6
      vertex 20.062518408917974 24.784700949612784 0.6
    endloop
  endfacet
  facet normal 0 0 1
    outer loop
      vertex 19.420951775601598 23.483732514237573 0.6
      vertex 19.55 25.452627944162884 0.6
      vertex 19.420951775601598 25.516267485762427 0.6
    endloop
  endfacet
  facet normal 0 0 1
    outer loop
      vertex 19.55 23.547372055837116 0.6
      vertex 19.669637571909593 25.372688674320358 0.6
      vertex 19.55 25.452627944162884 0.6
    endloop
  endfacet
  facet normal 0 0 1
    outer loop
      vertex 19.669637571909593 23.627311325679642 0.6
      vertex 19.7778174593052 25.277817459305197 0.6
      vertex 19.669637571909593 25.372688674320358 0.6
    endloop
  endfacet
  facet normal 0 0 1
    outer loop
      vertex 19.7778174593052 23.722182540694803 0.6
      vertex 19.872688674320358 25.16963757190959 0.6
      vertex 19.7778174593052 25.277817459305197 0.6
    endloop
  endfacet
  facet normal 0.6593458151000932 0.7518398074789561 0
    outer loop
      vertex 18.2221825406948 23.722182540694803 0.6
      vertex 18.2221825406948 23.722182540694803 6
      vertex 18.330362428090407 23.627311325679642 0.6
    endloop
  endfacet
  facet normal 0.5555702330196156 0.8314696123025362 0
    outer loop
      vertex 18.330362428090407 23.627311325679642 0.6
      vertex 18.330362428090407 23.627311325679642 6
      vertex 18.45 23.547372055837116 0.6
    endloop
  endfacet
  facet normal 0.442288690219049 0.8968727415326648 0
    outer loop
      vertex 18.45 23.547372055837116 0.6
      vertex 18.45 23.547372055837116 6
      vertex 18.579048224398402 23.483732514237573 0.6
    endloop
  endfacet
  facet normal 0.7518398074789684 0.6593458151000792 1.0399501118987498e-18
    outer loop
      vertex 18.2221825406948 23.722182540694803 0.6
      vertex 18.127311325679642 23.83036242809041 0.6
      vertex 18.127311325679642 23.83036242809041 6
    endloop
  endfacet
  facet normal 0.8314696123025173 0.5555702330196441 -5.483928068621132e-19
    outer loop
      vertex 18.127311325679642 23.83036242809041 0.6
      vertex 18.04737205583712 23.94999999999999 0.6
      vertex 18.04737205583712 23.94999999999999 6
    endloop
  endfacet
  facet normal 0.8968727415327037 0.4422886902189701 0
    outer loop
      vertex 17.983732514237584 24.079048224398406 0.6
      vertex 17.983732514237584 24.079048224398406 6
      vertex 18.04737205583712 23.94999999999999 0.6
    endloop
  endfacet
  facet normal 0.946930129495098 0.3214394653031836 -2.3702848184876136e-19
    outer loop
      vertex 17.983732514237584 24.079048224398406 0.6
      vertex 17.937481591082026 24.215299050387216 0.6
      vertex 17.937481591082026 24.215299050387216 6
    endloop
  endfacet
  facet normal 0.9807852804032293 0.19509032201613385 7.917198258107179e-20
    outer loop
      vertex 17.937481591082026 24.215299050387216 0.6
      vertex 17.90941065248881 24.35642118855793 0.6
      vertex 17.90941065248881 24.35642118855793 6
    endloop
  endfacet
  facet normal 0.9978589232386029 0.06540312923015078 6.344559154472619e-20
    outer loop
      vertex 17.90941065248881 24.35642118855793 0.6
      vertex 17.9 24.5 0.6
      vertex 17.9 24.5 6
    endloop
  endfacet
  facet normal 0.9978589232386029 -0.06540312923015078 -6.344559154472619e-20
    outer loop
      vertex 17.9 24.5 0.6
      vertex 17.90941065248881 24.64357881144207 0.6
      vertex 17.90941065248881 24.64357881144207 6
    endloop
  endfacet
  facet normal 0.9807852804032293 -0.19509032201613385 -7.917198258107179e-20
    outer loop
      vertex 17.90941065248881 24.64357881144207 0.6
      vertex 17.937481591082026 24.784700949612784 0.6
      vertex 17.937481591082026 24.784700949612784 6
    endloop
  endfacet
  facet normal 0.946930129495098 -0.3214394653031836 2.3702848184876136e-19
    outer loop
      vertex 17.937481591082026 24.784700949612784 0.6
      vertex 17.983732514237584 24.920951775601594 0.6
      vertex 17.983732514237584 24.920951775601594 6
    endloop
  endfacet
  facet normal 0.8968727415327037 -0.4422886902189701 -3.230661890269544e-19
    outer loop
      vertex 17.983732514237584 24.920951775601594 0.6
      vertex 18.04737205583712 25.05000000000001 0.6
      vertex 18.04737205583712 25.05000000000001 6
    endloop
  endfacet
  facet normal 0.8314696123025173 -0.5555702330196441 5.483928068621132e-19
    outer loop
      vertex 18.04737205583712 25.05000000000001 0.6
      vertex 18.127311325679642 25.16963757190959 0.6
      vertex 18.127311325679642 25.16963757190959 6
    endloop
  endfacet
  facet normal 0.32143946530313144 0.9469301294951159 0
    outer loop
      vertex 18.579048224398402 23.483732514237573 0.6
      vertex 18.579048224398402 23.483732514237573 6
      vertex 18.715299050387227 23.43748159108202 0.6
    endloop
  endfacet
  facet normal 0.19509032201603882 0.9807852804032482 2.4116190150708727e-19
    outer loop
      vertex 18.856421188557942 23.409410652488816 0.6
      vertex 18.715299050387227 23.43748159108202 0.6
      vertex 18.715299050387227 23.43748159108202 6
    endloop
  endfacet
  facet normal 0.06540312923015561 0.9978589232386027 0
    outer loop
      vertex 18.856421188557942 23.409410652488816 0.6
      vertex 18.856421188557942 23.409410652488816 6
      vertex 19 23.400000000000006 0.6
    endloop
  endfacet
  facet normal -0.06540312923015561 0.9978589232386027 0
    outer loop
      vertex 19 23.400000000000006 0.6
      vertex 19 23.400000000000006 6
      vertex 19.143578811442058 23.409410652488816 0.6
    endloop
  endfacet
  facet normal -0.19509032201603882 0.9807852804032482 0
    outer loop
      vertex 19.143578811442058 23.409410652488816 0.6
      vertex 19.143578811442058 23.409410652488816 6
      vertex 19.284700949612773 23.43748159108202 0.6
    endloop
  endfacet
  facet normal -0.32143946530313144 0.9469301294951159 0
    outer loop
      vertex 19.284700949612773 23.43748159108202 0.6
      vertex 19.284700949612773 23.43748159108202 6
      vertex 19.420951775601598 23.483732514237573 0.6
    endloop
  endfacet
  facet normal -0.442288690219049 0.8968727415326648 0
    outer loop
      vertex 19.420951775601598 23.483732514237573 0.6
      vertex 19.420951775601598 23.483732514237573 6
      vertex 19.55 23.547372055837116 0.6
    endloop
  endfacet
  facet normal -0.5555702330196156 0.8314696123025362 0
    outer loop
      vertex 19.55 23.547372055837116 0.6
      vertex 19.55 23.547372055837116 6
      vertex 19.669637571909593 23.627311325679642 0.6
    endloop
  endfacet
  facet normal -0.6593458151000932 0.7518398074789561 0
    outer loop
      vertex 19.669637571909593 23.627311325679642 0.6
      vertex 19.669637571909593 23.627311325679642 6
      vertex 19.7778174593052 23.722182540694803 0.6
    endloop
  endfacet
  facet normal -0.7518398074789684 0.6593458151000792 0
    outer loop
      vertex 19.7778174593052 23.722182540694803 0.6
      vertex 19.7778174593052 23.722182540694803 6
      vertex 19.872688674320358 23.83036242809041 0.6
    endloop
  endfacet
  facet normal -0.8314696123025173 0.5555702330196441 0
    outer loop
      vertex 19.872688674320358 23.83036242809041 0.6
      vertex 19.872688674320358 23.83036242809041 6
      vertex 19.95262794416288 23.94999999999999 0.6
    endloop
  endfacet
  facet normal -0.8968727415327037 0.4422886902189701 0
    outer loop
      vertex 19.95262794416288 23.94999999999999 0.6
      vertex 19.95262794416288 23.94999999999999 6
      vertex 20.016267485762416 24.079048224398406 0.6
    endloop
  endfacet
  facet normal -0.946930129495098 0.3214394653031836 0
    outer loop
      vertex 20.016267485762416 24.079048224398406 0.6
      vertex 20.016267485762416 24.079048224398406 6
      vertex 20.062518408917974 24.215299050387216 0.6
    endloop
  endfacet
  facet normal -0.9807852804032293 0.19509032201613385 0
    outer loop
      vertex 20.062518408917974 24.215299050387216 0.6
      vertex 20.062518408917974 24.215299050387216 6
      vertex 20.09058934751119 24.35642118855793 0.6
    endloop
  endfacet
  facet normal -0.9978589232386029 0.06540312923015078 0
    outer loop
      vertex 20.09058934751119 24.35642118855793 0.6
      vertex 20.09058934751119 24.35642118855793 6
      vertex 20.1 24.5 0.6
    endloop
  endfacet
  facet normal -0.9978589232386029 -0.06540312923015078 0
    outer loop
      vertex 20.1 24.5 0.6
      vertex 20.1 24.5 6
      vertex 20.09058934751119 24.64357881144207 0.6
    endloop
  endfacet
  facet normal -0.9807852804032293 -0.19509032201613385 7.917198258107179e-20
    outer loop
      vertex 20.062518408917974 24.784700949612784 0.6
      vertex 20.09058934751119 24.64357881144207 0.6
      vertex 20.09058934751119 24.64357881144207 6
    endloop
  endfacet
  facet normal -0.946930129495098 -0.3214394653031836 0
    outer loop
      vertex 20.062518408917974 24.784700949612784 0.6
      vertex 20.062518408917974 24.784700949612784 6
      vertex 20.016267485762416 24.920951775601594 0.6
    endloop
  endfacet
  facet normal -0.8968727415327037 -0.4422886902189701 0
    outer loop
      vertex 20.016267485762416 24.920951775601594 0.6
      vertex 20.016267485762416 24.920951775601594 6
      vertex 19.95262794416288 25.05000000000001 0.6
    endloop
  endfacet
  facet normal -0.8314696123025173 -0.5555702330196441 0
    outer loop
      vertex 19.95262794416288 25.05000000000001 0.6
      vertex 19.95262794416288 25.05000000000001 6
      vertex 19.872688674320358 25.16963757190959 0.6
    endloop
  endfacet
  facet normal 0.7518398074789684 -0.6593458151000792 -1.0399501118987498e-18
    outer loop
      vertex 18.127311325679642 25.16963757190959 0.6
      vertex 18.2221825406948 25.277817459305197 0.6
      vertex 18.2221825406948 25.277817459305197 6
    endloop
  endfacet
  facet normal 0.6593458151000932 -0.7518398074789561 1.9337148525836828e-19
    outer loop
      vertex 18.2221825406948 25.277817459305197 0.6
      vertex 18.330362428090407 25.372688674320358 0.6
      vertex 18.330362428090407 25.372688674320358 6
    endloop
  endfacet
  facet normal 0.5555702330196156 -0.8314696123025362 2.810269379007479e-19
    outer loop
      vertex 18.330362428090407 25.372688674320358 0.6
      vertex 18.45 25.452627944162884 0.6
      vertex 18.45 25.452627944162884 6
    endloop
  endfacet
  facet normal 0.442288690219049 -0.8968727415326648 2.270572347894611e-19
    outer loop
      vertex 18.45 25.452627944162884 0.6
      vertex 18.579048224398402 25.516267485762427 0.6
      vertex 18.579048224398402 25.516267485762427 6
    endloop
  endfacet
  facet normal 0.32143946530313144 -0.9469301294951159 -1.0708368464458421e-19
    outer loop
      vertex 18.579048224398402 25.516267485762427 0.6
      vertex 18.715299050387227 25.56251840891798 0.6
      vertex 18.715299050387227 25.56251840891798 6
    endloop
  endfacet
  facet normal 0.19509032201603882 -0.9807852804032482 -2.4116190150708727e-19
    outer loop
      vertex 18.715299050387227 25.56251840891798 0.6
      vertex 18.856421188557942 25.590589347511184 0.6
      vertex 18.856421188557942 25.590589347511184 6
    endloop
  endfacet
  facet normal 0.06540312923015561 -0.9978589232386027 6.147210994231217e-20
    outer loop
      vertex 18.856421188557942 25.590589347511184 0.6
      vertex 19 25.599999999999994 0.6
      vertex 19 25.599999999999994 6
    endloop
  endfacet
  facet normal -0.06540312923015561 -0.9978589232386027 -6.147210994231217e-20
    outer loop
      vertex 19 25.599999999999994 0.6
      vertex 19.143578811442058 25.590589347511184 0.6
      vertex 19.143578811442058 25.590589347511184 6
    endloop
  endfacet
  facet normal -0.32143946530313144 -0.9469301294951159 1.0708368464458421e-19
    outer loop
      vertex 19.284700949612773 25.56251840891798 0.6
      vertex 19.420951775601598 25.516267485762427 0.6
      vertex 19.420951775601598 25.516267485762427 6
    endloop
  endfacet
  facet normal -0.19509032201603882 -0.9807852804032482 2.4116190150708727e-19
    outer loop
      vertex 19.143578811442058 25.590589347511184 0.6
      vertex 19.284700949612773 25.56251840891798 0.6
      vertex 19.284700949612773 25.56251840891798 6
    endloop
  endfacet
  facet normal -0.5555702330196156 -0.8314696123025362 0
    outer loop
      vertex 19.669637571909593 25.372688674320358 0.6
      vertex 19.669637571909593 25.372688674320358 6
      vertex 19.55 25.452627944162884 0.6
    endloop
  endfacet
  facet normal -0.6593458151000932 -0.7518398074789561 0
    outer loop
      vertex 19.7778174593052 25.277817459305197 0.6
      vertex 19.7778174593052 25.277817459305197 6
      vertex 19.669637571909593 25.372688674320358 0.6
    endloop
  endfacet
  facet normal -0.442288690219049 -0.8968727415326648 -2.270572347894611e-19
    outer loop
      vertex 19.420951775601598 25.516267485762427 0.6
      vertex 19.55 25.452627944162884 0.6
      vertex 19.55 25.452627944162884 6
    endloop
  endfacet
  facet normal -0.7518398074789684 -0.6593458151000792 0
    outer loop
      vertex 19.872688674320358 25.16963757190959 0.6
      vertex 19.872688674320358 25.16963757190959 6
      vertex 19.7778174593052 25.277817459305197 0.6
    endloop
  endfacet
  facet normal 0.6593458151000932 0.7518398074789561 0
    outer loop
      vertex 18.330362428090407 23.627311325679642 0.6
      vertex 18.2221825406948 23.722182540694803 6
      vertex 18.330362428090407 23.627311325679642 6
    endloop
  endfacet
  facet normal 0.5555702330196156 0.8314696123025362 0
    outer loop
      vertex 18.45 23.547372055837116 0.6
      vertex 18.330362428090407 23.627311325679642 6
      vertex 18.45 23.547372055837116 6
    endloop
  endfacet
  facet normal 0.442288690219049 0.8968727415326648 0
    outer loop
      vertex 18.579048224398402 23.483732514237573 0.6
      vertex 18.45 23.547372055837116 6
      vertex 18.579048224398402 23.483732514237573 6
    endloop
  endfacet
  facet normal 0.8314696123025173 0.5555702330196441 0
    outer loop
      vertex 18.127311325679642 23.83036242809041 0.6
      vertex 18.04737205583712 23.94999999999999 6
      vertex 18.127311325679642 23.83036242809041 6
    endloop
  endfacet
  facet normal 0.8968727415327037 0.4422886902189701 0
    outer loop
      vertex 18.04737205583712 23.94999999999999 0.6
      vertex 17.983732514237584 24.079048224398406 6
      vertex 18.04737205583712 23.94999999999999 6
    endloop
  endfacet
  facet normal 0.946930129495098 0.3214394653031836 0
    outer loop
      vertex 17.983732514237584 24.079048224398406 0.6
      vertex 17.937481591082026 24.215299050387216 6
      vertex 17.983732514237584 24.079048224398406 6
    endloop
  endfacet
  facet normal 0.7518398074789684 0.6593458151000792 0
    outer loop
      vertex 18.2221825406948 23.722182540694803 0.6
      vertex 18.127311325679642 23.83036242809041 6
      vertex 18.2221825406948 23.722182540694803 6
    endloop
  endfacet
  facet normal 0.9807852804032293 0.19509032201613385 0
    outer loop
      vertex 17.937481591082026 24.215299050387216 0.6
      vertex 17.90941065248881 24.35642118855793 6
      vertex 17.937481591082026 24.215299050387216 6
    endloop
  endfacet
  facet normal 0.9978589232386029 0.06540312923015078 0
    outer loop
      vertex 17.90941065248881 24.35642118855793 0.6
      vertex 17.9 24.5 6
      vertex 17.90941065248881 24.35642118855793 6
    endloop
  endfacet
  facet normal 0.9978589232386029 -0.06540312923015078 0
    outer loop
      vertex 17.9 24.5 0.6
      vertex 17.90941065248881 24.64357881144207 6
      vertex 17.9 24.5 6
    endloop
  endfacet
  facet normal 0.9807852804032293 -0.19509032201613385 0
    outer loop
      vertex 17.90941065248881 24.64357881144207 0.6
      vertex 17.937481591082026 24.784700949612784 6
      vertex 17.90941065248881 24.64357881144207 6
    endloop
  endfacet
  facet normal 0.946930129495098 -0.3214394653031836 0
    outer loop
      vertex 17.937481591082026 24.784700949612784 0.6
      vertex 17.983732514237584 24.920951775601594 6
      vertex 17.937481591082026 24.784700949612784 6
    endloop
  endfacet
  facet normal 0.8968727415327037 -0.4422886902189701 0
    outer loop
      vertex 17.983732514237584 24.920951775601594 0.6
      vertex 18.04737205583712 25.05000000000001 6
      vertex 17.983732514237584 24.920951775601594 6
    endloop
  endfacet
  facet normal 0.8314696123025173 -0.5555702330196441 0
    outer loop
      vertex 18.04737205583712 25.05000000000001 0.6
      vertex 18.127311325679642 25.16963757190959 6
      vertex 18.04737205583712 25.05000000000001 6
    endloop
  endfacet
  facet normal 0.32143946530313144 0.9469301294951159 0
    outer loop
      vertex 18.715299050387227 23.43748159108202 0.6
      vertex 18.579048224398402 23.483732514237573 6
      vertex 18.715299050387227 23.43748159108202 6
    endloop
  endfacet
  facet normal 0.19509032201603882 0.9807852804032482 0
    outer loop
      vertex 18.856421188557942 23.409410652488816 0.6
      vertex 18.715299050387227 23.43748159108202 6
      vertex 18.856421188557942 23.409410652488816 6
    endloop
  endfacet
  facet normal 0.06540312923015561 0.9978589232386027 0
    outer loop
      vertex 19 23.400000000000006 0.6
      vertex 18.856421188557942 23.409410652488816 6
      vertex 19 23.400000000000006 6
    endloop
  endfacet
  facet normal -0.06540312923015561 0.9978589232386027 0
    outer loop
      vertex 19.143578811442058 23.409410652488816 0.6
      vertex 19 23.400000000000006 6
      vertex 19.143578811442058 23.409410652488816 6
    endloop
  endfacet
  facet normal -0.19509032201603882 0.9807852804032482 0
    outer loop
      vertex 19.284700949612773 23.43748159108202 0.6
      vertex 19.143578811442058 23.409410652488816 6
      vertex 19.284700949612773 23.43748159108202 6
    endloop
  endfacet
  facet normal -0.32143946530313144 0.9469301294951159 0
    outer loop
      vertex 19.420951775601598 23.483732514237573 0.6
      vertex 19.284700949612773 23.43748159108202 6
      vertex 19.420951775601598 23.483732514237573 6
    endloop
  endfacet
  facet normal -0.442288690219049 0.8968727415326648 0
    outer loop
      vertex 19.55 23.547372055837116 0.6
      vertex 19.420951775601598 23.483732514237573 6
      vertex 19.55 23.547372055837116 6
    endloop
  endfacet
  facet normal -0.5555702330196156 0.8314696123025362 0
    outer loop
      vertex 19.669637571909593 23.627311325679642 0.6
      vertex 19.55 23.547372055837116 6
      vertex 19.669637571909593 23.627311325679642 6
    endloop
  endfacet
  facet normal -0.6593458151000932 0.7518398074789561 0
    outer loop
      vertex 19.7778174593052 23.722182540694803 0.6
      vertex 19.669637571909593 23.627311325679642 6
      vertex 19.7778174593052 23.722182540694803 6
    endloop
  endfacet
  facet normal -0.7518398074789684 0.6593458151000792 0
    outer loop
      vertex 19.872688674320358 23.83036242809041 0.6
      vertex 19.7778174593052 23.722182540694803 6
      vertex 19.872688674320358 23.83036242809041 6
    endloop
  endfacet
  facet normal -0.8314696123025173 0.5555702330196441 0
    outer loop
      vertex 19.95262794416288 23.94999999999999 0.6
      vertex 19.872688674320358 23.83036242809041 6
      vertex 19.95262794416288 23.94999999999999 6
    endloop
  endfacet
  facet normal -0.8968727415327037 0.4422886902189701 0
    outer loop
      vertex 20.016267485762416 24.079048224398406 0.6
      vertex 19.95262794416288 23.94999999999999 6
      vertex 20.016267485762416 24.079048224398406 6
    endloop
  endfacet
  facet normal -0.946930129495098 0.3214394653031836 0
    outer loop
      vertex 20.062518408917974 24.215299050387216 0.6
      vertex 20.016267485762416 24.079048224398406 6
      vertex 20.062518408917974 24.215299050387216 6
    endloop
  endfacet
  facet normal -0.9807852804032293 0.19509032201613385 0
    outer loop
      vertex 20.09058934751119 24.35642118855793 0.6
      vertex 20.062518408917974 24.215299050387216 6
      vertex 20.09058934751119 24.35642118855793 6
    endloop
  endfacet
  facet normal -0.9978589232386029 0.06540312923015078 0
    outer loop
      vertex 20.1 24.5 0.6
      vertex 20.09058934751119 24.35642118855793 6
      vertex 20.1 24.5 6
    endloop
  endfacet
  facet normal -0.9978589232386029 -0.06540312923015078 0
    outer loop
      vertex 20.09058934751119 24.64357881144207 0.6
      vertex 20.1 24.5 6
      vertex 20.09058934751119 24.64357881144207 6
    endloop
  endfacet
  facet normal -0.946930129495098 -0.3214394653031836 0
    outer loop
      vertex 20.016267485762416 24.920951775601594 0.6
      vertex 20.062518408917974 24.784700949612784 6
      vertex 20.016267485762416 24.920951775601594 6
    endloop
  endfacet
  facet normal -0.9807852804032293 -0.19509032201613385 0
    outer loop
      vertex 20.062518408917974 24.784700949612784 0.6
      vertex 20.09058934751119 24.64357881144207 6
      vertex 20.062518408917974 24.784700949612784 6
    endloop
  endfacet
  facet normal -0.8968727415327037 -0.4422886902189701 0
    outer loop
      vertex 19.95262794416288 25.05000000000001 0.6
      vertex 20.016267485762416 24.920951775601594 6
      vertex 19.95262794416288 25.05000000000001 6
    endloop
  endfacet
  facet normal -0.8314696123025173 -0.5555702330196441 0
    outer loop
      vertex 19.872688674320358 25.16963757190959 0.6
      vertex 19.95262794416288 25.05000000000001 6
      vertex 19.872688674320358 25.16963757190959 6
    endloop
  endfacet
  facet normal 0.7518398074789684 -0.6593458151000792 0
    outer loop
      vertex 18.127311325679642 25.16963757190959 0.6
      vertex 18.2221825406948 25.277817459305197 6
      vertex 18.127311325679642 25.16963757190959 6
    endloop
  endfacet
  facet normal 0.6593458151000932 -0.7518398074789561 0
    outer loop
      vertex 18.2221825406948 25.277817459305197 0.6
      vertex 18.330362428090407 25.372688674320358 6
      vertex 18.2221825406948 25.277817459305197 6
    endloop
  endfacet
  facet normal 0.5555702330196156 -0.8314696123025362 0
    outer loop
      vertex 18.330362428090407 25.372688674320358 0.6
      vertex 18.45 25.452627944162884 6
      vertex 18.330362428090407 25.372688674320358 6
    endloop
  endfacet
  facet normal 0.442288690219049 -0.8968727415326648 0
    outer loop
      vertex 18.45 25.452627944162884 0.6
      vertex 18.579048224398402 25.516267485762427 6
      vertex 18.45 25.452627944162884 6
    endloop
  endfacet
  facet normal 0.32143946530313144 -0.9469301294951159 0
    outer loop
      vertex 18.579048224398402 25.516267485762427 0.6
      vertex 18.715299050387227 25.56251840891798 6
      vertex 18.579048224398402 25.516267485762427 6
    endloop
  endfacet
  facet normal 0.19509032201603882 -0.9807852804032482 0
    outer loop
      vertex 18.715299050387227 25.56251840891798 0.6
      vertex 18.856421188557942 25.590589347511184 6
      vertex 18.715299050387227 25.56251840891798 6
    endloop
  endfacet
  facet normal 0.06540312923015561 -0.9978589232386027 0
    outer loop
      vertex 18.856421188557942 25.590589347511184 0.6
      vertex 19 25.599999999999994 6
      vertex 18.856421188557942 25.590589347511184 6
    endloop
  endfacet
  facet normal -0.06540312923015561 -0.9978589232386027 0
    outer loop
      vertex 19 25.599999999999994 0.6
      vertex 19.143578811442058 25.590589347511184 6
      vertex 19 25.599999999999994 6
    endloop
  endfacet
  facet normal -0.19509032201603882 -0.9807852804032482 0
    outer loop
      vertex 19.143578811442058 25.590589347511184 0.6
      vertex 19.284700949612773 25.56251840891798 6
      vertex 19.143578811442058 25.590589347511184 6
    endloop
  endfacet
  facet normal -0.32143946530313144 -0.9469301294951159 0
    outer loop
      vertex 19.284700949612773 25.56251840891798 0.6
      vertex 19.420951775601598 25.516267485762427 6
      vertex 19.284700949612773 25.56251840891798 6
    endloop
  endfacet
  facet normal -0.5555702330196156 -0.8314696123025362 0
    outer loop
      vertex 19.55 25.452627944162884 0.6
      vertex 19.669637571909593 25.372688674320358 6
      vertex 19.55 25.452627944162884 6
    endloop
  endfacet
  facet normal -0.7518398074789684 -0.6593458151000792 0
    outer loop
      vertex 19.7778174593052 25.277817459305197 0.6
      vertex 19.872688674320358 25.16963757190959 6
      vertex 19.7778174593052 25.277817459305197 6
    endloop
  endfacet
  facet normal -0.6593458151000932 -0.7518398074789561 0
    outer loop
      vertex 19.669637571909593 25.372688674320358 0.6
      vertex 19.7778174593052 25.277817459305197 6
      vertex 19.669637571909593 25.372688674320358 6
    endloop
  endfacet
  facet normal -0.442288690219049 -0.8968727415326648 0
    outer loop
      vertex 19.420951775601598 25.516267485762427 0.6
      vertex 19.55 25.452627944162884 6
      vertex 19.420951775601598 25.516267485762427 6
    endloop
  endfacet
  facet normal 0.8314696123025439 0.5555702330196043 0
    outer loop
      vertex -53.472243186433545 17.150000000000006 3
      vertex -53.3487006784951 16.965105570685182 0
      vertex -53.472243186433545 17.150000000000006 0
    endloop
  endfacet
  facet normal 0.8968727415326844 0.442288690219009 0
    outer loop
      vertex -53.570595205269186 17.349438164979347 3
      vertex -53.472243186433545 17.150000000000006 0
      vertex -53.570595205269186 17.349438164979347 0
    endloop
  endfacet
  facet normal 0.9469301294950992 0.3214394653031803 0
    outer loop
      vertex -53.642073904691415 17.560007623325703 3
      vertex -53.570595205269186 17.349438164979347 0
      vertex -53.642073904691415 17.560007623325703 0
    endloop
  endfacet
  facet normal 0.9807852804032301 0.19509032201612994 0
    outer loop
      vertex -53.68545626433548 17.778105473225907 3
      vertex -53.642073904691415 17.560007623325703 0
      vertex -53.68545626433548 17.778105473225907 0
    endloop
  endfacet
  facet normal 0.9978589232386029 0.06540312923015168 0
    outer loop
      vertex -53.7 18 3
      vertex -53.68545626433548 17.778105473225907 0
      vertex -53.7 18 0
    endloop
  endfacet
  facet normal 0.9978589232386029 -0.06540312923015168 0
    outer loop
      vertex -53.68545626433548 18.221894526774093 3
      vertex -53.7 18 0
      vertex -53.68545626433548 18.221894526774093 0
    endloop
  endfacet
  facet normal 0.9807852804032301 -0.19509032201612994 0
    outer loop
      vertex -53.642073904691415 18.439992376674297 3
      vertex -53.68545626433548 18.221894526774093 0
      vertex -53.642073904691415 18.439992376674297 0
    endloop
  endfacet
  facet normal 0.9469301294950992 -0.3214394653031803 0
    outer loop
      vertex -53.570595205269186 18.650561835020653 3
      vertex -53.642073904691415 18.439992376674297 0
      vertex -53.570595205269186 18.650561835020653 0
    endloop
  endfacet
  facet normal 0.8968727415326844 -0.442288690219009 0
    outer loop
      vertex -53.472243186433545 18.849999999999994 3
      vertex -53.570595205269186 18.650561835020653 0
      vertex -53.472243186433545 18.849999999999994 0
    endloop
  endfacet
  facet normal 0.8314696123025439 -0.5555702330196043 0
    outer loop
      vertex -53.3487006784951 19.034894429314818 3
      vertex -53.472243186433545 18.849999999999994 0
      vertex -53.3487006784951 19.034894429314818 0
    endloop
  endfacet
  facet normal 0.3214394653031035 0.9469301294951253 0
    outer loop
      vertex -52.65056183502065 16.4294047947308 3
      vertex -52.43999237667428 16.357926095308585 0
      vertex -52.65056183502065 16.4294047947308 0
    endloop
  endfacet
  facet normal 0.19509032201610535 0.980785280403235 0
    outer loop
      vertex -52.43999237667428 16.357926095308585 3
      vertex -52.221894526774086 16.31454373566453 0
      vertex -52.43999237667428 16.357926095308585 0
    endloop
  endfacet
  facet normal 0.06540312923012195 0.9978589232386048 0
    outer loop
      vertex -52.221894526774086 16.31454373566453 3
      vertex -52 16.30000000000001 0
      vertex -52.221894526774086 16.31454373566453 0
    endloop
  endfacet
  facet normal -0.06540312923012195 0.9978589232386048 0
    outer loop
      vertex -52 16.30000000000001 3
      vertex -51.778105473225914 16.31454373566453 0
      vertex -52 16.30000000000001 0
    endloop
  endfacet
  facet normal -0.19509032201610535 0.980785280403235 0
    outer loop
      vertex -51.778105473225914 16.31454373566453 3
      vertex -51.56000762332572 16.357926095308585 0
      vertex -51.778105473225914 16.31454373566453 0
    endloop
  endfacet
  facet normal 0.5555702330196264 0.8314696123025291 0
    outer loop
      vertex -53.034894429314825 16.651299321504894 3
      vertex -52.85 16.52775681356644 0
      vertex -53.034894429314825 16.651299321504894 0
    endloop
  endfacet
  facet normal 0.6593458151001159 0.7518398074789363 -1.1857654719257881e-18
    outer loop
      vertex -53.034894429314825 16.651299321504894 0
      vertex -53.20208152801713 16.797918471982882 0
      vertex -53.20208152801713 16.797918471982882 3
    endloop
  endfacet
  facet normal 0.7518398074789698 0.6593458151000775 0
    outer loop
      vertex -53.3487006784951 16.965105570685182 3
      vertex -53.20208152801713 16.797918471982882 0
      vertex -53.3487006784951 16.965105570685182 0
    endloop
  endfacet
  facet normal 0.44228869021899636 0.8968727415326907 0
    outer loop
      vertex -52.85 16.52775681356644 3
      vertex -52.65056183502065 16.4294047947308 0
      vertex -52.85 16.52775681356644 0
    endloop
  endfacet
  facet normal -0.3214394653031035 0.9469301294951253 0
    outer loop
      vertex -51.56000762332572 16.357926095308585 3
      vertex -51.34943816497935 16.4294047947308 0
      vertex -51.56000762332572 16.357926095308585 0
    endloop
  endfacet
  facet normal -0.44228869021899636 0.8968727415326907 0
    outer loop
      vertex -51.34943816497935 16.4294047947308 3
      vertex -51.15 16.52775681356644 0
      vertex -51.34943816497935 16.4294047947308 0
    endloop
  endfacet
  facet normal -0.5555702330196264 0.8314696123025291 0
    outer loop
      vertex -51.15 16.52775681356644 3
      vertex -50.965105570685175 16.651299321504894 0
      vertex -51.15 16.52775681356644 0
    endloop
  endfacet
  facet normal -0.6593458151001159 0.7518398074789363 0
    outer loop
      vertex -50.965105570685175 16.651299321504894 3
      vertex -50.79791847198287 16.797918471982882 0
      vertex -50.965105570685175 16.651299321504894 0
    endloop
  endfacet
  facet normal -0.7518398074789698 0.6593458151000775 0
    outer loop
      vertex -50.79791847198287 16.797918471982882 0
      vertex -50.79791847198287 16.797918471982882 3
      vertex -50.6512993215049 16.965105570685182 0
    endloop
  endfacet
  facet normal -0.8314696123025439 0.5555702330196043 0
    outer loop
      vertex -50.6512993215049 16.965105570685182 3
      vertex -50.527756813566455 17.150000000000006 0
      vertex -50.6512993215049 16.965105570685182 0
    endloop
  endfacet
  facet normal -0.8968727415326844 0.442288690219009 0
    outer loop
      vertex -50.527756813566455 17.150000000000006 3
      vertex -50.429404794730814 17.349438164979347 0
      vertex -50.527756813566455 17.150000000000006 0
    endloop
  endfacet
  facet normal -0.9469301294950992 0.3214394653031803 0
    outer loop
      vertex -50.429404794730814 17.349438164979347 3
      vertex -50.357926095308585 17.560007623325703 0
      vertex -50.429404794730814 17.349438164979347 0
    endloop
  endfacet
  facet normal 0.7518398074789698 -0.6593458151000775 0
    outer loop
      vertex -53.20208152801713 19.202081528017118 3
      vertex -53.3487006784951 19.034894429314818 0
      vertex -53.20208152801713 19.202081528017118 0
    endloop
  endfacet
  facet normal 0.6593458151001159 -0.7518398074789363 0
    outer loop
      vertex -53.034894429314825 19.348700678495106 3
      vertex -53.20208152801713 19.202081528017118 0
      vertex -53.034894429314825 19.348700678495106 0
    endloop
  endfacet
  facet normal -0.9807852804032301 0.19509032201612994 0
    outer loop
      vertex -50.357926095308585 17.560007623325703 3
      vertex -50.31454373566452 17.778105473225907 0
      vertex -50.357926095308585 17.560007623325703 0
    endloop
  endfacet
  facet normal -0.9978589232386029 0.06540312923015168 0
    outer loop
      vertex -50.31454373566452 17.778105473225907 3
      vertex -50.3 18 0
      vertex -50.31454373566452 17.778105473225907 0
    endloop
  endfacet
  facet normal -0.9978589232386029 -0.06540312923015168 0
    outer loop
      vertex -50.3 18 3
      vertex -50.31454373566452 18.221894526774093 0
      vertex -50.3 18 0
    endloop
  endfacet
  facet normal -0.9807852804032301 -0.19509032201612994 0
    outer loop
      vertex -50.31454373566452 18.221894526774093 3
      vertex -50.357926095308585 18.439992376674297 0
      vertex -50.31454373566452 18.221894526774093 0
    endloop
  endfacet
  facet normal -0.6593458151001159 -0.7518398074789363 0
    outer loop
      vertex -50.79791847198287 19.202081528017118 3
      vertex -50.965105570685175 19.348700678495106 0
      vertex -50.79791847198287 19.202081528017118 0
    endloop
  endfacet
  facet normal -0.8968727415326844 -0.442288690219009 0
    outer loop
      vertex -50.429404794730814 18.650561835020653 3
      vertex -50.527756813566455 18.849999999999994 0
      vertex -50.429404794730814 18.650561835020653 0
    endloop
  endfacet
  facet normal -0.9469301294950992 -0.3214394653031803 0
    outer loop
      vertex -50.357926095308585 18.439992376674297 3
      vertex -50.429404794730814 18.650561835020653 0
      vertex -50.357926095308585 18.439992376674297 0
    endloop
  endfacet
  facet normal -0.7518398074789698 -0.6593458151000775 0
    outer loop
      vertex -50.6512993215049 19.034894429314818 3
      vertex -50.79791847198287 19.202081528017118 0
      vertex -50.6512993215049 19.034894429314818 0
    endloop
  endfacet
  facet normal -0.8314696123025439 -0.5555702330196043 0
    outer loop
      vertex -50.527756813566455 18.849999999999994 3
      vertex -50.6512993215049 19.034894429314818 0
      vertex -50.527756813566455 18.849999999999994 0
    endloop
  endfacet
  facet normal 0.5555702330196264 -0.8314696123025291 0
    outer loop
      vertex -52.85 19.47224318643356 3
      vertex -53.034894429314825 19.348700678495106 0
      vertex -52.85 19.47224318643356 0
    endloop
  endfacet
  facet normal 0.44228869021899636 -0.8968727415326907 0
    outer loop
      vertex -52.65056183502065 19.5705952052692 3
      vertex -52.85 19.47224318643356 0
      vertex -52.65056183502065 19.5705952052692 0
    endloop
  endfacet
  facet normal 0.3214394653031035 -0.9469301294951253 -1.1894388024391273e-18
    outer loop
      vertex -52.65056183502065 19.5705952052692 0
      vertex -52.43999237667428 19.642073904691415 0
      vertex -52.43999237667428 19.642073904691415 3
    endloop
  endfacet
  facet normal 0.19509032201610535 -0.980785280403235 -9.623440198248147e-19
    outer loop
      vertex -52.43999237667428 19.642073904691415 0
      vertex -52.221894526774086 19.68545626433547 0
      vertex -52.221894526774086 19.68545626433547 3
    endloop
  endfacet
  facet normal 0.06540312923012195 -0.9978589232386048 0
    outer loop
      vertex -52 19.69999999999999 3
      vertex -52.221894526774086 19.68545626433547 0
      vertex -52 19.69999999999999 0
    endloop
  endfacet
  facet normal -0.06540312923012195 -0.9978589232386048 0
    outer loop
      vertex -51.778105473225914 19.68545626433547 3
      vertex -52 19.69999999999999 0
      vertex -51.778105473225914 19.68545626433547 0
    endloop
  endfacet
  facet normal -0.3214394653031035 -0.9469301294951253 0
    outer loop
      vertex -51.34943816497935 19.5705952052692 3
      vertex -51.56000762332572 19.642073904691415 0
      vertex -51.34943816497935 19.5705952052692 0
    endloop
  endfacet
  facet normal -0.19509032201610535 -0.980785280403235 0
    outer loop
      vertex -51.56000762332572 19.642073904691415 3
      vertex -51.778105473225914 19.68545626433547 0
      vertex -51.56000762332572 19.642073904691415 0
    endloop
  endfacet
  facet normal -0.5555702330196264 -0.8314696123025291 0
    outer loop
      vertex -50.965105570685175 19.348700678495106 3
      vertex -51.15 19.47224318643356 0
      vertex -50.965105570685175 19.348700678495106 0
    endloop
  endfacet
  facet normal -0.44228869021899636 -0.8968727415326907 0
    outer loop
      vertex -51.15 19.47224318643356 3
      vertex -51.34943816497935 19.5705952052692 0
      vertex -51.15 19.47224318643356 0
    endloop
  endfacet
  facet normal 0.8314696123025439 0.5555702330196043 -1.5363756803382639e-18
    outer loop
      vertex -53.472243186433545 17.150000000000006 3
      vertex -53.3487006784951 16.965105570685182 3
      vertex -53.3487006784951 16.965105570685182 0
    endloop
  endfacet
  facet normal 0.9469301294950992 0.3214394653031803 6.739594845021214e-20
    outer loop
      vertex -53.642073904691415 17.560007623325703 3
      vertex -53.570595205269186 17.349438164979347 3
      vertex -53.570595205269186 17.349438164979347 0
    endloop
  endfacet
  facet normal 0.8968727415326844 0.442288690219009 -1.5741417830423987e-18
    outer loop
      vertex -53.570595205269186 17.349438164979347 3
      vertex -53.472243186433545 17.150000000000006 3
      vertex -53.472243186433545 17.150000000000006 0
    endloop
  endfacet
  facet normal 0.9807852804032301 0.19509032201612994 9.02696463269599e-19
    outer loop
      vertex -53.68545626433548 17.778105473225907 3
      vertex -53.642073904691415 17.560007623325703 3
      vertex -53.642073904691415 17.560007623325703 0
    endloop
  endfacet
  facet normal 0.9978589232386029 0.06540312923015168 2.1852691446725127e-19
    outer loop
      vertex -53.7 18 3
      vertex -53.68545626433548 17.778105473225907 3
      vertex -53.68545626433548 17.778105473225907 0
    endloop
  endfacet
  facet normal 0.9978589232386029 -0.06540312923015168 -2.1852691446725127e-19
    outer loop
      vertex -53.68545626433548 18.221894526774093 3
      vertex -53.7 18 3
      vertex -53.7 18 0
    endloop
  endfacet
  facet normal 0.9807852804032301 -0.19509032201612994 -9.02696463269599e-19
    outer loop
      vertex -53.642073904691415 18.439992376674297 3
      vertex -53.68545626433548 18.221894526774093 3
      vertex -53.68545626433548 18.221894526774093 0
    endloop
  endfacet
  facet normal 0.9469301294950992 -0.3214394653031803 -6.739594845021214e-20
    outer loop
      vertex -53.570595205269186 18.650561835020653 3
      vertex -53.642073904691415 18.439992376674297 3
      vertex -53.642073904691415 18.439992376674297 0
    endloop
  endfacet
  facet normal 0.8968727415326844 -0.442288690219009 1.5741417830423987e-18
    outer loop
      vertex -53.472243186433545 18.849999999999994 3
      vertex -53.570595205269186 18.650561835020653 3
      vertex -53.570595205269186 18.650561835020653 0
    endloop
  endfacet
  facet normal 0.8314696123025439 -0.5555702330196043 1.5363756803382639e-18
    outer loop
      vertex -53.3487006784951 19.034894429314818 3
      vertex -53.472243186433545 18.849999999999994 3
      vertex -53.472243186433545 18.849999999999994 0
    endloop
  endfacet
  facet normal 0.44228869021899636 0.8968727415326907 0
    outer loop
      vertex -52.65056183502065 16.4294047947308 3
      vertex -52.65056183502065 16.4294047947308 0
      vertex -52.85 16.52775681356644 3
    endloop
  endfacet
  facet normal 0.3214394653031035 0.9469301294951253 0
    outer loop
      vertex -52.43999237667428 16.357926095308585 3
      vertex -52.43999237667428 16.357926095308585 0
      vertex -52.65056183502065 16.4294047947308 3
    endloop
  endfacet
  facet normal 0.19509032201610535 0.980785280403235 0
    outer loop
      vertex -52.221894526774086 16.31454373566453 3
      vertex -52.221894526774086 16.31454373566453 0
      vertex -52.43999237667428 16.357926095308585 3
    endloop
  endfacet
  facet normal 0.06540312923012195 0.9978589232386048 0
    outer loop
      vertex -52 16.30000000000001 3
      vertex -52 16.30000000000001 0
      vertex -52.221894526774086 16.31454373566453 3
    endloop
  endfacet
  facet normal -0.06540312923012195 0.9978589232386048 0
    outer loop
      vertex -51.778105473225914 16.31454373566453 3
      vertex -51.778105473225914 16.31454373566453 0
      vertex -52 16.30000000000001 3
    endloop
  endfacet
  facet normal 0.5555702330196264 0.8314696123025291 0
    outer loop
      vertex -52.85 16.52775681356644 3
      vertex -52.85 16.52775681356644 0
      vertex -53.034894429314825 16.651299321504894 3
    endloop
  endfacet
  facet normal 0.6593458151001159 0.7518398074789363 0
    outer loop
      vertex -53.034894429314825 16.651299321504894 3
      vertex -53.034894429314825 16.651299321504894 0
      vertex -53.20208152801713 16.797918471982882 3
    endloop
  endfacet
  facet normal 0.7518398074789698 0.6593458151000775 1.2770485464710179e-18
    outer loop
      vertex -53.3487006784951 16.965105570685182 3
      vertex -53.20208152801713 16.797918471982882 3
      vertex -53.20208152801713 16.797918471982882 0
    endloop
  endfacet
  facet normal -0.19509032201610535 0.980785280403235 0
    outer loop
      vertex -51.56000762332572 16.357926095308585 3
      vertex -51.56000762332572 16.357926095308585 0
      vertex -51.778105473225914 16.31454373566453 3
    endloop
  endfacet
  facet normal -0.3214394653031035 0.9469301294951253 0
    outer loop
      vertex -51.34943816497935 16.4294047947308 3
      vertex -51.34943816497935 16.4294047947308 0
      vertex -51.56000762332572 16.357926095308585 3
    endloop
  endfacet
  facet normal -0.44228869021899636 0.8968727415326907 0
    outer loop
      vertex -51.15 16.52775681356644 3
      vertex -51.15 16.52775681356644 0
      vertex -51.34943816497935 16.4294047947308 3
    endloop
  endfacet
  facet normal -0.5555702330196264 0.8314696123025291 0
    outer loop
      vertex -50.965105570685175 16.651299321504894 3
      vertex -50.965105570685175 16.651299321504894 0
      vertex -51.15 16.52775681356644 3
    endloop
  endfacet
  facet normal -0.6593458151001159 0.7518398074789363 0
    outer loop
      vertex -50.79791847198287 16.797918471982882 3
      vertex -50.79791847198287 16.797918471982882 0
      vertex -50.965105570685175 16.651299321504894 3
    endloop
  endfacet
  facet normal -0.7518398074789698 0.6593458151000775 -1.2770485464710179e-18
    outer loop
      vertex -50.79791847198287 16.797918471982882 3
      vertex -50.6512993215049 16.965105570685182 3
      vertex -50.6512993215049 16.965105570685182 0
    endloop
  endfacet
  facet normal -0.8314696123025439 0.5555702330196043 1.5363756803382639e-18
    outer loop
      vertex -50.6512993215049 16.965105570685182 3
      vertex -50.527756813566455 17.150000000000006 3
      vertex -50.527756813566455 17.150000000000006 0
    endloop
  endfacet
  facet normal -0.8968727415326844 0.442288690219009 1.5741417830423987e-18
    outer loop
      vertex -50.527756813566455 17.150000000000006 3
      vertex -50.429404794730814 17.349438164979347 3
      vertex -50.429404794730814 17.349438164979347 0
    endloop
  endfacet
  facet normal 0.7518398074789698 -0.6593458151000775 -1.2770485464710179e-18
    outer loop
      vertex -53.20208152801713 19.202081528017118 3
      vertex -53.3487006784951 19.034894429314818 3
      vertex -53.3487006784951 19.034894429314818 0
    endloop
  endfacet
  facet normal 0.6593458151001159 -0.7518398074789363 0
    outer loop
      vertex -53.20208152801713 19.202081528017118 3
      vertex -53.20208152801713 19.202081528017118 0
      vertex -53.034894429314825 19.348700678495106 3
    endloop
  endfacet
  facet normal -0.9469301294950992 0.3214394653031803 -6.739594845021214e-20
    outer loop
      vertex -50.429404794730814 17.349438164979347 3
      vertex -50.357926095308585 17.560007623325703 3
      vertex -50.357926095308585 17.560007623325703 0
    endloop
  endfacet
  facet normal -0.9807852804032301 0.19509032201612994 -9.02696463269599e-19
    outer loop
      vertex -50.357926095308585 17.560007623325703 3
      vertex -50.31454373566452 17.778105473225907 3
      vertex -50.31454373566452 17.778105473225907 0
    endloop
  endfacet
  facet normal -0.9978589232386029 0.06540312923015168 -2.1852691446725127e-19
    outer loop
      vertex -50.31454373566452 17.778105473225907 3
      vertex -50.3 18 3
      vertex -50.3 18 0
    endloop
  endfacet
  facet normal -0.9978589232386029 -0.06540312923015168 2.1852691446725127e-19
    outer loop
      vertex -50.3 18 3
      vertex -50.31454373566452 18.221894526774093 3
      vertex -50.31454373566452 18.221894526774093 0
    endloop
  endfacet
  facet normal -0.9807852804032301 -0.19509032201612994 9.02696463269599e-19
    outer loop
      vertex -50.31454373566452 18.221894526774093 3
      vertex -50.357926095308585 18.439992376674297 3
      vertex -50.357926095308585 18.439992376674297 0
    endloop
  endfacet
  facet normal -0.6593458151001159 -0.7518398074789363 0
    outer loop
      vertex -50.965105570685175 19.348700678495106 3
      vertex -50.965105570685175 19.348700678495106 0
      vertex -50.79791847198287 19.202081528017118 3
    endloop
  endfacet
  facet normal -0.9469301294950992 -0.3214394653031803 6.739594845021214e-20
    outer loop
      vertex -50.357926095308585 18.439992376674297 3
      vertex -50.429404794730814 18.650561835020653 3
      vertex -50.429404794730814 18.650561835020653 0
    endloop
  endfacet
  facet normal -0.8968727415326844 -0.442288690219009 -1.5741417830423987e-18
    outer loop
      vertex -50.429404794730814 18.650561835020653 3
      vertex -50.527756813566455 18.849999999999994 3
      vertex -50.527756813566455 18.849999999999994 0
    endloop
  endfacet
  facet normal -0.8314696123025439 -0.5555702330196043 -1.5363756803382639e-18
    outer loop
      vertex -50.527756813566455 18.849999999999994 3
      vertex -50.6512993215049 19.034894429314818 3
      vertex -50.6512993215049 19.034894429314818 0
    endloop
  endfacet
  facet normal -0.7518398074789698 -0.6593458151000775 1.2770485464710179e-18
    outer loop
      vertex -50.6512993215049 19.034894429314818 3
      vertex -50.79791847198287 19.202081528017118 3
      vertex -50.79791847198287 19.202081528017118 0
    endloop
  endfacet
  facet normal 0.5555702330196264 -0.8314696123025291 0
    outer loop
      vertex -53.034894429314825 19.348700678495106 3
      vertex -53.034894429314825 19.348700678495106 0
      vertex -52.85 19.47224318643356 3
    endloop
  endfacet
  facet normal 0.44228869021899636 -0.8968727415326907 0
    outer loop
      vertex -52.85 19.47224318643356 3
      vertex -52.85 19.47224318643356 0
      vertex -52.65056183502065 19.5705952052692 3
    endloop
  endfacet
  facet normal 0.3214394653031035 -0.9469301294951253 0
    outer loop
      vertex -52.65056183502065 19.5705952052692 3
      vertex -52.65056183502065 19.5705952052692 0
      vertex -52.43999237667428 19.642073904691415 3
    endloop
  endfacet
  facet normal 0.19509032201610535 -0.980785280403235 0
    outer loop
      vertex -52.43999237667428 19.642073904691415 3
      vertex -52.43999237667428 19.642073904691415 0
      vertex -52.221894526774086 19.68545626433547 3
    endloop
  endfacet
  facet normal 0.06540312923012195 -0.9978589232386048 0
    outer loop
      vertex -52.221894526774086 19.68545626433547 3
      vertex -52.221894526774086 19.68545626433547 0
      vertex -52 19.69999999999999 3
    endloop
  endfacet
  facet normal -0.06540312923012195 -0.9978589232386048 0
    outer loop
      vertex -52 19.69999999999999 3
      vertex -52 19.69999999999999 0
      vertex -51.778105473225914 19.68545626433547 3
    endloop
  endfacet
  facet normal -0.19509032201610535 -0.980785280403235 0
    outer loop
      vertex -51.778105473225914 19.68545626433547 3
      vertex -51.778105473225914 19.68545626433547 0
      vertex -51.56000762332572 19.642073904691415 3
    endloop
  endfacet
  facet normal -0.44228869021899636 -0.8968727415326907 0
    outer loop
      vertex -51.34943816497935 19.5705952052692 3
      vertex -51.34943816497935 19.5705952052692 0
      vertex -51.15 19.47224318643356 3
    endloop
  endfacet
  facet normal -0.3214394653031035 -0.9469301294951253 0
    outer loop
      vertex -51.56000762332572 19.642073904691415 3
      vertex -51.56000762332572 19.642073904691415 0
      vertex -51.34943816497935 19.5705952052692 3
    endloop
  endfacet
  facet normal -0.5555702330196264 -0.8314696123025291 0
    outer loop
      vertex -51.15 19.47224318643356 3
      vertex -51.15 19.47224318643356 0
      vertex -50.965105570685175 19.348700678495106 3
    endloop
  endfacet
  facet normal 0 0 1
    outer loop
      vertex -58.29580000042915 -8.413500003516674 2.4
      vertex -55.891850002110004 -7.7659000009298325 2.4
      vertex -57.777050003409386 -7.7659000009298325 2.4
    endloop
  endfacet
  facet normal 0 1 0
    outer loop
      vertex -58.29580000042915 -8.413500003516674 2.4
      vertex -58.29580000042915 -8.413500003516674 3
      vertex -53.51839999854565 -8.413500003516674 2.4
    endloop
  endfacet
  facet normal 0 0 1
    outer loop
      vertex -58.29580000042915 -8.413500003516674 2.4
      vertex -55.37985000014305 -7.7659000009298325 2.4
      vertex -55.891850002110004 -7.7659000009298325 2.4
    endloop
  endfacet
  facet normal 0 0 1
    outer loop
      vertex -58.29580000042915 -8.413500003516674 2.4
      vertex -53.51839999854565 -8.413500003516674 2.4
      vertex -55.37985000014305 -7.7659000009298325 2.4
    endloop
  endfacet
  facet normal 0 0 1
    outer loop
      vertex -55.37985000014305 -7.7659000009298325 2.4
      vertex -53.51839999854565 -8.413500003516674 2.4
      vertex -53.51839999854565 -7.7659000009298325 2.4
    endloop
  endfacet
  facet normal 0 -1 0
    outer loop
      vertex -57.777050003409386 -7.7659000009298325 2.4
      vertex -55.891850002110004 -7.7659000009298325 2.4
      vertex -55.891850002110004 -7.7659000009298325 3
    endloop
  endfacet
  facet normal 0 -1 0
    outer loop
      vertex -55.37985000014305 -7.7659000009298325 2.4
      vertex -53.51839999854565 -7.7659000009298325 2.4
      vertex -53.51839999854565 -7.7659000009298325 3
    endloop
  endfacet
  facet normal -1 0 0
    outer loop
      vertex -53.51839999854565 -8.413500003516674 2.4
      vertex -53.51839999854565 -8.413500003516674 3
      vertex -53.51839999854565 -7.7659000009298325 2.4
    endloop
  endfacet
  facet normal 0 -1 0
    outer loop
      vertex -57.777050003409386 -7.7659000009298325 2.4
      vertex -55.891850002110004 -7.7659000009298325 3
      vertex -57.777050003409386 -7.7659000009298325 3
    endloop
  endfacet
  facet normal 0 1 0
    outer loop
      vertex -53.51839999854565 -8.413500003516674 2.4
      vertex -58.29580000042915 -8.413500003516674 3
      vertex -53.51839999854565 -8.413500003516674 3
    endloop
  endfacet
  facet normal 0 -1 0
    outer loop
      vertex -55.37985000014305 -7.7659000009298325 2.4
      vertex -53.51839999854565 -7.7659000009298325 3
      vertex -55.37985000014305 -7.7659000009298325 3
    endloop
  endfacet
  facet normal -1 0 0
    outer loop
      vertex -53.51839999854565 -7.7659000009298325 2.4
      vertex -53.51839999854565 -8.413500003516674 3
      vertex -53.51839999854565 -7.7659000009298325 3
    endloop
  endfacet
  facet normal 0 0 1
    outer loop
      vertex -58.29580000042915 -8.413500003516674 2.4
      vertex -57.777050003409386 -7.7659000009298325 2.4
      vertex -58.29580000042915 -6.402900002896786 2.4
    endloop
  endfacet
  facet normal 0 0 1
    outer loop
      vertex -57.777050003409386 -7.7659000009298325 2.4
      vertex -57.777050003409386 -6.480850003659725 2.4
      vertex -58.29580000042915 -6.402900002896786 2.4
    endloop
  endfacet
  facet normal 0 0 1
    outer loop
      vertex -58.29580000042915 -6.402900002896786 2.4
      vertex -57.777050003409386 -6.480850003659725 2.4
      vertex -57.758159182965755 -6.185803063213825 2.4
    endloop
  endfacet
  facet normal 0 0 1
    outer loop
      vertex -58.29580000042915 -6.402900002896786 2.4
      vertex -57.758159182965755 -6.185803063213825 2.4
      vertex -58.28811836987734 -6.180705100297928 2.4
    endloop
  endfacet
  facet normal 0 0 1
    outer loop
      vertex -58.28811836987734 -6.180705100297928 2.4
      vertex -57.758159182965755 -6.185803063213825 2.4
      vertex -58.26507347077131 -5.973320409655571 2.4
    endloop
  endfacet
  facet normal 0 0 1
    outer loop
      vertex -58.26507347077131 -5.973320409655571 2.4
      vertex -57.701486736536026 -5.936147958040237 2.4
      vertex -58.226665303111076 -5.780745916068554 2.4
    endloop
  endfacet
  facet normal 0 0 1
    outer loop
      vertex -57.758159182965755 -6.185803063213825 2.4
      vertex -57.701486736536026 -5.936147958040237 2.4
      vertex -58.26507347077131 -5.973320409655571 2.4
    endloop
  endfacet
  facet normal -1 0 0
    outer loop
      vertex -57.777050003409386 -7.7659000009298325 2.4
      vertex -57.777050003409386 -7.7659000009298325 3
      vertex -57.777050003409386 -6.480850003659725 2.4
    endloop
  endfacet
  facet normal 1 0 0
    outer loop
      vertex -58.29580000042915 -8.413500003516674 2.4
      vertex -58.29580000042915 -6.402900002896786 2.4
      vertex -58.29580000042915 -6.402900002896786 3
    endloop
  endfacet
  facet normal -0.9979565846170497 0.0638956588468536 0
    outer loop
      vertex -57.777050003409386 -6.480850003659725 2.4
      vertex -57.777050003409386 -6.480850003659725 3
      vertex -57.758159182965755 -6.185803063213825 2.4
    endloop
  endfacet
  facet normal 0.9994029378143705 -0.034550946267873694 0
    outer loop
      vertex -58.29580000042915 -6.402900002896786 2.4
      vertex -58.28811836987734 -6.180705100297928 2.4
      vertex -58.28811836987734 -6.180705100297928 3
    endloop
  endfacet
  facet normal 0.9938826007189185 -0.11044173118979465 0
    outer loop
      vertex -58.28811836987734 -6.180705100297928 2.4
      vertex -58.26507347077131 -5.973320409655571 2.4
      vertex -58.26507347077131 -5.973320409655571 3
    endloop
  endfacet
  facet normal 0.9806850609585477 -0.19559348458660258 0
    outer loop
      vertex -58.26507347077131 -5.973320409655571 2.4
      vertex -58.226665303111076 -5.780745916068554 2.4
      vertex -58.226665303111076 -5.780745916068554 3
    endloop
  endfacet
  facet normal -0.9751896778892701 0.22137093788079162 0
    outer loop
      vertex -57.758159182965755 -6.185803063213825 2.4
      vertex -57.758159182965755 -6.185803063213825 3
      vertex -57.701486736536026 -5.936147958040237 2.4
    endloop
  endfacet
  facet normal -0.9076569691248059 0.41971279036880815 0
    outer loop
      vertex -57.701486736536026 -5.936147958040237 2.4
      vertex -57.701486736536026 -5.936147958040237 3
      vertex -57.60703265666962 -5.731884695589542 2.4
    endloop
  endfacet
  facet normal 0 0 1
    outer loop
      vertex -58.226665303111076 -5.780745916068554 2.4
      vertex -57.701486736536026 -5.936147958040237 2.4
      vertex -58.17289387434721 -5.602981634438038 2.4
    endloop
  endfacet
  facet normal 0 0 1
    outer loop
      vertex -57.60703265666962 -5.731884695589542 2.4
      vertex -58.10375918447971 -5.440027549862862 2.4
      vertex -58.17289387434721 -5.602981634438038 2.4
    endloop
  endfacet
  facet normal 0 0 1
    outer loop
      vertex -57.701486736536026 -5.936147958040237 2.4
      vertex -57.60703265666962 -5.731884695589542 2.4
      vertex -58.17289387434721 -5.602981634438038 2.4
    endloop
  endfacet
  facet normal 0 0 1
    outer loop
      vertex -57.60703265666962 -5.731884695589542 2.4
      vertex -58.019261226058006 -5.291883669793606 2.4
      vertex -58.10375918447971 -5.440027549862862 2.4
    endloop
  endfacet
  facet normal 0 0 1
    outer loop
      vertex -58.019261226058006 -5.291883669793606 2.4
      vertex -57.47479693591595 -5.5730132684111595 2.4
      vertex -57.91939999908209 -5.158550001680851 2.4
    endloop
  endfacet
  facet normal 0 0 1
    outer loop
      vertex -57.60703265666962 -5.731884695589542 2.4
      vertex -57.47479693591595 -5.5730132684111595 2.4
      vertex -58.019261226058006 -5.291883669793606 2.4
    endloop
  endfacet
  facet normal 0 0 1
    outer loop
      vertex -57.805574491620064 -5.041603058576584 2.4
      vertex -57.47479693591595 -5.5730132684111595 2.4
      vertex -57.30477958917618 -5.459533676505089 2.4
    endloop
  endfacet
  facet normal 0 0 1
    outer loop
      vertex -57.91939999908209 -5.158550001680851 2.4
      vertex -57.47479693591595 -5.5730132684111595 2.4
      vertex -57.805574491620064 -5.041603058576584 2.4
    endloop
  endfacet
  facet normal 0 0 1
    outer loop
      vertex -57.805574491620064 -5.041603058576584 2.4
      vertex -57.30477958917618 -5.459533676505089 2.4
      vertex -57.679155103862286 -4.942647956311703 2.4
    endloop
  endfacet
  facet normal 0 0 1
    outer loop
      vertex -57.30477958917618 -5.459533676505089 2.4
      vertex -57.540141835808754 -4.861684694886208 2.4
      vertex -57.679155103862286 -4.942647956311703 2.4
    endloop
  endfacet
  facet normal 0 0 1
    outer loop
      vertex -57.30477958917618 -5.459533676505089 2.4
      vertex -57.09698060899973 -5.39144591987133 2.4
      vertex -57.38853469491005 -4.798713266849518 2.4
    endloop
  endfacet
  facet normal 0 0 1
    outer loop
      vertex -57.30477958917618 -5.459533676505089 2.4
      vertex -57.38853469491005 -4.798713266849518 2.4
      vertex -57.540141835808754 -4.861684694886208 2.4
    endloop
  endfacet
  facet normal 0 0 1
    outer loop
      vertex -57.09698060899973 -5.39144591987133 2.4
      vertex -57.22433367371559 -4.7537336722016335 2.4
      vertex -57.38853469491005 -4.798713266849518 2.4
    endloop
  endfacet
  facet normal 0 0 1
    outer loop
      vertex -57.09698060899973 -5.39144591987133 2.4
      vertex -57.04753877222538 -4.726745918393135 2.4
      vertex -57.22433367371559 -4.7537336722016335 2.4
    endloop
  endfacet
  facet normal 0 0 1
    outer loop
      vertex -57.09698060899973 -5.39144591987133 2.4
      vertex -56.85140000283718 -5.368749998509884 2.4
      vertex -57.04753877222538 -4.726745918393135 2.4
    endloop
  endfacet
  facet normal 0 0 1
    outer loop
      vertex -56.85140000283718 -5.368749998509884 2.4
      vertex -56.59682551026344 -5.39089285582304 2.4
      vertex -56.67008060961962 -4.726780615746975 2.4
    endloop
  endfacet
  facet normal 0 0 1
    outer loop
      vertex -56.85140000283718 -5.368749998509884 2.4
      vertex -56.858149997889996 -4.717749997973442 2.4
      vertex -57.04753877222538 -4.726745918393135 2.4
    endloop
  endfacet
  facet normal 0 0 1
    outer loop
      vertex -56.85140000283718 -5.368749998509884 2.4
      vertex -56.67008060961962 -4.726780615746975 2.4
      vertex -56.858149997889996 -4.717749997973442 2.4
    endloop
  endfacet
  facet normal 0 1 0
    outer loop
      vertex -58.55009999871254 -3.8867499977350235 2.4
      vertex -58.55009999871254 -3.8867499977350235 3
      vertex -57.96689999848604 -3.8867499977350235 2.4
    endloop
  endfacet
  facet normal 0.9571685515100941 -0.2895312832839805 0
    outer loop
      vertex -58.226665303111076 -5.780745916068554 2.4
      vertex -58.17289387434721 -5.602981634438038 2.4
      vertex -58.17289387434721 -5.602981634438038 3
    endloop
  endfacet
  facet normal 0.9205763912479701 -0.39056255309087695 0
    outer loop
      vertex -58.17289387434721 -5.602981634438038 2.4
      vertex -58.10375918447971 -5.440027549862862 2.4
      vertex -58.10375918447971 -5.440027549862862 3
    endloop
  endfacet
  facet normal 0.868636104361836 -0.49545062135302015 0
    outer loop
      vertex -58.10375918447971 -5.440027549862862 2.4
      vertex -58.019261226058006 -5.291883669793606 2.4
      vertex -58.019261226058006 -5.291883669793606 3
    endloop
  endfacet
  facet normal -0.7685950152626235 0.6397356504943644 0
    outer loop
      vertex -57.60703265666962 -5.731884695589542 2.4
      vertex -57.60703265666962 -5.731884695589542 3
      vertex -57.47479693591595 -5.5730132684111595 2.4
    endloop
  endfacet
  facet normal 0.8004004105256846 -0.599465747837452 0
    outer loop
      vertex -58.019261226058006 -5.291883669793606 2.4
      vertex -57.91939999908209 -5.158550001680851 2.4
      vertex -57.91939999908209 -5.158550001680851 3
    endloop
  endfacet
  facet normal 0.7166055806453259 -0.6974786317787631 0
    outer loop
      vertex -57.91939999908209 -5.158550001680851 2.4
      vertex -57.805574491620064 -5.041603058576584 2.4
      vertex -57.805574491620064 -5.041603058576584 3
    endloop
  endfacet
  facet normal 0.6163785261693977 -0.7874500063351584 0
    outer loop
      vertex -57.805574491620064 -5.041603058576584 2.4
      vertex -57.679155103862286 -4.942647956311703 2.4
      vertex -57.679155103862286 -4.942647956311703 3
    endloop
  endfacet
  facet normal 0.5032781241548097 -0.8641244874132523 0
    outer loop
      vertex -57.679155103862286 -4.942647956311703 2.4
      vertex -57.540141835808754 -4.861684694886208 2.4
      vertex -57.540141835808754 -4.861684694886208 3
    endloop
  endfacet
  facet normal -0.5551563022357303 0.8317460430251234 0
    outer loop
      vertex -57.47479693591595 -5.5730132684111595 2.4
      vertex -57.47479693591595 -5.5730132684111595 3
      vertex -57.30477958917618 -5.459533676505089 2.4
    endloop
  endfacet
  facet normal -0.31137287347663073 0.9502878162235407 0
    outer loop
      vertex -57.30477958917618 -5.459533676505089 2.4
      vertex -57.30477958917618 -5.459533676505089 3
      vertex -57.09698060899973 -5.39144591987133 2.4
    endloop
  endfacet
  facet normal -0.09202524388648278 0.9957566743374775 0
    outer loop
      vertex -57.09698060899973 -5.39144591987133 2.4
      vertex -57.09698060899973 -5.39144591987133 3
      vertex -56.85140000283718 -5.368749998509884 2.4
    endloop
  endfacet
  facet normal 0.08665270627144885 0.9962385801081156 0
    outer loop
      vertex -56.85140000283718 -5.368749998509884 2.4
      vertex -56.85140000283718 -5.368749998509884 3
      vertex -56.59682551026344 -5.39089285582304 2.4
    endloop
  endfacet
  facet normal 0.3835863486534035 -0.9235050152147251 0
    outer loop
      vertex -57.540141835808754 -4.861684694886208 2.4
      vertex -57.38853469491005 -4.798713266849518 2.4
      vertex -57.38853469491005 -4.798713266849518 3
    endloop
  endfacet
  facet normal 0.2641969753963712 -0.9644687440199445 0
    outer loop
      vertex -57.38853469491005 -4.798713266849518 2.4
      vertex -57.22433367371559 -4.7537336722016335 2.4
      vertex -57.22433367371559 -4.7537336722016335 3
    endloop
  endfacet
  facet normal 0.15090203016585063 -0.9885487227708226 0
    outer loop
      vertex -57.22433367371559 -4.7537336722016335 2.4
      vertex -57.04753877222538 -4.726745918393135 2.4
      vertex -57.04753877222538 -4.726745918393135 3
    endloop
  endfacet
  facet normal 0.04744626060192578 -0.9988737920052233 0
    outer loop
      vertex -57.04753877222538 -4.726745918393135 2.4
      vertex -56.858149997889996 -4.717749997973442 2.4
      vertex -56.858149997889996 -4.717749997973442 3
    endloop
  endfacet
  facet normal -0.047962217432856044 -0.9988491506223166 0
    outer loop
      vertex -56.858149997889996 -4.717749997973442 2.4
      vertex -56.67008060961962 -4.726780615746975 2.4
      vertex -56.67008060961962 -4.726780615746975 3
    endloop
  endfacet
  facet normal 0 0 1
    outer loop
      vertex -55.891850002110004 -7.7659000009298325 2.4
      vertex -55.37985000014305 -7.7659000009298325 2.4
      vertex -55.891850002110004 -6.4537499994039536 2.4
    endloop
  endfacet
  facet normal 0 0 1
    outer loop
      vertex -55.37985000014305 -7.7659000009298325 2.4
      vertex -55.37985000014305 -6.362199999392033 2.4
      vertex -55.891850002110004 -6.4537499994039536 2.4
    endloop
  endfacet
  facet normal 0 0 1
    outer loop
      vertex -55.891850002110004 -6.4537499994039536 2.4
      vertex -55.37985000014305 -6.362199999392033 2.4
      vertex -55.91143265366554 -6.165892854332924 2.4
    endloop
  endfacet
  facet normal 0 0 1
    outer loop
      vertex -55.91143265366554 -6.165892854332924 2.4
      vertex -55.37985000014305 -6.362199999392033 2.4
      vertex -55.38801530748606 -6.151670411229134 2.4
    endloop
  endfacet
  facet normal 0 0 1
    outer loop
      vertex -55.91143265366554 -6.165892854332924 2.4
      vertex -55.38801530748606 -6.151670411229134 2.4
      vertex -55.412511222064495 -5.954081632196903 2.4
    endloop
  endfacet
  facet normal 0 0 1
    outer loop
      vertex -55.91143265366554 -6.165892854332924 2.4
      vertex -55.412511222064495 -5.954081632196903 2.4
      vertex -55.97018061578274 -5.922321431338787 2.4
    endloop
  endfacet
  facet normal 0 0 1
    outer loop
      vertex -55.97018061578274 -5.922321431338787 2.4
      vertex -55.412511222064495 -5.954081632196903 2.4
      vertex -55.453337758779526 -5.769433669745922 2.4
    endloop
  endfacet
  facet normal 1 0 0
    outer loop
      vertex -55.891850002110004 -7.7659000009298325 2.4
      vertex -55.891850002110004 -6.4537499994039536 2.4
      vertex -55.891850002110004 -6.4537499994039536 3
    endloop
  endfacet
  facet normal -1 0 0
    outer loop
      vertex -55.37985000014305 -7.7659000009298325 2.4
      vertex -55.37985000014305 -7.7659000009298325 3
      vertex -55.37985000014305 -6.362199999392033 2.4
    endloop
  endfacet
  facet normal 0.9976940242462394 0.06787218858519502 0
    outer loop
      vertex -55.891850002110004 -6.4537499994039536 2.4
      vertex -55.91143265366554 -6.165892854332924 2.4
      vertex -55.91143265366554 -6.165892854332924 3
    endloop
  endfacet
  facet normal 0.9721232861557529 0.2344702891919146 0
    outer loop
      vertex -55.91143265366554 -6.165892854332924 2.4
      vertex -55.97018061578274 -5.922321431338787 2.4
      vertex -55.97018061578274 -5.922321431338787 3
    endloop
  endfacet
  facet normal -0.9764175724537805 -0.21589053754962553 0
    outer loop
      vertex -55.412511222064495 -5.954081632196903 2.4
      vertex -55.412511222064495 -5.954081632196903 3
      vertex -55.453337758779526 -5.769433669745922 2.4
    endloop
  endfacet
  facet normal -0.999248724600096 -0.03875546909897269 0
    outer loop
      vertex -55.37985000014305 -6.362199999392033 2.4
      vertex -55.37985000014305 -6.362199999392033 3
      vertex -55.38801530748606 -6.151670411229134 2.4
    endloop
  endfacet
  facet normal -0.9924026612715572 -0.12303234493876312 0
    outer loop
      vertex -55.38801530748606 -6.151670411229134 2.4
      vertex -55.38801530748606 -6.151670411229134 3
      vertex -55.412511222064495 -5.954081632196903 2.4
    endloop
  endfacet
  facet normal 0 0 1
    outer loop
      vertex -55.97018061578274 -5.922321431338787 2.4
      vertex -55.51049489527941 -5.597726531326771 2.4
      vertex -56.06809388101101 -5.723035715520382 2.4
    endloop
  endfacet
  facet normal 0 0 1
    outer loop
      vertex -56.20517244935036 -5.568035714328289 2.4
      vertex -55.89993775635958 -5.04285204410553 2.4
      vertex -56.38141632825136 -5.457321427762508 2.4
    endloop
  endfacet
  facet normal 0 0 1
    outer loop
      vertex -56.20517244935036 -5.568035714328289 2.4
      vertex -56.06809388101101 -5.723035715520382 2.4
      vertex -55.67380101978779 -5.293134696781635 2.4
    endloop
  endfacet
  facet normal 0 0 1
    outer loop
      vertex -56.20517244935036 -5.568035714328289 2.4
      vertex -55.67380101978779 -5.293134696781635 2.4
      vertex -55.77995000034571 -5.160250000655651 2.4
    endloop
  endfacet
  facet normal 0 0 1
    outer loop
      vertex -56.59682551026344 -5.39089285582304 2.4
      vertex -56.38141632825136 -5.457321427762508 2.4
      vertex -56.17395408451557 -4.862239792943001 2.4
    endloop
  endfacet
  facet normal 0 0 1
    outer loop
      vertex -56.59682551026344 -5.39089285582304 2.4
      vertex -56.327982656657696 -4.799025513231754 2.4
      vertex -56.49335816502571 -4.753872446715832 2.4
    endloop
  endfacet
  facet normal 0 0 1
    outer loop
      vertex -56.59682551026344 -5.39089285582304 2.4
      vertex -56.49335816502571 -4.753872446715832 2.4
      vertex -56.67008060961962 -4.726780615746975 2.4
    endloop
  endfacet
  facet normal 0 0 1
    outer loop
      vertex -56.59682551026344 -5.39089285582304 2.4
      vertex -56.17395408451557 -4.862239792943001 2.4
      vertex -56.327982656657696 -4.799025513231754 2.4
    endloop
  endfacet
  facet normal 0 0 1
    outer loop
      vertex -56.38141632825136 -5.457321427762508 2.4
      vertex -56.03127244859934 -4.943515308201313 2.4
      vertex -56.17395408451557 -4.862239792943001 2.4
    endloop
  endfacet
  facet normal 0 0 1
    outer loop
      vertex -56.38141632825136 -5.457321427762508 2.4
      vertex -55.89993775635958 -5.04285204410553 2.4
      vertex -56.03127244859934 -4.943515308201313 2.4
    endloop
  endfacet
  facet normal 0 0 1
    outer loop
      vertex -56.20517244935036 -5.568035714328289 2.4
      vertex -55.77995000034571 -5.160250000655651 2.4
      vertex -55.89993775635958 -5.04285204410553 2.4
    endloop
  endfacet
  facet normal 0 0 1
    outer loop
      vertex -55.97018061578274 -5.922321431338787 2.4
      vertex -55.453337758779526 -5.769433669745922 2.4
      vertex -55.51049489527941 -5.597726531326771 2.4
    endloop
  endfacet
  facet normal 0 0 1
    outer loop
      vertex -56.06809388101101 -5.723035715520382 2.4
      vertex -55.51049489527941 -5.597726531326771 2.4
      vertex -55.58398265391588 -5.438960202038288 2.4
    endloop
  endfacet
  facet normal 0 0 1
    outer loop
      vertex -56.06809388101101 -5.723035715520382 2.4
      vertex -55.58398265391588 -5.438960202038288 2.4
      vertex -55.67380101978779 -5.293134696781635 2.4
    endloop
  endfacet
  facet normal 0.2946888991699661 0.9555932464736205 0
    outer loop
      vertex -56.59682551026344 -5.39089285582304 2.4
      vertex -56.59682551026344 -5.39089285582304 3
      vertex -56.38141632825136 -5.457321427762508 2.4
    endloop
  endfacet
  facet normal 0.5319387849603103 0.8467828110294567 0
    outer loop
      vertex -56.20517244935036 -5.568035714328289 2.4
      vertex -56.38141632825136 -5.457321427762508 2.4
      vertex -56.38141632825136 -5.457321427762508 3
    endloop
  endfacet
  facet normal 0.8975213026932637 0.4409711002002138 0
    outer loop
      vertex -55.97018061578274 -5.922321431338787 2.4
      vertex -56.06809388101101 -5.723035715520382 2.4
      vertex -56.06809388101101 -5.723035715520382 3
    endloop
  endfacet
  facet normal 0.7490848568650783 0.6624740577678685 0
    outer loop
      vertex -56.20517244935036 -5.568035714328289 2.4
      vertex -56.20517244935036 -5.568035714328289 3
      vertex -56.06809388101101 -5.723035715520382 2.4
    endloop
  endfacet
  facet normal -0.4949593312297185 -0.8689161411946666 0
    outer loop
      vertex -56.03127244859934 -4.943515308201313 2.4
      vertex -56.03127244859934 -4.943515308201313 3
      vertex -56.17395408451557 -4.862239792943001 2.4
    endloop
  endfacet
  facet normal -0.603243096068873 -0.7975573753939214 0
    outer loop
      vertex -56.03127244859934 -4.943515308201313 2.4
      vertex -55.89993775635958 -5.04285204410553 2.4
      vertex -55.89993775635958 -5.04285204410553 3
    endloop
  endfacet
  facet normal -0.9488134758539324 -0.31583696433124986 0
    outer loop
      vertex -55.453337758779526 -5.769433669745922 2.4
      vertex -55.453337758779526 -5.769433669745922 3
      vertex -55.51049489527941 -5.597726531326771 2.4
    endloop
  endfacet
  facet normal -0.8514508156900628 -0.5244344653631441 0
    outer loop
      vertex -55.58398265391588 -5.438960202038288 2.4
      vertex -55.58398265391588 -5.438960202038288 3
      vertex -55.67380101978779 -5.293134696781635 2.4
    endloop
  endfacet
  facet normal -0.9074999661593102 -0.42005215321534894 0
    outer loop
      vertex -55.51049489527941 -5.597726531326771 2.4
      vertex -55.51049489527941 -5.597726531326771 3
      vertex -55.58398265391588 -5.438960202038288 2.4
    endloop
  endfacet
  facet normal -0.7813239968218888 -0.6241256379850688 0
    outer loop
      vertex -55.77995000034571 -5.160250000655651 2.4
      vertex -55.67380101978779 -5.293134696781635 2.4
      vertex -55.67380101978779 -5.293134696781635 3
    endloop
  endfacet
  facet normal -0.6993508630755685 -0.7147785463452702 0
    outer loop
      vertex -55.77995000034571 -5.160250000655651 2.4
      vertex -55.77995000034571 -5.160250000655651 3
      vertex -55.89993775635958 -5.04285204410553 2.4
    endloop
  endfacet
  facet normal -0.15153132869876001 -0.9884524553172946 0
    outer loop
      vertex -56.67008060961962 -4.726780615746975 2.4
      vertex -56.49335816502571 -4.753872446715832 2.4
      vertex -56.49335816502571 -4.753872446715832 3
    endloop
  endfacet
  facet normal -0.26339242606675867 -0.964688773590046 0
    outer loop
      vertex -56.49335816502571 -4.753872446715832 2.4
      vertex -56.327982656657696 -4.799025513231754 2.4
      vertex -56.327982656657696 -4.799025513231754 3
    endloop
  endfacet
  facet normal -0.3796749567582947 -0.9251199528766997 0
    outer loop
      vertex -56.327982656657696 -4.799025513231754 2.4
      vertex -56.17395408451557 -4.862239792943001 2.4
      vertex -56.17395408451557 -4.862239792943001 3
    endloop
  endfacet
  facet normal 0 1 0
    outer loop
      vertex -57.18704999983311 -3.8867499977350235 2.4
      vertex -57.18704999983311 -3.8867499977350235 3
      vertex -53.51839999854565 -3.8867499977350235 2.4
    endloop
  endfacet
  facet normal 1 0 0
    outer loop
      vertex -58.29580000042915 -8.413500003516674 2.4
      vertex -58.29580000042915 -6.402900002896786 3
      vertex -58.29580000042915 -8.413500003516674 3
    endloop
  endfacet
  facet normal -1 0 0
    outer loop
      vertex -57.777050003409386 -6.480850003659725 2.4
      vertex -57.777050003409386 -7.7659000009298325 3
      vertex -57.777050003409386 -6.480850003659725 3
    endloop
  endfacet
  facet normal 0.9994029378143705 -0.034550946267873694 0
    outer loop
      vertex -58.29580000042915 -6.402900002896786 2.4
      vertex -58.28811836987734 -6.180705100297928 3
      vertex -58.29580000042915 -6.402900002896786 3
    endloop
  endfacet
  facet normal 0.9938826007189185 -0.11044173118979465 0
    outer loop
      vertex -58.28811836987734 -6.180705100297928 2.4
      vertex -58.26507347077131 -5.973320409655571 3
      vertex -58.28811836987734 -6.180705100297928 3
    endloop
  endfacet
  facet normal 0.9806850609585477 -0.19559348458660258 0
    outer loop
      vertex -58.26507347077131 -5.973320409655571 2.4
      vertex -58.226665303111076 -5.780745916068554 3
      vertex -58.26507347077131 -5.973320409655571 3
    endloop
  endfacet
  facet normal -0.9979565846170497 0.0638956588468536 0
    outer loop
      vertex -57.758159182965755 -6.185803063213825 2.4
      vertex -57.777050003409386 -6.480850003659725 3
      vertex -57.758159182965755 -6.185803063213825 3
    endloop
  endfacet
  facet normal -0.9751896778892701 0.22137093788079162 0
    outer loop
      vertex -57.701486736536026 -5.936147958040237 2.4
      vertex -57.758159182965755 -6.185803063213825 3
      vertex -57.701486736536026 -5.936147958040237 3
    endloop
  endfacet
  facet normal 0.9571685515100941 -0.2895312832839805 0
    outer loop
      vertex -58.226665303111076 -5.780745916068554 2.4
      vertex -58.17289387434721 -5.602981634438038 3
      vertex -58.226665303111076 -5.780745916068554 3
    endloop
  endfacet
  facet normal 0.9205763912479701 -0.39056255309087695 0
    outer loop
      vertex -58.17289387434721 -5.602981634438038 2.4
      vertex -58.10375918447971 -5.440027549862862 3
      vertex -58.17289387434721 -5.602981634438038 3
    endloop
  endfacet
  facet normal 0.868636104361836 -0.49545062135302015 0
    outer loop
      vertex -58.10375918447971 -5.440027549862862 2.4
      vertex -58.019261226058006 -5.291883669793606 3
      vertex -58.10375918447971 -5.440027549862862 3
    endloop
  endfacet
  facet normal -0.9076569691248059 0.41971279036880815 0
    outer loop
      vertex -57.60703265666962 -5.731884695589542 2.4
      vertex -57.701486736536026 -5.936147958040237 3
      vertex -57.60703265666962 -5.731884695589542 3
    endloop
  endfacet
  facet normal -0.7685950152626235 0.6397356504943644 0
    outer loop
      vertex -57.47479693591595 -5.5730132684111595 2.4
      vertex -57.60703265666962 -5.731884695589542 3
      vertex -57.47479693591595 -5.5730132684111595 3
    endloop
  endfacet
  facet normal 0.8004004105256846 -0.599465747837452 0
    outer loop
      vertex -58.019261226058006 -5.291883669793606 2.4
      vertex -57.91939999908209 -5.158550001680851 3
      vertex -58.019261226058006 -5.291883669793606 3
    endloop
  endfacet
  facet normal 0.7166055806453259 -0.6974786317787631 0
    outer loop
      vertex -57.91939999908209 -5.158550001680851 2.4
      vertex -57.805574491620064 -5.041603058576584 3
      vertex -57.91939999908209 -5.158550001680851 3
    endloop
  endfacet
  facet normal 0.6163785261693977 -0.7874500063351584 0
    outer loop
      vertex -57.805574491620064 -5.041603058576584 2.4
      vertex -57.679155103862286 -4.942647956311703 3
      vertex -57.805574491620064 -5.041603058576584 3
    endloop
  endfacet
  facet normal 0.5032781241548097 -0.8641244874132523 0
    outer loop
      vertex -57.679155103862286 -4.942647956311703 2.4
      vertex -57.540141835808754 -4.861684694886208 3
      vertex -57.679155103862286 -4.942647956311703 3
    endloop
  endfacet
  facet normal -0.5551563022357303 0.8317460430251234 0
    outer loop
      vertex -57.30477958917618 -5.459533676505089 2.4
      vertex -57.47479693591595 -5.5730132684111595 3
      vertex -57.30477958917618 -5.459533676505089 3
    endloop
  endfacet
  facet normal -0.31137287347663073 0.9502878162235407 0
    outer loop
      vertex -57.09698060899973 -5.39144591987133 2.4
      vertex -57.30477958917618 -5.459533676505089 3
      vertex -57.09698060899973 -5.39144591987133 3
    endloop
  endfacet
  facet normal -0.09202524388648278 0.9957566743374775 0
    outer loop
      vertex -56.85140000283718 -5.368749998509884 2.4
      vertex -57.09698060899973 -5.39144591987133 3
      vertex -56.85140000283718 -5.368749998509884 3
    endloop
  endfacet
  facet normal 0.08665270627144885 0.9962385801081156 0
    outer loop
      vertex -56.59682551026344 -5.39089285582304 2.4
      vertex -56.85140000283718 -5.368749998509884 3
      vertex -56.59682551026344 -5.39089285582304 3
    endloop
  endfacet
  facet normal 0 1 0
    outer loop
      vertex -57.96689999848604 -3.8867499977350235 2.4
      vertex -58.55009999871254 -3.8867499977350235 3
      vertex -57.96689999848604 -3.8867499977350235 3
    endloop
  endfacet
  facet normal 0.3835863486534035 -0.9235050152147251 0
    outer loop
      vertex -57.540141835808754 -4.861684694886208 2.4
      vertex -57.38853469491005 -4.798713266849518 3
      vertex -57.540141835808754 -4.861684694886208 3
    endloop
  endfacet
  facet normal 0.2641969753963712 -0.9644687440199445 0
    outer loop
      vertex -57.38853469491005 -4.798713266849518 2.4
      vertex -57.22433367371559 -4.7537336722016335 3
      vertex -57.38853469491005 -4.798713266849518 3
    endloop
  endfacet
  facet normal 0.15090203016585063 -0.9885487227708226 0
    outer loop
      vertex -57.22433367371559 -4.7537336722016335 2.4
      vertex -57.04753877222538 -4.726745918393135 3
      vertex -57.22433367371559 -4.7537336722016335 3
    endloop
  endfacet
  facet normal 0.04744626060192578 -0.9988737920052233 0
    outer loop
      vertex -57.04753877222538 -4.726745918393135 2.4
      vertex -56.858149997889996 -4.717749997973442 3
      vertex -57.04753877222538 -4.726745918393135 3
    endloop
  endfacet
  facet normal -0.047962217432856044 -0.9988491506223166 0
    outer loop
      vertex -56.858149997889996 -4.717749997973442 2.4
      vertex -56.67008060961962 -4.726780615746975 3
      vertex -56.858149997889996 -4.717749997973442 3
    endloop
  endfacet
  facet normal 1 0 0
    outer loop
      vertex -55.891850002110004 -7.7659000009298325 2.4
      vertex -55.891850002110004 -6.4537499994039536 3
      vertex -55.891850002110004 -7.7659000009298325 3
    endloop
  endfacet
  facet normal -1 0 0
    outer loop
      vertex -55.37985000014305 -6.362199999392033 2.4
      vertex -55.37985000014305 -7.7659000009298325 3
      vertex -55.37985000014305 -6.362199999392033 3
    endloop
  endfacet
  facet normal 0.9976940242462394 0.06787218858519502 0
    outer loop
      vertex -55.891850002110004 -6.4537499994039536 2.4
      vertex -55.91143265366554 -6.165892854332924 3
      vertex -55.891850002110004 -6.4537499994039536 3
    endloop
  endfacet
  facet normal 0.9721232861557529 0.2344702891919146 0
    outer loop
      vertex -55.91143265366554 -6.165892854332924 2.4
      vertex -55.97018061578274 -5.922321431338787 3
      vertex -55.91143265366554 -6.165892854332924 3
    endloop
  endfacet
  facet normal 0.8975213026932637 0.4409711002002138 0
    outer loop
      vertex -55.97018061578274 -5.922321431338787 2.4
      vertex -56.06809388101101 -5.723035715520382 3
      vertex -55.97018061578274 -5.922321431338787 3
    endloop
  endfacet
  facet normal -0.9924026612715572 -0.12303234493876312 0
    outer loop
      vertex -55.412511222064495 -5.954081632196903 2.4
      vertex -55.38801530748606 -6.151670411229134 3
      vertex -55.412511222064495 -5.954081632196903 3
    endloop
  endfacet
  facet normal -0.9764175724537805 -0.21589053754962553 0
    outer loop
      vertex -55.453337758779526 -5.769433669745922 2.4
      vertex -55.412511222064495 -5.954081632196903 3
      vertex -55.453337758779526 -5.769433669745922 3
    endloop
  endfacet
  facet normal -0.999248724600096 -0.03875546909897269 0
    outer loop
      vertex -55.38801530748606 -6.151670411229134 2.4
      vertex -55.37985000014305 -6.362199999392033 3
      vertex -55.38801530748606 -6.151670411229134 3
    endloop
  endfacet
  facet normal 0.2946888991699661 0.9555932464736205 0
    outer loop
      vertex -56.38141632825136 -5.457321427762508 2.4
      vertex -56.59682551026344 -5.39089285582304 3
      vertex -56.38141632825136 -5.457321427762508 3
    endloop
  endfacet
  facet normal 0.5319387849603103 0.8467828110294567 0
    outer loop
      vertex -56.20517244935036 -5.568035714328289 2.4
      vertex -56.38141632825136 -5.457321427762508 3
      vertex -56.20517244935036 -5.568035714328289 3
    endloop
  endfacet
  facet normal 0.7490848568650783 0.6624740577678685 0
    outer loop
      vertex -56.06809388101101 -5.723035715520382 2.4
      vertex -56.20517244935036 -5.568035714328289 3
      vertex -56.06809388101101 -5.723035715520382 3
    endloop
  endfacet
  facet normal -0.4949593312297185 -0.8689161411946666 0
    outer loop
      vertex -56.17395408451557 -4.862239792943001 2.4
      vertex -56.03127244859934 -4.943515308201313 3
      vertex -56.17395408451557 -4.862239792943001 3
    endloop
  endfacet
  facet normal -0.603243096068873 -0.7975573753939214 0
    outer loop
      vertex -56.03127244859934 -4.943515308201313 2.4
      vertex -55.89993775635958 -5.04285204410553 3
      vertex -56.03127244859934 -4.943515308201313 3
    endloop
  endfacet
  facet normal -0.6993508630755685 -0.7147785463452702 0
    outer loop
      vertex -55.89993775635958 -5.04285204410553 2.4
      vertex -55.77995000034571 -5.160250000655651 3
      vertex -55.89993775635958 -5.04285204410553 3
    endloop
  endfacet
  facet normal -0.9488134758539324 -0.31583696433124986 0
    outer loop
      vertex -55.51049489527941 -5.597726531326771 2.4
      vertex -55.453337758779526 -5.769433669745922 3
      vertex -55.51049489527941 -5.597726531326771 3
    endloop
  endfacet
  facet normal -0.8514508156900628 -0.5244344653631441 0
    outer loop
      vertex -55.67380101978779 -5.293134696781635 2.4
      vertex -55.58398265391588 -5.438960202038288 3
      vertex -55.67380101978779 -5.293134696781635 3
    endloop
  endfacet
  facet normal -0.9074999661593102 -0.42005215321534894 0
    outer loop
      vertex -55.58398265391588 -5.438960202038288 2.4
      vertex -55.51049489527941 -5.597726531326771 3
      vertex -55.58398265391588 -5.438960202038288 3
    endloop
  endfacet
  facet normal -0.7813239968218888 -0.6241256379850688 0
    outer loop
      vertex -55.77995000034571 -5.160250000655651 2.4
      vertex -55.67380101978779 -5.293134696781635 3
      vertex -55.77995000034571 -5.160250000655651 3
    endloop
  endfacet
  facet normal -0.15153132869876001 -0.9884524553172946 0
    outer loop
      vertex -56.67008060961962 -4.726780615746975 2.4
      vertex -56.49335816502571 -4.753872446715832 3
      vertex -56.67008060961962 -4.726780615746975 3
    endloop
  endfacet
  facet normal -0.26339242606675867 -0.964688773590046 0
    outer loop
      vertex -56.49335816502571 -4.753872446715832 2.4
      vertex -56.327982656657696 -4.799025513231754 3
      vertex -56.49335816502571 -4.753872446715832 3
    endloop
  endfacet
  facet normal -0.3796749567582947 -0.9251199528766997 0
    outer loop
      vertex -56.327982656657696 -4.799025513231754 2.4
      vertex -56.17395408451557 -4.862239792943001 3
      vertex -56.327982656657696 -4.799025513231754 3
    endloop
  endfacet
  facet normal 0 1 0
    outer loop
      vertex -53.51839999854565 -3.8867499977350235 2.4
      vertex -57.18704999983311 -3.8867499977350235 3
      vertex -53.51839999854565 -3.8867499977350235 3
    endloop
  endfacet
  facet normal 0 0 1
    outer loop
      vertex -58.55009999871254 -3.8867499977350235 2.4
      vertex -57.96689999848604 -3.8867499977350235 2.4
      vertex -58.55009999871254 -3.276399999856949 2.4
    endloop
  endfacet
  facet normal 0 0 1
    outer loop
      vertex -57.96689999848604 -3.8867499977350235 2.4
      vertex -57.96689999848604 -3.276399999856949 2.4
      vertex -58.55009999871254 -3.276399999856949 2.4
    endloop
  endfacet
  facet normal 1 0 0
    outer loop
      vertex -58.55009999871254 -3.8867499977350235 2.4
      vertex -58.55009999871254 -3.276399999856949 2.4
      vertex -58.55009999871254 -3.276399999856949 3
    endloop
  endfacet
  facet normal -1 0 0
    outer loop
      vertex -57.96689999848604 -3.8867499977350235 2.4
      vertex -57.96689999848604 -3.8867499977350235 3
      vertex -57.96689999848604 -3.276399999856949 2.4
    endloop
  endfacet
  facet normal 0 -1 0
    outer loop
      vertex -58.55009999871254 -3.276399999856949 2.4
      vertex -57.96689999848604 -3.276399999856949 2.4
      vertex -57.96689999848604 -3.276399999856949 3
    endloop
  endfacet
  facet normal 1 0 0
    outer loop
      vertex -57.18704999983311 -3.8867499977350235 2.4
      vertex -57.18704999983311 -3.276399999856949 2.4
      vertex -57.18704999983311 -3.276399999856949 3
    endloop
  endfacet
  facet normal 0 0 1
    outer loop
      vertex -57.8291244879365 -0.2572367340326309 2.4
      vertex -57.526333674788475 0.24507040530443192 2.4
      vertex -57.938870407640934 -0.1590806096792221 2.4
    endloop
  endfacet
  facet normal 0 0 1
    outer loop
      vertex -57.8291244879365 -0.2572367340326309 2.4
      vertex -57.708862245082855 -0.3410683646798134 2.4
      vertex -57.44994183629751 0.19514591991901398 2.4
    endloop
  endfacet
  facet normal 0 0 1
    outer loop
      vertex -57.57808367162943 -0.4105755090713501 2.4
      vertex -57.36662755161524 0.15373162925243378 2.4
      vertex -57.708862245082855 -0.3410683646798134 2.4
    endloop
  endfacet
  facet normal 0 0 1
    outer loop
      vertex -57.57808367162943 -0.4105755090713501 2.4
      vertex -57.4367887750268 -0.46575815975666046 2.4
      vertex -57.27639081329107 0.12082754820585251 2.4
    endloop
  endfacet
  facet normal 0 0 1
    outer loop
      vertex -57.4367887750268 -0.46575815975666046 2.4
      vertex -57.28497754782438 -0.5066163241863251 2.4
      vertex -57.17923163622618 0.09643367677927017 2.4
    endloop
  endfacet
  facet normal 0 0 1
    outer loop
      vertex -57.28497754782438 -0.5066163241863251 2.4
      vertex -57.12264999747276 -0.5331500023603439 2.4
      vertex -57.07514999806881 0.08055000007152557 2.4
    endloop
  endfacet
  facet normal 0 0 1
    outer loop
      vertex -57.57808367162943 -0.4105755090713501 2.4
      vertex -57.27639081329107 0.12082754820585251 2.4
      vertex -57.36662755161524 0.15373162925243378 2.4
    endloop
  endfacet
  facet normal 0 0 1
    outer loop
      vertex -57.4367887750268 -0.46575815975666046 2.4
      vertex -57.17923163622618 0.09643367677927017 2.4
      vertex -57.27639081329107 0.12082754820585251 2.4
    endloop
  endfacet
  facet normal 0 0 1
    outer loop
      vertex -57.28497754782438 -0.5066163241863251 2.4
      vertex -57.07514999806881 0.08055000007152557 2.4
      vertex -57.17923163622618 0.09643367677927017 2.4
    endloop
  endfacet
  facet normal 0.7498974156043897 0.6615541293574224 0
    outer loop
      vertex -58.038099996745586 -0.04659999907016754 2.4
      vertex -58.038099996745586 -0.04659999907016754 3
      vertex -57.938870407640934 -0.1590806096792221 2.4
    endloop
  endfacet
  facet normal 0.5718500117844834 0.8203581925123234 0
    outer loop
      vertex -57.8291244879365 -0.2572367340326309 2.4
      vertex -57.8291244879365 -0.2572367340326309 3
      vertex -57.708862245082855 -0.3410683646798134 2.4
    endloop
  endfacet
  facet normal 0.46931860465501707 0.8830289051467498 0
    outer loop
      vertex -57.57808367162943 -0.4105755090713501 2.4
      vertex -57.708862245082855 -0.3410683646798134 2.4
      vertex -57.708862245082855 -0.3410683646798134 3
    endloop
  endfacet
  facet normal 0.3637895068405328 0.9314811832306232 0
    outer loop
      vertex -57.57808367162943 -0.4105755090713501 2.4
      vertex -57.57808367162943 -0.4105755090713501 3
      vertex -57.4367887750268 -0.46575815975666046 2.4
    endloop
  endfacet
  facet normal 0.6666530440481945 0.7453681767162295 0
    outer loop
      vertex -57.8291244879365 -0.2572367340326309 2.4
      vertex -57.938870407640934 -0.1590806096792221 2.4
      vertex -57.938870407640934 -0.1590806096792221 3
    endloop
  endfacet
  facet normal 0.16131678196690669 0.9869026780062163 0
    outer loop
      vertex -57.28497754782438 -0.5066163241863251 2.4
      vertex -57.28497754782438 -0.5066163241863251 3
      vertex -57.12264999747276 -0.5331500023603439 2.4
    endloop
  endfacet
  facet normal 0.25988991199842904 0.9656382519564192 0
    outer loop
      vertex -57.4367887750268 -0.46575815975666046 2.4
      vertex -57.4367887750268 -0.46575815975666046 3
      vertex -57.28497754782438 -0.5066163241863251 2.4
    endloop
  endfacet
  facet normal -0.9970180592097703 0.07716857916006371 0
    outer loop
      vertex -57.12264999747276 -0.5331500023603439 2.4
      vertex -57.12264999747276 -0.5331500023603439 3
      vertex -57.07514999806881 0.08055000007152557 2.4
    endloop
  endfacet
  facet normal 0 0 1
    outer loop
      vertex -57.18704999983311 -3.8867499977350235 2.4
      vertex -53.51839999854565 -3.8867499977350235 2.4
      vertex -57.18704999983311 -3.276399999856949 2.4
    endloop
  endfacet
  facet normal 0 0 1
    outer loop
      vertex -57.18704999983311 -3.276399999856949 2.4
      vertex -53.51839999854565 -3.8867499977350235 2.4
      vertex -53.51839999854565 -3.276399999856949 2.4
    endloop
  endfacet
  facet normal 0 -1 0
    outer loop
      vertex -57.18704999983311 -3.276399999856949 2.4
      vertex -53.51839999854565 -3.276399999856949 2.4
      vertex -53.51839999854565 -3.276399999856949 3
    endloop
  endfacet
  facet normal -1 0 0
    outer loop
      vertex -53.51839999854565 -3.8867499977350235 2.4
      vertex -53.51839999854565 -3.8867499977350235 3
      vertex -53.51839999854565 -3.276399999856949 2.4
    endloop
  endfacet
  facet normal 0 0 1
    outer loop
      vertex -54.745800003409386 -0.6145500019192696 2.4
      vertex -54.56911428272724 -0.5841316357254982 2.4
      vertex -54.803450003266335 0.01614999771118164 2.4
    endloop
  endfacet
  facet normal 0 0 1
    outer loop
      vertex -54.56911428272724 -0.5841316357254982 2.4
      vertex -54.57856326550245 0.06728265434503555 2.4
      vertex -54.803450003266335 0.01614999771118164 2.4
    endloop
  endfacet
  facet normal 0 0 1
    outer loop
      vertex -54.56911428272724 -0.5841316357254982 2.4
      vertex -54.405228570103645 -0.539390817284584 2.4
      vertex -54.57856326550245 0.06728265434503555 2.4
    endloop
  endfacet
  facet normal 0 0 1
    outer loop
      vertex -54.405228570103645 -0.539390817284584 2.4
      vertex -54.25414285808802 -0.4803275540471077 2.4
      vertex -54.57856326550245 0.06728265434503555 2.4
    endloop
  endfacet
  facet normal 0 0 1
    outer loop
      vertex -54.25414285808802 -0.4803275540471077 2.4
      vertex -54.115857139229774 -0.40694183856248856 2.4
      vertex -54.38827449083328 0.1509377583861351 2.4
    endloop
  endfacet
  facet normal 0 0 1
    outer loop
      vertex -54.25414285808802 -0.4803275540471077 2.4
      vertex -54.38827449083328 0.1509377583861351 2.4
      vertex -54.57856326550245 0.06728265434503555 2.4
    endloop
  endfacet
  facet normal 0 0 1
    outer loop
      vertex -54.115857139229774 -0.40694183856248856 2.4
      vertex -53.99037142843008 -0.3192336708307266 2.4
      vertex -54.38827449083328 0.1509377583861351 2.4
    endloop
  endfacet
  facet normal 0 0 1
    outer loop
      vertex -53.99037142843008 -0.3192336708307266 2.4
      vertex -53.87768571078777 -0.2172030583024025 2.4
      vertex -54.38827449083328 0.1509377583861351 2.4
    endloop
  endfacet
  facet normal 0 0 1
    outer loop
      vertex -53.87768571078777 -0.2172030583024025 2.4
      vertex -53.777800001204014 -0.10085000097751617 2.4
      vertex -54.23258367180824 0.2671153098344803 2.4
    endloop
  endfacet
  facet normal -0.1696648443443302 0.9855018217099419 0
    outer loop
      vertex -54.745800003409386 -0.6145500019192696 2.4
      vertex -54.745800003409386 -0.6145500019192696 3
      vertex -54.56911428272724 -0.5841316357254982 2.4
    endloop
  endfacet
  facet normal -0.2633623854471858 0.9646969751852484 0
    outer loop
      vertex -54.56911428272724 -0.5841316357254982 2.4
      vertex -54.56911428272724 -0.5841316357254982 3
      vertex -54.405228570103645 -0.539390817284584 2.4
    endloop
  endfacet
  facet normal -0.3640933680177298 0.9313624532723584 0
    outer loop
      vertex -54.405228570103645 -0.539390817284584 2.4
      vertex -54.405228570103645 -0.539390817284584 3
      vertex -54.25414285808802 -0.4803275540471077 2.4
    endloop
  endfacet
  facet normal 0.9958484345226009 0.09102689415159278 0
    outer loop
      vertex -54.745800003409386 -0.6145500019192696 2.4
      vertex -54.803450003266335 0.01614999771118164 2.4
      vertex -54.803450003266335 0.01614999771118164 3
    endloop
  endfacet
  facet normal -0.46876375432724204 0.8833235775348857 0
    outer loop
      vertex -54.25414285808802 -0.4803275540471077 2.4
      vertex -54.25414285808802 -0.4803275540471077 3
      vertex -54.115857139229774 -0.40694183856248856 2.4
    endloop
  endfacet
  facet normal -0.5728842995462935 0.8196362481816873 0
    outer loop
      vertex -54.115857139229774 -0.40694183856248856 2.4
      vertex -54.115857139229774 -0.40694183856248856 3
      vertex -53.99037142843008 -0.3192336708307266 2.4
    endloop
  endfacet
  facet normal -0.6711913285432554 0.7412841563721295 0
    outer loop
      vertex -53.99037142843008 -0.3192336708307266 2.4
      vertex -53.99037142843008 -0.3192336708307266 3
      vertex -53.87768571078777 -0.2172030583024025 2.4
    endloop
  endfacet
  facet normal -0.7587584894165212 0.6513720555399647 0
    outer loop
      vertex -53.87768571078777 -0.2172030583024025 2.4
      vertex -53.87768571078777 -0.2172030583024025 3
      vertex -53.777800001204014 -0.10085000097751617 2.4
    endloop
  endfacet
  facet normal -0.8306419220607527 0.5568069659363275 0
    outer loop
      vertex -53.777800001204014 -0.10085000097751617 2.4
      vertex -53.777800001204014 -0.10085000097751617 3
      vertex -53.69099183380604 0.02865000069141388 2.4
    endloop
  endfacet
  facet normal 1 0 0
    outer loop
      vertex -58.55009999871254 -3.8867499977350235 2.4
      vertex -58.55009999871254 -3.276399999856949 3
      vertex -58.55009999871254 -3.8867499977350235 3
    endloop
  endfacet
  facet normal 0 -1 0
    outer loop
      vertex -58.55009999871254 -3.276399999856949 2.4
      vertex -57.96689999848604 -3.276399999856949 3
      vertex -58.55009999871254 -3.276399999856949 3
    endloop
  endfacet
  facet normal -1 0 0
    outer loop
      vertex -57.96689999848604 -3.276399999856949 2.4
      vertex -57.96689999848604 -3.8867499977350235 3
      vertex -57.96689999848604 -3.276399999856949 3
    endloop
  endfacet
  facet normal 1 0 0
    outer loop
      vertex -57.18704999983311 -3.8867499977350235 2.4
      vertex -57.18704999983311 -3.276399999856949 3
      vertex -57.18704999983311 -3.8867499977350235 3
    endloop
  endfacet
  facet normal 0.7498974156043897 0.6615541293574224 0
    outer loop
      vertex -57.938870407640934 -0.1590806096792221 2.4
      vertex -58.038099996745586 -0.04659999907016754 3
      vertex -57.938870407640934 -0.1590806096792221 3
    endloop
  endfacet
  facet normal 0.8189385842860873 0.5738811681589657 0
    outer loop
      vertex -58.038099996745586 -0.04659999907016754 2.4
      vertex -58.12535918504 0.07792040705680847 3
      vertex -58.038099996745586 -0.04659999907016754 3
    endloop
  endfacet
  facet normal 0.5718500117844834 0.8203581925123234 0
    outer loop
      vertex -57.708862245082855 -0.3410683646798134 2.4
      vertex -57.8291244879365 -0.2572367340326309 3
      vertex -57.708862245082855 -0.3410683646798134 3
    endloop
  endfacet
  facet normal 0.46931860465501707 0.8830289051467498 0
    outer loop
      vertex -57.57808367162943 -0.4105755090713501 2.4
      vertex -57.708862245082855 -0.3410683646798134 3
      vertex -57.57808367162943 -0.4105755090713501 3
    endloop
  endfacet
  facet normal 0.6666530440481945 0.7453681767162295 0
    outer loop
      vertex -57.8291244879365 -0.2572367340326309 2.4
      vertex -57.938870407640934 -0.1590806096792221 3
      vertex -57.8291244879365 -0.2572367340326309 3
    endloop
  endfacet
  facet normal 0.25988991199842904 0.9656382519564192 0
    outer loop
      vertex -57.28497754782438 -0.5066163241863251 2.4
      vertex -57.4367887750268 -0.46575815975666046 3
      vertex -57.28497754782438 -0.5066163241863251 3
    endloop
  endfacet
  facet normal 0.16131678196690669 0.9869026780062163 0
    outer loop
      vertex -57.12264999747276 -0.5331500023603439 2.4
      vertex -57.28497754782438 -0.5066163241863251 3
      vertex -57.12264999747276 -0.5331500023603439 3
    endloop
  endfacet
  facet normal 0.3637895068405328 0.9314811832306232 0
    outer loop
      vertex -57.4367887750268 -0.46575815975666046 2.4
      vertex -57.57808367162943 -0.4105755090713501 3
      vertex -57.4367887750268 -0.46575815975666046 3
    endloop
  endfacet
  facet normal -0.9970180592097703 0.07716857916006371 0
    outer loop
      vertex -57.07514999806881 0.08055000007152557 2.4
      vertex -57.12264999747276 -0.5331500023603439 3
      vertex -57.07514999806881 0.08055000007152557 3
    endloop
  endfacet
  facet normal 0 -1 0
    outer loop
      vertex -57.18704999983311 -3.276399999856949 2.4
      vertex -53.51839999854565 -3.276399999856949 3
      vertex -57.18704999983311 -3.276399999856949 3
    endloop
  endfacet
  facet normal -1 0 0
    outer loop
      vertex -53.51839999854565 -3.276399999856949 2.4
      vertex -53.51839999854565 -3.8867499977350235 3
      vertex -53.51839999854565 -3.276399999856949 3
    endloop
  endfacet
  facet normal -0.1696648443443302 0.9855018217099419 0
    outer loop
      vertex -54.56911428272724 -0.5841316357254982 2.4
      vertex -54.745800003409386 -0.6145500019192696 3
      vertex -54.56911428272724 -0.5841316357254982 3
    endloop
  endfacet
  facet normal -0.2633623854471858 0.9646969751852484 0
    outer loop
      vertex -54.405228570103645 -0.539390817284584 2.4
      vertex -54.56911428272724 -0.5841316357254982 3
      vertex -54.405228570103645 -0.539390817284584 3
    endloop
  endfacet
  facet normal -0.3640933680177298 0.9313624532723584 0
    outer loop
      vertex -54.25414285808802 -0.4803275540471077 2.4
      vertex -54.405228570103645 -0.539390817284584 3
      vertex -54.25414285808802 -0.4803275540471077 3
    endloop
  endfacet
  facet normal 0.9958484345226009 0.09102689415159278 0
    outer loop
      vertex -54.745800003409386 -0.6145500019192696 2.4
      vertex -54.803450003266335 0.01614999771118164 3
      vertex -54.745800003409386 -0.6145500019192696 3
    endloop
  endfacet
  facet normal -0.46876375432724204 0.8833235775348857 0
    outer loop
      vertex -54.115857139229774 -0.40694183856248856 2.4
      vertex -54.25414285808802 -0.4803275540471077 3
      vertex -54.115857139229774 -0.40694183856248856 3
    endloop
  endfacet
  facet normal -0.5728842995462935 0.8196362481816873 0
    outer loop
      vertex -53.99037142843008 -0.3192336708307266 2.4
      vertex -54.115857139229774 -0.40694183856248856 3
      vertex -53.99037142843008 -0.3192336708307266 3
    endloop
  endfacet
  facet normal -0.6711913285432554 0.7412841563721295 0
    outer loop
      vertex -53.87768571078777 -0.2172030583024025 2.4
      vertex -53.99037142843008 -0.3192336708307266 3
      vertex -53.87768571078777 -0.2172030583024025 3
    endloop
  endfacet
  facet normal -0.7587584894165212 0.6513720555399647 0
    outer loop
      vertex -53.777800001204014 -0.10085000097751617 2.4
      vertex -53.87768571078777 -0.2172030583024025 3
      vertex -53.777800001204014 -0.10085000097751617 3
    endloop
  endfacet
  facet normal -0.8306419220607527 0.5568069659363275 0
    outer loop
      vertex -53.69099183380604 0.02865000069141388 2.4
      vertex -53.777800001204014 -0.10085000097751617 3
      vertex -53.69099183380604 0.02865000069141388 3
    endloop
  endfacet
  facet normal 0 0 1
    outer loop
      vertex -58.038099996745586 -0.04659999907016754 2.4
      vertex -57.65834999829531 0.370449997484684 2.4
      vertex -58.12535918504 0.07792040705680847 2.4
    endloop
  endfacet
  facet normal 0 0 1
    outer loop
      vertex -58.19919387996197 0.21219591796398163 2.4
      vertex -58.12535918504 0.07792040705680847 2.4
      vertex -57.713228568434715 0.4447989761829376 2.4
    endloop
  endfacet
  facet normal 0 0 1
    outer loop
      vertex -58.19919387996197 0.21219591796398163 2.4
      vertex -57.75966428220272 0.5254459157586098 2.4
      vertex -58.2596040815115 0.35622653365135193 2.4
    endloop
  endfacet
  facet normal 0 0 1
    outer loop
      vertex -58.038099996745586 -0.04659999907016754 2.4
      vertex -57.938870407640934 -0.1590806096792221 2.4
      vertex -57.59580305963755 0.3035051003098488 2.4
    endloop
  endfacet
  facet normal 0 0 1
    outer loop
      vertex -58.038099996745586 -0.04659999907016754 2.4
      vertex -57.59580305963755 0.3035051003098488 2.4
      vertex -57.65834999829531 0.370449997484684 2.4
    endloop
  endfacet
  facet normal 0 0 1
    outer loop
      vertex -57.8291244879365 -0.2572367340326309 2.4
      vertex -57.44994183629751 0.19514591991901398 2.4
      vertex -57.526333674788475 0.24507040530443192 2.4
    endloop
  endfacet
  facet normal 0 0 1
    outer loop
      vertex -57.708862245082855 -0.3410683646798134 2.4
      vertex -57.36662755161524 0.15373162925243378 2.4
      vertex -57.44994183629751 0.19514591991901398 2.4
    endloop
  endfacet
  facet normal 0 0 1
    outer loop
      vertex -57.938870407640934 -0.1590806096792221 2.4
      vertex -57.526333674788475 0.24507040530443192 2.4
      vertex -57.59580305963755 0.3035051003098488 2.4
    endloop
  endfacet
  facet normal 0 0 1
    outer loop
      vertex -58.12535918504 0.07792040705680847 2.4
      vertex -57.65834999829531 0.370449997484684 2.4
      vertex -57.713228568434715 0.4447989761829376 2.4
    endloop
  endfacet
  facet normal 0 0 1
    outer loop
      vertex -58.19919387996197 0.21219591796398163 2.4
      vertex -57.713228568434715 0.4447989761829376 2.4
      vertex -57.75966428220272 0.5254459157586098 2.4
    endloop
  endfacet
  facet normal 0 0 1
    outer loop
      vertex -58.2596040815115 0.35622653365135193 2.4
      vertex -57.79765713959932 0.6123908162117004 2.4
      vertex -58.30658979713917 0.5100122466683388 2.4
    endloop
  endfacet
  facet normal 0 0 1
    outer loop
      vertex -58.30658979713917 0.5100122466683388 2.4
      vertex -57.82720714062452 0.705633670091629 2.4
      vertex -58.3401510193944 0.6735530644655228 2.4
    endloop
  endfacet
  facet normal 0 0 1
    outer loop
      vertex -58.2596040815115 0.35622653365135193 2.4
      vertex -57.75966428220272 0.5254459157586098 2.4
      vertex -57.79765713959932 0.6123908162117004 2.4
    endloop
  endfacet
  facet normal 0 0 1
    outer loop
      vertex -58.30658979713917 0.5100122466683388 2.4
      vertex -57.79765713959932 0.6123908162117004 2.4
      vertex -57.82720714062452 0.705633670091629 2.4
    endloop
  endfacet
  facet normal 0 0 1
    outer loop
      vertex -58.3401510193944 0.6735530644655228 2.4
      vertex -57.84831428527832 0.8051744922995567 2.4
      vertex -58.36028775572777 0.8468489795923233 2.4
    endloop
  endfacet
  facet normal 0 0 1
    outer loop
      vertex -58.36028775572777 0.8468489795923233 2.4
      vertex -57.860978573560715 0.9110132679343224 2.4
      vertex -58.3669999986887 1.029899999499321 2.4
    endloop
  endfacet
  facet normal 0 0 1
    outer loop
      vertex -58.3401510193944 0.6735530644655228 2.4
      vertex -57.82720714062452 0.705633670091629 2.4
      vertex -57.84831428527832 0.8051744922995567 2.4
    endloop
  endfacet
  facet normal 0 0 1
    outer loop
      vertex -57.84831428527832 0.8051744922995567 2.4
      vertex -57.860978573560715 0.9110132679343224 2.4
      vertex -58.36028775572777 0.8468489795923233 2.4
    endloop
  endfacet
  facet normal 0 0 1
    outer loop
      vertex -58.3669999986887 1.029899999499321 2.4
      vertex -57.86066734790802 1.1455867365002632 2.4
      vertex -58.36018367111683 1.2287459149956703 2.4
    endloop
  endfacet
  facet normal 0 0 1
    outer loop
      vertex -58.3669999986887 1.029899999499321 2.4
      vertex -57.860978573560715 0.9110132679343224 2.4
      vertex -57.865199998021126 1.023149996995926 2.4
    endloop
  endfacet
  facet normal 0 0 1
    outer loop
      vertex -58.3669999986887 1.029899999499321 2.4
      vertex -57.865199998021126 1.023149996995926 2.4
      vertex -57.86066734790802 1.1455867365002632 2.4
    endloop
  endfacet
  facet normal 0 0 1
    outer loop
      vertex -58.36018367111683 1.2287459149956703 2.4
      vertex -57.84706939011812 1.259096935391426 2.4
      vertex -58.3397346958518 1.4145122468471527 2.4
    endloop
  endfacet
  facet normal 0 0 1
    outer loop
      vertex -57.86066734790802 1.1455867365002632 2.4
      vertex -57.84706939011812 1.259096935391426 2.4
      vertex -58.36018367111683 1.2287459149956703 2.4
    endloop
  endfacet
  facet normal 0 0 1
    outer loop
      vertex -58.3397346958518 1.4145122468471527 2.4
      vertex -57.84706939011812 1.259096935391426 2.4
      vertex -57.82440612465143 1.3636806085705757 2.4
    endloop
  endfacet
  facet normal 0 0 1
    outer loop
      vertex -58.3397346958518 1.4145122468471527 2.4
      vertex -57.82440612465143 1.3636806085705757 2.4
      vertex -58.30565305799246 1.587198980152607 2.4
    endloop
  endfacet
  facet normal 0 0 1
    outer loop
      vertex -58.30565305799246 1.587198980152607 2.4
      vertex -57.82440612465143 1.3636806085705757 2.4
      vertex -57.79267755150795 1.459337756037712 2.4
    endloop
  endfacet
  facet normal 0 0 1
    outer loop
      vertex -58.30565305799246 1.587198980152607 2.4
      vertex -57.79267755150795 1.459337756037712 2.4
      vertex -58.25793877243996 1.7468061223626137 2.4
    endloop
  endfacet
  facet normal 0 0 1
    outer loop
      vertex -57.79267755150795 1.459337756037712 2.4
      vertex -57.751883670687675 1.5460683703422546 2.4
      vertex -58.25793877243996 1.7468061223626137 2.4
    endloop
  endfacet
  facet normal 0 0 1
    outer loop
      vertex -57.751883670687675 1.5460683703422546 2.4
      vertex -58.1965918391943 1.8933336734771729 2.4
      vertex -58.25793877243996 1.7468061223626137 2.4
    endloop
  endfacet
  facet normal 0 0 1
    outer loop
      vertex -57.70202448964119 1.6238724514842033 2.4
      vertex -58.12161224335432 2.0267816334962845 2.4
      vertex -58.1965918391943 1.8933336734771729 2.4
    endloop
  endfacet
  facet normal 0 0 1
    outer loop
      vertex -57.751883670687675 1.5460683703422546 2.4
      vertex -57.70202448964119 1.6238724514842033 2.4
      vertex -58.1965918391943 1.8933336734771729 2.4
    endloop
  endfacet
  facet normal 0 0 1
    outer loop
      vertex -57.70202448964119 1.6238724514842033 2.4
      vertex -57.64310000091791 1.6927499994635582 2.4
      vertex -58.12161224335432 2.0267816334962845 2.4
    endloop
  endfacet
  facet normal 0 0 1
    outer loop
      vertex -58.032999999821186 2.1471500024199486 2.4
      vertex -57.64310000091791 1.6927499994635582 2.4
      vertex -57.57635612040758 1.7525765299797058 2.4
    endloop
  endfacet
  facet normal 0 0 1
    outer loop
      vertex -57.932222448289394 2.2528479620814323 2.4
      vertex -57.57635612040758 1.7525765299797058 2.4
      vertex -57.5030387789011 1.803198978304863 2.4
    endloop
  endfacet
  facet normal 0.9795857328065152 0.20102684418236935 0
    outer loop
      vertex -58.30658979713917 0.5100122466683388 2.4
      vertex -58.3401510193944 0.6735530644655228 2.4
      vertex -58.3401510193944 0.6735530644655228 3
    endloop
  endfacet
  facet normal 0.9933165517910953 0.11542195604757442 0
    outer loop
      vertex -58.3401510193944 0.6735530644655228 2.4
      vertex -58.36028775572777 0.8468489795923233 2.4
      vertex -58.36028775572777 0.8468489795923233 3
    endloop
  endfacet
  facet normal 0.9993283804303703 0.036644072732340875 0
    outer loop
      vertex -58.36028775572777 0.8468489795923233 2.4
      vertex -58.3669999986887 1.029899999499321 2.4
      vertex -58.3669999986887 1.029899999499321 3
    endloop
  endfacet
  facet normal 0.999412977132825 -0.03425932192124471 0
    outer loop
      vertex -58.3669999986887 1.029899999499321 2.4
      vertex -58.36018367111683 1.2287459149956703 2.4
      vertex -58.36018367111683 1.2287459149956703 3
    endloop
  endfacet
  facet normal 0.9939958164773074 -0.10941808271767128 0
    outer loop
      vertex -58.36018367111683 1.2287459149956703 2.4
      vertex -58.3397346958518 1.4145122468471527 2.4
      vertex -58.3397346958518 1.4145122468471527 3
    endloop
  endfacet
  facet normal 0.8762622987610909 0.4818343945485097 0
    outer loop
      vertex -58.19919387996197 0.21219591796398163 2.4
      vertex -58.19919387996197 0.21219591796398163 3
      vertex -58.12535918504 0.07792040705680847 2.4
    endloop
  endfacet
  facet normal 0.8189385842860873 0.5738811681589657 0
    outer loop
      vertex -58.038099996745586 -0.04659999907016754 2.4
      vertex -58.12535918504 0.07792040705680847 2.4
      vertex -58.12535918504 0.07792040705680847 3
    endloop
  endfacet
  facet normal 0.9221709388240937 0.3867825740494129 0
    outer loop
      vertex -58.19919387996197 0.21219591796398163 2.4
      vertex -58.2596040815115 0.35622653365135193 2.4
      vertex -58.2596040815115 0.35622653365135193 3
    endloop
  endfacet
  facet normal 0.9563591538922925 0.292193717876375 0
    outer loop
      vertex -58.2596040815115 0.35622653365135193 2.4
      vertex -58.30658979713917 0.5100122466683388 2.4
      vertex -58.30658979713917 0.5100122466683388 3
    endloop
  endfacet
  facet normal -0.8666102483854234 -0.49898564848435745 0
    outer loop
      vertex -57.75966428220272 0.5254459157586098 2.4
      vertex -57.713228568434715 0.4447989761829376 2.4
      vertex -57.713228568434715 0.4447989761829376 3
    endloop
  endfacet
  facet normal -0.7307010875752006 -0.6826975323057929 0
    outer loop
      vertex -57.59580305963755 0.3035051003098488 2.4
      vertex -57.59580305963755 0.3035051003098488 3
      vertex -57.65834999829531 0.370449997484684 2.4
    endloop
  endfacet
  facet normal -0.6437112913916447 -0.7652684322085297 0
    outer loop
      vertex -57.59580305963755 0.3035051003098488 2.4
      vertex -57.526333674788475 0.24507040530443192 2.4
      vertex -57.526333674788475 0.24507040530443192 3
    endloop
  endfacet
  facet normal -0.8045640332202287 -0.5938659078010781 0
    outer loop
      vertex -57.65834999829531 0.370449997484684 2.4
      vertex -57.65834999829531 0.370449997484684 3
      vertex -57.713228568434715 0.4447989761829376 2.4
    endloop
  endfacet
  facet normal -0.9163334795603121 -0.4004159765005525 0
    outer loop
      vertex -57.75966428220272 0.5254459157586098 2.4
      vertex -57.75966428220272 0.5254459157586098 3
      vertex -57.79765713959932 0.6123908162117004 2.4
    endloop
  endfacet
  facet normal -0.9532742396149487 -0.30210631255659237 0
    outer loop
      vertex -57.79765713959932 0.6123908162117004 2.4
      vertex -57.79765713959932 0.6123908162117004 3
      vertex -57.82720714062452 0.705633670091629 2.4
    endloop
  endfacet
  facet normal -0.978249234183224 -0.20743296705185468 0
    outer loop
      vertex -57.82720714062452 0.705633670091629 2.4
      vertex -57.82720714062452 0.705633670091629 3
      vertex -57.84831428527832 0.8051744922995567 2.4
    endloop
  endfacet
  facet normal -0.9929171387574787 -0.11880890354540774 0
    outer loop
      vertex -57.84831428527832 0.8051744922995567 2.4
      vertex -57.84831428527832 0.8051744922995567 3
      vertex -57.860978573560715 0.9110132679343224 2.4
    endloop
  endfacet
  facet normal -0.9992921667191652 -0.03761868596477447 0
    outer loop
      vertex -57.860978573560715 0.9110132679343224 2.4
      vertex -57.860978573560715 0.9110132679343224 3
      vertex -57.865199998021126 1.023149996995926 2.4
    endloop
  endfacet
  facet normal -0.44512422481222597 -0.8954688294325576 0
    outer loop
      vertex -57.44994183629751 0.19514591991901398 2.4
      vertex -57.36662755161524 0.15373162925243378 2.4
      vertex -57.36662755161524 0.15373162925243378 3
    endloop
  endfacet
  facet normal -0.5470649343082451 -0.8370901729505105 0
    outer loop
      vertex -57.44994183629751 0.19514591991901398 2.4
      vertex -57.44994183629751 0.19514591991901398 3
      vertex -57.526333674788475 0.24507040530443192 2.4
    endloop
  endfacet
  facet normal -0.3425771557607018 -0.9394896978418166 0
    outer loop
      vertex -57.36662755161524 0.15373162925243378 2.4
      vertex -57.27639081329107 0.12082754820585251 2.4
      vertex -57.27639081329107 0.12082754820585251 3
    endloop
  endfacet
  facet normal -0.2435133434800962 -0.9698975469332545 0
    outer loop
      vertex -57.17923163622618 0.09643367677927017 2.4
      vertex -57.17923163622618 0.09643367677927017 3
      vertex -57.27639081329107 0.12082754820585251 2.4
    endloop
  endfacet
  facet normal -0.15086126081261209 -0.9885549453551021 0
    outer loop
      vertex -57.17923163622618 0.09643367677927017 2.4
      vertex -57.07514999806881 0.08055000007152557 2.4
      vertex -57.07514999806881 0.08055000007152557 3
    endloop
  endfacet
  facet normal -0.9993154506496152 0.03699500091845281 0
    outer loop
      vertex -57.865199998021126 1.023149996995926 2.4
      vertex -57.865199998021126 1.023149996995926 3
      vertex -57.86066734790802 1.1455867365002632 2.4
    endloop
  endfacet
  facet normal -0.9929008932111619 0.11894459323767821 0
    outer loop
      vertex -57.86066734790802 1.1455867365002632 2.4
      vertex -57.86066734790802 1.1455867365002632 3
      vertex -57.84706939011812 1.259096935391426 2.4
    endloop
  endfacet
  facet normal -0.9773164295660124 0.21178431599233621 0
    outer loop
      vertex -57.84706939011812 1.259096935391426 2.4
      vertex -57.84706939011812 1.259096935391426 3
      vertex -57.82440612465143 1.3636806085705757 2.4
    endloop
  endfacet
  facet normal -0.9491500306658273 0.314824108490851 0
    outer loop
      vertex -57.82440612465143 1.3636806085705757 2.4
      vertex -57.82440612465143 1.3636806085705757 3
      vertex -57.79267755150795 1.459337756037712 2.4
    endloop
  endfacet
  facet normal 0.9810753989397296 -0.1936260870731272 0
    outer loop
      vertex -58.3397346958518 1.4145122468471527 2.4
      vertex -58.30565305799246 1.587198980152607 2.4
      vertex -58.30565305799246 1.587198980152607 3
    endloop
  endfacet
  facet normal 0.9581031675926672 -0.28642332350717786 0
    outer loop
      vertex -58.30565305799246 1.587198980152607 2.4
      vertex -58.25793877243996 1.7468061223626137 2.4
      vertex -58.25793877243996 1.7468061223626137 3
    endloop
  endfacet
  facet normal 0.9224189702290907 -0.38619068264460205 0
    outer loop
      vertex -58.25793877243996 1.7468061223626137 2.4
      vertex -58.1965918391943 1.8933336734771729 2.4
      vertex -58.1965918391943 1.8933336734771729 3
    endloop
  endfacet
  facet normal -0.9049011930864479 0.4256216991069925 0
    outer loop
      vertex -57.79267755150795 1.459337756037712 2.4
      vertex -57.79267755150795 1.459337756037712 3
      vertex -57.751883670687675 1.5460683703422546 2.4
    endloop
  endfacet
  facet normal -0.8419540097051751 0.5395492985273709 0
    outer loop
      vertex -57.751883670687675 1.5460683703422546 2.4
      vertex -57.751883670687675 1.5460683703422546 3
      vertex -57.70202448964119 1.6238724514842033 2.4
    endloop
  endfacet
  facet normal -0.7598744813542515 0.6500698213166085 0
    outer loop
      vertex -57.70202448964119 1.6238724514842033 2.4
      vertex -57.70202448964119 1.6238724514842033 3
      vertex -57.64310000091791 1.6927499994635582 2.4
    endloop
  endfacet
  facet normal -0.667465777143429 0.7446404745528666 0
    outer loop
      vertex -57.64310000091791 1.6927499994635582 2.4
      vertex -57.64310000091791 1.6927499994635582 3
      vertex -57.57635612040758 1.7525765299797058 2.4
    endloop
  endfacet
  facet normal -0.5681798459949406 0.8229044067236275 0
    outer loop
      vertex -57.57635612040758 1.7525765299797058 2.4
      vertex -57.57635612040758 1.7525765299797058 3
      vertex -57.5030387789011 1.803198978304863 2.4
    endloop
  endfacet
  facet normal -0.4602602188212315 0.8877840564972047 0
    outer loop
      vertex -57.5030387789011 1.803198978304863 2.4
      vertex -57.5030387789011 1.803198978304863 3
      vertex -57.42314796149731 1.8446173444390297 2.4
    endloop
  endfacet
  facet normal -0.34912907002009474 0.9370746461552055 0
    outer loop
      vertex -57.42314796149731 1.8446173444390297 2.4
      vertex -57.42314796149731 1.8446173444390297 3
      vertex -57.33668367564678 1.8768316358327866 2.4
    endloop
  endfacet
  facet normal -0.2400873006051284 0.9707513008428795 0
    outer loop
      vertex -57.33668367564678 1.8768316358327866 2.4
      vertex -57.33668367564678 1.8768316358327866 3
      vertex -57.243645921349525 1.8998418375849724 2.4
    endloop
  endfacet
  facet normal -0.13728765757284034 0.9905312206478717 0
    outer loop
      vertex -57.243645921349525 1.8998418375849724 2.4
      vertex -57.243645921349525 1.8998418375849724 3
      vertex -57.14403469115496 1.9136479571461678 2.4
    endloop
  endfacet
  facet normal -0.04329935614726214 0.9990621430908252 0
    outer loop
      vertex -57.14403469115496 1.9136479571461678 2.4
      vertex -57.14403469115496 1.9136479571461678 3
      vertex -57.03784999996424 1.9182500019669533 2.4
    endloop
  endfacet
  facet normal 0.05263333370418937 0.9986139054625582 0
    outer loop
      vertex -57.03784999996424 1.9182500019669533 2.4
      vertex -57.03784999996424 1.9182500019669533 3
      vertex -56.93084591627121 1.9126102030277252 2.4
    endloop
  endfacet
  facet normal 0.1665717883698364 0.9860293298473806 0
    outer loop
      vertex -56.93084591627121 1.9126102030277252 2.4
      vertex -56.93084591627121 1.9126102030277252 3
      vertex -56.83069081604481 1.8956908136606216 2.4
    endloop
  endfacet
  facet normal 0.2892969248079485 0.9572394106474431 0
    outer loop
      vertex -56.83069081604481 1.8956908136606216 2.4
      vertex -56.83069081604481 1.8956908136606216 3
      vertex -56.73738469183445 1.8674918338656425 2.4
    endloop
  endfacet
  facet normal 0.41537076138660534 0.9096522030892421 0
    outer loop
      vertex -56.65092755109072 1.828013263642788 2.4
      vertex -56.73738469183445 1.8674918338656425 2.4
      vertex -56.73738469183445 1.8674918338656425 3
    endloop
  endfacet
  facet normal 0 0 1
    outer loop
      vertex -58.12161224335432 2.0267816334962845 2.4
      vertex -57.64310000091791 1.6927499994635582 2.4
      vertex -58.032999999821186 2.1471500024199486 2.4
    endloop
  endfacet
  facet normal 0 0 1
    outer loop
      vertex -58.032999999821186 2.1471500024199486 2.4
      vertex -57.57635612040758 1.7525765299797058 2.4
      vertex -57.932222448289394 2.2528479620814323 2.4
    endloop
  endfacet
  facet normal 0 0 1
    outer loop
      vertex -57.932222448289394 2.2528479620814323 2.4
      vertex -57.5030387789011 1.803198978304863 2.4
      vertex -57.82071837037802 2.342284694314003 2.4
    endloop
  endfacet
  facet normal 0 0 1
    outer loop
      vertex -57.5030387789011 1.803198978304863 2.4
      vertex -57.42314796149731 1.8446173444390297 2.4
      vertex -57.698487758636475 2.415460206568241 2.4
    endloop
  endfacet
  facet normal 0 0 1
    outer loop
      vertex -57.82071837037802 2.342284694314003 2.4
      vertex -57.5030387789011 1.803198978304863 2.4
      vertex -57.698487758636475 2.415460206568241 2.4
    endloop
  endfacet
  facet normal 0 0 1
    outer loop
      vertex -57.42314796149731 1.8446173444390297 2.4
      vertex -57.565530613064766 2.472374491393566 2.4
      vertex -57.698487758636475 2.415460206568241 2.4
    endloop
  endfacet
  facet normal 0 0 1
    outer loop
      vertex -57.42314796149731 1.8446173444390297 2.4
      vertex -57.33668367564678 1.8768316358327866 2.4
      vertex -57.565530613064766 2.472374491393566 2.4
    endloop
  endfacet
  facet normal 0 0 1
    outer loop
      vertex -57.33668367564678 1.8768316358327866 2.4
      vertex -57.243645921349525 1.8998418375849724 2.4
      vertex -57.42184694111347 2.513027548789978 2.4
    endloop
  endfacet
  facet normal 0 0 1
    outer loop
      vertex -57.243645921349525 1.8998418375849724 2.4
      vertex -57.14403469115496 1.9136479571461678 2.4
      vertex -57.26743673533201 2.5374193862080574 2.4
    endloop
  endfacet
  facet normal 0 0 1
    outer loop
      vertex -57.14403469115496 1.9136479571461678 2.4
      vertex -57.03784999996424 1.9182500019669533 2.4
      vertex -57.10230000317097 2.5455500036478043 2.4
    endloop
  endfacet
  facet normal 0 0 1
    outer loop
      vertex -57.33668367564678 1.8768316358327866 2.4
      vertex -57.42184694111347 2.513027548789978 2.4
      vertex -57.565530613064766 2.472374491393566 2.4
    endloop
  endfacet
  facet normal 0 0 1
    outer loop
      vertex -57.243645921349525 1.8998418375849724 2.4
      vertex -57.26743673533201 2.5374193862080574 2.4
      vertex -57.42184694111347 2.513027548789978 2.4
    endloop
  endfacet
  facet normal 0 0 1
    outer loop
      vertex -57.14403469115496 1.9136479571461678 2.4
      vertex -57.10230000317097 2.5455500036478043 2.4
      vertex -57.26743673533201 2.5374193862080574 2.4
    endloop
  endfacet
  facet normal 0 0 1
    outer loop
      vertex -57.03784999996424 1.9182500019669533 2.4
      vertex -56.93084591627121 1.9126102030277252 2.4
      vertex -56.97500918060541 2.5403255075216293 2.4
    endloop
  endfacet
  facet normal 0 0 1
    outer loop
      vertex -56.93084591627121 1.9126102030277252 2.4
      vertex -56.83069081604481 1.8956908136606216 2.4
      vertex -56.7413969412446 2.498529590666294 2.4
    endloop
  endfacet
  facet normal 0 0 1
    outer loop
      vertex -56.83069081604481 1.8956908136606216 2.4
      vertex -56.73738469183445 1.8674918338656425 2.4
      vertex -56.53574387729168 2.4149377569556236 2.4
    endloop
  endfacet
  facet normal 0 0 1
    outer loop
      vertex -57.03784999996424 1.9182500019669533 2.4
      vertex -56.97500918060541 2.5403255075216293 2.4
      vertex -57.10230000317097 2.5455500036478043 2.4
    endloop
  endfacet
  facet normal 0 0 1
    outer loop
      vertex -56.93084591627121 1.9126102030277252 2.4
      vertex -56.854708164930344 2.5246520414948463 2.4
      vertex -56.97500918060541 2.5403255075216293 2.4
    endloop
  endfacet
  facet normal 0 0 1
    outer loop
      vertex -56.83069081604481 1.8956908136606216 2.4
      vertex -56.63507550954819 2.461958162486553 2.4
      vertex -56.7413969412446 2.498529590666294 2.4
    endloop
  endfacet
  facet normal 0 0 1
    outer loop
      vertex -56.83069081604481 1.8956908136606216 2.4
      vertex -56.53574387729168 2.4149377569556236 2.4
      vertex -56.63507550954819 2.461958162486553 2.4
    endloop
  endfacet
  facet normal 0 0 1
    outer loop
      vertex -56.93084591627121 1.9126102030277252 2.4
      vertex -56.7413969412446 2.498529590666294 2.4
      vertex -56.854708164930344 2.5246520414948463 2.4
    endloop
  endfacet
  facet normal 0.8718123858147937 -0.48983993706099305 0
    outer loop
      vertex -58.1965918391943 1.8933336734771729 2.4
      vertex -58.12161224335432 2.0267816334962845 2.4
      vertex -58.12161224335432 2.0267816334962845 3
    endloop
  endfacet
  facet normal 0.8053121296314782 -0.592851055382727 0
    outer loop
      vertex -58.12161224335432 2.0267816334962845 2.4
      vertex -58.032999999821186 2.1471500024199486 2.4
      vertex -58.032999999821186 2.1471500024199486 3
    endloop
  endfacet
  facet normal 0.723751989906585 -0.6900601836841904 0
    outer loop
      vertex -58.032999999821186 2.1471500024199486 2.4
      vertex -57.932222448289394 2.2528479620814323 2.4
      vertex -57.932222448289394 2.2528479620814323 3
    endloop
  endfacet
  facet normal 0.6256904737286602 -0.7800714269124365 0
    outer loop
      vertex -57.932222448289394 2.2528479620814323 2.4
      vertex -57.82071837037802 2.342284694314003 2.4
      vertex -57.82071837037802 2.342284694314003 3
    endloop
  endfacet
  facet normal 0.5136549509150021 -0.8579968481297042 0
    outer loop
      vertex -57.82071837037802 2.342284694314003 2.4
      vertex -57.698487758636475 2.415460206568241 2.4
      vertex -57.698487758636475 2.415460206568241 3
    endloop
  endfacet
  facet normal 0.3935258472725404 -0.9193135523467656 0
    outer loop
      vertex -57.698487758636475 2.415460206568241 2.4
      vertex -57.565530613064766 2.472374491393566 2.4
      vertex -57.565530613064766 2.472374491393566 3
    endloop
  endfacet
  facet normal 0.27224723918661753 -0.9622273331990027 0
    outer loop
      vertex -57.565530613064766 2.472374491393566 2.4
      vertex -57.42184694111347 2.513027548789978 2.4
      vertex -57.42184694111347 2.513027548789978 3
    endloop
  endfacet
  facet normal 0.15603296663628047 -0.9877518480482238 0
    outer loop
      vertex -57.42184694111347 2.513027548789978 2.4
      vertex -57.26743673533201 2.5374193862080574 2.4
      vertex -57.26743673533201 2.5374193862080574 3
    endloop
  endfacet
  facet normal 0.04917609966127856 -0.9987901237107343 0
    outer loop
      vertex -57.26743673533201 2.5374193862080574 2.4
      vertex -57.10230000317097 2.5455500036478043 2.4
      vertex -57.10230000317097 2.5455500036478043 3
    endloop
  endfacet
  facet normal -0.04100924954239386 -0.9991587668894116 0
    outer loop
      vertex -57.10230000317097 2.5455500036478043 2.4
      vertex -56.97500918060541 2.5403255075216293 2.4
      vertex -56.97500918060541 2.5403255075216293 3
    endloop
  endfacet
  facet normal -0.1291935306441476 -0.9916193985797674 0
    outer loop
      vertex -56.97500918060541 2.5403255075216293 2.4
      vertex -56.854708164930344 2.5246520414948463 2.4
      vertex -56.854708164930344 2.5246520414948463 3
    endloop
  endfacet
  facet normal -0.2246448215464333 -0.9744407135133317 0
    outer loop
      vertex -56.854708164930344 2.5246520414948463 2.4
      vertex -56.7413969412446 2.498529590666294 2.4
      vertex -56.7413969412446 2.498529590666294 3
    endloop
  endfacet
  facet normal -0.3252661749281275 -0.9456225015552584 0
    outer loop
      vertex -56.7413969412446 2.498529590666294 2.4
      vertex -56.63507550954819 2.461958162486553 2.4
      vertex -56.63507550954819 2.461958162486553 3
    endloop
  endfacet
  facet normal 0 0 1
    outer loop
      vertex -56.213950000703335 0.5314999967813492 2.4
      vertex -55.685000002384186 0.5314999967813492 2.4
      vertex -56.213950000703335 0.8637999966740608 2.4
    endloop
  endfacet
  facet normal 0 0 1
    outer loop
      vertex -56.213950000703335 0.8637999966740608 2.4
      vertex -55.685000002384186 0.8773500025272369 2.4
      vertex -56.21841326355934 1.0025693848729134 2.4
    endloop
  endfacet
  facet normal 0 0 1
    outer loop
      vertex -55.685000002384186 0.5314999967813492 2.4
      vertex -55.685000002384186 0.8773500025272369 2.4
      vertex -56.213950000703335 0.8637999966740608 2.4
    endloop
  endfacet
  facet normal 0 0 1
    outer loop
      vertex -56.21841326355934 1.0025693848729134 2.4
      vertex -55.6805367320776 1.0337030589580536 2.4
      vertex -56.23180305957794 1.1321346908807755 2.4
    endloop
  endfacet
  facet normal 0 0 1
    outer loop
      vertex -56.23180305957794 1.1321346908807755 2.4
      vertex -55.667146936059 1.1791908144950867 2.4
      vertex -56.254119388759136 1.252495914697647 2.4
    endloop
  endfacet
  facet normal 0 0 1
    outer loop
      vertex -56.21841326355934 1.0025693848729134 2.4
      vertex -55.685000002384186 0.8773500025272369 2.4
      vertex -55.6805367320776 1.0337030589580536 2.4
    endloop
  endfacet
  facet normal 0 0 1
    outer loop
      vertex -56.23180305957794 1.1321346908807755 2.4
      vertex -55.6805367320776 1.0337030589580536 2.4
      vertex -55.667146936059 1.1791908144950867 2.4
    endloop
  endfacet
  facet normal 0 0 1
    outer loop
      vertex -56.254119388759136 1.252495914697647 2.4
      vertex -55.969800002872944 1.5452999994158745 2.4
      vertex -56.285362243652344 1.3636530637741089 2.4
    endloop
  endfacet
  facet normal 0 0 1
    outer loop
      vertex -56.254119388759136 1.252495914697647 2.4
      vertex -55.95624999701977 1.5452999994158745 2.4
      vertex -55.969800002872944 1.5452999994158745 2.4
    endloop
  endfacet
  facet normal 0 0 1
    outer loop
      vertex -56.254119388759136 1.252495914697647 2.4
      vertex -55.667146936059 1.1791908144950867 2.4
      vertex -55.644830614328384 1.3138132616877556 2.4
    endloop
  endfacet
  facet normal 0 0 1
    outer loop
      vertex -56.254119388759136 1.252495914697647 2.4
      vertex -55.644830614328384 1.3138132616877556 2.4
      vertex -55.95624999701977 1.5452999994158745 2.4
    endloop
  endfacet
  facet normal 0 0 1
    outer loop
      vertex -56.37462755292654 1.5583551004529 2.4
      vertex -56.043024487793446 1.8053408190608025 2.4
      vertex -56.43264999985695 1.6419000029563904 2.4
    endloop
  endfacet
  facet normal 0 0 1
    outer loop
      vertex -56.43264999985695 1.6419000029563904 2.4
      vertex -56.09094795584679 1.9211418330669403 2.4
      vertex -56.49856020510197 1.7152173444628716 2.4
    endloop
  endfacet
  facet normal 0 0 1
    outer loop
      vertex -56.57131938636303 1.7772551029920578 2.4
      vertex -56.49856020510197 1.7152173444628716 2.4
      vertex -56.14641224592924 2.0274632647633553 2.4
    endloop
  endfacet
  facet normal 0 0 1
    outer loop
      vertex -56.49856020510197 1.7152173444628716 2.4
      vertex -56.09094795584679 1.9211418330669403 2.4
      vertex -56.14641224592924 2.0274632647633553 2.4
    endloop
  endfacet
  facet normal 0 0 1
    outer loop
      vertex -56.285362243652344 1.3636530637741089 2.4
      vertex -55.969800002872944 1.5452999994158745 2.4
      vertex -56.325531631708145 1.4656061232089996 2.4
    endloop
  endfacet
  facet normal 0 0 1
    outer loop
      vertex -56.325531631708145 1.4656061232089996 2.4
      vertex -56.00264183431864 1.6800602003932 2.4
      vertex -56.37462755292654 1.5583551004529 2.4
    endloop
  endfacet
  facet normal 0 0 1
    outer loop
      vertex -56.325531631708145 1.4656061232089996 2.4
      vertex -55.969800002872944 1.5452999994158745 2.4
      vertex -56.00264183431864 1.6800602003932 2.4
    endloop
  endfacet
  facet normal 0 0 1
    outer loop
      vertex -56.37462755292654 1.5583551004529 2.4
      vertex -56.00264183431864 1.6800602003932 2.4
      vertex -56.043024487793446 1.8053408190608025 2.4
    endloop
  endfacet
  facet normal 0 0 1
    outer loop
      vertex -55.95624999701977 1.5452999994158745 2.4
      vertex -55.573418363928795 1.550462245941162 2.4
      vertex -55.93479693681002 1.6935132667422295 2.4
    endloop
  endfacet
  facet normal 0 0 1
    outer loop
      vertex -56.43264999985695 1.6419000029563904 2.4
      vertex -56.043024487793446 1.8053408190608025 2.4
      vertex -56.09094795584679 1.9211418330669403 2.4
    endloop
  endfacet
  facet normal 0 0 1
    outer loop
      vertex -55.95624999701977 1.5452999994158745 2.4
      vertex -55.644830614328384 1.3138132616877556 2.4
      vertex -55.613587751984596 1.437570407986641 2.4
    endloop
  endfacet
  facet normal 0 0 1
    outer loop
      vertex -55.95624999701977 1.5452999994158745 2.4
      vertex -55.613587751984596 1.437570407986641 2.4
      vertex -55.573418363928795 1.550462245941162 2.4
    endloop
  endfacet
  facet normal 0 0 1
    outer loop
      vertex -55.573418363928795 1.550462245941162 2.4
      vertex -55.52432245016098 1.6524887755513191 2.4
      vertex -55.93479693681002 1.6935132667422295 2.4
    endloop
  endfacet
  facet normal 0 0 1
    outer loop
      vertex -55.93479693681002 1.6935132667422295 2.4
      vertex -55.52432245016098 1.6524887755513191 2.4
      vertex -55.90338061004877 1.832038775086403 2.4
    endloop
  endfacet
  facet normal 0 0 1
    outer loop
      vertex -55.90338061004877 1.832038775086403 2.4
      vertex -55.52432245016098 1.6524887755513191 2.4
      vertex -55.46630000323057 1.743649996817112 2.4
    endloop
  endfacet
  facet normal 0 0 1
    outer loop
      vertex -55.90338061004877 1.832038775086403 2.4
      vertex -55.46630000323057 1.743649996817112 2.4
      vertex -55.86200101673603 1.9608765318989754 2.4
    endloop
  endfacet
  facet normal 0 0 1
    outer loop
      vertex -55.86200101673603 1.9608765318989754 2.4
      vertex -55.46630000323057 1.743649996817112 2.4
      vertex -55.810658164322376 2.0800265297293663 2.4
    endloop
  endfacet
  facet normal 0 0 1
    outer loop
      vertex -55.46630000323057 1.743649996817112 2.4
      vertex -55.400320410728455 1.8232550993561745 2.4
      vertex -55.810658164322376 2.0800265297293663 2.4
    endloop
  endfacet
  facet normal 0 0 1
    outer loop
      vertex -53.87768571078777 -0.2172030583024025 2.4
      vertex -54.23258367180824 0.2671153098344803 2.4
      vertex -54.38827449083328 0.1509377583861351 2.4
    endloop
  endfacet
  facet normal 0 0 1
    outer loop
      vertex -54.23258367180824 0.2671153098344803 2.4
      vertex -53.69099183380604 0.02865000069141388 2.4
      vertex -54.111490815877914 0.4158153086900711 2.4
    endloop
  endfacet
  facet normal 0 0 1
    outer loop
      vertex -53.777800001204014 -0.10085000097751617 2.4
      vertex -53.69099183380604 0.02865000069141388 2.4
      vertex -54.23258367180824 0.2671153098344803 2.4
    endloop
  endfacet
  facet normal 0 0 1
    outer loop
      vertex -53.69099183380604 0.02865000069141388 2.4
      vertex -53.6175387725234 0.170121431350708 2.4
      vertex -54.111490815877914 0.4158153086900711 2.4
    endloop
  endfacet
  facet normal 0 0 1
    outer loop
      vertex -54.111490815877914 0.4158153086900711 2.4
      vertex -53.6175387725234 0.170121431350708 2.4
      vertex -53.55744081735611 0.3235642835497856 2.4
    endloop
  endfacet
  facet normal 0 0 1
    outer loop
      vertex -54.111490815877914 0.4158153086900711 2.4
      vertex -53.55744081735611 0.3235642835497856 2.4
      vertex -54.02499591559172 0.5970377549529076 2.4
    endloop
  endfacet
  facet normal 0 0 1
    outer loop
      vertex -54.02499591559172 0.5970377549529076 2.4
      vertex -53.55744081735611 0.3235642835497856 2.4
      vertex -53.51069796085358 0.4889785721898079 2.4
    endloop
  endfacet
  facet normal 0 0 1
    outer loop
      vertex -54.02499591559172 0.5970377549529076 2.4
      vertex -53.477310203015804 0.6663642823696136 2.4
      vertex -53.97309897840023 0.8107826560735703 2.4
    endloop
  endfacet
  facet normal 0 0 1
    outer loop
      vertex -53.97309897840023 0.8107826560735703 2.4
      vertex -53.45727755129337 0.8557214289903641 2.4
      vertex -53.955799996852875 1.057049997150898 2.4
    endloop
  endfacet
  facet normal 0 0 1
    outer loop
      vertex -54.02499591559172 0.5970377549529076 2.4
      vertex -53.51069796085358 0.4889785721898079 2.4
      vertex -53.477310203015804 0.6663642823696136 2.4
    endloop
  endfacet
  facet normal 0 0 1
    outer loop
      vertex -53.97309897840023 0.8107826560735703 2.4
      vertex -53.477310203015804 0.6663642823696136 2.4
      vertex -53.45727755129337 0.8557214289903641 2.4
    endloop
  endfacet
  facet normal 0 0 1
    outer loop
      vertex -53.955799996852875 1.057049997150898 2.4
      vertex -53.4505999982357 1.057049997150898 2.4
      vertex -53.96043571084738 1.1847448945045471 2.4
    endloop
  endfacet
  facet normal 0 0 1
    outer loop
      vertex -53.96043571084738 1.1847448945045471 2.4
      vertex -53.45800407975912 1.2725285738706589 2.4
      vertex -53.97434286028147 1.3043438792228699 2.4
    endloop
  endfacet
  facet normal 0 0 1
    outer loop
      vertex -53.97434286028147 1.3043438792228699 2.4
      vertex -53.480216324329376 1.473335713148117 2.4
      vertex -53.99752143025398 1.415846936404705 2.4
    endloop
  endfacet
  facet normal 0 0 1
    outer loop
      vertex -53.955799996852875 1.057049997150898 2.4
      vertex -53.45727755129337 0.8557214289903641 2.4
      vertex -53.4505999982357 1.057049997150898 2.4
    endloop
  endfacet
  facet normal 0 0 1
    outer loop
      vertex -53.96043571084738 1.1847448945045471 2.4
      vertex -53.4505999982357 1.057049997150898 2.4
      vertex -53.45800407975912 1.2725285738706589 2.4
    endloop
  endfacet
  facet normal 0 0 1
    outer loop
      vertex -53.97434286028147 1.3043438792228699 2.4
      vertex -53.45800407975912 1.2725285738706589 2.4
      vertex -53.480216324329376 1.473335713148117 2.4
    endloop
  endfacet
  facet normal 0 0 1
    outer loop
      vertex -53.99752143025398 1.415846936404705 2.4
      vertex -53.51723673194647 1.6594714298844337 2.4
      vertex -54.029971428215504 1.5192540809512138 2.4
    endloop
  endfacet
  facet normal 0 0 1
    outer loop
      vertex -54.029971428215504 1.5192540809512138 2.4
      vertex -53.5690653026104 1.8309357166290283 2.4
      vertex -54.07169285416603 1.6145653054118156 2.4
    endloop
  endfacet
  facet normal 0 0 1
    outer loop
      vertex -54.07169285416603 1.6145653054118156 2.4
      vertex -53.635702043771744 1.9877285733819008 2.4
      vertex -54.122685715556145 1.7017806097865105 2.4
    endloop
  endfacet
  facet normal 0 0 1
    outer loop
      vertex -54.122685715556145 1.7017806097865105 2.4
      vertex -53.71714694052935 2.129850000143051 2.4
      vertex -54.182949997484684 1.780900001525879 2.4
    endloop
  endfacet
  facet normal 0 0 1
    outer loop
      vertex -54.07169285416603 1.6145653054118156 2.4
      vertex -53.5690653026104 1.8309357166290283 2.4
      vertex -53.635702043771744 1.9877285733819008 2.4
    endloop
  endfacet
  facet normal 0 0 1
    outer loop
      vertex -53.99752143025398 1.415846936404705 2.4
      vertex -53.480216324329376 1.473335713148117 2.4
      vertex -53.51723673194647 1.6594714298844337 2.4
    endloop
  endfacet
  facet normal 0 0 1
    outer loop
      vertex -54.029971428215504 1.5192540809512138 2.4
      vertex -53.51723673194647 1.6594714298844337 2.4
      vertex -53.5690653026104 1.8309357166290283 2.4
    endloop
  endfacet
  facet normal 0 1 0
    outer loop
      vertex -56.213950000703335 0.5314999967813492 2.4
      vertex -56.213950000703335 0.5314999967813492 3
      vertex -55.685000002384186 0.5314999967813492 2.4
    endloop
  endfacet
  facet normal 1 0 0
    outer loop
      vertex -56.213950000703335 0.5314999967813492 2.4
      vertex -56.213950000703335 0.8637999966740608 2.4
      vertex -56.213950000703335 0.8637999966740608 3
    endloop
  endfacet
  facet normal 0.9994831663311415 0.03214654290395265 0
    outer loop
      vertex -56.213950000703335 0.8637999966740608 2.4
      vertex -56.21841326355934 1.0025693848729134 2.4
      vertex -56.21841326355934 1.0025693848729134 3
    endloop
  endfacet
  facet normal -1 0 0
    outer loop
      vertex -55.685000002384186 0.5314999967813492 2.4
      vertex -55.685000002384186 0.5314999967813492 3
      vertex -55.685000002384186 0.8773500025272369 2.4
    endloop
  endfacet
  facet normal -0.9995928088705525 0.02853447834250788 0
    outer loop
      vertex -55.685000002384186 0.8773500025272369 2.4
      vertex -55.685000002384186 0.8773500025272369 3
      vertex -55.6805367320776 1.0337030589580536 2.4
    endloop
  endfacet
  facet normal 0.9832421778076423 0.18230419572814244 0
    outer loop
      vertex -56.23180305957794 1.1321346908807755 2.4
      vertex -56.254119388759136 1.252495914697647 2.4
      vertex -56.254119388759136 1.252495914697647 3
    endloop
  endfacet
  facet normal 0.9626962824678753 0.2705843079754125 0
    outer loop
      vertex -56.254119388759136 1.252495914697647 2.4
      vertex -56.285362243652344 1.3636530637741089 2.4
      vertex -56.285362243652344 1.3636530637741089 3
    endloop
  endfacet
  facet normal 0.9303895277789904 0.36657240294270255 0
    outer loop
      vertex -56.285362243652344 1.3636530637741089 2.4
      vertex -56.325531631708145 1.4656061232089996 2.4
      vertex -56.325531631708145 1.4656061232089996 3
    endloop
  endfacet
  facet normal 0.9947024056906489 0.10279651800151468 0
    outer loop
      vertex -56.21841326355934 1.0025693848729134 2.4
      vertex -56.23180305957794 1.1321346908807755 2.4
      vertex -56.23180305957794 1.1321346908807755 3
    endloop
  endfacet
  facet normal 0.7436743236796032 0.6685420707028726 0
    outer loop
      vertex -56.43264999985695 1.6419000029563904 2.4
      vertex -56.49856020510197 1.7152173444628716 2.4
      vertex -56.49856020510197 1.7152173444628716 3
    endloop
  endfacet
  facet normal 0.8838134429600951 0.4678395003022113 0
    outer loop
      vertex -56.325531631708145 1.4656061232089996 2.4
      vertex -56.37462755292654 1.5583551004529 2.4
      vertex -56.37462755292654 1.5583551004529 3
    endloop
  endfacet
  facet normal 0.8213462279604392 0.5704299902837844 0
    outer loop
      vertex -56.37462755292654 1.5583551004529 2.4
      vertex -56.43264999985695 1.6419000029563904 2.4
      vertex -56.43264999985695 1.6419000029563904 3
    endloop
  endfacet
  facet normal 0.537617251841541 0.8431890004751895 0
    outer loop
      vertex -56.65092755109072 1.828013263642788 2.4
      vertex -56.65092755109072 1.828013263642788 3
      vertex -56.57131938636303 1.7772551029920578 2.4
    endloop
  endfacet
  facet normal 0.648816173533329 0.7609451839400582 0
    outer loop
      vertex -56.57131938636303 1.7772551029920578 2.4
      vertex -56.57131938636303 1.7772551029920578 3
      vertex -56.49856020510197 1.7152173444628716 2.4
    endloop
  endfacet
  facet normal 0 -1 0
    outer loop
      vertex -55.969800002872944 1.5452999994158745 2.4
      vertex -55.95624999701977 1.5452999994158745 2.4
      vertex -55.95624999701977 1.5452999994158745 3
    endloop
  endfacet
  facet normal -0.9715643211321986 -0.23677577980640252 0
    outer loop
      vertex -55.969800002872944 1.5452999994158745 2.4
      vertex -55.969800002872944 1.5452999994158745 3
      vertex -56.00264183431864 1.6800602003932 2.4
    endloop
  endfacet
  facet normal 0.9896862917389871 -0.14325168042271758 0
    outer loop
      vertex -55.95624999701977 1.5452999994158745 2.4
      vertex -55.93479693681002 1.6935132667422295 2.4
      vertex -55.93479693681002 1.6935132667422295 3
    endloop
  endfacet
  facet normal -0.9240004611089213 -0.3823913543354516 0
    outer loop
      vertex -56.043024487793446 1.8053408190608025 2.4
      vertex -56.043024487793446 1.8053408190608025 3
      vertex -56.09094795584679 1.9211418330669403 2.4
    endloop
  endfacet
  facet normal -0.9517761835170419 -0.3067932471384182 0
    outer loop
      vertex -56.00264183431864 1.6800602003932 2.4
      vertex -56.00264183431864 1.6800602003932 3
      vertex -56.043024487793446 1.8053408190608025 2.4
    endloop
  endfacet
  facet normal 0.9752342992157964 -0.22117427886866609 0
    outer loop
      vertex -55.93479693681002 1.6935132667422295 2.4
      vertex -55.90338061004877 1.832038775086403 2.4
      vertex -55.90338061004877 1.832038775086403 3
    endloop
  endfacet
  facet normal 0.9520985976338341 -0.30579120390175785 0
    outer loop
      vertex -55.90338061004877 1.832038775086403 2.4
      vertex -55.86200101673603 1.9608765318989754 2.4
      vertex -55.86200101673603 1.9608765318989754 3
    endloop
  endfacet
  facet normal -0.9957916024212478 0.09164651955924803 0
    outer loop
      vertex -55.6805367320776 1.0337030589580536 2.4
      vertex -55.6805367320776 1.0337030589580536 3
      vertex -55.667146936059 1.1791908144950867 2.4
    endloop
  endfacet
  facet normal -0.986537045020867 0.1635379430025212 0
    outer loop
      vertex -55.667146936059 1.1791908144950867 2.4
      vertex -55.667146936059 1.1791908144950867 3
      vertex -55.644830614328384 1.3138132616877556 2.4
    endloop
  endfacet
  facet normal -0.9695802996632763 0.24477345138897602 0
    outer loop
      vertex -55.644830614328384 1.3138132616877556 2.4
      vertex -55.644830614328384 1.3138132616877556 3
      vertex -55.613587751984596 1.437570407986641 2.4
    endloop
  endfacet
  facet normal -0.9421354574068204 0.3352324266786274 0
    outer loop
      vertex -55.613587751984596 1.437570407986641 2.4
      vertex -55.613587751984596 1.437570407986641 3
      vertex -55.573418363928795 1.550462245941162 2.4
    endloop
  endfacet
  facet normal -0.9010982070714524 0.43361506109983544 0
    outer loop
      vertex -55.573418363928795 1.550462245941162 2.4
      vertex -55.573418363928795 1.550462245941162 3
      vertex -55.52432245016098 1.6524887755513191 2.4
    endloop
  endfacet
  facet normal -0.843616380656976 0.5369463681665273 0
    outer loop
      vertex -55.52432245016098 1.6524887755513191 2.4
      vertex -55.52432245016098 1.6524887755513191 3
      vertex -55.46630000323057 1.743649996817112 2.4
    endloop
  endfacet
  facet normal -0.7699213922774056 0.6381387386091064 0
    outer loop
      vertex -55.46630000323057 1.743649996817112 2.4
      vertex -55.46630000323057 1.743649996817112 3
      vertex -55.400320410728455 1.8232550993561745 2.4
    endloop
  endfacet
  facet normal -0.6783001581345721 0.7347849314422652 0
    outer loop
      vertex -55.400320410728455 1.8232550993561745 2.4
      vertex -55.400320410728455 1.8232550993561745 3
      vertex -55.327353060245514 1.8906132653355598 2.4
    endloop
  endfacet
  facet normal -0.5675219956811576 0.8233582357747302 0
    outer loop
      vertex -55.327353060245514 1.8906132653355598 2.4
      vertex -55.327353060245514 1.8906132653355598 3
      vertex -55.24739795923233 1.9457244873046875 2.4
    endloop
  endfacet
  facet normal 0.2217119515635555 -0.9751122040739104 0
    outer loop
      vertex -54.803450003266335 0.01614999771118164 2.4
      vertex -54.57856326550245 0.06728265434503555 2.4
      vertex -54.57856326550245 0.06728265434503555 3
    endloop
  endfacet
  facet normal 0.4024485719718059 -0.9154425961893263 0
    outer loop
      vertex -54.57856326550245 0.06728265434503555 2.4
      vertex -54.38827449083328 0.1509377583861351 2.4
      vertex -54.38827449083328 0.1509377583861351 3
    endloop
  endfacet
  facet normal 0.5980525822136469 -0.8014568665296898 0
    outer loop
      vertex -54.38827449083328 0.1509377583861351 2.4
      vertex -54.23258367180824 0.2671153098344803 2.4
      vertex -54.23258367180824 0.2671153098344803 3
    endloop
  endfacet
  facet normal 0.7754139754387838 -0.6314532181359293 0
    outer loop
      vertex -54.23258367180824 0.2671153098344803 2.4
      vertex -54.111490815877914 0.4158153086900711 2.4
      vertex -54.111490815877914 0.4158153086900711 3
    endloop
  endfacet
  facet normal -0.8875044367373642 0.4607991696731817 0
    outer loop
      vertex -53.69099183380604 0.02865000069141388 2.4
      vertex -53.69099183380604 0.02865000069141388 3
      vertex -53.6175387725234 0.170121431350708 2.4
    endloop
  endfacet
  facet normal -0.9311292713434274 0.3646892924771141 0
    outer loop
      vertex -53.6175387725234 0.170121431350708 2.4
      vertex -53.6175387725234 0.170121431350708 3
      vertex -53.55744081735611 0.3235642835497856 2.4
    endloop
  endfacet
  facet normal -0.9623164974470815 0.27193190092591385 0
    outer loop
      vertex -53.55744081735611 0.3235642835497856 2.4
      vertex -53.55744081735611 0.3235642835497856 3
      vertex -53.51069796085358 0.4889785721898079 2.4
    endloop
  endfacet
  facet normal 0.9024764515337187 -0.4307391953689696 0
    outer loop
      vertex -54.111490815877914 0.4158153086900711 2.4
      vertex -54.02499591559172 0.5970377549529076 2.4
      vertex -54.02499591559172 0.5970377549529076 3
    endloop
  endfacet
  facet normal 0.9717667757576374 -0.23594349648508217 0
    outer loop
      vertex -54.02499591559172 0.5970377549529076 2.4
      vertex -53.97309897840023 0.8107826560735703 2.4
      vertex -53.97309897840023 0.8107826560735703 3
    endloop
  endfacet
  facet normal -0.982743563598898 0.18497320942487536 0
    outer loop
      vertex -53.51069796085358 0.4889785721898079 2.4
      vertex -53.51069796085358 0.4889785721898079 3
      vertex -53.477310203015804 0.6663642823696136 2.4
    endloop
  endfacet
  facet normal -0.9944504657467179 0.10520585143486955 0
    outer loop
      vertex -53.477310203015804 0.6663642823696136 2.4
      vertex -53.477310203015804 0.6663642823696136 3
      vertex -53.45727755129337 0.8557214289903641 2.4
    endloop
  endfacet
  facet normal -0.9994504138857266 0.03314921090538528 0
    outer loop
      vertex -53.45727755129337 0.8557214289903641 2.4
      vertex -53.45727755129337 0.8557214289903641 3
      vertex -53.4505999982357 1.057049997150898 2.4
    endloop
  endfacet
  facet normal 0.7955148839173747 0.6059340471255316 0
    outer loop
      vertex -54.122685715556145 1.7017806097865105 2.4
      vertex -54.182949997484684 1.780900001525879 2.4
      vertex -54.182949997484684 1.780900001525879 3
    endloop
  endfacet
  facet normal 0.6012522148753693 0.7990593057511205 0
    outer loop
      vertex -54.33076632767916 1.9096183702349663 2.4
      vertex -54.33076632767916 1.9096183702349663 3
      vertex -54.252361223101616 1.850622445344925 2.4
    endloop
  endfacet
  facet normal 0.7086866850956086 0.7055233393504411 0
    outer loop
      vertex -54.182949997484684 1.780900001525879 2.4
      vertex -54.252361223101616 1.850622445344925 2.4
      vertex -54.252361223101616 1.850622445344925 3
    endloop
  endfacet
  facet normal 0.9975419322749615 -0.07007205829099176 0
    outer loop
      vertex -53.97309897840023 0.8107826560735703 2.4
      vertex -53.955799996852875 1.057049997150898 2.4
      vertex -53.955799996852875 1.057049997150898 3
    endloop
  endfacet
  facet normal 0.9993416949704129 0.03627914957192552 0
    outer loop
      vertex -53.955799996852875 1.057049997150898 2.4
      vertex -53.96043571084738 1.1847448945045471 2.4
      vertex -53.96043571084738 1.1847448945045471 3
    endloop
  endfacet
  facet normal 0.9933071032609089 0.11550324069662314 0
    outer loop
      vertex -53.96043571084738 1.1847448945045471 2.4
      vertex -53.97434286028147 1.3043438792228699 2.4
      vertex -53.97434286028147 1.3043438792228699 3
    endloop
  endfacet
  facet normal 0.9790701480412234 0.20352308275607695 0
    outer loop
      vertex -53.97434286028147 1.3043438792228699 2.4
      vertex -53.99752143025398 1.415846936404705 2.4
      vertex -53.99752143025398 1.415846936404705 3
    endloop
  endfacet
  facet normal -0.9994101795505039 -0.03434083590755207 0
    outer loop
      vertex -53.4505999982357 1.057049997150898 2.4
      vertex -53.4505999982357 1.057049997150898 3
      vertex -53.45800407975912 1.2725285738706589 2.4
    endloop
  endfacet
  facet normal -0.9939377565263675 -0.1099442411012568 0
    outer loop
      vertex -53.45800407975912 1.2725285738706589 2.4
      vertex -53.45800407975912 1.2725285738706589 3
      vertex -53.480216324329376 1.473335713148117 2.4
    endloop
  endfacet
  facet normal 0.9541239769778248 0.2994118176625948 0
    outer loop
      vertex -53.99752143025398 1.415846936404705 2.4
      vertex -54.029971428215504 1.5192540809512138 2.4
      vertex -54.029971428215504 1.5192540809512138 3
    endloop
  endfacet
  facet normal 0.9160769678593377 0.40100247998939104 0
    outer loop
      vertex -54.029971428215504 1.5192540809512138 2.4
      vertex -54.07169285416603 1.6145653054118156 2.4
      vertex -54.07169285416603 1.6145653054118156 3
    endloop
  endfacet
  facet normal 0.863273277585201 0.504736810830461 0
    outer loop
      vertex -54.07169285416603 1.6145653054118156 2.4
      vertex -54.122685715556145 1.7017806097865105 2.4
      vertex -54.122685715556145 1.7017806097865105 3
    endloop
  endfacet
  facet normal -0.9807896038712026 -0.19506858521599366 0
    outer loop
      vertex -53.480216324329376 1.473335713148117 2.4
      vertex -53.480216324329376 1.473335713148117 3
      vertex -53.51723673194647 1.6594714298844337 2.4
    endloop
  endfacet
  facet normal -0.9572260700557895 -0.2893410631167807 0
    outer loop
      vertex -53.51723673194647 1.6594714298844337 2.4
      vertex -53.51723673194647 1.6594714298844337 3
      vertex -53.5690653026104 1.8309357166290283 2.4
    endloop
  endfacet
  facet normal -0.9203313895644114 -0.39113953185843997 0
    outer loop
      vertex -53.5690653026104 1.8309357166290283 2.4
      vertex -53.5690653026104 1.8309357166290283 3
      vertex -53.635702043771744 1.9877285733819008 2.4
    endloop
  endfacet
  facet normal 0 0 1
    outer loop
      vertex -56.65092755109072 1.828013263642788 2.4
      vertex -56.44340204447508 2.357468366622925 2.4
      vertex -56.73738469183445 1.8674918338656425 2.4
    endloop
  endfacet
  facet normal 0 0 1
    outer loop
      vertex -56.65092755109072 1.828013263642788 2.4
      vertex -56.57131938636303 1.7772551029920578 2.4
      vertex -56.27996326237917 2.2116673439741135 2.4
    endloop
  endfacet
  facet normal 0 0 1
    outer loop
      vertex -56.65092755109072 1.828013263642788 2.4
      vertex -56.358050003647804 2.2895499989390373 2.4
      vertex -56.44340204447508 2.357468366622925 2.4
    endloop
  endfacet
  facet normal 0 0 1
    outer loop
      vertex -56.57131938636303 1.7772551029920578 2.4
      vertex -56.20941735059023 2.124305099248886 2.4
      vertex -56.27996326237917 2.2116673439741135 2.4
    endloop
  endfacet
  facet normal 0 0 1
    outer loop
      vertex -56.57131938636303 1.7772551029920578 2.4
      vertex -56.14641224592924 2.0274632647633553 2.4
      vertex -56.20941735059023 2.124305099248886 2.4
    endloop
  endfacet
  facet normal 0 0 1
    outer loop
      vertex -56.65092755109072 1.828013263642788 2.4
      vertex -56.27996326237917 2.2116673439741135 2.4
      vertex -56.358050003647804 2.2895499989390373 2.4
    endloop
  endfacet
  facet normal 0 0 1
    outer loop
      vertex -56.73738469183445 1.8674918338656425 2.4
      vertex -56.44340204447508 2.357468366622925 2.4
      vertex -56.53574387729168 2.4149377569556236 2.4
    endloop
  endfacet
  facet normal 0 0 1
    outer loop
      vertex -55.400320410728455 1.8232550993561745 2.4
      vertex -55.74935203790665 2.1894887760281563 2.4
      vertex -55.810658164322376 2.0800265297293663 2.4
    endloop
  endfacet
  facet normal 0 0 1
    outer loop
      vertex -55.400320410728455 1.8232550993561745 2.4
      vertex -55.327353060245514 1.8906132653355598 2.4
      vertex -55.74935203790665 2.1894887760281563 2.4
    endloop
  endfacet
  facet normal 0 0 1
    outer loop
      vertex -55.327353060245514 1.8906132653355598 2.4
      vertex -55.24739795923233 1.9457244873046875 2.4
      vertex -55.67808265239 2.2892632633447647 2.4
    endloop
  endfacet
  facet normal 0 0 1
    outer loop
      vertex -55.327353060245514 1.8906132653355598 2.4
      vertex -55.67808265239 2.2892632633447647 2.4
      vertex -55.74935203790665 2.1894887760281563 2.4
    endloop
  endfacet
  facet normal 0 0 1
    outer loop
      vertex -55.67808265239 2.2892632633447647 2.4
      vertex -55.24739795923233 1.9457244873046875 2.4
      vertex -55.596850000321865 2.379349999129772 2.4
    endloop
  endfacet
  facet normal 0 0 1
    outer loop
      vertex -55.596850000321865 2.379349999129772 2.4
      vertex -55.24739795923233 1.9457244873046875 2.4
      vertex -55.50745204091072 2.458517350256443 2.4
    endloop
  endfacet
  facet normal 0 0 1
    outer loop
      vertex -55.50745204091072 2.458517350256443 2.4
      vertex -55.24739795923233 1.9457244873046875 2.4
      vertex -55.16045510023832 1.988588772714138 2.4
    endloop
  endfacet
  facet normal 0 0 1
    outer loop
      vertex -55.50745204091072 2.458517350256443 2.4
      vertex -55.16045510023832 1.988588772714138 2.4
      vertex -55.41168673336506 2.5255051031708717 2.4
    endloop
  endfacet
  facet normal 0 0 1
    outer loop
      vertex -55.41168673336506 2.5255051031708717 2.4
      vertex -55.16045510023832 1.988588772714138 2.4
      vertex -55.30955408513546 2.580313265323639 2.4
    endloop
  endfacet
  facet normal 0 0 1
    outer loop
      vertex -55.30955408513546 2.580313265323639 2.4
      vertex -55.16045510023832 1.988588772714138 2.4
      vertex -55.06652449071407 2.0192061215639114 2.4
    endloop
  endfacet
  facet normal 0 0 1
    outer loop
      vertex -55.06652449071407 2.0192061215639114 2.4
      vertex -54.965606123209 2.0375765338540077 2.4
      vertex -55.20105408132076 2.6229418367147446 2.4
    endloop
  endfacet
  facet normal 0 0 1
    outer loop
      vertex -55.30955408513546 2.580313265323639 2.4
      vertex -55.06652449071407 2.0192061215639114 2.4
      vertex -55.20105408132076 2.6229418367147446 2.4
    endloop
  endfacet
  facet normal 0 0 1
    outer loop
      vertex -54.965606123209 2.0375765338540077 2.4
      vertex -55.08618673682213 2.6533908173441887 2.4
      vertex -55.20105408132076 2.6229418367147446 2.4
    endloop
  endfacet
  facet normal 0 0 1
    outer loop
      vertex -54.965606123209 2.0375765338540077 2.4
      vertex -54.964952044188976 2.6716602072119713 2.4
      vertex -55.08618673682213 2.6533908173441887 2.4
    endloop
  endfacet
  facet normal 0 0 1
    outer loop
      vertex -54.965606123209 2.0375765338540077 2.4
      vertex -54.8576999977231 2.0437000021338463 2.4
      vertex -54.964952044188976 2.6716602072119713 2.4
    endloop
  endfacet
  facet normal 0 0 1
    outer loop
      vertex -54.8576999977231 2.0437000021338463 2.4
      vertex -54.734325513243675 2.038336731493473 2.4
      vertex -54.83735000342131 2.6777499988675117 2.4
    endloop
  endfacet
  facet normal 0 0 1
    outer loop
      vertex -54.734325513243675 2.038336731493473 2.4
      vertex -54.61994490027428 2.022246941924095 2.4
      vertex -54.65453877300024 2.6691693887114525 2.4
    endloop
  endfacet
  facet normal 0 0 1
    outer loop
      vertex -54.51455816626549 1.9954306110739708 2.4
      vertex -54.41816530376673 1.9578877538442612 2.4
      vertex -54.17917040735483 2.540460206568241 2.4
    endloop
  endfacet
  facet normal 0 0 1
    outer loop
      vertex -54.33076632767916 1.9096183702349663 2.4
      vertex -54.252361223101616 1.850622445344925 2.4
      vertex -53.92314592003822 2.3688479587435722 2.4
    endloop
  endfacet
  facet normal 0 0 1
    outer loop
      vertex -54.33076632767916 1.9096183702349663 2.4
      vertex -54.04506938904524 2.463234692811966 2.4
      vertex -54.41816530376673 1.9578877538442612 2.4
    endloop
  endfacet
  facet normal 0 0 1
    outer loop
      vertex -54.61994490027428 2.022246941924095 2.4
      vertex -54.51455816626549 1.9954306110739708 2.4
      vertex -54.48390509933233 2.643427550792694 2.4
    endloop
  endfacet
  facet normal 0 0 1
    outer loop
      vertex -54.51455816626549 1.9954306110739708 2.4
      vertex -54.32544898241758 2.600524492561817 2.4
      vertex -54.48390509933233 2.643427550792694 2.4
    endloop
  endfacet
  facet normal 0 0 1
    outer loop
      vertex -54.51455816626549 1.9954306110739708 2.4
      vertex -54.17917040735483 2.540460206568241 2.4
      vertex -54.32544898241758 2.600524492561817 2.4
    endloop
  endfacet
  facet normal 0 0 1
    outer loop
      vertex -54.41816530376673 1.9578877538442612 2.4
      vertex -54.04506938904524 2.463234692811966 2.4
      vertex -54.17917040735483 2.540460206568241 2.4
    endloop
  endfacet
  facet normal 0 0 1
    outer loop
      vertex -54.8576999977231 2.0437000021338463 2.4
      vertex -54.83735000342131 2.6777499988675117 2.4
      vertex -54.964952044188976 2.6716602072119713 2.4
    endloop
  endfacet
  facet normal 0 0 1
    outer loop
      vertex -54.734325513243675 2.038336731493473 2.4
      vertex -54.65453877300024 2.6691693887114525 2.4
      vertex -54.83735000342131 2.6777499988675117 2.4
    endloop
  endfacet
  facet normal 0 0 1
    outer loop
      vertex -54.61994490027428 2.022246941924095 2.4
      vertex -54.48390509933233 2.643427550792694 2.4
      vertex -54.65453877300024 2.6691693887114525 2.4
    endloop
  endfacet
  facet normal 0 0 1
    outer loop
      vertex -54.182949997484684 1.780900001525879 2.4
      vertex -53.813400000333786 2.2572999969124794 2.4
      vertex -54.252361223101616 1.850622445344925 2.4
    endloop
  endfacet
  facet normal 0 0 1
    outer loop
      vertex -54.252361223101616 1.850622445344925 2.4
      vertex -53.813400000333786 2.2572999969124794 2.4
      vertex -53.92314592003822 2.3688479587435722 2.4
    endloop
  endfacet
  facet normal 0 0 1
    outer loop
      vertex -54.182949997484684 1.780900001525879 2.4
      vertex -53.71714694052935 2.129850000143051 2.4
      vertex -53.813400000333786 2.2572999969124794 2.4
    endloop
  endfacet
  facet normal 0 0 1
    outer loop
      vertex -54.122685715556145 1.7017806097865105 2.4
      vertex -53.635702043771744 1.9877285733819008 2.4
      vertex -53.71714694052935 2.129850000143051 2.4
    endloop
  endfacet
  facet normal 0 0 1
    outer loop
      vertex -54.33076632767916 1.9096183702349663 2.4
      vertex -53.92314592003822 2.3688479587435722 2.4
      vertex -54.04506938904524 2.463234692811966 2.4
    endloop
  endfacet
  facet normal -0.5283830773827484 -0.8490060797989238 0
    outer loop
      vertex -56.53574387729168 2.4149377569556236 2.4
      vertex -56.44340204447508 2.357468366622925 2.4
      vertex -56.44340204447508 2.357468366622925 3
    endloop
  endfacet
  facet normal -0.7061809258288119 -0.7080314258530918 0
    outer loop
      vertex -56.27996326237917 2.2116673439741135 2.4
      vertex -56.27996326237917 2.2116673439741135 3
      vertex -56.358050003647804 2.2895499989390373 2.4
    endloop
  endfacet
  facet normal -0.6226622389020907 -0.7824907259804653 0
    outer loop
      vertex -56.358050003647804 2.2895499989390373 2.4
      vertex -56.358050003647804 2.2895499989390373 3
      vertex -56.44340204447508 2.357468366622925 2.4
    endloop
  endfacet
  facet normal -0.8866113869399963 -0.4625151333181828 0
    outer loop
      vertex -56.14641224592924 2.0274632647633553 2.4
      vertex -56.09094795584679 1.9211418330669403 2.4
      vertex -56.09094795584679 1.9211418330669403 3
    endloop
  endfacet
  facet normal -0.838214495759982 -0.5453406816824132 0
    outer loop
      vertex -56.14641224592924 2.0274632647633553 2.4
      vertex -56.14641224592924 2.0274632647633553 3
      vertex -56.20941735059023 2.124305099248886 2.4
    endloop
  endfacet
  facet normal -0.7780103956399765 -0.6282514021282618 0
    outer loop
      vertex -56.20941735059023 2.124305099248886 2.4
      vertex -56.20941735059023 2.124305099248886 3
      vertex -56.27996326237917 2.2116673439741135 2.4
    endloop
  endfacet
  facet normal 0.918365841742429 -0.3957324610399303 0
    outer loop
      vertex -55.86200101673603 1.9608765318989754 2.4
      vertex -55.810658164322376 2.0800265297293663 2.4
      vertex -55.810658164322376 2.0800265297293663 3
    endloop
  endfacet
  facet normal -0.4278528218162649 -0.9038484180789715 0
    outer loop
      vertex -56.53574387729168 2.4149377569556236 2.4
      vertex -56.53574387729168 2.4149377569556236 3
      vertex -56.63507550954819 2.461958162486553 2.4
    endloop
  endfacet
  facet normal 0.872481316892899 -0.48864747177575046 0
    outer loop
      vertex -55.810658164322376 2.0800265297293663 2.4
      vertex -55.74935203790665 2.1894887760281563 2.4
      vertex -55.74935203790665 2.1894887760281563 3
    endloop
  endfacet
  facet normal 0.8137261629970217 -0.5812484250767002 0
    outer loop
      vertex -55.74935203790665 2.1894887760281563 2.4
      vertex -55.67808265239 2.2892632633447647 2.4
      vertex -55.67808265239 2.2892632633447647 3
    endloop
  endfacet
  facet normal 0.7426601266378873 -0.6696685271850522 0
    outer loop
      vertex -55.67808265239 2.2892632633447647 2.4
      vertex -55.596850000321865 2.379349999129772 2.4
      vertex -55.596850000321865 2.379349999129772 3
    endloop
  endfacet
  facet normal -0.44219584968097675 0.8969185194458407 0
    outer loop
      vertex -55.24739795923233 1.9457244873046875 2.4
      vertex -55.24739795923233 1.9457244873046875 3
      vertex -55.16045510023832 1.988588772714138 2.4
    endloop
  endfacet
  facet normal -0.30990899876774897 0.9507662238861725 0
    outer loop
      vertex -55.16045510023832 1.988588772714138 2.4
      vertex -55.16045510023832 1.988588772714138 3
      vertex -55.06652449071407 2.0192061215639114 2.4
    endloop
  endfacet
  facet normal -0.17908944175968425 0.9838327966937291 0
    outer loop
      vertex -55.06652449071407 2.0192061215639114 2.4
      vertex -55.06652449071407 2.0192061215639114 3
      vertex -54.965606123209 2.0375765338540077 2.4
    endloop
  endfacet
  facet normal 0.6629709575486412 -0.7486451158239381 0
    outer loop
      vertex -55.596850000321865 2.379349999129772 2.4
      vertex -55.50745204091072 2.458517350256443 2.4
      vertex -55.50745204091072 2.458517350256443 3
    endloop
  endfacet
  facet normal 0.5731868794580128 -0.819424676963774 0
    outer loop
      vertex -55.50745204091072 2.458517350256443 2.4
      vertex -55.41168673336506 2.5255051031708717 2.4
      vertex -55.41168673336506 2.5255051031708717 3
    endloop
  endfacet
  facet normal 0.4728530584302347 -0.8811412969173406 0
    outer loop
      vertex -55.41168673336506 2.5255051031708717 2.4
      vertex -55.30955408513546 2.580313265323639 2.4
      vertex -55.30955408513546 2.580313265323639 3
    endloop
  endfacet
  facet normal 0.3656789013272488 -0.9307410709343905 0
    outer loop
      vertex -55.30955408513546 2.580313265323639 2.4
      vertex -55.20105408132076 2.6229418367147446 2.4
      vertex -55.20105408132076 2.6229418367147446 3
    endloop
  endfacet
  facet normal 0.25623006007485705 -0.966615826641606 0
    outer loop
      vertex -55.20105408132076 2.6229418367147446 2.4
      vertex -55.08618673682213 2.6533908173441887 2.4
      vertex -55.08618673682213 2.6533908173441887 3
    endloop
  endfacet
  facet normal 0.1490119612322072 -0.9888353934855544 0
    outer loop
      vertex -55.08618673682213 2.6533908173441887 2.4
      vertex -54.964952044188976 2.6716602072119713 2.4
      vertex -54.964952044188976 2.6716602072119713 3
    endloop
  endfacet
  facet normal -0.05665695209228924 0.9983937047976675 0
    outer loop
      vertex -54.965606123209 2.0375765338540077 2.4
      vertex -54.965606123209 2.0375765338540077 3
      vertex -54.8576999977231 2.0437000021338463 2.4
    endloop
  endfacet
  facet normal 0.04343045616686047 0.999056452597719 0
    outer loop
      vertex -54.8576999977231 2.0437000021338463 2.4
      vertex -54.8576999977231 2.0437000021338463 3
      vertex -54.734325513243675 2.038336731493473 2.4
    endloop
  endfacet
  facet normal 0.13929741409664828 0.9902505897125166 0
    outer loop
      vertex -54.734325513243675 2.038336731493473 2.4
      vertex -54.734325513243675 2.038336731493473 3
      vertex -54.61994490027428 2.022246941924095 2.4
    endloop
  endfacet
  facet normal 0.2465982435694393 0.9691177979319477 0
    outer loop
      vertex -54.61994490027428 2.022246941924095 2.4
      vertex -54.61994490027428 2.022246941924095 3
      vertex -54.51455816626549 1.9954306110739708 2.4
    endloop
  endfacet
  facet normal 0.362922692170665 0.9318192525954788 0
    outer loop
      vertex -54.51455816626549 1.9954306110739708 2.4
      vertex -54.51455816626549 1.9954306110739708 3
      vertex -54.41816530376673 1.9578877538442612 2.4
    endloop
  endfacet
  facet normal 0.4834555301302909 0.8753689224472384 0
    outer loop
      vertex -54.33076632767916 1.9096183702349663 2.4
      vertex -54.41816530376673 1.9578877538442612 2.4
      vertex -54.41816530376673 1.9578877538442612 3
    endloop
  endfacet
  facet normal 0.047670618702265834 -0.9988631097966043 0
    outer loop
      vertex -54.964952044188976 2.6716602072119713 2.4
      vertex -54.83735000342131 2.6777499988675117 2.4
      vertex -54.83735000342131 2.6777499988675117 3
    endloop
  endfacet
  facet normal -0.04688537915672552 -0.9989002759141324 0
    outer loop
      vertex -54.83735000342131 2.6777499988675117 2.4
      vertex -54.65453877300024 2.6691693887114525 2.4
      vertex -54.65453877300024 2.6691693887114525 3
    endloop
  endfacet
  facet normal -0.14917230314253951 -0.9888112175613454 0
    outer loop
      vertex -54.65453877300024 2.6691693887114525 2.4
      vertex -54.48390509933233 2.643427550792694 2.4
      vertex -54.48390509933233 2.643427550792694 3
    endloop
  endfacet
  facet normal -0.26134657665313776 -0.9652450294467646 0
    outer loop
      vertex -54.48390509933233 2.643427550792694 2.4
      vertex -54.32544898241758 2.600524492561817 2.4
      vertex -54.32544898241758 2.600524492561817 3
    endloop
  endfacet
  facet normal -0.3798408541051039 -0.9250518501968985 0
    outer loop
      vertex -54.32544898241758 2.600524492561817 2.4
      vertex -54.17917040735483 2.540460206568241 2.4
      vertex -54.17917040735483 2.540460206568241 3
    endloop
  endfacet
  facet normal -0.7979952761357465 -0.6026637032915071 0
    outer loop
      vertex -53.71714694052935 2.129850000143051 2.4
      vertex -53.71714694052935 2.129850000143051 3
      vertex -53.813400000333786 2.2572999969124794 2.4
    endloop
  endfacet
  facet normal -0.6121503666985338 -0.7907413790556623 0
    outer loop
      vertex -53.92314592003822 2.3688479587435722 2.4
      vertex -53.92314592003822 2.3688479587435722 3
      vertex -54.04506938904524 2.463234692811966 2.4
    endloop
  endfacet
  facet normal -0.7128412643330354 -0.7013254108215954 0
    outer loop
      vertex -53.92314592003822 2.3688479587435722 2.4
      vertex -53.813400000333786 2.2572999969124794 2.4
      vertex -53.813400000333786 2.2572999969124794 3
    endloop
  endfacet
  facet normal -0.8676306551919761 -0.49720925792984005 0
    outer loop
      vertex -53.71714694052935 2.129850000143051 2.4
      vertex -53.635702043771744 1.9877285733819008 2.4
      vertex -53.635702043771744 1.9877285733819008 3
    endloop
  endfacet
  facet normal -0.4990413021428446 -0.866578201177236 0
    outer loop
      vertex -54.17917040735483 2.540460206568241 2.4
      vertex -54.04506938904524 2.463234692811966 2.4
      vertex -54.04506938904524 2.463234692811966 3
    endloop
  endfacet
  facet normal 0.9933165517910953 0.11542195604757442 0
    outer loop
      vertex -58.3401510193944 0.6735530644655228 2.4
      vertex -58.36028775572777 0.8468489795923233 3
      vertex -58.3401510193944 0.6735530644655228 3
    endloop
  endfacet
  facet normal 0.9993283804303703 0.036644072732340875 0
    outer loop
      vertex -58.36028775572777 0.8468489795923233 2.4
      vertex -58.3669999986887 1.029899999499321 3
      vertex -58.36028775572777 0.8468489795923233 3
    endloop
  endfacet
  facet normal 0.999412977132825 -0.03425932192124471 0
    outer loop
      vertex -58.3669999986887 1.029899999499321 2.4
      vertex -58.36018367111683 1.2287459149956703 3
      vertex -58.3669999986887 1.029899999499321 3
    endloop
  endfacet
  facet normal 0.9939958164773074 -0.10941808271767128 0
    outer loop
      vertex -58.36018367111683 1.2287459149956703 2.4
      vertex -58.3397346958518 1.4145122468471527 3
      vertex -58.36018367111683 1.2287459149956703 3
    endloop
  endfacet
  facet normal 0.9810753989397296 -0.1936260870731272 0
    outer loop
      vertex -58.3397346958518 1.4145122468471527 2.4
      vertex -58.30565305799246 1.587198980152607 3
      vertex -58.3397346958518 1.4145122468471527 3
    endloop
  endfacet
  facet normal 0.8762622987610909 0.4818343945485097 0
    outer loop
      vertex -58.12535918504 0.07792040705680847 2.4
      vertex -58.19919387996197 0.21219591796398163 3
      vertex -58.12535918504 0.07792040705680847 3
    endloop
  endfacet
  facet normal 0.9221709388240937 0.3867825740494129 0
    outer loop
      vertex -58.19919387996197 0.21219591796398163 2.4
      vertex -58.2596040815115 0.35622653365135193 3
      vertex -58.19919387996197 0.21219591796398163 3
    endloop
  endfacet
  facet normal 0.9563591538922925 0.292193717876375 0
    outer loop
      vertex -58.2596040815115 0.35622653365135193 2.4
      vertex -58.30658979713917 0.5100122466683388 3
      vertex -58.2596040815115 0.35622653365135193 3
    endloop
  endfacet
  facet normal -0.5470649343082451 -0.8370901729505105 0
    outer loop
      vertex -57.526333674788475 0.24507040530443192 2.4
      vertex -57.44994183629751 0.19514591991901398 3
      vertex -57.526333674788475 0.24507040530443192 3
    endloop
  endfacet
  facet normal -0.7307010875752006 -0.6826975323057929 0
    outer loop
      vertex -57.65834999829531 0.370449997484684 2.4
      vertex -57.59580305963755 0.3035051003098488 3
      vertex -57.65834999829531 0.370449997484684 3
    endloop
  endfacet
  facet normal -0.6437112913916447 -0.7652684322085297 0
    outer loop
      vertex -57.59580305963755 0.3035051003098488 2.4
      vertex -57.526333674788475 0.24507040530443192 3
      vertex -57.59580305963755 0.3035051003098488 3
    endloop
  endfacet
  facet normal -0.8045640332202287 -0.5938659078010781 0
    outer loop
      vertex -57.713228568434715 0.4447989761829376 2.4
      vertex -57.65834999829531 0.370449997484684 3
      vertex -57.713228568434715 0.4447989761829376 3
    endloop
  endfacet
  facet normal 0.9795857328065152 0.20102684418236935 0
    outer loop
      vertex -58.30658979713917 0.5100122466683388 2.4
      vertex -58.3401510193944 0.6735530644655228 3
      vertex -58.30658979713917 0.5100122466683388 3
    endloop
  endfacet
  facet normal -0.8666102483854234 -0.49898564848435745 0
    outer loop
      vertex -57.75966428220272 0.5254459157586098 2.4
      vertex -57.713228568434715 0.4447989761829376 3
      vertex -57.75966428220272 0.5254459157586098 3
    endloop
  endfacet
  facet normal -0.9163334795603121 -0.4004159765005525 0
    outer loop
      vertex -57.79765713959932 0.6123908162117004 2.4
      vertex -57.75966428220272 0.5254459157586098 3
      vertex -57.79765713959932 0.6123908162117004 3
    endloop
  endfacet
  facet normal -0.9532742396149487 -0.30210631255659237 0
    outer loop
      vertex -57.82720714062452 0.705633670091629 2.4
      vertex -57.79765713959932 0.6123908162117004 3
      vertex -57.82720714062452 0.705633670091629 3
    endloop
  endfacet
  facet normal -0.978249234183224 -0.20743296705185468 0
    outer loop
      vertex -57.84831428527832 0.8051744922995567 2.4
      vertex -57.82720714062452 0.705633670091629 3
      vertex -57.84831428527832 0.8051744922995567 3
    endloop
  endfacet
  facet normal -0.9929171387574787 -0.11880890354540774 0
    outer loop
      vertex -57.860978573560715 0.9110132679343224 2.4
      vertex -57.84831428527832 0.8051744922995567 3
      vertex -57.860978573560715 0.9110132679343224 3
    endloop
  endfacet
  facet normal -0.44512422481222597 -0.8954688294325576 0
    outer loop
      vertex -57.44994183629751 0.19514591991901398 2.4
      vertex -57.36662755161524 0.15373162925243378 3
      vertex -57.44994183629751 0.19514591991901398 3
    endloop
  endfacet
  facet normal -0.3425771557607018 -0.9394896978418166 0
    outer loop
      vertex -57.36662755161524 0.15373162925243378 2.4
      vertex -57.27639081329107 0.12082754820585251 3
      vertex -57.36662755161524 0.15373162925243378 3
    endloop
  endfacet
  facet normal -0.2435133434800962 -0.9698975469332545 0
    outer loop
      vertex -57.27639081329107 0.12082754820585251 2.4
      vertex -57.17923163622618 0.09643367677927017 3
      vertex -57.27639081329107 0.12082754820585251 3
    endloop
  endfacet
  facet normal -0.15086126081261209 -0.9885549453551021 0
    outer loop
      vertex -57.17923163622618 0.09643367677927017 2.4
      vertex -57.07514999806881 0.08055000007152557 3
      vertex -57.17923163622618 0.09643367677927017 3
    endloop
  endfacet
  facet normal -0.9992921667191652 -0.03761868596477447 0
    outer loop
      vertex -57.865199998021126 1.023149996995926 2.4
      vertex -57.860978573560715 0.9110132679343224 3
      vertex -57.865199998021126 1.023149996995926 3
    endloop
  endfacet
  facet normal -0.9993154506496152 0.03699500091845281 0
    outer loop
      vertex -57.86066734790802 1.1455867365002632 2.4
      vertex -57.865199998021126 1.023149996995926 3
      vertex -57.86066734790802 1.1455867365002632 3
    endloop
  endfacet
  facet normal -0.9929008932111619 0.11894459323767821 0
    outer loop
      vertex -57.84706939011812 1.259096935391426 2.4
      vertex -57.86066734790802 1.1455867365002632 3
      vertex -57.84706939011812 1.259096935391426 3
    endloop
  endfacet
  facet normal -0.9773164295660124 0.21178431599233621 0
    outer loop
      vertex -57.82440612465143 1.3636806085705757 2.4
      vertex -57.84706939011812 1.259096935391426 3
      vertex -57.82440612465143 1.3636806085705757 3
    endloop
  endfacet
  facet normal -0.9491500306658273 0.314824108490851 0
    outer loop
      vertex -57.79267755150795 1.459337756037712 2.4
      vertex -57.82440612465143 1.3636806085705757 3
      vertex -57.79267755150795 1.459337756037712 3
    endloop
  endfacet
  facet normal 0.9581031675926672 -0.28642332350717786 0
    outer loop
      vertex -58.30565305799246 1.587198980152607 2.4
      vertex -58.25793877243996 1.7468061223626137 3
      vertex -58.30565305799246 1.587198980152607 3
    endloop
  endfacet
  facet normal 0.9224189702290907 -0.38619068264460205 0
    outer loop
      vertex -58.25793877243996 1.7468061223626137 2.4
      vertex -58.1965918391943 1.8933336734771729 3
      vertex -58.25793877243996 1.7468061223626137 3
    endloop
  endfacet
  facet normal -0.9049011930864479 0.4256216991069925 0
    outer loop
      vertex -57.751883670687675 1.5460683703422546 2.4
      vertex -57.79267755150795 1.459337756037712 3
      vertex -57.751883670687675 1.5460683703422546 3
    endloop
  endfacet
  facet normal -0.8419540097051751 0.5395492985273709 0
    outer loop
      vertex -57.70202448964119 1.6238724514842033 2.4
      vertex -57.751883670687675 1.5460683703422546 3
      vertex -57.70202448964119 1.6238724514842033 3
    endloop
  endfacet
  facet normal -0.7598744813542515 0.6500698213166085 0
    outer loop
      vertex -57.64310000091791 1.6927499994635582 2.4
      vertex -57.70202448964119 1.6238724514842033 3
      vertex -57.64310000091791 1.6927499994635582 3
    endloop
  endfacet
  facet normal -0.667465777143429 0.7446404745528666 0
    outer loop
      vertex -57.57635612040758 1.7525765299797058 2.4
      vertex -57.64310000091791 1.6927499994635582 3
      vertex -57.57635612040758 1.7525765299797058 3
    endloop
  endfacet
  facet normal -0.5681798459949406 0.8229044067236275 0
    outer loop
      vertex -57.5030387789011 1.803198978304863 2.4
      vertex -57.57635612040758 1.7525765299797058 3
      vertex -57.5030387789011 1.803198978304863 3
    endloop
  endfacet
  facet normal -0.4602602188212315 0.8877840564972047 0
    outer loop
      vertex -57.42314796149731 1.8446173444390297 2.4
      vertex -57.5030387789011 1.803198978304863 3
      vertex -57.42314796149731 1.8446173444390297 3
    endloop
  endfacet
  facet normal -0.34912907002009474 0.9370746461552055 0
    outer loop
      vertex -57.33668367564678 1.8768316358327866 2.4
      vertex -57.42314796149731 1.8446173444390297 3
      vertex -57.33668367564678 1.8768316358327866 3
    endloop
  endfacet
  facet normal -0.2400873006051284 0.9707513008428795 0
    outer loop
      vertex -57.243645921349525 1.8998418375849724 2.4
      vertex -57.33668367564678 1.8768316358327866 3
      vertex -57.243645921349525 1.8998418375849724 3
    endloop
  endfacet
  facet normal -0.13728765757284034 0.9905312206478717 0
    outer loop
      vertex -57.14403469115496 1.9136479571461678 2.4
      vertex -57.243645921349525 1.8998418375849724 3
      vertex -57.14403469115496 1.9136479571461678 3
    endloop
  endfacet
  facet normal -0.04329935614726214 0.9990621430908252 0
    outer loop
      vertex -57.03784999996424 1.9182500019669533 2.4
      vertex -57.14403469115496 1.9136479571461678 3
      vertex -57.03784999996424 1.9182500019669533 3
    endloop
  endfacet
  facet normal 0.05263333370418937 0.9986139054625582 0
    outer loop
      vertex -56.93084591627121 1.9126102030277252 2.4
      vertex -57.03784999996424 1.9182500019669533 3
      vertex -56.93084591627121 1.9126102030277252 3
    endloop
  endfacet
  facet normal 0.2892969248079485 0.9572394106474431 0
    outer loop
      vertex -56.73738469183445 1.8674918338656425 2.4
      vertex -56.83069081604481 1.8956908136606216 3
      vertex -56.73738469183445 1.8674918338656425 3
    endloop
  endfacet
  facet normal 0.1665717883698364 0.9860293298473806 0
    outer loop
      vertex -56.83069081604481 1.8956908136606216 2.4
      vertex -56.93084591627121 1.9126102030277252 3
      vertex -56.83069081604481 1.8956908136606216 3
    endloop
  endfacet
  facet normal 0.41537076138660534 0.9096522030892421 0
    outer loop
      vertex -56.65092755109072 1.828013263642788 2.4
      vertex -56.73738469183445 1.8674918338656425 3
      vertex -56.65092755109072 1.828013263642788 3
    endloop
  endfacet
  facet normal 0.8718123858147937 -0.48983993706099305 0
    outer loop
      vertex -58.1965918391943 1.8933336734771729 2.4
      vertex -58.12161224335432 2.0267816334962845 3
      vertex -58.1965918391943 1.8933336734771729 3
    endloop
  endfacet
  facet normal 0.8053121296314782 -0.592851055382727 0
    outer loop
      vertex -58.12161224335432 2.0267816334962845 2.4
      vertex -58.032999999821186 2.1471500024199486 3
      vertex -58.12161224335432 2.0267816334962845 3
    endloop
  endfacet
  facet normal 0.723751989906585 -0.6900601836841904 0
    outer loop
      vertex -58.032999999821186 2.1471500024199486 2.4
      vertex -57.932222448289394 2.2528479620814323 3
      vertex -58.032999999821186 2.1471500024199486 3
    endloop
  endfacet
  facet normal 0.6256904737286602 -0.7800714269124365 0
    outer loop
      vertex -57.932222448289394 2.2528479620814323 2.4
      vertex -57.82071837037802 2.342284694314003 3
      vertex -57.932222448289394 2.2528479620814323 3
    endloop
  endfacet
  facet normal 0.5136549509150021 -0.8579968481297042 0
    outer loop
      vertex -57.82071837037802 2.342284694314003 2.4
      vertex -57.698487758636475 2.415460206568241 3
      vertex -57.82071837037802 2.342284694314003 3
    endloop
  endfacet
  facet normal 0.3935258472725404 -0.9193135523467656 0
    outer loop
      vertex -57.698487758636475 2.415460206568241 2.4
      vertex -57.565530613064766 2.472374491393566 3
      vertex -57.698487758636475 2.415460206568241 3
    endloop
  endfacet
  facet normal 0.27224723918661753 -0.9622273331990027 0
    outer loop
      vertex -57.565530613064766 2.472374491393566 2.4
      vertex -57.42184694111347 2.513027548789978 3
      vertex -57.565530613064766 2.472374491393566 3
    endloop
  endfacet
  facet normal 0.15603296663628047 -0.9877518480482238 0
    outer loop
      vertex -57.42184694111347 2.513027548789978 2.4
      vertex -57.26743673533201 2.5374193862080574 3
      vertex -57.42184694111347 2.513027548789978 3
    endloop
  endfacet
  facet normal 0.04917609966127856 -0.9987901237107343 0
    outer loop
      vertex -57.26743673533201 2.5374193862080574 2.4
      vertex -57.10230000317097 2.5455500036478043 3
      vertex -57.26743673533201 2.5374193862080574 3
    endloop
  endfacet
  facet normal -0.1291935306441476 -0.9916193985797674 0
    outer loop
      vertex -56.97500918060541 2.5403255075216293 2.4
      vertex -56.854708164930344 2.5246520414948463 3
      vertex -56.97500918060541 2.5403255075216293 3
    endloop
  endfacet
  facet normal -0.04100924954239386 -0.9991587668894116 0
    outer loop
      vertex -57.10230000317097 2.5455500036478043 2.4
      vertex -56.97500918060541 2.5403255075216293 3
      vertex -57.10230000317097 2.5455500036478043 3
    endloop
  endfacet
  facet normal -0.2246448215464333 -0.9744407135133317 0
    outer loop
      vertex -56.854708164930344 2.5246520414948463 2.4
      vertex -56.7413969412446 2.498529590666294 3
      vertex -56.854708164930344 2.5246520414948463 3
    endloop
  endfacet
  facet normal -0.3252661749281275 -0.9456225015552584 0
    outer loop
      vertex -56.7413969412446 2.498529590666294 2.4
      vertex -56.63507550954819 2.461958162486553 3
      vertex -56.7413969412446 2.498529590666294 3
    endloop
  endfacet
  facet normal 1 0 0
    outer loop
      vertex -56.213950000703335 0.5314999967813492 2.4
      vertex -56.213950000703335 0.8637999966740608 3
      vertex -56.213950000703335 0.5314999967813492 3
    endloop
  endfacet
  facet normal 0 1 0
    outer loop
      vertex -55.685000002384186 0.5314999967813492 2.4
      vertex -56.213950000703335 0.5314999967813492 3
      vertex -55.685000002384186 0.5314999967813492 3
    endloop
  endfacet
  facet normal 0.9994831663311415 0.03214654290395265 0
    outer loop
      vertex -56.213950000703335 0.8637999966740608 2.4
      vertex -56.21841326355934 1.0025693848729134 3
      vertex -56.213950000703335 0.8637999966740608 3
    endloop
  endfacet
  facet normal -1 0 0
    outer loop
      vertex -55.685000002384186 0.8773500025272369 2.4
      vertex -55.685000002384186 0.5314999967813492 3
      vertex -55.685000002384186 0.8773500025272369 3
    endloop
  endfacet
  facet normal 0.9832421778076423 0.18230419572814244 0
    outer loop
      vertex -56.23180305957794 1.1321346908807755 2.4
      vertex -56.254119388759136 1.252495914697647 3
      vertex -56.23180305957794 1.1321346908807755 3
    endloop
  endfacet
  facet normal 0.9626962824678753 0.2705843079754125 0
    outer loop
      vertex -56.254119388759136 1.252495914697647 2.4
      vertex -56.285362243652344 1.3636530637741089 3
      vertex -56.254119388759136 1.252495914697647 3
    endloop
  endfacet
  facet normal 0.9303895277789904 0.36657240294270255 0
    outer loop
      vertex -56.285362243652344 1.3636530637741089 2.4
      vertex -56.325531631708145 1.4656061232089996 3
      vertex -56.285362243652344 1.3636530637741089 3
    endloop
  endfacet
  facet normal 0.9947024056906489 0.10279651800151468 0
    outer loop
      vertex -56.21841326355934 1.0025693848729134 2.4
      vertex -56.23180305957794 1.1321346908807755 3
      vertex -56.21841326355934 1.0025693848729134 3
    endloop
  endfacet
  facet normal 0.7436743236796032 0.6685420707028726 0
    outer loop
      vertex -56.43264999985695 1.6419000029563904 2.4
      vertex -56.49856020510197 1.7152173444628716 3
      vertex -56.43264999985695 1.6419000029563904 3
    endloop
  endfacet
  facet normal 0.8838134429600951 0.4678395003022113 0
    outer loop
      vertex -56.325531631708145 1.4656061232089996 2.4
      vertex -56.37462755292654 1.5583551004529 3
      vertex -56.325531631708145 1.4656061232089996 3
    endloop
  endfacet
  facet normal 0.8213462279604392 0.5704299902837844 0
    outer loop
      vertex -56.37462755292654 1.5583551004529 2.4
      vertex -56.43264999985695 1.6419000029563904 3
      vertex -56.37462755292654 1.5583551004529 3
    endloop
  endfacet
  facet normal 0.537617251841541 0.8431890004751895 0
    outer loop
      vertex -56.57131938636303 1.7772551029920578 2.4
      vertex -56.65092755109072 1.828013263642788 3
      vertex -56.57131938636303 1.7772551029920578 3
    endloop
  endfacet
  facet normal 0.648816173533329 0.7609451839400582 0
    outer loop
      vertex -56.49856020510197 1.7152173444628716 2.4
      vertex -56.57131938636303 1.7772551029920578 3
      vertex -56.49856020510197 1.7152173444628716 3
    endloop
  endfacet
  facet normal 0 -1 0
    outer loop
      vertex -55.969800002872944 1.5452999994158745 2.4
      vertex -55.95624999701977 1.5452999994158745 3
      vertex -55.969800002872944 1.5452999994158745 3
    endloop
  endfacet
  facet normal 0.9896862917389871 -0.14325168042271758 0
    outer loop
      vertex -55.95624999701977 1.5452999994158745 2.4
      vertex -55.93479693681002 1.6935132667422295 3
      vertex -55.95624999701977 1.5452999994158745 3
    endloop
  endfacet
  facet normal -0.9715643211321986 -0.23677577980640252 0
    outer loop
      vertex -56.00264183431864 1.6800602003932 2.4
      vertex -55.969800002872944 1.5452999994158745 3
      vertex -56.00264183431864 1.6800602003932 3
    endloop
  endfacet
  facet normal -0.9517761835170419 -0.3067932471384182 0
    outer loop
      vertex -56.043024487793446 1.8053408190608025 2.4
      vertex -56.00264183431864 1.6800602003932 3
      vertex -56.043024487793446 1.8053408190608025 3
    endloop
  endfacet
  facet normal -0.9240004611089213 -0.3823913543354516 0
    outer loop
      vertex -56.09094795584679 1.9211418330669403 2.4
      vertex -56.043024487793446 1.8053408190608025 3
      vertex -56.09094795584679 1.9211418330669403 3
    endloop
  endfacet
  facet normal 0.9752342992157964 -0.22117427886866609 0
    outer loop
      vertex -55.93479693681002 1.6935132667422295 2.4
      vertex -55.90338061004877 1.832038775086403 3
      vertex -55.93479693681002 1.6935132667422295 3
    endloop
  endfacet
  facet normal 0.9520985976338341 -0.30579120390175785 0
    outer loop
      vertex -55.90338061004877 1.832038775086403 2.4
      vertex -55.86200101673603 1.9608765318989754 3
      vertex -55.90338061004877 1.832038775086403 3
    endloop
  endfacet
  facet normal -0.9995928088705525 0.02853447834250788 0
    outer loop
      vertex -55.6805367320776 1.0337030589580536 2.4
      vertex -55.685000002384186 0.8773500025272369 3
      vertex -55.6805367320776 1.0337030589580536 3
    endloop
  endfacet
  facet normal -0.9957916024212478 0.09164651955924803 0
    outer loop
      vertex -55.667146936059 1.1791908144950867 2.4
      vertex -55.6805367320776 1.0337030589580536 3
      vertex -55.667146936059 1.1791908144950867 3
    endloop
  endfacet
  facet normal -0.986537045020867 0.1635379430025212 0
    outer loop
      vertex -55.644830614328384 1.3138132616877556 2.4
      vertex -55.667146936059 1.1791908144950867 3
      vertex -55.644830614328384 1.3138132616877556 3
    endloop
  endfacet
  facet normal -0.9695802996632763 0.24477345138897602 0
    outer loop
      vertex -55.613587751984596 1.437570407986641 2.4
      vertex -55.644830614328384 1.3138132616877556 3
      vertex -55.613587751984596 1.437570407986641 3
    endloop
  endfacet
  facet normal -0.9421354574068204 0.3352324266786274 0
    outer loop
      vertex -55.573418363928795 1.550462245941162 2.4
      vertex -55.613587751984596 1.437570407986641 3
      vertex -55.573418363928795 1.550462245941162 3
    endloop
  endfacet
  facet normal -0.9010982070714524 0.43361506109983544 0
    outer loop
      vertex -55.52432245016098 1.6524887755513191 2.4
      vertex -55.573418363928795 1.550462245941162 3
      vertex -55.52432245016098 1.6524887755513191 3
    endloop
  endfacet
  facet normal -0.843616380656976 0.5369463681665273 0
    outer loop
      vertex -55.46630000323057 1.743649996817112 2.4
      vertex -55.52432245016098 1.6524887755513191 3
      vertex -55.46630000323057 1.743649996817112 3
    endloop
  endfacet
  facet normal -0.7699213922774056 0.6381387386091064 0
    outer loop
      vertex -55.400320410728455 1.8232550993561745 2.4
      vertex -55.46630000323057 1.743649996817112 3
      vertex -55.400320410728455 1.8232550993561745 3
    endloop
  endfacet
  facet normal -0.6783001581345721 0.7347849314422652 0
    outer loop
      vertex -55.327353060245514 1.8906132653355598 2.4
      vertex -55.400320410728455 1.8232550993561745 3
      vertex -55.327353060245514 1.8906132653355598 3
    endloop
  endfacet
  facet normal -0.5675219956811576 0.8233582357747302 0
    outer loop
      vertex -55.24739795923233 1.9457244873046875 2.4
      vertex -55.327353060245514 1.8906132653355598 3
      vertex -55.24739795923233 1.9457244873046875 3
    endloop
  endfacet
  facet normal 0.2217119515635555 -0.9751122040739104 0
    outer loop
      vertex -54.803450003266335 0.01614999771118164 2.4
      vertex -54.57856326550245 0.06728265434503555 3
      vertex -54.803450003266335 0.01614999771118164 3
    endloop
  endfacet
  facet normal 0.4024485719718059 -0.9154425961893263 0
    outer loop
      vertex -54.57856326550245 0.06728265434503555 2.4
      vertex -54.38827449083328 0.1509377583861351 3
      vertex -54.57856326550245 0.06728265434503555 3
    endloop
  endfacet
  facet normal 0.5980525822136469 -0.8014568665296898 0
    outer loop
      vertex -54.38827449083328 0.1509377583861351 2.4
      vertex -54.23258367180824 0.2671153098344803 3
      vertex -54.38827449083328 0.1509377583861351 3
    endloop
  endfacet
  facet normal 0.7754139754387838 -0.6314532181359293 0
    outer loop
      vertex -54.23258367180824 0.2671153098344803 2.4
      vertex -54.111490815877914 0.4158153086900711 3
      vertex -54.23258367180824 0.2671153098344803 3
    endloop
  endfacet
  facet normal 0.9024764515337187 -0.4307391953689696 0
    outer loop
      vertex -54.111490815877914 0.4158153086900711 2.4
      vertex -54.02499591559172 0.5970377549529076 3
      vertex -54.111490815877914 0.4158153086900711 3
    endloop
  endfacet
  facet normal -0.8875044367373642 0.4607991696731817 0
    outer loop
      vertex -53.6175387725234 0.170121431350708 2.4
      vertex -53.69099183380604 0.02865000069141388 3
      vertex -53.6175387725234 0.170121431350708 3
    endloop
  endfacet
  facet normal -0.9311292713434274 0.3646892924771141 0
    outer loop
      vertex -53.55744081735611 0.3235642835497856 2.4
      vertex -53.6175387725234 0.170121431350708 3
      vertex -53.55744081735611 0.3235642835497856 3
    endloop
  endfacet
  facet normal -0.9623164974470815 0.27193190092591385 0
    outer loop
      vertex -53.51069796085358 0.4889785721898079 2.4
      vertex -53.55744081735611 0.3235642835497856 3
      vertex -53.51069796085358 0.4889785721898079 3
    endloop
  endfacet
  facet normal 0.9717667757576374 -0.23594349648508217 0
    outer loop
      vertex -54.02499591559172 0.5970377549529076 2.4
      vertex -53.97309897840023 0.8107826560735703 3
      vertex -54.02499591559172 0.5970377549529076 3
    endloop
  endfacet
  facet normal 0.9975419322749615 -0.07007205829099176 0
    outer loop
      vertex -53.97309897840023 0.8107826560735703 2.4
      vertex -53.955799996852875 1.057049997150898 3
      vertex -53.97309897840023 0.8107826560735703 3
    endloop
  endfacet
  facet normal -0.982743563598898 0.18497320942487536 0
    outer loop
      vertex -53.477310203015804 0.6663642823696136 2.4
      vertex -53.51069796085358 0.4889785721898079 3
      vertex -53.477310203015804 0.6663642823696136 3
    endloop
  endfacet
  facet normal -0.9944504657467179 0.10520585143486955 0
    outer loop
      vertex -53.45727755129337 0.8557214289903641 2.4
      vertex -53.477310203015804 0.6663642823696136 3
      vertex -53.45727755129337 0.8557214289903641 3
    endloop
  endfacet
  facet normal 0.4834555301302909 0.8753689224472384 0
    outer loop
      vertex -54.33076632767916 1.9096183702349663 2.4
      vertex -54.41816530376673 1.9578877538442612 3
      vertex -54.33076632767916 1.9096183702349663 3
    endloop
  endfacet
  facet normal 0.7086866850956086 0.7055233393504411 0
    outer loop
      vertex -54.182949997484684 1.780900001525879 2.4
      vertex -54.252361223101616 1.850622445344925 3
      vertex -54.182949997484684 1.780900001525879 3
    endloop
  endfacet
  facet normal 0.6012522148753693 0.7990593057511205 0
    outer loop
      vertex -54.252361223101616 1.850622445344925 2.4
      vertex -54.33076632767916 1.9096183702349663 3
      vertex -54.252361223101616 1.850622445344925 3
    endloop
  endfacet
  facet normal 0.9993416949704129 0.03627914957192552 0
    outer loop
      vertex -53.955799996852875 1.057049997150898 2.4
      vertex -53.96043571084738 1.1847448945045471 3
      vertex -53.955799996852875 1.057049997150898 3
    endloop
  endfacet
  facet normal 0.9933071032609089 0.11550324069662314 0
    outer loop
      vertex -53.96043571084738 1.1847448945045471 2.4
      vertex -53.97434286028147 1.3043438792228699 3
      vertex -53.96043571084738 1.1847448945045471 3
    endloop
  endfacet
  facet normal 0.9790701480412234 0.20352308275607695 0
    outer loop
      vertex -53.97434286028147 1.3043438792228699 2.4
      vertex -53.99752143025398 1.415846936404705 3
      vertex -53.97434286028147 1.3043438792228699 3
    endloop
  endfacet
  facet normal 0.9541239769778248 0.2994118176625948 0
    outer loop
      vertex -53.99752143025398 1.415846936404705 2.4
      vertex -54.029971428215504 1.5192540809512138 3
      vertex -53.99752143025398 1.415846936404705 3
    endloop
  endfacet
  facet normal -0.9994504138857266 0.03314921090538528 0
    outer loop
      vertex -53.4505999982357 1.057049997150898 2.4
      vertex -53.45727755129337 0.8557214289903641 3
      vertex -53.4505999982357 1.057049997150898 3
    endloop
  endfacet
  facet normal -0.9994101795505039 -0.03434083590755207 0
    outer loop
      vertex -53.45800407975912 1.2725285738706589 2.4
      vertex -53.4505999982357 1.057049997150898 3
      vertex -53.45800407975912 1.2725285738706589 3
    endloop
  endfacet
  facet normal -0.9939377565263675 -0.1099442411012568 0
    outer loop
      vertex -53.480216324329376 1.473335713148117 2.4
      vertex -53.45800407975912 1.2725285738706589 3
      vertex -53.480216324329376 1.473335713148117 3
    endloop
  endfacet
  facet normal 0.9160769678593377 0.40100247998939104 0
    outer loop
      vertex -54.029971428215504 1.5192540809512138 2.4
      vertex -54.07169285416603 1.6145653054118156 3
      vertex -54.029971428215504 1.5192540809512138 3
    endloop
  endfacet
  facet normal 0.863273277585201 0.504736810830461 0
    outer loop
      vertex -54.07169285416603 1.6145653054118156 2.4
      vertex -54.122685715556145 1.7017806097865105 3
      vertex -54.07169285416603 1.6145653054118156 3
    endloop
  endfacet
  facet normal 0.7955148839173747 0.6059340471255316 0
    outer loop
      vertex -54.122685715556145 1.7017806097865105 2.4
      vertex -54.182949997484684 1.780900001525879 3
      vertex -54.122685715556145 1.7017806097865105 3
    endloop
  endfacet
  facet normal -0.9807896038712026 -0.19506858521599366 0
    outer loop
      vertex -53.51723673194647 1.6594714298844337 2.4
      vertex -53.480216324329376 1.473335713148117 3
      vertex -53.51723673194647 1.6594714298844337 3
    endloop
  endfacet
  facet normal -0.9572260700557895 -0.2893410631167807 0
    outer loop
      vertex -53.5690653026104 1.8309357166290283 2.4
      vertex -53.51723673194647 1.6594714298844337 3
      vertex -53.5690653026104 1.8309357166290283 3
    endloop
  endfacet
  facet normal -0.9203313895644114 -0.39113953185843997 0
    outer loop
      vertex -53.635702043771744 1.9877285733819008 2.4
      vertex -53.5690653026104 1.8309357166290283 3
      vertex -53.635702043771744 1.9877285733819008 3
    endloop
  endfacet
  facet normal -0.5283830773827484 -0.8490060797989238 0
    outer loop
      vertex -56.53574387729168 2.4149377569556236 2.4
      vertex -56.44340204447508 2.357468366622925 3
      vertex -56.53574387729168 2.4149377569556236 3
    endloop
  endfacet
  facet normal -0.7780103956399765 -0.6282514021282618 0
    outer loop
      vertex -56.27996326237917 2.2116673439741135 2.4
      vertex -56.20941735059023 2.124305099248886 3
      vertex -56.27996326237917 2.2116673439741135 3
    endloop
  endfacet
  facet normal -0.7061809258288119 -0.7080314258530918 0
    outer loop
      vertex -56.358050003647804 2.2895499989390373 2.4
      vertex -56.27996326237917 2.2116673439741135 3
      vertex -56.358050003647804 2.2895499989390373 3
    endloop
  endfacet
  facet normal -0.6226622389020907 -0.7824907259804653 0
    outer loop
      vertex -56.44340204447508 2.357468366622925 2.4
      vertex -56.358050003647804 2.2895499989390373 3
      vertex -56.44340204447508 2.357468366622925 3
    endloop
  endfacet
  facet normal -0.8866113869399963 -0.4625151333181828 0
    outer loop
      vertex -56.14641224592924 2.0274632647633553 2.4
      vertex -56.09094795584679 1.9211418330669403 3
      vertex -56.14641224592924 2.0274632647633553 3
    endloop
  endfacet
  facet normal -0.838214495759982 -0.5453406816824132 0
    outer loop
      vertex -56.20941735059023 2.124305099248886 2.4
      vertex -56.14641224592924 2.0274632647633553 3
      vertex -56.20941735059023 2.124305099248886 3
    endloop
  endfacet
  facet normal 0.918365841742429 -0.3957324610399303 0
    outer loop
      vertex -55.86200101673603 1.9608765318989754 2.4
      vertex -55.810658164322376 2.0800265297293663 3
      vertex -55.86200101673603 1.9608765318989754 3
    endloop
  endfacet
  facet normal -0.4278528218162649 -0.9038484180789715 0
    outer loop
      vertex -56.63507550954819 2.461958162486553 2.4
      vertex -56.53574387729168 2.4149377569556236 3
      vertex -56.63507550954819 2.461958162486553 3
    endloop
  endfacet
  facet normal 0.872481316892899 -0.48864747177575046 0
    outer loop
      vertex -55.810658164322376 2.0800265297293663 2.4
      vertex -55.74935203790665 2.1894887760281563 3
      vertex -55.810658164322376 2.0800265297293663 3
    endloop
  endfacet
  facet normal 0.8137261629970217 -0.5812484250767002 0
    outer loop
      vertex -55.74935203790665 2.1894887760281563 2.4
      vertex -55.67808265239 2.2892632633447647 3
      vertex -55.74935203790665 2.1894887760281563 3
    endloop
  endfacet
  facet normal 0.7426601266378873 -0.6696685271850522 0
    outer loop
      vertex -55.67808265239 2.2892632633447647 2.4
      vertex -55.596850000321865 2.379349999129772 3
      vertex -55.67808265239 2.2892632633447647 3
    endloop
  endfacet
  facet normal 0.6629709575486412 -0.7486451158239381 0
    outer loop
      vertex -55.596850000321865 2.379349999129772 2.4
      vertex -55.50745204091072 2.458517350256443 3
      vertex -55.596850000321865 2.379349999129772 3
    endloop
  endfacet
  facet normal -0.44219584968097675 0.8969185194458407 0
    outer loop
      vertex -55.16045510023832 1.988588772714138 2.4
      vertex -55.24739795923233 1.9457244873046875 3
      vertex -55.16045510023832 1.988588772714138 3
    endloop
  endfacet
  facet normal -0.30990899876774897 0.9507662238861725 0
    outer loop
      vertex -55.06652449071407 2.0192061215639114 2.4
      vertex -55.16045510023832 1.988588772714138 3
      vertex -55.06652449071407 2.0192061215639114 3
    endloop
  endfacet
  facet normal -0.17908944175968425 0.9838327966937291 0
    outer loop
      vertex -54.965606123209 2.0375765338540077 2.4
      vertex -55.06652449071407 2.0192061215639114 3
      vertex -54.965606123209 2.0375765338540077 3
    endloop
  endfacet
  facet normal 0.5731868794580128 -0.819424676963774 0
    outer loop
      vertex -55.50745204091072 2.458517350256443 2.4
      vertex -55.41168673336506 2.5255051031708717 3
      vertex -55.50745204091072 2.458517350256443 3
    endloop
  endfacet
  facet normal 0.4728530584302347 -0.8811412969173406 0
    outer loop
      vertex -55.41168673336506 2.5255051031708717 2.4
      vertex -55.30955408513546 2.580313265323639 3
      vertex -55.41168673336506 2.5255051031708717 3
    endloop
  endfacet
  facet normal 0.3656789013272488 -0.9307410709343905 0
    outer loop
      vertex -55.30955408513546 2.580313265323639 2.4
      vertex -55.20105408132076 2.6229418367147446 3
      vertex -55.30955408513546 2.580313265323639 3
    endloop
  endfacet
  facet normal 0.25623006007485705 -0.966615826641606 0
    outer loop
      vertex -55.20105408132076 2.6229418367147446 2.4
      vertex -55.08618673682213 2.6533908173441887 3
      vertex -55.20105408132076 2.6229418367147446 3
    endloop
  endfacet
  facet normal 0.1490119612322072 -0.9888353934855544 0
    outer loop
      vertex -55.08618673682213 2.6533908173441887 2.4
      vertex -54.964952044188976 2.6716602072119713 3
      vertex -55.08618673682213 2.6533908173441887 3
    endloop
  endfacet
  facet normal -0.05665695209228924 0.9983937047976675 0
    outer loop
      vertex -54.8576999977231 2.0437000021338463 2.4
      vertex -54.965606123209 2.0375765338540077 3
      vertex -54.8576999977231 2.0437000021338463 3
    endloop
  endfacet
  facet normal 0.04343045616686047 0.999056452597719 0
    outer loop
      vertex -54.734325513243675 2.038336731493473 2.4
      vertex -54.8576999977231 2.0437000021338463 3
      vertex -54.734325513243675 2.038336731493473 3
    endloop
  endfacet
  facet normal 0.13929741409664828 0.9902505897125166 0
    outer loop
      vertex -54.61994490027428 2.022246941924095 2.4
      vertex -54.734325513243675 2.038336731493473 3
      vertex -54.61994490027428 2.022246941924095 3
    endloop
  endfacet
  facet normal 0.2465982435694393 0.9691177979319477 0
    outer loop
      vertex -54.51455816626549 1.9954306110739708 2.4
      vertex -54.61994490027428 2.022246941924095 3
      vertex -54.51455816626549 1.9954306110739708 3
    endloop
  endfacet
  facet normal 0.362922692170665 0.9318192525954788 0
    outer loop
      vertex -54.41816530376673 1.9578877538442612 2.4
      vertex -54.51455816626549 1.9954306110739708 3
      vertex -54.41816530376673 1.9578877538442612 3
    endloop
  endfacet
  facet normal -0.14917230314253951 -0.9888112175613454 0
    outer loop
      vertex -54.65453877300024 2.6691693887114525 2.4
      vertex -54.48390509933233 2.643427550792694 3
      vertex -54.65453877300024 2.6691693887114525 3
    endloop
  endfacet
  facet normal 0.047670618702265834 -0.9988631097966043 0
    outer loop
      vertex -54.964952044188976 2.6716602072119713 2.4
      vertex -54.83735000342131 2.6777499988675117 3
      vertex -54.964952044188976 2.6716602072119713 3
    endloop
  endfacet
  facet normal -0.04688537915672552 -0.9989002759141324 0
    outer loop
      vertex -54.83735000342131 2.6777499988675117 2.4
      vertex -54.65453877300024 2.6691693887114525 3
      vertex -54.83735000342131 2.6777499988675117 3
    endloop
  endfacet
  facet normal -0.26134657665313776 -0.9652450294467646 0
    outer loop
      vertex -54.48390509933233 2.643427550792694 2.4
      vertex -54.32544898241758 2.600524492561817 3
      vertex -54.48390509933233 2.643427550792694 3
    endloop
  endfacet
  facet normal -0.3798408541051039 -0.9250518501968985 0
    outer loop
      vertex -54.32544898241758 2.600524492561817 2.4
      vertex -54.17917040735483 2.540460206568241 3
      vertex -54.32544898241758 2.600524492561817 3
    endloop
  endfacet
  facet normal -0.7979952761357465 -0.6026637032915071 0
    outer loop
      vertex -53.813400000333786 2.2572999969124794 2.4
      vertex -53.71714694052935 2.129850000143051 3
      vertex -53.813400000333786 2.2572999969124794 3
    endloop
  endfacet
  facet normal -0.7128412643330354 -0.7013254108215954 0
    outer loop
      vertex -53.92314592003822 2.3688479587435722 2.4
      vertex -53.813400000333786 2.2572999969124794 3
      vertex -53.92314592003822 2.3688479587435722 3
    endloop
  endfacet
  facet normal -0.8676306551919761 -0.49720925792984005 0
    outer loop
      vertex -53.71714694052935 2.129850000143051 2.4
      vertex -53.635702043771744 1.9877285733819008 3
      vertex -53.71714694052935 2.129850000143051 3
    endloop
  endfacet
  facet normal -0.4990413021428446 -0.866578201177236 0
    outer loop
      vertex -54.17917040735483 2.540460206568241 2.4
      vertex -54.04506938904524 2.463234692811966 3
      vertex -54.17917040735483 2.540460206568241 3
    endloop
  endfacet
  facet normal -0.6121503666985338 -0.7907413790556623 0
    outer loop
      vertex -54.04506938904524 2.463234692811966 2.4
      vertex -53.92314592003822 2.3688479587435722 3
      vertex -54.04506938904524 2.463234692811966 3
    endloop
  endfacet
endsolid OpenSCAD_Model
