solid OpenSCAD_Model
  facet normal 0.6593458151000458 -0.7518398074789976 1.1954595648437209e-18
    outer loop
      vertex -72.70208152801713 47.30208152801713 0
      vertex -72.53489442931482 47.4487006784951 0
      vertex -72.53489442931482 47.4487006784951 4
    endloop
  endfacet
  facet normal 0.5555702330196043 -0.8314696123025439 1.152281760253698e-18
    outer loop
      vertex -72.53489442931482 47.4487006784951 0
      vertex -72.35 47.572243186433546 0
      vertex -72.35 47.572243186433546 4
    endloop
  endfacet
  facet normal 0.4422886902190091 -0.8968727415326845 1.1806063372817992e-18
    outer loop
      vertex -72.35 47.572243186433546 0
      vertex -72.15056183502065 47.67059520526919 0
      vertex -72.15056183502065 47.67059520526919 4
    endloop
  endfacet
  facet normal 0.1950903220161422 -0.9807852804032278 5.159716402714404e-19
    outer loop
      vertex -71.93999237667428 47.742073904691416 0
      vertex -71.7218945267741 47.78545626433548 0
      vertex -71.7218945267741 47.78545626433548 4
    endloop
  endfacet
  facet normal 0.06540312923015168 -0.9978589232386029 -1.6389518585043847e-19
    outer loop
      vertex -71.7218945267741 47.78545626433548 0
      vertex -71.5 47.800000000000004 0
      vertex -71.5 47.800000000000004 4
    endloop
  endfacet
  facet normal 0.32143946530316087 -0.9469301294951059 -9.213276134782191e-19
    outer loop
      vertex -72.15056183502065 47.67059520526919 0
      vertex -71.93999237667428 47.742073904691416 0
      vertex -71.93999237667428 47.742073904691416 4
    endloop
  endfacet
  facet normal -0.06540312923015168 -0.9978589232386029 1.6389518585043847e-19
    outer loop
      vertex -71.5 47.800000000000004 0
      vertex -71.2781054732259 47.78545626433548 0
      vertex -71.2781054732259 47.78545626433548 4
    endloop
  endfacet
  facet normal -0.1950903220161422 -0.9807852804032278 -5.159716402714404e-19
    outer loop
      vertex -71.2781054732259 47.78545626433548 0
      vertex -71.06000762332572 47.742073904691416 0
      vertex -71.06000762332572 47.742073904691416 4
    endloop
  endfacet
  facet normal -0.32143946530316087 -0.9469301294951059 9.213276134782191e-19
    outer loop
      vertex -71.06000762332572 47.742073904691416 0
      vertex -70.84943816497935 47.67059520526919 0
      vertex -70.84943816497935 47.67059520526919 4
    endloop
  endfacet
  facet normal -0.4422886902190091 -0.8968727415326845 -1.1806063372817992e-18
    outer loop
      vertex -70.84943816497935 47.67059520526919 0
      vertex -70.65 47.572243186433546 0
      vertex -70.65 47.572243186433546 4
    endloop
  endfacet
  facet normal -0.5555702330196043 -0.8314696123025439 -1.152281760253698e-18
    outer loop
      vertex -70.65 47.572243186433546 0
      vertex -70.46510557068518 47.4487006784951 0
      vertex -70.46510557068518 47.4487006784951 4
    endloop
  endfacet
  facet normal -0.6593458151000458 -0.7518398074789976 -1.1954595648437209e-18
    outer loop
      vertex -70.46510557068518 47.4487006784951 0
      vertex -70.29791847198287 47.30208152801713 0
      vertex -70.29791847198287 47.30208152801713 4
    endloop
  endfacet
  facet normal 0.751839807478968 -0.6593458151000797 0
    outer loop
      vertex -72.70208152801713 47.30208152801713 0
      vertex -72.70208152801713 47.30208152801713 4
      vertex -72.8487006784951 47.134894429314826 0
    endloop
  endfacet
  facet normal 0.8314696123025587 -0.5555702330195822 0
    outer loop
      vertex -72.8487006784951 47.134894429314826 0
      vertex -72.8487006784951 47.134894429314826 4
      vertex -72.97224318643354 46.95 0
    endloop
  endfacet
  facet normal 0.8968727415326907 -0.44228869021899636 0
    outer loop
      vertex -72.97224318643354 46.95 0
      vertex -72.97224318643354 46.95 4
      vertex -73.07059520526919 46.750561835020655 0
    endloop
  endfacet
  facet normal 0.9469301294951059 -0.32143946530316087 0
    outer loop
      vertex -73.07059520526919 46.750561835020655 0
      vertex -73.07059520526919 46.750561835020655 4
      vertex -73.14207390469142 46.539992376674284 0
    endloop
  endfacet
  facet normal 0.980785280403235 -0.19509032201610532 0
    outer loop
      vertex -73.14207390469142 46.539992376674284 0
      vertex -73.14207390469142 46.539992376674284 4
      vertex -73.18545626433547 46.32189452677409 0
    endloop
  endfacet
  facet normal 0.9978589232386007 -0.06540312923018558 0
    outer loop
      vertex -73.18545626433547 46.32189452677409 0
      vertex -73.18545626433547 46.32189452677409 4
      vertex -73.2 46.1 0
    endloop
  endfacet
  facet normal 0.9978589232386007 0.06540312923018558 0
    outer loop
      vertex -73.2 46.1 0
      vertex -73.2 46.1 4
      vertex -73.18545626433547 45.878105473225915 0
    endloop
  endfacet
  facet normal 0.980785280403235 0.19509032201610532 0
    outer loop
      vertex -73.18545626433547 45.878105473225915 0
      vertex -73.18545626433547 45.878105473225915 4
      vertex -73.14207390469142 45.66000762332572 0
    endloop
  endfacet
  facet normal 0.9469301294951059 0.32143946530316087 0
    outer loop
      vertex -73.14207390469142 45.66000762332572 0
      vertex -73.14207390469142 45.66000762332572 4
      vertex -73.07059520526919 45.44943816497935 0
    endloop
  endfacet
  facet normal 0.8968727415326907 0.44228869021899636 0
    outer loop
      vertex -73.07059520526919 45.44943816497935 0
      vertex -73.07059520526919 45.44943816497935 4
      vertex -72.97224318643354 45.25 0
    endloop
  endfacet
  facet normal 0.8314696123025587 0.5555702330195822 0
    outer loop
      vertex -72.97224318643354 45.25 0
      vertex -72.97224318643354 45.25 4
      vertex -72.8487006784951 45.065105570685176 0
    endloop
  endfacet
  facet normal 0.751839807478968 0.6593458151000797 0
    outer loop
      vertex -72.8487006784951 45.065105570685176 0
      vertex -72.8487006784951 45.065105570685176 4
      vertex -72.70208152801713 44.89791847198287 0
    endloop
  endfacet
  facet normal 0.6593458151000458 0.7518398074789976 0
    outer loop
      vertex -72.70208152801713 44.89791847198287 0
      vertex -72.70208152801713 44.89791847198287 4
      vertex -72.53489442931482 44.7512993215049 0
    endloop
  endfacet
  facet normal 0.5555702330196043 0.8314696123025439 -1.152281760253698e-18
    outer loop
      vertex -72.35 44.62775681356646 0
      vertex -72.53489442931482 44.7512993215049 0
      vertex -72.53489442931482 44.7512993215049 4
    endloop
  endfacet
  facet normal 0.4422886902190091 0.8968727415326845 -1.1806063372817992e-18
    outer loop
      vertex -72.15056183502065 44.529404794730816 0
      vertex -72.35 44.62775681356646 0
      vertex -72.35 44.62775681356646 4
    endloop
  endfacet
  facet normal 0.32143946530316087 0.9469301294951059 9.213276134782191e-19
    outer loop
      vertex -71.93999237667428 44.457926095308586 0
      vertex -72.15056183502065 44.529404794730816 0
      vertex -72.15056183502065 44.529404794730816 4
    endloop
  endfacet
  facet normal -0.751839807478968 -0.6593458151000797 0
    outer loop
      vertex -70.1512993215049 47.134894429314826 0
      vertex -70.1512993215049 47.134894429314826 4
      vertex -70.29791847198287 47.30208152801713 0
    endloop
  endfacet
  facet normal -0.8314696123025587 -0.5555702330195822 0
    outer loop
      vertex -70.02775681356646 46.95 0
      vertex -70.02775681356646 46.95 4
      vertex -70.1512993215049 47.134894429314826 0
    endloop
  endfacet
  facet normal -0.8968727415326907 -0.44228869021899636 0
    outer loop
      vertex -69.92940479473081 46.750561835020655 0
      vertex -69.92940479473081 46.750561835020655 4
      vertex -70.02775681356646 46.95 0
    endloop
  endfacet
  facet normal -0.9469301294951059 -0.32143946530316087 0
    outer loop
      vertex -69.85792609530858 46.539992376674284 0
      vertex -69.85792609530858 46.539992376674284 4
      vertex -69.92940479473081 46.750561835020655 0
    endloop
  endfacet
  facet normal -0.980785280403235 -0.19509032201610532 0
    outer loop
      vertex -69.81454373566453 46.32189452677409 0
      vertex -69.81454373566453 46.32189452677409 4
      vertex -69.85792609530858 46.539992376674284 0
    endloop
  endfacet
  facet normal -0.9978589232386007 -0.06540312923018558 0
    outer loop
      vertex -69.8 46.1 0
      vertex -69.8 46.1 4
      vertex -69.81454373566453 46.32189452677409 0
    endloop
  endfacet
  facet normal -0.9978589232386007 0.06540312923018558 0
    outer loop
      vertex -69.81454373566453 45.878105473225915 0
      vertex -69.81454373566453 45.878105473225915 4
      vertex -69.8 46.1 0
    endloop
  endfacet
  facet normal -0.980785280403235 0.19509032201610532 0
    outer loop
      vertex -69.85792609530858 45.66000762332572 0
      vertex -69.85792609530858 45.66000762332572 4
      vertex -69.81454373566453 45.878105473225915 0
    endloop
  endfacet
  facet normal 0.1950903220161422 0.9807852804032278 -5.159716402714404e-19
    outer loop
      vertex -71.7218945267741 44.41454373566452 0
      vertex -71.93999237667428 44.457926095308586 0
      vertex -71.93999237667428 44.457926095308586 4
    endloop
  endfacet
  facet normal 0.06540312923015168 0.9978589232386029 1.6389518585043847e-19
    outer loop
      vertex -71.5 44.4 0
      vertex -71.7218945267741 44.41454373566452 0
      vertex -71.7218945267741 44.41454373566452 4
    endloop
  endfacet
  facet normal -0.06540312923015168 0.9978589232386029 -1.6389518585043847e-19
    outer loop
      vertex -71.2781054732259 44.41454373566452 0
      vertex -71.5 44.4 0
      vertex -71.5 44.4 4
    endloop
  endfacet
  facet normal -0.1950903220161422 0.9807852804032278 5.159716402714404e-19
    outer loop
      vertex -71.06000762332572 44.457926095308586 0
      vertex -71.2781054732259 44.41454373566452 0
      vertex -71.2781054732259 44.41454373566452 4
    endloop
  endfacet
  facet normal -0.32143946530316087 0.9469301294951059 -9.213276134782191e-19
    outer loop
      vertex -70.84943816497935 44.529404794730816 0
      vertex -71.06000762332572 44.457926095308586 0
      vertex -71.06000762332572 44.457926095308586 4
    endloop
  endfacet
  facet normal -0.751839807478968 0.6593458151000797 0
    outer loop
      vertex -70.29791847198287 44.89791847198287 0
      vertex -70.29791847198287 44.89791847198287 4
      vertex -70.1512993215049 45.065105570685176 0
    endloop
  endfacet
  facet normal -0.9469301294951059 0.32143946530316087 0
    outer loop
      vertex -69.92940479473081 45.44943816497935 0
      vertex -69.92940479473081 45.44943816497935 4
      vertex -69.85792609530858 45.66000762332572 0
    endloop
  endfacet
  facet normal -0.8968727415326907 0.44228869021899636 0
    outer loop
      vertex -70.02775681356646 45.25 0
      vertex -70.02775681356646 45.25 4
      vertex -69.92940479473081 45.44943816497935 0
    endloop
  endfacet
  facet normal -0.8314696123025587 0.5555702330195822 0
    outer loop
      vertex -70.1512993215049 45.065105570685176 0
      vertex -70.1512993215049 45.065105570685176 4
      vertex -70.02775681356646 45.25 0
    endloop
  endfacet
  facet normal -0.5555702330196043 0.8314696123025439 1.152281760253698e-18
    outer loop
      vertex -70.46510557068518 44.7512993215049 0
      vertex -70.65 44.62775681356646 0
      vertex -70.65 44.62775681356646 4
    endloop
  endfacet
  facet normal -0.4422886902190091 0.8968727415326845 1.1806063372817992e-18
    outer loop
      vertex -70.65 44.62775681356646 0
      vertex -70.84943816497935 44.529404794730816 0
      vertex -70.84943816497935 44.529404794730816 4
    endloop
  endfacet
  facet normal -0.6593458151000458 0.7518398074789976 1.1954595648437209e-18
    outer loop
      vertex -70.29791847198287 44.89791847198287 0
      vertex -70.46510557068518 44.7512993215049 0
      vertex -70.46510557068518 44.7512993215049 4
    endloop
  endfacet
  facet normal 0.6593458151000458 -0.7518398074789976 0
    outer loop
      vertex -72.70208152801713 47.30208152801713 0
      vertex -72.53489442931482 47.4487006784951 4
      vertex -72.70208152801713 47.30208152801713 4
    endloop
  endfacet
  facet normal 0.5555702330196043 -0.8314696123025439 0
    outer loop
      vertex -72.53489442931482 47.4487006784951 0
      vertex -72.35 47.572243186433546 4
      vertex -72.53489442931482 47.4487006784951 4
    endloop
  endfacet
  facet normal 0.4422886902190091 -0.8968727415326845 0
    outer loop
      vertex -72.35 47.572243186433546 0
      vertex -72.15056183502065 47.67059520526919 4
      vertex -72.35 47.572243186433546 4
    endloop
  endfacet
  facet normal 0.32143946530316087 -0.9469301294951059 0
    outer loop
      vertex -72.15056183502065 47.67059520526919 0
      vertex -71.93999237667428 47.742073904691416 4
      vertex -72.15056183502065 47.67059520526919 4
    endloop
  endfacet
  facet normal 0.06540312923015168 -0.9978589232386029 0
    outer loop
      vertex -71.7218945267741 47.78545626433548 0
      vertex -71.5 47.800000000000004 4
      vertex -71.7218945267741 47.78545626433548 4
    endloop
  endfacet
  facet normal -0.06540312923015168 -0.9978589232386029 0
    outer loop
      vertex -71.5 47.800000000000004 0
      vertex -71.2781054732259 47.78545626433548 4
      vertex -71.5 47.800000000000004 4
    endloop
  endfacet
  facet normal 0.1950903220161422 -0.9807852804032278 0
    outer loop
      vertex -71.93999237667428 47.742073904691416 0
      vertex -71.7218945267741 47.78545626433548 4
      vertex -71.93999237667428 47.742073904691416 4
    endloop
  endfacet
  facet normal -0.1950903220161422 -0.9807852804032278 0
    outer loop
      vertex -71.2781054732259 47.78545626433548 0
      vertex -71.06000762332572 47.742073904691416 4
      vertex -71.2781054732259 47.78545626433548 4
    endloop
  endfacet
  facet normal -0.32143946530316087 -0.9469301294951059 0
    outer loop
      vertex -71.06000762332572 47.742073904691416 0
      vertex -70.84943816497935 47.67059520526919 4
      vertex -71.06000762332572 47.742073904691416 4
    endloop
  endfacet
  facet normal -0.4422886902190091 -0.8968727415326845 0
    outer loop
      vertex -70.84943816497935 47.67059520526919 0
      vertex -70.65 47.572243186433546 4
      vertex -70.84943816497935 47.67059520526919 4
    endloop
  endfacet
  facet normal -0.5555702330196043 -0.8314696123025439 0
    outer loop
      vertex -70.65 47.572243186433546 0
      vertex -70.46510557068518 47.4487006784951 4
      vertex -70.65 47.572243186433546 4
    endloop
  endfacet
  facet normal -0.6593458151000458 -0.7518398074789976 0
    outer loop
      vertex -70.46510557068518 47.4487006784951 0
      vertex -70.29791847198287 47.30208152801713 4
      vertex -70.46510557068518 47.4487006784951 4
    endloop
  endfacet
  facet normal 0.751839807478968 -0.6593458151000797 0
    outer loop
      vertex -72.8487006784951 47.134894429314826 0
      vertex -72.70208152801713 47.30208152801713 4
      vertex -72.8487006784951 47.134894429314826 4
    endloop
  endfacet
  facet normal 0.8314696123025587 -0.5555702330195822 0
    outer loop
      vertex -72.97224318643354 46.95 0
      vertex -72.8487006784951 47.134894429314826 4
      vertex -72.97224318643354 46.95 4
    endloop
  endfacet
  facet normal 0.8968727415326907 -0.44228869021899636 0
    outer loop
      vertex -73.07059520526919 46.750561835020655 0
      vertex -72.97224318643354 46.95 4
      vertex -73.07059520526919 46.750561835020655 4
    endloop
  endfacet
  facet normal 0.9469301294951059 -0.32143946530316087 0
    outer loop
      vertex -73.14207390469142 46.539992376674284 0
      vertex -73.07059520526919 46.750561835020655 4
      vertex -73.14207390469142 46.539992376674284 4
    endloop
  endfacet
  facet normal 0.980785280403235 -0.19509032201610532 0
    outer loop
      vertex -73.18545626433547 46.32189452677409 0
      vertex -73.14207390469142 46.539992376674284 4
      vertex -73.18545626433547 46.32189452677409 4
    endloop
  endfacet
  facet normal 0.9978589232386007 -0.06540312923018558 0
    outer loop
      vertex -73.2 46.1 0
      vertex -73.18545626433547 46.32189452677409 4
      vertex -73.2 46.1 4
    endloop
  endfacet
  facet normal 0.9978589232386007 0.06540312923018558 0
    outer loop
      vertex -73.18545626433547 45.878105473225915 0
      vertex -73.2 46.1 4
      vertex -73.18545626433547 45.878105473225915 4
    endloop
  endfacet
  facet normal 0.980785280403235 0.19509032201610532 0
    outer loop
      vertex -73.14207390469142 45.66000762332572 0
      vertex -73.18545626433547 45.878105473225915 4
      vertex -73.14207390469142 45.66000762332572 4
    endloop
  endfacet
  facet normal 0.9469301294951059 0.32143946530316087 0
    outer loop
      vertex -73.07059520526919 45.44943816497935 0
      vertex -73.14207390469142 45.66000762332572 4
      vertex -73.07059520526919 45.44943816497935 4
    endloop
  endfacet
  facet normal 0.8968727415326907 0.44228869021899636 0
    outer loop
      vertex -72.97224318643354 45.25 0
      vertex -73.07059520526919 45.44943816497935 4
      vertex -72.97224318643354 45.25 4
    endloop
  endfacet
  facet normal 0.8314696123025587 0.5555702330195822 0
    outer loop
      vertex -72.8487006784951 45.065105570685176 0
      vertex -72.97224318643354 45.25 4
      vertex -72.8487006784951 45.065105570685176 4
    endloop
  endfacet
  facet normal 0.751839807478968 0.6593458151000797 0
    outer loop
      vertex -72.70208152801713 44.89791847198287 0
      vertex -72.8487006784951 45.065105570685176 4
      vertex -72.70208152801713 44.89791847198287 4
    endloop
  endfacet
  facet normal 0.6593458151000458 0.7518398074789976 0
    outer loop
      vertex -72.53489442931482 44.7512993215049 0
      vertex -72.70208152801713 44.89791847198287 4
      vertex -72.53489442931482 44.7512993215049 4
    endloop
  endfacet
  facet normal 0.5555702330196043 0.8314696123025439 0
    outer loop
      vertex -72.35 44.62775681356646 0
      vertex -72.53489442931482 44.7512993215049 4
      vertex -72.35 44.62775681356646 4
    endloop
  endfacet
  facet normal 0.4422886902190091 0.8968727415326845 0
    outer loop
      vertex -72.15056183502065 44.529404794730816 0
      vertex -72.35 44.62775681356646 4
      vertex -72.15056183502065 44.529404794730816 4
    endloop
  endfacet
  facet normal -0.751839807478968 -0.6593458151000797 0
    outer loop
      vertex -70.29791847198287 47.30208152801713 0
      vertex -70.1512993215049 47.134894429314826 4
      vertex -70.29791847198287 47.30208152801713 4
    endloop
  endfacet
  facet normal -0.8314696123025587 -0.5555702330195822 0
    outer loop
      vertex -70.1512993215049 47.134894429314826 0
      vertex -70.02775681356646 46.95 4
      vertex -70.1512993215049 47.134894429314826 4
    endloop
  endfacet
  facet normal -0.8968727415326907 -0.44228869021899636 0
    outer loop
      vertex -70.02775681356646 46.95 0
      vertex -69.92940479473081 46.750561835020655 4
      vertex -70.02775681356646 46.95 4
    endloop
  endfacet
  facet normal -0.9469301294951059 -0.32143946530316087 0
    outer loop
      vertex -69.92940479473081 46.750561835020655 0
      vertex -69.85792609530858 46.539992376674284 4
      vertex -69.92940479473081 46.750561835020655 4
    endloop
  endfacet
  facet normal -0.980785280403235 -0.19509032201610532 0
    outer loop
      vertex -69.85792609530858 46.539992376674284 0
      vertex -69.81454373566453 46.32189452677409 4
      vertex -69.85792609530858 46.539992376674284 4
    endloop
  endfacet
  facet normal -0.9978589232386007 -0.06540312923018558 0
    outer loop
      vertex -69.81454373566453 46.32189452677409 0
      vertex -69.8 46.1 4
      vertex -69.81454373566453 46.32189452677409 4
    endloop
  endfacet
  facet normal -0.9978589232386007 0.06540312923018558 0
    outer loop
      vertex -69.8 46.1 0
      vertex -69.81454373566453 45.878105473225915 4
      vertex -69.8 46.1 4
    endloop
  endfacet
  facet normal -0.980785280403235 0.19509032201610532 0
    outer loop
      vertex -69.81454373566453 45.878105473225915 0
      vertex -69.85792609530858 45.66000762332572 4
      vertex -69.81454373566453 45.878105473225915 4
    endloop
  endfacet
  facet normal 0.32143946530316087 0.9469301294951059 0
    outer loop
      vertex -71.93999237667428 44.457926095308586 0
      vertex -72.15056183502065 44.529404794730816 4
      vertex -71.93999237667428 44.457926095308586 4
    endloop
  endfacet
  facet normal 0.1950903220161422 0.9807852804032278 0
    outer loop
      vertex -71.7218945267741 44.41454373566452 0
      vertex -71.93999237667428 44.457926095308586 4
      vertex -71.7218945267741 44.41454373566452 4
    endloop
  endfacet
  facet normal 0.06540312923015168 0.9978589232386029 0
    outer loop
      vertex -71.5 44.4 0
      vertex -71.7218945267741 44.41454373566452 4
      vertex -71.5 44.4 4
    endloop
  endfacet
  facet normal -0.06540312923015168 0.9978589232386029 0
    outer loop
      vertex -71.2781054732259 44.41454373566452 0
      vertex -71.5 44.4 4
      vertex -71.2781054732259 44.41454373566452 4
    endloop
  endfacet
  facet normal -0.1950903220161422 0.9807852804032278 0
    outer loop
      vertex -71.06000762332572 44.457926095308586 0
      vertex -71.2781054732259 44.41454373566452 4
      vertex -71.06000762332572 44.457926095308586 4
    endloop
  endfacet
  facet normal -0.32143946530316087 0.9469301294951059 0
    outer loop
      vertex -70.84943816497935 44.529404794730816 0
      vertex -71.06000762332572 44.457926095308586 4
      vertex -70.84943816497935 44.529404794730816 4
    endloop
  endfacet
  facet normal -0.6593458151000458 0.7518398074789976 0
    outer loop
      vertex -70.29791847198287 44.89791847198287 0
      vertex -70.46510557068518 44.7512993215049 4
      vertex -70.29791847198287 44.89791847198287 4
    endloop
  endfacet
  facet normal -0.751839807478968 0.6593458151000797 0
    outer loop
      vertex -70.1512993215049 45.065105570685176 0
      vertex -70.29791847198287 44.89791847198287 4
      vertex -70.1512993215049 45.065105570685176 4
    endloop
  endfacet
  facet normal -0.9469301294951059 0.32143946530316087 0
    outer loop
      vertex -69.85792609530858 45.66000762332572 0
      vertex -69.92940479473081 45.44943816497935 4
      vertex -69.85792609530858 45.66000762332572 4
    endloop
  endfacet
  facet normal -0.8968727415326907 0.44228869021899636 0
    outer loop
      vertex -69.92940479473081 45.44943816497935 0
      vertex -70.02775681356646 45.25 4
      vertex -69.92940479473081 45.44943816497935 4
    endloop
  endfacet
  facet normal -0.8314696123025587 0.5555702330195822 0
    outer loop
      vertex -70.02775681356646 45.25 0
      vertex -70.1512993215049 45.065105570685176 4
      vertex -70.02775681356646 45.25 4
    endloop
  endfacet
  facet normal -0.4422886902190091 0.8968727415326845 0
    outer loop
      vertex -70.65 44.62775681356646 0
      vertex -70.84943816497935 44.529404794730816 4
      vertex -70.65 44.62775681356646 4
    endloop
  endfacet
  facet normal -0.5555702330196043 0.8314696123025439 0
    outer loop
      vertex -70.46510557068518 44.7512993215049 0
      vertex -70.65 44.62775681356646 4
      vertex -70.46510557068518 44.7512993215049 4
    endloop
  endfacet
  facet normal 0.6593458151000458 -0.7518398074789976 1.1954595648437209e-18
    outer loop
      vertex -72.70208152801713 -44.89791847198287 0
      vertex -72.53489442931482 -44.7512993215049 0
      vertex -72.53489442931482 -44.7512993215049 4
    endloop
  endfacet
  facet normal 0.5555702330196043 -0.8314696123025439 1.152281760253698e-18
    outer loop
      vertex -72.53489442931482 -44.7512993215049 0
      vertex -72.35 -44.62775681356646 0
      vertex -72.35 -44.62775681356646 4
    endloop
  endfacet
  facet normal 0.4422886902190091 -0.8968727415326845 1.1806063372817992e-18
    outer loop
      vertex -72.35 -44.62775681356646 0
      vertex -72.15056183502065 -44.529404794730816 0
      vertex -72.15056183502065 -44.529404794730816 4
    endloop
  endfacet
  facet normal 0.751839807478968 -0.6593458151000797 0
    outer loop
      vertex -72.70208152801713 -44.89791847198287 0
      vertex -72.70208152801713 -44.89791847198287 4
      vertex -72.8487006784951 -45.065105570685176 0
    endloop
  endfacet
  facet normal 0.8314696123025587 -0.5555702330195822 0
    outer loop
      vertex -72.8487006784951 -45.065105570685176 0
      vertex -72.8487006784951 -45.065105570685176 4
      vertex -72.97224318643354 -45.25 0
    endloop
  endfacet
  facet normal 0.8968727415326907 -0.44228869021899636 0
    outer loop
      vertex -72.97224318643354 -45.25 0
      vertex -72.97224318643354 -45.25 4
      vertex -73.07059520526919 -45.44943816497935 0
    endloop
  endfacet
  facet normal 0.9469301294951059 -0.32143946530316087 0
    outer loop
      vertex -73.07059520526919 -45.44943816497935 0
      vertex -73.07059520526919 -45.44943816497935 4
      vertex -73.14207390469142 -45.66000762332572 0
    endloop
  endfacet
  facet normal 0.980785280403235 -0.19509032201610532 0
    outer loop
      vertex -73.14207390469142 -45.66000762332572 0
      vertex -73.14207390469142 -45.66000762332572 4
      vertex -73.18545626433547 -45.878105473225915 0
    endloop
  endfacet
  facet normal 0.9978589232386007 -0.06540312923018558 0
    outer loop
      vertex -73.18545626433547 -45.878105473225915 0
      vertex -73.18545626433547 -45.878105473225915 4
      vertex -73.2 -46.1 0
    endloop
  endfacet
  facet normal 0.9978589232386007 0.06540312923018558 0
    outer loop
      vertex -73.2 -46.1 0
      vertex -73.2 -46.1 4
      vertex -73.18545626433547 -46.32189452677409 0
    endloop
  endfacet
  facet normal 0.980785280403235 0.19509032201610532 0
    outer loop
      vertex -73.18545626433547 -46.32189452677409 0
      vertex -73.18545626433547 -46.32189452677409 4
      vertex -73.14207390469142 -46.539992376674284 0
    endloop
  endfacet
  facet normal 0.9469301294951059 0.32143946530316087 0
    outer loop
      vertex -73.14207390469142 -46.539992376674284 0
      vertex -73.14207390469142 -46.539992376674284 4
      vertex -73.07059520526919 -46.750561835020655 0
    endloop
  endfacet
  facet normal 0.8968727415326907 0.44228869021899636 0
    outer loop
      vertex -73.07059520526919 -46.750561835020655 0
      vertex -73.07059520526919 -46.750561835020655 4
      vertex -72.97224318643354 -46.95 0
    endloop
  endfacet
  facet normal 0.8314696123025587 0.5555702330195822 0
    outer loop
      vertex -72.97224318643354 -46.95 0
      vertex -72.97224318643354 -46.95 4
      vertex -72.8487006784951 -47.134894429314826 0
    endloop
  endfacet
  facet normal 0.751839807478968 0.6593458151000797 0
    outer loop
      vertex -72.8487006784951 -47.134894429314826 0
      vertex -72.8487006784951 -47.134894429314826 4
      vertex -72.70208152801713 -47.30208152801713 0
    endloop
  endfacet
  facet normal 0.32143946530316087 -0.9469301294951059 -9.213276134782191e-19
    outer loop
      vertex -72.15056183502065 -44.529404794730816 0
      vertex -71.93999237667428 -44.457926095308586 0
      vertex -71.93999237667428 -44.457926095308586 4
    endloop
  endfacet
  facet normal 0.1950903220161422 -0.9807852804032278 5.159716402714404e-19
    outer loop
      vertex -71.93999237667428 -44.457926095308586 0
      vertex -71.7218945267741 -44.41454373566452 0
      vertex -71.7218945267741 -44.41454373566452 4
    endloop
  endfacet
  facet normal 0.06540312923015168 -0.9978589232386029 -1.6389518585043847e-19
    outer loop
      vertex -71.7218945267741 -44.41454373566452 0
      vertex -71.5 -44.4 0
      vertex -71.5 -44.4 4
    endloop
  endfacet
  facet normal -0.06540312923015168 -0.9978589232386029 1.6389518585043847e-19
    outer loop
      vertex -71.5 -44.4 0
      vertex -71.2781054732259 -44.41454373566452 0
      vertex -71.2781054732259 -44.41454373566452 4
    endloop
  endfacet
  facet normal -0.1950903220161422 -0.9807852804032278 -5.159716402714404e-19
    outer loop
      vertex -71.2781054732259 -44.41454373566452 0
      vertex -71.06000762332572 -44.457926095308586 0
      vertex -71.06000762332572 -44.457926095308586 4
    endloop
  endfacet
  facet normal -0.32143946530316087 -0.9469301294951059 9.213276134782191e-19
    outer loop
      vertex -71.06000762332572 -44.457926095308586 0
      vertex -70.84943816497935 -44.529404794730816 0
      vertex -70.84943816497935 -44.529404794730816 4
    endloop
  endfacet
  facet normal -0.4422886902190091 -0.8968727415326845 -1.1806063372817992e-18
    outer loop
      vertex -70.84943816497935 -44.529404794730816 0
      vertex -70.65 -44.62775681356646 0
      vertex -70.65 -44.62775681356646 4
    endloop
  endfacet
  facet normal -0.5555702330196043 -0.8314696123025439 -1.152281760253698e-18
    outer loop
      vertex -70.65 -44.62775681356646 0
      vertex -70.46510557068518 -44.7512993215049 0
      vertex -70.46510557068518 -44.7512993215049 4
    endloop
  endfacet
  facet normal -0.6593458151000458 -0.7518398074789976 -1.1954595648437209e-18
    outer loop
      vertex -70.46510557068518 -44.7512993215049 0
      vertex -70.29791847198287 -44.89791847198287 0
      vertex -70.29791847198287 -44.89791847198287 4
    endloop
  endfacet
  facet normal -0.751839807478968 -0.6593458151000797 0
    outer loop
      vertex -70.1512993215049 -45.065105570685176 0
      vertex -70.1512993215049 -45.065105570685176 4
      vertex -70.29791847198287 -44.89791847198287 0
    endloop
  endfacet
  facet normal -0.8314696123025587 -0.5555702330195822 0
    outer loop
      vertex -70.02775681356646 -45.25 0
      vertex -70.02775681356646 -45.25 4
      vertex -70.1512993215049 -45.065105570685176 0
    endloop
  endfacet
  facet normal -0.8968727415326907 -0.44228869021899636 0
    outer loop
      vertex -69.92940479473081 -45.44943816497935 0
      vertex -69.92940479473081 -45.44943816497935 4
      vertex -70.02775681356646 -45.25 0
    endloop
  endfacet
  facet normal -0.9469301294951059 -0.32143946530316087 0
    outer loop
      vertex -69.85792609530858 -45.66000762332572 0
      vertex -69.85792609530858 -45.66000762332572 4
      vertex -69.92940479473081 -45.44943816497935 0
    endloop
  endfacet
  facet normal -0.980785280403235 -0.19509032201610532 0
    outer loop
      vertex -69.81454373566453 -45.878105473225915 0
      vertex -69.81454373566453 -45.878105473225915 4
      vertex -69.85792609530858 -45.66000762332572 0
    endloop
  endfacet
  facet normal -0.9978589232386007 -0.06540312923018558 0
    outer loop
      vertex -69.8 -46.1 0
      vertex -69.8 -46.1 4
      vertex -69.81454373566453 -45.878105473225915 0
    endloop
  endfacet
  facet normal -0.9978589232386007 0.06540312923018558 0
    outer loop
      vertex -69.81454373566453 -46.32189452677409 0
      vertex -69.81454373566453 -46.32189452677409 4
      vertex -69.8 -46.1 0
    endloop
  endfacet
  facet normal -0.980785280403235 0.19509032201610532 0
    outer loop
      vertex -69.85792609530858 -46.539992376674284 0
      vertex -69.85792609530858 -46.539992376674284 4
      vertex -69.81454373566453 -46.32189452677409 0
    endloop
  endfacet
  facet normal -0.751839807478968 0.6593458151000797 0
    outer loop
      vertex -70.29791847198287 -47.30208152801713 0
      vertex -70.29791847198287 -47.30208152801713 4
      vertex -70.1512993215049 -47.134894429314826 0
    endloop
  endfacet
  facet normal -0.9469301294951059 0.32143946530316087 0
    outer loop
      vertex -69.92940479473081 -46.750561835020655 0
      vertex -69.92940479473081 -46.750561835020655 4
      vertex -69.85792609530858 -46.539992376674284 0
    endloop
  endfacet
  facet normal -0.8968727415326907 0.44228869021899636 0
    outer loop
      vertex -70.02775681356646 -46.95 0
      vertex -70.02775681356646 -46.95 4
      vertex -69.92940479473081 -46.750561835020655 0
    endloop
  endfacet
  facet normal -0.8314696123025587 0.5555702330195822 0
    outer loop
      vertex -70.1512993215049 -47.134894429314826 0
      vertex -70.1512993215049 -47.134894429314826 4
      vertex -70.02775681356646 -46.95 0
    endloop
  endfacet
  facet normal 0.6593458151000458 0.7518398074789976 0
    outer loop
      vertex -72.70208152801713 -47.30208152801713 0
      vertex -72.70208152801713 -47.30208152801713 4
      vertex -72.53489442931482 -47.4487006784951 0
    endloop
  endfacet
  facet normal 0.5555702330196043 0.8314696123025439 -1.152281760253698e-18
    outer loop
      vertex -72.35 -47.572243186433546 0
      vertex -72.53489442931482 -47.4487006784951 0
      vertex -72.53489442931482 -47.4487006784951 4
    endloop
  endfacet
  facet normal 0.4422886902190091 0.8968727415326845 -1.1806063372817992e-18
    outer loop
      vertex -72.15056183502065 -47.67059520526919 0
      vertex -72.35 -47.572243186433546 0
      vertex -72.35 -47.572243186433546 4
    endloop
  endfacet
  facet normal 0.32143946530316087 0.9469301294951059 9.213276134782191e-19
    outer loop
      vertex -71.93999237667428 -47.742073904691416 0
      vertex -72.15056183502065 -47.67059520526919 0
      vertex -72.15056183502065 -47.67059520526919 4
    endloop
  endfacet
  facet normal 0.1950903220161422 0.9807852804032278 -5.159716402714404e-19
    outer loop
      vertex -71.7218945267741 -47.78545626433548 0
      vertex -71.93999237667428 -47.742073904691416 0
      vertex -71.93999237667428 -47.742073904691416 4
    endloop
  endfacet
  facet normal 0.06540312923015168 0.9978589232386029 1.6389518585043847e-19
    outer loop
      vertex -71.5 -47.800000000000004 0
      vertex -71.7218945267741 -47.78545626433548 0
      vertex -71.7218945267741 -47.78545626433548 4
    endloop
  endfacet
  facet normal -0.06540312923015168 0.9978589232386029 -1.6389518585043847e-19
    outer loop
      vertex -71.2781054732259 -47.78545626433548 0
      vertex -71.5 -47.800000000000004 0
      vertex -71.5 -47.800000000000004 4
    endloop
  endfacet
  facet normal -0.32143946530316087 0.9469301294951059 -9.213276134782191e-19
    outer loop
      vertex -70.84943816497935 -47.67059520526919 0
      vertex -71.06000762332572 -47.742073904691416 0
      vertex -71.06000762332572 -47.742073904691416 4
    endloop
  endfacet
  facet normal -0.1950903220161422 0.9807852804032278 5.159716402714404e-19
    outer loop
      vertex -71.06000762332572 -47.742073904691416 0
      vertex -71.2781054732259 -47.78545626433548 0
      vertex -71.2781054732259 -47.78545626433548 4
    endloop
  endfacet
  facet normal -0.5555702330196043 0.8314696123025439 1.152281760253698e-18
    outer loop
      vertex -70.46510557068518 -47.4487006784951 0
      vertex -70.65 -47.572243186433546 0
      vertex -70.65 -47.572243186433546 4
    endloop
  endfacet
  facet normal -0.4422886902190091 0.8968727415326845 1.1806063372817992e-18
    outer loop
      vertex -70.65 -47.572243186433546 0
      vertex -70.84943816497935 -47.67059520526919 0
      vertex -70.84943816497935 -47.67059520526919 4
    endloop
  endfacet
  facet normal -0.6593458151000458 0.7518398074789976 1.1954595648437209e-18
    outer loop
      vertex -70.29791847198287 -47.30208152801713 0
      vertex -70.46510557068518 -47.4487006784951 0
      vertex -70.46510557068518 -47.4487006784951 4
    endloop
  endfacet
  facet normal 0.5555702330196043 -0.8314696123025439 0
    outer loop
      vertex -72.53489442931482 -44.7512993215049 0
      vertex -72.35 -44.62775681356646 4
      vertex -72.53489442931482 -44.7512993215049 4
    endloop
  endfacet
  facet normal 0.32143946530316087 -0.9469301294951059 0
    outer loop
      vertex -72.15056183502065 -44.529404794730816 0
      vertex -71.93999237667428 -44.457926095308586 4
      vertex -72.15056183502065 -44.529404794730816 4
    endloop
  endfacet
  facet normal 0.4422886902190091 -0.8968727415326845 0
    outer loop
      vertex -72.35 -44.62775681356646 0
      vertex -72.15056183502065 -44.529404794730816 4
      vertex -72.35 -44.62775681356646 4
    endloop
  endfacet
  facet normal 0.751839807478968 -0.6593458151000797 0
    outer loop
      vertex -72.8487006784951 -45.065105570685176 0
      vertex -72.70208152801713 -44.89791847198287 4
      vertex -72.8487006784951 -45.065105570685176 4
    endloop
  endfacet
  facet normal 0.8314696123025587 -0.5555702330195822 0
    outer loop
      vertex -72.97224318643354 -45.25 0
      vertex -72.8487006784951 -45.065105570685176 4
      vertex -72.97224318643354 -45.25 4
    endloop
  endfacet
  facet normal 0.8968727415326907 -0.44228869021899636 0
    outer loop
      vertex -73.07059520526919 -45.44943816497935 0
      vertex -72.97224318643354 -45.25 4
      vertex -73.07059520526919 -45.44943816497935 4
    endloop
  endfacet
  facet normal 0.9469301294951059 -0.32143946530316087 0
    outer loop
      vertex -73.14207390469142 -45.66000762332572 0
      vertex -73.07059520526919 -45.44943816497935 4
      vertex -73.14207390469142 -45.66000762332572 4
    endloop
  endfacet
  facet normal 0.6593458151000458 -0.7518398074789976 0
    outer loop
      vertex -72.70208152801713 -44.89791847198287 0
      vertex -72.53489442931482 -44.7512993215049 4
      vertex -72.70208152801713 -44.89791847198287 4
    endloop
  endfacet
  facet normal 0.980785280403235 -0.19509032201610532 0
    outer loop
      vertex -73.18545626433547 -45.878105473225915 0
      vertex -73.14207390469142 -45.66000762332572 4
      vertex -73.18545626433547 -45.878105473225915 4
    endloop
  endfacet
  facet normal 0.9978589232386007 -0.06540312923018558 0
    outer loop
      vertex -73.2 -46.1 0
      vertex -73.18545626433547 -45.878105473225915 4
      vertex -73.2 -46.1 4
    endloop
  endfacet
  facet normal 0.9978589232386007 0.06540312923018558 0
    outer loop
      vertex -73.18545626433547 -46.32189452677409 0
      vertex -73.2 -46.1 4
      vertex -73.18545626433547 -46.32189452677409 4
    endloop
  endfacet
  facet normal 0.980785280403235 0.19509032201610532 0
    outer loop
      vertex -73.14207390469142 -46.539992376674284 0
      vertex -73.18545626433547 -46.32189452677409 4
      vertex -73.14207390469142 -46.539992376674284 4
    endloop
  endfacet
  facet normal 0.9469301294951059 0.32143946530316087 0
    outer loop
      vertex -73.07059520526919 -46.750561835020655 0
      vertex -73.14207390469142 -46.539992376674284 4
      vertex -73.07059520526919 -46.750561835020655 4
    endloop
  endfacet
  facet normal 0.8968727415326907 0.44228869021899636 0
    outer loop
      vertex -72.97224318643354 -46.95 0
      vertex -73.07059520526919 -46.750561835020655 4
      vertex -72.97224318643354 -46.95 4
    endloop
  endfacet
  facet normal 0.8314696123025587 0.5555702330195822 0
    outer loop
      vertex -72.8487006784951 -47.134894429314826 0
      vertex -72.97224318643354 -46.95 4
      vertex -72.8487006784951 -47.134894429314826 4
    endloop
  endfacet
  facet normal 0.751839807478968 0.6593458151000797 0
    outer loop
      vertex -72.70208152801713 -47.30208152801713 0
      vertex -72.8487006784951 -47.134894429314826 4
      vertex -72.70208152801713 -47.30208152801713 4
    endloop
  endfacet
  facet normal 0.1950903220161422 -0.9807852804032278 0
    outer loop
      vertex -71.93999237667428 -44.457926095308586 0
      vertex -71.7218945267741 -44.41454373566452 4
      vertex -71.93999237667428 -44.457926095308586 4
    endloop
  endfacet
  facet normal 0.06540312923015168 -0.9978589232386029 0
    outer loop
      vertex -71.7218945267741 -44.41454373566452 0
      vertex -71.5 -44.4 4
      vertex -71.7218945267741 -44.41454373566452 4
    endloop
  endfacet
  facet normal -0.06540312923015168 -0.9978589232386029 0
    outer loop
      vertex -71.5 -44.4 0
      vertex -71.2781054732259 -44.41454373566452 4
      vertex -71.5 -44.4 4
    endloop
  endfacet
  facet normal -0.1950903220161422 -0.9807852804032278 0
    outer loop
      vertex -71.2781054732259 -44.41454373566452 0
      vertex -71.06000762332572 -44.457926095308586 4
      vertex -71.2781054732259 -44.41454373566452 4
    endloop
  endfacet
  facet normal -0.32143946530316087 -0.9469301294951059 0
    outer loop
      vertex -71.06000762332572 -44.457926095308586 0
      vertex -70.84943816497935 -44.529404794730816 4
      vertex -71.06000762332572 -44.457926095308586 4
    endloop
  endfacet
  facet normal -0.4422886902190091 -0.8968727415326845 0
    outer loop
      vertex -70.84943816497935 -44.529404794730816 0
      vertex -70.65 -44.62775681356646 4
      vertex -70.84943816497935 -44.529404794730816 4
    endloop
  endfacet
  facet normal -0.5555702330196043 -0.8314696123025439 0
    outer loop
      vertex -70.65 -44.62775681356646 0
      vertex -70.46510557068518 -44.7512993215049 4
      vertex -70.65 -44.62775681356646 4
    endloop
  endfacet
  facet normal -0.6593458151000458 -0.7518398074789976 0
    outer loop
      vertex -70.46510557068518 -44.7512993215049 0
      vertex -70.29791847198287 -44.89791847198287 4
      vertex -70.46510557068518 -44.7512993215049 4
    endloop
  endfacet
  facet normal -0.751839807478968 -0.6593458151000797 0
    outer loop
      vertex -70.29791847198287 -44.89791847198287 0
      vertex -70.1512993215049 -45.065105570685176 4
      vertex -70.29791847198287 -44.89791847198287 4
    endloop
  endfacet
  facet normal -0.8314696123025587 -0.5555702330195822 0
    outer loop
      vertex -70.1512993215049 -45.065105570685176 0
      vertex -70.02775681356646 -45.25 4
      vertex -70.1512993215049 -45.065105570685176 4
    endloop
  endfacet
  facet normal -0.8968727415326907 -0.44228869021899636 0
    outer loop
      vertex -70.02775681356646 -45.25 0
      vertex -69.92940479473081 -45.44943816497935 4
      vertex -70.02775681356646 -45.25 4
    endloop
  endfacet
  facet normal -0.9469301294951059 -0.32143946530316087 0
    outer loop
      vertex -69.92940479473081 -45.44943816497935 0
      vertex -69.85792609530858 -45.66000762332572 4
      vertex -69.92940479473081 -45.44943816497935 4
    endloop
  endfacet
  facet normal -0.980785280403235 -0.19509032201610532 0
    outer loop
      vertex -69.85792609530858 -45.66000762332572 0
      vertex -69.81454373566453 -45.878105473225915 4
      vertex -69.85792609530858 -45.66000762332572 4
    endloop
  endfacet
  facet normal -0.9978589232386007 -0.06540312923018558 0
    outer loop
      vertex -69.81454373566453 -45.878105473225915 0
      vertex -69.8 -46.1 4
      vertex -69.81454373566453 -45.878105473225915 4
    endloop
  endfacet
  facet normal -0.9978589232386007 0.06540312923018558 0
    outer loop
      vertex -69.8 -46.1 0
      vertex -69.81454373566453 -46.32189452677409 4
      vertex -69.8 -46.1 4
    endloop
  endfacet
  facet normal -0.980785280403235 0.19509032201610532 0
    outer loop
      vertex -69.81454373566453 -46.32189452677409 0
      vertex -69.85792609530858 -46.539992376674284 4
      vertex -69.81454373566453 -46.32189452677409 4
    endloop
  endfacet
  facet normal -0.751839807478968 0.6593458151000797 0
    outer loop
      vertex -70.1512993215049 -47.134894429314826 0
      vertex -70.29791847198287 -47.30208152801713 4
      vertex -70.1512993215049 -47.134894429314826 4
    endloop
  endfacet
  facet normal -0.9469301294951059 0.32143946530316087 0
    outer loop
      vertex -69.85792609530858 -46.539992376674284 0
      vertex -69.92940479473081 -46.750561835020655 4
      vertex -69.85792609530858 -46.539992376674284 4
    endloop
  endfacet
  facet normal -0.8968727415326907 0.44228869021899636 0
    outer loop
      vertex -69.92940479473081 -46.750561835020655 0
      vertex -70.02775681356646 -46.95 4
      vertex -69.92940479473081 -46.750561835020655 4
    endloop
  endfacet
  facet normal -0.8314696123025587 0.5555702330195822 0
    outer loop
      vertex -70.02775681356646 -46.95 0
      vertex -70.1512993215049 -47.134894429314826 4
      vertex -70.02775681356646 -46.95 4
    endloop
  endfacet
  facet normal 0.6593458151000458 0.7518398074789976 0
    outer loop
      vertex -72.53489442931482 -47.4487006784951 0
      vertex -72.70208152801713 -47.30208152801713 4
      vertex -72.53489442931482 -47.4487006784951 4
    endloop
  endfacet
  facet normal 0.5555702330196043 0.8314696123025439 0
    outer loop
      vertex -72.35 -47.572243186433546 0
      vertex -72.53489442931482 -47.4487006784951 4
      vertex -72.35 -47.572243186433546 4
    endloop
  endfacet
  facet normal 0.4422886902190091 0.8968727415326845 0
    outer loop
      vertex -72.15056183502065 -47.67059520526919 0
      vertex -72.35 -47.572243186433546 4
      vertex -72.15056183502065 -47.67059520526919 4
    endloop
  endfacet
  facet normal 0.32143946530316087 0.9469301294951059 0
    outer loop
      vertex -71.93999237667428 -47.742073904691416 0
      vertex -72.15056183502065 -47.67059520526919 4
      vertex -71.93999237667428 -47.742073904691416 4
    endloop
  endfacet
  facet normal 0.1950903220161422 0.9807852804032278 0
    outer loop
      vertex -71.7218945267741 -47.78545626433548 0
      vertex -71.93999237667428 -47.742073904691416 4
      vertex -71.7218945267741 -47.78545626433548 4
    endloop
  endfacet
  facet normal 0.06540312923015168 0.9978589232386029 0
    outer loop
      vertex -71.5 -47.800000000000004 0
      vertex -71.7218945267741 -47.78545626433548 4
      vertex -71.5 -47.800000000000004 4
    endloop
  endfacet
  facet normal -0.1950903220161422 0.9807852804032278 0
    outer loop
      vertex -71.06000762332572 -47.742073904691416 0
      vertex -71.2781054732259 -47.78545626433548 4
      vertex -71.06000762332572 -47.742073904691416 4
    endloop
  endfacet
  facet normal -0.32143946530316087 0.9469301294951059 0
    outer loop
      vertex -70.84943816497935 -47.67059520526919 0
      vertex -71.06000762332572 -47.742073904691416 4
      vertex -70.84943816497935 -47.67059520526919 4
    endloop
  endfacet
  facet normal -0.06540312923015168 0.9978589232386029 0
    outer loop
      vertex -71.2781054732259 -47.78545626433548 0
      vertex -71.5 -47.800000000000004 4
      vertex -71.2781054732259 -47.78545626433548 4
    endloop
  endfacet
  facet normal -0.5555702330196043 0.8314696123025439 0
    outer loop
      vertex -70.46510557068518 -47.4487006784951 0
      vertex -70.65 -47.572243186433546 4
      vertex -70.46510557068518 -47.4487006784951 4
    endloop
  endfacet
  facet normal -0.4422886902190091 0.8968727415326845 0
    outer loop
      vertex -70.65 -47.572243186433546 0
      vertex -70.84943816497935 -47.67059520526919 4
      vertex -70.65 -47.572243186433546 4
    endloop
  endfacet
  facet normal -0.6593458151000458 0.7518398074789976 0
    outer loop
      vertex -70.29791847198287 -47.30208152801713 0
      vertex -70.46510557068518 -47.4487006784951 4
      vertex -70.29791847198287 -47.30208152801713 4
    endloop
  endfacet
  facet normal 0.6593458151000458 -0.7518398074789976 1.1954595648437209e-18
    outer loop
      vertex 70.29791847198287 47.30208152801713 0
      vertex 70.46510557068518 47.4487006784951 0
      vertex 70.46510557068518 47.4487006784951 4
    endloop
  endfacet
  facet normal 0.4422886902190091 -0.8968727415326845 1.1806063372817992e-18
    outer loop
      vertex 70.65 47.572243186433546 0
      vertex 70.84943816497935 47.67059520526919 0
      vertex 70.84943816497935 47.67059520526919 4
    endloop
  endfacet
  facet normal 0.5555702330196043 -0.8314696123025439 1.152281760253698e-18
    outer loop
      vertex 70.46510557068518 47.4487006784951 0
      vertex 70.65 47.572243186433546 0
      vertex 70.65 47.572243186433546 4
    endloop
  endfacet
  facet normal 0.1950903220161422 -0.9807852804032278 5.159716402714404e-19
    outer loop
      vertex 71.06000762332572 47.742073904691416 0
      vertex 71.2781054732259 47.78545626433548 0
      vertex 71.2781054732259 47.78545626433548 4
    endloop
  endfacet
  facet normal 0.32143946530316087 -0.9469301294951059 -9.213276134782191e-19
    outer loop
      vertex 70.84943816497935 47.67059520526919 0
      vertex 71.06000762332572 47.742073904691416 0
      vertex 71.06000762332572 47.742073904691416 4
    endloop
  endfacet
  facet normal 0.06540312923015168 -0.9978589232386029 -1.6389518585043847e-19
    outer loop
      vertex 71.2781054732259 47.78545626433548 0
      vertex 71.5 47.800000000000004 0
      vertex 71.5 47.800000000000004 4
    endloop
  endfacet
  facet normal -0.06540312923015168 -0.9978589232386029 1.6389518585043847e-19
    outer loop
      vertex 71.5 47.800000000000004 0
      vertex 71.7218945267741 47.78545626433548 0
      vertex 71.7218945267741 47.78545626433548 4
    endloop
  endfacet
  facet normal -0.1950903220161422 -0.9807852804032278 -5.159716402714404e-19
    outer loop
      vertex 71.7218945267741 47.78545626433548 0
      vertex 71.93999237667428 47.742073904691416 0
      vertex 71.93999237667428 47.742073904691416 4
    endloop
  endfacet
  facet normal -0.32143946530316087 -0.9469301294951059 9.213276134782191e-19
    outer loop
      vertex 71.93999237667428 47.742073904691416 0
      vertex 72.15056183502065 47.67059520526919 0
      vertex 72.15056183502065 47.67059520526919 4
    endloop
  endfacet
  facet normal -0.4422886902190091 -0.8968727415326845 -1.1806063372817992e-18
    outer loop
      vertex 72.15056183502065 47.67059520526919 0
      vertex 72.35 47.572243186433546 0
      vertex 72.35 47.572243186433546 4
    endloop
  endfacet
  facet normal -0.5555702330196043 -0.8314696123025439 -1.152281760253698e-18
    outer loop
      vertex 72.35 47.572243186433546 0
      vertex 72.53489442931482 47.4487006784951 0
      vertex 72.53489442931482 47.4487006784951 4
    endloop
  endfacet
  facet normal -0.6593458151000458 -0.7518398074789976 -1.1954595648437209e-18
    outer loop
      vertex 72.53489442931482 47.4487006784951 0
      vertex 72.70208152801713 47.30208152801713 0
      vertex 72.70208152801713 47.30208152801713 4
    endloop
  endfacet
  facet normal 0.8314696123025587 -0.5555702330195822 0
    outer loop
      vertex 70.1512993215049 47.134894429314826 0
      vertex 70.1512993215049 47.134894429314826 4
      vertex 70.02775681356646 46.95 0
    endloop
  endfacet
  facet normal 0.8968727415326907 -0.44228869021899636 0
    outer loop
      vertex 70.02775681356646 46.95 0
      vertex 70.02775681356646 46.95 4
      vertex 69.92940479473081 46.750561835020655 0
    endloop
  endfacet
  facet normal 0.9469301294951059 -0.32143946530316087 0
    outer loop
      vertex 69.92940479473081 46.750561835020655 0
      vertex 69.92940479473081 46.750561835020655 4
      vertex 69.85792609530858 46.539992376674284 0
    endloop
  endfacet
  facet normal 0.751839807478968 -0.6593458151000797 1.6758400031955768e-18
    outer loop
      vertex 70.1512993215049 47.134894429314826 0
      vertex 70.29791847198287 47.30208152801713 0
      vertex 70.29791847198287 47.30208152801713 4
    endloop
  endfacet
  facet normal 0.980785280403235 -0.19509032201610532 0
    outer loop
      vertex 69.85792609530858 46.539992376674284 0
      vertex 69.85792609530858 46.539992376674284 4
      vertex 69.81454373566453 46.32189452677409 0
    endloop
  endfacet
  facet normal 0.9978589232386007 -0.06540312923018558 0
    outer loop
      vertex 69.81454373566453 46.32189452677409 0
      vertex 69.81454373566453 46.32189452677409 4
      vertex 69.8 46.1 0
    endloop
  endfacet
  facet normal 0.9978589232386007 0.06540312923018558 0
    outer loop
      vertex 69.8 46.1 0
      vertex 69.8 46.1 4
      vertex 69.81454373566453 45.878105473225915 0
    endloop
  endfacet
  facet normal 0.980785280403235 0.19509032201610532 0
    outer loop
      vertex 69.81454373566453 45.878105473225915 0
      vertex 69.81454373566453 45.878105473225915 4
      vertex 69.85792609530858 45.66000762332572 0
    endloop
  endfacet
  facet normal 0.9469301294951059 0.32143946530316087 0
    outer loop
      vertex 69.85792609530858 45.66000762332572 0
      vertex 69.85792609530858 45.66000762332572 4
      vertex 69.92940479473081 45.44943816497935 0
    endloop
  endfacet
  facet normal 0.8968727415326907 0.44228869021899636 0
    outer loop
      vertex 69.92940479473081 45.44943816497935 0
      vertex 69.92940479473081 45.44943816497935 4
      vertex 70.02775681356646 45.25 0
    endloop
  endfacet
  facet normal 0.8314696123025587 0.5555702330195822 0
    outer loop
      vertex 70.02775681356646 45.25 0
      vertex 70.02775681356646 45.25 4
      vertex 70.1512993215049 45.065105570685176 0
    endloop
  endfacet
  facet normal 0.751839807478968 0.6593458151000797 0
    outer loop
      vertex 70.1512993215049 45.065105570685176 0
      vertex 70.1512993215049 45.065105570685176 4
      vertex 70.29791847198287 44.89791847198287 0
    endloop
  endfacet
  facet normal 0.6593458151000458 0.7518398074789976 0
    outer loop
      vertex 70.29791847198287 44.89791847198287 0
      vertex 70.29791847198287 44.89791847198287 4
      vertex 70.46510557068518 44.7512993215049 0
    endloop
  endfacet
  facet normal 0.5555702330196043 0.8314696123025439 -1.152281760253698e-18
    outer loop
      vertex 70.65 44.62775681356646 0
      vertex 70.46510557068518 44.7512993215049 0
      vertex 70.46510557068518 44.7512993215049 4
    endloop
  endfacet
  facet normal 0.4422886902190091 0.8968727415326845 -1.1806063372817992e-18
    outer loop
      vertex 70.84943816497935 44.529404794730816 0
      vertex 70.65 44.62775681356646 0
      vertex 70.65 44.62775681356646 4
    endloop
  endfacet
  facet normal 0.32143946530316087 0.9469301294951059 9.213276134782191e-19
    outer loop
      vertex 71.06000762332572 44.457926095308586 0
      vertex 70.84943816497935 44.529404794730816 0
      vertex 70.84943816497935 44.529404794730816 4
    endloop
  endfacet
  facet normal 0.1950903220161422 0.9807852804032278 -5.159716402714404e-19
    outer loop
      vertex 71.2781054732259 44.41454373566452 0
      vertex 71.06000762332572 44.457926095308586 0
      vertex 71.06000762332572 44.457926095308586 4
    endloop
  endfacet
  facet normal 0.06540312923015168 0.9978589232386029 1.6389518585043847e-19
    outer loop
      vertex 71.5 44.4 0
      vertex 71.2781054732259 44.41454373566452 0
      vertex 71.2781054732259 44.41454373566452 4
    endloop
  endfacet
  facet normal -0.06540312923015168 0.9978589232386029 -1.6389518585043847e-19
    outer loop
      vertex 71.7218945267741 44.41454373566452 0
      vertex 71.5 44.4 0
      vertex 71.5 44.4 4
    endloop
  endfacet
  facet normal -0.1950903220161422 0.9807852804032278 5.159716402714404e-19
    outer loop
      vertex 71.93999237667428 44.457926095308586 0
      vertex 71.7218945267741 44.41454373566452 0
      vertex 71.7218945267741 44.41454373566452 4
    endloop
  endfacet
  facet normal -0.32143946530316087 0.9469301294951059 -9.213276134782191e-19
    outer loop
      vertex 72.15056183502065 44.529404794730816 0
      vertex 71.93999237667428 44.457926095308586 0
      vertex 71.93999237667428 44.457926095308586 4
    endloop
  endfacet
  facet normal -0.751839807478968 -0.6593458151000797 0
    outer loop
      vertex 72.8487006784951 47.134894429314826 0
      vertex 72.8487006784951 47.134894429314826 4
      vertex 72.70208152801713 47.30208152801713 0
    endloop
  endfacet
  facet normal -0.8314696123025587 -0.5555702330195822 0
    outer loop
      vertex 72.97224318643354 46.95 0
      vertex 72.97224318643354 46.95 4
      vertex 72.8487006784951 47.134894429314826 0
    endloop
  endfacet
  facet normal -0.8968727415326907 -0.44228869021899636 0
    outer loop
      vertex 73.07059520526919 46.750561835020655 0
      vertex 73.07059520526919 46.750561835020655 4
      vertex 72.97224318643354 46.95 0
    endloop
  endfacet
  facet normal -0.9469301294951059 -0.32143946530316087 0
    outer loop
      vertex 73.14207390469142 46.539992376674284 0
      vertex 73.14207390469142 46.539992376674284 4
      vertex 73.07059520526919 46.750561835020655 0
    endloop
  endfacet
  facet normal -0.980785280403235 -0.19509032201610532 0
    outer loop
      vertex 73.18545626433547 46.32189452677409 0
      vertex 73.18545626433547 46.32189452677409 4
      vertex 73.14207390469142 46.539992376674284 0
    endloop
  endfacet
  facet normal -0.9978589232386007 -0.06540312923018558 0
    outer loop
      vertex 73.2 46.1 0
      vertex 73.2 46.1 4
      vertex 73.18545626433547 46.32189452677409 0
    endloop
  endfacet
  facet normal -0.9978589232386007 0.06540312923018558 0
    outer loop
      vertex 73.18545626433547 45.878105473225915 0
      vertex 73.18545626433547 45.878105473225915 4
      vertex 73.2 46.1 0
    endloop
  endfacet
  facet normal -0.980785280403235 0.19509032201610532 0
    outer loop
      vertex 73.14207390469142 45.66000762332572 0
      vertex 73.14207390469142 45.66000762332572 4
      vertex 73.18545626433547 45.878105473225915 0
    endloop
  endfacet
  facet normal -0.9469301294951059 0.32143946530316087 0
    outer loop
      vertex 73.07059520526919 45.44943816497935 0
      vertex 73.07059520526919 45.44943816497935 4
      vertex 73.14207390469142 45.66000762332572 0
    endloop
  endfacet
  facet normal -0.8968727415326907 0.44228869021899636 0
    outer loop
      vertex 72.97224318643354 45.25 0
      vertex 72.97224318643354 45.25 4
      vertex 73.07059520526919 45.44943816497935 0
    endloop
  endfacet
  facet normal -0.8314696123025587 0.5555702330195822 0
    outer loop
      vertex 72.8487006784951 45.065105570685176 0
      vertex 72.8487006784951 45.065105570685176 4
      vertex 72.97224318643354 45.25 0
    endloop
  endfacet
  facet normal -0.751839807478968 0.6593458151000797 1.6758400031955768e-18
    outer loop
      vertex 72.8487006784951 45.065105570685176 0
      vertex 72.70208152801713 44.89791847198287 0
      vertex 72.70208152801713 44.89791847198287 4
    endloop
  endfacet
  facet normal -0.4422886902190091 0.8968727415326845 1.1806063372817992e-18
    outer loop
      vertex 72.35 44.62775681356646 0
      vertex 72.15056183502065 44.529404794730816 0
      vertex 72.15056183502065 44.529404794730816 4
    endloop
  endfacet
  facet normal -0.5555702330196043 0.8314696123025439 1.152281760253698e-18
    outer loop
      vertex 72.53489442931482 44.7512993215049 0
      vertex 72.35 44.62775681356646 0
      vertex 72.35 44.62775681356646 4
    endloop
  endfacet
  facet normal -0.6593458151000458 0.7518398074789976 1.1954595648437209e-18
    outer loop
      vertex 72.70208152801713 44.89791847198287 0
      vertex 72.53489442931482 44.7512993215049 0
      vertex 72.53489442931482 44.7512993215049 4
    endloop
  endfacet
  facet normal 0.6593458151000458 -0.7518398074789976 0
    outer loop
      vertex 70.29791847198287 47.30208152801713 0
      vertex 70.46510557068518 47.4487006784951 4
      vertex 70.29791847198287 47.30208152801713 4
    endloop
  endfacet
  facet normal 0.4422886902190091 -0.8968727415326845 0
    outer loop
      vertex 70.65 47.572243186433546 0
      vertex 70.84943816497935 47.67059520526919 4
      vertex 70.65 47.572243186433546 4
    endloop
  endfacet
  facet normal 0.5555702330196043 -0.8314696123025439 0
    outer loop
      vertex 70.46510557068518 47.4487006784951 0
      vertex 70.65 47.572243186433546 4
      vertex 70.46510557068518 47.4487006784951 4
    endloop
  endfacet
  facet normal 0.06540312923015168 -0.9978589232386029 0
    outer loop
      vertex 71.2781054732259 47.78545626433548 0
      vertex 71.5 47.800000000000004 4
      vertex 71.2781054732259 47.78545626433548 4
    endloop
  endfacet
  facet normal 0.32143946530316087 -0.9469301294951059 0
    outer loop
      vertex 70.84943816497935 47.67059520526919 0
      vertex 71.06000762332572 47.742073904691416 4
      vertex 70.84943816497935 47.67059520526919 4
    endloop
  endfacet
  facet normal 0.1950903220161422 -0.9807852804032278 0
    outer loop
      vertex 71.06000762332572 47.742073904691416 0
      vertex 71.2781054732259 47.78545626433548 4
      vertex 71.06000762332572 47.742073904691416 4
    endloop
  endfacet
  facet normal -0.06540312923015168 -0.9978589232386029 0
    outer loop
      vertex 71.5 47.800000000000004 0
      vertex 71.7218945267741 47.78545626433548 4
      vertex 71.5 47.800000000000004 4
    endloop
  endfacet
  facet normal -0.1950903220161422 -0.9807852804032278 0
    outer loop
      vertex 71.7218945267741 47.78545626433548 0
      vertex 71.93999237667428 47.742073904691416 4
      vertex 71.7218945267741 47.78545626433548 4
    endloop
  endfacet
  facet normal -0.32143946530316087 -0.9469301294951059 0
    outer loop
      vertex 71.93999237667428 47.742073904691416 0
      vertex 72.15056183502065 47.67059520526919 4
      vertex 71.93999237667428 47.742073904691416 4
    endloop
  endfacet
  facet normal -0.4422886902190091 -0.8968727415326845 0
    outer loop
      vertex 72.15056183502065 47.67059520526919 0
      vertex 72.35 47.572243186433546 4
      vertex 72.15056183502065 47.67059520526919 4
    endloop
  endfacet
  facet normal -0.5555702330196043 -0.8314696123025439 0
    outer loop
      vertex 72.35 47.572243186433546 0
      vertex 72.53489442931482 47.4487006784951 4
      vertex 72.35 47.572243186433546 4
    endloop
  endfacet
  facet normal -0.6593458151000458 -0.7518398074789976 0
    outer loop
      vertex 72.53489442931482 47.4487006784951 0
      vertex 72.70208152801713 47.30208152801713 4
      vertex 72.53489442931482 47.4487006784951 4
    endloop
  endfacet
  facet normal 0.8314696123025587 -0.5555702330195822 0
    outer loop
      vertex 70.02775681356646 46.95 0
      vertex 70.1512993215049 47.134894429314826 4
      vertex 70.02775681356646 46.95 4
    endloop
  endfacet
  facet normal 0.8968727415326907 -0.44228869021899636 0
    outer loop
      vertex 69.92940479473081 46.750561835020655 0
      vertex 70.02775681356646 46.95 4
      vertex 69.92940479473081 46.750561835020655 4
    endloop
  endfacet
  facet normal 0.9469301294951059 -0.32143946530316087 0
    outer loop
      vertex 69.85792609530858 46.539992376674284 0
      vertex 69.92940479473081 46.750561835020655 4
      vertex 69.85792609530858 46.539992376674284 4
    endloop
  endfacet
  facet normal 0.751839807478968 -0.6593458151000797 0
    outer loop
      vertex 70.1512993215049 47.134894429314826 0
      vertex 70.29791847198287 47.30208152801713 4
      vertex 70.1512993215049 47.134894429314826 4
    endloop
  endfacet
  facet normal 0.980785280403235 -0.19509032201610532 0
    outer loop
      vertex 69.81454373566453 46.32189452677409 0
      vertex 69.85792609530858 46.539992376674284 4
      vertex 69.81454373566453 46.32189452677409 4
    endloop
  endfacet
  facet normal 0.9978589232386007 -0.06540312923018558 0
    outer loop
      vertex 69.8 46.1 0
      vertex 69.81454373566453 46.32189452677409 4
      vertex 69.8 46.1 4
    endloop
  endfacet
  facet normal 0.9978589232386007 0.06540312923018558 0
    outer loop
      vertex 69.81454373566453 45.878105473225915 0
      vertex 69.8 46.1 4
      vertex 69.81454373566453 45.878105473225915 4
    endloop
  endfacet
  facet normal 0.980785280403235 0.19509032201610532 0
    outer loop
      vertex 69.85792609530858 45.66000762332572 0
      vertex 69.81454373566453 45.878105473225915 4
      vertex 69.85792609530858 45.66000762332572 4
    endloop
  endfacet
  facet normal 0.9469301294951059 0.32143946530316087 0
    outer loop
      vertex 69.92940479473081 45.44943816497935 0
      vertex 69.85792609530858 45.66000762332572 4
      vertex 69.92940479473081 45.44943816497935 4
    endloop
  endfacet
  facet normal 0.8968727415326907 0.44228869021899636 0
    outer loop
      vertex 70.02775681356646 45.25 0
      vertex 69.92940479473081 45.44943816497935 4
      vertex 70.02775681356646 45.25 4
    endloop
  endfacet
  facet normal 0.8314696123025587 0.5555702330195822 0
    outer loop
      vertex 70.1512993215049 45.065105570685176 0
      vertex 70.02775681356646 45.25 4
      vertex 70.1512993215049 45.065105570685176 4
    endloop
  endfacet
  facet normal 0.751839807478968 0.6593458151000797 0
    outer loop
      vertex 70.29791847198287 44.89791847198287 0
      vertex 70.1512993215049 45.065105570685176 4
      vertex 70.29791847198287 44.89791847198287 4
    endloop
  endfacet
  facet normal 0.6593458151000458 0.7518398074789976 0
    outer loop
      vertex 70.46510557068518 44.7512993215049 0
      vertex 70.29791847198287 44.89791847198287 4
      vertex 70.46510557068518 44.7512993215049 4
    endloop
  endfacet
  facet normal 0.5555702330196043 0.8314696123025439 0
    outer loop
      vertex 70.65 44.62775681356646 0
      vertex 70.46510557068518 44.7512993215049 4
      vertex 70.65 44.62775681356646 4
    endloop
  endfacet
  facet normal 0.4422886902190091 0.8968727415326845 0
    outer loop
      vertex 70.84943816497935 44.529404794730816 0
      vertex 70.65 44.62775681356646 4
      vertex 70.84943816497935 44.529404794730816 4
    endloop
  endfacet
  facet normal 0.32143946530316087 0.9469301294951059 0
    outer loop
      vertex 71.06000762332572 44.457926095308586 0
      vertex 70.84943816497935 44.529404794730816 4
      vertex 71.06000762332572 44.457926095308586 4
    endloop
  endfacet
  facet normal 0.1950903220161422 0.9807852804032278 0
    outer loop
      vertex 71.2781054732259 44.41454373566452 0
      vertex 71.06000762332572 44.457926095308586 4
      vertex 71.2781054732259 44.41454373566452 4
    endloop
  endfacet
  facet normal 0.06540312923015168 0.9978589232386029 0
    outer loop
      vertex 71.5 44.4 0
      vertex 71.2781054732259 44.41454373566452 4
      vertex 71.5 44.4 4
    endloop
  endfacet
  facet normal -0.06540312923015168 0.9978589232386029 0
    outer loop
      vertex 71.7218945267741 44.41454373566452 0
      vertex 71.5 44.4 4
      vertex 71.7218945267741 44.41454373566452 4
    endloop
  endfacet
  facet normal -0.1950903220161422 0.9807852804032278 0
    outer loop
      vertex 71.93999237667428 44.457926095308586 0
      vertex 71.7218945267741 44.41454373566452 4
      vertex 71.93999237667428 44.457926095308586 4
    endloop
  endfacet
  facet normal -0.751839807478968 -0.6593458151000797 0
    outer loop
      vertex 72.70208152801713 47.30208152801713 0
      vertex 72.8487006784951 47.134894429314826 4
      vertex 72.70208152801713 47.30208152801713 4
    endloop
  endfacet
  facet normal -0.8314696123025587 -0.5555702330195822 0
    outer loop
      vertex 72.8487006784951 47.134894429314826 0
      vertex 72.97224318643354 46.95 4
      vertex 72.8487006784951 47.134894429314826 4
    endloop
  endfacet
  facet normal -0.8968727415326907 -0.44228869021899636 0
    outer loop
      vertex 72.97224318643354 46.95 0
      vertex 73.07059520526919 46.750561835020655 4
      vertex 72.97224318643354 46.95 4
    endloop
  endfacet
  facet normal -0.9469301294951059 -0.32143946530316087 0
    outer loop
      vertex 73.07059520526919 46.750561835020655 0
      vertex 73.14207390469142 46.539992376674284 4
      vertex 73.07059520526919 46.750561835020655 4
    endloop
  endfacet
  facet normal -0.980785280403235 -0.19509032201610532 0
    outer loop
      vertex 73.14207390469142 46.539992376674284 0
      vertex 73.18545626433547 46.32189452677409 4
      vertex 73.14207390469142 46.539992376674284 4
    endloop
  endfacet
  facet normal -0.9978589232386007 -0.06540312923018558 0
    outer loop
      vertex 73.18545626433547 46.32189452677409 0
      vertex 73.2 46.1 4
      vertex 73.18545626433547 46.32189452677409 4
    endloop
  endfacet
  facet normal -0.9978589232386007 0.06540312923018558 0
    outer loop
      vertex 73.2 46.1 0
      vertex 73.18545626433547 45.878105473225915 4
      vertex 73.2 46.1 4
    endloop
  endfacet
  facet normal -0.980785280403235 0.19509032201610532 0
    outer loop
      vertex 73.18545626433547 45.878105473225915 0
      vertex 73.14207390469142 45.66000762332572 4
      vertex 73.18545626433547 45.878105473225915 4
    endloop
  endfacet
  facet normal -0.6593458151000458 0.7518398074789976 0
    outer loop
      vertex 72.70208152801713 44.89791847198287 0
      vertex 72.53489442931482 44.7512993215049 4
      vertex 72.70208152801713 44.89791847198287 4
    endloop
  endfacet
  facet normal -0.9469301294951059 0.32143946530316087 0
    outer loop
      vertex 73.14207390469142 45.66000762332572 0
      vertex 73.07059520526919 45.44943816497935 4
      vertex 73.14207390469142 45.66000762332572 4
    endloop
  endfacet
  facet normal -0.8968727415326907 0.44228869021899636 0
    outer loop
      vertex 73.07059520526919 45.44943816497935 0
      vertex 72.97224318643354 45.25 4
      vertex 73.07059520526919 45.44943816497935 4
    endloop
  endfacet
  facet normal -0.8314696123025587 0.5555702330195822 0
    outer loop
      vertex 72.97224318643354 45.25 0
      vertex 72.8487006784951 45.065105570685176 4
      vertex 72.97224318643354 45.25 4
    endloop
  endfacet
  facet normal -0.751839807478968 0.6593458151000797 0
    outer loop
      vertex 72.8487006784951 45.065105570685176 0
      vertex 72.70208152801713 44.89791847198287 4
      vertex 72.8487006784951 45.065105570685176 4
    endloop
  endfacet
  facet normal -0.4422886902190091 0.8968727415326845 0
    outer loop
      vertex 72.35 44.62775681356646 0
      vertex 72.15056183502065 44.529404794730816 4
      vertex 72.35 44.62775681356646 4
    endloop
  endfacet
  facet normal -0.32143946530316087 0.9469301294951059 0
    outer loop
      vertex 72.15056183502065 44.529404794730816 0
      vertex 71.93999237667428 44.457926095308586 4
      vertex 72.15056183502065 44.529404794730816 4
    endloop
  endfacet
  facet normal -0.5555702330196043 0.8314696123025439 0
    outer loop
      vertex 72.53489442931482 44.7512993215049 0
      vertex 72.35 44.62775681356646 4
      vertex 72.53489442931482 44.7512993215049 4
    endloop
  endfacet
  facet normal 0.6593458151000458 -0.7518398074789976 1.1954595648437209e-18
    outer loop
      vertex 70.29791847198287 -44.89791847198287 0
      vertex 70.46510557068518 -44.7512993215049 0
      vertex 70.46510557068518 -44.7512993215049 4
    endloop
  endfacet
  facet normal 0.4422886902190091 -0.8968727415326845 1.1806063372817992e-18
    outer loop
      vertex 70.65 -44.62775681356646 0
      vertex 70.84943816497935 -44.529404794730816 0
      vertex 70.84943816497935 -44.529404794730816 4
    endloop
  endfacet
  facet normal 0.5555702330196043 -0.8314696123025439 1.152281760253698e-18
    outer loop
      vertex 70.46510557068518 -44.7512993215049 0
      vertex 70.65 -44.62775681356646 0
      vertex 70.65 -44.62775681356646 4
    endloop
  endfacet
  facet normal 0.8314696123025587 -0.5555702330195822 0
    outer loop
      vertex 70.1512993215049 -45.065105570685176 0
      vertex 70.1512993215049 -45.065105570685176 4
      vertex 70.02775681356646 -45.25 0
    endloop
  endfacet
  facet normal 0.8968727415326907 -0.44228869021899636 0
    outer loop
      vertex 70.02775681356646 -45.25 0
      vertex 70.02775681356646 -45.25 4
      vertex 69.92940479473081 -45.44943816497935 0
    endloop
  endfacet
  facet normal 0.9469301294951059 -0.32143946530316087 0
    outer loop
      vertex 69.92940479473081 -45.44943816497935 0
      vertex 69.92940479473081 -45.44943816497935 4
      vertex 69.85792609530858 -45.66000762332572 0
    endloop
  endfacet
  facet normal 0.751839807478968 -0.6593458151000797 1.6758400031955768e-18
    outer loop
      vertex 70.1512993215049 -45.065105570685176 0
      vertex 70.29791847198287 -44.89791847198287 0
      vertex 70.29791847198287 -44.89791847198287 4
    endloop
  endfacet
  facet normal 0.32143946530316087 -0.9469301294951059 -9.213276134782191e-19
    outer loop
      vertex 70.84943816497935 -44.529404794730816 0
      vertex 71.06000762332572 -44.457926095308586 0
      vertex 71.06000762332572 -44.457926095308586 4
    endloop
  endfacet
  facet normal 0.1950903220161422 -0.9807852804032278 5.159716402714404e-19
    outer loop
      vertex 71.06000762332572 -44.457926095308586 0
      vertex 71.2781054732259 -44.41454373566452 0
      vertex 71.2781054732259 -44.41454373566452 4
    endloop
  endfacet
  facet normal 0.06540312923015168 -0.9978589232386029 -1.6389518585043847e-19
    outer loop
      vertex 71.2781054732259 -44.41454373566452 0
      vertex 71.5 -44.4 0
      vertex 71.5 -44.4 4
    endloop
  endfacet
  facet normal -0.06540312923015168 -0.9978589232386029 1.6389518585043847e-19
    outer loop
      vertex 71.5 -44.4 0
      vertex 71.7218945267741 -44.41454373566452 0
      vertex 71.7218945267741 -44.41454373566452 4
    endloop
  endfacet
  facet normal -0.1950903220161422 -0.9807852804032278 -5.159716402714404e-19
    outer loop
      vertex 71.7218945267741 -44.41454373566452 0
      vertex 71.93999237667428 -44.457926095308586 0
      vertex 71.93999237667428 -44.457926095308586 4
    endloop
  endfacet
  facet normal 0.980785280403235 -0.19509032201610532 0
    outer loop
      vertex 69.85792609530858 -45.66000762332572 0
      vertex 69.85792609530858 -45.66000762332572 4
      vertex 69.81454373566453 -45.878105473225915 0
    endloop
  endfacet
  facet normal 0.9978589232386007 -0.06540312923018558 0
    outer loop
      vertex 69.81454373566453 -45.878105473225915 0
      vertex 69.81454373566453 -45.878105473225915 4
      vertex 69.8 -46.1 0
    endloop
  endfacet
  facet normal 0.9978589232386007 0.06540312923018558 0
    outer loop
      vertex 69.8 -46.1 0
      vertex 69.8 -46.1 4
      vertex 69.81454373566453 -46.32189452677409 0
    endloop
  endfacet
  facet normal 0.980785280403235 0.19509032201610532 0
    outer loop
      vertex 69.81454373566453 -46.32189452677409 0
      vertex 69.81454373566453 -46.32189452677409 4
      vertex 69.85792609530858 -46.539992376674284 0
    endloop
  endfacet
  facet normal 0.9469301294951059 0.32143946530316087 0
    outer loop
      vertex 69.85792609530858 -46.539992376674284 0
      vertex 69.85792609530858 -46.539992376674284 4
      vertex 69.92940479473081 -46.750561835020655 0
    endloop
  endfacet
  facet normal 0.8968727415326907 0.44228869021899636 0
    outer loop
      vertex 69.92940479473081 -46.750561835020655 0
      vertex 69.92940479473081 -46.750561835020655 4
      vertex 70.02775681356646 -46.95 0
    endloop
  endfacet
  facet normal 0.8314696123025587 0.5555702330195822 0
    outer loop
      vertex 70.02775681356646 -46.95 0
      vertex 70.02775681356646 -46.95 4
      vertex 70.1512993215049 -47.134894429314826 0
    endloop
  endfacet
  facet normal 0.751839807478968 0.6593458151000797 0
    outer loop
      vertex 70.1512993215049 -47.134894429314826 0
      vertex 70.1512993215049 -47.134894429314826 4
      vertex 70.29791847198287 -47.30208152801713 0
    endloop
  endfacet
  facet normal -0.32143946530316087 -0.9469301294951059 9.213276134782191e-19
    outer loop
      vertex 71.93999237667428 -44.457926095308586 0
      vertex 72.15056183502065 -44.529404794730816 0
      vertex 72.15056183502065 -44.529404794730816 4
    endloop
  endfacet
  facet normal -0.4422886902190091 -0.8968727415326845 -1.1806063372817992e-18
    outer loop
      vertex 72.15056183502065 -44.529404794730816 0
      vertex 72.35 -44.62775681356646 0
      vertex 72.35 -44.62775681356646 4
    endloop
  endfacet
  facet normal -0.5555702330196043 -0.8314696123025439 -1.152281760253698e-18
    outer loop
      vertex 72.35 -44.62775681356646 0
      vertex 72.53489442931482 -44.7512993215049 0
      vertex 72.53489442931482 -44.7512993215049 4
    endloop
  endfacet
  facet normal -0.6593458151000458 -0.7518398074789976 -1.1954595648437209e-18
    outer loop
      vertex 72.53489442931482 -44.7512993215049 0
      vertex 72.70208152801713 -44.89791847198287 0
      vertex 72.70208152801713 -44.89791847198287 4
    endloop
  endfacet
  facet normal -0.751839807478968 -0.6593458151000797 0
    outer loop
      vertex 72.8487006784951 -45.065105570685176 0
      vertex 72.8487006784951 -45.065105570685176 4
      vertex 72.70208152801713 -44.89791847198287 0
    endloop
  endfacet
  facet normal -0.8314696123025587 -0.5555702330195822 0
    outer loop
      vertex 72.97224318643354 -45.25 0
      vertex 72.97224318643354 -45.25 4
      vertex 72.8487006784951 -45.065105570685176 0
    endloop
  endfacet
  facet normal -0.8968727415326907 -0.44228869021899636 0
    outer loop
      vertex 73.07059520526919 -45.44943816497935 0
      vertex 73.07059520526919 -45.44943816497935 4
      vertex 72.97224318643354 -45.25 0
    endloop
  endfacet
  facet normal -0.9469301294951059 -0.32143946530316087 0
    outer loop
      vertex 73.14207390469142 -45.66000762332572 0
      vertex 73.14207390469142 -45.66000762332572 4
      vertex 73.07059520526919 -45.44943816497935 0
    endloop
  endfacet
  facet normal -0.980785280403235 -0.19509032201610532 0
    outer loop
      vertex 73.18545626433547 -45.878105473225915 0
      vertex 73.18545626433547 -45.878105473225915 4
      vertex 73.14207390469142 -45.66000762332572 0
    endloop
  endfacet
  facet normal -0.9978589232386007 -0.06540312923018558 0
    outer loop
      vertex 73.2 -46.1 0
      vertex 73.2 -46.1 4
      vertex 73.18545626433547 -45.878105473225915 0
    endloop
  endfacet
  facet normal -0.9978589232386007 0.06540312923018558 0
    outer loop
      vertex 73.18545626433547 -46.32189452677409 0
      vertex 73.18545626433547 -46.32189452677409 4
      vertex 73.2 -46.1 0
    endloop
  endfacet
  facet normal -0.980785280403235 0.19509032201610532 0
    outer loop
      vertex 73.14207390469142 -46.539992376674284 0
      vertex 73.14207390469142 -46.539992376674284 4
      vertex 73.18545626433547 -46.32189452677409 0
    endloop
  endfacet
  facet normal -0.9469301294951059 0.32143946530316087 0
    outer loop
      vertex 73.07059520526919 -46.750561835020655 0
      vertex 73.07059520526919 -46.750561835020655 4
      vertex 73.14207390469142 -46.539992376674284 0
    endloop
  endfacet
  facet normal -0.8968727415326907 0.44228869021899636 0
    outer loop
      vertex 72.97224318643354 -46.95 0
      vertex 72.97224318643354 -46.95 4
      vertex 73.07059520526919 -46.750561835020655 0
    endloop
  endfacet
  facet normal -0.8314696123025587 0.5555702330195822 0
    outer loop
      vertex 72.8487006784951 -47.134894429314826 0
      vertex 72.8487006784951 -47.134894429314826 4
      vertex 72.97224318643354 -46.95 0
    endloop
  endfacet
  facet normal -0.751839807478968 0.6593458151000797 1.6758400031955768e-18
    outer loop
      vertex 72.8487006784951 -47.134894429314826 0
      vertex 72.70208152801713 -47.30208152801713 0
      vertex 72.70208152801713 -47.30208152801713 4
    endloop
  endfacet
  facet normal 0.6593458151000458 0.7518398074789976 0
    outer loop
      vertex 70.29791847198287 -47.30208152801713 0
      vertex 70.29791847198287 -47.30208152801713 4
      vertex 70.46510557068518 -47.4487006784951 0
    endloop
  endfacet
  facet normal 0.5555702330196043 0.8314696123025439 -1.152281760253698e-18
    outer loop
      vertex 70.65 -47.572243186433546 0
      vertex 70.46510557068518 -47.4487006784951 0
      vertex 70.46510557068518 -47.4487006784951 4
    endloop
  endfacet
  facet normal 0.4422886902190091 0.8968727415326845 -1.1806063372817992e-18
    outer loop
      vertex 70.84943816497935 -47.67059520526919 0
      vertex 70.65 -47.572243186433546 0
      vertex 70.65 -47.572243186433546 4
    endloop
  endfacet
  facet normal 0.32143946530316087 0.9469301294951059 9.213276134782191e-19
    outer loop
      vertex 71.06000762332572 -47.742073904691416 0
      vertex 70.84943816497935 -47.67059520526919 0
      vertex 70.84943816497935 -47.67059520526919 4
    endloop
  endfacet
  facet normal 0.1950903220161422 0.9807852804032278 -5.159716402714404e-19
    outer loop
      vertex 71.2781054732259 -47.78545626433548 0
      vertex 71.06000762332572 -47.742073904691416 0
      vertex 71.06000762332572 -47.742073904691416 4
    endloop
  endfacet
  facet normal 0.06540312923015168 0.9978589232386029 1.6389518585043847e-19
    outer loop
      vertex 71.5 -47.800000000000004 0
      vertex 71.2781054732259 -47.78545626433548 0
      vertex 71.2781054732259 -47.78545626433548 4
    endloop
  endfacet
  facet normal -0.32143946530316087 0.9469301294951059 -9.213276134782191e-19
    outer loop
      vertex 72.15056183502065 -47.67059520526919 0
      vertex 71.93999237667428 -47.742073904691416 0
      vertex 71.93999237667428 -47.742073904691416 4
    endloop
  endfacet
  facet normal -0.06540312923015168 0.9978589232386029 -1.6389518585043847e-19
    outer loop
      vertex 71.7218945267741 -47.78545626433548 0
      vertex 71.5 -47.800000000000004 0
      vertex 71.5 -47.800000000000004 4
    endloop
  endfacet
  facet normal -0.1950903220161422 0.9807852804032278 5.159716402714404e-19
    outer loop
      vertex 71.93999237667428 -47.742073904691416 0
      vertex 71.7218945267741 -47.78545626433548 0
      vertex 71.7218945267741 -47.78545626433548 4
    endloop
  endfacet
  facet normal -0.4422886902190091 0.8968727415326845 1.1806063372817992e-18
    outer loop
      vertex 72.35 -47.572243186433546 0
      vertex 72.15056183502065 -47.67059520526919 0
      vertex 72.15056183502065 -47.67059520526919 4
    endloop
  endfacet
  facet normal -0.5555702330196043 0.8314696123025439 1.152281760253698e-18
    outer loop
      vertex 72.53489442931482 -47.4487006784951 0
      vertex 72.35 -47.572243186433546 0
      vertex 72.35 -47.572243186433546 4
    endloop
  endfacet
  facet normal -0.6593458151000458 0.7518398074789976 1.1954595648437209e-18
    outer loop
      vertex 72.70208152801713 -47.30208152801713 0
      vertex 72.53489442931482 -47.4487006784951 0
      vertex 72.53489442931482 -47.4487006784951 4
    endloop
  endfacet
  facet normal 0.5555702330196043 -0.8314696123025439 0
    outer loop
      vertex 70.46510557068518 -44.7512993215049 0
      vertex 70.65 -44.62775681356646 4
      vertex 70.46510557068518 -44.7512993215049 4
    endloop
  endfacet
  facet normal 0.4422886902190091 -0.8968727415326845 0
    outer loop
      vertex 70.65 -44.62775681356646 0
      vertex 70.84943816497935 -44.529404794730816 4
      vertex 70.65 -44.62775681356646 4
    endloop
  endfacet
  facet normal 0.8314696123025587 -0.5555702330195822 0
    outer loop
      vertex 70.02775681356646 -45.25 0
      vertex 70.1512993215049 -45.065105570685176 4
      vertex 70.02775681356646 -45.25 4
    endloop
  endfacet
  facet normal 0.8968727415326907 -0.44228869021899636 0
    outer loop
      vertex 69.92940479473081 -45.44943816497935 0
      vertex 70.02775681356646 -45.25 4
      vertex 69.92940479473081 -45.44943816497935 4
    endloop
  endfacet
  facet normal 0.9469301294951059 -0.32143946530316087 0
    outer loop
      vertex 69.85792609530858 -45.66000762332572 0
      vertex 69.92940479473081 -45.44943816497935 4
      vertex 69.85792609530858 -45.66000762332572 4
    endloop
  endfacet
  facet normal 0.751839807478968 -0.6593458151000797 0
    outer loop
      vertex 70.1512993215049 -45.065105570685176 0
      vertex 70.29791847198287 -44.89791847198287 4
      vertex 70.1512993215049 -45.065105570685176 4
    endloop
  endfacet
  facet normal 0.6593458151000458 -0.7518398074789976 0
    outer loop
      vertex 70.29791847198287 -44.89791847198287 0
      vertex 70.46510557068518 -44.7512993215049 4
      vertex 70.29791847198287 -44.89791847198287 4
    endloop
  endfacet
  facet normal 0.32143946530316087 -0.9469301294951059 0
    outer loop
      vertex 70.84943816497935 -44.529404794730816 0
      vertex 71.06000762332572 -44.457926095308586 4
      vertex 70.84943816497935 -44.529404794730816 4
    endloop
  endfacet
  facet normal 0.1950903220161422 -0.9807852804032278 0
    outer loop
      vertex 71.06000762332572 -44.457926095308586 0
      vertex 71.2781054732259 -44.41454373566452 4
      vertex 71.06000762332572 -44.457926095308586 4
    endloop
  endfacet
  facet normal 0.06540312923015168 -0.9978589232386029 0
    outer loop
      vertex 71.2781054732259 -44.41454373566452 0
      vertex 71.5 -44.4 4
      vertex 71.2781054732259 -44.41454373566452 4
    endloop
  endfacet
  facet normal -0.06540312923015168 -0.9978589232386029 0
    outer loop
      vertex 71.5 -44.4 0
      vertex 71.7218945267741 -44.41454373566452 4
      vertex 71.5 -44.4 4
    endloop
  endfacet
  facet normal -0.1950903220161422 -0.9807852804032278 0
    outer loop
      vertex 71.7218945267741 -44.41454373566452 0
      vertex 71.93999237667428 -44.457926095308586 4
      vertex 71.7218945267741 -44.41454373566452 4
    endloop
  endfacet
  facet normal -0.32143946530316087 -0.9469301294951059 0
    outer loop
      vertex 71.93999237667428 -44.457926095308586 0
      vertex 72.15056183502065 -44.529404794730816 4
      vertex 71.93999237667428 -44.457926095308586 4
    endloop
  endfacet
  facet normal 0.980785280403235 -0.19509032201610532 0
    outer loop
      vertex 69.81454373566453 -45.878105473225915 0
      vertex 69.85792609530858 -45.66000762332572 4
      vertex 69.81454373566453 -45.878105473225915 4
    endloop
  endfacet
  facet normal 0.9978589232386007 -0.06540312923018558 0
    outer loop
      vertex 69.8 -46.1 0
      vertex 69.81454373566453 -45.878105473225915 4
      vertex 69.8 -46.1 4
    endloop
  endfacet
  facet normal 0.9978589232386007 0.06540312923018558 0
    outer loop
      vertex 69.81454373566453 -46.32189452677409 0
      vertex 69.8 -46.1 4
      vertex 69.81454373566453 -46.32189452677409 4
    endloop
  endfacet
  facet normal 0.980785280403235 0.19509032201610532 0
    outer loop
      vertex 69.85792609530858 -46.539992376674284 0
      vertex 69.81454373566453 -46.32189452677409 4
      vertex 69.85792609530858 -46.539992376674284 4
    endloop
  endfacet
  facet normal 0.9469301294951059 0.32143946530316087 0
    outer loop
      vertex 69.92940479473081 -46.750561835020655 0
      vertex 69.85792609530858 -46.539992376674284 4
      vertex 69.92940479473081 -46.750561835020655 4
    endloop
  endfacet
  facet normal 0.8968727415326907 0.44228869021899636 0
    outer loop
      vertex 70.02775681356646 -46.95 0
      vertex 69.92940479473081 -46.750561835020655 4
      vertex 70.02775681356646 -46.95 4
    endloop
  endfacet
  facet normal 0.8314696123025587 0.5555702330195822 0
    outer loop
      vertex 70.1512993215049 -47.134894429314826 0
      vertex 70.02775681356646 -46.95 4
      vertex 70.1512993215049 -47.134894429314826 4
    endloop
  endfacet
  facet normal 0.751839807478968 0.6593458151000797 0
    outer loop
      vertex 70.29791847198287 -47.30208152801713 0
      vertex 70.1512993215049 -47.134894429314826 4
      vertex 70.29791847198287 -47.30208152801713 4
    endloop
  endfacet
  facet normal -0.4422886902190091 -0.8968727415326845 0
    outer loop
      vertex 72.15056183502065 -44.529404794730816 0
      vertex 72.35 -44.62775681356646 4
      vertex 72.15056183502065 -44.529404794730816 4
    endloop
  endfacet
  facet normal -0.5555702330196043 -0.8314696123025439 0
    outer loop
      vertex 72.35 -44.62775681356646 0
      vertex 72.53489442931482 -44.7512993215049 4
      vertex 72.35 -44.62775681356646 4
    endloop
  endfacet
  facet normal -0.6593458151000458 -0.7518398074789976 0
    outer loop
      vertex 72.53489442931482 -44.7512993215049 0
      vertex 72.70208152801713 -44.89791847198287 4
      vertex 72.53489442931482 -44.7512993215049 4
    endloop
  endfacet
  facet normal -0.751839807478968 -0.6593458151000797 0
    outer loop
      vertex 72.70208152801713 -44.89791847198287 0
      vertex 72.8487006784951 -45.065105570685176 4
      vertex 72.70208152801713 -44.89791847198287 4
    endloop
  endfacet
  facet normal -0.8314696123025587 -0.5555702330195822 0
    outer loop
      vertex 72.8487006784951 -45.065105570685176 0
      vertex 72.97224318643354 -45.25 4
      vertex 72.8487006784951 -45.065105570685176 4
    endloop
  endfacet
  facet normal -0.8968727415326907 -0.44228869021899636 0
    outer loop
      vertex 72.97224318643354 -45.25 0
      vertex 73.07059520526919 -45.44943816497935 4
      vertex 72.97224318643354 -45.25 4
    endloop
  endfacet
  facet normal -0.9469301294951059 -0.32143946530316087 0
    outer loop
      vertex 73.07059520526919 -45.44943816497935 0
      vertex 73.14207390469142 -45.66000762332572 4
      vertex 73.07059520526919 -45.44943816497935 4
    endloop
  endfacet
  facet normal -0.980785280403235 -0.19509032201610532 0
    outer loop
      vertex 73.14207390469142 -45.66000762332572 0
      vertex 73.18545626433547 -45.878105473225915 4
      vertex 73.14207390469142 -45.66000762332572 4
    endloop
  endfacet
  facet normal -0.9978589232386007 -0.06540312923018558 0
    outer loop
      vertex 73.18545626433547 -45.878105473225915 0
      vertex 73.2 -46.1 4
      vertex 73.18545626433547 -45.878105473225915 4
    endloop
  endfacet
  facet normal -0.9978589232386007 0.06540312923018558 0
    outer loop
      vertex 73.2 -46.1 0
      vertex 73.18545626433547 -46.32189452677409 4
      vertex 73.2 -46.1 4
    endloop
  endfacet
  facet normal -0.980785280403235 0.19509032201610532 0
    outer loop
      vertex 73.18545626433547 -46.32189452677409 0
      vertex 73.14207390469142 -46.539992376674284 4
      vertex 73.18545626433547 -46.32189452677409 4
    endloop
  endfacet
  facet normal -0.9469301294951059 0.32143946530316087 0
    outer loop
      vertex 73.14207390469142 -46.539992376674284 0
      vertex 73.07059520526919 -46.750561835020655 4
      vertex 73.14207390469142 -46.539992376674284 4
    endloop
  endfacet
  facet normal -0.8968727415326907 0.44228869021899636 0
    outer loop
      vertex 73.07059520526919 -46.750561835020655 0
      vertex 72.97224318643354 -46.95 4
      vertex 73.07059520526919 -46.750561835020655 4
    endloop
  endfacet
  facet normal -0.8314696123025587 0.5555702330195822 0
    outer loop
      vertex 72.97224318643354 -46.95 0
      vertex 72.8487006784951 -47.134894429314826 4
      vertex 72.97224318643354 -46.95 4
    endloop
  endfacet
  facet normal -0.751839807478968 0.6593458151000797 0
    outer loop
      vertex 72.8487006784951 -47.134894429314826 0
      vertex 72.70208152801713 -47.30208152801713 4
      vertex 72.8487006784951 -47.134894429314826 4
    endloop
  endfacet
  facet normal 0.6593458151000458 0.7518398074789976 0
    outer loop
      vertex 70.46510557068518 -47.4487006784951 0
      vertex 70.29791847198287 -47.30208152801713 4
      vertex 70.46510557068518 -47.4487006784951 4
    endloop
  endfacet
  facet normal 0.5555702330196043 0.8314696123025439 0
    outer loop
      vertex 70.65 -47.572243186433546 0
      vertex 70.46510557068518 -47.4487006784951 4
      vertex 70.65 -47.572243186433546 4
    endloop
  endfacet
  facet normal 0.4422886902190091 0.8968727415326845 0
    outer loop
      vertex 70.84943816497935 -47.67059520526919 0
      vertex 70.65 -47.572243186433546 4
      vertex 70.84943816497935 -47.67059520526919 4
    endloop
  endfacet
  facet normal 0.32143946530316087 0.9469301294951059 0
    outer loop
      vertex 71.06000762332572 -47.742073904691416 0
      vertex 70.84943816497935 -47.67059520526919 4
      vertex 71.06000762332572 -47.742073904691416 4
    endloop
  endfacet
  facet normal 0.1950903220161422 0.9807852804032278 0
    outer loop
      vertex 71.2781054732259 -47.78545626433548 0
      vertex 71.06000762332572 -47.742073904691416 4
      vertex 71.2781054732259 -47.78545626433548 4
    endloop
  endfacet
  facet normal -0.1950903220161422 0.9807852804032278 0
    outer loop
      vertex 71.93999237667428 -47.742073904691416 0
      vertex 71.7218945267741 -47.78545626433548 4
      vertex 71.93999237667428 -47.742073904691416 4
    endloop
  endfacet
  facet normal 0.06540312923015168 0.9978589232386029 0
    outer loop
      vertex 71.5 -47.800000000000004 0
      vertex 71.2781054732259 -47.78545626433548 4
      vertex 71.5 -47.800000000000004 4
    endloop
  endfacet
  facet normal -0.06540312923015168 0.9978589232386029 0
    outer loop
      vertex 71.7218945267741 -47.78545626433548 0
      vertex 71.5 -47.800000000000004 4
      vertex 71.7218945267741 -47.78545626433548 4
    endloop
  endfacet
  facet normal -0.32143946530316087 0.9469301294951059 0
    outer loop
      vertex 72.15056183502065 -47.67059520526919 0
      vertex 71.93999237667428 -47.742073904691416 4
      vertex 72.15056183502065 -47.67059520526919 4
    endloop
  endfacet
  facet normal -0.4422886902190091 0.8968727415326845 0
    outer loop
      vertex 72.35 -47.572243186433546 0
      vertex 72.15056183502065 -47.67059520526919 4
      vertex 72.35 -47.572243186433546 4
    endloop
  endfacet
  facet normal -0.5555702330196043 0.8314696123025439 0
    outer loop
      vertex 72.53489442931482 -47.4487006784951 0
      vertex 72.35 -47.572243186433546 4
      vertex 72.53489442931482 -47.4487006784951 4
    endloop
  endfacet
  facet normal -0.6593458151000458 0.7518398074789976 0
    outer loop
      vertex 72.70208152801713 -47.30208152801713 0
      vertex 72.53489442931482 -47.4487006784951 4
      vertex 72.70208152801713 -47.30208152801713 4
    endloop
  endfacet
  facet normal 0 0 -1
    outer loop
      vertex -79.5 54.1 0
      vertex -72.97224318643354 46.95 0
      vertex -73.07059520526919 46.750561835020655 0
    endloop
  endfacet
  facet normal 0 0 -1
    outer loop
      vertex -79.5 54.1 0
      vertex -73.07059520526919 46.750561835020655 0
      vertex -73.14207390469142 46.539992376674284 0
    endloop
  endfacet
  facet normal 0 0 -1
    outer loop
      vertex -79.5 54.1 0
      vertex -72.70208152801713 47.30208152801713 0
      vertex -72.8487006784951 47.134894429314826 0
    endloop
  endfacet
  facet normal 0 0 -1
    outer loop
      vertex -79.5 54.1 0
      vertex -72.53489442931482 47.4487006784951 0
      vertex -72.70208152801713 47.30208152801713 0
    endloop
  endfacet
  facet normal 0 0 -1
    outer loop
      vertex -79.5 54.1 0
      vertex -72.35 47.572243186433546 0
      vertex -72.53489442931482 47.4487006784951 0
    endloop
  endfacet
  facet normal 0 0 -1
    outer loop
      vertex -79.5 54.1 0
      vertex -72.15056183502065 47.67059520526919 0
      vertex -72.35 47.572243186433546 0
    endloop
  endfacet
  facet normal 0 0 -1
    outer loop
      vertex -79.5 54.1 0
      vertex -72.8487006784951 47.134894429314826 0
      vertex -72.97224318643354 46.95 0
    endloop
  endfacet
  facet normal 0 0 -1
    outer loop
      vertex -79.5 54.1 0
      vertex -73.14207390469142 46.539992376674284 0
      vertex -73.18545626433547 46.32189452677409 0
    endloop
  endfacet
  facet normal 0 0 -1
    outer loop
      vertex -79.5 54.1 0
      vertex -73.18545626433547 46.32189452677409 0
      vertex -73.2 46.1 0
    endloop
  endfacet
  facet normal 0 0 -1
    outer loop
      vertex -79.5 54.1 0
      vertex -71.7218945267741 47.78545626433548 0
      vertex -71.93999237667428 47.742073904691416 0
    endloop
  endfacet
  facet normal 0 0 -1
    outer loop
      vertex -79.5 54.1 0
      vertex -71.5 47.800000000000004 0
      vertex -71.7218945267741 47.78545626433548 0
    endloop
  endfacet
  facet normal 0 0 -1
    outer loop
      vertex -79.5 54.1 0
      vertex -71.2781054732259 47.78545626433548 0
      vertex -71.5 47.800000000000004 0
    endloop
  endfacet
  facet normal 0 0 -1
    outer loop
      vertex -79.5 54.1 0
      vertex -71.06000762332572 47.742073904691416 0
      vertex -71.2781054732259 47.78545626433548 0
    endloop
  endfacet
  facet normal 0 0 -1
    outer loop
      vertex -79.5 54.1 0
      vertex -71.93999237667428 47.742073904691416 0
      vertex -72.15056183502065 47.67059520526919 0
    endloop
  endfacet
  facet normal 0 0 -1
    outer loop
      vertex -79.5 54.1 0
      vertex -70.84943816497935 47.67059520526919 0
      vertex -71.06000762332572 47.742073904691416 0
    endloop
  endfacet
  facet normal 0 0 -1
    outer loop
      vertex -79.5 54.1 0
      vertex -70.65 47.572243186433546 0
      vertex -70.84943816497935 47.67059520526919 0
    endloop
  endfacet
  facet normal 0 0 -1
    outer loop
      vertex -79.5 54.1 0
      vertex -50.109981515711645 34.1 0
      vertex -70.65 47.572243186433546 0
    endloop
  endfacet
  facet normal 0 0 -1
    outer loop
      vertex -70.02775681356646 45.25 0
      vertex -69.92940479473081 45.44943816497935 0
      vertex -59.5 34.1 0
    endloop
  endfacet
  facet normal 0 0 -1
    outer loop
      vertex -70.1512993215049 45.065105570685176 0
      vertex -70.02775681356646 45.25 0
      vertex -59.5 34.1 0
    endloop
  endfacet
  facet normal 0 0 -1
    outer loop
      vertex -69.85792609530858 45.66000762332572 0
      vertex -69.81454373566453 45.878105473225915 0
      vertex -59.5 34.1 0
    endloop
  endfacet
  facet normal 0 0 -1
    outer loop
      vertex -69.92940479473081 45.44943816497935 0
      vertex -69.85792609530858 45.66000762332572 0
      vertex -59.5 34.1 0
    endloop
  endfacet
  facet normal 0 0 -1
    outer loop
      vertex -50.109981515711645 34.1 0
      vertex -70.46510557068518 47.4487006784951 0
      vertex -70.65 47.572243186433546 0
    endloop
  endfacet
  facet normal 0 0 -1
    outer loop
      vertex -50.109981515711645 34.1 0
      vertex -70.29791847198287 47.30208152801713 0
      vertex -70.46510557068518 47.4487006784951 0
    endloop
  endfacet
  facet normal 0 0 -1
    outer loop
      vertex -50.109981515711645 34.1 0
      vertex -70.1512993215049 47.134894429314826 0
      vertex -70.29791847198287 47.30208152801713 0
    endloop
  endfacet
  facet normal 0 0 -1
    outer loop
      vertex -50.109981515711645 34.1 0
      vertex -70.02775681356646 46.95 0
      vertex -70.1512993215049 47.134894429314826 0
    endloop
  endfacet
  facet normal 0 0 -1
    outer loop
      vertex -50.109981515711645 34.1 0
      vertex -69.92940479473081 46.750561835020655 0
      vertex -70.02775681356646 46.95 0
    endloop
  endfacet
  facet normal 0 0 -1
    outer loop
      vertex -50.109981515711645 34.1 0
      vertex -69.85792609530858 46.539992376674284 0
      vertex -69.92940479473081 46.750561835020655 0
    endloop
  endfacet
  facet normal 0 0 -1
    outer loop
      vertex -50.109981515711645 34.1 0
      vertex -69.81454373566453 46.32189452677409 0
      vertex -69.85792609530858 46.539992376674284 0
    endloop
  endfacet
  facet normal 0 0 -1
    outer loop
      vertex -50.109981515711645 34.1 0
      vertex -69.8 46.1 0
      vertex -69.81454373566453 46.32189452677409 0
    endloop
  endfacet
  facet normal 0 0 -1
    outer loop
      vertex -50.109981515711645 34.1 0
      vertex -69.81454373566453 45.878105473225915 0
      vertex -69.8 46.1 0
    endloop
  endfacet
  facet normal 0 0 -1
    outer loop
      vertex -50.109981515711645 34.1 0
      vertex -59.5 34.1 0
      vertex -69.81454373566453 45.878105473225915 0
    endloop
  endfacet
  facet normal 0 0 -1
    outer loop
      vertex -79.5 54.1 0
      vertex -73.2 46.1 0
      vertex -79.5 -54.1 0
    endloop
  endfacet
  facet normal 0 0 -1
    outer loop
      vertex -72.70208152801713 44.89791847198287 0
      vertex -72.53489442931482 44.7512993215049 0
      vertex -72.70208152801713 -44.89791847198287 0
    endloop
  endfacet
  facet normal 0 0 -1
    outer loop
      vertex -72.35 44.62775681356646 0
      vertex -72.53489442931482 -44.7512993215049 0
      vertex -72.53489442931482 44.7512993215049 0
    endloop
  endfacet
  facet normal 0 0 -1
    outer loop
      vertex -72.15056183502065 44.529404794730816 0
      vertex -72.53489442931482 -44.7512993215049 0
      vertex -72.35 44.62775681356646 0
    endloop
  endfacet
  facet normal 0 0 -1
    outer loop
      vertex -71.93999237667428 44.457926095308586 0
      vertex -72.53489442931482 -44.7512993215049 0
      vertex -72.15056183502065 44.529404794730816 0
    endloop
  endfacet
  facet normal 0 0 -1
    outer loop
      vertex -71.7218945267741 44.41454373566452 0
      vertex -72.53489442931482 -44.7512993215049 0
      vertex -71.93999237667428 44.457926095308586 0
    endloop
  endfacet
  facet normal 0 0 -1
    outer loop
      vertex -71.5 44.4 0
      vertex -72.53489442931482 -44.7512993215049 0
      vertex -71.7218945267741 44.41454373566452 0
    endloop
  endfacet
  facet normal 0 0 -1
    outer loop
      vertex -71.2781054732259 44.41454373566452 0
      vertex -70.29791847198287 -44.89791847198287 0
      vertex -71.5 44.4 0
    endloop
  endfacet
  facet normal 0 0 -1
    outer loop
      vertex -71.06000762332572 44.457926095308586 0
      vertex -70.29791847198287 -44.89791847198287 0
      vertex -71.2781054732259 44.41454373566452 0
    endloop
  endfacet
  facet normal 0 0 -1
    outer loop
      vertex -70.29791847198287 -44.89791847198287 0
      vertex -70.29791847198287 44.89791847198287 0
      vertex -70.1512993215049 45.065105570685176 0
    endloop
  endfacet
  facet normal 0 0 -1
    outer loop
      vertex -70.29791847198287 44.89791847198287 0
      vertex -70.29791847198287 -44.89791847198287 0
      vertex -70.46510557068518 44.7512993215049 0
    endloop
  endfacet
  facet normal 0 0 -1
    outer loop
      vertex -70.46510557068518 44.7512993215049 0
      vertex -70.29791847198287 -44.89791847198287 0
      vertex -70.65 44.62775681356646 0
    endloop
  endfacet
  facet normal 0 0 -1
    outer loop
      vertex -70.84943816497935 44.529404794730816 0
      vertex -70.29791847198287 -44.89791847198287 0
      vertex -71.06000762332572 44.457926095308586 0
    endloop
  endfacet
  facet normal 0 0 -1
    outer loop
      vertex -70.65 44.62775681356646 0
      vertex -70.29791847198287 -44.89791847198287 0
      vertex -70.84943816497935 44.529404794730816 0
    endloop
  endfacet
  facet normal 0 0 -1
    outer loop
      vertex -70.1512993215049 45.065105570685176 0
      vertex -59.5 34.1 0
      vertex -59.5 -34.1 0
    endloop
  endfacet
  facet normal 0 0 -1
    outer loop
      vertex -79.5 -54.1 0
      vertex -73.2 46.1 0
      vertex -73.18545626433547 45.878105473225915 0
    endloop
  endfacet
  facet normal 0 0 -1
    outer loop
      vertex -79.5 -54.1 0
      vertex -73.18545626433547 45.878105473225915 0
      vertex -73.14207390469142 45.66000762332572 0
    endloop
  endfacet
  facet normal 0 0 -1
    outer loop
      vertex -79.5 -54.1 0
      vertex -73.14207390469142 45.66000762332572 0
      vertex -73.07059520526919 45.44943816497935 0
    endloop
  endfacet
  facet normal 0 0 -1
    outer loop
      vertex -79.5 -54.1 0
      vertex -73.07059520526919 45.44943816497935 0
      vertex -72.97224318643354 45.25 0
    endloop
  endfacet
  facet normal 0 0 -1
    outer loop
      vertex -79.5 -54.1 0
      vertex -72.97224318643354 45.25 0
      vertex -72.8487006784951 45.065105570685176 0
    endloop
  endfacet
  facet normal 0 0 -1
    outer loop
      vertex -79.5 -54.1 0
      vertex -72.8487006784951 45.065105570685176 0
      vertex -72.70208152801713 44.89791847198287 0
    endloop
  endfacet
  facet normal 0 0 -1
    outer loop
      vertex -79.5 54.1 0
      vertex 79.5 54.1 0
      vertex -50.109981515711645 34.1 0
    endloop
  endfacet
  facet normal 0 0 -1
    outer loop
      vertex -70.1512993215049 45.065105570685176 0
      vertex -59.5 -34.1 0
      vertex -70.1512993215049 -45.065105570685176 0
    endloop
  endfacet
  facet normal 0 0 -1
    outer loop
      vertex -79.5 -54.1 0
      vertex -72.70208152801713 44.89791847198287 0
      vertex -72.8487006784951 -45.065105570685176 0
    endloop
  endfacet
  facet normal 0 0 -1
    outer loop
      vertex -72.70208152801713 44.89791847198287 0
      vertex -72.70208152801713 -44.89791847198287 0
      vertex -72.8487006784951 -45.065105570685176 0
    endloop
  endfacet
  facet normal 0 0 -1
    outer loop
      vertex -72.53489442931482 44.7512993215049 0
      vertex -72.53489442931482 -44.7512993215049 0
      vertex -72.70208152801713 -44.89791847198287 0
    endloop
  endfacet
  facet normal 0 0 -1
    outer loop
      vertex -72.53489442931482 -44.7512993215049 0
      vertex -71.5 44.4 0
      vertex -72.35 -44.62775681356646 0
    endloop
  endfacet
  facet normal 0 0 -1
    outer loop
      vertex -72.35 -44.62775681356646 0
      vertex -71.5 44.4 0
      vertex -72.15056183502065 -44.529404794730816 0
    endloop
  endfacet
  facet normal 0 0 -1
    outer loop
      vertex -72.15056183502065 -44.529404794730816 0
      vertex -71.5 44.4 0
      vertex -71.93999237667428 -44.457926095308586 0
    endloop
  endfacet
  facet normal 0 0 -1
    outer loop
      vertex -71.93999237667428 -44.457926095308586 0
      vertex -71.5 44.4 0
      vertex -71.7218945267741 -44.41454373566452 0
    endloop
  endfacet
  facet normal 0 0 -1
    outer loop
      vertex -71.7218945267741 -44.41454373566452 0
      vertex -71.5 44.4 0
      vertex -71.5 -44.4 0
    endloop
  endfacet
  facet normal 0 0 -1
    outer loop
      vertex -71.5 -44.4 0
      vertex -71.5 44.4 0
      vertex -71.2781054732259 -44.41454373566452 0
    endloop
  endfacet
  facet normal 0 0 -1
    outer loop
      vertex -71.2781054732259 -44.41454373566452 0
      vertex -71.5 44.4 0
      vertex -71.06000762332572 -44.457926095308586 0
    endloop
  endfacet
  facet normal 0 0 -1
    outer loop
      vertex -71.06000762332572 -44.457926095308586 0
      vertex -71.5 44.4 0
      vertex -70.84943816497935 -44.529404794730816 0
    endloop
  endfacet
  facet normal 0 0 -1
    outer loop
      vertex -70.84943816497935 -44.529404794730816 0
      vertex -71.5 44.4 0
      vertex -70.65 -44.62775681356646 0
    endloop
  endfacet
  facet normal 0 0 -1
    outer loop
      vertex -70.65 -44.62775681356646 0
      vertex -71.5 44.4 0
      vertex -70.46510557068518 -44.7512993215049 0
    endloop
  endfacet
  facet normal 0 0 -1
    outer loop
      vertex -70.46510557068518 -44.7512993215049 0
      vertex -71.5 44.4 0
      vertex -70.29791847198287 -44.89791847198287 0
    endloop
  endfacet
  facet normal 0 0 -1
    outer loop
      vertex -70.1512993215049 45.065105570685176 0
      vertex -70.1512993215049 -45.065105570685176 0
      vertex -70.29791847198287 -44.89791847198287 0
    endloop
  endfacet
  facet normal 0 0 -1
    outer loop
      vertex -79.5 -54.1 0
      vertex -72.8487006784951 -45.065105570685176 0
      vertex -72.97224318643354 -45.25 0
    endloop
  endfacet
  facet normal 0 0 -1
    outer loop
      vertex -79.5 -54.1 0
      vertex -72.97224318643354 -45.25 0
      vertex -73.07059520526919 -45.44943816497935 0
    endloop
  endfacet
  facet normal 0 0 -1
    outer loop
      vertex -79.5 -54.1 0
      vertex -73.07059520526919 -45.44943816497935 0
      vertex -73.14207390469142 -45.66000762332572 0
    endloop
  endfacet
  facet normal 0 0 -1
    outer loop
      vertex -79.5 -54.1 0
      vertex -73.14207390469142 -45.66000762332572 0
      vertex -73.18545626433547 -45.878105473225915 0
    endloop
  endfacet
  facet normal 0 0 -1
    outer loop
      vertex -79.5 -54.1 0
      vertex -73.18545626433547 -45.878105473225915 0
      vertex -73.2 -46.1 0
    endloop
  endfacet
  facet normal 0 0 -1
    outer loop
      vertex -79.5 -54.1 0
      vertex -73.2 -46.1 0
      vertex -73.18545626433547 -46.32189452677409 0
    endloop
  endfacet
  facet normal 0 0 -1
    outer loop
      vertex -79.5 -54.1 0
      vertex -73.18545626433547 -46.32189452677409 0
      vertex -73.14207390469142 -46.539992376674284 0
    endloop
  endfacet
  facet normal 0 0 -1
    outer loop
      vertex -79.5 -54.1 0
      vertex -73.14207390469142 -46.539992376674284 0
      vertex -73.07059520526919 -46.750561835020655 0
    endloop
  endfacet
  facet normal 0 0 -1
    outer loop
      vertex -79.5 -54.1 0
      vertex -73.07059520526919 -46.750561835020655 0
      vertex -72.97224318643354 -46.95 0
    endloop
  endfacet
  facet normal 0 0 -1
    outer loop
      vertex -79.5 -54.1 0
      vertex -72.97224318643354 -46.95 0
      vertex -72.8487006784951 -47.134894429314826 0
    endloop
  endfacet
  facet normal 0 0 -1
    outer loop
      vertex -79.5 -54.1 0
      vertex -72.8487006784951 -47.134894429314826 0
      vertex -72.70208152801713 -47.30208152801713 0
    endloop
  endfacet
  facet normal 0 0 -1
    outer loop
      vertex -79.5 -54.1 0
      vertex -72.70208152801713 -47.30208152801713 0
      vertex -72.53489442931482 -47.4487006784951 0
    endloop
  endfacet
  facet normal 0 0 -1
    outer loop
      vertex -79.5 -54.1 0
      vertex -72.53489442931482 -47.4487006784951 0
      vertex -72.35 -47.572243186433546 0
    endloop
  endfacet
  facet normal 0 0 -1
    outer loop
      vertex -79.5 -54.1 0
      vertex -72.35 -47.572243186433546 0
      vertex -72.15056183502065 -47.67059520526919 0
    endloop
  endfacet
  facet normal 0 0 -1
    outer loop
      vertex -79.5 -54.1 0
      vertex -72.15056183502065 -47.67059520526919 0
      vertex -71.93999237667428 -47.742073904691416 0
    endloop
  endfacet
  facet normal 0 0 -1
    outer loop
      vertex -79.5 -54.1 0
      vertex -71.93999237667428 -47.742073904691416 0
      vertex -71.7218945267741 -47.78545626433548 0
    endloop
  endfacet
  facet normal 0 0 -1
    outer loop
      vertex -79.5 -54.1 0
      vertex -71.7218945267741 -47.78545626433548 0
      vertex -71.5 -47.800000000000004 0
    endloop
  endfacet
  facet normal 0 0 -1
    outer loop
      vertex -79.5 -54.1 0
      vertex -71.5 -47.800000000000004 0
      vertex -71.2781054732259 -47.78545626433548 0
    endloop
  endfacet
  facet normal 0 0 -1
    outer loop
      vertex -59.5 -34.1 0
      vertex -70.02775681356646 -45.25 0
      vertex -70.1512993215049 -45.065105570685176 0
    endloop
  endfacet
  facet normal 0 0 -1
    outer loop
      vertex -59.5 -34.1 0
      vertex -69.92940479473081 -45.44943816497935 0
      vertex -70.02775681356646 -45.25 0
    endloop
  endfacet
  facet normal 0 0 -1
    outer loop
      vertex -59.5 -34.1 0
      vertex -69.85792609530858 -45.66000762332572 0
      vertex -69.92940479473081 -45.44943816497935 0
    endloop
  endfacet
  facet normal 0 0 -1
    outer loop
      vertex -59.5 -34.1 0
      vertex -69.81454373566453 -45.878105473225915 0
      vertex -69.85792609530858 -45.66000762332572 0
    endloop
  endfacet
  facet normal 0 0 -1
    outer loop
      vertex -59.5 -34.1 0
      vertex -69.8 -46.1 0
      vertex -69.81454373566453 -45.878105473225915 0
    endloop
  endfacet
  facet normal 0 0 -1
    outer loop
      vertex -59.5 -34.1 0
      vertex -69.81454373566453 -46.32189452677409 0
      vertex -69.8 -46.1 0
    endloop
  endfacet
  facet normal 0 0 -1
    outer loop
      vertex -59.5 -34.1 0
      vertex -70.02775681356646 -46.95 0
      vertex -69.92940479473081 -46.750561835020655 0
    endloop
  endfacet
  facet normal 0 0 -1
    outer loop
      vertex -59.5 -34.1 0
      vertex -70.1512993215049 -47.134894429314826 0
      vertex -70.02775681356646 -46.95 0
    endloop
  endfacet
  facet normal 0 0 -1
    outer loop
      vertex -59.5 -34.1 0
      vertex -69.85792609530858 -46.539992376674284 0
      vertex -69.81454373566453 -46.32189452677409 0
    endloop
  endfacet
  facet normal 0 0 -1
    outer loop
      vertex -59.5 -34.1 0
      vertex -69.92940479473081 -46.750561835020655 0
      vertex -69.85792609530858 -46.539992376674284 0
    endloop
  endfacet
  facet normal -1 0 0
    outer loop
      vertex -79.5 54.1 0
      vertex -79.5 -54.1 0
      vertex -79.5 -54.1 4
    endloop
  endfacet
  facet normal 0 0 -1
    outer loop
      vertex -59.5 -34.1 0
      vertex 50.109981515711645 -34.1 0
      vertex -70.1512993215049 -47.134894429314826 0
    endloop
  endfacet
  facet normal 0 0 -1
    outer loop
      vertex -70.46510557068518 -47.4487006784951 0
      vertex 50.109981515711645 -34.1 0
      vertex -70.65 -47.572243186433546 0
    endloop
  endfacet
  facet normal 0 0 -1
    outer loop
      vertex -70.29791847198287 -47.30208152801713 0
      vertex 50.109981515711645 -34.1 0
      vertex -70.46510557068518 -47.4487006784951 0
    endloop
  endfacet
  facet normal 0 0 -1
    outer loop
      vertex -70.29791847198287 -47.30208152801713 0
      vertex -70.1512993215049 -47.134894429314826 0
      vertex 50.109981515711645 -34.1 0
    endloop
  endfacet
  facet normal 0 0 -1
    outer loop
      vertex -71.06000762332572 -47.742073904691416 0
      vertex 50.109981515711645 -34.1 0
      vertex -71.2781054732259 -47.78545626433548 0
    endloop
  endfacet
  facet normal 0 0 -1
    outer loop
      vertex -70.84943816497935 -47.67059520526919 0
      vertex 50.109981515711645 -34.1 0
      vertex -71.06000762332572 -47.742073904691416 0
    endloop
  endfacet
  facet normal 0 0 -1
    outer loop
      vertex -70.65 -47.572243186433546 0
      vertex 50.109981515711645 -34.1 0
      vertex -70.84943816497935 -47.67059520526919 0
    endloop
  endfacet
  facet normal 0 0 -1
    outer loop
      vertex -79.5 -54.1 0
      vertex -71.2781054732259 -47.78545626433548 0
      vertex 50.109981515711645 -34.1 0
    endloop
  endfacet
  facet normal 0 -1 0
    outer loop
      vertex -79.5 -54.1 0
      vertex 79.5 -54.1 0
      vertex -79.5 -54.1 4
    endloop
  endfacet
  facet normal -1 0 0
    outer loop
      vertex -79.5 54.1 0
      vertex -79.5 -54.1 4
      vertex -79.5 54.1 4
    endloop
  endfacet
  facet normal 0 0 1
    outer loop
      vertex -79.5 54.1 4
      vertex -73.07059520526919 46.750561835020655 4
      vertex -72.97224318643354 46.95 4
    endloop
  endfacet
  facet normal 0 0 1
    outer loop
      vertex -79.5 54.1 4
      vertex -73.14207390469142 46.539992376674284 4
      vertex -73.07059520526919 46.750561835020655 4
    endloop
  endfacet
  facet normal 0 0 1
    outer loop
      vertex -79.5 54.1 4
      vertex -72.8487006784951 47.134894429314826 4
      vertex -72.70208152801713 47.30208152801713 4
    endloop
  endfacet
  facet normal 0 0 1
    outer loop
      vertex -79.5 54.1 4
      vertex -72.70208152801713 47.30208152801713 4
      vertex -72.53489442931482 47.4487006784951 4
    endloop
  endfacet
  facet normal 0 0 1
    outer loop
      vertex -79.5 54.1 4
      vertex -72.53489442931482 47.4487006784951 4
      vertex -72.35 47.572243186433546 4
    endloop
  endfacet
  facet normal 0 0 1
    outer loop
      vertex -79.5 54.1 4
      vertex -72.35 47.572243186433546 4
      vertex -72.15056183502065 47.67059520526919 4
    endloop
  endfacet
  facet normal 0 0 1
    outer loop
      vertex -79.5 54.1 4
      vertex -72.97224318643354 46.95 4
      vertex -72.8487006784951 47.134894429314826 4
    endloop
  endfacet
  facet normal 0 0 1
    outer loop
      vertex -79.5 54.1 4
      vertex -73.18545626433547 46.32189452677409 4
      vertex -73.14207390469142 46.539992376674284 4
    endloop
  endfacet
  facet normal 0 0 1
    outer loop
      vertex -79.5 54.1 4
      vertex -73.2 46.1 4
      vertex -73.18545626433547 46.32189452677409 4
    endloop
  endfacet
  facet normal 0 0 1
    outer loop
      vertex -79.5 54.1 4
      vertex -73.18545626433547 45.878105473225915 4
      vertex -73.2 46.1 4
    endloop
  endfacet
  facet normal 0 0 1
    outer loop
      vertex -79.5 54.1 4
      vertex -73.14207390469142 45.66000762332572 4
      vertex -73.18545626433547 45.878105473225915 4
    endloop
  endfacet
  facet normal 0 0 1
    outer loop
      vertex -79.5 54.1 4
      vertex -73.07059520526919 45.44943816497935 4
      vertex -73.14207390469142 45.66000762332572 4
    endloop
  endfacet
  facet normal 0 0 1
    outer loop
      vertex -79.5 54.1 4
      vertex -72.97224318643354 45.25 4
      vertex -73.07059520526919 45.44943816497935 4
    endloop
  endfacet
  facet normal 0 0 1
    outer loop
      vertex -79.5 54.1 4
      vertex -72.8487006784951 45.065105570685176 4
      vertex -72.97224318643354 45.25 4
    endloop
  endfacet
  facet normal 0 0 1
    outer loop
      vertex -79.5 54.1 4
      vertex -71.93999237667428 47.742073904691416 4
      vertex -71.7218945267741 47.78545626433548 4
    endloop
  endfacet
  facet normal 0 0 1
    outer loop
      vertex -79.5 54.1 4
      vertex -71.7218945267741 47.78545626433548 4
      vertex -71.5 47.800000000000004 4
    endloop
  endfacet
  facet normal 0 0 1
    outer loop
      vertex -79.5 54.1 4
      vertex -71.5 47.800000000000004 4
      vertex -71.2781054732259 47.78545626433548 4
    endloop
  endfacet
  facet normal 0 0 1
    outer loop
      vertex -79.5 54.1 4
      vertex -72.15056183502065 47.67059520526919 4
      vertex -71.93999237667428 47.742073904691416 4
    endloop
  endfacet
  facet normal 0 0 1
    outer loop
      vertex -70.1512993215049 47.134894429314826 4
      vertex -70.02775681356646 46.95 4
      vertex -59.5 34.1 4
    endloop
  endfacet
  facet normal 0 0 1
    outer loop
      vertex -70.02775681356646 46.95 4
      vertex -69.92940479473081 46.750561835020655 4
      vertex -59.5 34.1 4
    endloop
  endfacet
  facet normal 0 0 1
    outer loop
      vertex -69.92940479473081 46.750561835020655 4
      vertex -69.85792609530858 46.539992376674284 4
      vertex -59.5 34.1 4
    endloop
  endfacet
  facet normal 0 0 1
    outer loop
      vertex -69.85792609530858 46.539992376674284 4
      vertex -69.81454373566453 46.32189452677409 4
      vertex -59.5 34.1 4
    endloop
  endfacet
  facet normal 0 0 1
    outer loop
      vertex -69.92940479473081 45.44943816497935 4
      vertex -70.02775681356646 45.25 4
      vertex -59.5 34.1 4
    endloop
  endfacet
  facet normal 0 0 1
    outer loop
      vertex -70.02775681356646 45.25 4
      vertex -70.1512993215049 45.065105570685176 4
      vertex -59.5 34.1 4
    endloop
  endfacet
  facet normal 0 0 1
    outer loop
      vertex -69.81454373566453 46.32189452677409 4
      vertex -69.8 46.1 4
      vertex -59.5 34.1 4
    endloop
  endfacet
  facet normal 0 0 1
    outer loop
      vertex -69.8 46.1 4
      vertex -69.81454373566453 45.878105473225915 4
      vertex -59.5 34.1 4
    endloop
  endfacet
  facet normal 0 0 1
    outer loop
      vertex -69.81454373566453 45.878105473225915 4
      vertex -69.85792609530858 45.66000762332572 4
      vertex -59.5 34.1 4
    endloop
  endfacet
  facet normal 0 0 1
    outer loop
      vertex -69.85792609530858 45.66000762332572 4
      vertex -69.92940479473081 45.44943816497935 4
      vertex -59.5 34.1 4
    endloop
  endfacet
  facet normal 0 0 1
    outer loop
      vertex -79.5 54.1 4
      vertex -72.70208152801713 -44.89791847198287 4
      vertex -72.8487006784951 45.065105570685176 4
    endloop
  endfacet
  facet normal 0 0 1
    outer loop
      vertex -72.70208152801713 44.89791847198287 4
      vertex -72.8487006784951 45.065105570685176 4
      vertex -72.70208152801713 -44.89791847198287 4
    endloop
  endfacet
  facet normal 0 0 1
    outer loop
      vertex -72.70208152801713 44.89791847198287 4
      vertex -72.53489442931482 -44.7512993215049 4
      vertex -72.53489442931482 44.7512993215049 4
    endloop
  endfacet
  facet normal 0 0 1
    outer loop
      vertex -72.53489442931482 44.7512993215049 4
      vertex -71.5 -44.4 4
      vertex -72.35 44.62775681356646 4
    endloop
  endfacet
  facet normal 0 0 1
    outer loop
      vertex -72.35 44.62775681356646 4
      vertex -71.5 -44.4 4
      vertex -72.15056183502065 44.529404794730816 4
    endloop
  endfacet
  facet normal 0 0 1
    outer loop
      vertex -72.15056183502065 44.529404794730816 4
      vertex -71.5 -44.4 4
      vertex -71.93999237667428 44.457926095308586 4
    endloop
  endfacet
  facet normal 0 0 1
    outer loop
      vertex -71.93999237667428 44.457926095308586 4
      vertex -71.5 -44.4 4
      vertex -71.7218945267741 44.41454373566452 4
    endloop
  endfacet
  facet normal 0 0 1
    outer loop
      vertex -71.7218945267741 44.41454373566452 4
      vertex -71.5 -44.4 4
      vertex -71.5 44.4 4
    endloop
  endfacet
  facet normal 0 0 1
    outer loop
      vertex -71.5 44.4 4
      vertex -71.5 -44.4 4
      vertex -71.2781054732259 44.41454373566452 4
    endloop
  endfacet
  facet normal 0 0 1
    outer loop
      vertex -71.2781054732259 44.41454373566452 4
      vertex -71.5 -44.4 4
      vertex -71.06000762332572 44.457926095308586 4
    endloop
  endfacet
  facet normal 0 0 1
    outer loop
      vertex -71.06000762332572 44.457926095308586 4
      vertex -71.5 -44.4 4
      vertex -70.84943816497935 44.529404794730816 4
    endloop
  endfacet
  facet normal 0 0 1
    outer loop
      vertex -70.84943816497935 44.529404794730816 4
      vertex -71.5 -44.4 4
      vertex -70.65 44.62775681356646 4
    endloop
  endfacet
  facet normal 0 0 1
    outer loop
      vertex -70.65 44.62775681356646 4
      vertex -71.5 -44.4 4
      vertex -70.46510557068518 44.7512993215049 4
    endloop
  endfacet
  facet normal 0 0 1
    outer loop
      vertex -70.46510557068518 44.7512993215049 4
      vertex -71.5 -44.4 4
      vertex -70.29791847198287 44.89791847198287 4
    endloop
  endfacet
  facet normal 0 0 1
    outer loop
      vertex -70.1512993215049 45.065105570685176 4
      vertex -70.29791847198287 44.89791847198287 4
      vertex -70.1512993215049 -45.065105570685176 4
    endloop
  endfacet
  facet normal 0 0 1
    outer loop
      vertex -70.1512993215049 45.065105570685176 4
      vertex -70.1512993215049 -45.065105570685176 4
      vertex -59.5 34.1 4
    endloop
  endfacet
  facet normal 0 1 0
    outer loop
      vertex -79.5 54.1 0
      vertex -79.5 54.1 4
      vertex 79.5 54.1 4
    endloop
  endfacet
  facet normal 0 0 1
    outer loop
      vertex -79.5 54.1 4
      vertex -71.2781054732259 47.78545626433548 4
      vertex 50.109981515711645 34.1 4
    endloop
  endfacet
  facet normal 0 0 1
    outer loop
      vertex -71.06000762332572 47.742073904691416 4
      vertex 50.109981515711645 34.1 4
      vertex -71.2781054732259 47.78545626433548 4
    endloop
  endfacet
  facet normal 0 0 1
    outer loop
      vertex -70.84943816497935 47.67059520526919 4
      vertex 50.109981515711645 34.1 4
      vertex -71.06000762332572 47.742073904691416 4
    endloop
  endfacet
  facet normal 0 0 1
    outer loop
      vertex -70.65 47.572243186433546 4
      vertex 50.109981515711645 34.1 4
      vertex -70.84943816497935 47.67059520526919 4
    endloop
  endfacet
  facet normal 0 0 1
    outer loop
      vertex -70.46510557068518 47.4487006784951 4
      vertex 50.109981515711645 34.1 4
      vertex -70.65 47.572243186433546 4
    endloop
  endfacet
  facet normal 0 0 1
    outer loop
      vertex -70.29791847198287 47.30208152801713 4
      vertex 50.109981515711645 34.1 4
      vertex -70.46510557068518 47.4487006784951 4
    endloop
  endfacet
  facet normal 0 0 1
    outer loop
      vertex -70.29791847198287 47.30208152801713 4
      vertex -70.1512993215049 47.134894429314826 4
      vertex 50.109981515711645 34.1 4
    endloop
  endfacet
  facet normal 0 0 1
    outer loop
      vertex -70.1512993215049 47.134894429314826 4
      vertex -59.5 34.1 4
      vertex 50.109981515711645 34.1 4
    endloop
  endfacet
  facet normal 0 0 1
    outer loop
      vertex -79.5 54.1 4
      vertex -73.07059520526919 -45.44943816497935 4
      vertex -72.97224318643354 -45.25 4
    endloop
  endfacet
  facet normal 0 0 1
    outer loop
      vertex -79.5 54.1 4
      vertex -73.14207390469142 -45.66000762332572 4
      vertex -73.07059520526919 -45.44943816497935 4
    endloop
  endfacet
  facet normal 0 0 1
    outer loop
      vertex -79.5 54.1 4
      vertex -73.18545626433547 -45.878105473225915 4
      vertex -73.14207390469142 -45.66000762332572 4
    endloop
  endfacet
  facet normal 0 0 1
    outer loop
      vertex -79.5 54.1 4
      vertex -73.2 -46.1 4
      vertex -73.18545626433547 -45.878105473225915 4
    endloop
  endfacet
  facet normal 0 0 1
    outer loop
      vertex -79.5 54.1 4
      vertex -72.8487006784951 -45.065105570685176 4
      vertex -72.70208152801713 -44.89791847198287 4
    endloop
  endfacet
  facet normal 0 0 1
    outer loop
      vertex -79.5 54.1 4
      vertex -72.97224318643354 -45.25 4
      vertex -72.8487006784951 -45.065105570685176 4
    endloop
  endfacet
  facet normal 0 0 1
    outer loop
      vertex -79.5 54.1 4
      vertex -79.5 -54.1 4
      vertex -73.2 -46.1 4
    endloop
  endfacet
  facet normal 0 0 1
    outer loop
      vertex -71.93999237667428 -44.457926095308586 4
      vertex -72.53489442931482 44.7512993215049 4
      vertex -72.15056183502065 -44.529404794730816 4
    endloop
  endfacet
  facet normal 0 0 1
    outer loop
      vertex -71.7218945267741 -44.41454373566452 4
      vertex -72.53489442931482 44.7512993215049 4
      vertex -71.93999237667428 -44.457926095308586 4
    endloop
  endfacet
  facet normal 0 0 1
    outer loop
      vertex -72.70208152801713 44.89791847198287 4
      vertex -72.70208152801713 -44.89791847198287 4
      vertex -72.53489442931482 -44.7512993215049 4
    endloop
  endfacet
  facet normal 0 0 1
    outer loop
      vertex -72.35 -44.62775681356646 4
      vertex -72.53489442931482 44.7512993215049 4
      vertex -72.53489442931482 -44.7512993215049 4
    endloop
  endfacet
  facet normal 0 0 1
    outer loop
      vertex -72.15056183502065 -44.529404794730816 4
      vertex -72.53489442931482 44.7512993215049 4
      vertex -72.35 -44.62775681356646 4
    endloop
  endfacet
  facet normal 0 0 1
    outer loop
      vertex -71.5 -44.4 4
      vertex -72.53489442931482 44.7512993215049 4
      vertex -71.7218945267741 -44.41454373566452 4
    endloop
  endfacet
  facet normal 0 0 1
    outer loop
      vertex -71.2781054732259 -44.41454373566452 4
      vertex -70.29791847198287 44.89791847198287 4
      vertex -71.5 -44.4 4
    endloop
  endfacet
  facet normal 0 0 1
    outer loop
      vertex -71.06000762332572 -44.457926095308586 4
      vertex -70.29791847198287 44.89791847198287 4
      vertex -71.2781054732259 -44.41454373566452 4
    endloop
  endfacet
  facet normal 0 0 1
    outer loop
      vertex -70.84943816497935 -44.529404794730816 4
      vertex -70.29791847198287 44.89791847198287 4
      vertex -71.06000762332572 -44.457926095308586 4
    endloop
  endfacet
  facet normal 0 0 1
    outer loop
      vertex -70.65 -44.62775681356646 4
      vertex -70.29791847198287 44.89791847198287 4
      vertex -70.84943816497935 -44.529404794730816 4
    endloop
  endfacet
  facet normal 0 0 1
    outer loop
      vertex -70.46510557068518 -44.7512993215049 4
      vertex -70.29791847198287 44.89791847198287 4
      vertex -70.65 -44.62775681356646 4
    endloop
  endfacet
  facet normal 0 0 1
    outer loop
      vertex -70.29791847198287 -44.89791847198287 4
      vertex -70.29791847198287 44.89791847198287 4
      vertex -70.46510557068518 -44.7512993215049 4
    endloop
  endfacet
  facet normal 0 0 1
    outer loop
      vertex -70.29791847198287 -44.89791847198287 4
      vertex -70.1512993215049 -45.065105570685176 4
      vertex -70.29791847198287 44.89791847198287 4
    endloop
  endfacet
  facet normal 0 0 1
    outer loop
      vertex -59.5 -34.1 4
      vertex -59.5 34.1 4
      vertex -70.1512993215049 -45.065105570685176 4
    endloop
  endfacet
  facet normal 0 0 1
    outer loop
      vertex -50.109981515711645 -34.1 4
      vertex -59.5 -34.1 4
      vertex -69.81454373566453 -45.878105473225915 4
    endloop
  endfacet
  facet normal 0 0 1
    outer loop
      vertex -79.5 -54.1 4
      vertex -73.18545626433547 -46.32189452677409 4
      vertex -73.2 -46.1 4
    endloop
  endfacet
  facet normal 0 0 1
    outer loop
      vertex -79.5 -54.1 4
      vertex -73.14207390469142 -46.539992376674284 4
      vertex -73.18545626433547 -46.32189452677409 4
    endloop
  endfacet
  facet normal 0 0 1
    outer loop
      vertex -79.5 -54.1 4
      vertex -73.07059520526919 -46.750561835020655 4
      vertex -73.14207390469142 -46.539992376674284 4
    endloop
  endfacet
  facet normal 0 0 1
    outer loop
      vertex -79.5 -54.1 4
      vertex -72.97224318643354 -46.95 4
      vertex -73.07059520526919 -46.750561835020655 4
    endloop
  endfacet
  facet normal 0 0 1
    outer loop
      vertex -79.5 -54.1 4
      vertex -72.8487006784951 -47.134894429314826 4
      vertex -72.97224318643354 -46.95 4
    endloop
  endfacet
  facet normal 0 0 1
    outer loop
      vertex -79.5 -54.1 4
      vertex -72.70208152801713 -47.30208152801713 4
      vertex -72.8487006784951 -47.134894429314826 4
    endloop
  endfacet
  facet normal 0 0 1
    outer loop
      vertex -79.5 -54.1 4
      vertex -72.53489442931482 -47.4487006784951 4
      vertex -72.70208152801713 -47.30208152801713 4
    endloop
  endfacet
  facet normal 0 0 1
    outer loop
      vertex -79.5 -54.1 4
      vertex -72.35 -47.572243186433546 4
      vertex -72.53489442931482 -47.4487006784951 4
    endloop
  endfacet
  facet normal 0 0 1
    outer loop
      vertex -79.5 -54.1 4
      vertex -72.15056183502065 -47.67059520526919 4
      vertex -72.35 -47.572243186433546 4
    endloop
  endfacet
  facet normal 0 0 1
    outer loop
      vertex -79.5 -54.1 4
      vertex -71.93999237667428 -47.742073904691416 4
      vertex -72.15056183502065 -47.67059520526919 4
    endloop
  endfacet
  facet normal 0 0 1
    outer loop
      vertex -79.5 -54.1 4
      vertex -70.84943816497935 -47.67059520526919 4
      vertex -71.06000762332572 -47.742073904691416 4
    endloop
  endfacet
  facet normal 0 0 1
    outer loop
      vertex -79.5 -54.1 4
      vertex -70.65 -47.572243186433546 4
      vertex -70.84943816497935 -47.67059520526919 4
    endloop
  endfacet
  facet normal 0 0 1
    outer loop
      vertex -79.5 -54.1 4
      vertex -71.7218945267741 -47.78545626433548 4
      vertex -71.93999237667428 -47.742073904691416 4
    endloop
  endfacet
  facet normal 0 0 1
    outer loop
      vertex -79.5 -54.1 4
      vertex -71.5 -47.800000000000004 4
      vertex -71.7218945267741 -47.78545626433548 4
    endloop
  endfacet
  facet normal 0 0 1
    outer loop
      vertex -79.5 -54.1 4
      vertex -71.2781054732259 -47.78545626433548 4
      vertex -71.5 -47.800000000000004 4
    endloop
  endfacet
  facet normal 0 0 1
    outer loop
      vertex -79.5 -54.1 4
      vertex -71.06000762332572 -47.742073904691416 4
      vertex -71.2781054732259 -47.78545626433548 4
    endloop
  endfacet
  facet normal 0 0 1
    outer loop
      vertex -59.5 -34.1 4
      vertex -70.1512993215049 -45.065105570685176 4
      vertex -70.02775681356646 -45.25 4
    endloop
  endfacet
  facet normal 0 0 1
    outer loop
      vertex -59.5 -34.1 4
      vertex -70.02775681356646 -45.25 4
      vertex -69.92940479473081 -45.44943816497935 4
    endloop
  endfacet
  facet normal 0 0 1
    outer loop
      vertex -59.5 -34.1 4
      vertex -69.92940479473081 -45.44943816497935 4
      vertex -69.85792609530858 -45.66000762332572 4
    endloop
  endfacet
  facet normal 0 0 1
    outer loop
      vertex -59.5 -34.1 4
      vertex -69.85792609530858 -45.66000762332572 4
      vertex -69.81454373566453 -45.878105473225915 4
    endloop
  endfacet
  facet normal 0 0 1
    outer loop
      vertex -79.5 -54.1 4
      vertex -50.109981515711645 -34.1 4
      vertex -70.65 -47.572243186433546 4
    endloop
  endfacet
  facet normal 0 0 1
    outer loop
      vertex -50.109981515711645 -34.1 4
      vertex -69.81454373566453 -45.878105473225915 4
      vertex -69.8 -46.1 4
    endloop
  endfacet
  facet normal 0 0 1
    outer loop
      vertex -50.109981515711645 -34.1 4
      vertex -69.8 -46.1 4
      vertex -69.81454373566453 -46.32189452677409 4
    endloop
  endfacet
  facet normal 0 0 1
    outer loop
      vertex -50.109981515711645 -34.1 4
      vertex -69.92940479473081 -46.750561835020655 4
      vertex -70.02775681356646 -46.95 4
    endloop
  endfacet
  facet normal 0 0 1
    outer loop
      vertex -50.109981515711645 -34.1 4
      vertex -70.46510557068518 -47.4487006784951 4
      vertex -70.65 -47.572243186433546 4
    endloop
  endfacet
  facet normal 0 0 1
    outer loop
      vertex -50.109981515711645 -34.1 4
      vertex -70.1512993215049 -47.134894429314826 4
      vertex -70.29791847198287 -47.30208152801713 4
    endloop
  endfacet
  facet normal 0 0 1
    outer loop
      vertex -50.109981515711645 -34.1 4
      vertex -70.02775681356646 -46.95 4
      vertex -70.1512993215049 -47.134894429314826 4
    endloop
  endfacet
  facet normal 0 0 1
    outer loop
      vertex -50.109981515711645 -34.1 4
      vertex -70.29791847198287 -47.30208152801713 4
      vertex -70.46510557068518 -47.4487006784951 4
    endloop
  endfacet
  facet normal 0 0 1
    outer loop
      vertex -50.109981515711645 -34.1 4
      vertex -69.81454373566453 -46.32189452677409 4
      vertex -69.85792609530858 -46.539992376674284 4
    endloop
  endfacet
  facet normal 0 0 1
    outer loop
      vertex -50.109981515711645 -34.1 4
      vertex -69.85792609530858 -46.539992376674284 4
      vertex -69.92940479473081 -46.750561835020655 4
    endloop
  endfacet
  facet normal 0 0 1
    outer loop
      vertex -79.5 -54.1 4
      vertex 79.5 -54.1 4
      vertex -50.109981515711645 -34.1 4
    endloop
  endfacet
  facet normal 0 0 -1
    outer loop
      vertex 79.5 54.1 0
      vertex 71.2781054732259 47.78545626433548 0
      vertex -50.109981515711645 34.1 0
    endloop
  endfacet
  facet normal 0 0 -1
    outer loop
      vertex -50.109981515711645 34.1 0
      vertex 70.84943816497935 47.67059520526919 0
      vertex 70.65 47.572243186433546 0
    endloop
  endfacet
  facet normal 0 0 -1
    outer loop
      vertex -50.109981515711645 34.1 0
      vertex 71.2781054732259 47.78545626433548 0
      vertex 71.06000762332572 47.742073904691416 0
    endloop
  endfacet
  facet normal 0 0 -1
    outer loop
      vertex -50.109981515711645 34.1 0
      vertex 71.06000762332572 47.742073904691416 0
      vertex 70.84943816497935 47.67059520526919 0
    endloop
  endfacet
  facet normal 0 0 -1
    outer loop
      vertex -50.109981515711645 34.1 0
      vertex 70.29791847198287 47.30208152801713 0
      vertex 70.1512993215049 47.134894429314826 0
    endloop
  endfacet
  facet normal 0 0 -1
    outer loop
      vertex -50.109981515711645 34.1 0
      vertex 70.46510557068518 47.4487006784951 0
      vertex 70.29791847198287 47.30208152801713 0
    endloop
  endfacet
  facet normal 0 0 -1
    outer loop
      vertex -50.109981515711645 34.1 0
      vertex 70.65 47.572243186433546 0
      vertex 70.46510557068518 47.4487006784951 0
    endloop
  endfacet
  facet normal 0 0 -1
    outer loop
      vertex -50.109981515711645 34.1 0
      vertex 70.1512993215049 47.134894429314826 0
      vertex 59.5 34.1 0
    endloop
  endfacet
  facet normal 0 1 0
    outer loop
      vertex -79.5 54.1 0
      vertex 79.5 54.1 4
      vertex 79.5 54.1 0
    endloop
  endfacet
  facet normal 0 0 -1
    outer loop
      vertex 69.92940479473081 46.750561835020655 0
      vertex 69.85792609530858 46.539992376674284 0
      vertex 59.5 34.1 0
    endloop
  endfacet
  facet normal 0 0 -1
    outer loop
      vertex 69.85792609530858 46.539992376674284 0
      vertex 69.81454373566453 46.32189452677409 0
      vertex 59.5 34.1 0
    endloop
  endfacet
  facet normal 0 0 -1
    outer loop
      vertex 70.1512993215049 47.134894429314826 0
      vertex 70.02775681356646 46.95 0
      vertex 59.5 34.1 0
    endloop
  endfacet
  facet normal 0 0 -1
    outer loop
      vertex 70.02775681356646 46.95 0
      vertex 69.92940479473081 46.750561835020655 0
      vertex 59.5 34.1 0
    endloop
  endfacet
  facet normal 0 0 -1
    outer loop
      vertex 69.81454373566453 46.32189452677409 0
      vertex 69.8 46.1 0
      vertex 59.5 34.1 0
    endloop
  endfacet
  facet normal 0 0 -1
    outer loop
      vertex 69.8 46.1 0
      vertex 69.81454373566453 45.878105473225915 0
      vertex 59.5 34.1 0
    endloop
  endfacet
  facet normal 0 0 -1
    outer loop
      vertex 69.81454373566453 45.878105473225915 0
      vertex 69.85792609530858 45.66000762332572 0
      vertex 59.5 34.1 0
    endloop
  endfacet
  facet normal 0 0 -1
    outer loop
      vertex 69.85792609530858 45.66000762332572 0
      vertex 69.92940479473081 45.44943816497935 0
      vertex 59.5 34.1 0
    endloop
  endfacet
  facet normal 0 0 -1
    outer loop
      vertex 69.92940479473081 45.44943816497935 0
      vertex 70.02775681356646 45.25 0
      vertex 59.5 34.1 0
    endloop
  endfacet
  facet normal 0 0 -1
    outer loop
      vertex 70.02775681356646 45.25 0
      vertex 70.1512993215049 45.065105570685176 0
      vertex 59.5 34.1 0
    endloop
  endfacet
  facet normal 0 0 -1
    outer loop
      vertex 79.5 54.1 0
      vertex 71.5 47.800000000000004 0
      vertex 71.2781054732259 47.78545626433548 0
    endloop
  endfacet
  facet normal 0 0 -1
    outer loop
      vertex 79.5 54.1 0
      vertex 71.7218945267741 47.78545626433548 0
      vertex 71.5 47.800000000000004 0
    endloop
  endfacet
  facet normal 0 0 -1
    outer loop
      vertex 79.5 54.1 0
      vertex 71.93999237667428 47.742073904691416 0
      vertex 71.7218945267741 47.78545626433548 0
    endloop
  endfacet
  facet normal 0 0 -1
    outer loop
      vertex 79.5 54.1 0
      vertex 72.15056183502065 47.67059520526919 0
      vertex 71.93999237667428 47.742073904691416 0
    endloop
  endfacet
  facet normal 0 0 -1
    outer loop
      vertex 79.5 54.1 0
      vertex 72.35 47.572243186433546 0
      vertex 72.15056183502065 47.67059520526919 0
    endloop
  endfacet
  facet normal 0 0 -1
    outer loop
      vertex 79.5 54.1 0
      vertex 72.53489442931482 47.4487006784951 0
      vertex 72.35 47.572243186433546 0
    endloop
  endfacet
  facet normal 0 0 -1
    outer loop
      vertex 79.5 54.1 0
      vertex 72.70208152801713 47.30208152801713 0
      vertex 72.53489442931482 47.4487006784951 0
    endloop
  endfacet
  facet normal 0 0 -1
    outer loop
      vertex 79.5 54.1 0
      vertex 72.8487006784951 47.134894429314826 0
      vertex 72.70208152801713 47.30208152801713 0
    endloop
  endfacet
  facet normal 0 0 -1
    outer loop
      vertex 79.5 54.1 0
      vertex 72.97224318643354 46.95 0
      vertex 72.8487006784951 47.134894429314826 0
    endloop
  endfacet
  facet normal 0 0 -1
    outer loop
      vertex 79.5 54.1 0
      vertex 73.07059520526919 46.750561835020655 0
      vertex 72.97224318643354 46.95 0
    endloop
  endfacet
  facet normal 0 0 -1
    outer loop
      vertex 79.5 54.1 0
      vertex 73.14207390469142 46.539992376674284 0
      vertex 73.07059520526919 46.750561835020655 0
    endloop
  endfacet
  facet normal 0 0 -1
    outer loop
      vertex 79.5 54.1 0
      vertex 73.18545626433547 46.32189452677409 0
      vertex 73.14207390469142 46.539992376674284 0
    endloop
  endfacet
  facet normal 0 0 -1
    outer loop
      vertex 79.5 54.1 0
      vertex 73.2 46.1 0
      vertex 73.18545626433547 46.32189452677409 0
    endloop
  endfacet
  facet normal 0 0 -1
    outer loop
      vertex 70.1512993215049 45.065105570685176 0
      vertex 70.29791847198287 44.89791847198287 0
      vertex 70.1512993215049 -45.065105570685176 0
    endloop
  endfacet
  facet normal 0 0 -1
    outer loop
      vertex 70.29791847198287 44.89791847198287 0
      vertex 70.46510557068518 44.7512993215049 0
      vertex 71.5 -44.4 0
    endloop
  endfacet
  facet normal 0 0 -1
    outer loop
      vertex 70.65 44.62775681356646 0
      vertex 71.5 -44.4 0
      vertex 70.46510557068518 44.7512993215049 0
    endloop
  endfacet
  facet normal 0 0 -1
    outer loop
      vertex 70.84943816497935 44.529404794730816 0
      vertex 71.5 -44.4 0
      vertex 70.65 44.62775681356646 0
    endloop
  endfacet
  facet normal 0 0 -1
    outer loop
      vertex 71.06000762332572 44.457926095308586 0
      vertex 71.5 -44.4 0
      vertex 70.84943816497935 44.529404794730816 0
    endloop
  endfacet
  facet normal 0 0 -1
    outer loop
      vertex 71.2781054732259 44.41454373566452 0
      vertex 71.5 -44.4 0
      vertex 71.06000762332572 44.457926095308586 0
    endloop
  endfacet
  facet normal 0 0 -1
    outer loop
      vertex 71.7218945267741 44.41454373566452 0
      vertex 71.5 -44.4 0
      vertex 71.5 44.4 0
    endloop
  endfacet
  facet normal 0 0 -1
    outer loop
      vertex 71.5 44.4 0
      vertex 71.5 -44.4 0
      vertex 71.2781054732259 44.41454373566452 0
    endloop
  endfacet
  facet normal 0 0 -1
    outer loop
      vertex 71.93999237667428 44.457926095308586 0
      vertex 71.5 -44.4 0
      vertex 71.7218945267741 44.41454373566452 0
    endloop
  endfacet
  facet normal 0 0 -1
    outer loop
      vertex 72.15056183502065 44.529404794730816 0
      vertex 71.5 -44.4 0
      vertex 71.93999237667428 44.457926095308586 0
    endloop
  endfacet
  facet normal 0 0 -1
    outer loop
      vertex 72.35 44.62775681356646 0
      vertex 71.5 -44.4 0
      vertex 72.15056183502065 44.529404794730816 0
    endloop
  endfacet
  facet normal 0 0 -1
    outer loop
      vertex 72.53489442931482 44.7512993215049 0
      vertex 71.5 -44.4 0
      vertex 72.35 44.62775681356646 0
    endloop
  endfacet
  facet normal 0 0 -1
    outer loop
      vertex 72.70208152801713 44.89791847198287 0
      vertex 72.53489442931482 -44.7512993215049 0
      vertex 72.53489442931482 44.7512993215049 0
    endloop
  endfacet
  facet normal 0 0 -1
    outer loop
      vertex 72.70208152801713 -44.89791847198287 0
      vertex 72.70208152801713 44.89791847198287 0
      vertex 72.8487006784951 45.065105570685176 0
    endloop
  endfacet
  facet normal 0 0 -1
    outer loop
      vertex 79.5 54.1 0
      vertex 79.5 -54.1 0
      vertex 73.2 46.1 0
    endloop
  endfacet
  facet normal 0 0 -1
    outer loop
      vertex 70.1512993215049 45.065105570685176 0
      vertex 70.1512993215049 -45.065105570685176 0
      vertex 59.5 34.1 0
    endloop
  endfacet
  facet normal 0 0 -1
    outer loop
      vertex 79.5 -54.1 0
      vertex 72.8487006784951 45.065105570685176 0
      vertex 72.97224318643354 45.25 0
    endloop
  endfacet
  facet normal 0 0 -1
    outer loop
      vertex 79.5 -54.1 0
      vertex 73.18545626433547 45.878105473225915 0
      vertex 73.2 46.1 0
    endloop
  endfacet
  facet normal 0 0 -1
    outer loop
      vertex 79.5 -54.1 0
      vertex 73.14207390469142 45.66000762332572 0
      vertex 73.18545626433547 45.878105473225915 0
    endloop
  endfacet
  facet normal 0 0 -1
    outer loop
      vertex 79.5 -54.1 0
      vertex 73.07059520526919 45.44943816497935 0
      vertex 73.14207390469142 45.66000762332572 0
    endloop
  endfacet
  facet normal 0 0 -1
    outer loop
      vertex 79.5 -54.1 0
      vertex 72.97224318643354 45.25 0
      vertex 73.07059520526919 45.44943816497935 0
    endloop
  endfacet
  facet normal 1 0 0
    outer loop
      vertex 79.5 54.1 0
      vertex 79.5 54.1 4
      vertex 79.5 -54.1 0
    endloop
  endfacet
  facet normal 0 0 -1
    outer loop
      vertex -79.5 -54.1 0
      vertex 50.109981515711645 -34.1 0
      vertex 79.5 -54.1 0
    endloop
  endfacet
  facet normal 0 0 -1
    outer loop
      vertex 70.1512993215049 -45.065105570685176 0
      vertex 59.5 -34.1 0
      vertex 59.5 34.1 0
    endloop
  endfacet
  facet normal 0 0 -1
    outer loop
      vertex 70.29791847198287 44.89791847198287 0
      vertex 70.84943816497935 -44.529404794730816 0
      vertex 70.65 -44.62775681356646 0
    endloop
  endfacet
  facet normal 0 0 -1
    outer loop
      vertex 70.29791847198287 44.89791847198287 0
      vertex 71.06000762332572 -44.457926095308586 0
      vertex 70.84943816497935 -44.529404794730816 0
    endloop
  endfacet
  facet normal 0 0 -1
    outer loop
      vertex 70.29791847198287 44.89791847198287 0
      vertex 70.65 -44.62775681356646 0
      vertex 70.46510557068518 -44.7512993215049 0
    endloop
  endfacet
  facet normal 0 0 -1
    outer loop
      vertex 70.29791847198287 44.89791847198287 0
      vertex 70.46510557068518 -44.7512993215049 0
      vertex 70.29791847198287 -44.89791847198287 0
    endloop
  endfacet
  facet normal 0 0 -1
    outer loop
      vertex 70.29791847198287 44.89791847198287 0
      vertex 70.29791847198287 -44.89791847198287 0
      vertex 70.1512993215049 -45.065105570685176 0
    endloop
  endfacet
  facet normal 0 0 -1
    outer loop
      vertex 70.29791847198287 44.89791847198287 0
      vertex 71.2781054732259 -44.41454373566452 0
      vertex 71.06000762332572 -44.457926095308586 0
    endloop
  endfacet
  facet normal 0 0 -1
    outer loop
      vertex 70.29791847198287 44.89791847198287 0
      vertex 71.5 -44.4 0
      vertex 71.2781054732259 -44.41454373566452 0
    endloop
  endfacet
  facet normal 0 0 -1
    outer loop
      vertex 71.5 -44.4 0
      vertex 72.53489442931482 44.7512993215049 0
      vertex 71.7218945267741 -44.41454373566452 0
    endloop
  endfacet
  facet normal 0 0 -1
    outer loop
      vertex 71.7218945267741 -44.41454373566452 0
      vertex 72.53489442931482 44.7512993215049 0
      vertex 71.93999237667428 -44.457926095308586 0
    endloop
  endfacet
  facet normal 0 0 -1
    outer loop
      vertex 71.93999237667428 -44.457926095308586 0
      vertex 72.53489442931482 44.7512993215049 0
      vertex 72.15056183502065 -44.529404794730816 0
    endloop
  endfacet
  facet normal 0 0 -1
    outer loop
      vertex 72.15056183502065 -44.529404794730816 0
      vertex 72.53489442931482 44.7512993215049 0
      vertex 72.35 -44.62775681356646 0
    endloop
  endfacet
  facet normal 0 0 -1
    outer loop
      vertex 72.35 -44.62775681356646 0
      vertex 72.53489442931482 44.7512993215049 0
      vertex 72.53489442931482 -44.7512993215049 0
    endloop
  endfacet
  facet normal 0 0 -1
    outer loop
      vertex 72.70208152801713 44.89791847198287 0
      vertex 72.70208152801713 -44.89791847198287 0
      vertex 72.53489442931482 -44.7512993215049 0
    endloop
  endfacet
  facet normal 0 0 -1
    outer loop
      vertex 72.8487006784951 45.065105570685176 0
      vertex 72.8487006784951 -45.065105570685176 0
      vertex 72.70208152801713 -44.89791847198287 0
    endloop
  endfacet
  facet normal 0 0 -1
    outer loop
      vertex 79.5 -54.1 0
      vertex 72.8487006784951 -45.065105570685176 0
      vertex 72.8487006784951 45.065105570685176 0
    endloop
  endfacet
  facet normal 0 0 -1
    outer loop
      vertex 50.109981515711645 -34.1 0
      vertex 59.5 -34.1 0
      vertex 69.81454373566453 -45.878105473225915 0
    endloop
  endfacet
  facet normal 0 0 -1
    outer loop
      vertex 50.109981515711645 -34.1 0
      vertex 69.81454373566453 -45.878105473225915 0
      vertex 69.8 -46.1 0
    endloop
  endfacet
  facet normal 0 0 -1
    outer loop
      vertex 50.109981515711645 -34.1 0
      vertex 69.8 -46.1 0
      vertex 69.81454373566453 -46.32189452677409 0
    endloop
  endfacet
  facet normal 0 0 -1
    outer loop
      vertex 50.109981515711645 -34.1 0
      vertex 69.81454373566453 -46.32189452677409 0
      vertex 69.85792609530858 -46.539992376674284 0
    endloop
  endfacet
  facet normal 0 0 -1
    outer loop
      vertex 50.109981515711645 -34.1 0
      vertex 69.85792609530858 -46.539992376674284 0
      vertex 69.92940479473081 -46.750561835020655 0
    endloop
  endfacet
  facet normal 0 0 -1
    outer loop
      vertex 50.109981515711645 -34.1 0
      vertex 69.92940479473081 -46.750561835020655 0
      vertex 70.02775681356646 -46.95 0
    endloop
  endfacet
  facet normal 0 0 -1
    outer loop
      vertex 50.109981515711645 -34.1 0
      vertex 70.02775681356646 -46.95 0
      vertex 70.1512993215049 -47.134894429314826 0
    endloop
  endfacet
  facet normal 0 0 -1
    outer loop
      vertex 50.109981515711645 -34.1 0
      vertex 70.1512993215049 -47.134894429314826 0
      vertex 70.29791847198287 -47.30208152801713 0
    endloop
  endfacet
  facet normal 0 0 -1
    outer loop
      vertex 50.109981515711645 -34.1 0
      vertex 70.29791847198287 -47.30208152801713 0
      vertex 70.46510557068518 -47.4487006784951 0
    endloop
  endfacet
  facet normal 0 0 -1
    outer loop
      vertex 50.109981515711645 -34.1 0
      vertex 70.46510557068518 -47.4487006784951 0
      vertex 70.65 -47.572243186433546 0
    endloop
  endfacet
  facet normal 0 0 -1
    outer loop
      vertex 69.92940479473081 -45.44943816497935 0
      vertex 69.85792609530858 -45.66000762332572 0
      vertex 59.5 -34.1 0
    endloop
  endfacet
  facet normal 0 0 -1
    outer loop
      vertex 69.85792609530858 -45.66000762332572 0
      vertex 69.81454373566453 -45.878105473225915 0
      vertex 59.5 -34.1 0
    endloop
  endfacet
  facet normal 0 0 -1
    outer loop
      vertex 70.1512993215049 -45.065105570685176 0
      vertex 70.02775681356646 -45.25 0
      vertex 59.5 -34.1 0
    endloop
  endfacet
  facet normal 0 0 -1
    outer loop
      vertex 70.02775681356646 -45.25 0
      vertex 69.92940479473081 -45.44943816497935 0
      vertex 59.5 -34.1 0
    endloop
  endfacet
  facet normal 0 0 -1
    outer loop
      vertex 79.5 -54.1 0
      vertex 50.109981515711645 -34.1 0
      vertex 70.65 -47.572243186433546 0
    endloop
  endfacet
  facet normal 0 0 -1
    outer loop
      vertex 79.5 -54.1 0
      vertex 70.65 -47.572243186433546 0
      vertex 70.84943816497935 -47.67059520526919 0
    endloop
  endfacet
  facet normal 0 0 -1
    outer loop
      vertex 79.5 -54.1 0
      vertex 70.84943816497935 -47.67059520526919 0
      vertex 71.06000762332572 -47.742073904691416 0
    endloop
  endfacet
  facet normal 0 0 -1
    outer loop
      vertex 79.5 -54.1 0
      vertex 71.93999237667428 -47.742073904691416 0
      vertex 72.15056183502065 -47.67059520526919 0
    endloop
  endfacet
  facet normal 0 0 -1
    outer loop
      vertex 79.5 -54.1 0
      vertex 71.06000762332572 -47.742073904691416 0
      vertex 71.2781054732259 -47.78545626433548 0
    endloop
  endfacet
  facet normal 0 0 -1
    outer loop
      vertex 79.5 -54.1 0
      vertex 71.2781054732259 -47.78545626433548 0
      vertex 71.5 -47.800000000000004 0
    endloop
  endfacet
  facet normal 0 0 -1
    outer loop
      vertex 79.5 -54.1 0
      vertex 71.5 -47.800000000000004 0
      vertex 71.7218945267741 -47.78545626433548 0
    endloop
  endfacet
  facet normal 0 0 -1
    outer loop
      vertex 79.5 -54.1 0
      vertex 71.7218945267741 -47.78545626433548 0
      vertex 71.93999237667428 -47.742073904691416 0
    endloop
  endfacet
  facet normal 0 0 -1
    outer loop
      vertex 79.5 -54.1 0
      vertex 72.97224318643354 -45.25 0
      vertex 72.8487006784951 -45.065105570685176 0
    endloop
  endfacet
  facet normal 0 0 -1
    outer loop
      vertex 79.5 -54.1 0
      vertex 73.07059520526919 -45.44943816497935 0
      vertex 72.97224318643354 -45.25 0
    endloop
  endfacet
  facet normal 0 0 -1
    outer loop
      vertex 79.5 -54.1 0
      vertex 73.14207390469142 -45.66000762332572 0
      vertex 73.07059520526919 -45.44943816497935 0
    endloop
  endfacet
  facet normal 0 0 -1
    outer loop
      vertex 79.5 -54.1 0
      vertex 73.18545626433547 -45.878105473225915 0
      vertex 73.14207390469142 -45.66000762332572 0
    endloop
  endfacet
  facet normal 0 0 -1
    outer loop
      vertex 79.5 -54.1 0
      vertex 73.2 -46.1 0
      vertex 73.18545626433547 -45.878105473225915 0
    endloop
  endfacet
  facet normal 0 0 -1
    outer loop
      vertex 79.5 -54.1 0
      vertex 73.18545626433547 -46.32189452677409 0
      vertex 73.2 -46.1 0
    endloop
  endfacet
  facet normal 0 0 -1
    outer loop
      vertex 79.5 -54.1 0
      vertex 73.14207390469142 -46.539992376674284 0
      vertex 73.18545626433547 -46.32189452677409 0
    endloop
  endfacet
  facet normal 0 0 -1
    outer loop
      vertex 79.5 -54.1 0
      vertex 72.8487006784951 -47.134894429314826 0
      vertex 72.97224318643354 -46.95 0
    endloop
  endfacet
  facet normal 0 0 -1
    outer loop
      vertex 79.5 -54.1 0
      vertex 72.15056183502065 -47.67059520526919 0
      vertex 72.35 -47.572243186433546 0
    endloop
  endfacet
  facet normal 0 0 -1
    outer loop
      vertex 79.5 -54.1 0
      vertex 72.35 -47.572243186433546 0
      vertex 72.53489442931482 -47.4487006784951 0
    endloop
  endfacet
  facet normal 0 0 -1
    outer loop
      vertex 79.5 -54.1 0
      vertex 72.53489442931482 -47.4487006784951 0
      vertex 72.70208152801713 -47.30208152801713 0
    endloop
  endfacet
  facet normal 0 0 -1
    outer loop
      vertex 79.5 -54.1 0
      vertex 72.70208152801713 -47.30208152801713 0
      vertex 72.8487006784951 -47.134894429314826 0
    endloop
  endfacet
  facet normal 0 0 -1
    outer loop
      vertex 79.5 -54.1 0
      vertex 73.07059520526919 -46.750561835020655 0
      vertex 73.14207390469142 -46.539992376674284 0
    endloop
  endfacet
  facet normal 0 0 -1
    outer loop
      vertex 79.5 -54.1 0
      vertex 72.97224318643354 -46.95 0
      vertex 73.07059520526919 -46.750561835020655 0
    endloop
  endfacet
  facet normal 0 0 1
    outer loop
      vertex -79.5 54.1 4
      vertex 50.109981515711645 34.1 4
      vertex 79.5 54.1 4
    endloop
  endfacet
  facet normal 0 0 1
    outer loop
      vertex 50.109981515711645 34.1 4
      vertex 69.85792609530858 46.539992376674284 4
      vertex 69.92940479473081 46.750561835020655 4
    endloop
  endfacet
  facet normal 0 0 1
    outer loop
      vertex 50.109981515711645 34.1 4
      vertex 69.81454373566453 46.32189452677409 4
      vertex 69.85792609530858 46.539992376674284 4
    endloop
  endfacet
  facet normal 0 0 1
    outer loop
      vertex 50.109981515711645 34.1 4
      vertex 70.29791847198287 47.30208152801713 4
      vertex 70.46510557068518 47.4487006784951 4
    endloop
  endfacet
  facet normal 0 0 1
    outer loop
      vertex 50.109981515711645 34.1 4
      vertex 70.02775681356646 46.95 4
      vertex 70.1512993215049 47.134894429314826 4
    endloop
  endfacet
  facet normal 0 0 1
    outer loop
      vertex 50.109981515711645 34.1 4
      vertex 70.1512993215049 47.134894429314826 4
      vertex 70.29791847198287 47.30208152801713 4
    endloop
  endfacet
  facet normal 0 0 1
    outer loop
      vertex 50.109981515711645 34.1 4
      vertex 70.46510557068518 47.4487006784951 4
      vertex 70.65 47.572243186433546 4
    endloop
  endfacet
  facet normal 0 0 1
    outer loop
      vertex 50.109981515711645 34.1 4
      vertex 69.92940479473081 46.750561835020655 4
      vertex 70.02775681356646 46.95 4
    endloop
  endfacet
  facet normal 0 0 1
    outer loop
      vertex 50.109981515711645 34.1 4
      vertex 69.8 46.1 4
      vertex 69.81454373566453 46.32189452677409 4
    endloop
  endfacet
  facet normal 0 0 1
    outer loop
      vertex 50.109981515711645 34.1 4
      vertex 69.81454373566453 45.878105473225915 4
      vertex 69.8 46.1 4
    endloop
  endfacet
  facet normal 0 0 1
    outer loop
      vertex 79.5 54.1 4
      vertex 50.109981515711645 34.1 4
      vertex 70.65 47.572243186433546 4
    endloop
  endfacet
  facet normal 0 0 1
    outer loop
      vertex 69.85792609530858 45.66000762332572 4
      vertex 69.81454373566453 45.878105473225915 4
      vertex 59.5 34.1 4
    endloop
  endfacet
  facet normal 0 0 1
    outer loop
      vertex 69.92940479473081 45.44943816497935 4
      vertex 69.85792609530858 45.66000762332572 4
      vertex 59.5 34.1 4
    endloop
  endfacet
  facet normal 0 0 1
    outer loop
      vertex 70.02775681356646 45.25 4
      vertex 69.92940479473081 45.44943816497935 4
      vertex 59.5 34.1 4
    endloop
  endfacet
  facet normal 0 0 1
    outer loop
      vertex 70.1512993215049 45.065105570685176 4
      vertex 70.02775681356646 45.25 4
      vertex 59.5 34.1 4
    endloop
  endfacet
  facet normal 0 0 1
    outer loop
      vertex 79.5 54.1 4
      vertex 71.06000762332572 47.742073904691416 4
      vertex 71.2781054732259 47.78545626433548 4
    endloop
  endfacet
  facet normal 0 0 1
    outer loop
      vertex 79.5 54.1 4
      vertex 71.2781054732259 47.78545626433548 4
      vertex 71.5 47.800000000000004 4
    endloop
  endfacet
  facet normal 0 0 1
    outer loop
      vertex 79.5 54.1 4
      vertex 71.5 47.800000000000004 4
      vertex 71.7218945267741 47.78545626433548 4
    endloop
  endfacet
  facet normal 0 0 1
    outer loop
      vertex 79.5 54.1 4
      vertex 71.7218945267741 47.78545626433548 4
      vertex 71.93999237667428 47.742073904691416 4
    endloop
  endfacet
  facet normal 0 0 1
    outer loop
      vertex 79.5 54.1 4
      vertex 70.65 47.572243186433546 4
      vertex 70.84943816497935 47.67059520526919 4
    endloop
  endfacet
  facet normal 0 0 1
    outer loop
      vertex 79.5 54.1 4
      vertex 70.84943816497935 47.67059520526919 4
      vertex 71.06000762332572 47.742073904691416 4
    endloop
  endfacet
  facet normal 0 0 1
    outer loop
      vertex 79.5 54.1 4
      vertex 71.93999237667428 47.742073904691416 4
      vertex 72.15056183502065 47.67059520526919 4
    endloop
  endfacet
  facet normal 0 0 1
    outer loop
      vertex 79.5 54.1 4
      vertex 72.15056183502065 47.67059520526919 4
      vertex 72.35 47.572243186433546 4
    endloop
  endfacet
  facet normal 0 0 1
    outer loop
      vertex 79.5 54.1 4
      vertex 72.35 47.572243186433546 4
      vertex 72.53489442931482 47.4487006784951 4
    endloop
  endfacet
  facet normal 0 0 1
    outer loop
      vertex 79.5 54.1 4
      vertex 72.53489442931482 47.4487006784951 4
      vertex 72.70208152801713 47.30208152801713 4
    endloop
  endfacet
  facet normal 0 0 1
    outer loop
      vertex 79.5 54.1 4
      vertex 72.70208152801713 47.30208152801713 4
      vertex 72.8487006784951 47.134894429314826 4
    endloop
  endfacet
  facet normal 0 0 1
    outer loop
      vertex 79.5 54.1 4
      vertex 72.8487006784951 47.134894429314826 4
      vertex 72.97224318643354 46.95 4
    endloop
  endfacet
  facet normal 0 0 1
    outer loop
      vertex 79.5 54.1 4
      vertex 72.97224318643354 46.95 4
      vertex 73.07059520526919 46.750561835020655 4
    endloop
  endfacet
  facet normal 0 0 1
    outer loop
      vertex 79.5 54.1 4
      vertex 73.07059520526919 46.750561835020655 4
      vertex 73.14207390469142 46.539992376674284 4
    endloop
  endfacet
  facet normal 0 0 1
    outer loop
      vertex 79.5 54.1 4
      vertex 73.14207390469142 46.539992376674284 4
      vertex 73.18545626433547 46.32189452677409 4
    endloop
  endfacet
  facet normal 0 0 1
    outer loop
      vertex 79.5 54.1 4
      vertex 73.18545626433547 46.32189452677409 4
      vertex 73.2 46.1 4
    endloop
  endfacet
  facet normal 0 0 1
    outer loop
      vertex 79.5 54.1 4
      vertex 73.2 46.1 4
      vertex 73.18545626433547 45.878105473225915 4
    endloop
  endfacet
  facet normal 0 0 1
    outer loop
      vertex 79.5 54.1 4
      vertex 73.18545626433547 45.878105473225915 4
      vertex 73.14207390469142 45.66000762332572 4
    endloop
  endfacet
  facet normal 0 0 1
    outer loop
      vertex 79.5 54.1 4
      vertex 73.14207390469142 45.66000762332572 4
      vertex 73.07059520526919 45.44943816497935 4
    endloop
  endfacet
  facet normal 0 0 1
    outer loop
      vertex 79.5 54.1 4
      vertex 73.07059520526919 45.44943816497935 4
      vertex 72.97224318643354 45.25 4
    endloop
  endfacet
  facet normal 0 0 1
    outer loop
      vertex 79.5 54.1 4
      vertex 72.97224318643354 45.25 4
      vertex 72.8487006784951 45.065105570685176 4
    endloop
  endfacet
  facet normal 0 0 1
    outer loop
      vertex 50.109981515711645 34.1 4
      vertex 59.5 34.1 4
      vertex 69.81454373566453 45.878105473225915 4
    endloop
  endfacet
  facet normal 0 0 1
    outer loop
      vertex 70.1512993215049 45.065105570685176 4
      vertex 59.5 34.1 4
      vertex 59.5 -34.1 4
    endloop
  endfacet
  facet normal 0 0 1
    outer loop
      vertex 70.29791847198287 44.89791847198287 4
      vertex 70.1512993215049 45.065105570685176 4
      vertex 70.29791847198287 -44.89791847198287 4
    endloop
  endfacet
  facet normal 0 0 1
    outer loop
      vertex 70.29791847198287 44.89791847198287 4
      vertex 70.29791847198287 -44.89791847198287 4
      vertex 70.46510557068518 44.7512993215049 4
    endloop
  endfacet
  facet normal 0 0 1
    outer loop
      vertex 70.46510557068518 44.7512993215049 4
      vertex 70.29791847198287 -44.89791847198287 4
      vertex 70.65 44.62775681356646 4
    endloop
  endfacet
  facet normal 0 0 1
    outer loop
      vertex 70.65 44.62775681356646 4
      vertex 70.29791847198287 -44.89791847198287 4
      vertex 70.84943816497935 44.529404794730816 4
    endloop
  endfacet
  facet normal 0 0 1
    outer loop
      vertex 70.84943816497935 44.529404794730816 4
      vertex 70.29791847198287 -44.89791847198287 4
      vertex 71.06000762332572 44.457926095308586 4
    endloop
  endfacet
  facet normal 0 0 1
    outer loop
      vertex 71.06000762332572 44.457926095308586 4
      vertex 70.29791847198287 -44.89791847198287 4
      vertex 71.2781054732259 44.41454373566452 4
    endloop
  endfacet
  facet normal 0 0 1
    outer loop
      vertex 71.2781054732259 44.41454373566452 4
      vertex 70.29791847198287 -44.89791847198287 4
      vertex 71.5 44.4 4
    endloop
  endfacet
  facet normal 0 0 1
    outer loop
      vertex 71.5 44.4 4
      vertex 72.53489442931482 -44.7512993215049 4
      vertex 71.7218945267741 44.41454373566452 4
    endloop
  endfacet
  facet normal 0 0 1
    outer loop
      vertex 72.15056183502065 44.529404794730816 4
      vertex 72.53489442931482 -44.7512993215049 4
      vertex 72.35 44.62775681356646 4
    endloop
  endfacet
  facet normal 0 0 1
    outer loop
      vertex 72.35 44.62775681356646 4
      vertex 72.53489442931482 -44.7512993215049 4
      vertex 72.53489442931482 44.7512993215049 4
    endloop
  endfacet
  facet normal 0 0 1
    outer loop
      vertex 72.53489442931482 44.7512993215049 4
      vertex 72.70208152801713 -44.89791847198287 4
      vertex 72.70208152801713 44.89791847198287 4
    endloop
  endfacet
  facet normal 0 0 1
    outer loop
      vertex 71.7218945267741 44.41454373566452 4
      vertex 72.53489442931482 -44.7512993215049 4
      vertex 71.93999237667428 44.457926095308586 4
    endloop
  endfacet
  facet normal 0 0 1
    outer loop
      vertex 71.93999237667428 44.457926095308586 4
      vertex 72.53489442931482 -44.7512993215049 4
      vertex 72.15056183502065 44.529404794730816 4
    endloop
  endfacet
  facet normal 0 0 1
    outer loop
      vertex 72.8487006784951 45.065105570685176 4
      vertex 72.70208152801713 44.89791847198287 4
      vertex 72.8487006784951 -45.065105570685176 4
    endloop
  endfacet
  facet normal 0 0 1
    outer loop
      vertex 79.5 54.1 4
      vertex 72.8487006784951 45.065105570685176 4
      vertex 72.8487006784951 -45.065105570685176 4
    endloop
  endfacet
  facet normal 0 -1 0
    outer loop
      vertex -79.5 -54.1 4
      vertex 79.5 -54.1 0
      vertex 79.5 -54.1 4
    endloop
  endfacet
  facet normal 0 0 1
    outer loop
      vertex 70.1512993215049 -47.134894429314826 4
      vertex 59.5 -34.1 4
      vertex -50.109981515711645 -34.1 4
    endloop
  endfacet
  facet normal 0 0 1
    outer loop
      vertex 70.29791847198287 -47.30208152801713 4
      vertex 70.1512993215049 -47.134894429314826 4
      vertex -50.109981515711645 -34.1 4
    endloop
  endfacet
  facet normal 0 0 1
    outer loop
      vertex 70.29791847198287 -47.30208152801713 4
      vertex -50.109981515711645 -34.1 4
      vertex 70.46510557068518 -47.4487006784951 4
    endloop
  endfacet
  facet normal 0 0 1
    outer loop
      vertex 70.46510557068518 -47.4487006784951 4
      vertex -50.109981515711645 -34.1 4
      vertex 70.65 -47.572243186433546 4
    endloop
  endfacet
  facet normal 0 0 1
    outer loop
      vertex 70.65 -47.572243186433546 4
      vertex -50.109981515711645 -34.1 4
      vertex 70.84943816497935 -47.67059520526919 4
    endloop
  endfacet
  facet normal 0 0 1
    outer loop
      vertex 71.06000762332572 -47.742073904691416 4
      vertex -50.109981515711645 -34.1 4
      vertex 71.2781054732259 -47.78545626433548 4
    endloop
  endfacet
  facet normal 0 0 1
    outer loop
      vertex 70.84943816497935 -47.67059520526919 4
      vertex -50.109981515711645 -34.1 4
      vertex 71.06000762332572 -47.742073904691416 4
    endloop
  endfacet
  facet normal 0 0 1
    outer loop
      vertex 79.5 -54.1 4
      vertex 71.2781054732259 -47.78545626433548 4
      vertex -50.109981515711645 -34.1 4
    endloop
  endfacet
  facet normal 1 0 0
    outer loop
      vertex 79.5 -54.1 0
      vertex 79.5 54.1 4
      vertex 79.5 -54.1 4
    endloop
  endfacet
  facet normal 0 0 1
    outer loop
      vertex 70.1512993215049 45.065105570685176 4
      vertex 59.5 -34.1 4
      vertex 70.1512993215049 -45.065105570685176 4
    endloop
  endfacet
  facet normal 0 0 1
    outer loop
      vertex 79.5 54.1 4
      vertex 72.8487006784951 -45.065105570685176 4
      vertex 72.97224318643354 -45.25 4
    endloop
  endfacet
  facet normal 0 0 1
    outer loop
      vertex 79.5 54.1 4
      vertex 72.97224318643354 -45.25 4
      vertex 73.07059520526919 -45.44943816497935 4
    endloop
  endfacet
  facet normal 0 0 1
    outer loop
      vertex 79.5 54.1 4
      vertex 73.07059520526919 -45.44943816497935 4
      vertex 73.14207390469142 -45.66000762332572 4
    endloop
  endfacet
  facet normal 0 0 1
    outer loop
      vertex 79.5 54.1 4
      vertex 73.14207390469142 -45.66000762332572 4
      vertex 73.18545626433547 -45.878105473225915 4
    endloop
  endfacet
  facet normal 0 0 1
    outer loop
      vertex 79.5 54.1 4
      vertex 73.18545626433547 -45.878105473225915 4
      vertex 73.2 -46.1 4
    endloop
  endfacet
  facet normal 0 0 1
    outer loop
      vertex 70.1512993215049 45.065105570685176 4
      vertex 70.1512993215049 -45.065105570685176 4
      vertex 70.29791847198287 -44.89791847198287 4
    endloop
  endfacet
  facet normal 0 0 1
    outer loop
      vertex 70.46510557068518 -44.7512993215049 4
      vertex 71.5 44.4 4
      vertex 70.29791847198287 -44.89791847198287 4
    endloop
  endfacet
  facet normal 0 0 1
    outer loop
      vertex 70.65 -44.62775681356646 4
      vertex 71.5 44.4 4
      vertex 70.46510557068518 -44.7512993215049 4
    endloop
  endfacet
  facet normal 0 0 1
    outer loop
      vertex 70.84943816497935 -44.529404794730816 4
      vertex 71.5 44.4 4
      vertex 70.65 -44.62775681356646 4
    endloop
  endfacet
  facet normal 0 0 1
    outer loop
      vertex 71.06000762332572 -44.457926095308586 4
      vertex 71.5 44.4 4
      vertex 70.84943816497935 -44.529404794730816 4
    endloop
  endfacet
  facet normal 0 0 1
    outer loop
      vertex 71.2781054732259 -44.41454373566452 4
      vertex 71.5 44.4 4
      vertex 71.06000762332572 -44.457926095308586 4
    endloop
  endfacet
  facet normal 0 0 1
    outer loop
      vertex 71.7218945267741 -44.41454373566452 4
      vertex 71.5 44.4 4
      vertex 71.5 -44.4 4
    endloop
  endfacet
  facet normal 0 0 1
    outer loop
      vertex 71.5 -44.4 4
      vertex 71.5 44.4 4
      vertex 71.2781054732259 -44.41454373566452 4
    endloop
  endfacet
  facet normal 0 0 1
    outer loop
      vertex 71.93999237667428 -44.457926095308586 4
      vertex 71.5 44.4 4
      vertex 71.7218945267741 -44.41454373566452 4
    endloop
  endfacet
  facet normal 0 0 1
    outer loop
      vertex 72.15056183502065 -44.529404794730816 4
      vertex 71.5 44.4 4
      vertex 71.93999237667428 -44.457926095308586 4
    endloop
  endfacet
  facet normal 0 0 1
    outer loop
      vertex 72.35 -44.62775681356646 4
      vertex 71.5 44.4 4
      vertex 72.15056183502065 -44.529404794730816 4
    endloop
  endfacet
  facet normal 0 0 1
    outer loop
      vertex 72.53489442931482 -44.7512993215049 4
      vertex 71.5 44.4 4
      vertex 72.35 -44.62775681356646 4
    endloop
  endfacet
  facet normal 0 0 1
    outer loop
      vertex 72.53489442931482 44.7512993215049 4
      vertex 72.53489442931482 -44.7512993215049 4
      vertex 72.70208152801713 -44.89791847198287 4
    endloop
  endfacet
  facet normal 0 0 1
    outer loop
      vertex 72.70208152801713 -44.89791847198287 4
      vertex 72.8487006784951 -45.065105570685176 4
      vertex 72.70208152801713 44.89791847198287 4
    endloop
  endfacet
  facet normal 0 0 1
    outer loop
      vertex 79.5 54.1 4
      vertex 73.2 -46.1 4
      vertex 79.5 -54.1 4
    endloop
  endfacet
  facet normal 0 0 1
    outer loop
      vertex 69.85792609530858 -45.66000762332572 4
      vertex 69.92940479473081 -45.44943816497935 4
      vertex 59.5 -34.1 4
    endloop
  endfacet
  facet normal 0 0 1
    outer loop
      vertex 69.81454373566453 -45.878105473225915 4
      vertex 69.85792609530858 -45.66000762332572 4
      vertex 59.5 -34.1 4
    endloop
  endfacet
  facet normal 0 0 1
    outer loop
      vertex 69.8 -46.1 4
      vertex 69.81454373566453 -45.878105473225915 4
      vertex 59.5 -34.1 4
    endloop
  endfacet
  facet normal 0 0 1
    outer loop
      vertex 69.81454373566453 -46.32189452677409 4
      vertex 69.8 -46.1 4
      vertex 59.5 -34.1 4
    endloop
  endfacet
  facet normal 0 0 1
    outer loop
      vertex 70.02775681356646 -45.25 4
      vertex 70.1512993215049 -45.065105570685176 4
      vertex 59.5 -34.1 4
    endloop
  endfacet
  facet normal 0 0 1
    outer loop
      vertex 69.92940479473081 -45.44943816497935 4
      vertex 70.02775681356646 -45.25 4
      vertex 59.5 -34.1 4
    endloop
  endfacet
  facet normal 0 0 1
    outer loop
      vertex 69.85792609530858 -46.539992376674284 4
      vertex 69.81454373566453 -46.32189452677409 4
      vertex 59.5 -34.1 4
    endloop
  endfacet
  facet normal 0 0 1
    outer loop
      vertex 69.92940479473081 -46.750561835020655 4
      vertex 69.85792609530858 -46.539992376674284 4
      vertex 59.5 -34.1 4
    endloop
  endfacet
  facet normal 0 0 1
    outer loop
      vertex 70.02775681356646 -46.95 4
      vertex 69.92940479473081 -46.750561835020655 4
      vertex 59.5 -34.1 4
    endloop
  endfacet
  facet normal 0 0 1
    outer loop
      vertex 70.1512993215049 -47.134894429314826 4
      vertex 70.02775681356646 -46.95 4
      vertex 59.5 -34.1 4
    endloop
  endfacet
  facet normal 0 0 1
    outer loop
      vertex 79.5 -54.1 4
      vertex 72.15056183502065 -47.67059520526919 4
      vertex 71.93999237667428 -47.742073904691416 4
    endloop
  endfacet
  facet normal 0 0 1
    outer loop
      vertex 79.5 -54.1 4
      vertex 71.5 -47.800000000000004 4
      vertex 71.2781054732259 -47.78545626433548 4
    endloop
  endfacet
  facet normal 0 0 1
    outer loop
      vertex 79.5 -54.1 4
      vertex 71.7218945267741 -47.78545626433548 4
      vertex 71.5 -47.800000000000004 4
    endloop
  endfacet
  facet normal 0 0 1
    outer loop
      vertex 79.5 -54.1 4
      vertex 71.93999237667428 -47.742073904691416 4
      vertex 71.7218945267741 -47.78545626433548 4
    endloop
  endfacet
  facet normal 0 0 1
    outer loop
      vertex 79.5 -54.1 4
      vertex 73.2 -46.1 4
      vertex 73.18545626433547 -46.32189452677409 4
    endloop
  endfacet
  facet normal 0 0 1
    outer loop
      vertex 79.5 -54.1 4
      vertex 73.18545626433547 -46.32189452677409 4
      vertex 73.14207390469142 -46.539992376674284 4
    endloop
  endfacet
  facet normal 0 0 1
    outer loop
      vertex 79.5 -54.1 4
      vertex 72.97224318643354 -46.95 4
      vertex 72.8487006784951 -47.134894429314826 4
    endloop
  endfacet
  facet normal 0 0 1
    outer loop
      vertex 79.5 -54.1 4
      vertex 72.35 -47.572243186433546 4
      vertex 72.15056183502065 -47.67059520526919 4
    endloop
  endfacet
  facet normal 0 0 1
    outer loop
      vertex 79.5 -54.1 4
      vertex 72.53489442931482 -47.4487006784951 4
      vertex 72.35 -47.572243186433546 4
    endloop
  endfacet
  facet normal 0 0 1
    outer loop
      vertex 79.5 -54.1 4
      vertex 72.70208152801713 -47.30208152801713 4
      vertex 72.53489442931482 -47.4487006784951 4
    endloop
  endfacet
  facet normal 0 0 1
    outer loop
      vertex 79.5 -54.1 4
      vertex 72.8487006784951 -47.134894429314826 4
      vertex 72.70208152801713 -47.30208152801713 4
    endloop
  endfacet
  facet normal 0 0 1
    outer loop
      vertex 79.5 -54.1 4
      vertex 73.14207390469142 -46.539992376674284 4
      vertex 73.07059520526919 -46.750561835020655 4
    endloop
  endfacet
  facet normal 0 0 1
    outer loop
      vertex 79.5 -54.1 4
      vertex 73.07059520526919 -46.750561835020655 4
      vertex 72.97224318643354 -46.95 4
    endloop
  endfacet
  facet normal 0 -1 0
    outer loop
      vertex -50.109981515711645 34.1 0
      vertex -59.5 34.1 4
      vertex -59.5 34.1 0
    endloop
  endfacet
  facet normal 1 0 0
    outer loop
      vertex -59.5 -34.1 0
      vertex -59.5 34.1 0
      vertex -59.5 34.1 4
    endloop
  endfacet
  facet normal 0 1 0
    outer loop
      vertex -50.109981515711645 -34.1 4
      vertex 50.109981515711645 -34.1 0
      vertex -59.5 -34.1 0
    endloop
  endfacet
  facet normal 0 -1 0
    outer loop
      vertex -50.109981515711645 34.1 0
      vertex 50.109981515711645 34.1 4
      vertex -59.5 34.1 4
    endloop
  endfacet
  facet normal 1 0 0
    outer loop
      vertex -59.5 -34.1 0
      vertex -59.5 34.1 4
      vertex -59.5 -34.1 4
    endloop
  endfacet
  facet normal 0 1 0
    outer loop
      vertex -50.109981515711645 -34.1 4
      vertex -59.5 -34.1 0
      vertex -59.5 -34.1 4
    endloop
  endfacet
  facet normal 0 -1 0
    outer loop
      vertex 50.109981515711645 34.1 4
      vertex -50.109981515711645 34.1 0
      vertex 59.5 34.1 0
    endloop
  endfacet
  facet normal -1 0 0
    outer loop
      vertex 59.5 -34.1 0
      vertex 59.5 -34.1 4
      vertex 59.5 34.1 0
    endloop
  endfacet
  facet normal 0 1 0
    outer loop
      vertex 50.109981515711645 -34.1 0
      vertex 59.5 -34.1 4
      vertex 59.5 -34.1 0
    endloop
  endfacet
  facet normal 0 -1 0
    outer loop
      vertex 50.109981515711645 34.1 4
      vertex 59.5 34.1 0
      vertex 59.5 34.1 4
    endloop
  endfacet
  facet normal -1 0 0
    outer loop
      vertex 59.5 34.1 0
      vertex 59.5 -34.1 4
      vertex 59.5 34.1 4
    endloop
  endfacet
  facet normal 0 1 0
    outer loop
      vertex 50.109981515711645 -34.1 0
      vertex -50.109981515711645 -34.1 4
      vertex 59.5 -34.1 4
    endloop
  endfacet
endsolid OpenSCAD_Model
