solid OpenSCAD_Model
  facet normal 1 -0 0
    outer loop
      vertex 95.5 86 18.8029
      vertex 95.5 116.5 6
      vertex 95.5 126 18.8029
    endloop
  endfacet
  facet normal 1 0 0
    outer loop
      vertex 95.5 86 18.8029
      vertex 95.5 68.51 6
      vertex 95.5 116.5 6
    endloop
  endfacet
  facet normal 1 0 0
    outer loop
      vertex 95.5 86 22.1971
      vertex 95.5 68.51 6
      vertex 95.5 86 18.8029
    endloop
  endfacet
  facet normal 1 -0 0
    outer loop
      vertex 95.5 86 26.8029
      vertex 95.5 126 22.1971
      vertex 95.5 126 26.8029
    endloop
  endfacet
  facet normal 1 0 0
    outer loop
      vertex 95.5 126 22.1971
      vertex 95.5 86 26.8029
      vertex 95.5 86 22.1971
    endloop
  endfacet
  facet normal 1 -0 0
    outer loop
      vertex 95.5 86 34.8029
      vertex 95.5 126 30.1971
      vertex 95.5 126 34.8029
    endloop
  endfacet
  facet normal 1 0 0
    outer loop
      vertex 95.5 126 30.1971
      vertex 95.5 86 34.8029
      vertex 95.5 86 30.1971
    endloop
  endfacet
  facet normal 1 -0 0
    outer loop
      vertex 95.5 86 60.8029
      vertex 95.5 126 38.1971
      vertex 95.5 126 60.8029
    endloop
  endfacet
  facet normal 1 0 0
    outer loop
      vertex 95.5 126 38.1971
      vertex 95.5 86 60.8029
      vertex 95.5 86 38.1971
    endloop
  endfacet
  facet normal 1 -0 0
    outer loop
      vertex 95.5 86 68.8029
      vertex 95.5 126 64.1971
      vertex 95.5 126 68.8029
    endloop
  endfacet
  facet normal 1 0 0
    outer loop
      vertex 95.5 126 64.1971
      vertex 95.5 86 68.8029
      vertex 95.5 86 64.1971
    endloop
  endfacet
  facet normal 1 -0 0
    outer loop
      vertex 95.5 86 76.8029
      vertex 95.5 126 72.1971
      vertex 95.5 126 76.8029
    endloop
  endfacet
  facet normal 1 0 0
    outer loop
      vertex 95.5 126 72.1971
      vertex 95.5 86 76.8029
      vertex 95.5 86 72.1971
    endloop
  endfacet
  facet normal 1 0 0
    outer loop
      vertex 95.5 146.5 183
      vertex 95.5 126 80.1971
      vertex 95.5 146.5 0
    endloop
  endfacet
  facet normal 1 -0 0
    outer loop
      vertex 95.5 68.51 183
      vertex 95.5 126 80.1971
      vertex 95.5 146.5 183
    endloop
  endfacet
  facet normal 1 0 0
    outer loop
      vertex 95.5 68.51 6
      vertex 95.5 86 80.1971
      vertex 95.5 68.51 183
    endloop
  endfacet
  facet normal 1 0 0
    outer loop
      vertex 95.5 86 80.1971
      vertex 95.5 68.51 6
      vertex 95.5 86 76.8029
    endloop
  endfacet
  facet normal 1 0 0
    outer loop
      vertex 95.5 86 76.8029
      vertex 95.5 68.51 6
      vertex 95.5 86 72.1971
    endloop
  endfacet
  facet normal 1 0 0
    outer loop
      vertex 95.5 86 72.1971
      vertex 95.5 68.51 6
      vertex 95.5 86 68.8029
    endloop
  endfacet
  facet normal 1 0 0
    outer loop
      vertex 95.5 86 68.8029
      vertex 95.5 68.51 6
      vertex 95.5 86 64.1971
    endloop
  endfacet
  facet normal 1 0 0
    outer loop
      vertex 95.5 86 64.1971
      vertex 95.5 68.51 6
      vertex 95.5 86 60.8029
    endloop
  endfacet
  facet normal 1 0 0
    outer loop
      vertex 95.5 86 60.8029
      vertex 95.5 68.51 6
      vertex 95.5 86 38.1971
    endloop
  endfacet
  facet normal 1 0 0
    outer loop
      vertex 95.5 86 38.1971
      vertex 95.5 68.51 6
      vertex 95.5 86 34.8029
    endloop
  endfacet
  facet normal 1 0 0
    outer loop
      vertex 95.5 86 34.8029
      vertex 95.5 68.51 6
      vertex 95.5 86 30.1971
    endloop
  endfacet
  facet normal 1 0 0
    outer loop
      vertex 95.5 86 30.1971
      vertex 95.5 68.51 6
      vertex 95.5 86 26.8029
    endloop
  endfacet
  facet normal 1 0 0
    outer loop
      vertex 95.5 86 26.8029
      vertex 95.5 68.51 6
      vertex 95.5 86 22.1971
    endloop
  endfacet
  facet normal 1 0 0
    outer loop
      vertex 95.5 126 80.1971
      vertex 95.5 68.51 183
      vertex 95.5 86 80.1971
    endloop
  endfacet
  facet normal 1 -0 0
    outer loop
      vertex 95.5 126 76.8029
      vertex 95.5 146.5 0
      vertex 95.5 126 80.1971
    endloop
  endfacet
  facet normal 1 -0 0
    outer loop
      vertex 95.5 126 72.1971
      vertex 95.5 146.5 0
      vertex 95.5 126 76.8029
    endloop
  endfacet
  facet normal 1 -0 0
    outer loop
      vertex 95.5 126 68.8029
      vertex 95.5 146.5 0
      vertex 95.5 126 72.1971
    endloop
  endfacet
  facet normal 1 -0 0
    outer loop
      vertex 95.5 126 64.1971
      vertex 95.5 146.5 0
      vertex 95.5 126 68.8029
    endloop
  endfacet
  facet normal 1 -0 0
    outer loop
      vertex 95.5 126 60.8029
      vertex 95.5 146.5 0
      vertex 95.5 126 64.1971
    endloop
  endfacet
  facet normal 1 -0 0
    outer loop
      vertex 95.5 126 38.1971
      vertex 95.5 146.5 0
      vertex 95.5 126 60.8029
    endloop
  endfacet
  facet normal 1 -0 0
    outer loop
      vertex 95.5 126 34.8029
      vertex 95.5 146.5 0
      vertex 95.5 126 38.1971
    endloop
  endfacet
  facet normal 1 -0 0
    outer loop
      vertex 95.5 126 30.1971
      vertex 95.5 146.5 0
      vertex 95.5 126 34.8029
    endloop
  endfacet
  facet normal 1 -0 0
    outer loop
      vertex 95.5 126 26.8029
      vertex 95.5 146.5 0
      vertex 95.5 126 30.1971
    endloop
  endfacet
  facet normal 1 -0 0
    outer loop
      vertex 95.5 126 22.1971
      vertex 95.5 146.5 0
      vertex 95.5 126 26.8029
    endloop
  endfacet
  facet normal 1 -0 0
    outer loop
      vertex 95.5 126 18.8029
      vertex 95.5 146.5 0
      vertex 95.5 126 22.1971
    endloop
  endfacet
  facet normal 1 -0 0
    outer loop
      vertex 95.5 116.5 6
      vertex 95.5 146.5 0
      vertex 95.5 126 18.8029
    endloop
  endfacet
  facet normal 1 0 0
    outer loop
      vertex 95.5 146.5 0
      vertex 95.5 116.5 6
      vertex 95.5 116.5 0
    endloop
  endfacet
  facet normal 0 0 1
    outer loop
      vertex 95.5 146.5 183
      vertex 92.5 143.5 183
      vertex 95.5 68.51 183
    endloop
  endfacet
  facet normal 0 0 1
    outer loop
      vertex 95.5 146.5 183
      vertex -92.5 143.5 183
      vertex 92.5 143.5 183
    endloop
  endfacet
  facet normal -0 0 1
    outer loop
      vertex -95.5 146.5 183
      vertex -92.5 143.5 183
      vertex 95.5 146.5 183
    endloop
  endfacet
  facet normal 0 0 1
    outer loop
      vertex -95.5 68.51 183
      vertex -92.5 143.5 183
      vertex -95.5 146.5 183
    endloop
  endfacet
  facet normal 0 0 1
    outer loop
      vertex -92.5 143.5 183
      vertex -95.5 68.51 183
      vertex -92.5 68.51 183
    endloop
  endfacet
  facet normal 0 0 1
    outer loop
      vertex 95.5 68.51 183
      vertex 92.5 143.5 183
      vertex 92.5 68.51 183
    endloop
  endfacet
  facet normal 0 0 -1
    outer loop
      vertex -95.5 68.51 6
      vertex -86 116.5 6
      vertex -86 68.51 6
    endloop
  endfacet
  facet normal -0 0 -1
    outer loop
      vertex -86 116.5 6
      vertex -95.5 68.51 6
      vertex -95.5 116.5 6
    endloop
  endfacet
  facet normal 0 0 -1
    outer loop
      vertex 74 68.51 6
      vertex 65.5 116.5 6
      vertex 74 116.5 6
    endloop
  endfacet
  facet normal 0 0 -1
    outer loop
      vertex 56.9829 133.239 6
      vertex 65.5 146.5 6
      vertex 65.5 116.5 6
    endloop
  endfacet
  facet normal 0 0 -1
    outer loop
      vertex 53.5858 132.086 6
      vertex 65.5 116.5 6
      vertex 74 68.51 6
    endloop
  endfacet
  facet normal 0 0 -1
    outer loop
      vertex 65.5 146.5 6
      vertex 56.9829 133.239 6
      vertex 57 133.5 6
    endloop
  endfacet
  facet normal 0 0 -1
    outer loop
      vertex 65.5 116.5 6
      vertex 56.9319 132.982 6
      vertex 56.9829 133.239 6
    endloop
  endfacet
  facet normal 0 0 -1
    outer loop
      vertex 65.5 116.5 6
      vertex 56.8478 132.735 6
      vertex 56.9319 132.982 6
    endloop
  endfacet
  facet normal 0 0 -1
    outer loop
      vertex 65.5 116.5 6
      vertex 56.732 132.5 6
      vertex 56.8478 132.735 6
    endloop
  endfacet
  facet normal 0 0 -1
    outer loop
      vertex 65.5 116.5 6
      vertex 56.5867 132.282 6
      vertex 56.732 132.5 6
    endloop
  endfacet
  facet normal 0 0 -1
    outer loop
      vertex 65.5 116.5 6
      vertex 56.4142 132.086 6
      vertex 56.5867 132.282 6
    endloop
  endfacet
  facet normal 0 0 -1
    outer loop
      vertex 65.5 116.5 6
      vertex 56.2175 131.913 6
      vertex 56.4142 132.086 6
    endloop
  endfacet
  facet normal 0 0 -1
    outer loop
      vertex 65.5 116.5 6
      vertex 56 131.768 6
      vertex 56.2175 131.913 6
    endloop
  endfacet
  facet normal 0 0 -1
    outer loop
      vertex 65.5 116.5 6
      vertex 55.7654 131.652 6
      vertex 56 131.768 6
    endloop
  endfacet
  facet normal 0 0 -1
    outer loop
      vertex 65.5 116.5 6
      vertex 55.5176 131.568 6
      vertex 55.7654 131.652 6
    endloop
  endfacet
  facet normal 0 0 -1
    outer loop
      vertex 65.5 116.5 6
      vertex 55.2611 131.517 6
      vertex 55.5176 131.568 6
    endloop
  endfacet
  facet normal 0 0 -1
    outer loop
      vertex 65.5 116.5 6
      vertex 55 131.5 6
      vertex 55.2611 131.517 6
    endloop
  endfacet
  facet normal 0 0 -1
    outer loop
      vertex 65.5 116.5 6
      vertex 54.7389 131.517 6
      vertex 55 131.5 6
    endloop
  endfacet
  facet normal 0 0 -1
    outer loop
      vertex 65.5 116.5 6
      vertex 54.4824 131.568 6
      vertex 54.7389 131.517 6
    endloop
  endfacet
  facet normal 0 0 -1
    outer loop
      vertex 65.5 116.5 6
      vertex 54.2346 131.652 6
      vertex 54.4824 131.568 6
    endloop
  endfacet
  facet normal 0 0 -1
    outer loop
      vertex 65.5 116.5 6
      vertex 54 131.768 6
      vertex 54.2346 131.652 6
    endloop
  endfacet
  facet normal 0 0 -1
    outer loop
      vertex 65.5 116.5 6
      vertex 53.7825 131.913 6
      vertex 54 131.768 6
    endloop
  endfacet
  facet normal 0 0 -1
    outer loop
      vertex 65.5 116.5 6
      vertex 53.5858 132.086 6
      vertex 53.7825 131.913 6
    endloop
  endfacet
  facet normal 0 0 -1
    outer loop
      vertex -53.5858 132.086 6
      vertex 53.5858 132.086 6
      vertex 74 68.51 6
    endloop
  endfacet
  facet normal 0 0 -1
    outer loop
      vertex 53.5858 132.086 6
      vertex -53.5858 132.086 6
      vertex 53.4133 132.282 6
    endloop
  endfacet
  facet normal 0 -0 -1
    outer loop
      vertex -53.4133 132.282 6
      vertex 53.4133 132.282 6
      vertex -53.5858 132.086 6
    endloop
  endfacet
  facet normal 0 0 -1
    outer loop
      vertex 53.4133 132.282 6
      vertex -53.4133 132.282 6
      vertex 53.2679 132.5 6
    endloop
  endfacet
  facet normal 0 0 -1
    outer loop
      vertex 53.0171 133.239 6
      vertex -53 133.5 6
      vertex 53 133.5 6
    endloop
  endfacet
  facet normal 0 0 -1
    outer loop
      vertex -53.0171 133.239 6
      vertex 53.0171 133.239 6
      vertex 53.0681 132.982 6
    endloop
  endfacet
  facet normal 0 -0 -1
    outer loop
      vertex -53.2679 132.5 6
      vertex 53.2679 132.5 6
      vertex -53.4133 132.282 6
    endloop
  endfacet
  facet normal 0 0 -1
    outer loop
      vertex 53.0171 133.239 6
      vertex -53.0171 133.239 6
      vertex -53 133.5 6
    endloop
  endfacet
  facet normal 0 0 -1
    outer loop
      vertex 53.0681 132.982 6
      vertex -53.0681 132.982 6
      vertex -53.0171 133.239 6
    endloop
  endfacet
  facet normal -0 0 -1
    outer loop
      vertex 53.0681 132.982 6
      vertex -53.1522 132.735 6
      vertex -53.0681 132.982 6
    endloop
  endfacet
  facet normal 0 0 -1
    outer loop
      vertex 53.1522 132.735 6
      vertex -53.1522 132.735 6
      vertex 53.0681 132.982 6
    endloop
  endfacet
  facet normal 0 -0 -1
    outer loop
      vertex -53.1522 132.735 6
      vertex 53.1522 132.735 6
      vertex -53.2679 132.5 6
    endloop
  endfacet
  facet normal 0 0 -1
    outer loop
      vertex 53.2679 132.5 6
      vertex -53.2679 132.5 6
      vertex 53.1522 132.735 6
    endloop
  endfacet
  facet normal 0 0 -1
    outer loop
      vertex -74 68.51 6
      vertex -53.5858 132.086 6
      vertex 74 68.51 6
    endloop
  endfacet
  facet normal 0 -0 -1
    outer loop
      vertex -65.5 116.5 6
      vertex -53.5858 132.086 6
      vertex -74 68.51 6
    endloop
  endfacet
  facet normal 0 0 -1
    outer loop
      vertex -53.5858 132.086 6
      vertex -65.5 116.5 6
      vertex -53.7825 131.913 6
    endloop
  endfacet
  facet normal 0 0 -1
    outer loop
      vertex -54 131.768 6
      vertex -65.5 116.5 6
      vertex -54.2346 131.652 6
    endloop
  endfacet
  facet normal 0 0 -1
    outer loop
      vertex -54.2346 131.652 6
      vertex -65.5 116.5 6
      vertex -54.4824 131.568 6
    endloop
  endfacet
  facet normal 0 0 -1
    outer loop
      vertex -54.4824 131.568 6
      vertex -65.5 116.5 6
      vertex -54.7389 131.517 6
    endloop
  endfacet
  facet normal 0 0 -1
    outer loop
      vertex -54.7389 131.517 6
      vertex -65.5 116.5 6
      vertex -55 131.5 6
    endloop
  endfacet
  facet normal -0 0 -1
    outer loop
      vertex -55 131.5 6
      vertex -65.5 116.5 6
      vertex -55.2611 131.517 6
    endloop
  endfacet
  facet normal -0 0 -1
    outer loop
      vertex -55.2611 131.517 6
      vertex -65.5 116.5 6
      vertex -55.5176 131.568 6
    endloop
  endfacet
  facet normal 0 0 -1
    outer loop
      vertex -65.5 146.5 6
      vertex -56.9829 133.239 6
      vertex -65.5 116.5 6
    endloop
  endfacet
  facet normal -0 0 -1
    outer loop
      vertex -56.9319 132.982 6
      vertex -65.5 116.5 6
      vertex -56.9829 133.239 6
    endloop
  endfacet
  facet normal -0 0 -1
    outer loop
      vertex -56.8478 132.735 6
      vertex -65.5 116.5 6
      vertex -56.9319 132.982 6
    endloop
  endfacet
  facet normal -0 0 -1
    outer loop
      vertex -56.732 132.5 6
      vertex -65.5 116.5 6
      vertex -56.8478 132.735 6
    endloop
  endfacet
  facet normal -0 0 -1
    outer loop
      vertex -56.5867 132.282 6
      vertex -65.5 116.5 6
      vertex -56.732 132.5 6
    endloop
  endfacet
  facet normal -0 0 -1
    outer loop
      vertex -56.4142 132.086 6
      vertex -65.5 116.5 6
      vertex -56.5867 132.282 6
    endloop
  endfacet
  facet normal -0 0 -1
    outer loop
      vertex -56.2175 131.913 6
      vertex -65.5 116.5 6
      vertex -56.4142 132.086 6
    endloop
  endfacet
  facet normal -0 0 -1
    outer loop
      vertex -56 131.768 6
      vertex -65.5 116.5 6
      vertex -56.2175 131.913 6
    endloop
  endfacet
  facet normal -0 0 -1
    outer loop
      vertex -55.7654 131.652 6
      vertex -65.5 116.5 6
      vertex -56 131.768 6
    endloop
  endfacet
  facet normal -0 0 -1
    outer loop
      vertex -55.5176 131.568 6
      vertex -65.5 116.5 6
      vertex -55.7654 131.652 6
    endloop
  endfacet
  facet normal 0 0 -1
    outer loop
      vertex -53.7825 131.913 6
      vertex -65.5 116.5 6
      vertex -54 131.768 6
    endloop
  endfacet
  facet normal -0 0 -1
    outer loop
      vertex -65.5 116.5 6
      vertex -74 68.51 6
      vertex -74 116.5 6
    endloop
  endfacet
  facet normal 0 0 -1
    outer loop
      vertex 56.9829 133.761 6
      vertex 65.5 146.5 6
      vertex 57 133.5 6
    endloop
  endfacet
  facet normal 0 0 -1
    outer loop
      vertex 56.9319 134.018 6
      vertex 65.5 146.5 6
      vertex 56.9829 133.761 6
    endloop
  endfacet
  facet normal 0 0 -1
    outer loop
      vertex 56.8478 134.265 6
      vertex 65.5 146.5 6
      vertex 56.9319 134.018 6
    endloop
  endfacet
  facet normal 0 0 -1
    outer loop
      vertex 56.732 134.5 6
      vertex 65.5 146.5 6
      vertex 56.8478 134.265 6
    endloop
  endfacet
  facet normal 0 0 -1
    outer loop
      vertex 56.5867 134.718 6
      vertex 65.5 146.5 6
      vertex 56.732 134.5 6
    endloop
  endfacet
  facet normal 0 0 -1
    outer loop
      vertex 56.4142 134.914 6
      vertex 65.5 146.5 6
      vertex 56.5867 134.718 6
    endloop
  endfacet
  facet normal 0 0 -1
    outer loop
      vertex 56.2175 135.087 6
      vertex 65.5 146.5 6
      vertex 56.4142 134.914 6
    endloop
  endfacet
  facet normal 0 0 -1
    outer loop
      vertex 56 135.232 6
      vertex 65.5 146.5 6
      vertex 56.2175 135.087 6
    endloop
  endfacet
  facet normal 0 0 -1
    outer loop
      vertex 55.7654 135.348 6
      vertex 65.5 146.5 6
      vertex 56 135.232 6
    endloop
  endfacet
  facet normal 0 0 -1
    outer loop
      vertex 55.5176 135.432 6
      vertex 65.5 146.5 6
      vertex 55.7654 135.348 6
    endloop
  endfacet
  facet normal 0 0 -1
    outer loop
      vertex 55.2611 135.483 6
      vertex 65.5 146.5 6
      vertex 55.5176 135.432 6
    endloop
  endfacet
  facet normal 0 0 -1
    outer loop
      vertex 55 135.5 6
      vertex 65.5 146.5 6
      vertex 55.2611 135.483 6
    endloop
  endfacet
  facet normal 0 0 -1
    outer loop
      vertex 54.7389 135.483 6
      vertex 65.5 146.5 6
      vertex 55 135.5 6
    endloop
  endfacet
  facet normal 0 0 -1
    outer loop
      vertex 54.4824 135.432 6
      vertex 65.5 146.5 6
      vertex 54.7389 135.483 6
    endloop
  endfacet
  facet normal 0 0 -1
    outer loop
      vertex 54.2346 135.348 6
      vertex 65.5 146.5 6
      vertex 54.4824 135.432 6
    endloop
  endfacet
  facet normal 0 0 -1
    outer loop
      vertex 54 135.232 6
      vertex 65.5 146.5 6
      vertex 54.2346 135.348 6
    endloop
  endfacet
  facet normal 0 0 -1
    outer loop
      vertex 53.7825 135.087 6
      vertex 65.5 146.5 6
      vertex 54 135.232 6
    endloop
  endfacet
  facet normal 0 0 -1
    outer loop
      vertex -53.7825 135.087 6
      vertex 53.7825 135.087 6
      vertex 53.5858 134.914 6
    endloop
  endfacet
  facet normal 0 0 -1
    outer loop
      vertex -53 133.5 6
      vertex 53.0171 133.761 6
      vertex 53 133.5 6
    endloop
  endfacet
  facet normal 0 0 -1
    outer loop
      vertex -53.0171 133.761 6
      vertex 53.0171 133.761 6
      vertex -53 133.5 6
    endloop
  endfacet
  facet normal 0 0 -1
    outer loop
      vertex 53.0171 133.761 6
      vertex -53.0171 133.761 6
      vertex 53.0681 134.018 6
    endloop
  endfacet
  facet normal 0 0 -1
    outer loop
      vertex -53.0681 134.018 6
      vertex 53.0681 134.018 6
      vertex -53.0171 133.761 6
    endloop
  endfacet
  facet normal 0 0 -1
    outer loop
      vertex 53.0681 134.018 6
      vertex -53.0681 134.018 6
      vertex 53.1522 134.265 6
    endloop
  endfacet
  facet normal 0 0 -1
    outer loop
      vertex -53.1522 134.265 6
      vertex 53.1522 134.265 6
      vertex -53.0681 134.018 6
    endloop
  endfacet
  facet normal 0 0 -1
    outer loop
      vertex 53.1522 134.265 6
      vertex -53.1522 134.265 6
      vertex 53.2679 134.5 6
    endloop
  endfacet
  facet normal 0 0 -1
    outer loop
      vertex -53.2679 134.5 6
      vertex 53.2679 134.5 6
      vertex -53.1522 134.265 6
    endloop
  endfacet
  facet normal 0 0 -1
    outer loop
      vertex 53.2679 134.5 6
      vertex -53.2679 134.5 6
      vertex 53.4133 134.718 6
    endloop
  endfacet
  facet normal 0 0 -1
    outer loop
      vertex -53.4133 134.718 6
      vertex 53.4133 134.718 6
      vertex -53.2679 134.5 6
    endloop
  endfacet
  facet normal 0 0 -1
    outer loop
      vertex 53.4133 134.718 6
      vertex -53.4133 134.718 6
      vertex 53.5858 134.914 6
    endloop
  endfacet
  facet normal 0 0 -1
    outer loop
      vertex -53.5858 134.914 6
      vertex 53.5858 134.914 6
      vertex -53.4133 134.718 6
    endloop
  endfacet
  facet normal 0 0 -1
    outer loop
      vertex -53.7825 135.087 6
      vertex 53.5858 134.914 6
      vertex -53.5858 134.914 6
    endloop
  endfacet
  facet normal 0 0 -1
    outer loop
      vertex 53.7825 135.087 6
      vertex -53.7825 135.087 6
      vertex 65.5 146.5 6
    endloop
  endfacet
  facet normal 0 0 -1
    outer loop
      vertex -65.5 146.5 6
      vertex -53.7825 135.087 6
      vertex -54 135.232 6
    endloop
  endfacet
  facet normal 0 0 -1
    outer loop
      vertex -65.5 146.5 6
      vertex -54 135.232 6
      vertex -54.2346 135.348 6
    endloop
  endfacet
  facet normal 0 0 -1
    outer loop
      vertex -65.5 146.5 6
      vertex -54.2346 135.348 6
      vertex -54.4824 135.432 6
    endloop
  endfacet
  facet normal 0 0 -1
    outer loop
      vertex -65.5 146.5 6
      vertex -54.4824 135.432 6
      vertex -54.7389 135.483 6
    endloop
  endfacet
  facet normal 0 0 -1
    outer loop
      vertex -65.5 146.5 6
      vertex -54.7389 135.483 6
      vertex -55 135.5 6
    endloop
  endfacet
  facet normal 0 0 -1
    outer loop
      vertex -65.5 146.5 6
      vertex -55 135.5 6
      vertex -55.2611 135.483 6
    endloop
  endfacet
  facet normal 0 0 -1
    outer loop
      vertex -56.9829 133.239 6
      vertex -65.5 146.5 6
      vertex -57 133.5 6
    endloop
  endfacet
  facet normal 0 0 -1
    outer loop
      vertex -57 133.5 6
      vertex -65.5 146.5 6
      vertex -56.9829 133.761 6
    endloop
  endfacet
  facet normal 0 0 -1
    outer loop
      vertex -56.9829 133.761 6
      vertex -65.5 146.5 6
      vertex -56.9319 134.018 6
    endloop
  endfacet
  facet normal 0 0 -1
    outer loop
      vertex -53.7825 135.087 6
      vertex -65.5 146.5 6
      vertex 65.5 146.5 6
    endloop
  endfacet
  facet normal 0 0 -1
    outer loop
      vertex -55.5176 135.432 6
      vertex -65.5 146.5 6
      vertex -55.2611 135.483 6
    endloop
  endfacet
  facet normal 0 0 -1
    outer loop
      vertex -55.7654 135.348 6
      vertex -65.5 146.5 6
      vertex -55.5176 135.432 6
    endloop
  endfacet
  facet normal 0 0 -1
    outer loop
      vertex -56 135.232 6
      vertex -65.5 146.5 6
      vertex -55.7654 135.348 6
    endloop
  endfacet
  facet normal 0 0 -1
    outer loop
      vertex -56.2175 135.087 6
      vertex -65.5 146.5 6
      vertex -56 135.232 6
    endloop
  endfacet
  facet normal 0 0 -1
    outer loop
      vertex -56.4142 134.914 6
      vertex -65.5 146.5 6
      vertex -56.2175 135.087 6
    endloop
  endfacet
  facet normal 0 0 -1
    outer loop
      vertex -56.5867 134.718 6
      vertex -65.5 146.5 6
      vertex -56.4142 134.914 6
    endloop
  endfacet
  facet normal 0 0 -1
    outer loop
      vertex -56.732 134.5 6
      vertex -65.5 146.5 6
      vertex -56.5867 134.718 6
    endloop
  endfacet
  facet normal 0 0 -1
    outer loop
      vertex -56.8478 134.265 6
      vertex -65.5 146.5 6
      vertex -56.732 134.5 6
    endloop
  endfacet
  facet normal 0 0 -1
    outer loop
      vertex -56.9319 134.018 6
      vertex -65.5 146.5 6
      vertex -56.8478 134.265 6
    endloop
  endfacet
  facet normal 0 0 -1
    outer loop
      vertex 86 68.51 6
      vertex 95.5 116.5 6
      vertex 95.5 68.51 6
    endloop
  endfacet
  facet normal -0 0 -1
    outer loop
      vertex 95.5 116.5 6
      vertex 86 68.51 6
      vertex 86 116.5 6
    endloop
  endfacet
  facet normal -1 0 0
    outer loop
      vertex -95.5 86 72.1971
      vertex -95.5 126 76.8029
      vertex -95.5 126 72.1971
    endloop
  endfacet
  facet normal -1 -0 0
    outer loop
      vertex -95.5 126 76.8029
      vertex -95.5 86 72.1971
      vertex -95.5 86 76.8029
    endloop
  endfacet
  facet normal -1 0 0
    outer loop
      vertex -95.5 86 64.1971
      vertex -95.5 126 68.8029
      vertex -95.5 126 64.1971
    endloop
  endfacet
  facet normal -1 -0 0
    outer loop
      vertex -95.5 126 68.8029
      vertex -95.5 86 64.1971
      vertex -95.5 86 68.8029
    endloop
  endfacet
  facet normal -1 0 0
    outer loop
      vertex -95.5 86 38.1971
      vertex -95.5 126 60.8029
      vertex -95.5 126 38.1971
    endloop
  endfacet
  facet normal -1 -0 0
    outer loop
      vertex -95.5 126 60.8029
      vertex -95.5 86 38.1971
      vertex -95.5 86 60.8029
    endloop
  endfacet
  facet normal -1 0 0
    outer loop
      vertex -95.5 86 30.1971
      vertex -95.5 126 34.8029
      vertex -95.5 126 30.1971
    endloop
  endfacet
  facet normal -1 -0 0
    outer loop
      vertex -95.5 126 34.8029
      vertex -95.5 86 30.1971
      vertex -95.5 86 34.8029
    endloop
  endfacet
  facet normal -1 0 0
    outer loop
      vertex -95.5 86 22.1971
      vertex -95.5 126 26.8029
      vertex -95.5 126 22.1971
    endloop
  endfacet
  facet normal -1 -0 0
    outer loop
      vertex -95.5 126 26.8029
      vertex -95.5 86 22.1971
      vertex -95.5 86 26.8029
    endloop
  endfacet
  facet normal -1 0 0
    outer loop
      vertex -95.5 126 22.1971
      vertex -95.5 146.5 0
      vertex -95.5 126 18.8029
    endloop
  endfacet
  facet normal -1 0 0
    outer loop
      vertex -95.5 116.5 6
      vertex -95.5 146.5 0
      vertex -95.5 116.5 0
    endloop
  endfacet
  facet normal -1 0 0
    outer loop
      vertex -95.5 146.5 0
      vertex -95.5 116.5 6
      vertex -95.5 126 18.8029
    endloop
  endfacet
  facet normal -1 0 0
    outer loop
      vertex -95.5 116.5 6
      vertex -95.5 86 18.8029
      vertex -95.5 126 18.8029
    endloop
  endfacet
  facet normal -1 0 0
    outer loop
      vertex -95.5 68.51 6
      vertex -95.5 86 22.1971
      vertex -95.5 86 18.8029
    endloop
  endfacet
  facet normal -1 -0 0
    outer loop
      vertex -95.5 86 22.1971
      vertex -95.5 68.51 6
      vertex -95.5 86 26.8029
    endloop
  endfacet
  facet normal -1 -0 0
    outer loop
      vertex -95.5 86 26.8029
      vertex -95.5 68.51 6
      vertex -95.5 86 30.1971
    endloop
  endfacet
  facet normal -1 -0 0
    outer loop
      vertex -95.5 86 30.1971
      vertex -95.5 68.51 6
      vertex -95.5 86 34.8029
    endloop
  endfacet
  facet normal -1 -0 0
    outer loop
      vertex -95.5 86 34.8029
      vertex -95.5 68.51 6
      vertex -95.5 86 38.1971
    endloop
  endfacet
  facet normal -1 -0 0
    outer loop
      vertex -95.5 86 38.1971
      vertex -95.5 68.51 6
      vertex -95.5 86 60.8029
    endloop
  endfacet
  facet normal -1 -0 0
    outer loop
      vertex -95.5 86 60.8029
      vertex -95.5 68.51 6
      vertex -95.5 86 64.1971
    endloop
  endfacet
  facet normal -1 -0 0
    outer loop
      vertex -95.5 86 64.1971
      vertex -95.5 68.51 6
      vertex -95.5 86 68.8029
    endloop
  endfacet
  facet normal -1 -0 0
    outer loop
      vertex -95.5 86 68.8029
      vertex -95.5 68.51 6
      vertex -95.5 86 72.1971
    endloop
  endfacet
  facet normal -1 -0 0
    outer loop
      vertex -95.5 86 72.1971
      vertex -95.5 68.51 6
      vertex -95.5 86 76.8029
    endloop
  endfacet
  facet normal -1 -0 0
    outer loop
      vertex -95.5 86 76.8029
      vertex -95.5 68.51 6
      vertex -95.5 86 80.1971
    endloop
  endfacet
  facet normal -1 0 0
    outer loop
      vertex -95.5 68.51 6
      vertex -95.5 86 18.8029
      vertex -95.5 116.5 6
    endloop
  endfacet
  facet normal -1 0 0
    outer loop
      vertex -95.5 126 26.8029
      vertex -95.5 146.5 0
      vertex -95.5 126 22.1971
    endloop
  endfacet
  facet normal -1 0 0
    outer loop
      vertex -95.5 126 30.1971
      vertex -95.5 146.5 0
      vertex -95.5 126 26.8029
    endloop
  endfacet
  facet normal -1 0 0
    outer loop
      vertex -95.5 126 34.8029
      vertex -95.5 146.5 0
      vertex -95.5 126 30.1971
    endloop
  endfacet
  facet normal -1 0 0
    outer loop
      vertex -95.5 126 38.1971
      vertex -95.5 146.5 0
      vertex -95.5 126 34.8029
    endloop
  endfacet
  facet normal -1 0 0
    outer loop
      vertex -95.5 126 60.8029
      vertex -95.5 146.5 0
      vertex -95.5 126 38.1971
    endloop
  endfacet
  facet normal -1 0 0
    outer loop
      vertex -95.5 126 64.1971
      vertex -95.5 146.5 0
      vertex -95.5 126 60.8029
    endloop
  endfacet
  facet normal -1 0 0
    outer loop
      vertex -95.5 126 68.8029
      vertex -95.5 146.5 0
      vertex -95.5 126 64.1971
    endloop
  endfacet
  facet normal -1 0 0
    outer loop
      vertex -95.5 126 72.1971
      vertex -95.5 146.5 0
      vertex -95.5 126 68.8029
    endloop
  endfacet
  facet normal -1 0 0
    outer loop
      vertex -95.5 126 76.8029
      vertex -95.5 146.5 0
      vertex -95.5 126 72.1971
    endloop
  endfacet
  facet normal -1 0 0
    outer loop
      vertex -95.5 126 80.1971
      vertex -95.5 146.5 0
      vertex -95.5 126 76.8029
    endloop
  endfacet
  facet normal -1 0 0
    outer loop
      vertex -95.5 146.5 0
      vertex -95.5 126 80.1971
      vertex -95.5 146.5 183
    endloop
  endfacet
  facet normal -1 0 0
    outer loop
      vertex -95.5 68.51 183
      vertex -95.5 126 80.1971
      vertex -95.5 86 80.1971
    endloop
  endfacet
  facet normal -1 0 0
    outer loop
      vertex -95.5 126 80.1971
      vertex -95.5 68.51 183
      vertex -95.5 146.5 183
    endloop
  endfacet
  facet normal -1 0 0
    outer loop
      vertex -95.5 68.51 183
      vertex -95.5 86 80.1971
      vertex -95.5 68.51 6
    endloop
  endfacet
  facet normal 0 1 -0
    outer loop
      vertex -61.125 146.5 43.7117
      vertex -95.5 146.5 183
      vertex 95.5 146.5 183
    endloop
  endfacet
  facet normal 0 1 0
    outer loop
      vertex -95.5 146.5 183
      vertex -63.9884 146.5 44.6837
      vertex -65 146.5 44.75
    endloop
  endfacet
  facet normal 0 1 0
    outer loop
      vertex -95.5 146.5 183
      vertex -62.9942 146.5 44.4859
      vertex -63.9884 146.5 44.6837
    endloop
  endfacet
  facet normal 0 1 0
    outer loop
      vertex -95.5 146.5 183
      vertex -62.0342 146.5 44.1601
      vertex -62.9942 146.5 44.4859
    endloop
  endfacet
  facet normal 0 1 0
    outer loop
      vertex -95.5 146.5 183
      vertex -61.125 146.5 43.7117
      vertex -62.0342 146.5 44.1601
    endloop
  endfacet
  facet normal 0 1 0
    outer loop
      vertex 95.5 146.5 183
      vertex -60.2821 146.5 43.1485
      vertex -61.125 146.5 43.7117
    endloop
  endfacet
  facet normal 0 1 0
    outer loop
      vertex 95.5 146.5 183
      vertex -59.5199 146.5 42.4801
      vertex -60.2821 146.5 43.1485
    endloop
  endfacet
  facet normal 0 1 0
    outer loop
      vertex 95.5 146.5 183
      vertex -58.8515 146.5 41.7179
      vertex -59.5199 146.5 42.4801
    endloop
  endfacet
  facet normal 0 1 -0
    outer loop
      vertex 65.5 146.5 6
      vertex -58.8515 146.5 41.7179
      vertex 95.5 146.5 183
    endloop
  endfacet
  facet normal 0 1 0
    outer loop
      vertex -58.8515 146.5 41.7179
      vertex 65.5 146.5 6
      vertex -58.2883 146.5 40.875
    endloop
  endfacet
  facet normal 0 1 0
    outer loop
      vertex -58.2883 146.5 40.875
      vertex 65.5 146.5 6
      vertex -57.8399 146.5 39.9658
    endloop
  endfacet
  facet normal 0 1 0
    outer loop
      vertex -57.8399 146.5 39.9658
      vertex 65.5 146.5 6
      vertex -57.5141 146.5 39.0058
    endloop
  endfacet
  facet normal 0 1 0
    outer loop
      vertex -57.5141 146.5 39.0058
      vertex 65.5 146.5 6
      vertex -57.3163 146.5 38.0116
    endloop
  endfacet
  facet normal 0 1 0
    outer loop
      vertex -57.3163 146.5 38.0116
      vertex 65.5 146.5 6
      vertex -57.25 146.5 37
    endloop
  endfacet
  facet normal 0 1 0
    outer loop
      vertex -57.25 146.5 37
      vertex 65.5 146.5 6
      vertex -57.3163 146.5 35.9884
    endloop
  endfacet
  facet normal 0 1 0
    outer loop
      vertex -57.3163 146.5 35.9884
      vertex 65.5 146.5 6
      vertex -57.5141 146.5 34.9942
    endloop
  endfacet
  facet normal 0 1 0
    outer loop
      vertex -57.5141 146.5 34.9942
      vertex 65.5 146.5 6
      vertex -57.8399 146.5 34.0342
    endloop
  endfacet
  facet normal 0 1 0
    outer loop
      vertex -57.8399 146.5 34.0342
      vertex 65.5 146.5 6
      vertex -58.2883 146.5 33.125
    endloop
  endfacet
  facet normal 0 1 0
    outer loop
      vertex -65.5 146.5 6
      vertex -58.2883 146.5 33.125
      vertex 65.5 146.5 6
    endloop
  endfacet
  facet normal 0 1 0
    outer loop
      vertex -62.9942 146.5 29.5141
      vertex -65.5 146.5 6
      vertex -63.9884 146.5 29.3163
    endloop
  endfacet
  facet normal 0 1 0
    outer loop
      vertex -62.0342 146.5 29.8399
      vertex -65.5 146.5 6
      vertex -62.9942 146.5 29.5141
    endloop
  endfacet
  facet normal 0 1 0
    outer loop
      vertex -61.125 146.5 30.2883
      vertex -65.5 146.5 6
      vertex -62.0342 146.5 29.8399
    endloop
  endfacet
  facet normal 0 1 0
    outer loop
      vertex -60.2821 146.5 30.8515
      vertex -65.5 146.5 6
      vertex -61.125 146.5 30.2883
    endloop
  endfacet
  facet normal 0 1 0
    outer loop
      vertex -59.5199 146.5 31.5199
      vertex -65.5 146.5 6
      vertex -60.2821 146.5 30.8515
    endloop
  endfacet
  facet normal 0 1 0
    outer loop
      vertex -58.8515 146.5 32.2821
      vertex -65.5 146.5 6
      vertex -59.5199 146.5 31.5199
    endloop
  endfacet
  facet normal 0 1 0
    outer loop
      vertex -58.2883 146.5 33.125
      vertex -65.5 146.5 6
      vertex -58.8515 146.5 32.2821
    endloop
  endfacet
  facet normal 0 1 -0
    outer loop
      vertex 95.5 146.5 0
      vertex 65.5 146.5 6
      vertex 95.5 146.5 183
    endloop
  endfacet
  facet normal 0 1 0
    outer loop
      vertex 65.5 146.5 6
      vertex 95.5 146.5 0
      vertex 65.5 146.5 0
    endloop
  endfacet
  facet normal 0 1 -0
    outer loop
      vertex -66.0116 146.5 44.6837
      vertex -95.5 146.5 183
      vertex -65 146.5 44.75
    endloop
  endfacet
  facet normal 0 1 -0
    outer loop
      vertex -67.0058 146.5 44.4859
      vertex -95.5 146.5 183
      vertex -66.0116 146.5 44.6837
    endloop
  endfacet
  facet normal 0 1 -0
    outer loop
      vertex -67.9658 146.5 44.1601
      vertex -95.5 146.5 183
      vertex -67.0058 146.5 44.4859
    endloop
  endfacet
  facet normal 0 1 -0
    outer loop
      vertex -68.875 146.5 43.7117
      vertex -95.5 146.5 183
      vertex -67.9658 146.5 44.1601
    endloop
  endfacet
  facet normal 0 1 -0
    outer loop
      vertex -69.7179 146.5 43.1485
      vertex -95.5 146.5 183
      vertex -68.875 146.5 43.7117
    endloop
  endfacet
  facet normal 0 1 -0
    outer loop
      vertex -70.4801 146.5 42.4801
      vertex -95.5 146.5 183
      vertex -69.7179 146.5 43.1485
    endloop
  endfacet
  facet normal 0 1 -0
    outer loop
      vertex -71.1485 146.5 41.7179
      vertex -95.5 146.5 183
      vertex -70.4801 146.5 42.4801
    endloop
  endfacet
  facet normal 0 1 -0
    outer loop
      vertex -71.7117 146.5 40.875
      vertex -95.5 146.5 183
      vertex -71.1485 146.5 41.7179
    endloop
  endfacet
  facet normal 0 1 -0
    outer loop
      vertex -72.1601 146.5 39.9658
      vertex -95.5 146.5 183
      vertex -71.7117 146.5 40.875
    endloop
  endfacet
  facet normal 0 1 0
    outer loop
      vertex -95.5 146.5 0
      vertex -72.1601 146.5 39.9658
      vertex -72.4859 146.5 39.0058
    endloop
  endfacet
  facet normal 0 1 0
    outer loop
      vertex -95.5 146.5 0
      vertex -72.4859 146.5 39.0058
      vertex -72.6837 146.5 38.0116
    endloop
  endfacet
  facet normal 0 1 0
    outer loop
      vertex -95.5 146.5 0
      vertex -72.6837 146.5 38.0116
      vertex -72.75 146.5 37
    endloop
  endfacet
  facet normal 0 1 0
    outer loop
      vertex -95.5 146.5 0
      vertex -72.75 146.5 37
      vertex -72.6837 146.5 35.9884
    endloop
  endfacet
  facet normal 0 1 0
    outer loop
      vertex -63.9884 146.5 29.3163
      vertex -65.5 146.5 6
      vertex -65 146.5 29.25
    endloop
  endfacet
  facet normal 0 1 0
    outer loop
      vertex -65 146.5 29.25
      vertex -65.5 146.5 6
      vertex -66.0116 146.5 29.3163
    endloop
  endfacet
  facet normal 0 1 0
    outer loop
      vertex -65.5 146.5 6
      vertex -67.0058 146.5 29.5141
      vertex -66.0116 146.5 29.3163
    endloop
  endfacet
  facet normal 0 1 0
    outer loop
      vertex -65.5 146.5 6
      vertex -67.9658 146.5 29.8399
      vertex -67.0058 146.5 29.5141
    endloop
  endfacet
  facet normal 0 1 0
    outer loop
      vertex -65.5 146.5 6
      vertex -68.875 146.5 30.2883
      vertex -67.9658 146.5 29.8399
    endloop
  endfacet
  facet normal 0 1 0
    outer loop
      vertex -65.5 146.5 6
      vertex -69.7179 146.5 30.8515
      vertex -68.875 146.5 30.2883
    endloop
  endfacet
  facet normal 0 1 0
    outer loop
      vertex -95.5 146.5 0
      vertex -69.7179 146.5 30.8515
      vertex -65.5 146.5 6
    endloop
  endfacet
  facet normal 0 1 0
    outer loop
      vertex -69.7179 146.5 30.8515
      vertex -95.5 146.5 0
      vertex -70.4801 146.5 31.5199
    endloop
  endfacet
  facet normal 0 1 0
    outer loop
      vertex -70.4801 146.5 31.5199
      vertex -95.5 146.5 0
      vertex -71.1485 146.5 32.2821
    endloop
  endfacet
  facet normal 0 1 0
    outer loop
      vertex -71.1485 146.5 32.2821
      vertex -95.5 146.5 0
      vertex -71.7117 146.5 33.125
    endloop
  endfacet
  facet normal 0 1 0
    outer loop
      vertex -71.7117 146.5 33.125
      vertex -95.5 146.5 0
      vertex -72.1601 146.5 34.0342
    endloop
  endfacet
  facet normal 0 1 0
    outer loop
      vertex -95.5 146.5 0
      vertex -65.5 146.5 6
      vertex -65.5 146.5 0
    endloop
  endfacet
  facet normal 0 1 0
    outer loop
      vertex -72.1601 146.5 39.9658
      vertex -95.5 146.5 0
      vertex -95.5 146.5 183
    endloop
  endfacet
  facet normal 0 1 0
    outer loop
      vertex -72.4859 146.5 34.9942
      vertex -95.5 146.5 0
      vertex -72.6837 146.5 35.9884
    endloop
  endfacet
  facet normal 0 1 0
    outer loop
      vertex -72.1601 146.5 34.0342
      vertex -95.5 146.5 0
      vertex -72.4859 146.5 34.9942
    endloop
  endfacet
  facet normal -1 0 0
    outer loop
      vertex 92.5 86 33.1971
      vertex 92.5 126 37.8029
      vertex 92.5 126 33.1971
    endloop
  endfacet
  facet normal -1 -0 0
    outer loop
      vertex 92.5 126 37.8029
      vertex 92.5 86 33.1971
      vertex 92.5 86 37.8029
    endloop
  endfacet
  facet normal -1 0 0
    outer loop
      vertex 92.5 86 25.1971
      vertex 92.5 126 29.8029
      vertex 92.5 126 25.1971
    endloop
  endfacet
  facet normal -1 -0 0
    outer loop
      vertex 92.5 126 29.8029
      vertex 92.5 86 25.1971
      vertex 92.5 86 29.8029
    endloop
  endfacet
  facet normal -1 0 0
    outer loop
      vertex 92.5 126 25.1971
      vertex 92.5 143.5 12
      vertex 92.5 126 21.8029
    endloop
  endfacet
  facet normal -1 0 0
    outer loop
      vertex 92.5 143.5 12
      vertex 92.5 86 21.8029
      vertex 92.5 126 21.8029
    endloop
  endfacet
  facet normal -1 0 0
    outer loop
      vertex 92.5 68.51 12
      vertex 92.5 86 25.1971
      vertex 92.5 86 21.8029
    endloop
  endfacet
  facet normal -1 -0 0
    outer loop
      vertex 92.5 86 25.1971
      vertex 92.5 68.51 12
      vertex 92.5 86 29.8029
    endloop
  endfacet
  facet normal -1 0 -0
    outer loop
      vertex 92.5 68.55 48
      vertex 92.5 86 29.8029
      vertex 92.5 68.51 12
    endloop
  endfacet
  facet normal -1 0 0
    outer loop
      vertex 92.5 86 29.8029
      vertex 92.5 68.55 48
      vertex 92.5 86 33.1971
    endloop
  endfacet
  facet normal -1 0 0
    outer loop
      vertex 92.5 86 37.8029
      vertex 92.5 68.55 48
      vertex 92.5 86 41.1971
    endloop
  endfacet
  facet normal -1 -0 0
    outer loop
      vertex 92.5 68.55 48
      vertex 92.5 68.51 12
      vertex 92.5 68.55 57
    endloop
  endfacet
  facet normal -1 0 0
    outer loop
      vertex 92.5 86 33.1971
      vertex 92.5 68.55 48
      vertex 92.5 86 37.8029
    endloop
  endfacet
  facet normal -1 0 0
    outer loop
      vertex 92.5 68.51 12
      vertex 92.5 86 21.8029
      vertex 92.5 143.5 12
    endloop
  endfacet
  facet normal -1 0 0
    outer loop
      vertex 92.5 126 29.8029
      vertex 92.5 143.5 12
      vertex 92.5 126 25.1971
    endloop
  endfacet
  facet normal -1 0 0
    outer loop
      vertex 92.5 143.5 12
      vertex 92.5 126 29.8029
      vertex 92.5 143.5 48
    endloop
  endfacet
  facet normal -1 0 0
    outer loop
      vertex 92.5 126 33.1971
      vertex 92.5 143.5 48
      vertex 92.5 126 29.8029
    endloop
  endfacet
  facet normal -1 0 0
    outer loop
      vertex 92.5 126 37.8029
      vertex 92.5 143.5 48
      vertex 92.5 126 33.1971
    endloop
  endfacet
  facet normal -1 0 0
    outer loop
      vertex 92.5 126 41.1971
      vertex 92.5 143.5 48
      vertex 92.5 126 37.8029
    endloop
  endfacet
  facet normal -1 0 0
    outer loop
      vertex 92.5 86 41.1971
      vertex 92.5 143.5 48
      vertex 92.5 126 41.1971
    endloop
  endfacet
  facet normal -1 -0 0
    outer loop
      vertex 92.5 143.5 48
      vertex 92.5 86 41.1971
      vertex 92.5 68.55 48
    endloop
  endfacet
  facet normal -1 0 0
    outer loop
      vertex 92.5 86 75.1971
      vertex 92.5 126 79.8029
      vertex 92.5 126 75.1971
    endloop
  endfacet
  facet normal -1 -0 0
    outer loop
      vertex 92.5 126 79.8029
      vertex 92.5 86 75.1971
      vertex 92.5 86 79.8029
    endloop
  endfacet
  facet normal -1 0 0
    outer loop
      vertex 92.5 86 67.1971
      vertex 92.5 126 71.8029
      vertex 92.5 126 67.1971
    endloop
  endfacet
  facet normal -1 -0 0
    outer loop
      vertex 92.5 126 71.8029
      vertex 92.5 86 67.1971
      vertex 92.5 86 71.8029
    endloop
  endfacet
  facet normal -1 0 0
    outer loop
      vertex 92.5 126 67.1971
      vertex 92.5 143.5 57
      vertex 92.5 126 63.8029
    endloop
  endfacet
  facet normal -1 0 0
    outer loop
      vertex 92.5 143.5 57
      vertex 92.5 86 63.8029
      vertex 92.5 126 63.8029
    endloop
  endfacet
  facet normal -1 0 0
    outer loop
      vertex 92.5 68.55 57
      vertex 92.5 86 67.1971
      vertex 92.5 86 63.8029
    endloop
  endfacet
  facet normal -1 -0 0
    outer loop
      vertex 92.5 86 67.1971
      vertex 92.5 68.55 57
      vertex 92.5 86 71.8029
    endloop
  endfacet
  facet normal -1 -0 0
    outer loop
      vertex 92.5 86 71.8029
      vertex 92.5 68.55 57
      vertex 92.5 86 75.1971
    endloop
  endfacet
  facet normal -1 -0 0
    outer loop
      vertex 92.5 86 75.1971
      vertex 92.5 68.55 57
      vertex 92.5 86 79.8029
    endloop
  endfacet
  facet normal -1 -0 0
    outer loop
      vertex 92.5 86 79.8029
      vertex 92.5 68.55 57
      vertex 92.5 86 83.1971
    endloop
  endfacet
  facet normal -1 0 0
    outer loop
      vertex 92.5 68.55 57
      vertex 92.5 86 63.8029
      vertex 92.5 143.5 57
    endloop
  endfacet
  facet normal -1 0 0
    outer loop
      vertex 92.5 126 71.8029
      vertex 92.5 143.5 57
      vertex 92.5 126 67.1971
    endloop
  endfacet
  facet normal -1 0 0
    outer loop
      vertex 92.5 126 75.1971
      vertex 92.5 143.5 57
      vertex 92.5 126 71.8029
    endloop
  endfacet
  facet normal -1 0 0
    outer loop
      vertex 92.5 126 79.8029
      vertex 92.5 143.5 57
      vertex 92.5 126 75.1971
    endloop
  endfacet
  facet normal -1 0 0
    outer loop
      vertex 92.5 126 83.1971
      vertex 92.5 143.5 57
      vertex 92.5 126 79.8029
    endloop
  endfacet
  facet normal -1 0 0
    outer loop
      vertex 92.5 143.5 57
      vertex 92.5 126 83.1971
      vertex 92.5 143.5 183
    endloop
  endfacet
  facet normal -1 0 0
    outer loop
      vertex 92.5 86 83.1971
      vertex 92.5 143.5 183
      vertex 92.5 126 83.1971
    endloop
  endfacet
  facet normal -1 0 0
    outer loop
      vertex 92.5 68.51 183
      vertex 92.5 86 83.1971
      vertex 92.5 68.55 57
    endloop
  endfacet
  facet normal -1 0 0
    outer loop
      vertex 92.5 86 83.1971
      vertex 92.5 68.51 183
      vertex 92.5 143.5 183
    endloop
  endfacet
  facet normal -1 0 0
    outer loop
      vertex 92.5 68.51 183
      vertex 92.5 68.55 57
      vertex 92.5 68.51 12
    endloop
  endfacet
  facet normal 0 0 1
    outer loop
      vertex -36.4019 129 12
      vertex 16.4019 129 12
      vertex -36.2284 129.352 12
    endloop
  endfacet
  facet normal 0 0 1
    outer loop
      vertex 16.6199 83.3263 12
      vertex -36.0257 81.8916 12
      vertex -36 81.5 12
    endloop
  endfacet
  facet normal 0 0 1
    outer loop
      vertex 16.4019 129 12
      vertex -36.4019 129 12
      vertex 16.6199 128.674 12
    endloop
  endfacet
  facet normal 0 0 1
    outer loop
      vertex 16.6199 83.3263 12
      vertex -36.1022 82.2765 12
      vertex -36.0257 81.8916 12
    endloop
  endfacet
  facet normal 0 0 1
    outer loop
      vertex -36.6199 128.674 12
      vertex 16.6199 128.674 12
      vertex -36.4019 129 12
    endloop
  endfacet
  facet normal 0 0 1
    outer loop
      vertex 16.6199 83.3263 12
      vertex -36.2284 82.648 12
      vertex -36.1022 82.2765 12
    endloop
  endfacet
  facet normal 0 0 1
    outer loop
      vertex 16.6199 128.674 12
      vertex -36.6199 128.674 12
      vertex 16.6199 83.3263 12
    endloop
  endfacet
  facet normal 0 0 1
    outer loop
      vertex 16.6199 83.3263 12
      vertex -36.4019 83 12
      vertex -36.2284 82.648 12
    endloop
  endfacet
  facet normal 0 0 1
    outer loop
      vertex -36.6199 83.3263 12
      vertex 16.6199 83.3263 12
      vertex -36.6199 128.674 12
    endloop
  endfacet
  facet normal 0 0 1
    outer loop
      vertex 16.6199 83.3263 12
      vertex -36.6199 83.3263 12
      vertex -36.4019 83 12
    endloop
  endfacet
  facet normal -0 0 1
    outer loop
      vertex -36.8787 128.379 12
      vertex -36.6199 83.3263 12
      vertex -36.6199 128.674 12
    endloop
  endfacet
  facet normal 0 0 1
    outer loop
      vertex -36.8787 128.379 12
      vertex -36.8787 83.6213 12
      vertex -36.6199 83.3263 12
    endloop
  endfacet
  facet normal -0 0 1
    outer loop
      vertex -37.1737 128.12 12
      vertex -36.8787 83.6213 12
      vertex -36.8787 128.379 12
    endloop
  endfacet
  facet normal 0 0 1
    outer loop
      vertex -37.1737 128.12 12
      vertex -37.1737 83.8801 12
      vertex -36.8787 83.6213 12
    endloop
  endfacet
  facet normal -0 0 1
    outer loop
      vertex -37.5 127.902 12
      vertex -37.1737 83.8801 12
      vertex -37.1737 128.12 12
    endloop
  endfacet
  facet normal 0 0 1
    outer loop
      vertex -37.5 127.902 12
      vertex -37.5 84.0981 12
      vertex -37.1737 83.8801 12
    endloop
  endfacet
  facet normal -0 0 1
    outer loop
      vertex -37.852 127.728 12
      vertex -37.5 84.0981 12
      vertex -37.5 127.902 12
    endloop
  endfacet
  facet normal 0 0 1
    outer loop
      vertex -37.852 127.728 12
      vertex -37.852 84.2716 12
      vertex -37.5 84.0981 12
    endloop
  endfacet
  facet normal -0 0 1
    outer loop
      vertex -38.2235 127.602 12
      vertex -37.852 84.2716 12
      vertex -37.852 127.728 12
    endloop
  endfacet
  facet normal 0 0 1
    outer loop
      vertex -38.2235 127.602 12
      vertex -38.2235 84.3978 12
      vertex -37.852 84.2716 12
    endloop
  endfacet
  facet normal -0 0 1
    outer loop
      vertex -38.6084 127.526 12
      vertex -38.2235 84.3978 12
      vertex -38.2235 127.602 12
    endloop
  endfacet
  facet normal 0 0 1
    outer loop
      vertex -38.6084 127.526 12
      vertex -38.6084 84.4743 12
      vertex -38.2235 84.3978 12
    endloop
  endfacet
  facet normal -0 0 1
    outer loop
      vertex -39 127.5 12
      vertex -38.6084 84.4743 12
      vertex -38.6084 127.526 12
    endloop
  endfacet
  facet normal 0 0 1
    outer loop
      vertex -39 127.5 12
      vertex -39 84.5 12
      vertex -38.6084 84.4743 12
    endloop
  endfacet
  facet normal 0 0 1
    outer loop
      vertex -39.3916 127.526 12
      vertex -39 84.5 12
      vertex -39 127.5 12
    endloop
  endfacet
  facet normal 0 0 1
    outer loop
      vertex -39.3916 127.526 12
      vertex -39.3916 84.4743 12
      vertex -39 84.5 12
    endloop
  endfacet
  facet normal 0 0 1
    outer loop
      vertex -39.7765 127.602 12
      vertex -39.3916 84.4743 12
      vertex -39.3916 127.526 12
    endloop
  endfacet
  facet normal 0 0 1
    outer loop
      vertex -39.7765 127.602 12
      vertex -39.7765 84.3978 12
      vertex -39.3916 84.4743 12
    endloop
  endfacet
  facet normal 0 0 1
    outer loop
      vertex -40.148 127.728 12
      vertex -39.7765 84.3978 12
      vertex -39.7765 127.602 12
    endloop
  endfacet
  facet normal 0 0 1
    outer loop
      vertex -40.148 127.728 12
      vertex -40.148 84.2716 12
      vertex -39.7765 84.3978 12
    endloop
  endfacet
  facet normal 0 0 1
    outer loop
      vertex -40.5 127.902 12
      vertex -40.148 84.2716 12
      vertex -40.148 127.728 12
    endloop
  endfacet
  facet normal 0 0 1
    outer loop
      vertex -40.5 127.902 12
      vertex -40.5 84.0981 12
      vertex -40.148 84.2716 12
    endloop
  endfacet
  facet normal 0 0 1
    outer loop
      vertex -54.7389 131.517 12
      vertex -40.5 127.902 12
      vertex -40.8263 128.12 12
    endloop
  endfacet
  facet normal 0 0 1
    outer loop
      vertex -40.5 127.902 12
      vertex -55 131.5 12
      vertex -40.5 84.0981 12
    endloop
  endfacet
  facet normal 0 0 1
    outer loop
      vertex -54.4824 131.568 12
      vertex -40.8263 128.12 12
      vertex -41.1213 128.379 12
    endloop
  endfacet
  facet normal 0 0 1
    outer loop
      vertex -40.5 127.902 12
      vertex -54.7389 131.517 12
      vertex -55 131.5 12
    endloop
  endfacet
  facet normal 0 0 1
    outer loop
      vertex -54.2346 131.652 12
      vertex -41.1213 128.379 12
      vertex -41.3801 128.674 12
    endloop
  endfacet
  facet normal 0 0 1
    outer loop
      vertex -40.5 84.0981 12
      vertex -55 131.5 12
      vertex -40.8263 83.8801 12
    endloop
  endfacet
  facet normal 0 0 1
    outer loop
      vertex -54 131.768 12
      vertex -41.3801 128.674 12
      vertex -41.5981 129 12
    endloop
  endfacet
  facet normal 0 0 1
    outer loop
      vertex -55.2611 131.517 12
      vertex -40.8263 83.8801 12
      vertex -55 131.5 12
    endloop
  endfacet
  facet normal 0 0 1
    outer loop
      vertex -53.7825 131.913 12
      vertex -41.5981 129 12
      vertex -41.7716 129.352 12
    endloop
  endfacet
  facet normal 0 0 1
    outer loop
      vertex -40.8263 83.8801 12
      vertex -55.2611 131.517 12
      vertex -41.1213 83.6213 12
    endloop
  endfacet
  facet normal 0 0 1
    outer loop
      vertex -53.5858 132.086 12
      vertex -41.7716 129.352 12
      vertex -41.8978 129.724 12
    endloop
  endfacet
  facet normal 0 0 1
    outer loop
      vertex -55.5176 131.568 12
      vertex -41.1213 83.6213 12
      vertex -55.2611 131.517 12
    endloop
  endfacet
  facet normal 0 0 1
    outer loop
      vertex -53.4133 132.282 12
      vertex -41.8978 129.724 12
      vertex -41.9743 130.108 12
    endloop
  endfacet
  facet normal 0 0 1
    outer loop
      vertex -41.1213 83.6213 12
      vertex -55.5176 131.568 12
      vertex -41.3801 83.3263 12
    endloop
  endfacet
  facet normal 0 0 1
    outer loop
      vertex -53.2679 132.5 12
      vertex -41.9743 130.108 12
      vertex -42 130.5 12
    endloop
  endfacet
  facet normal 0 0 1
    outer loop
      vertex -55.7654 131.652 12
      vertex -41.3801 83.3263 12
      vertex -55.5176 131.568 12
    endloop
  endfacet
  facet normal 0 0 1
    outer loop
      vertex 53.4133 132.282 12
      vertex 21.5981 129 12
      vertex 53.5858 132.086 12
    endloop
  endfacet
  facet normal 0 0 1
    outer loop
      vertex 54 131.768 12
      vertex 21.9743 81.8916 12
      vertex 22 81.5 12
    endloop
  endfacet
  facet normal 0 0 1
    outer loop
      vertex 21.3801 128.674 12
      vertex 53.5858 132.086 12
      vertex 21.5981 129 12
    endloop
  endfacet
  facet normal 0 0 1
    outer loop
      vertex 54 131.768 12
      vertex 21.8978 82.2765 12
      vertex 21.9743 81.8916 12
    endloop
  endfacet
  facet normal 0 0 1
    outer loop
      vertex 53.5858 132.086 12
      vertex 21.3801 128.674 12
      vertex 53.7825 131.913 12
    endloop
  endfacet
  facet normal 0 0 1
    outer loop
      vertex 54 131.768 12
      vertex 21.7716 82.648 12
      vertex 21.8978 82.2765 12
    endloop
  endfacet
  facet normal 0 0 1
    outer loop
      vertex 21.1213 128.379 12
      vertex 53.7825 131.913 12
      vertex 21.3801 128.674 12
    endloop
  endfacet
  facet normal 0 0 1
    outer loop
      vertex 54 131.768 12
      vertex 21.5981 83 12
      vertex 21.7716 82.648 12
    endloop
  endfacet
  facet normal 0 0 1
    outer loop
      vertex 53.7825 131.913 12
      vertex 21.1213 128.379 12
      vertex 54 131.768 12
    endloop
  endfacet
  facet normal 0 0 1
    outer loop
      vertex 54 131.768 12
      vertex 21.3801 83.3263 12
      vertex 21.5981 83 12
    endloop
  endfacet
  facet normal 0 0 1
    outer loop
      vertex 20.8263 128.12 12
      vertex 54 131.768 12
      vertex 21.1213 128.379 12
    endloop
  endfacet
  facet normal 0 0 1
    outer loop
      vertex 54 131.768 12
      vertex 21.1213 83.6213 12
      vertex 21.3801 83.3263 12
    endloop
  endfacet
  facet normal 0 0 1
    outer loop
      vertex 20.8263 83.8801 12
      vertex 54 131.768 12
      vertex 20.8263 128.12 12
    endloop
  endfacet
  facet normal 0 0 1
    outer loop
      vertex 54 131.768 12
      vertex 20.8263 83.8801 12
      vertex 21.1213 83.6213 12
    endloop
  endfacet
  facet normal -0 0 1
    outer loop
      vertex 20.5 127.902 12
      vertex 20.8263 83.8801 12
      vertex 20.8263 128.12 12
    endloop
  endfacet
  facet normal 0 0 1
    outer loop
      vertex 20.5 127.902 12
      vertex 20.5 84.0981 12
      vertex 20.8263 83.8801 12
    endloop
  endfacet
  facet normal -0 0 1
    outer loop
      vertex 20.148 127.728 12
      vertex 20.5 84.0981 12
      vertex 20.5 127.902 12
    endloop
  endfacet
  facet normal 0 0 1
    outer loop
      vertex 20.148 127.728 12
      vertex 20.148 84.2716 12
      vertex 20.5 84.0981 12
    endloop
  endfacet
  facet normal -0 0 1
    outer loop
      vertex 19.7765 127.602 12
      vertex 20.148 84.2716 12
      vertex 20.148 127.728 12
    endloop
  endfacet
  facet normal 0 0 1
    outer loop
      vertex 19.7765 127.602 12
      vertex 19.7765 84.3978 12
      vertex 20.148 84.2716 12
    endloop
  endfacet
  facet normal -0 0 1
    outer loop
      vertex 19.3916 127.526 12
      vertex 19.7765 84.3978 12
      vertex 19.7765 127.602 12
    endloop
  endfacet
  facet normal 0 0 1
    outer loop
      vertex 19.3916 127.526 12
      vertex 19.3916 84.4743 12
      vertex 19.7765 84.3978 12
    endloop
  endfacet
  facet normal -0 0 1
    outer loop
      vertex 19 127.5 12
      vertex 19.3916 84.4743 12
      vertex 19.3916 127.526 12
    endloop
  endfacet
  facet normal 0 0 1
    outer loop
      vertex 19 127.5 12
      vertex 19 84.5 12
      vertex 19.3916 84.4743 12
    endloop
  endfacet
  facet normal 0 0 1
    outer loop
      vertex 18.6084 127.526 12
      vertex 19 84.5 12
      vertex 19 127.5 12
    endloop
  endfacet
  facet normal 0 0 1
    outer loop
      vertex 18.6084 127.526 12
      vertex 18.6084 84.4743 12
      vertex 19 84.5 12
    endloop
  endfacet
  facet normal 0 0 1
    outer loop
      vertex 18.2235 127.602 12
      vertex 18.6084 84.4743 12
      vertex 18.6084 127.526 12
    endloop
  endfacet
  facet normal 0 0 1
    outer loop
      vertex 18.2235 127.602 12
      vertex 18.2235 84.3978 12
      vertex 18.6084 84.4743 12
    endloop
  endfacet
  facet normal 0 0 1
    outer loop
      vertex 17.8519 127.728 12
      vertex 18.2235 84.3978 12
      vertex 18.2235 127.602 12
    endloop
  endfacet
  facet normal 0 0 1
    outer loop
      vertex 17.8519 127.728 12
      vertex 17.8519 84.2716 12
      vertex 18.2235 84.3978 12
    endloop
  endfacet
  facet normal 0 0 1
    outer loop
      vertex 17.5 127.902 12
      vertex 17.8519 84.2716 12
      vertex 17.8519 127.728 12
    endloop
  endfacet
  facet normal 0 0 1
    outer loop
      vertex 17.5 127.902 12
      vertex 17.5 84.0981 12
      vertex 17.8519 84.2716 12
    endloop
  endfacet
  facet normal 0 0 1
    outer loop
      vertex 17.1737 128.12 12
      vertex 17.5 84.0981 12
      vertex 17.5 127.902 12
    endloop
  endfacet
  facet normal 0 0 1
    outer loop
      vertex 17.1737 128.12 12
      vertex 17.1737 83.8801 12
      vertex 17.5 84.0981 12
    endloop
  endfacet
  facet normal 0 0 1
    outer loop
      vertex 16.8787 128.379 12
      vertex 17.1737 83.8801 12
      vertex 17.1737 128.12 12
    endloop
  endfacet
  facet normal 0 0 1
    outer loop
      vertex 16.8787 128.379 12
      vertex 16.8787 83.6213 12
      vertex 17.1737 83.8801 12
    endloop
  endfacet
  facet normal 0 0 1
    outer loop
      vertex 16.6199 128.674 12
      vertex 16.8787 83.6213 12
      vertex 16.8787 128.379 12
    endloop
  endfacet
  facet normal 0 0 1
    outer loop
      vertex 16.6199 128.674 12
      vertex 16.6199 83.3263 12
      vertex 16.8787 83.6213 12
    endloop
  endfacet
  facet normal 0 0 1
    outer loop
      vertex 16.1022 129.724 12
      vertex -36.1022 129.724 12
      vertex 16.2284 129.352 12
    endloop
  endfacet
  facet normal 0 0 1
    outer loop
      vertex -36.2284 129.352 12
      vertex 16.2284 129.352 12
      vertex -36.1022 129.724 12
    endloop
  endfacet
  facet normal 0 0 1
    outer loop
      vertex -36.1022 129.724 12
      vertex 16.1022 129.724 12
      vertex -36.0257 130.108 12
    endloop
  endfacet
  facet normal 0 0 1
    outer loop
      vertex 16.2284 129.352 12
      vertex -36.2284 129.352 12
      vertex 16.4019 129 12
    endloop
  endfacet
  facet normal 0 0 1
    outer loop
      vertex 16.0257 130.108 12
      vertex -36.0257 130.108 12
      vertex 16.1022 129.724 12
    endloop
  endfacet
  facet normal 0 0 1
    outer loop
      vertex 16.6199 83.3263 12
      vertex -36 81.5 12
      vertex 16.4019 83 12
    endloop
  endfacet
  facet normal 0 0 1
    outer loop
      vertex -36.0257 130.108 12
      vertex 16.0257 130.108 12
      vertex -36 130.5 12
    endloop
  endfacet
  facet normal 0 0 1
    outer loop
      vertex 16.4019 83 12
      vertex -36 81.5 12
      vertex 16.2284 82.648 12
    endloop
  endfacet
  facet normal -0 0 1
    outer loop
      vertex -36 130.5 12
      vertex 16.0257 130.108 12
      vertex 16 130.5 12
    endloop
  endfacet
  facet normal 0 0 1
    outer loop
      vertex 16.2284 82.648 12
      vertex -36 81.5 12
      vertex 16.1022 82.2765 12
    endloop
  endfacet
  facet normal 0 0 1
    outer loop
      vertex 89.4572 134.847 12
      vertex 92.5 143.5 12
      vertex 89.5 135.5 12
    endloop
  endfacet
  facet normal 0 0 1
    outer loop
      vertex 92.5 143.5 12
      vertex 89.4572 136.153 12
      vertex 89.5 135.5 12
    endloop
  endfacet
  facet normal 0 0 1
    outer loop
      vertex 92.5 143.5 12
      vertex 89.3296 136.794 12
      vertex 89.4572 136.153 12
    endloop
  endfacet
  facet normal 0 0 1
    outer loop
      vertex 92.5 143.5 12
      vertex 89.1194 137.413 12
      vertex 89.3296 136.794 12
    endloop
  endfacet
  facet normal 0 0 1
    outer loop
      vertex 92.5 143.5 12
      vertex 88.8301 138 12
      vertex 89.1194 137.413 12
    endloop
  endfacet
  facet normal 0 0 1
    outer loop
      vertex 92.5 143.5 12
      vertex 88.4668 138.544 12
      vertex 88.8301 138 12
    endloop
  endfacet
  facet normal 0 0 1
    outer loop
      vertex 92.5 143.5 12
      vertex 88.0355 139.036 12
      vertex 88.4668 138.544 12
    endloop
  endfacet
  facet normal 0 0 1
    outer loop
      vertex 92.5 143.5 12
      vertex 87.5438 139.467 12
      vertex 88.0355 139.036 12
    endloop
  endfacet
  facet normal 0 0 1
    outer loop
      vertex 92.5 143.5 12
      vertex 87 139.83 12
      vertex 87.5438 139.467 12
    endloop
  endfacet
  facet normal 0 0 1
    outer loop
      vertex 92.5 143.5 12
      vertex 86.4134 140.119 12
      vertex 87 139.83 12
    endloop
  endfacet
  facet normal 0 0 1
    outer loop
      vertex 92.5 143.5 12
      vertex 85.7941 140.33 12
      vertex 86.4134 140.119 12
    endloop
  endfacet
  facet normal 0 0 1
    outer loop
      vertex 92.5 143.5 12
      vertex 85.1526 140.457 12
      vertex 85.7941 140.33 12
    endloop
  endfacet
  facet normal 0 0 1
    outer loop
      vertex 92.5 143.5 12
      vertex 84.5 140.5 12
      vertex 85.1526 140.457 12
    endloop
  endfacet
  facet normal 0 0 1
    outer loop
      vertex 92.5 143.5 12
      vertex 83.8474 140.457 12
      vertex 84.5 140.5 12
    endloop
  endfacet
  facet normal 0 0 1
    outer loop
      vertex 92.5 143.5 12
      vertex 83.2059 140.33 12
      vertex 83.8474 140.457 12
    endloop
  endfacet
  facet normal 0 0 1
    outer loop
      vertex 55 135.5 12
      vertex 83.2059 140.33 12
      vertex 92.5 143.5 12
    endloop
  endfacet
  facet normal 0 0 1
    outer loop
      vertex 56.9319 134.018 12
      vertex 79.5 135.5 12
      vertex 79.5428 136.153 12
    endloop
  endfacet
  facet normal 0 0 1
    outer loop
      vertex 56.8478 134.265 12
      vertex 79.5428 136.153 12
      vertex 79.6704 136.794 12
    endloop
  endfacet
  facet normal 0 0 1
    outer loop
      vertex 56.732 134.5 12
      vertex 79.6704 136.794 12
      vertex 79.8806 137.413 12
    endloop
  endfacet
  facet normal 0 0 1
    outer loop
      vertex 56.5867 134.718 12
      vertex 79.8806 137.413 12
      vertex 80.1699 138 12
    endloop
  endfacet
  facet normal 0 0 1
    outer loop
      vertex 56.4142 134.914 12
      vertex 80.1699 138 12
      vertex 80.5332 138.544 12
    endloop
  endfacet
  facet normal 0 0 1
    outer loop
      vertex 56 135.232 12
      vertex 80.5332 138.544 12
      vertex 80.9645 139.036 12
    endloop
  endfacet
  facet normal 0 0 1
    outer loop
      vertex 55.7654 135.348 12
      vertex 80.9645 139.036 12
      vertex 81.4562 139.467 12
    endloop
  endfacet
  facet normal 0 0 1
    outer loop
      vertex 55.5176 135.432 12
      vertex 81.4562 139.467 12
      vertex 82 139.83 12
    endloop
  endfacet
  facet normal 0 0 1
    outer loop
      vertex 55.2611 135.483 12
      vertex 82 139.83 12
      vertex 82.5866 140.119 12
    endloop
  endfacet
  facet normal 0 0 1
    outer loop
      vertex 83.2059 140.33 12
      vertex 55 135.5 12
      vertex 82.5866 140.119 12
    endloop
  endfacet
  facet normal 0 0 1
    outer loop
      vertex 79.5 135.5 12
      vertex 56.9829 133.761 12
      vertex 57 133.5 12
    endloop
  endfacet
  facet normal 0 0 1
    outer loop
      vertex 79.5 135.5 12
      vertex 56.9319 134.018 12
      vertex 56.9829 133.761 12
    endloop
  endfacet
  facet normal 0 0 1
    outer loop
      vertex 79.5428 136.153 12
      vertex 56.8478 134.265 12
      vertex 56.9319 134.018 12
    endloop
  endfacet
  facet normal 0 0 1
    outer loop
      vertex 79.6704 136.794 12
      vertex 56.732 134.5 12
      vertex 56.8478 134.265 12
    endloop
  endfacet
  facet normal 0 0 1
    outer loop
      vertex 79.8806 137.413 12
      vertex 56.5867 134.718 12
      vertex 56.732 134.5 12
    endloop
  endfacet
  facet normal 0 0 1
    outer loop
      vertex 80.1699 138 12
      vertex 56.4142 134.914 12
      vertex 56.5867 134.718 12
    endloop
  endfacet
  facet normal 0 0 1
    outer loop
      vertex 80.5332 138.544 12
      vertex 56.2175 135.087 12
      vertex 56.4142 134.914 12
    endloop
  endfacet
  facet normal 0 0 1
    outer loop
      vertex 80.5332 138.544 12
      vertex 56 135.232 12
      vertex 56.2175 135.087 12
    endloop
  endfacet
  facet normal 0 0 1
    outer loop
      vertex 80.9645 139.036 12
      vertex 55.7654 135.348 12
      vertex 56 135.232 12
    endloop
  endfacet
  facet normal 0 0 1
    outer loop
      vertex 81.4562 139.467 12
      vertex 55.5176 135.432 12
      vertex 55.7654 135.348 12
    endloop
  endfacet
  facet normal 0 0 1
    outer loop
      vertex 82 139.83 12
      vertex 55.2611 135.483 12
      vertex 55.5176 135.432 12
    endloop
  endfacet
  facet normal 0 0 1
    outer loop
      vertex 82.5866 140.119 12
      vertex 55 135.5 12
      vertex 55.2611 135.483 12
    endloop
  endfacet
  facet normal 0 0 1
    outer loop
      vertex 92.5 143.5 12
      vertex 54.7389 135.483 12
      vertex 55 135.5 12
    endloop
  endfacet
  facet normal 0 0 1
    outer loop
      vertex 19 133.5 12
      vertex 54.7389 135.483 12
      vertex 92.5 143.5 12
    endloop
  endfacet
  facet normal 0 0 1
    outer loop
      vertex 21.8978 131.276 12
      vertex 53 133.5 12
      vertex 53.0171 133.761 12
    endloop
  endfacet
  facet normal 0 0 1
    outer loop
      vertex 21.7716 131.648 12
      vertex 53.0171 133.761 12
      vertex 53.0681 134.018 12
    endloop
  endfacet
  facet normal 0 0 1
    outer loop
      vertex 21.5981 132 12
      vertex 53.0681 134.018 12
      vertex 53.1522 134.265 12
    endloop
  endfacet
  facet normal 0 0 1
    outer loop
      vertex 21.5981 132 12
      vertex 53.1522 134.265 12
      vertex 53.2679 134.5 12
    endloop
  endfacet
  facet normal 0 0 1
    outer loop
      vertex 21.3801 132.326 12
      vertex 53.2679 134.5 12
      vertex 53.4133 134.718 12
    endloop
  endfacet
  facet normal 0 0 1
    outer loop
      vertex 21.1213 132.621 12
      vertex 53.4133 134.718 12
      vertex 53.5858 134.914 12
    endloop
  endfacet
  facet normal 0 0 1
    outer loop
      vertex 20.8263 132.88 12
      vertex 53.5858 134.914 12
      vertex 53.7825 135.087 12
    endloop
  endfacet
  facet normal 0 0 1
    outer loop
      vertex 20.5 133.098 12
      vertex 53.7825 135.087 12
      vertex 54 135.232 12
    endloop
  endfacet
  facet normal 0 0 1
    outer loop
      vertex 20.148 133.272 12
      vertex 54 135.232 12
      vertex 54.2346 135.348 12
    endloop
  endfacet
  facet normal 0 0 1
    outer loop
      vertex 19.7765 133.398 12
      vertex 54.2346 135.348 12
      vertex 54.4824 135.432 12
    endloop
  endfacet
  facet normal 0 -0 1
    outer loop
      vertex 19.3916 133.474 12
      vertex 54.7389 135.483 12
      vertex 19 133.5 12
    endloop
  endfacet
  facet normal 0 0 1
    outer loop
      vertex 53 133.5 12
      vertex 21.9743 130.892 12
      vertex 22 130.5 12
    endloop
  endfacet
  facet normal 0 0 1
    outer loop
      vertex 53 133.5 12
      vertex 21.8978 131.276 12
      vertex 21.9743 130.892 12
    endloop
  endfacet
  facet normal 0 0 1
    outer loop
      vertex 53.0171 133.761 12
      vertex 21.7716 131.648 12
      vertex 21.8978 131.276 12
    endloop
  endfacet
  facet normal 0 0 1
    outer loop
      vertex 53.0681 134.018 12
      vertex 21.5981 132 12
      vertex 21.7716 131.648 12
    endloop
  endfacet
  facet normal 0 0 1
    outer loop
      vertex 53.2679 134.5 12
      vertex 21.3801 132.326 12
      vertex 21.5981 132 12
    endloop
  endfacet
  facet normal 0 0 1
    outer loop
      vertex 53.4133 134.718 12
      vertex 21.1213 132.621 12
      vertex 21.3801 132.326 12
    endloop
  endfacet
  facet normal 0 0 1
    outer loop
      vertex 53.5858 134.914 12
      vertex 20.8263 132.88 12
      vertex 21.1213 132.621 12
    endloop
  endfacet
  facet normal 0 0 1
    outer loop
      vertex 53.7825 135.087 12
      vertex 20.5 133.098 12
      vertex 20.8263 132.88 12
    endloop
  endfacet
  facet normal 0 0 1
    outer loop
      vertex 54 135.232 12
      vertex 20.148 133.272 12
      vertex 20.5 133.098 12
    endloop
  endfacet
  facet normal 0 0 1
    outer loop
      vertex 54.2346 135.348 12
      vertex 19.7765 133.398 12
      vertex 20.148 133.272 12
    endloop
  endfacet
  facet normal 0 0 1
    outer loop
      vertex 54.4824 135.432 12
      vertex 19.3916 133.474 12
      vertex 19.7765 133.398 12
    endloop
  endfacet
  facet normal 0 0 1
    outer loop
      vertex 54.7389 135.483 12
      vertex 19.3916 133.474 12
      vertex 54.4824 135.432 12
    endloop
  endfacet
  facet normal -0 0 1
    outer loop
      vertex -92.5 143.5 12
      vertex 19 133.5 12
      vertex 92.5 143.5 12
    endloop
  endfacet
  facet normal 0 0 1
    outer loop
      vertex 16.1022 82.2765 12
      vertex -36 81.5 12
      vertex 16.0257 81.8916 12
    endloop
  endfacet
  facet normal 0 0 1
    outer loop
      vertex 16.0257 130.892 12
      vertex -36 130.5 12
      vertex 16 130.5 12
    endloop
  endfacet
  facet normal 0 0 1
    outer loop
      vertex -36.0257 130.892 12
      vertex 16.0257 130.892 12
      vertex 16.1022 131.276 12
    endloop
  endfacet
  facet normal 0 0 1
    outer loop
      vertex -36.1022 131.276 12
      vertex 16.1022 131.276 12
      vertex 16.2284 131.648 12
    endloop
  endfacet
  facet normal 0 0 1
    outer loop
      vertex -36.2284 131.648 12
      vertex 16.2284 131.648 12
      vertex 16.4019 132 12
    endloop
  endfacet
  facet normal 0 0 1
    outer loop
      vertex -36.4019 132 12
      vertex 16.4019 132 12
      vertex 16.6199 132.326 12
    endloop
  endfacet
  facet normal 0 0 1
    outer loop
      vertex -36.6199 132.326 12
      vertex 16.6199 132.326 12
      vertex 16.8787 132.621 12
    endloop
  endfacet
  facet normal 0 0 1
    outer loop
      vertex -36.8787 132.621 12
      vertex 16.8787 132.621 12
      vertex 17.1737 132.88 12
    endloop
  endfacet
  facet normal 0 0 1
    outer loop
      vertex -37.1737 132.88 12
      vertex 17.1737 132.88 12
      vertex 17.5 133.098 12
    endloop
  endfacet
  facet normal 0 0 1
    outer loop
      vertex -37.5 133.098 12
      vertex 17.5 133.098 12
      vertex 17.8519 133.272 12
    endloop
  endfacet
  facet normal 0 0 1
    outer loop
      vertex -37.852 133.272 12
      vertex 17.8519 133.272 12
      vertex 18.2235 133.398 12
    endloop
  endfacet
  facet normal 0 0 1
    outer loop
      vertex -38.2235 133.398 12
      vertex 18.2235 133.398 12
      vertex 18.6084 133.474 12
    endloop
  endfacet
  facet normal 0 0 1
    outer loop
      vertex 19 133.5 12
      vertex -92.5 143.5 12
      vertex 18.6084 133.474 12
    endloop
  endfacet
  facet normal 0 0 1
    outer loop
      vertex 16.0257 130.892 12
      vertex -36.0257 130.892 12
      vertex -36 130.5 12
    endloop
  endfacet
  facet normal 0 0 1
    outer loop
      vertex 16.1022 131.276 12
      vertex -36.1022 131.276 12
      vertex -36.0257 130.892 12
    endloop
  endfacet
  facet normal 0 0 1
    outer loop
      vertex 16.2284 131.648 12
      vertex -36.2284 131.648 12
      vertex -36.1022 131.276 12
    endloop
  endfacet
  facet normal 0 0 1
    outer loop
      vertex 16.4019 132 12
      vertex -36.4019 132 12
      vertex -36.2284 131.648 12
    endloop
  endfacet
  facet normal 0 0 1
    outer loop
      vertex 16.6199 132.326 12
      vertex -36.6199 132.326 12
      vertex -36.4019 132 12
    endloop
  endfacet
  facet normal 0 0 1
    outer loop
      vertex 16.8787 132.621 12
      vertex -36.8787 132.621 12
      vertex -36.6199 132.326 12
    endloop
  endfacet
  facet normal 0 0 1
    outer loop
      vertex 17.1737 132.88 12
      vertex -37.1737 132.88 12
      vertex -36.8787 132.621 12
    endloop
  endfacet
  facet normal 0 0 1
    outer loop
      vertex 17.5 133.098 12
      vertex -37.5 133.098 12
      vertex -37.1737 132.88 12
    endloop
  endfacet
  facet normal 0 0 1
    outer loop
      vertex 17.8519 133.272 12
      vertex -37.852 133.272 12
      vertex -37.5 133.098 12
    endloop
  endfacet
  facet normal 0 0 1
    outer loop
      vertex 18.2235 133.398 12
      vertex -38.2235 133.398 12
      vertex -37.852 133.272 12
    endloop
  endfacet
  facet normal 0 0 1
    outer loop
      vertex 18.6084 133.474 12
      vertex -38.6084 133.474 12
      vertex -38.2235 133.398 12
    endloop
  endfacet
  facet normal 0 0 1
    outer loop
      vertex 18.6084 133.474 12
      vertex -54.7389 135.483 12
      vertex -38.6084 133.474 12
    endloop
  endfacet
  facet normal 0 0 1
    outer loop
      vertex -38.6084 133.474 12
      vertex -54.7389 135.483 12
      vertex -39 133.5 12
    endloop
  endfacet
  facet normal -0 0 1
    outer loop
      vertex -53.0681 132.982 12
      vertex -41.9743 130.892 12
      vertex -53.0171 133.239 12
    endloop
  endfacet
  facet normal 0 0 1
    outer loop
      vertex -41.8978 131.276 12
      vertex -53.0171 133.239 12
      vertex -41.9743 130.892 12
    endloop
  endfacet
  facet normal -0 0 1
    outer loop
      vertex -53.0171 133.239 12
      vertex -41.8978 131.276 12
      vertex -53 133.5 12
    endloop
  endfacet
  facet normal 0 0 1
    outer loop
      vertex -41.7716 131.648 12
      vertex -53 133.5 12
      vertex -41.8978 131.276 12
    endloop
  endfacet
  facet normal 0 0 1
    outer loop
      vertex -53.0171 133.761 12
      vertex -41.7716 131.648 12
      vertex -41.5981 132 12
    endloop
  endfacet
  facet normal 0 0 1
    outer loop
      vertex -53.0681 134.018 12
      vertex -41.5981 132 12
      vertex -41.3801 132.326 12
    endloop
  endfacet
  facet normal 0 0 1
    outer loop
      vertex -53.1522 134.265 12
      vertex -41.3801 132.326 12
      vertex -41.1213 132.621 12
    endloop
  endfacet
  facet normal 0 0 1
    outer loop
      vertex -53.2679 134.5 12
      vertex -41.1213 132.621 12
      vertex -40.8263 132.88 12
    endloop
  endfacet
  facet normal 0 0 1
    outer loop
      vertex -53.4133 134.718 12
      vertex -40.8263 132.88 12
      vertex -40.5 133.098 12
    endloop
  endfacet
  facet normal 0 0 1
    outer loop
      vertex -53.5858 134.914 12
      vertex -40.5 133.098 12
      vertex -40.148 133.272 12
    endloop
  endfacet
  facet normal 0 0 1
    outer loop
      vertex -53.7825 135.087 12
      vertex -40.148 133.272 12
      vertex -39.7765 133.398 12
    endloop
  endfacet
  facet normal 0 0 1
    outer loop
      vertex -54 135.232 12
      vertex -39.7765 133.398 12
      vertex -39.3916 133.474 12
    endloop
  endfacet
  facet normal -0 -0 1
    outer loop
      vertex -54.4824 135.432 12
      vertex -39 133.5 12
      vertex -54.7389 135.483 12
    endloop
  endfacet
  facet normal 0 0 1
    outer loop
      vertex -41.7716 131.648 12
      vertex -53.0171 133.761 12
      vertex -53 133.5 12
    endloop
  endfacet
  facet normal 0 0 1
    outer loop
      vertex -41.5981 132 12
      vertex -53.0681 134.018 12
      vertex -53.0171 133.761 12
    endloop
  endfacet
  facet normal 0 0 1
    outer loop
      vertex -41.3801 132.326 12
      vertex -53.1522 134.265 12
      vertex -53.0681 134.018 12
    endloop
  endfacet
  facet normal 0 0 1
    outer loop
      vertex -41.1213 132.621 12
      vertex -53.2679 134.5 12
      vertex -53.1522 134.265 12
    endloop
  endfacet
  facet normal 0 0 1
    outer loop
      vertex -40.8263 132.88 12
      vertex -53.4133 134.718 12
      vertex -53.2679 134.5 12
    endloop
  endfacet
  facet normal 0 0 1
    outer loop
      vertex -40.5 133.098 12
      vertex -53.5858 134.914 12
      vertex -53.4133 134.718 12
    endloop
  endfacet
  facet normal 0 0 1
    outer loop
      vertex -40.148 133.272 12
      vertex -53.7825 135.087 12
      vertex -53.5858 134.914 12
    endloop
  endfacet
  facet normal 0 0 1
    outer loop
      vertex -39.7765 133.398 12
      vertex -54 135.232 12
      vertex -53.7825 135.087 12
    endloop
  endfacet
  facet normal 0 0 1
    outer loop
      vertex -39.3916 133.474 12
      vertex -54.2346 135.348 12
      vertex -54 135.232 12
    endloop
  endfacet
  facet normal 0 0 1
    outer loop
      vertex -39.3916 133.474 12
      vertex -54.4824 135.432 12
      vertex -54.2346 135.348 12
    endloop
  endfacet
  facet normal 0 0 1
    outer loop
      vertex -39 133.5 12
      vertex -54.4824 135.432 12
      vertex -39.3916 133.474 12
    endloop
  endfacet
  facet normal 0 0 1
    outer loop
      vertex 18.6084 133.474 12
      vertex -92.5 143.5 12
      vertex -54.7389 135.483 12
    endloop
  endfacet
  facet normal 0 0 1
    outer loop
      vertex -56.9829 133.761 12
      vertex -79.5 135.5 12
      vertex -57 133.5 12
    endloop
  endfacet
  facet normal 0 0 1
    outer loop
      vertex -56.9319 134.018 12
      vertex -79.5 135.5 12
      vertex -56.9829 133.761 12
    endloop
  endfacet
  facet normal 0 0 1
    outer loop
      vertex -79.5428 136.153 12
      vertex -56.9319 134.018 12
      vertex -56.8478 134.265 12
    endloop
  endfacet
  facet normal 0 0 1
    outer loop
      vertex -79.6704 136.794 12
      vertex -56.8478 134.265 12
      vertex -56.732 134.5 12
    endloop
  endfacet
  facet normal 0 0 1
    outer loop
      vertex -79.8806 137.413 12
      vertex -56.732 134.5 12
      vertex -56.5867 134.718 12
    endloop
  endfacet
  facet normal 0 0 1
    outer loop
      vertex -80.1699 138 12
      vertex -56.5867 134.718 12
      vertex -56.4142 134.914 12
    endloop
  endfacet
  facet normal 0 0 1
    outer loop
      vertex -80.1699 138 12
      vertex -56.4142 134.914 12
      vertex -56.2175 135.087 12
    endloop
  endfacet
  facet normal 0 0 1
    outer loop
      vertex -80.5332 138.544 12
      vertex -56.2175 135.087 12
      vertex -56 135.232 12
    endloop
  endfacet
  facet normal 0 0 1
    outer loop
      vertex -80.9645 139.036 12
      vertex -56 135.232 12
      vertex -55.7654 135.348 12
    endloop
  endfacet
  facet normal 0 0 1
    outer loop
      vertex -81.4562 139.467 12
      vertex -55.7654 135.348 12
      vertex -55.5176 135.432 12
    endloop
  endfacet
  facet normal 0 0 1
    outer loop
      vertex -82 139.83 12
      vertex -55.5176 135.432 12
      vertex -55.2611 135.483 12
    endloop
  endfacet
  facet normal 0 0 1
    outer loop
      vertex -82.5866 140.119 12
      vertex -55.2611 135.483 12
      vertex -55 135.5 12
    endloop
  endfacet
  facet normal 0 0 1
    outer loop
      vertex -54.7389 135.483 12
      vertex -92.5 143.5 12
      vertex -55 135.5 12
    endloop
  endfacet
  facet normal 0 0 1
    outer loop
      vertex -56.9319 134.018 12
      vertex -79.5428 136.153 12
      vertex -79.5 135.5 12
    endloop
  endfacet
  facet normal 0 0 1
    outer loop
      vertex -56.8478 134.265 12
      vertex -79.6704 136.794 12
      vertex -79.5428 136.153 12
    endloop
  endfacet
  facet normal 0 0 1
    outer loop
      vertex -56.732 134.5 12
      vertex -79.8806 137.413 12
      vertex -79.6704 136.794 12
    endloop
  endfacet
  facet normal 0 0 1
    outer loop
      vertex -56.5867 134.718 12
      vertex -80.1699 138 12
      vertex -79.8806 137.413 12
    endloop
  endfacet
  facet normal 0 0 1
    outer loop
      vertex -56.2175 135.087 12
      vertex -80.5332 138.544 12
      vertex -80.1699 138 12
    endloop
  endfacet
  facet normal 0 0 1
    outer loop
      vertex -56 135.232 12
      vertex -80.9645 139.036 12
      vertex -80.5332 138.544 12
    endloop
  endfacet
  facet normal 0 0 1
    outer loop
      vertex -55.7654 135.348 12
      vertex -81.4562 139.467 12
      vertex -80.9645 139.036 12
    endloop
  endfacet
  facet normal 0 0 1
    outer loop
      vertex -55.5176 135.432 12
      vertex -82 139.83 12
      vertex -81.4562 139.467 12
    endloop
  endfacet
  facet normal 0 0 1
    outer loop
      vertex -55.2611 135.483 12
      vertex -82.5866 140.119 12
      vertex -82 139.83 12
    endloop
  endfacet
  facet normal 0 0 1
    outer loop
      vertex -55 135.5 12
      vertex -83.2059 140.33 12
      vertex -82.5866 140.119 12
    endloop
  endfacet
  facet normal 0 0 1
    outer loop
      vertex -55 135.5 12
      vertex -92.5 143.5 12
      vertex -83.2059 140.33 12
    endloop
  endfacet
  facet normal 0 0 1
    outer loop
      vertex -83.2059 140.33 12
      vertex -92.5 143.5 12
      vertex -83.8474 140.457 12
    endloop
  endfacet
  facet normal 0 0 1
    outer loop
      vertex -89.4572 136.153 12
      vertex -92.5 143.5 12
      vertex -89.5 135.5 12
    endloop
  endfacet
  facet normal 0 0 1
    outer loop
      vertex -89.3296 136.794 12
      vertex -92.5 143.5 12
      vertex -89.4572 136.153 12
    endloop
  endfacet
  facet normal 0 0 1
    outer loop
      vertex -89.1194 137.413 12
      vertex -92.5 143.5 12
      vertex -89.3296 136.794 12
    endloop
  endfacet
  facet normal 0 0 1
    outer loop
      vertex -88.8301 138 12
      vertex -92.5 143.5 12
      vertex -89.1194 137.413 12
    endloop
  endfacet
  facet normal 0 0 1
    outer loop
      vertex -88.4668 138.544 12
      vertex -92.5 143.5 12
      vertex -88.8301 138 12
    endloop
  endfacet
  facet normal 0 0 1
    outer loop
      vertex -88.0355 139.036 12
      vertex -92.5 143.5 12
      vertex -88.4668 138.544 12
    endloop
  endfacet
  facet normal 0 0 1
    outer loop
      vertex -87.5438 139.467 12
      vertex -92.5 143.5 12
      vertex -88.0355 139.036 12
    endloop
  endfacet
  facet normal 0 0 1
    outer loop
      vertex -87 139.83 12
      vertex -92.5 143.5 12
      vertex -87.5438 139.467 12
    endloop
  endfacet
  facet normal 0 0 1
    outer loop
      vertex -86.4134 140.119 12
      vertex -92.5 143.5 12
      vertex -87 139.83 12
    endloop
  endfacet
  facet normal 0 0 1
    outer loop
      vertex -85.7941 140.33 12
      vertex -92.5 143.5 12
      vertex -86.4134 140.119 12
    endloop
  endfacet
  facet normal 0 0 1
    outer loop
      vertex -85.1526 140.457 12
      vertex -92.5 143.5 12
      vertex -85.7941 140.33 12
    endloop
  endfacet
  facet normal 0 0 1
    outer loop
      vertex -84.5 140.5 12
      vertex -92.5 143.5 12
      vertex -85.1526 140.457 12
    endloop
  endfacet
  facet normal 0 0 1
    outer loop
      vertex -83.8474 140.457 12
      vertex -92.5 143.5 12
      vertex -84.5 140.5 12
    endloop
  endfacet
  facet normal 0 0 1
    outer loop
      vertex 89.3296 134.206 12
      vertex 92.5 143.5 12
      vertex 89.4572 134.847 12
    endloop
  endfacet
  facet normal 0 0 1
    outer loop
      vertex 92.5 143.5 12
      vertex 89.3296 134.206 12
      vertex 92.5 68.51 12
    endloop
  endfacet
  facet normal -0 0 1
    outer loop
      vertex 89.1194 133.587 12
      vertex 92.5 68.51 12
      vertex 89.3296 134.206 12
    endloop
  endfacet
  facet normal -0 0 1
    outer loop
      vertex 88.8301 133 12
      vertex 92.5 68.51 12
      vertex 89.1194 133.587 12
    endloop
  endfacet
  facet normal -0 0 1
    outer loop
      vertex 88.4668 132.456 12
      vertex 92.5 68.51 12
      vertex 88.8301 133 12
    endloop
  endfacet
  facet normal -0 0 1
    outer loop
      vertex 88.0355 131.964 12
      vertex 92.5 68.51 12
      vertex 88.4668 132.456 12
    endloop
  endfacet
  facet normal -0 0 1
    outer loop
      vertex 87.5438 131.533 12
      vertex 92.5 68.51 12
      vertex 88.0355 131.964 12
    endloop
  endfacet
  facet normal -0 0 1
    outer loop
      vertex 87 131.17 12
      vertex 92.5 68.51 12
      vertex 87.5438 131.533 12
    endloop
  endfacet
  facet normal -0 0 1
    outer loop
      vertex 86.4134 130.881 12
      vertex 92.5 68.51 12
      vertex 87 131.17 12
    endloop
  endfacet
  facet normal -0 0 1
    outer loop
      vertex 85.7941 130.67 12
      vertex 92.5 68.51 12
      vertex 86.4134 130.881 12
    endloop
  endfacet
  facet normal -0 0 1
    outer loop
      vertex 85.1526 130.543 12
      vertex 92.5 68.51 12
      vertex 85.7941 130.67 12
    endloop
  endfacet
  facet normal -0 0 1
    outer loop
      vertex 84.5 130.5 12
      vertex 92.5 68.51 12
      vertex 85.1526 130.543 12
    endloop
  endfacet
  facet normal 0 0 1
    outer loop
      vertex 83.8474 130.543 12
      vertex 92.5 68.51 12
      vertex 84.5 130.5 12
    endloop
  endfacet
  facet normal 0 0 1
    outer loop
      vertex 83.2059 130.67 12
      vertex 92.5 68.51 12
      vertex 83.8474 130.543 12
    endloop
  endfacet
  facet normal 0 0 1
    outer loop
      vertex 82.5866 130.881 12
      vertex 92.5 68.51 12
      vertex 83.2059 130.67 12
    endloop
  endfacet
  facet normal 0 0 1
    outer loop
      vertex 55.7654 131.652 12
      vertex 82.5866 130.881 12
      vertex 82 131.17 12
    endloop
  endfacet
  facet normal 0 0 1
    outer loop
      vertex 56 131.768 12
      vertex 82 131.17 12
      vertex 81.4562 131.533 12
    endloop
  endfacet
  facet normal -0 0 1
    outer loop
      vertex 56.2175 131.913 12
      vertex 81.4562 131.533 12
      vertex 80.9645 131.964 12
    endloop
  endfacet
  facet normal -0 0 1
    outer loop
      vertex 56.4142 132.086 12
      vertex 80.9645 131.964 12
      vertex 80.5332 132.456 12
    endloop
  endfacet
  facet normal -0 0 1
    outer loop
      vertex 56.732 132.5 12
      vertex 80.5332 132.456 12
      vertex 80.1699 133 12
    endloop
  endfacet
  facet normal 0 0 1
    outer loop
      vertex 56.8478 132.735 12
      vertex 80.1699 133 12
      vertex 79.8806 133.587 12
    endloop
  endfacet
  facet normal 0 0 1
    outer loop
      vertex 56.9319 132.982 12
      vertex 79.8806 133.587 12
      vertex 79.6704 134.206 12
    endloop
  endfacet
  facet normal 0 0 1
    outer loop
      vertex 56.9829 133.239 12
      vertex 79.6704 134.206 12
      vertex 79.5428 134.847 12
    endloop
  endfacet
  facet normal 0 0 1
    outer loop
      vertex 57 133.5 12
      vertex 79.5428 134.847 12
      vertex 79.5 135.5 12
    endloop
  endfacet
  facet normal 0 0 1
    outer loop
      vertex 56.9829 133.239 12
      vertex 79.5428 134.847 12
      vertex 57 133.5 12
    endloop
  endfacet
  facet normal 0 0 1
    outer loop
      vertex 79.6704 134.206 12
      vertex 56.9829 133.239 12
      vertex 56.9319 132.982 12
    endloop
  endfacet
  facet normal 0 0 1
    outer loop
      vertex 79.8806 133.587 12
      vertex 56.9319 132.982 12
      vertex 56.8478 132.735 12
    endloop
  endfacet
  facet normal 0 0 1
    outer loop
      vertex 80.1699 133 12
      vertex 56.8478 132.735 12
      vertex 56.732 132.5 12
    endloop
  endfacet
  facet normal 0 0 1
    outer loop
      vertex 80.5332 132.456 12
      vertex 56.732 132.5 12
      vertex 56.5867 132.282 12
    endloop
  endfacet
  facet normal 0 0 1
    outer loop
      vertex 80.5332 132.456 12
      vertex 56.5867 132.282 12
      vertex 56.4142 132.086 12
    endloop
  endfacet
  facet normal 0 0 1
    outer loop
      vertex 80.9645 131.964 12
      vertex 56.4142 132.086 12
      vertex 56.2175 131.913 12
    endloop
  endfacet
  facet normal 0 0 1
    outer loop
      vertex 81.4562 131.533 12
      vertex 56.2175 131.913 12
      vertex 56 131.768 12
    endloop
  endfacet
  facet normal 0 0 1
    outer loop
      vertex 82 131.17 12
      vertex 56 131.768 12
      vertex 55.7654 131.652 12
    endloop
  endfacet
  facet normal 0 0 1
    outer loop
      vertex 82.5866 130.881 12
      vertex 55.7654 131.652 12
      vertex 92.5 68.51 12
    endloop
  endfacet
  facet normal -0 0 1
    outer loop
      vertex 55.5176 131.568 12
      vertex 92.5 68.51 12
      vertex 55.7654 131.652 12
    endloop
  endfacet
  facet normal -0 0 1
    outer loop
      vertex 55.2611 131.517 12
      vertex 92.5 68.51 12
      vertex 55.5176 131.568 12
    endloop
  endfacet
  facet normal 0 0 1
    outer loop
      vertex 22 81.5 12
      vertex 55.2611 131.517 12
      vertex 55 131.5 12
    endloop
  endfacet
  facet normal 0 0 1
    outer loop
      vertex 22 81.5 12
      vertex 55 131.5 12
      vertex 54.7389 131.517 12
    endloop
  endfacet
  facet normal 0 0 1
    outer loop
      vertex 22 81.5 12
      vertex 54.7389 131.517 12
      vertex 54.4824 131.568 12
    endloop
  endfacet
  facet normal 0 0 1
    outer loop
      vertex 22 81.5 12
      vertex 54.4824 131.568 12
      vertex 54.2346 131.652 12
    endloop
  endfacet
  facet normal 0 0 1
    outer loop
      vertex 22 81.5 12
      vertex 54.2346 131.652 12
      vertex 54 131.768 12
    endloop
  endfacet
  facet normal 0 0 1
    outer loop
      vertex 53.2679 132.5 12
      vertex 21.7716 129.352 12
      vertex 53.4133 132.282 12
    endloop
  endfacet
  facet normal 0 0 1
    outer loop
      vertex 21.7716 129.352 12
      vertex 53.2679 132.5 12
      vertex 21.8978 129.724 12
    endloop
  endfacet
  facet normal 0 0 1
    outer loop
      vertex 53.1522 132.735 12
      vertex 21.8978 129.724 12
      vertex 53.2679 132.5 12
    endloop
  endfacet
  facet normal 0 0 1
    outer loop
      vertex 21.8978 129.724 12
      vertex 53.1522 132.735 12
      vertex 21.9743 130.108 12
    endloop
  endfacet
  facet normal 0 0 1
    outer loop
      vertex 22 130.5 12
      vertex 53.0171 133.239 12
      vertex 53 133.5 12
    endloop
  endfacet
  facet normal 0 0 1
    outer loop
      vertex 22 130.5 12
      vertex 53.0681 132.982 12
      vertex 53.0171 133.239 12
    endloop
  endfacet
  facet normal 0 0 1
    outer loop
      vertex 21.9743 130.108 12
      vertex 53.0681 132.982 12
      vertex 22 130.5 12
    endloop
  endfacet
  facet normal 0 0 1
    outer loop
      vertex 53.0681 132.982 12
      vertex 21.9743 130.108 12
      vertex 53.1522 132.735 12
    endloop
  endfacet
  facet normal 0 0 1
    outer loop
      vertex 21.5981 129 12
      vertex 53.4133 132.282 12
      vertex 21.7716 129.352 12
    endloop
  endfacet
  facet normal 0 0 1
    outer loop
      vertex 55.2611 131.517 12
      vertex 22 81.5 12
      vertex 92.5 68.51 12
    endloop
  endfacet
  facet normal -0 0 1
    outer loop
      vertex 21.9743 81.1084 12
      vertex 92.5 68.51 12
      vertex 22 81.5 12
    endloop
  endfacet
  facet normal -0 0 1
    outer loop
      vertex 21.8978 80.7235 12
      vertex 92.5 68.51 12
      vertex 21.9743 81.1084 12
    endloop
  endfacet
  facet normal -0 0 1
    outer loop
      vertex 21.7716 80.352 12
      vertex 92.5 68.51 12
      vertex 21.8978 80.7235 12
    endloop
  endfacet
  facet normal -0 0 1
    outer loop
      vertex 21.5981 80 12
      vertex 92.5 68.51 12
      vertex 21.7716 80.352 12
    endloop
  endfacet
  facet normal -0 0 1
    outer loop
      vertex 21.3801 79.6737 12
      vertex 92.5 68.51 12
      vertex 21.5981 80 12
    endloop
  endfacet
  facet normal -0 0 1
    outer loop
      vertex 21.1213 79.3787 12
      vertex 92.5 68.51 12
      vertex 21.3801 79.6737 12
    endloop
  endfacet
  facet normal -0 0 1
    outer loop
      vertex 20.8263 79.1199 12
      vertex 92.5 68.51 12
      vertex 21.1213 79.3787 12
    endloop
  endfacet
  facet normal -0 0 1
    outer loop
      vertex 20.5 78.9019 12
      vertex 92.5 68.51 12
      vertex 20.8263 79.1199 12
    endloop
  endfacet
  facet normal -0 0 1
    outer loop
      vertex 20.148 78.7284 12
      vertex 92.5 68.51 12
      vertex 20.5 78.9019 12
    endloop
  endfacet
  facet normal -0 0 1
    outer loop
      vertex 19.7765 78.6022 12
      vertex 92.5 68.51 12
      vertex 20.148 78.7284 12
    endloop
  endfacet
  facet normal -0 0 1
    outer loop
      vertex 19.3916 78.5257 12
      vertex 92.5 68.51 12
      vertex 19.7765 78.6022 12
    endloop
  endfacet
  facet normal -0 0 1
    outer loop
      vertex 19 78.5 12
      vertex 92.5 68.51 12
      vertex 19.3916 78.5257 12
    endloop
  endfacet
  facet normal 0 0 1
    outer loop
      vertex -92.5 68.51 12
      vertex 19 78.5 12
      vertex 18.6084 78.5257 12
    endloop
  endfacet
  facet normal 0 0 1
    outer loop
      vertex 16.0257 81.8916 12
      vertex -36 81.5 12
      vertex 16 81.5 12
    endloop
  endfacet
  facet normal 0 0 1
    outer loop
      vertex 16 81.5 12
      vertex -36 81.5 12
      vertex 16.0257 81.1084 12
    endloop
  endfacet
  facet normal 0 0 1
    outer loop
      vertex -36.0257 81.1084 12
      vertex 16.0257 81.1084 12
      vertex -36 81.5 12
    endloop
  endfacet
  facet normal 0 0 1
    outer loop
      vertex 16.0257 81.1084 12
      vertex -36.0257 81.1084 12
      vertex 16.1022 80.7235 12
    endloop
  endfacet
  facet normal 0 0 1
    outer loop
      vertex -36.1022 80.7235 12
      vertex 16.1022 80.7235 12
      vertex -36.0257 81.1084 12
    endloop
  endfacet
  facet normal 0 0 1
    outer loop
      vertex 16.1022 80.7235 12
      vertex -36.1022 80.7235 12
      vertex 16.2284 80.352 12
    endloop
  endfacet
  facet normal 0 0 1
    outer loop
      vertex -36.2284 80.352 12
      vertex 16.2284 80.352 12
      vertex -36.1022 80.7235 12
    endloop
  endfacet
  facet normal 0 0 1
    outer loop
      vertex 16.2284 80.352 12
      vertex -36.2284 80.352 12
      vertex 16.4019 80 12
    endloop
  endfacet
  facet normal 0 0 1
    outer loop
      vertex -36.4019 80 12
      vertex 16.4019 80 12
      vertex -36.2284 80.352 12
    endloop
  endfacet
  facet normal 0 0 1
    outer loop
      vertex 16.4019 80 12
      vertex -36.4019 80 12
      vertex 16.6199 79.6737 12
    endloop
  endfacet
  facet normal 0 0 1
    outer loop
      vertex -36.6199 79.6737 12
      vertex 16.6199 79.6737 12
      vertex -36.4019 80 12
    endloop
  endfacet
  facet normal 0 0 1
    outer loop
      vertex 16.6199 79.6737 12
      vertex -36.6199 79.6737 12
      vertex 16.8787 79.3787 12
    endloop
  endfacet
  facet normal 0 0 1
    outer loop
      vertex -36.8787 79.3787 12
      vertex 16.8787 79.3787 12
      vertex -36.6199 79.6737 12
    endloop
  endfacet
  facet normal 0 0 1
    outer loop
      vertex 16.8787 79.3787 12
      vertex -36.8787 79.3787 12
      vertex 17.1737 79.1199 12
    endloop
  endfacet
  facet normal 0 0 1
    outer loop
      vertex -37.1737 79.1199 12
      vertex 17.1737 79.1199 12
      vertex -36.8787 79.3787 12
    endloop
  endfacet
  facet normal 0 0 1
    outer loop
      vertex 17.1737 79.1199 12
      vertex -37.1737 79.1199 12
      vertex 17.5 78.9019 12
    endloop
  endfacet
  facet normal 0 0 1
    outer loop
      vertex -37.5 78.9019 12
      vertex 17.5 78.9019 12
      vertex -37.1737 79.1199 12
    endloop
  endfacet
  facet normal 0 0 1
    outer loop
      vertex 17.5 78.9019 12
      vertex -37.5 78.9019 12
      vertex 17.8519 78.7284 12
    endloop
  endfacet
  facet normal 0 0 1
    outer loop
      vertex -37.852 78.7284 12
      vertex 17.8519 78.7284 12
      vertex -37.5 78.9019 12
    endloop
  endfacet
  facet normal 0 0 1
    outer loop
      vertex 17.8519 78.7284 12
      vertex -37.852 78.7284 12
      vertex 18.2235 78.6022 12
    endloop
  endfacet
  facet normal 0 0 1
    outer loop
      vertex -38.2235 78.6022 12
      vertex 18.2235 78.6022 12
      vertex -37.852 78.7284 12
    endloop
  endfacet
  facet normal 0 0 1
    outer loop
      vertex 18.2235 78.6022 12
      vertex -38.2235 78.6022 12
      vertex 18.6084 78.5257 12
    endloop
  endfacet
  facet normal 0 0 1
    outer loop
      vertex -38.6084 78.5257 12
      vertex 18.6084 78.5257 12
      vertex -38.2235 78.6022 12
    endloop
  endfacet
  facet normal 0 0 1
    outer loop
      vertex -92.5 68.51 12
      vertex 18.6084 78.5257 12
      vertex -38.6084 78.5257 12
    endloop
  endfacet
  facet normal 0 0 1
    outer loop
      vertex -92.5 68.51 12
      vertex -38.6084 78.5257 12
      vertex -39 78.5 12
    endloop
  endfacet
  facet normal 0 0 1
    outer loop
      vertex -92.5 68.51 12
      vertex -39 78.5 12
      vertex -39.3916 78.5257 12
    endloop
  endfacet
  facet normal 0 0 1
    outer loop
      vertex -41.9743 130.892 12
      vertex -53.0681 132.982 12
      vertex -42 130.5 12
    endloop
  endfacet
  facet normal -0 0 1
    outer loop
      vertex -53.1522 132.735 12
      vertex -42 130.5 12
      vertex -53.0681 132.982 12
    endloop
  endfacet
  facet normal -0 0 1
    outer loop
      vertex -53.2679 132.5 12
      vertex -42 130.5 12
      vertex -53.1522 132.735 12
    endloop
  endfacet
  facet normal 0 0 1
    outer loop
      vertex -41.9743 130.108 12
      vertex -53.2679 132.5 12
      vertex -53.4133 132.282 12
    endloop
  endfacet
  facet normal 0 0 1
    outer loop
      vertex -41.8978 129.724 12
      vertex -53.4133 132.282 12
      vertex -53.5858 132.086 12
    endloop
  endfacet
  facet normal 0 0 1
    outer loop
      vertex -41.7716 129.352 12
      vertex -53.5858 132.086 12
      vertex -53.7825 131.913 12
    endloop
  endfacet
  facet normal 0 0 1
    outer loop
      vertex -41.5981 129 12
      vertex -53.7825 131.913 12
      vertex -54 131.768 12
    endloop
  endfacet
  facet normal 0 0 1
    outer loop
      vertex -41.3801 128.674 12
      vertex -54 131.768 12
      vertex -54.2346 131.652 12
    endloop
  endfacet
  facet normal 0 0 1
    outer loop
      vertex -41.1213 128.379 12
      vertex -54.2346 131.652 12
      vertex -54.4824 131.568 12
    endloop
  endfacet
  facet normal 0 0 1
    outer loop
      vertex -40.8263 128.12 12
      vertex -54.4824 131.568 12
      vertex -54.7389 131.517 12
    endloop
  endfacet
  facet normal -0 0 1
    outer loop
      vertex -82.5866 130.881 12
      vertex -41.3801 83.3263 12
      vertex -55.7654 131.652 12
    endloop
  endfacet
  facet normal 0 0 1
    outer loop
      vertex -41.3801 83.3263 12
      vertex -82.5866 130.881 12
      vertex -41.5981 83 12
    endloop
  endfacet
  facet normal -0 0 1
    outer loop
      vertex -83.2059 130.67 12
      vertex -41.5981 83 12
      vertex -82.5866 130.881 12
    endloop
  endfacet
  facet normal 0 0 1
    outer loop
      vertex -41.5981 83 12
      vertex -83.2059 130.67 12
      vertex -41.7716 82.648 12
    endloop
  endfacet
  facet normal 0 0 1
    outer loop
      vertex -92.5 68.51 12
      vertex -41.7716 82.648 12
      vertex -83.2059 130.67 12
    endloop
  endfacet
  facet normal 0 0 1
    outer loop
      vertex -41.7716 82.648 12
      vertex -92.5 68.51 12
      vertex -41.8978 82.2765 12
    endloop
  endfacet
  facet normal 0 0 1
    outer loop
      vertex -41.8978 82.2765 12
      vertex -92.5 68.51 12
      vertex -41.9743 81.8916 12
    endloop
  endfacet
  facet normal 0 0 1
    outer loop
      vertex -82 131.17 12
      vertex -55.7654 131.652 12
      vertex -56 131.768 12
    endloop
  endfacet
  facet normal 0 0 1
    outer loop
      vertex -81.4562 131.533 12
      vertex -56 131.768 12
      vertex -56.2175 131.913 12
    endloop
  endfacet
  facet normal -0 0 1
    outer loop
      vertex -80.9645 131.964 12
      vertex -56.2175 131.913 12
      vertex -56.4142 132.086 12
    endloop
  endfacet
  facet normal 0 0 1
    outer loop
      vertex -80.9645 131.964 12
      vertex -56.4142 132.086 12
      vertex -56.5867 132.282 12
    endloop
  endfacet
  facet normal -0 0 1
    outer loop
      vertex -80.5332 132.456 12
      vertex -56.5867 132.282 12
      vertex -56.732 132.5 12
    endloop
  endfacet
  facet normal 0 0 1
    outer loop
      vertex -80.1699 133 12
      vertex -56.732 132.5 12
      vertex -56.8478 132.735 12
    endloop
  endfacet
  facet normal 0 0 1
    outer loop
      vertex -79.8806 133.587 12
      vertex -56.8478 132.735 12
      vertex -56.9319 132.982 12
    endloop
  endfacet
  facet normal -0 0 1
    outer loop
      vertex -79.5428 134.847 12
      vertex -57 133.5 12
      vertex -79.5 135.5 12
    endloop
  endfacet
  facet normal 0 0 1
    outer loop
      vertex -57 133.5 12
      vertex -79.5428 134.847 12
      vertex -56.9829 133.239 12
    endloop
  endfacet
  facet normal -0 0 1
    outer loop
      vertex -79.6704 134.206 12
      vertex -56.9829 133.239 12
      vertex -79.5428 134.847 12
    endloop
  endfacet
  facet normal 0 0 1
    outer loop
      vertex -56.9829 133.239 12
      vertex -79.6704 134.206 12
      vertex -56.9319 132.982 12
    endloop
  endfacet
  facet normal -0 0 1
    outer loop
      vertex -79.8806 133.587 12
      vertex -56.9319 132.982 12
      vertex -79.6704 134.206 12
    endloop
  endfacet
  facet normal 0 0 1
    outer loop
      vertex -56.8478 132.735 12
      vertex -79.8806 133.587 12
      vertex -80.1699 133 12
    endloop
  endfacet
  facet normal 0 0 1
    outer loop
      vertex -56.732 132.5 12
      vertex -80.1699 133 12
      vertex -80.5332 132.456 12
    endloop
  endfacet
  facet normal 0 0 1
    outer loop
      vertex -56.5867 132.282 12
      vertex -80.5332 132.456 12
      vertex -80.9645 131.964 12
    endloop
  endfacet
  facet normal 0 0 1
    outer loop
      vertex -56.2175 131.913 12
      vertex -80.9645 131.964 12
      vertex -81.4562 131.533 12
    endloop
  endfacet
  facet normal 0 0 1
    outer loop
      vertex -56 131.768 12
      vertex -81.4562 131.533 12
      vertex -82 131.17 12
    endloop
  endfacet
  facet normal 0 0 1
    outer loop
      vertex -55.7654 131.652 12
      vertex -82 131.17 12
      vertex -82.5866 130.881 12
    endloop
  endfacet
  facet normal 0 0 1
    outer loop
      vertex -41.9743 81.8916 12
      vertex -92.5 68.51 12
      vertex -42 81.5 12
    endloop
  endfacet
  facet normal 0 0 1
    outer loop
      vertex -42 81.5 12
      vertex -92.5 68.51 12
      vertex -41.9743 81.1084 12
    endloop
  endfacet
  facet normal 0 0 1
    outer loop
      vertex -41.9743 81.1084 12
      vertex -92.5 68.51 12
      vertex -41.8978 80.7235 12
    endloop
  endfacet
  facet normal 0 0 1
    outer loop
      vertex -41.8978 80.7235 12
      vertex -92.5 68.51 12
      vertex -41.7716 80.352 12
    endloop
  endfacet
  facet normal 0 0 1
    outer loop
      vertex -41.7716 80.352 12
      vertex -92.5 68.51 12
      vertex -41.5981 80 12
    endloop
  endfacet
  facet normal 0 0 1
    outer loop
      vertex -92.5 68.51 12
      vertex -83.2059 130.67 12
      vertex -83.8474 130.543 12
    endloop
  endfacet
  facet normal 0 0 1
    outer loop
      vertex -92.5 68.51 12
      vertex -83.8474 130.543 12
      vertex -84.5 130.5 12
    endloop
  endfacet
  facet normal 0 0 1
    outer loop
      vertex -92.5 68.51 12
      vertex -84.5 130.5 12
      vertex -85.1526 130.543 12
    endloop
  endfacet
  facet normal 0 0 1
    outer loop
      vertex -92.5 68.51 12
      vertex -85.1526 130.543 12
      vertex -85.7941 130.67 12
    endloop
  endfacet
  facet normal 0 0 1
    outer loop
      vertex -92.5 68.51 12
      vertex -85.7941 130.67 12
      vertex -86.4134 130.881 12
    endloop
  endfacet
  facet normal 0 0 1
    outer loop
      vertex -41.5981 80 12
      vertex -92.5 68.51 12
      vertex -41.3801 79.6737 12
    endloop
  endfacet
  facet normal 0 0 1
    outer loop
      vertex -92.5 68.51 12
      vertex -86.4134 130.881 12
      vertex -87 131.17 12
    endloop
  endfacet
  facet normal 0 0 1
    outer loop
      vertex -92.5 68.51 12
      vertex -87 131.17 12
      vertex -87.5438 131.533 12
    endloop
  endfacet
  facet normal 0 0 1
    outer loop
      vertex -92.5 68.51 12
      vertex -87.5438 131.533 12
      vertex -88.0355 131.964 12
    endloop
  endfacet
  facet normal 0 0 1
    outer loop
      vertex -92.5 143.5 12
      vertex -89.4572 134.847 12
      vertex -89.5 135.5 12
    endloop
  endfacet
  facet normal 0 0 1
    outer loop
      vertex -92.5 143.5 12
      vertex -89.3296 134.206 12
      vertex -89.4572 134.847 12
    endloop
  endfacet
  facet normal 0 0 1
    outer loop
      vertex -92.5 68.51 12
      vertex -89.3296 134.206 12
      vertex -92.5 143.5 12
    endloop
  endfacet
  facet normal 0 0 1
    outer loop
      vertex 19 78.5 12
      vertex -92.5 68.51 12
      vertex 92.5 68.51 12
    endloop
  endfacet
  facet normal 0 0 1
    outer loop
      vertex -39.7765 78.6022 12
      vertex -92.5 68.51 12
      vertex -39.3916 78.5257 12
    endloop
  endfacet
  facet normal 0 0 1
    outer loop
      vertex -40.148 78.7284 12
      vertex -92.5 68.51 12
      vertex -39.7765 78.6022 12
    endloop
  endfacet
  facet normal 0 0 1
    outer loop
      vertex -40.5 78.9019 12
      vertex -92.5 68.51 12
      vertex -40.148 78.7284 12
    endloop
  endfacet
  facet normal 0 0 1
    outer loop
      vertex -40.8263 79.1199 12
      vertex -92.5 68.51 12
      vertex -40.5 78.9019 12
    endloop
  endfacet
  facet normal 0 0 1
    outer loop
      vertex -41.1213 79.3787 12
      vertex -92.5 68.51 12
      vertex -40.8263 79.1199 12
    endloop
  endfacet
  facet normal 0 0 1
    outer loop
      vertex -41.3801 79.6737 12
      vertex -92.5 68.51 12
      vertex -41.1213 79.3787 12
    endloop
  endfacet
  facet normal 0 0 1
    outer loop
      vertex -88.4668 132.456 12
      vertex -92.5 68.51 12
      vertex -88.0355 131.964 12
    endloop
  endfacet
  facet normal 0 0 1
    outer loop
      vertex -88.8301 133 12
      vertex -92.5 68.51 12
      vertex -88.4668 132.456 12
    endloop
  endfacet
  facet normal 0 0 1
    outer loop
      vertex -89.1194 133.587 12
      vertex -92.5 68.51 12
      vertex -88.8301 133 12
    endloop
  endfacet
  facet normal 0 0 1
    outer loop
      vertex -89.3296 134.206 12
      vertex -92.5 68.51 12
      vertex -89.1194 133.587 12
    endloop
  endfacet
  facet normal 1 -0 0
    outer loop
      vertex -92.5 86 71.8029
      vertex -92.5 126 67.1971
      vertex -92.5 126 71.8029
    endloop
  endfacet
  facet normal 1 0 0
    outer loop
      vertex -92.5 126 67.1971
      vertex -92.5 86 71.8029
      vertex -92.5 86 67.1971
    endloop
  endfacet
  facet normal 1 -0 0
    outer loop
      vertex -92.5 86 79.8029
      vertex -92.5 126 75.1971
      vertex -92.5 126 79.8029
    endloop
  endfacet
  facet normal 1 0 0
    outer loop
      vertex -92.5 126 75.1971
      vertex -92.5 86 79.8029
      vertex -92.5 86 75.1971
    endloop
  endfacet
  facet normal 1 0 0
    outer loop
      vertex -92.5 143.5 183
      vertex -92.5 126 83.1971
      vertex -92.5 143.5 57
    endloop
  endfacet
  facet normal 1 0 0
    outer loop
      vertex -92.5 143.5 183
      vertex -92.5 86 83.1971
      vertex -92.5 126 83.1971
    endloop
  endfacet
  facet normal 1 0 0
    outer loop
      vertex -92.5 68.55 57
      vertex -92.5 86 79.8029
      vertex -92.5 86 83.1971
    endloop
  endfacet
  facet normal 1 0 0
    outer loop
      vertex -92.5 86 79.8029
      vertex -92.5 68.55 57
      vertex -92.5 86 75.1971
    endloop
  endfacet
  facet normal 1 0 0
    outer loop
      vertex -92.5 86 75.1971
      vertex -92.5 68.55 57
      vertex -92.5 86 71.8029
    endloop
  endfacet
  facet normal 1 0 0
    outer loop
      vertex -92.5 86 71.8029
      vertex -92.5 68.55 57
      vertex -92.5 86 67.1971
    endloop
  endfacet
  facet normal 1 0 0
    outer loop
      vertex -92.5 86 67.1971
      vertex -92.5 68.55 57
      vertex -92.5 86 63.8029
    endloop
  endfacet
  facet normal 1 -0 0
    outer loop
      vertex -92.5 68.51 183
      vertex -92.5 86 83.1971
      vertex -92.5 143.5 183
    endloop
  endfacet
  facet normal 1 0 0
    outer loop
      vertex -92.5 68.55 57
      vertex -92.5 68.51 183
      vertex -92.5 68.55 48
    endloop
  endfacet
  facet normal 1 0 0
    outer loop
      vertex -92.5 86 83.1971
      vertex -92.5 68.51 183
      vertex -92.5 68.55 57
    endloop
  endfacet
  facet normal 1 -0 0
    outer loop
      vertex -92.5 126 79.8029
      vertex -92.5 143.5 57
      vertex -92.5 126 83.1971
    endloop
  endfacet
  facet normal 1 -0 0
    outer loop
      vertex -92.5 126 75.1971
      vertex -92.5 143.5 57
      vertex -92.5 126 79.8029
    endloop
  endfacet
  facet normal 1 -0 0
    outer loop
      vertex -92.5 126 71.8029
      vertex -92.5 143.5 57
      vertex -92.5 126 75.1971
    endloop
  endfacet
  facet normal 1 -0 0
    outer loop
      vertex -92.5 126 67.1971
      vertex -92.5 143.5 57
      vertex -92.5 126 71.8029
    endloop
  endfacet
  facet normal 1 -0 0
    outer loop
      vertex -92.5 126 63.8029
      vertex -92.5 143.5 57
      vertex -92.5 126 67.1971
    endloop
  endfacet
  facet normal 1 -0 0
    outer loop
      vertex -92.5 86 63.8029
      vertex -92.5 143.5 57
      vertex -92.5 126 63.8029
    endloop
  endfacet
  facet normal 1 0 0
    outer loop
      vertex -92.5 143.5 57
      vertex -92.5 86 63.8029
      vertex -92.5 68.55 57
    endloop
  endfacet
  facet normal 1 -0 0
    outer loop
      vertex -92.5 86 29.8029
      vertex -92.5 126 25.1971
      vertex -92.5 126 29.8029
    endloop
  endfacet
  facet normal 1 0 0
    outer loop
      vertex -92.5 126 25.1971
      vertex -92.5 86 29.8029
      vertex -92.5 86 25.1971
    endloop
  endfacet
  facet normal 1 -0 0
    outer loop
      vertex -92.5 86 37.8029
      vertex -92.5 126 33.1971
      vertex -92.5 126 37.8029
    endloop
  endfacet
  facet normal 1 0 0
    outer loop
      vertex -92.5 126 33.1971
      vertex -92.5 86 37.8029
      vertex -92.5 86 33.1971
    endloop
  endfacet
  facet normal 1 0 0
    outer loop
      vertex -92.5 126 37.8029
      vertex -92.5 143.5 48
      vertex -92.5 126 41.1971
    endloop
  endfacet
  facet normal 1 0 0
    outer loop
      vertex -92.5 143.5 48
      vertex -92.5 86 41.1971
      vertex -92.5 126 41.1971
    endloop
  endfacet
  facet normal 1 0 0
    outer loop
      vertex -92.5 68.55 48
      vertex -92.5 86 37.8029
      vertex -92.5 86 41.1971
    endloop
  endfacet
  facet normal 1 0 0
    outer loop
      vertex -92.5 86 37.8029
      vertex -92.5 68.55 48
      vertex -92.5 86 33.1971
    endloop
  endfacet
  facet normal 1 0 0
    outer loop
      vertex -92.5 86 33.1971
      vertex -92.5 68.55 48
      vertex -92.5 86 29.8029
    endloop
  endfacet
  facet normal 1 0 0
    outer loop
      vertex -92.5 68.51 12
      vertex -92.5 86 29.8029
      vertex -92.5 68.55 48
    endloop
  endfacet
  facet normal 1 0 0
    outer loop
      vertex -92.5 86 29.8029
      vertex -92.5 68.51 12
      vertex -92.5 86 25.1971
    endloop
  endfacet
  facet normal 1 -0 0
    outer loop
      vertex -92.5 68.55 48
      vertex -92.5 86 41.1971
      vertex -92.5 143.5 48
    endloop
  endfacet
  facet normal 1 0 0
    outer loop
      vertex -92.5 126 33.1971
      vertex -92.5 143.5 48
      vertex -92.5 126 37.8029
    endloop
  endfacet
  facet normal 1 0 0
    outer loop
      vertex -92.5 126 29.8029
      vertex -92.5 143.5 48
      vertex -92.5 126 33.1971
    endloop
  endfacet
  facet normal 1 0 0
    outer loop
      vertex -92.5 143.5 48
      vertex -92.5 126 29.8029
      vertex -92.5 143.5 12
    endloop
  endfacet
  facet normal 1 -0 0
    outer loop
      vertex -92.5 126 25.1971
      vertex -92.5 143.5 12
      vertex -92.5 126 29.8029
    endloop
  endfacet
  facet normal 1 -0 0
    outer loop
      vertex -92.5 126 21.8029
      vertex -92.5 143.5 12
      vertex -92.5 126 25.1971
    endloop
  endfacet
  facet normal 1 -0 0
    outer loop
      vertex -92.5 86 21.8029
      vertex -92.5 143.5 12
      vertex -92.5 126 21.8029
    endloop
  endfacet
  facet normal 1 0 0
    outer loop
      vertex -92.5 86 21.8029
      vertex -92.5 68.51 12
      vertex -92.5 143.5 12
    endloop
  endfacet
  facet normal 1 0 0
    outer loop
      vertex -92.5 86 25.1971
      vertex -92.5 68.51 12
      vertex -92.5 86 21.8029
    endloop
  endfacet
  facet normal 1 0 0
    outer loop
      vertex -92.5 68.51 12
      vertex -92.5 68.55 48
      vertex -92.5 68.51 183
    endloop
  endfacet
  facet normal 0 -1 0
    outer loop
      vertex -71.7117 143.5 40.875
      vertex -83.5 143.5 57
      vertex -92.5 143.5 48
    endloop
  endfacet
  facet normal 0 -1 0
    outer loop
      vertex -62.9942 143.5 44.4859
      vertex -83.5 143.5 57
      vertex -63.9884 143.5 44.6837
    endloop
  endfacet
  facet normal 0 -1 0
    outer loop
      vertex -83.5 143.5 57
      vertex -65 143.5 44.75
      vertex -63.9884 143.5 44.6837
    endloop
  endfacet
  facet normal 0 -1 0
    outer loop
      vertex -83.5 143.5 57
      vertex -66.0116 143.5 44.6837
      vertex -65 143.5 44.75
    endloop
  endfacet
  facet normal 0 -1 0
    outer loop
      vertex -83.5 143.5 57
      vertex -67.0058 143.5 44.4859
      vertex -66.0116 143.5 44.6837
    endloop
  endfacet
  facet normal 0 -1 0
    outer loop
      vertex -83.5 143.5 57
      vertex -67.9658 143.5 44.1601
      vertex -67.0058 143.5 44.4859
    endloop
  endfacet
  facet normal 0 -1 0
    outer loop
      vertex -83.5 143.5 57
      vertex -68.875 143.5 43.7117
      vertex -67.9658 143.5 44.1601
    endloop
  endfacet
  facet normal 0 -1 0
    outer loop
      vertex -83.5 143.5 57
      vertex -69.7179 143.5 43.1485
      vertex -68.875 143.5 43.7117
    endloop
  endfacet
  facet normal 0 -1 0
    outer loop
      vertex -83.5 143.5 57
      vertex -70.4801 143.5 42.4801
      vertex -69.7179 143.5 43.1485
    endloop
  endfacet
  facet normal 0 -1 0
    outer loop
      vertex -83.5 143.5 57
      vertex -71.1485 143.5 41.7179
      vertex -70.4801 143.5 42.4801
    endloop
  endfacet
  facet normal 0 -1 0
    outer loop
      vertex -83.5 143.5 57
      vertex -71.7117 143.5 40.875
      vertex -71.1485 143.5 41.7179
    endloop
  endfacet
  facet normal 0 -1 0
    outer loop
      vertex -92.5 143.5 48
      vertex -72.1601 143.5 39.9658
      vertex -71.7117 143.5 40.875
    endloop
  endfacet
  facet normal 0 -1 0
    outer loop
      vertex -92.5 143.5 48
      vertex -72.4859 143.5 39.0058
      vertex -72.1601 143.5 39.9658
    endloop
  endfacet
  facet normal 0 -1 0
    outer loop
      vertex -92.5 143.5 48
      vertex -72.6837 143.5 38.0116
      vertex -72.4859 143.5 39.0058
    endloop
  endfacet
  facet normal 0 -1 0
    outer loop
      vertex -92.5 143.5 48
      vertex -72.75 143.5 37
      vertex -72.6837 143.5 38.0116
    endloop
  endfacet
  facet normal 0 -1 0
    outer loop
      vertex -92.5 143.5 48
      vertex -72.6837 143.5 35.9884
      vertex -72.75 143.5 37
    endloop
  endfacet
  facet normal 0 -1 0
    outer loop
      vertex -92.5 143.5 48
      vertex -72.4859 143.5 34.9942
      vertex -72.6837 143.5 35.9884
    endloop
  endfacet
  facet normal 0 -1 0
    outer loop
      vertex -92.5 143.5 12
      vertex -72.4859 143.5 34.9942
      vertex -92.5 143.5 48
    endloop
  endfacet
  facet normal 0 -1 -0
    outer loop
      vertex -72.4859 143.5 34.9942
      vertex -92.5 143.5 12
      vertex -72.1601 143.5 34.0342
    endloop
  endfacet
  facet normal 0 -1 -0
    outer loop
      vertex -72.1601 143.5 34.0342
      vertex -92.5 143.5 12
      vertex -71.7117 143.5 33.125
    endloop
  endfacet
  facet normal 0 -1 -0
    outer loop
      vertex -71.7117 143.5 33.125
      vertex -92.5 143.5 12
      vertex -71.1485 143.5 32.2821
    endloop
  endfacet
  facet normal 0 -1 -0
    outer loop
      vertex -71.1485 143.5 32.2821
      vertex -92.5 143.5 12
      vertex -70.4801 143.5 31.5199
    endloop
  endfacet
  facet normal 0 -1 -0
    outer loop
      vertex -66.0116 143.5 29.3163
      vertex -92.5 143.5 12
      vertex -65 143.5 29.25
    endloop
  endfacet
  facet normal 0 -1 -0
    outer loop
      vertex -67.0058 143.5 29.5141
      vertex -92.5 143.5 12
      vertex -66.0116 143.5 29.3163
    endloop
  endfacet
  facet normal 0 -1 -0
    outer loop
      vertex -67.9658 143.5 29.8399
      vertex -92.5 143.5 12
      vertex -67.0058 143.5 29.5141
    endloop
  endfacet
  facet normal 0 -1 -0
    outer loop
      vertex -68.875 143.5 30.2883
      vertex -92.5 143.5 12
      vertex -67.9658 143.5 29.8399
    endloop
  endfacet
  facet normal 0 -1 -0
    outer loop
      vertex -69.7179 143.5 30.8515
      vertex -92.5 143.5 12
      vertex -68.875 143.5 30.2883
    endloop
  endfacet
  facet normal 0 -1 -0
    outer loop
      vertex -70.4801 143.5 31.5199
      vertex -92.5 143.5 12
      vertex -69.7179 143.5 30.8515
    endloop
  endfacet
  facet normal 0 -1 0
    outer loop
      vertex -83.5 143.5 57
      vertex -92.5 143.5 183
      vertex -92.5 143.5 57
    endloop
  endfacet
  facet normal 0 -1 0
    outer loop
      vertex -92.5 143.5 183
      vertex -83.5 143.5 57
      vertex 92.5 143.5 183
    endloop
  endfacet
  facet normal 0 -1 0
    outer loop
      vertex 83.5 143.5 57
      vertex 92.5 143.5 183
      vertex -83.5 143.5 57
    endloop
  endfacet
  facet normal 0 -1 -0
    outer loop
      vertex 92.5 143.5 183
      vertex 83.5 143.5 57
      vertex 92.5 143.5 57
    endloop
  endfacet
  facet normal 0 -1 0
    outer loop
      vertex -62.0342 143.5 44.1601
      vertex -83.5 143.5 57
      vertex -62.9942 143.5 44.4859
    endloop
  endfacet
  facet normal 0 -1 0
    outer loop
      vertex -83.5 143.5 57
      vertex -62.0342 143.5 44.1601
      vertex 83.5 143.5 57
    endloop
  endfacet
  facet normal 0 -1 0
    outer loop
      vertex -61.125 143.5 43.7117
      vertex 83.5 143.5 57
      vertex -62.0342 143.5 44.1601
    endloop
  endfacet
  facet normal 0 -1 0
    outer loop
      vertex -60.2821 143.5 43.1485
      vertex 83.5 143.5 57
      vertex -61.125 143.5 43.7117
    endloop
  endfacet
  facet normal 0 -1 0
    outer loop
      vertex -59.5199 143.5 42.4801
      vertex 83.5 143.5 57
      vertex -60.2821 143.5 43.1485
    endloop
  endfacet
  facet normal 0 -1 0
    outer loop
      vertex -58.8515 143.5 41.7179
      vertex 83.5 143.5 57
      vertex -59.5199 143.5 42.4801
    endloop
  endfacet
  facet normal 0 -1 0
    outer loop
      vertex -58.2883 143.5 40.875
      vertex 83.5 143.5 57
      vertex -58.8515 143.5 41.7179
    endloop
  endfacet
  facet normal 0 -1 0
    outer loop
      vertex -57.8399 143.5 39.9658
      vertex 83.5 143.5 57
      vertex -58.2883 143.5 40.875
    endloop
  endfacet
  facet normal 0 -1 0
    outer loop
      vertex -57.5141 143.5 39.0058
      vertex 83.5 143.5 57
      vertex -57.8399 143.5 39.9658
    endloop
  endfacet
  facet normal 0 -1 0
    outer loop
      vertex -57.3163 143.5 38.0116
      vertex 83.5 143.5 57
      vertex -57.5141 143.5 39.0058
    endloop
  endfacet
  facet normal 0 -1 0
    outer loop
      vertex -57.25 143.5 37
      vertex 83.5 143.5 57
      vertex -57.3163 143.5 38.0116
    endloop
  endfacet
  facet normal 0 -1 0
    outer loop
      vertex -57.3163 143.5 35.9884
      vertex 83.5 143.5 57
      vertex -57.25 143.5 37
    endloop
  endfacet
  facet normal 0 -1 0
    outer loop
      vertex 92.5 143.5 12
      vertex 83.5 143.5 57
      vertex -57.3163 143.5 35.9884
    endloop
  endfacet
  facet normal 0 -1 0
    outer loop
      vertex 92.5 143.5 12
      vertex -57.3163 143.5 35.9884
      vertex -57.5141 143.5 34.9942
    endloop
  endfacet
  facet normal 0 -1 0
    outer loop
      vertex 92.5 143.5 12
      vertex -57.5141 143.5 34.9942
      vertex -57.8399 143.5 34.0342
    endloop
  endfacet
  facet normal 0 -1 0
    outer loop
      vertex 92.5 143.5 12
      vertex -57.8399 143.5 34.0342
      vertex -58.2883 143.5 33.125
    endloop
  endfacet
  facet normal 0 -1 0
    outer loop
      vertex 92.5 143.5 12
      vertex -58.2883 143.5 33.125
      vertex -58.8515 143.5 32.2821
    endloop
  endfacet
  facet normal 0 -1 0
    outer loop
      vertex 92.5 143.5 12
      vertex -58.8515 143.5 32.2821
      vertex -59.5199 143.5 31.5199
    endloop
  endfacet
  facet normal 0 -1 0
    outer loop
      vertex 92.5 143.5 12
      vertex -59.5199 143.5 31.5199
      vertex -60.2821 143.5 30.8515
    endloop
  endfacet
  facet normal 0 -1 0
    outer loop
      vertex 92.5 143.5 12
      vertex -60.2821 143.5 30.8515
      vertex -61.125 143.5 30.2883
    endloop
  endfacet
  facet normal 0 -1 0
    outer loop
      vertex 92.5 143.5 12
      vertex -61.125 143.5 30.2883
      vertex -62.0342 143.5 29.8399
    endloop
  endfacet
  facet normal 0 -1 0
    outer loop
      vertex -92.5 143.5 12
      vertex -62.0342 143.5 29.8399
      vertex -62.9942 143.5 29.5141
    endloop
  endfacet
  facet normal 0 -1 0
    outer loop
      vertex -92.5 143.5 12
      vertex -62.9942 143.5 29.5141
      vertex -63.9884 143.5 29.3163
    endloop
  endfacet
  facet normal 0 -1 0
    outer loop
      vertex -92.5 143.5 12
      vertex -63.9884 143.5 29.3163
      vertex -65 143.5 29.25
    endloop
  endfacet
  facet normal 0 -1 -0
    outer loop
      vertex -62.0342 143.5 29.8399
      vertex -92.5 143.5 12
      vertex 92.5 143.5 12
    endloop
  endfacet
  facet normal 0 -1 0
    outer loop
      vertex 83.5 143.5 57
      vertex 92.5 143.5 12
      vertex 92.5 143.5 48
    endloop
  endfacet
  facet normal 0 0 -1
    outer loop
      vertex -74 68.51 0
      vertex -86 68.51 0
      vertex -74 116.5 0
    endloop
  endfacet
  facet normal 0 0 -1
    outer loop
      vertex -74 116.5 0
      vertex -65.5 146.5 0
      vertex -65.5 116.5 0
    endloop
  endfacet
  facet normal 0 0 -1
    outer loop
      vertex -86 116.5 0
      vertex -74 116.5 0
      vertex -86 68.51 0
    endloop
  endfacet
  facet normal 0 0 -1
    outer loop
      vertex -86 116.5 0
      vertex -65.5 146.5 0
      vertex -74 116.5 0
    endloop
  endfacet
  facet normal 0 0 -1
    outer loop
      vertex -95.5 146.5 0
      vertex -86 116.5 0
      vertex -95.5 116.5 0
    endloop
  endfacet
  facet normal 0 0 -1
    outer loop
      vertex -86 116.5 0
      vertex -95.5 146.5 0
      vertex -65.5 146.5 0
    endloop
  endfacet
  facet normal 1 -0 0
    outer loop
      vertex -65.5 116.5 6
      vertex -65.5 146.5 0
      vertex -65.5 146.5 6
    endloop
  endfacet
  facet normal 1 0 0
    outer loop
      vertex -65.5 146.5 0
      vertex -65.5 116.5 6
      vertex -65.5 116.5 0
    endloop
  endfacet
  facet normal 0 -1 0
    outer loop
      vertex -74 116.5 0
      vertex -65.5 116.5 6
      vertex -74 116.5 6
    endloop
  endfacet
  facet normal 0 -1 -0
    outer loop
      vertex -65.5 116.5 6
      vertex -74 116.5 0
      vertex -65.5 116.5 0
    endloop
  endfacet
  facet normal 0 -1 0
    outer loop
      vertex -95.5 116.5 0
      vertex -86 116.5 6
      vertex -95.5 116.5 6
    endloop
  endfacet
  facet normal 0 -1 -0
    outer loop
      vertex -86 116.5 6
      vertex -95.5 116.5 0
      vertex -86 116.5 0
    endloop
  endfacet
  facet normal 0 0 -1
    outer loop
      vertex 86 68.51 0
      vertex 74 68.51 0
      vertex 86 116.5 0
    endloop
  endfacet
  facet normal 0 0 -1
    outer loop
      vertex 86 116.5 0
      vertex 95.5 146.5 0
      vertex 95.5 116.5 0
    endloop
  endfacet
  facet normal 0 0 -1
    outer loop
      vertex 74 116.5 0
      vertex 86 116.5 0
      vertex 74 68.51 0
    endloop
  endfacet
  facet normal 0 0 -1
    outer loop
      vertex 65.5 146.5 0
      vertex 86 116.5 0
      vertex 74 116.5 0
    endloop
  endfacet
  facet normal 0 0 -1
    outer loop
      vertex 65.5 146.5 0
      vertex 74 116.5 0
      vertex 65.5 116.5 0
    endloop
  endfacet
  facet normal 0 0 -1
    outer loop
      vertex 86 116.5 0
      vertex 65.5 146.5 0
      vertex 95.5 146.5 0
    endloop
  endfacet
  facet normal -1 0 0
    outer loop
      vertex 65.5 116.5 0
      vertex 65.5 146.5 6
      vertex 65.5 146.5 0
    endloop
  endfacet
  facet normal -1 -0 0
    outer loop
      vertex 65.5 146.5 6
      vertex 65.5 116.5 0
      vertex 65.5 116.5 6
    endloop
  endfacet
  facet normal 0 -1 0
    outer loop
      vertex 86 116.5 0
      vertex 95.5 116.5 6
      vertex 86 116.5 6
    endloop
  endfacet
  facet normal 0 -1 -0
    outer loop
      vertex 95.5 116.5 6
      vertex 86 116.5 0
      vertex 95.5 116.5 0
    endloop
  endfacet
  facet normal 0 -1 0
    outer loop
      vertex 65.5 116.5 0
      vertex 74 116.5 6
      vertex 65.5 116.5 6
    endloop
  endfacet
  facet normal 0 -1 -0
    outer loop
      vertex 74 116.5 6
      vertex 65.5 116.5 0
      vertex 74 116.5 0
    endloop
  endfacet
  facet normal 1 -0 0
    outer loop
      vertex -74 68.51 6
      vertex -74 116.5 0
      vertex -74 116.5 6
    endloop
  endfacet
  facet normal 1 0 0
    outer loop
      vertex -74 116.5 0
      vertex -74 68.51 6
      vertex -74 68.51 0
    endloop
  endfacet
  facet normal -1 0 0
    outer loop
      vertex -86 68.51 0
      vertex -86 116.5 6
      vertex -86 116.5 0
    endloop
  endfacet
  facet normal -1 -0 0
    outer loop
      vertex -86 116.5 6
      vertex -86 68.51 0
      vertex -86 68.51 6
    endloop
  endfacet
  facet normal 1 -0 0
    outer loop
      vertex 86 68.51 6
      vertex 86 116.5 0
      vertex 86 116.5 6
    endloop
  endfacet
  facet normal 1 0 0
    outer loop
      vertex 86 116.5 0
      vertex 86 68.51 6
      vertex 86 68.51 0
    endloop
  endfacet
  facet normal -1 0 0
    outer loop
      vertex 74 68.51 0
      vertex 74 116.5 6
      vertex 74 116.5 0
    endloop
  endfacet
  facet normal -1 -0 0
    outer loop
      vertex 74 116.5 6
      vertex 74 68.51 0
      vertex 74 68.51 6
    endloop
  endfacet
  facet normal 0.89698 -0.442072 0
    outer loop
      vertex -80.1699 133 183
      vertex -79.8806 133.587 12
      vertex -79.8806 133.587 183
    endloop
  endfacet
  facet normal 0.89698 -0.442072 0
    outer loop
      vertex -79.8806 133.587 12
      vertex -80.1699 133 183
      vertex -80.1699 133 12
    endloop
  endfacet
  facet normal 0.980757 0.195233 0
    outer loop
      vertex -79.5428 136.153 183
      vertex -79.6704 136.794 12
      vertex -79.6704 136.794 183
    endloop
  endfacet
  facet normal 0.980757 0.195233 0
    outer loop
      vertex -79.6704 136.794 12
      vertex -79.5428 136.153 183
      vertex -79.5428 136.153 12
    endloop
  endfacet
  facet normal 0.997859 0.0654033 0
    outer loop
      vertex -79.5 135.5 183
      vertex -79.5428 136.153 12
      vertex -79.5428 136.153 183
    endloop
  endfacet
  facet normal 0.997859 0.0654033 0
    outer loop
      vertex -79.5428 136.153 12
      vertex -79.5 135.5 183
      vertex -79.5 135.5 12
    endloop
  endfacet
  facet normal -0.194204 0.980961 0
    outer loop
      vertex -85.1526 140.457 57
      vertex -85.7941 140.33 183
      vertex -85.1526 140.457 183
    endloop
  endfacet
  facet normal -0.194204 0.980961 0
    outer loop
      vertex -85.7941 140.33 183
      vertex -85.1526 140.457 57
      vertex -85.7941 140.33 57
    endloop
  endfacet
  facet normal -0.194204 0.980961 0
    outer loop
      vertex -85.1526 140.457 12
      vertex -85.7941 140.33 54.7059
      vertex -85.1526 140.457 55.3474
    endloop
  endfacet
  facet normal -0.194204 0.980961 0
    outer loop
      vertex -85.7941 140.33 54.7059
      vertex -85.1526 140.457 12
      vertex -85.7941 140.33 12
    endloop
  endfacet
  facet normal 0.75197 0.659197 0
    outer loop
      vertex -80.5332 138.544 183
      vertex -80.9645 139.036 12
      vertex -80.9645 139.036 183
    endloop
  endfacet
  facet normal 0.75197 0.659197 0
    outer loop
      vertex -80.9645 139.036 12
      vertex -80.5332 138.544 183
      vertex -80.5332 138.544 12
    endloop
  endfacet
  facet normal -0.194204 -0.980961 0
    outer loop
      vertex -85.7941 130.67 57
      vertex -85.1526 130.543 183
      vertex -85.7941 130.67 183
    endloop
  endfacet
  facet normal -0.194204 -0.980961 -0
    outer loop
      vertex -85.1526 130.543 183
      vertex -85.7941 130.67 57
      vertex -85.1526 130.543 57
    endloop
  endfacet
  facet normal -0.194204 -0.980961 0
    outer loop
      vertex -85.1526 130.543 12
      vertex -85.7941 130.67 54.7059
      vertex -85.7941 130.67 12
    endloop
  endfacet
  facet normal -0.194204 -0.980961 0
    outer loop
      vertex -85.7941 130.67 54.7059
      vertex -85.1526 130.543 12
      vertex -85.1526 130.543 55.3474
    endloop
  endfacet
  facet normal 0.555194 0.831721 -0
    outer loop
      vertex -81.4562 139.467 12
      vertex -82 139.83 183
      vertex -81.4562 139.467 183
    endloop
  endfacet
  facet normal 0.555194 0.831721 0
    outer loop
      vertex -82 139.83 183
      vertex -81.4562 139.467 12
      vertex -82 139.83 12
    endloop
  endfacet
  facet normal 0.194204 -0.980961 0
    outer loop
      vertex -83.8474 130.543 57
      vertex -83.2059 130.67 183
      vertex -83.8474 130.543 183
    endloop
  endfacet
  facet normal 0.194813 -0.98084 -3.21999e-06
    outer loop
      vertex -83.5 130.612 57
      vertex -83.2059 130.67 183
      vertex -83.8474 130.543 57
    endloop
  endfacet
  facet normal 0.194204 -0.980961 0
    outer loop
      vertex -83.2059 130.67 12
      vertex -83.8474 130.543 56.6526
      vertex -83.8474 130.543 12
    endloop
  endfacet
  facet normal 0.193485 -0.981103 0
    outer loop
      vertex -83.5 130.612 57
      vertex -83.2059 130.67 12
      vertex -83.2059 130.67 183
    endloop
  endfacet
  facet normal 0.194804 -0.980842 8.95745e-06
    outer loop
      vertex -83.8474 130.543 56.6526
      vertex -83.2059 130.67 12
      vertex -83.5 130.612 57
    endloop
  endfacet
  facet normal 0.659165 -0.751998 0
    outer loop
      vertex -81.4562 131.533 12
      vertex -80.9645 131.964 183
      vertex -81.4562 131.533 183
    endloop
  endfacet
  facet normal 0.659165 -0.751998 0
    outer loop
      vertex -80.9645 131.964 183
      vertex -81.4562 131.533 12
      vertex -80.9645 131.964 12
    endloop
  endfacet
  facet normal -0.659165 -0.751998 0
    outer loop
      vertex -88.0355 131.964 57
      vertex -87.5438 131.533 183
      vertex -88.0355 131.964 183
    endloop
  endfacet
  facet normal -0.659165 -0.751998 -0
    outer loop
      vertex -87.5438 131.533 183
      vertex -88.0355 131.964 57
      vertex -87.5438 131.533 57
    endloop
  endfacet
  facet normal -0.659165 -0.751998 0
    outer loop
      vertex -87.5438 131.533 12
      vertex -88.0355 131.964 52.4645
      vertex -88.0355 131.964 12
    endloop
  endfacet
  facet normal -0.659165 -0.751998 0
    outer loop
      vertex -88.0355 131.964 52.4645
      vertex -87.5438 131.533 12
      vertex -87.5438 131.533 52.9562
    endloop
  endfacet
  facet normal 0.997859 -0.0654033 0
    outer loop
      vertex -79.5428 134.847 183
      vertex -79.5 135.5 12
      vertex -79.5 135.5 183
    endloop
  endfacet
  facet normal 0.997859 -0.0654033 0
    outer loop
      vertex -79.5 135.5 12
      vertex -79.5428 134.847 183
      vertex -79.5428 134.847 12
    endloop
  endfacet
  facet normal -0.831603 0.55537 0
    outer loop
      vertex -88.8301 138 57
      vertex -88.4668 138.544 183
      vertex -88.4668 138.544 57
    endloop
  endfacet
  facet normal -0.831603 0.55537 0
    outer loop
      vertex -88.4668 138.544 183
      vertex -88.8301 138 57
      vertex -88.8301 138 183
    endloop
  endfacet
  facet normal -0.831603 0.55537 0
    outer loop
      vertex -88.8301 138 51.6699
      vertex -88.4668 138.544 12
      vertex -88.8301 138 12
    endloop
  endfacet
  facet normal -0.831603 0.55537 0
    outer loop
      vertex -88.4668 138.544 12
      vertex -88.8301 138 51.6699
      vertex -88.4668 138.544 52.0332
    endloop
  endfacet
  facet normal 0.555194 -0.831721 0
    outer loop
      vertex -82 131.17 12
      vertex -81.4562 131.533 183
      vertex -82 131.17 183
    endloop
  endfacet
  facet normal 0.555194 -0.831721 0
    outer loop
      vertex -81.4562 131.533 183
      vertex -82 131.17 12
      vertex -81.4562 131.533 12
    endloop
  endfacet
  facet normal -0.0657477 0.997836 0
    outer loop
      vertex -84.5 140.5 57
      vertex -85.1526 140.457 183
      vertex -84.5 140.5 183
    endloop
  endfacet
  facet normal -0.0657477 0.997836 0
    outer loop
      vertex -85.1526 140.457 183
      vertex -84.5 140.5 57
      vertex -85.1526 140.457 57
    endloop
  endfacet
  facet normal -0.0657477 0.997836 0
    outer loop
      vertex -84.5 140.5 12
      vertex -85.1526 140.457 55.3474
      vertex -84.5 140.5 56
    endloop
  endfacet
  facet normal -0.0657477 0.997836 0
    outer loop
      vertex -85.1526 140.457 55.3474
      vertex -84.5 140.5 12
      vertex -85.1526 140.457 12
    endloop
  endfacet
  facet normal -0.441945 -0.897042 0
    outer loop
      vertex -87 131.17 57
      vertex -86.4134 130.881 183
      vertex -87 131.17 183
    endloop
  endfacet
  facet normal -0.441945 -0.897042 -0
    outer loop
      vertex -86.4134 130.881 183
      vertex -87 131.17 57
      vertex -86.4134 130.881 57
    endloop
  endfacet
  facet normal -0.441945 -0.897042 0
    outer loop
      vertex -86.4134 130.881 12
      vertex -87 131.17 53.5
      vertex -87 131.17 12
    endloop
  endfacet
  facet normal -0.441945 -0.897042 0
    outer loop
      vertex -87 131.17 53.5
      vertex -86.4134 130.881 12
      vertex -86.4134 130.881 54.0866
    endloop
  endfacet
  facet normal -0.946894 0.321546 0
    outer loop
      vertex -89.3296 136.794 57
      vertex -89.1194 137.413 183
      vertex -89.1194 137.413 57
    endloop
  endfacet
  facet normal -0.946894 0.321546 0
    outer loop
      vertex -89.1194 137.413 183
      vertex -89.3296 136.794 57
      vertex -89.3296 136.794 183
    endloop
  endfacet
  facet normal -0.946894 0.321546 0
    outer loop
      vertex -89.3296 136.794 51.1704
      vertex -89.1194 137.413 12
      vertex -89.3296 136.794 12
    endloop
  endfacet
  facet normal -0.946894 0.321546 0
    outer loop
      vertex -89.1194 137.413 12
      vertex -89.3296 136.794 51.1704
      vertex -89.1194 137.413 51.3806
    endloop
  endfacet
  facet normal 0.322503 0.946569 -0
    outer loop
      vertex -82.5866 140.119 12
      vertex -83.2059 140.33 183
      vertex -82.5866 140.119 183
    endloop
  endfacet
  facet normal 0.322503 0.946569 0
    outer loop
      vertex -83.2059 140.33 183
      vertex -82.5866 140.119 12
      vertex -83.2059 140.33 12
    endloop
  endfacet
  facet normal 0.75197 -0.659197 0
    outer loop
      vertex -80.9645 131.964 183
      vertex -80.5332 132.456 12
      vertex -80.5332 132.456 183
    endloop
  endfacet
  facet normal 0.75197 -0.659197 0
    outer loop
      vertex -80.5332 132.456 12
      vertex -80.9645 131.964 183
      vertex -80.9645 131.964 12
    endloop
  endfacet
  facet normal -0.0657477 -0.997836 0
    outer loop
      vertex -85.1526 130.543 57
      vertex -84.5 130.5 183
      vertex -85.1526 130.543 183
    endloop
  endfacet
  facet normal -0.0657477 -0.997836 -0
    outer loop
      vertex -84.5 130.5 183
      vertex -85.1526 130.543 57
      vertex -84.5 130.5 57
    endloop
  endfacet
  facet normal -0.0657477 -0.997836 0
    outer loop
      vertex -84.5 130.5 12
      vertex -85.1526 130.543 55.3474
      vertex -85.1526 130.543 12
    endloop
  endfacet
  facet normal -0.0657477 -0.997836 0
    outer loop
      vertex -85.1526 130.543 55.3474
      vertex -84.5 130.5 12
      vertex -84.5 130.5 56
    endloop
  endfacet
  facet normal 0.831603 0.55537 0
    outer loop
      vertex -80.1699 138 183
      vertex -80.5332 138.544 12
      vertex -80.5332 138.544 183
    endloop
  endfacet
  facet normal 0.831603 0.55537 0
    outer loop
      vertex -80.5332 138.544 12
      vertex -80.1699 138 183
      vertex -80.1699 138 12
    endloop
  endfacet
  facet normal 0.441945 0.897042 -0
    outer loop
      vertex -82 139.83 12
      vertex -82.5866 140.119 183
      vertex -82 139.83 183
    endloop
  endfacet
  facet normal 0.441945 0.897042 0
    outer loop
      vertex -82.5866 140.119 183
      vertex -82 139.83 12
      vertex -82.5866 140.119 12
    endloop
  endfacet
  facet normal 0.980757 -0.195233 0
    outer loop
      vertex -79.6704 134.206 183
      vertex -79.5428 134.847 12
      vertex -79.5428 134.847 183
    endloop
  endfacet
  facet normal 0.980757 -0.195233 0
    outer loop
      vertex -79.5428 134.847 12
      vertex -79.6704 134.206 183
      vertex -79.6704 134.206 12
    endloop
  endfacet
  facet normal 0.322503 -0.946569 0
    outer loop
      vertex -83.2059 130.67 12
      vertex -82.5866 130.881 183
      vertex -83.2059 130.67 183
    endloop
  endfacet
  facet normal 0.322503 -0.946569 0
    outer loop
      vertex -82.5866 130.881 183
      vertex -83.2059 130.67 12
      vertex -82.5866 130.881 12
    endloop
  endfacet
  facet normal 0.89698 0.442072 0
    outer loop
      vertex -79.8806 137.413 183
      vertex -80.1699 138 12
      vertex -80.1699 138 183
    endloop
  endfacet
  facet normal 0.89698 0.442072 0
    outer loop
      vertex -80.1699 138 12
      vertex -79.8806 137.413 183
      vertex -79.8806 137.413 12
    endloop
  endfacet
  facet normal -0.555194 0.831721 0
    outer loop
      vertex -87 139.83 57
      vertex -87.5438 139.467 183
      vertex -87 139.83 183
    endloop
  endfacet
  facet normal -0.555194 0.831721 0
    outer loop
      vertex -87.5438 139.467 183
      vertex -87 139.83 57
      vertex -87.5438 139.467 57
    endloop
  endfacet
  facet normal -0.555194 0.831721 0
    outer loop
      vertex -87 139.83 12
      vertex -87.5438 139.467 52.9562
      vertex -87 139.83 53.5
    endloop
  endfacet
  facet normal -0.555194 0.831721 0
    outer loop
      vertex -87.5438 139.467 52.9562
      vertex -87 139.83 12
      vertex -87.5438 139.467 12
    endloop
  endfacet
  facet normal -0.441945 0.897042 0
    outer loop
      vertex -86.4134 140.119 57
      vertex -87 139.83 183
      vertex -86.4134 140.119 183
    endloop
  endfacet
  facet normal -0.441945 0.897042 0
    outer loop
      vertex -87 139.83 183
      vertex -86.4134 140.119 57
      vertex -87 139.83 57
    endloop
  endfacet
  facet normal -0.441945 0.897042 0
    outer loop
      vertex -86.4134 140.119 12
      vertex -87 139.83 53.5
      vertex -86.4134 140.119 54.0866
    endloop
  endfacet
  facet normal -0.441945 0.897042 0
    outer loop
      vertex -87 139.83 53.5
      vertex -86.4134 140.119 12
      vertex -87 139.83 12
    endloop
  endfacet
  facet normal -0.831603 -0.55537 0
    outer loop
      vertex -88.4668 132.456 57
      vertex -88.8301 133 183
      vertex -88.8301 133 57
    endloop
  endfacet
  facet normal -0.831603 -0.55537 0
    outer loop
      vertex -88.8301 133 183
      vertex -88.4668 132.456 57
      vertex -88.4668 132.456 183
    endloop
  endfacet
  facet normal -0.831603 -0.55537 0
    outer loop
      vertex -88.4668 132.456 12
      vertex -88.8301 133 51.6699
      vertex -88.8301 133 12
    endloop
  endfacet
  facet normal -0.831603 -0.55537 0
    outer loop
      vertex -88.8301 133 51.6699
      vertex -88.4668 132.456 12
      vertex -88.4668 132.456 52.0332
    endloop
  endfacet
  facet normal 0.659165 0.751998 -0
    outer loop
      vertex -80.9645 139.036 12
      vertex -81.4562 139.467 183
      vertex -80.9645 139.036 183
    endloop
  endfacet
  facet normal 0.659165 0.751998 0
    outer loop
      vertex -81.4562 139.467 183
      vertex -80.9645 139.036 12
      vertex -81.4562 139.467 12
    endloop
  endfacet
  facet normal -0.322503 0.946569 0
    outer loop
      vertex -85.7941 140.33 57
      vertex -86.4134 140.119 183
      vertex -85.7941 140.33 183
    endloop
  endfacet
  facet normal -0.322503 0.946569 0
    outer loop
      vertex -86.4134 140.119 183
      vertex -85.7941 140.33 57
      vertex -86.4134 140.119 57
    endloop
  endfacet
  facet normal -0.322503 0.946569 0
    outer loop
      vertex -85.7941 140.33 12
      vertex -86.4134 140.119 54.0866
      vertex -85.7941 140.33 54.7059
    endloop
  endfacet
  facet normal -0.322503 0.946569 0
    outer loop
      vertex -86.4134 140.119 54.0866
      vertex -85.7941 140.33 12
      vertex -86.4134 140.119 12
    endloop
  endfacet
  facet normal -0.89698 -0.442072 0
    outer loop
      vertex -88.8301 133 57
      vertex -89.1194 133.587 183
      vertex -89.1194 133.587 57
    endloop
  endfacet
  facet normal -0.89698 -0.442072 0
    outer loop
      vertex -89.1194 133.587 183
      vertex -88.8301 133 57
      vertex -88.8301 133 183
    endloop
  endfacet
  facet normal -0.89698 -0.442072 0
    outer loop
      vertex -88.8301 133 12
      vertex -89.1194 133.587 51.3806
      vertex -89.1194 133.587 12
    endloop
  endfacet
  facet normal -0.89698 -0.442072 0
    outer loop
      vertex -89.1194 133.587 51.3806
      vertex -88.8301 133 12
      vertex -88.8301 133 51.6699
    endloop
  endfacet
  facet normal -0.980757 0.195233 0
    outer loop
      vertex -89.4572 136.153 57
      vertex -89.3296 136.794 183
      vertex -89.3296 136.794 57
    endloop
  endfacet
  facet normal -0.980757 0.195233 0
    outer loop
      vertex -89.3296 136.794 183
      vertex -89.4572 136.153 57
      vertex -89.4572 136.153 183
    endloop
  endfacet
  facet normal -0.980757 0.195233 0
    outer loop
      vertex -89.4572 136.153 51.0428
      vertex -89.3296 136.794 12
      vertex -89.4572 136.153 12
    endloop
  endfacet
  facet normal -0.980757 0.195233 0
    outer loop
      vertex -89.3296 136.794 12
      vertex -89.4572 136.153 51.0428
      vertex -89.3296 136.794 51.1704
    endloop
  endfacet
  facet normal 0.946894 -0.321546 0
    outer loop
      vertex -79.8806 133.587 183
      vertex -79.6704 134.206 12
      vertex -79.6704 134.206 183
    endloop
  endfacet
  facet normal 0.946894 -0.321546 0
    outer loop
      vertex -79.6704 134.206 12
      vertex -79.8806 133.587 183
      vertex -79.8806 133.587 12
    endloop
  endfacet
  facet normal 0.441945 -0.897042 0
    outer loop
      vertex -82.5866 130.881 12
      vertex -82 131.17 183
      vertex -82.5866 130.881 183
    endloop
  endfacet
  facet normal 0.441945 -0.897042 0
    outer loop
      vertex -82 131.17 183
      vertex -82.5866 130.881 12
      vertex -82 131.17 12
    endloop
  endfacet
  facet normal -0.946894 -0.321546 0
    outer loop
      vertex -89.1194 133.587 57
      vertex -89.3296 134.206 183
      vertex -89.3296 134.206 57
    endloop
  endfacet
  facet normal -0.946894 -0.321546 0
    outer loop
      vertex -89.3296 134.206 183
      vertex -89.1194 133.587 57
      vertex -89.1194 133.587 183
    endloop
  endfacet
  facet normal -0.946894 -0.321546 0
    outer loop
      vertex -89.1194 133.587 12
      vertex -89.3296 134.206 51.1704
      vertex -89.3296 134.206 12
    endloop
  endfacet
  facet normal -0.946894 -0.321546 0
    outer loop
      vertex -89.3296 134.206 51.1704
      vertex -89.1194 133.587 12
      vertex -89.1194 133.587 51.3806
    endloop
  endfacet
  facet normal -0.75197 -0.659197 0
    outer loop
      vertex -88.0355 131.964 57
      vertex -88.4668 132.456 183
      vertex -88.4668 132.456 57
    endloop
  endfacet
  facet normal -0.75197 -0.659197 0
    outer loop
      vertex -88.4668 132.456 183
      vertex -88.0355 131.964 57
      vertex -88.0355 131.964 183
    endloop
  endfacet
  facet normal -0.75197 -0.659197 0
    outer loop
      vertex -88.0355 131.964 12
      vertex -88.4668 132.456 52.0332
      vertex -88.4668 132.456 12
    endloop
  endfacet
  facet normal -0.75197 -0.659197 0
    outer loop
      vertex -88.4668 132.456 52.0332
      vertex -88.0355 131.964 12
      vertex -88.0355 131.964 52.4645
    endloop
  endfacet
  facet normal 0.831603 -0.55537 0
    outer loop
      vertex -80.5332 132.456 183
      vertex -80.1699 133 12
      vertex -80.1699 133 183
    endloop
  endfacet
  facet normal 0.831603 -0.55537 0
    outer loop
      vertex -80.1699 133 12
      vertex -80.5332 132.456 183
      vertex -80.5332 132.456 12
    endloop
  endfacet
  facet normal -0.89698 0.442072 0
    outer loop
      vertex -89.1194 137.413 57
      vertex -88.8301 138 183
      vertex -88.8301 138 57
    endloop
  endfacet
  facet normal -0.89698 0.442072 0
    outer loop
      vertex -88.8301 138 183
      vertex -89.1194 137.413 57
      vertex -89.1194 137.413 183
    endloop
  endfacet
  facet normal -0.89698 0.442072 0
    outer loop
      vertex -89.1194 137.413 51.3806
      vertex -88.8301 138 12
      vertex -89.1194 137.413 12
    endloop
  endfacet
  facet normal -0.89698 0.442072 0
    outer loop
      vertex -88.8301 138 12
      vertex -89.1194 137.413 51.3806
      vertex -88.8301 138 51.6699
    endloop
  endfacet
  facet normal -0.659165 0.751998 0
    outer loop
      vertex -87.5438 139.467 57
      vertex -88.0355 139.036 183
      vertex -87.5438 139.467 183
    endloop
  endfacet
  facet normal -0.659165 0.751998 0
    outer loop
      vertex -88.0355 139.036 183
      vertex -87.5438 139.467 57
      vertex -88.0355 139.036 57
    endloop
  endfacet
  facet normal -0.659165 0.751998 0
    outer loop
      vertex -87.5438 139.467 12
      vertex -88.0355 139.036 52.4645
      vertex -87.5438 139.467 52.9562
    endloop
  endfacet
  facet normal -0.659165 0.751998 0
    outer loop
      vertex -88.0355 139.036 52.4645
      vertex -87.5438 139.467 12
      vertex -88.0355 139.036 12
    endloop
  endfacet
  facet normal 0.0657477 0.997836 -0
    outer loop
      vertex -83.8474 140.457 57
      vertex -84.5 140.5 183
      vertex -83.8474 140.457 183
    endloop
  endfacet
  facet normal 0.0657477 0.997836 0
    outer loop
      vertex -84.5 140.5 183
      vertex -83.8474 140.457 57
      vertex -84.5 140.5 57
    endloop
  endfacet
  facet normal 0.0657477 0.997836 -0
    outer loop
      vertex -83.8474 140.457 12
      vertex -84.5 140.5 56
      vertex -83.8474 140.457 56.6526
    endloop
  endfacet
  facet normal 0.0657477 0.997836 0
    outer loop
      vertex -84.5 140.5 56
      vertex -83.8474 140.457 12
      vertex -84.5 140.5 12
    endloop
  endfacet
  facet normal 0.946894 0.321546 0
    outer loop
      vertex -79.6704 136.794 183
      vertex -79.8806 137.413 12
      vertex -79.8806 137.413 183
    endloop
  endfacet
  facet normal 0.946894 0.321546 0
    outer loop
      vertex -79.8806 137.413 12
      vertex -79.6704 136.794 183
      vertex -79.6704 136.794 12
    endloop
  endfacet
  facet normal -0.980757 -0.195233 0
    outer loop
      vertex -89.3296 134.206 57
      vertex -89.4572 134.847 183
      vertex -89.4572 134.847 57
    endloop
  endfacet
  facet normal -0.980757 -0.195233 0
    outer loop
      vertex -89.4572 134.847 183
      vertex -89.3296 134.206 57
      vertex -89.3296 134.206 183
    endloop
  endfacet
  facet normal -0.980757 -0.195233 0
    outer loop
      vertex -89.3296 134.206 12
      vertex -89.4572 134.847 51.0428
      vertex -89.4572 134.847 12
    endloop
  endfacet
  facet normal -0.980757 -0.195233 0
    outer loop
      vertex -89.4572 134.847 51.0428
      vertex -89.3296 134.206 12
      vertex -89.3296 134.206 51.1704
    endloop
  endfacet
  facet normal 0.194204 0.980961 -1.74398e-06
    outer loop
      vertex -83.2059 140.33 183
      vertex -83.5 140.388 57
      vertex -83.8474 140.457 183
    endloop
  endfacet
  facet normal 0.193485 0.981103 -0
    outer loop
      vertex -83.2059 140.33 12
      vertex -83.5 140.388 57
      vertex -83.2059 140.33 183
    endloop
  endfacet
  facet normal 0.194804 0.980842 8.95745e-06
    outer loop
      vertex -83.2059 140.33 12
      vertex -83.8474 140.457 56.6526
      vertex -83.5 140.388 57
    endloop
  endfacet
  facet normal 0.194204 0.980961 0
    outer loop
      vertex -83.8474 140.457 56.6526
      vertex -83.2059 140.33 12
      vertex -83.8474 140.457 12
    endloop
  endfacet
  facet normal 0.194813 0.98084 0
    outer loop
      vertex -83.8474 140.457 183
      vertex -83.5 140.388 57
      vertex -83.8474 140.457 57
    endloop
  endfacet
  facet normal -0.997859 0.0654033 0
    outer loop
      vertex -89.5 135.5 57
      vertex -89.4572 136.153 183
      vertex -89.4572 136.153 57
    endloop
  endfacet
  facet normal -0.997859 0.0654033 0
    outer loop
      vertex -89.4572 136.153 183
      vertex -89.5 135.5 57
      vertex -89.5 135.5 183
    endloop
  endfacet
  facet normal -0.997859 0.0654033 0
    outer loop
      vertex -89.5 135.5 51
      vertex -89.4572 136.153 12
      vertex -89.5 135.5 12
    endloop
  endfacet
  facet normal -0.997859 0.0654033 0
    outer loop
      vertex -89.4572 136.153 12
      vertex -89.5 135.5 51
      vertex -89.4572 136.153 51.0428
    endloop
  endfacet
  facet normal -0.555194 -0.831721 0
    outer loop
      vertex -87.5438 131.533 57
      vertex -87 131.17 183
      vertex -87.5438 131.533 183
    endloop
  endfacet
  facet normal -0.555194 -0.831721 -0
    outer loop
      vertex -87 131.17 183
      vertex -87.5438 131.533 57
      vertex -87 131.17 57
    endloop
  endfacet
  facet normal -0.555194 -0.831721 0
    outer loop
      vertex -87 131.17 12
      vertex -87.5438 131.533 52.9562
      vertex -87.5438 131.533 12
    endloop
  endfacet
  facet normal -0.555194 -0.831721 0
    outer loop
      vertex -87.5438 131.533 52.9562
      vertex -87 131.17 12
      vertex -87 131.17 53.5
    endloop
  endfacet
  facet normal 0.0657477 -0.997836 0
    outer loop
      vertex -84.5 130.5 57
      vertex -83.8474 130.543 183
      vertex -84.5 130.5 183
    endloop
  endfacet
  facet normal 0.0657477 -0.997836 0
    outer loop
      vertex -83.8474 130.543 183
      vertex -84.5 130.5 57
      vertex -83.8474 130.543 57
    endloop
  endfacet
  facet normal 0.0657477 -0.997836 0
    outer loop
      vertex -83.8474 130.543 12
      vertex -84.5 130.5 56
      vertex -84.5 130.5 12
    endloop
  endfacet
  facet normal 0.0657477 -0.997836 0
    outer loop
      vertex -84.5 130.5 56
      vertex -83.8474 130.543 12
      vertex -83.8474 130.543 56.6526
    endloop
  endfacet
  facet normal -0.997859 -0.0654033 0
    outer loop
      vertex -89.4572 134.847 57
      vertex -89.5 135.5 183
      vertex -89.5 135.5 57
    endloop
  endfacet
  facet normal -0.997859 -0.0654033 0
    outer loop
      vertex -89.5 135.5 183
      vertex -89.4572 134.847 57
      vertex -89.4572 134.847 183
    endloop
  endfacet
  facet normal -0.997859 -0.0654033 0
    outer loop
      vertex -89.4572 134.847 12
      vertex -89.5 135.5 51
      vertex -89.5 135.5 12
    endloop
  endfacet
  facet normal -0.997859 -0.0654033 0
    outer loop
      vertex -89.5 135.5 51
      vertex -89.4572 134.847 12
      vertex -89.4572 134.847 51.0428
    endloop
  endfacet
  facet normal 0 0 1
    outer loop
      vertex -83.2 135.5 183
      vertex -79.5 135.5 183
      vertex -79.5428 136.153 183
    endloop
  endfacet
  facet normal 0 0 1
    outer loop
      vertex -83.2111 135.67 183
      vertex -79.5428 136.153 183
      vertex -79.6704 136.794 183
    endloop
  endfacet
  facet normal 0 0 1
    outer loop
      vertex -79.5 135.5 183
      vertex -83.2 135.5 183
      vertex -79.5428 134.847 183
    endloop
  endfacet
  facet normal 0 0 1
    outer loop
      vertex -83.2443 135.836 183
      vertex -79.6704 136.794 183
      vertex -79.8806 137.413 183
    endloop
  endfacet
  facet normal -0 0 1
    outer loop
      vertex -83.2111 135.33 183
      vertex -79.5428 134.847 183
      vertex -83.2 135.5 183
    endloop
  endfacet
  facet normal 0 0 1
    outer loop
      vertex -83.299 135.997 183
      vertex -79.8806 137.413 183
      vertex -80.1699 138 183
    endloop
  endfacet
  facet normal 0 0 1
    outer loop
      vertex -79.5428 134.847 183
      vertex -83.2111 135.33 183
      vertex -79.6704 134.206 183
    endloop
  endfacet
  facet normal 0 0 1
    outer loop
      vertex -83.3742 136.15 183
      vertex -80.1699 138 183
      vertex -80.5332 138.544 183
    endloop
  endfacet
  facet normal -0 0 1
    outer loop
      vertex -83.2443 135.164 183
      vertex -79.6704 134.206 183
      vertex -83.2111 135.33 183
    endloop
  endfacet
  facet normal 0 0 1
    outer loop
      vertex -83.4686 136.291 183
      vertex -80.5332 138.544 183
      vertex -80.9645 139.036 183
    endloop
  endfacet
  facet normal 0 0 1
    outer loop
      vertex -79.6704 134.206 183
      vertex -83.2443 135.164 183
      vertex -79.8806 133.587 183
    endloop
  endfacet
  facet normal 0 0 1
    outer loop
      vertex -83.5808 136.419 183
      vertex -80.9645 139.036 183
      vertex -81.4562 139.467 183
    endloop
  endfacet
  facet normal -0 0 1
    outer loop
      vertex -83.299 135.003 183
      vertex -79.8806 133.587 183
      vertex -83.2443 135.164 183
    endloop
  endfacet
  facet normal 0 0 1
    outer loop
      vertex -83.7086 136.531 183
      vertex -81.4562 139.467 183
      vertex -82 139.83 183
    endloop
  endfacet
  facet normal 0 0 1
    outer loop
      vertex -79.8806 133.587 183
      vertex -83.299 135.003 183
      vertex -80.1699 133 183
    endloop
  endfacet
  facet normal 0 0 1
    outer loop
      vertex -83.85 136.626 183
      vertex -82 139.83 183
      vertex -82.5866 140.119 183
    endloop
  endfacet
  facet normal -0 0 1
    outer loop
      vertex -83.3742 134.85 183
      vertex -80.1699 133 183
      vertex -83.299 135.003 183
    endloop
  endfacet
  facet normal 0 0 1
    outer loop
      vertex -80.1699 133 183
      vertex -83.3742 134.85 183
      vertex -80.5332 132.456 183
    endloop
  endfacet
  facet normal 0 0 1
    outer loop
      vertex -84.0025 136.701 183
      vertex -82.5866 140.119 183
      vertex -83.2059 140.33 183
    endloop
  endfacet
  facet normal 0 0 1
    outer loop
      vertex -79.5428 136.153 183
      vertex -83.2111 135.67 183
      vertex -83.2 135.5 183
    endloop
  endfacet
  facet normal 0 0 1
    outer loop
      vertex -79.6704 136.794 183
      vertex -83.2443 135.836 183
      vertex -83.2111 135.67 183
    endloop
  endfacet
  facet normal 0 0 1
    outer loop
      vertex -79.8806 137.413 183
      vertex -83.299 135.997 183
      vertex -83.2443 135.836 183
    endloop
  endfacet
  facet normal 0 0 1
    outer loop
      vertex -80.1699 138 183
      vertex -83.3742 136.15 183
      vertex -83.299 135.997 183
    endloop
  endfacet
  facet normal 0 0 1
    outer loop
      vertex -80.5332 138.544 183
      vertex -83.4686 136.291 183
      vertex -83.3742 136.15 183
    endloop
  endfacet
  facet normal 0 0 1
    outer loop
      vertex -80.9645 139.036 183
      vertex -83.5808 136.419 183
      vertex -83.4686 136.291 183
    endloop
  endfacet
  facet normal 0 0 1
    outer loop
      vertex -81.4562 139.467 183
      vertex -83.7086 136.531 183
      vertex -83.5808 136.419 183
    endloop
  endfacet
  facet normal 0 0 1
    outer loop
      vertex -84.1635 136.756 183
      vertex -83.2059 140.33 183
      vertex -83.8474 140.457 183
    endloop
  endfacet
  facet normal 0 0 1
    outer loop
      vertex -82 139.83 183
      vertex -83.85 136.626 183
      vertex -83.7086 136.531 183
    endloop
  endfacet
  facet normal 0 0 1
    outer loop
      vertex -82.5866 140.119 183
      vertex -84.0025 136.701 183
      vertex -83.85 136.626 183
    endloop
  endfacet
  facet normal 0 0 1
    outer loop
      vertex -83.2059 140.33 183
      vertex -84.1635 136.756 183
      vertex -84.0025 136.701 183
    endloop
  endfacet
  facet normal 0 0 1
    outer loop
      vertex -83.8474 140.457 183
      vertex -84.3303 136.789 183
      vertex -84.1635 136.756 183
    endloop
  endfacet
  facet normal 0 0 1
    outer loop
      vertex -84.5 140.5 183
      vertex -84.3303 136.789 183
      vertex -83.8474 140.457 183
    endloop
  endfacet
  facet normal 0 0 1
    outer loop
      vertex -84.5 140.5 183
      vertex -84.5 136.8 183
      vertex -84.3303 136.789 183
    endloop
  endfacet
  facet normal 0 0 1
    outer loop
      vertex -84.5 140.5 183
      vertex -84.6697 136.789 183
      vertex -84.5 136.8 183
    endloop
  endfacet
  facet normal -0 0 1
    outer loop
      vertex -85.1526 140.457 183
      vertex -84.6697 136.789 183
      vertex -84.5 140.5 183
    endloop
  endfacet
  facet normal 0 0 1
    outer loop
      vertex -84.6697 136.789 183
      vertex -85.1526 140.457 183
      vertex -84.8365 136.756 183
    endloop
  endfacet
  facet normal -0 0 1
    outer loop
      vertex -85.7941 140.33 183
      vertex -84.8365 136.756 183
      vertex -85.1526 140.457 183
    endloop
  endfacet
  facet normal 0 0 1
    outer loop
      vertex -84.8365 136.756 183
      vertex -85.7941 140.33 183
      vertex -84.9975 136.701 183
    endloop
  endfacet
  facet normal -0 0 1
    outer loop
      vertex -86.4134 140.119 183
      vertex -84.9975 136.701 183
      vertex -85.7941 140.33 183
    endloop
  endfacet
  facet normal 0 0 1
    outer loop
      vertex -84.9975 136.701 183
      vertex -86.4134 140.119 183
      vertex -85.15 136.626 183
    endloop
  endfacet
  facet normal -0 0 1
    outer loop
      vertex -87 139.83 183
      vertex -85.15 136.626 183
      vertex -86.4134 140.119 183
    endloop
  endfacet
  facet normal 0 0 1
    outer loop
      vertex -85.15 136.626 183
      vertex -87 139.83 183
      vertex -85.2914 136.531 183
    endloop
  endfacet
  facet normal -0 0 1
    outer loop
      vertex -87.5438 139.467 183
      vertex -85.2914 136.531 183
      vertex -87 139.83 183
    endloop
  endfacet
  facet normal 0 0 1
    outer loop
      vertex -85.2914 136.531 183
      vertex -87.5438 139.467 183
      vertex -85.4192 136.419 183
    endloop
  endfacet
  facet normal -0 0 1
    outer loop
      vertex -88.0355 139.036 183
      vertex -85.4192 136.419 183
      vertex -87.5438 139.467 183
    endloop
  endfacet
  facet normal 0 0 1
    outer loop
      vertex -85.4192 136.419 183
      vertex -88.0355 139.036 183
      vertex -85.5314 136.291 183
    endloop
  endfacet
  facet normal -0 0 1
    outer loop
      vertex -88.4668 138.544 183
      vertex -85.5314 136.291 183
      vertex -88.0355 139.036 183
    endloop
  endfacet
  facet normal 0 0 1
    outer loop
      vertex -85.5314 136.291 183
      vertex -88.4668 138.544 183
      vertex -85.6258 136.15 183
    endloop
  endfacet
  facet normal -0 0 1
    outer loop
      vertex -83.4686 134.709 183
      vertex -80.5332 132.456 183
      vertex -83.3742 134.85 183
    endloop
  endfacet
  facet normal 0 0 1
    outer loop
      vertex -80.5332 132.456 183
      vertex -83.4686 134.709 183
      vertex -80.9645 131.964 183
    endloop
  endfacet
  facet normal -0 0 1
    outer loop
      vertex -83.5808 134.581 183
      vertex -80.9645 131.964 183
      vertex -83.4686 134.709 183
    endloop
  endfacet
  facet normal 0 0 1
    outer loop
      vertex -80.9645 131.964 183
      vertex -83.5808 134.581 183
      vertex -81.4562 131.533 183
    endloop
  endfacet
  facet normal -0 0 1
    outer loop
      vertex -83.7086 134.469 183
      vertex -81.4562 131.533 183
      vertex -83.5808 134.581 183
    endloop
  endfacet
  facet normal 0 0 1
    outer loop
      vertex -81.4562 131.533 183
      vertex -83.7086 134.469 183
      vertex -82 131.17 183
    endloop
  endfacet
  facet normal -0 0 1
    outer loop
      vertex -83.85 134.374 183
      vertex -82 131.17 183
      vertex -83.7086 134.469 183
    endloop
  endfacet
  facet normal 0 0 1
    outer loop
      vertex -82 131.17 183
      vertex -83.85 134.374 183
      vertex -82.5866 130.881 183
    endloop
  endfacet
  facet normal -0 0 1
    outer loop
      vertex -84.0025 134.299 183
      vertex -82.5866 130.881 183
      vertex -83.85 134.374 183
    endloop
  endfacet
  facet normal 0 0 1
    outer loop
      vertex -82.5866 130.881 183
      vertex -84.0025 134.299 183
      vertex -83.2059 130.67 183
    endloop
  endfacet
  facet normal -0 0 1
    outer loop
      vertex -84.1635 134.244 183
      vertex -83.2059 130.67 183
      vertex -84.0025 134.299 183
    endloop
  endfacet
  facet normal 0 0 1
    outer loop
      vertex -83.2059 130.67 183
      vertex -84.1635 134.244 183
      vertex -83.8474 130.543 183
    endloop
  endfacet
  facet normal -0 0 1
    outer loop
      vertex -84.3303 134.211 183
      vertex -83.8474 130.543 183
      vertex -84.1635 134.244 183
    endloop
  endfacet
  facet normal -0 0 1
    outer loop
      vertex -84.5 134.2 183
      vertex -83.8474 130.543 183
      vertex -84.3303 134.211 183
    endloop
  endfacet
  facet normal 0 0 1
    outer loop
      vertex -84.5 134.2 183
      vertex -84.5 130.5 183
      vertex -83.8474 130.543 183
    endloop
  endfacet
  facet normal 0 0 1
    outer loop
      vertex -84.6697 134.211 183
      vertex -84.5 130.5 183
      vertex -84.5 134.2 183
    endloop
  endfacet
  facet normal 0 0 1
    outer loop
      vertex -85.1526 130.543 183
      vertex -84.6697 134.211 183
      vertex -84.8365 134.244 183
    endloop
  endfacet
  facet normal 0 0 1
    outer loop
      vertex -85.7941 130.67 183
      vertex -84.8365 134.244 183
      vertex -84.9975 134.299 183
    endloop
  endfacet
  facet normal 0 0 1
    outer loop
      vertex -86.4134 130.881 183
      vertex -84.9975 134.299 183
      vertex -85.15 134.374 183
    endloop
  endfacet
  facet normal 0 0 1
    outer loop
      vertex -84.6697 134.211 183
      vertex -85.1526 130.543 183
      vertex -84.5 130.5 183
    endloop
  endfacet
  facet normal 0 0 1
    outer loop
      vertex -87 131.17 183
      vertex -85.15 134.374 183
      vertex -85.2914 134.469 183
    endloop
  endfacet
  facet normal 0 0 1
    outer loop
      vertex -87.5438 131.533 183
      vertex -85.2914 134.469 183
      vertex -85.4192 134.581 183
    endloop
  endfacet
  facet normal 0 0 1
    outer loop
      vertex -88.0355 131.964 183
      vertex -85.4192 134.581 183
      vertex -85.5314 134.709 183
    endloop
  endfacet
  facet normal 0 0 1
    outer loop
      vertex -88.4668 132.456 183
      vertex -85.5314 134.709 183
      vertex -85.6258 134.85 183
    endloop
  endfacet
  facet normal 0 0 1
    outer loop
      vertex -88.8301 133 183
      vertex -85.6258 134.85 183
      vertex -85.701 135.003 183
    endloop
  endfacet
  facet normal 0 0 1
    outer loop
      vertex -89.1194 133.587 183
      vertex -85.701 135.003 183
      vertex -85.7557 135.164 183
    endloop
  endfacet
  facet normal 0 0 1
    outer loop
      vertex -89.3296 134.206 183
      vertex -85.7557 135.164 183
      vertex -85.7889 135.33 183
    endloop
  endfacet
  facet normal 0 0 1
    outer loop
      vertex -84.8365 134.244 183
      vertex -85.7941 130.67 183
      vertex -85.1526 130.543 183
    endloop
  endfacet
  facet normal 0 0 1
    outer loop
      vertex -89.4572 134.847 183
      vertex -85.7889 135.33 183
      vertex -85.8 135.5 183
    endloop
  endfacet
  facet normal -0 0 1
    outer loop
      vertex -88.8301 138 183
      vertex -85.6258 136.15 183
      vertex -88.4668 138.544 183
    endloop
  endfacet
  facet normal 0 0 1
    outer loop
      vertex -84.9975 134.299 183
      vertex -86.4134 130.881 183
      vertex -85.7941 130.67 183
    endloop
  endfacet
  facet normal 0 0 1
    outer loop
      vertex -85.6258 136.15 183
      vertex -88.8301 138 183
      vertex -85.701 135.997 183
    endloop
  endfacet
  facet normal 0 0 1
    outer loop
      vertex -85.15 134.374 183
      vertex -87 131.17 183
      vertex -86.4134 130.881 183
    endloop
  endfacet
  facet normal -0 0 1
    outer loop
      vertex -89.1194 137.413 183
      vertex -85.701 135.997 183
      vertex -88.8301 138 183
    endloop
  endfacet
  facet normal 0 0 1
    outer loop
      vertex -85.2914 134.469 183
      vertex -87.5438 131.533 183
      vertex -87 131.17 183
    endloop
  endfacet
  facet normal 0 0 1
    outer loop
      vertex -85.701 135.997 183
      vertex -89.1194 137.413 183
      vertex -85.7557 135.836 183
    endloop
  endfacet
  facet normal 0 0 1
    outer loop
      vertex -85.4192 134.581 183
      vertex -88.0355 131.964 183
      vertex -87.5438 131.533 183
    endloop
  endfacet
  facet normal -0 0 1
    outer loop
      vertex -89.3296 136.794 183
      vertex -85.7557 135.836 183
      vertex -89.1194 137.413 183
    endloop
  endfacet
  facet normal 0 0 1
    outer loop
      vertex -85.5314 134.709 183
      vertex -88.4668 132.456 183
      vertex -88.0355 131.964 183
    endloop
  endfacet
  facet normal 0 0 1
    outer loop
      vertex -85.7557 135.836 183
      vertex -89.3296 136.794 183
      vertex -85.7889 135.67 183
    endloop
  endfacet
  facet normal 0 0 1
    outer loop
      vertex -85.6258 134.85 183
      vertex -88.8301 133 183
      vertex -88.4668 132.456 183
    endloop
  endfacet
  facet normal -0 0 1
    outer loop
      vertex -89.4572 136.153 183
      vertex -85.7889 135.67 183
      vertex -89.3296 136.794 183
    endloop
  endfacet
  facet normal 0 0 1
    outer loop
      vertex -85.701 135.003 183
      vertex -89.1194 133.587 183
      vertex -88.8301 133 183
    endloop
  endfacet
  facet normal 0 0 1
    outer loop
      vertex -85.7889 135.67 183
      vertex -89.4572 136.153 183
      vertex -85.8 135.5 183
    endloop
  endfacet
  facet normal 0 0 1
    outer loop
      vertex -85.7557 135.164 183
      vertex -89.3296 134.206 183
      vertex -89.1194 133.587 183
    endloop
  endfacet
  facet normal 0 0 1
    outer loop
      vertex -89.5 135.5 183
      vertex -85.8 135.5 183
      vertex -89.4572 136.153 183
    endloop
  endfacet
  facet normal 0 0 1
    outer loop
      vertex -85.7889 135.33 183
      vertex -89.4572 134.847 183
      vertex -89.3296 134.206 183
    endloop
  endfacet
  facet normal 0 0 1
    outer loop
      vertex -85.8 135.5 183
      vertex -89.5 135.5 183
      vertex -89.4572 134.847 183
    endloop
  endfacet
  facet normal -0.322503 -0.946569 0
    outer loop
      vertex -86.4134 130.881 57
      vertex -85.7941 130.67 183
      vertex -86.4134 130.881 183
    endloop
  endfacet
  facet normal -0.322503 -0.946569 -0
    outer loop
      vertex -85.7941 130.67 183
      vertex -86.4134 130.881 57
      vertex -85.7941 130.67 57
    endloop
  endfacet
  facet normal -0.322503 -0.946569 0
    outer loop
      vertex -85.7941 130.67 12
      vertex -86.4134 130.881 54.0866
      vertex -86.4134 130.881 12
    endloop
  endfacet
  facet normal -0.322503 -0.946569 0
    outer loop
      vertex -86.4134 130.881 54.0866
      vertex -85.7941 130.67 12
      vertex -85.7941 130.67 54.7059
    endloop
  endfacet
  facet normal -0.75197 0.659197 0
    outer loop
      vertex -88.4668 138.544 57
      vertex -88.0355 139.036 183
      vertex -88.0355 139.036 57
    endloop
  endfacet
  facet normal -0.75197 0.659197 0
    outer loop
      vertex -88.0355 139.036 183
      vertex -88.4668 138.544 57
      vertex -88.4668 138.544 183
    endloop
  endfacet
  facet normal -0.75197 0.659197 0
    outer loop
      vertex -88.4668 138.544 52.0332
      vertex -88.0355 139.036 12
      vertex -88.4668 138.544 12
    endloop
  endfacet
  facet normal -0.75197 0.659197 0
    outer loop
      vertex -88.0355 139.036 12
      vertex -88.4668 138.544 52.0332
      vertex -88.0355 139.036 52.4645
    endloop
  endfacet
  facet normal 0.194204 -0.980961 0
    outer loop
      vertex 85.1526 130.543 57
      vertex 85.7941 130.67 183
      vertex 85.1526 130.543 183
    endloop
  endfacet
  facet normal 0.194204 -0.980961 0
    outer loop
      vertex 85.7941 130.67 183
      vertex 85.1526 130.543 57
      vertex 85.7941 130.67 57
    endloop
  endfacet
  facet normal 0.194204 -0.980961 0
    outer loop
      vertex 85.1526 130.543 12
      vertex 85.7941 130.67 54.7059
      vertex 85.1526 130.543 55.3474
    endloop
  endfacet
  facet normal 0.194204 -0.980961 0
    outer loop
      vertex 85.7941 130.67 54.7059
      vertex 85.1526 130.543 12
      vertex 85.7941 130.67 12
    endloop
  endfacet
  facet normal 0.980757 0.195233 0
    outer loop
      vertex 89.4572 136.153 183
      vertex 89.3296 136.794 57
      vertex 89.3296 136.794 183
    endloop
  endfacet
  facet normal 0.980757 0.195233 0
    outer loop
      vertex 89.3296 136.794 57
      vertex 89.4572 136.153 183
      vertex 89.4572 136.153 57
    endloop
  endfacet
  facet normal 0.980757 0.195233 0
    outer loop
      vertex 89.4572 136.153 51.0428
      vertex 89.3296 136.794 12
      vertex 89.3296 136.794 51.1704
    endloop
  endfacet
  facet normal 0.980757 0.195233 0
    outer loop
      vertex 89.3296 136.794 12
      vertex 89.4572 136.153 51.0428
      vertex 89.4572 136.153 12
    endloop
  endfacet
  facet normal 0.997859 0.0654033 0
    outer loop
      vertex 89.5 135.5 183
      vertex 89.4572 136.153 57
      vertex 89.4572 136.153 183
    endloop
  endfacet
  facet normal 0.997859 0.0654033 0
    outer loop
      vertex 89.4572 136.153 57
      vertex 89.5 135.5 183
      vertex 89.5 135.5 57
    endloop
  endfacet
  facet normal 0.997859 0.0654033 0
    outer loop
      vertex 89.5 135.5 51
      vertex 89.4572 136.153 12
      vertex 89.4572 136.153 51.0428
    endloop
  endfacet
  facet normal 0.997859 0.0654033 0
    outer loop
      vertex 89.4572 136.153 12
      vertex 89.5 135.5 51
      vertex 89.5 135.5 12
    endloop
  endfacet
  facet normal -0.997859 -0.0654033 0
    outer loop
      vertex 79.5428 134.847 12
      vertex 79.5 135.5 183
      vertex 79.5 135.5 12
    endloop
  endfacet
  facet normal -0.997859 -0.0654033 0
    outer loop
      vertex 79.5 135.5 183
      vertex 79.5428 134.847 12
      vertex 79.5428 134.847 183
    endloop
  endfacet
  facet normal -0.322503 -0.946569 0
    outer loop
      vertex 82.5866 130.881 12
      vertex 83.2059 130.67 183
      vertex 82.5866 130.881 183
    endloop
  endfacet
  facet normal -0.322503 -0.946569 -0
    outer loop
      vertex 83.2059 130.67 183
      vertex 82.5866 130.881 12
      vertex 83.2059 130.67 12
    endloop
  endfacet
  facet normal -0.194204 -0.980961 -1.74398e-06
    outer loop
      vertex 83.2059 130.67 183
      vertex 83.5 130.612 57
      vertex 83.8474 130.543 183
    endloop
  endfacet
  facet normal -0.193485 -0.981103 0
    outer loop
      vertex 83.2059 130.67 12
      vertex 83.5 130.612 57
      vertex 83.2059 130.67 183
    endloop
  endfacet
  facet normal -0.194804 -0.980842 8.95745e-06
    outer loop
      vertex 83.2059 130.67 12
      vertex 83.8474 130.543 56.6526
      vertex 83.5 130.612 57
    endloop
  endfacet
  facet normal -0.194204 -0.980961 -0
    outer loop
      vertex 83.8474 130.543 56.6526
      vertex 83.2059 130.67 12
      vertex 83.8474 130.543 12
    endloop
  endfacet
  facet normal -0.194813 -0.98084 -0
    outer loop
      vertex 83.8474 130.543 183
      vertex 83.5 130.612 57
      vertex 83.8474 130.543 57
    endloop
  endfacet
  facet normal 0.946894 -0.321546 0
    outer loop
      vertex 89.1194 133.587 183
      vertex 89.3296 134.206 57
      vertex 89.3296 134.206 183
    endloop
  endfacet
  facet normal 0.946894 -0.321546 0
    outer loop
      vertex 89.3296 134.206 57
      vertex 89.1194 133.587 183
      vertex 89.1194 133.587 57
    endloop
  endfacet
  facet normal 0.946894 -0.321546 0
    outer loop
      vertex 89.1194 133.587 12
      vertex 89.3296 134.206 51.1704
      vertex 89.1194 133.587 51.3806
    endloop
  endfacet
  facet normal 0.946894 -0.321546 0
    outer loop
      vertex 89.3296 134.206 51.1704
      vertex 89.1194 133.587 12
      vertex 89.3296 134.206 12
    endloop
  endfacet
  facet normal -0.997859 0.0654033 0
    outer loop
      vertex 79.5 135.5 12
      vertex 79.5428 136.153 183
      vertex 79.5428 136.153 12
    endloop
  endfacet
  facet normal -0.997859 0.0654033 0
    outer loop
      vertex 79.5428 136.153 183
      vertex 79.5 135.5 12
      vertex 79.5 135.5 183
    endloop
  endfacet
  facet normal -0.0657477 -0.997836 0
    outer loop
      vertex 83.8474 130.543 57
      vertex 84.5 130.5 183
      vertex 83.8474 130.543 183
    endloop
  endfacet
  facet normal -0.0657477 -0.997836 -0
    outer loop
      vertex 84.5 130.5 183
      vertex 83.8474 130.543 57
      vertex 84.5 130.5 57
    endloop
  endfacet
  facet normal -0.0657477 -0.997836 0
    outer loop
      vertex 83.8474 130.543 12
      vertex 84.5 130.5 56
      vertex 83.8474 130.543 56.6526
    endloop
  endfacet
  facet normal -0.0657477 -0.997836 -0
    outer loop
      vertex 84.5 130.5 56
      vertex 83.8474 130.543 12
      vertex 84.5 130.5 12
    endloop
  endfacet
  facet normal -0.831603 0.55537 0
    outer loop
      vertex 80.1699 138 12
      vertex 80.5332 138.544 183
      vertex 80.5332 138.544 12
    endloop
  endfacet
  facet normal -0.831603 0.55537 0
    outer loop
      vertex 80.5332 138.544 183
      vertex 80.1699 138 12
      vertex 80.1699 138 183
    endloop
  endfacet
  facet normal 0.980757 -0.195233 0
    outer loop
      vertex 89.3296 134.206 183
      vertex 89.4572 134.847 57
      vertex 89.4572 134.847 183
    endloop
  endfacet
  facet normal 0.980757 -0.195233 0
    outer loop
      vertex 89.4572 134.847 57
      vertex 89.3296 134.206 183
      vertex 89.3296 134.206 57
    endloop
  endfacet
  facet normal 0.980757 -0.195233 0
    outer loop
      vertex 89.3296 134.206 12
      vertex 89.4572 134.847 51.0428
      vertex 89.3296 134.206 51.1704
    endloop
  endfacet
  facet normal 0.980757 -0.195233 0
    outer loop
      vertex 89.4572 134.847 51.0428
      vertex 89.3296 134.206 12
      vertex 89.4572 134.847 12
    endloop
  endfacet
  facet normal -0.555194 -0.831721 0
    outer loop
      vertex 81.4562 131.533 12
      vertex 82 131.17 183
      vertex 81.4562 131.533 183
    endloop
  endfacet
  facet normal -0.555194 -0.831721 -0
    outer loop
      vertex 82 131.17 183
      vertex 81.4562 131.533 12
      vertex 82 131.17 12
    endloop
  endfacet
  facet normal 0.659165 -0.751998 0
    outer loop
      vertex 87.5438 131.533 57
      vertex 88.0355 131.964 183
      vertex 87.5438 131.533 183
    endloop
  endfacet
  facet normal 0.659165 -0.751998 0
    outer loop
      vertex 88.0355 131.964 183
      vertex 87.5438 131.533 57
      vertex 88.0355 131.964 57
    endloop
  endfacet
  facet normal 0.659165 -0.751998 0
    outer loop
      vertex 87.5438 131.533 12
      vertex 88.0355 131.964 52.4645
      vertex 87.5438 131.533 52.9562
    endloop
  endfacet
  facet normal 0.659165 -0.751998 0
    outer loop
      vertex 88.0355 131.964 52.4645
      vertex 87.5438 131.533 12
      vertex 88.0355 131.964 12
    endloop
  endfacet
  facet normal -0.980757 -0.195233 0
    outer loop
      vertex 79.6704 134.206 12
      vertex 79.5428 134.847 183
      vertex 79.5428 134.847 12
    endloop
  endfacet
  facet normal -0.980757 -0.195233 0
    outer loop
      vertex 79.5428 134.847 183
      vertex 79.6704 134.206 12
      vertex 79.6704 134.206 183
    endloop
  endfacet
  facet normal -0.194204 0.980961 0
    outer loop
      vertex 83.8474 140.457 57
      vertex 83.2059 140.33 183
      vertex 83.8474 140.457 183
    endloop
  endfacet
  facet normal -0.194813 0.98084 -3.21999e-06
    outer loop
      vertex 83.5 140.388 57
      vertex 83.2059 140.33 183
      vertex 83.8474 140.457 57
    endloop
  endfacet
  facet normal -0.194204 0.980961 0
    outer loop
      vertex 83.2059 140.33 12
      vertex 83.8474 140.457 56.6526
      vertex 83.8474 140.457 12
    endloop
  endfacet
  facet normal -0.193485 0.981103 0
    outer loop
      vertex 83.5 140.388 57
      vertex 83.2059 140.33 12
      vertex 83.2059 140.33 183
    endloop
  endfacet
  facet normal -0.194804 0.980842 8.95745e-06
    outer loop
      vertex 83.8474 140.457 56.6526
      vertex 83.2059 140.33 12
      vertex 83.5 140.388 57
    endloop
  endfacet
  facet normal 0.831603 0.55537 0
    outer loop
      vertex 88.8301 138 183
      vertex 88.4668 138.544 57
      vertex 88.4668 138.544 183
    endloop
  endfacet
  facet normal 0.831603 0.55537 0
    outer loop
      vertex 88.4668 138.544 57
      vertex 88.8301 138 183
      vertex 88.8301 138 57
    endloop
  endfacet
  facet normal 0.831603 0.55537 0
    outer loop
      vertex 88.8301 138 51.6699
      vertex 88.4668 138.544 12
      vertex 88.4668 138.544 52.0332
    endloop
  endfacet
  facet normal 0.831603 0.55537 0
    outer loop
      vertex 88.4668 138.544 12
      vertex 88.8301 138 51.6699
      vertex 88.8301 138 12
    endloop
  endfacet
  facet normal -0.75197 -0.659197 0
    outer loop
      vertex 80.9645 131.964 12
      vertex 80.5332 132.456 183
      vertex 80.5332 132.456 12
    endloop
  endfacet
  facet normal -0.75197 -0.659197 0
    outer loop
      vertex 80.5332 132.456 183
      vertex 80.9645 131.964 12
      vertex 80.9645 131.964 183
    endloop
  endfacet
  facet normal -0.555194 0.831721 0
    outer loop
      vertex 82 139.83 12
      vertex 81.4562 139.467 183
      vertex 82 139.83 183
    endloop
  endfacet
  facet normal -0.555194 0.831721 0
    outer loop
      vertex 81.4562 139.467 183
      vertex 82 139.83 12
      vertex 81.4562 139.467 12
    endloop
  endfacet
  facet normal 0.659165 0.751998 -0
    outer loop
      vertex 88.0355 139.036 57
      vertex 87.5438 139.467 183
      vertex 88.0355 139.036 183
    endloop
  endfacet
  facet normal 0.659165 0.751998 0
    outer loop
      vertex 87.5438 139.467 183
      vertex 88.0355 139.036 57
      vertex 87.5438 139.467 57
    endloop
  endfacet
  facet normal 0.659165 0.751998 0
    outer loop
      vertex 87.5438 139.467 12
      vertex 88.0355 139.036 52.4645
      vertex 88.0355 139.036 12
    endloop
  endfacet
  facet normal 0.659165 0.751998 0
    outer loop
      vertex 88.0355 139.036 52.4645
      vertex 87.5438 139.467 12
      vertex 87.5438 139.467 52.9562
    endloop
  endfacet
  facet normal 0.441945 0.897042 -0
    outer loop
      vertex 87 139.83 57
      vertex 86.4134 140.119 183
      vertex 87 139.83 183
    endloop
  endfacet
  facet normal 0.441945 0.897042 0
    outer loop
      vertex 86.4134 140.119 183
      vertex 87 139.83 57
      vertex 86.4134 140.119 57
    endloop
  endfacet
  facet normal 0.441945 0.897042 0
    outer loop
      vertex 86.4134 140.119 12
      vertex 87 139.83 53.5
      vertex 87 139.83 12
    endloop
  endfacet
  facet normal 0.441945 0.897042 0
    outer loop
      vertex 87 139.83 53.5
      vertex 86.4134 140.119 12
      vertex 86.4134 140.119 54.0866
    endloop
  endfacet
  facet normal 0.89698 -0.442072 0
    outer loop
      vertex 88.8301 133 183
      vertex 89.1194 133.587 57
      vertex 89.1194 133.587 183
    endloop
  endfacet
  facet normal 0.89698 -0.442072 0
    outer loop
      vertex 89.1194 133.587 57
      vertex 88.8301 133 183
      vertex 88.8301 133 57
    endloop
  endfacet
  facet normal 0.89698 -0.442072 0
    outer loop
      vertex 88.8301 133 12
      vertex 89.1194 133.587 51.3806
      vertex 88.8301 133 51.6699
    endloop
  endfacet
  facet normal 0.89698 -0.442072 0
    outer loop
      vertex 89.1194 133.587 51.3806
      vertex 88.8301 133 12
      vertex 89.1194 133.587 12
    endloop
  endfacet
  facet normal 0.997859 -0.0654033 0
    outer loop
      vertex 89.4572 134.847 183
      vertex 89.5 135.5 57
      vertex 89.5 135.5 183
    endloop
  endfacet
  facet normal 0.997859 -0.0654033 0
    outer loop
      vertex 89.5 135.5 57
      vertex 89.4572 134.847 183
      vertex 89.4572 134.847 57
    endloop
  endfacet
  facet normal 0.997859 -0.0654033 0
    outer loop
      vertex 89.4572 134.847 12
      vertex 89.5 135.5 51
      vertex 89.4572 134.847 51.0428
    endloop
  endfacet
  facet normal 0.997859 -0.0654033 0
    outer loop
      vertex 89.5 135.5 51
      vertex 89.4572 134.847 12
      vertex 89.5 135.5 12
    endloop
  endfacet
  facet normal -0.75197 0.659197 0
    outer loop
      vertex 80.5332 138.544 12
      vertex 80.9645 139.036 183
      vertex 80.9645 139.036 12
    endloop
  endfacet
  facet normal -0.75197 0.659197 0
    outer loop
      vertex 80.9645 139.036 183
      vertex 80.5332 138.544 12
      vertex 80.5332 138.544 183
    endloop
  endfacet
  facet normal 0.555194 0.831721 -0
    outer loop
      vertex 87.5438 139.467 57
      vertex 87 139.83 183
      vertex 87.5438 139.467 183
    endloop
  endfacet
  facet normal 0.555194 0.831721 0
    outer loop
      vertex 87 139.83 183
      vertex 87.5438 139.467 57
      vertex 87 139.83 57
    endloop
  endfacet
  facet normal 0.555194 0.831721 0
    outer loop
      vertex 87 139.83 12
      vertex 87.5438 139.467 52.9562
      vertex 87.5438 139.467 12
    endloop
  endfacet
  facet normal 0.555194 0.831721 0
    outer loop
      vertex 87.5438 139.467 52.9562
      vertex 87 139.83 12
      vertex 87 139.83 53.5
    endloop
  endfacet
  facet normal -0.946894 0.321546 0
    outer loop
      vertex 79.6704 136.794 12
      vertex 79.8806 137.413 183
      vertex 79.8806 137.413 12
    endloop
  endfacet
  facet normal -0.946894 0.321546 0
    outer loop
      vertex 79.8806 137.413 183
      vertex 79.6704 136.794 12
      vertex 79.6704 136.794 183
    endloop
  endfacet
  facet normal -0.831603 -0.55537 0
    outer loop
      vertex 80.5332 132.456 12
      vertex 80.1699 133 183
      vertex 80.1699 133 12
    endloop
  endfacet
  facet normal -0.831603 -0.55537 0
    outer loop
      vertex 80.1699 133 183
      vertex 80.5332 132.456 12
      vertex 80.5332 132.456 183
    endloop
  endfacet
  facet normal 0.0657477 0.997836 -0
    outer loop
      vertex 85.1526 140.457 57
      vertex 84.5 140.5 183
      vertex 85.1526 140.457 183
    endloop
  endfacet
  facet normal 0.0657477 0.997836 0
    outer loop
      vertex 84.5 140.5 183
      vertex 85.1526 140.457 57
      vertex 84.5 140.5 57
    endloop
  endfacet
  facet normal 0.0657477 0.997836 0
    outer loop
      vertex 84.5 140.5 12
      vertex 85.1526 140.457 55.3474
      vertex 85.1526 140.457 12
    endloop
  endfacet
  facet normal 0.0657477 0.997836 0
    outer loop
      vertex 85.1526 140.457 55.3474
      vertex 84.5 140.5 12
      vertex 84.5 140.5 56
    endloop
  endfacet
  facet normal 0.322503 -0.946569 0
    outer loop
      vertex 85.7941 130.67 57
      vertex 86.4134 130.881 183
      vertex 85.7941 130.67 183
    endloop
  endfacet
  facet normal 0.322503 -0.946569 0
    outer loop
      vertex 86.4134 130.881 183
      vertex 85.7941 130.67 57
      vertex 86.4134 130.881 57
    endloop
  endfacet
  facet normal 0.322503 -0.946569 0
    outer loop
      vertex 85.7941 130.67 12
      vertex 86.4134 130.881 54.0866
      vertex 85.7941 130.67 54.7059
    endloop
  endfacet
  facet normal 0.322503 -0.946569 0
    outer loop
      vertex 86.4134 130.881 54.0866
      vertex 85.7941 130.67 12
      vertex 86.4134 130.881 12
    endloop
  endfacet
  facet normal -0.89698 -0.442072 0
    outer loop
      vertex 80.1699 133 12
      vertex 79.8806 133.587 183
      vertex 79.8806 133.587 12
    endloop
  endfacet
  facet normal -0.89698 -0.442072 0
    outer loop
      vertex 79.8806 133.587 183
      vertex 80.1699 133 12
      vertex 80.1699 133 183
    endloop
  endfacet
  facet normal 0.555194 -0.831721 0
    outer loop
      vertex 87 131.17 57
      vertex 87.5438 131.533 183
      vertex 87 131.17 183
    endloop
  endfacet
  facet normal 0.555194 -0.831721 0
    outer loop
      vertex 87.5438 131.533 183
      vertex 87 131.17 57
      vertex 87.5438 131.533 57
    endloop
  endfacet
  facet normal 0.555194 -0.831721 0
    outer loop
      vertex 87 131.17 12
      vertex 87.5438 131.533 52.9562
      vertex 87 131.17 53.5
    endloop
  endfacet
  facet normal 0.555194 -0.831721 0
    outer loop
      vertex 87.5438 131.533 52.9562
      vertex 87 131.17 12
      vertex 87.5438 131.533 12
    endloop
  endfacet
  facet normal -0.441945 0.897042 0
    outer loop
      vertex 82.5866 140.119 12
      vertex 82 139.83 183
      vertex 82.5866 140.119 183
    endloop
  endfacet
  facet normal -0.441945 0.897042 0
    outer loop
      vertex 82 139.83 183
      vertex 82.5866 140.119 12
      vertex 82 139.83 12
    endloop
  endfacet
  facet normal -0.0657477 0.997836 0
    outer loop
      vertex 84.5 140.5 57
      vertex 83.8474 140.457 183
      vertex 84.5 140.5 183
    endloop
  endfacet
  facet normal -0.0657477 0.997836 0
    outer loop
      vertex 83.8474 140.457 183
      vertex 84.5 140.5 57
      vertex 83.8474 140.457 57
    endloop
  endfacet
  facet normal -0.0657477 0.997836 0
    outer loop
      vertex 83.8474 140.457 12
      vertex 84.5 140.5 56
      vertex 84.5 140.5 12
    endloop
  endfacet
  facet normal -0.0657477 0.997836 0
    outer loop
      vertex 84.5 140.5 56
      vertex 83.8474 140.457 12
      vertex 83.8474 140.457 56.6526
    endloop
  endfacet
  facet normal 0.194204 0.980961 -0
    outer loop
      vertex 85.7941 140.33 57
      vertex 85.1526 140.457 183
      vertex 85.7941 140.33 183
    endloop
  endfacet
  facet normal 0.194204 0.980961 0
    outer loop
      vertex 85.1526 140.457 183
      vertex 85.7941 140.33 57
      vertex 85.1526 140.457 57
    endloop
  endfacet
  facet normal 0.194204 0.980961 0
    outer loop
      vertex 85.1526 140.457 12
      vertex 85.7941 140.33 54.7059
      vertex 85.7941 140.33 12
    endloop
  endfacet
  facet normal 0.194204 0.980961 0
    outer loop
      vertex 85.7941 140.33 54.7059
      vertex 85.1526 140.457 12
      vertex 85.1526 140.457 55.3474
    endloop
  endfacet
  facet normal -0.659165 -0.751998 0
    outer loop
      vertex 80.9645 131.964 12
      vertex 81.4562 131.533 183
      vertex 80.9645 131.964 183
    endloop
  endfacet
  facet normal -0.659165 -0.751998 -0
    outer loop
      vertex 81.4562 131.533 183
      vertex 80.9645 131.964 12
      vertex 81.4562 131.533 12
    endloop
  endfacet
  facet normal 0.75197 -0.659197 0
    outer loop
      vertex 88.0355 131.964 183
      vertex 88.4668 132.456 57
      vertex 88.4668 132.456 183
    endloop
  endfacet
  facet normal 0.75197 -0.659197 0
    outer loop
      vertex 88.4668 132.456 57
      vertex 88.0355 131.964 183
      vertex 88.0355 131.964 57
    endloop
  endfacet
  facet normal 0.75197 -0.659197 0
    outer loop
      vertex 88.0355 131.964 12
      vertex 88.4668 132.456 52.0332
      vertex 88.0355 131.964 52.4645
    endloop
  endfacet
  facet normal 0.75197 -0.659197 0
    outer loop
      vertex 88.4668 132.456 52.0332
      vertex 88.0355 131.964 12
      vertex 88.4668 132.456 12
    endloop
  endfacet
  facet normal 0.322503 0.946569 -0
    outer loop
      vertex 86.4134 140.119 57
      vertex 85.7941 140.33 183
      vertex 86.4134 140.119 183
    endloop
  endfacet
  facet normal 0.322503 0.946569 0
    outer loop
      vertex 85.7941 140.33 183
      vertex 86.4134 140.119 57
      vertex 85.7941 140.33 57
    endloop
  endfacet
  facet normal 0.322503 0.946569 0
    outer loop
      vertex 85.7941 140.33 12
      vertex 86.4134 140.119 54.0866
      vertex 86.4134 140.119 12
    endloop
  endfacet
  facet normal 0.322503 0.946569 0
    outer loop
      vertex 86.4134 140.119 54.0866
      vertex 85.7941 140.33 12
      vertex 85.7941 140.33 54.7059
    endloop
  endfacet
  facet normal -0.946894 -0.321546 0
    outer loop
      vertex 79.8806 133.587 12
      vertex 79.6704 134.206 183
      vertex 79.6704 134.206 12
    endloop
  endfacet
  facet normal -0.946894 -0.321546 0
    outer loop
      vertex 79.6704 134.206 183
      vertex 79.8806 133.587 12
      vertex 79.8806 133.587 183
    endloop
  endfacet
  facet normal 0.831603 -0.55537 0
    outer loop
      vertex 88.4668 132.456 183
      vertex 88.8301 133 57
      vertex 88.8301 133 183
    endloop
  endfacet
  facet normal 0.831603 -0.55537 0
    outer loop
      vertex 88.8301 133 57
      vertex 88.4668 132.456 183
      vertex 88.4668 132.456 57
    endloop
  endfacet
  facet normal 0.831603 -0.55537 0
    outer loop
      vertex 88.4668 132.456 12
      vertex 88.8301 133 51.6699
      vertex 88.4668 132.456 52.0332
    endloop
  endfacet
  facet normal 0.831603 -0.55537 0
    outer loop
      vertex 88.8301 133 51.6699
      vertex 88.4668 132.456 12
      vertex 88.8301 133 12
    endloop
  endfacet
  facet normal -0.980757 0.195233 0
    outer loop
      vertex 79.5428 136.153 12
      vertex 79.6704 136.794 183
      vertex 79.6704 136.794 12
    endloop
  endfacet
  facet normal -0.980757 0.195233 0
    outer loop
      vertex 79.6704 136.794 183
      vertex 79.5428 136.153 12
      vertex 79.5428 136.153 183
    endloop
  endfacet
  facet normal 0.89698 0.442072 0
    outer loop
      vertex 89.1194 137.413 183
      vertex 88.8301 138 57
      vertex 88.8301 138 183
    endloop
  endfacet
  facet normal 0.89698 0.442072 0
    outer loop
      vertex 88.8301 138 57
      vertex 89.1194 137.413 183
      vertex 89.1194 137.413 57
    endloop
  endfacet
  facet normal 0.89698 0.442072 0
    outer loop
      vertex 89.1194 137.413 51.3806
      vertex 88.8301 138 12
      vertex 88.8301 138 51.6699
    endloop
  endfacet
  facet normal 0.89698 0.442072 0
    outer loop
      vertex 88.8301 138 12
      vertex 89.1194 137.413 51.3806
      vertex 89.1194 137.413 12
    endloop
  endfacet
  facet normal 0.0657477 -0.997836 0
    outer loop
      vertex 84.5 130.5 57
      vertex 85.1526 130.543 183
      vertex 84.5 130.5 183
    endloop
  endfacet
  facet normal 0.0657477 -0.997836 0
    outer loop
      vertex 85.1526 130.543 183
      vertex 84.5 130.5 57
      vertex 85.1526 130.543 57
    endloop
  endfacet
  facet normal 0.0657477 -0.997836 0
    outer loop
      vertex 84.5 130.5 12
      vertex 85.1526 130.543 55.3474
      vertex 84.5 130.5 56
    endloop
  endfacet
  facet normal 0.0657477 -0.997836 0
    outer loop
      vertex 85.1526 130.543 55.3474
      vertex 84.5 130.5 12
      vertex 85.1526 130.543 12
    endloop
  endfacet
  facet normal 0.75197 0.659197 0
    outer loop
      vertex 88.4668 138.544 183
      vertex 88.0355 139.036 57
      vertex 88.0355 139.036 183
    endloop
  endfacet
  facet normal 0.75197 0.659197 0
    outer loop
      vertex 88.0355 139.036 57
      vertex 88.4668 138.544 183
      vertex 88.4668 138.544 57
    endloop
  endfacet
  facet normal 0.75197 0.659197 0
    outer loop
      vertex 88.4668 138.544 52.0332
      vertex 88.0355 139.036 12
      vertex 88.0355 139.036 52.4645
    endloop
  endfacet
  facet normal 0.75197 0.659197 0
    outer loop
      vertex 88.0355 139.036 12
      vertex 88.4668 138.544 52.0332
      vertex 88.4668 138.544 12
    endloop
  endfacet
  facet normal 0.946894 0.321546 0
    outer loop
      vertex 89.3296 136.794 183
      vertex 89.1194 137.413 57
      vertex 89.1194 137.413 183
    endloop
  endfacet
  facet normal 0.946894 0.321546 0
    outer loop
      vertex 89.1194 137.413 57
      vertex 89.3296 136.794 183
      vertex 89.3296 136.794 57
    endloop
  endfacet
  facet normal 0.946894 0.321546 0
    outer loop
      vertex 89.3296 136.794 51.1704
      vertex 89.1194 137.413 12
      vertex 89.1194 137.413 51.3806
    endloop
  endfacet
  facet normal 0.946894 0.321546 0
    outer loop
      vertex 89.1194 137.413 12
      vertex 89.3296 136.794 51.1704
      vertex 89.3296 136.794 12
    endloop
  endfacet
  facet normal -0.441945 -0.897042 0
    outer loop
      vertex 82 131.17 12
      vertex 82.5866 130.881 183
      vertex 82 131.17 183
    endloop
  endfacet
  facet normal -0.441945 -0.897042 -0
    outer loop
      vertex 82.5866 130.881 183
      vertex 82 131.17 12
      vertex 82.5866 130.881 12
    endloop
  endfacet
  facet normal -0.89698 0.442072 0
    outer loop
      vertex 79.8806 137.413 12
      vertex 80.1699 138 183
      vertex 80.1699 138 12
    endloop
  endfacet
  facet normal -0.89698 0.442072 0
    outer loop
      vertex 80.1699 138 183
      vertex 79.8806 137.413 12
      vertex 79.8806 137.413 183
    endloop
  endfacet
  facet normal -0.322503 0.946569 0
    outer loop
      vertex 83.2059 140.33 12
      vertex 82.5866 140.119 183
      vertex 83.2059 140.33 183
    endloop
  endfacet
  facet normal -0.322503 0.946569 0
    outer loop
      vertex 82.5866 140.119 183
      vertex 83.2059 140.33 12
      vertex 82.5866 140.119 12
    endloop
  endfacet
  facet normal 0.441945 -0.897042 0
    outer loop
      vertex 86.4134 130.881 57
      vertex 87 131.17 183
      vertex 86.4134 130.881 183
    endloop
  endfacet
  facet normal 0.441945 -0.897042 0
    outer loop
      vertex 87 131.17 183
      vertex 86.4134 130.881 57
      vertex 87 131.17 57
    endloop
  endfacet
  facet normal 0.441945 -0.897042 0
    outer loop
      vertex 86.4134 130.881 12
      vertex 87 131.17 53.5
      vertex 86.4134 130.881 54.0866
    endloop
  endfacet
  facet normal 0.441945 -0.897042 0
    outer loop
      vertex 87 131.17 53.5
      vertex 86.4134 130.881 12
      vertex 87 131.17 12
    endloop
  endfacet
  facet normal -0.659165 0.751998 0
    outer loop
      vertex 81.4562 139.467 12
      vertex 80.9645 139.036 183
      vertex 81.4562 139.467 183
    endloop
  endfacet
  facet normal -0.659165 0.751998 0
    outer loop
      vertex 80.9645 139.036 183
      vertex 81.4562 139.467 12
      vertex 80.9645 139.036 12
    endloop
  endfacet
  facet normal 0 0 1
    outer loop
      vertex 85.8 135.5 183
      vertex 89.5 135.5 183
      vertex 89.4572 136.153 183
    endloop
  endfacet
  facet normal 0 0 1
    outer loop
      vertex 85.7889 135.67 183
      vertex 89.4572 136.153 183
      vertex 89.3296 136.794 183
    endloop
  endfacet
  facet normal 0 0 1
    outer loop
      vertex 89.5 135.5 183
      vertex 85.8 135.5 183
      vertex 89.4572 134.847 183
    endloop
  endfacet
  facet normal 0 0 1
    outer loop
      vertex 85.7557 135.836 183
      vertex 89.3296 136.794 183
      vertex 89.1194 137.413 183
    endloop
  endfacet
  facet normal -0 0 1
    outer loop
      vertex 85.7889 135.33 183
      vertex 89.4572 134.847 183
      vertex 85.8 135.5 183
    endloop
  endfacet
  facet normal 0 0 1
    outer loop
      vertex 85.701 135.997 183
      vertex 89.1194 137.413 183
      vertex 88.8301 138 183
    endloop
  endfacet
  facet normal 0 0 1
    outer loop
      vertex 89.4572 134.847 183
      vertex 85.7889 135.33 183
      vertex 89.3296 134.206 183
    endloop
  endfacet
  facet normal 0 0 1
    outer loop
      vertex 85.6258 136.15 183
      vertex 88.8301 138 183
      vertex 88.4668 138.544 183
    endloop
  endfacet
  facet normal -0 0 1
    outer loop
      vertex 85.7557 135.164 183
      vertex 89.3296 134.206 183
      vertex 85.7889 135.33 183
    endloop
  endfacet
  facet normal 0 0 1
    outer loop
      vertex 85.5314 136.291 183
      vertex 88.4668 138.544 183
      vertex 88.0355 139.036 183
    endloop
  endfacet
  facet normal 0 0 1
    outer loop
      vertex 89.3296 134.206 183
      vertex 85.7557 135.164 183
      vertex 89.1194 133.587 183
    endloop
  endfacet
  facet normal 0 0 1
    outer loop
      vertex 85.4192 136.419 183
      vertex 88.0355 139.036 183
      vertex 87.5438 139.467 183
    endloop
  endfacet
  facet normal -0 0 1
    outer loop
      vertex 85.701 135.003 183
      vertex 89.1194 133.587 183
      vertex 85.7557 135.164 183
    endloop
  endfacet
  facet normal 0 0 1
    outer loop
      vertex 85.2914 136.531 183
      vertex 87.5438 139.467 183
      vertex 87 139.83 183
    endloop
  endfacet
  facet normal 0 0 1
    outer loop
      vertex 89.1194 133.587 183
      vertex 85.701 135.003 183
      vertex 88.8301 133 183
    endloop
  endfacet
  facet normal 0 0 1
    outer loop
      vertex 85.15 136.626 183
      vertex 87 139.83 183
      vertex 86.4134 140.119 183
    endloop
  endfacet
  facet normal -0 0 1
    outer loop
      vertex 85.6258 134.85 183
      vertex 88.8301 133 183
      vertex 85.701 135.003 183
    endloop
  endfacet
  facet normal 0 0 1
    outer loop
      vertex 88.8301 133 183
      vertex 85.6258 134.85 183
      vertex 88.4668 132.456 183
    endloop
  endfacet
  facet normal 0 0 1
    outer loop
      vertex 84.9975 136.701 183
      vertex 86.4134 140.119 183
      vertex 85.7941 140.33 183
    endloop
  endfacet
  facet normal 0 0 1
    outer loop
      vertex 89.4572 136.153 183
      vertex 85.7889 135.67 183
      vertex 85.8 135.5 183
    endloop
  endfacet
  facet normal 0 0 1
    outer loop
      vertex 89.3296 136.794 183
      vertex 85.7557 135.836 183
      vertex 85.7889 135.67 183
    endloop
  endfacet
  facet normal 0 0 1
    outer loop
      vertex 89.1194 137.413 183
      vertex 85.701 135.997 183
      vertex 85.7557 135.836 183
    endloop
  endfacet
  facet normal 0 0 1
    outer loop
      vertex 88.8301 138 183
      vertex 85.6258 136.15 183
      vertex 85.701 135.997 183
    endloop
  endfacet
  facet normal 0 0 1
    outer loop
      vertex 88.4668 138.544 183
      vertex 85.5314 136.291 183
      vertex 85.6258 136.15 183
    endloop
  endfacet
  facet normal 0 0 1
    outer loop
      vertex 88.0355 139.036 183
      vertex 85.4192 136.419 183
      vertex 85.5314 136.291 183
    endloop
  endfacet
  facet normal 0 0 1
    outer loop
      vertex 87.5438 139.467 183
      vertex 85.2914 136.531 183
      vertex 85.4192 136.419 183
    endloop
  endfacet
  facet normal 0 0 1
    outer loop
      vertex 84.8365 136.756 183
      vertex 85.7941 140.33 183
      vertex 85.1526 140.457 183
    endloop
  endfacet
  facet normal 0 0 1
    outer loop
      vertex 87 139.83 183
      vertex 85.15 136.626 183
      vertex 85.2914 136.531 183
    endloop
  endfacet
  facet normal 0 0 1
    outer loop
      vertex 86.4134 140.119 183
      vertex 84.9975 136.701 183
      vertex 85.15 136.626 183
    endloop
  endfacet
  facet normal 0 0 1
    outer loop
      vertex 85.7941 140.33 183
      vertex 84.8365 136.756 183
      vertex 84.9975 136.701 183
    endloop
  endfacet
  facet normal 0 0 1
    outer loop
      vertex 85.1526 140.457 183
      vertex 84.6697 136.789 183
      vertex 84.8365 136.756 183
    endloop
  endfacet
  facet normal 0 0 1
    outer loop
      vertex 84.5 140.5 183
      vertex 84.6697 136.789 183
      vertex 85.1526 140.457 183
    endloop
  endfacet
  facet normal 0 0 1
    outer loop
      vertex 84.5 140.5 183
      vertex 84.5 136.8 183
      vertex 84.6697 136.789 183
    endloop
  endfacet
  facet normal 0 0 1
    outer loop
      vertex 84.5 140.5 183
      vertex 84.3303 136.789 183
      vertex 84.5 136.8 183
    endloop
  endfacet
  facet normal -0 0 1
    outer loop
      vertex 83.8474 140.457 183
      vertex 84.3303 136.789 183
      vertex 84.5 140.5 183
    endloop
  endfacet
  facet normal 0 0 1
    outer loop
      vertex 84.3303 136.789 183
      vertex 83.8474 140.457 183
      vertex 84.1635 136.756 183
    endloop
  endfacet
  facet normal -0 0 1
    outer loop
      vertex 83.2059 140.33 183
      vertex 84.1635 136.756 183
      vertex 83.8474 140.457 183
    endloop
  endfacet
  facet normal 0 0 1
    outer loop
      vertex 84.1635 136.756 183
      vertex 83.2059 140.33 183
      vertex 84.0025 136.701 183
    endloop
  endfacet
  facet normal -0 0 1
    outer loop
      vertex 82.5866 140.119 183
      vertex 84.0025 136.701 183
      vertex 83.2059 140.33 183
    endloop
  endfacet
  facet normal 0 0 1
    outer loop
      vertex 84.0025 136.701 183
      vertex 82.5866 140.119 183
      vertex 83.85 136.626 183
    endloop
  endfacet
  facet normal -0 0 1
    outer loop
      vertex 82 139.83 183
      vertex 83.85 136.626 183
      vertex 82.5866 140.119 183
    endloop
  endfacet
  facet normal 0 0 1
    outer loop
      vertex 83.85 136.626 183
      vertex 82 139.83 183
      vertex 83.7086 136.531 183
    endloop
  endfacet
  facet normal -0 0 1
    outer loop
      vertex 81.4562 139.467 183
      vertex 83.7086 136.531 183
      vertex 82 139.83 183
    endloop
  endfacet
  facet normal 0 0 1
    outer loop
      vertex 83.7086 136.531 183
      vertex 81.4562 139.467 183
      vertex 83.5808 136.419 183
    endloop
  endfacet
  facet normal -0 0 1
    outer loop
      vertex 80.9645 139.036 183
      vertex 83.5808 136.419 183
      vertex 81.4562 139.467 183
    endloop
  endfacet
  facet normal 0 0 1
    outer loop
      vertex 83.5808 136.419 183
      vertex 80.9645 139.036 183
      vertex 83.4686 136.291 183
    endloop
  endfacet
  facet normal -0 0 1
    outer loop
      vertex 80.5332 138.544 183
      vertex 83.4686 136.291 183
      vertex 80.9645 139.036 183
    endloop
  endfacet
  facet normal 0 0 1
    outer loop
      vertex 83.4686 136.291 183
      vertex 80.5332 138.544 183
      vertex 83.3742 136.15 183
    endloop
  endfacet
  facet normal -0 0 1
    outer loop
      vertex 85.5314 134.709 183
      vertex 88.4668 132.456 183
      vertex 85.6258 134.85 183
    endloop
  endfacet
  facet normal 0 0 1
    outer loop
      vertex 88.4668 132.456 183
      vertex 85.5314 134.709 183
      vertex 88.0355 131.964 183
    endloop
  endfacet
  facet normal -0 0 1
    outer loop
      vertex 85.4192 134.581 183
      vertex 88.0355 131.964 183
      vertex 85.5314 134.709 183
    endloop
  endfacet
  facet normal 0 0 1
    outer loop
      vertex 88.0355 131.964 183
      vertex 85.4192 134.581 183
      vertex 87.5438 131.533 183
    endloop
  endfacet
  facet normal -0 0 1
    outer loop
      vertex 85.2914 134.469 183
      vertex 87.5438 131.533 183
      vertex 85.4192 134.581 183
    endloop
  endfacet
  facet normal 0 0 1
    outer loop
      vertex 87.5438 131.533 183
      vertex 85.2914 134.469 183
      vertex 87 131.17 183
    endloop
  endfacet
  facet normal -0 0 1
    outer loop
      vertex 85.15 134.374 183
      vertex 87 131.17 183
      vertex 85.2914 134.469 183
    endloop
  endfacet
  facet normal 0 0 1
    outer loop
      vertex 87 131.17 183
      vertex 85.15 134.374 183
      vertex 86.4134 130.881 183
    endloop
  endfacet
  facet normal -0 0 1
    outer loop
      vertex 84.9975 134.299 183
      vertex 86.4134 130.881 183
      vertex 85.15 134.374 183
    endloop
  endfacet
  facet normal 0 0 1
    outer loop
      vertex 86.4134 130.881 183
      vertex 84.9975 134.299 183
      vertex 85.7941 130.67 183
    endloop
  endfacet
  facet normal -0 0 1
    outer loop
      vertex 84.8365 134.244 183
      vertex 85.7941 130.67 183
      vertex 84.9975 134.299 183
    endloop
  endfacet
  facet normal 0 0 1
    outer loop
      vertex 85.7941 130.67 183
      vertex 84.8365 134.244 183
      vertex 85.1526 130.543 183
    endloop
  endfacet
  facet normal -0 0 1
    outer loop
      vertex 84.6697 134.211 183
      vertex 85.1526 130.543 183
      vertex 84.8365 134.244 183
    endloop
  endfacet
  facet normal -0 0 1
    outer loop
      vertex 84.5 134.2 183
      vertex 85.1526 130.543 183
      vertex 84.6697 134.211 183
    endloop
  endfacet
  facet normal 0 0 1
    outer loop
      vertex 84.5 134.2 183
      vertex 84.5 130.5 183
      vertex 85.1526 130.543 183
    endloop
  endfacet
  facet normal 0 0 1
    outer loop
      vertex 84.3303 134.211 183
      vertex 84.5 130.5 183
      vertex 84.5 134.2 183
    endloop
  endfacet
  facet normal 0 0 1
    outer loop
      vertex 83.8474 130.543 183
      vertex 84.3303 134.211 183
      vertex 84.1635 134.244 183
    endloop
  endfacet
  facet normal 0 0 1
    outer loop
      vertex 83.2059 130.67 183
      vertex 84.1635 134.244 183
      vertex 84.0025 134.299 183
    endloop
  endfacet
  facet normal 0 0 1
    outer loop
      vertex 82.5866 130.881 183
      vertex 84.0025 134.299 183
      vertex 83.85 134.374 183
    endloop
  endfacet
  facet normal 0 0 1
    outer loop
      vertex 84.3303 134.211 183
      vertex 83.8474 130.543 183
      vertex 84.5 130.5 183
    endloop
  endfacet
  facet normal 0 0 1
    outer loop
      vertex 82 131.17 183
      vertex 83.85 134.374 183
      vertex 83.7086 134.469 183
    endloop
  endfacet
  facet normal 0 0 1
    outer loop
      vertex 81.4562 131.533 183
      vertex 83.7086 134.469 183
      vertex 83.5808 134.581 183
    endloop
  endfacet
  facet normal 0 0 1
    outer loop
      vertex 80.9645 131.964 183
      vertex 83.5808 134.581 183
      vertex 83.4686 134.709 183
    endloop
  endfacet
  facet normal 0 0 1
    outer loop
      vertex 80.5332 132.456 183
      vertex 83.4686 134.709 183
      vertex 83.3742 134.85 183
    endloop
  endfacet
  facet normal 0 0 1
    outer loop
      vertex 80.1699 133 183
      vertex 83.3742 134.85 183
      vertex 83.299 135.003 183
    endloop
  endfacet
  facet normal 0 0 1
    outer loop
      vertex 79.8806 133.587 183
      vertex 83.299 135.003 183
      vertex 83.2443 135.164 183
    endloop
  endfacet
  facet normal 0 0 1
    outer loop
      vertex 79.6704 134.206 183
      vertex 83.2443 135.164 183
      vertex 83.2111 135.33 183
    endloop
  endfacet
  facet normal 0 0 1
    outer loop
      vertex 84.1635 134.244 183
      vertex 83.2059 130.67 183
      vertex 83.8474 130.543 183
    endloop
  endfacet
  facet normal 0 0 1
    outer loop
      vertex 79.5428 134.847 183
      vertex 83.2111 135.33 183
      vertex 83.2 135.5 183
    endloop
  endfacet
  facet normal -0 0 1
    outer loop
      vertex 80.1699 138 183
      vertex 83.3742 136.15 183
      vertex 80.5332 138.544 183
    endloop
  endfacet
  facet normal 0 0 1
    outer loop
      vertex 84.0025 134.299 183
      vertex 82.5866 130.881 183
      vertex 83.2059 130.67 183
    endloop
  endfacet
  facet normal 0 0 1
    outer loop
      vertex 83.3742 136.15 183
      vertex 80.1699 138 183
      vertex 83.299 135.997 183
    endloop
  endfacet
  facet normal 0 0 1
    outer loop
      vertex 83.85 134.374 183
      vertex 82 131.17 183
      vertex 82.5866 130.881 183
    endloop
  endfacet
  facet normal -0 0 1
    outer loop
      vertex 79.8806 137.413 183
      vertex 83.299 135.997 183
      vertex 80.1699 138 183
    endloop
  endfacet
  facet normal 0 0 1
    outer loop
      vertex 83.7086 134.469 183
      vertex 81.4562 131.533 183
      vertex 82 131.17 183
    endloop
  endfacet
  facet normal 0 0 1
    outer loop
      vertex 83.299 135.997 183
      vertex 79.8806 137.413 183
      vertex 83.2443 135.836 183
    endloop
  endfacet
  facet normal 0 0 1
    outer loop
      vertex 83.5808 134.581 183
      vertex 80.9645 131.964 183
      vertex 81.4562 131.533 183
    endloop
  endfacet
  facet normal -0 0 1
    outer loop
      vertex 79.6704 136.794 183
      vertex 83.2443 135.836 183
      vertex 79.8806 137.413 183
    endloop
  endfacet
  facet normal 0 0 1
    outer loop
      vertex 83.4686 134.709 183
      vertex 80.5332 132.456 183
      vertex 80.9645 131.964 183
    endloop
  endfacet
  facet normal 0 0 1
    outer loop
      vertex 83.2443 135.836 183
      vertex 79.6704 136.794 183
      vertex 83.2111 135.67 183
    endloop
  endfacet
  facet normal 0 0 1
    outer loop
      vertex 83.3742 134.85 183
      vertex 80.1699 133 183
      vertex 80.5332 132.456 183
    endloop
  endfacet
  facet normal -0 0 1
    outer loop
      vertex 79.5428 136.153 183
      vertex 83.2111 135.67 183
      vertex 79.6704 136.794 183
    endloop
  endfacet
  facet normal 0 0 1
    outer loop
      vertex 83.299 135.003 183
      vertex 79.8806 133.587 183
      vertex 80.1699 133 183
    endloop
  endfacet
  facet normal 0 0 1
    outer loop
      vertex 83.2111 135.67 183
      vertex 79.5428 136.153 183
      vertex 83.2 135.5 183
    endloop
  endfacet
  facet normal 0 0 1
    outer loop
      vertex 83.2443 135.164 183
      vertex 79.6704 134.206 183
      vertex 79.8806 133.587 183
    endloop
  endfacet
  facet normal 0 0 1
    outer loop
      vertex 79.5 135.5 183
      vertex 83.2 135.5 183
      vertex 79.5428 136.153 183
    endloop
  endfacet
  facet normal 0 0 1
    outer loop
      vertex 83.2111 135.33 183
      vertex 79.5428 134.847 183
      vertex 79.6704 134.206 183
    endloop
  endfacet
  facet normal 0 0 1
    outer loop
      vertex 83.2 135.5 183
      vertex 79.5 135.5 183
      vertex 79.5428 134.847 183
    endloop
  endfacet
  facet normal 0.980815 0.19494 0
    outer loop
      vertex -36.0257 81.8916 18
      vertex -36.1022 82.2765 12
      vertex -36.1022 82.2765 18
    endloop
  endfacet
  facet normal 0.980815 0.19494 0
    outer loop
      vertex -36.1022 82.2765 12
      vertex -36.0257 81.8916 18
      vertex -36.0257 81.8916 12
    endloop
  endfacet
  facet normal 0.997853 0.0654873 0
    outer loop
      vertex -36 81.5 18
      vertex -36.0257 81.8916 12
      vertex -36.0257 81.8916 18
    endloop
  endfacet
  facet normal 0.997853 0.0654873 0
    outer loop
      vertex -36.0257 81.8916 12
      vertex -36 81.5 18
      vertex -36 81.5 12
    endloop
  endfacet
  facet normal 0.0654873 0.997853 -0
    outer loop
      vertex -38.6084 84.4743 12
      vertex -39 84.5 18
      vertex -38.6084 84.4743 18
    endloop
  endfacet
  facet normal 0.0654873 0.997853 0
    outer loop
      vertex -39 84.5 18
      vertex -38.6084 84.4743 12
      vertex -39 84.5 12
    endloop
  endfacet
  facet normal -0.946858 0.321651 0
    outer loop
      vertex -41.8978 82.2765 12
      vertex -41.7716 82.648 18
      vertex -41.7716 82.648 12
    endloop
  endfacet
  facet normal -0.946858 0.321651 0
    outer loop
      vertex -41.7716 82.648 18
      vertex -41.8978 82.2765 12
      vertex -41.8978 82.2765 18
    endloop
  endfacet
  facet normal 0.751724 0.659478 0
    outer loop
      vertex -36.6199 83.3263 18
      vertex -36.8787 83.6213 12
      vertex -36.8787 83.6213 18
    endloop
  endfacet
  facet normal 0.751724 0.659478 0
    outer loop
      vertex -36.8787 83.6213 12
      vertex -36.6199 83.3263 18
      vertex -36.6199 83.3263 12
    endloop
  endfacet
  facet normal 0.555523 -0.831501 0
    outer loop
      vertex -37.5 78.9019 12
      vertex -37.1737 79.1199 18
      vertex -37.5 78.9019 18
    endloop
  endfacet
  facet normal 0.555523 -0.831501 0
    outer loop
      vertex -37.1737 79.1199 18
      vertex -37.5 78.9019 12
      vertex -37.1737 79.1199 12
    endloop
  endfacet
  facet normal 0.659478 0.751724 -0
    outer loop
      vertex -36.8787 83.6213 12
      vertex -37.1737 83.8801 18
      vertex -36.8787 83.6213 18
    endloop
  endfacet
  facet normal 0.659478 0.751724 0
    outer loop
      vertex -37.1737 83.8801 18
      vertex -36.8787 83.6213 12
      vertex -37.1737 83.8801 12
    endloop
  endfacet
  facet normal 0.19494 -0.980815 0
    outer loop
      vertex -38.6084 78.5257 12
      vertex -38.2235 78.6022 18
      vertex -38.6084 78.5257 18
    endloop
  endfacet
  facet normal 0.19494 -0.980815 0
    outer loop
      vertex -38.2235 78.6022 18
      vertex -38.6084 78.5257 12
      vertex -38.2235 78.6022 12
    endloop
  endfacet
  facet normal -0.0654873 0.997853 0
    outer loop
      vertex -39 84.5 12
      vertex -39.3916 84.4743 18
      vertex -39 84.5 18
    endloop
  endfacet
  facet normal -0.0654873 0.997853 0
    outer loop
      vertex -39.3916 84.4743 18
      vertex -39 84.5 12
      vertex -39.3916 84.4743 12
    endloop
  endfacet
  facet normal 0.659478 -0.751724 0
    outer loop
      vertex -37.1737 79.1199 12
      vertex -36.8787 79.3787 18
      vertex -37.1737 79.1199 18
    endloop
  endfacet
  facet normal 0.659478 -0.751724 0
    outer loop
      vertex -36.8787 79.3787 18
      vertex -37.1737 79.1199 12
      vertex -36.8787 79.3787 12
    endloop
  endfacet
  facet normal 0.997853 -0.0654873 0
    outer loop
      vertex -36.0257 81.1084 18
      vertex -36 81.5 12
      vertex -36 81.5 18
    endloop
  endfacet
  facet normal 0.997853 -0.0654873 0
    outer loop
      vertex -36 81.5 12
      vertex -36.0257 81.1084 18
      vertex -36.0257 81.1084 12
    endloop
  endfacet
  facet normal -0.997853 -0.0654873 0
    outer loop
      vertex -41.9743 81.1084 12
      vertex -42 81.5 18
      vertex -42 81.5 12
    endloop
  endfacet
  facet normal -0.997853 -0.0654873 0
    outer loop
      vertex -42 81.5 18
      vertex -41.9743 81.1084 12
      vertex -41.9743 81.1084 18
    endloop
  endfacet
  facet normal -0.831501 -0.555523 0
    outer loop
      vertex -41.3801 79.6737 12
      vertex -41.5981 80 18
      vertex -41.5981 80 12
    endloop
  endfacet
  facet normal -0.831501 -0.555523 0
    outer loop
      vertex -41.5981 80 18
      vertex -41.3801 79.6737 12
      vertex -41.3801 79.6737 18
    endloop
  endfacet
  facet normal 0.44211 0.896961 -0
    outer loop
      vertex -37.5 84.0981 12
      vertex -37.852 84.2716 18
      vertex -37.5 84.0981 18
    endloop
  endfacet
  facet normal 0.44211 0.896961 0
    outer loop
      vertex -37.852 84.2716 18
      vertex -37.5 84.0981 12
      vertex -37.852 84.2716 12
    endloop
  endfacet
  facet normal 0.946858 0.321651 0
    outer loop
      vertex -36.1022 82.2765 18
      vertex -36.2284 82.648 12
      vertex -36.2284 82.648 18
    endloop
  endfacet
  facet normal 0.946858 0.321651 0
    outer loop
      vertex -36.2284 82.648 12
      vertex -36.1022 82.2765 18
      vertex -36.1022 82.2765 12
    endloop
  endfacet
  facet normal 0.44211 -0.896961 0
    outer loop
      vertex -37.852 78.7284 12
      vertex -37.5 78.9019 18
      vertex -37.852 78.7284 18
    endloop
  endfacet
  facet normal 0.44211 -0.896961 0
    outer loop
      vertex -37.5 78.9019 18
      vertex -37.852 78.7284 12
      vertex -37.5 78.9019 12
    endloop
  endfacet
  facet normal -0.980815 -0.19494 0
    outer loop
      vertex -41.8978 80.7235 12
      vertex -41.9743 81.1084 18
      vertex -41.9743 81.1084 12
    endloop
  endfacet
  facet normal -0.980815 -0.19494 0
    outer loop
      vertex -41.9743 81.1084 18
      vertex -41.8978 80.7235 12
      vertex -41.8978 80.7235 18
    endloop
  endfacet
  facet normal -0.896961 -0.44211 0
    outer loop
      vertex -41.5981 80 12
      vertex -41.7716 80.352 18
      vertex -41.7716 80.352 12
    endloop
  endfacet
  facet normal -0.896961 -0.44211 0
    outer loop
      vertex -41.7716 80.352 18
      vertex -41.5981 80 12
      vertex -41.5981 80 18
    endloop
  endfacet
  facet normal -0.44211 0.896961 0
    outer loop
      vertex -40.148 84.2716 12
      vertex -40.5 84.0981 18
      vertex -40.148 84.2716 18
    endloop
  endfacet
  facet normal -0.44211 0.896961 0
    outer loop
      vertex -40.5 84.0981 18
      vertex -40.148 84.2716 12
      vertex -40.5 84.0981 12
    endloop
  endfacet
  facet normal 0.751724 -0.659478 0
    outer loop
      vertex -36.8787 79.3787 18
      vertex -36.6199 79.6737 12
      vertex -36.6199 79.6737 18
    endloop
  endfacet
  facet normal 0.751724 -0.659478 0
    outer loop
      vertex -36.6199 79.6737 12
      vertex -36.8787 79.3787 18
      vertex -36.8787 79.3787 12
    endloop
  endfacet
  facet normal 0.555523 0.831501 -0
    outer loop
      vertex -37.1737 83.8801 12
      vertex -37.5 84.0981 18
      vertex -37.1737 83.8801 18
    endloop
  endfacet
  facet normal 0.555523 0.831501 0
    outer loop
      vertex -37.5 84.0981 18
      vertex -37.1737 83.8801 12
      vertex -37.5 84.0981 12
    endloop
  endfacet
  facet normal 0.831501 0.555523 0
    outer loop
      vertex -36.4019 83 18
      vertex -36.6199 83.3263 12
      vertex -36.6199 83.3263 18
    endloop
  endfacet
  facet normal 0.831501 0.555523 0
    outer loop
      vertex -36.6199 83.3263 12
      vertex -36.4019 83 18
      vertex -36.4019 83 12
    endloop
  endfacet
  facet normal -0.19494 0.980815 0
    outer loop
      vertex -39.3916 84.4743 12
      vertex -39.7765 84.3978 18
      vertex -39.3916 84.4743 18
    endloop
  endfacet
  facet normal -0.19494 0.980815 0
    outer loop
      vertex -39.7765 84.3978 18
      vertex -39.3916 84.4743 12
      vertex -39.7765 84.3978 12
    endloop
  endfacet
  facet normal 0.19494 0.980815 -0
    outer loop
      vertex -38.2235 84.3978 12
      vertex -38.6084 84.4743 18
      vertex -38.2235 84.3978 18
    endloop
  endfacet
  facet normal 0.19494 0.980815 0
    outer loop
      vertex -38.6084 84.4743 18
      vertex -38.2235 84.3978 12
      vertex -38.6084 84.4743 12
    endloop
  endfacet
  facet normal 0.980815 -0.19494 0
    outer loop
      vertex -36.1022 80.7235 18
      vertex -36.0257 81.1084 12
      vertex -36.0257 81.1084 18
    endloop
  endfacet
  facet normal 0.980815 -0.19494 0
    outer loop
      vertex -36.0257 81.1084 12
      vertex -36.1022 80.7235 18
      vertex -36.1022 80.7235 12
    endloop
  endfacet
  facet normal -0.751724 -0.659478 0
    outer loop
      vertex -41.1213 79.3787 12
      vertex -41.3801 79.6737 18
      vertex -41.3801 79.6737 12
    endloop
  endfacet
  facet normal -0.751724 -0.659478 0
    outer loop
      vertex -41.3801 79.6737 18
      vertex -41.1213 79.3787 12
      vertex -41.1213 79.3787 18
    endloop
  endfacet
  facet normal 0.896961 0.44211 0
    outer loop
      vertex -36.2284 82.648 18
      vertex -36.4019 83 12
      vertex -36.4019 83 18
    endloop
  endfacet
  facet normal 0.896961 0.44211 0
    outer loop
      vertex -36.4019 83 12
      vertex -36.2284 82.648 18
      vertex -36.2284 82.648 12
    endloop
  endfacet
  facet normal -0.555523 0.831501 0
    outer loop
      vertex -40.5 84.0981 12
      vertex -40.8263 83.8801 18
      vertex -40.5 84.0981 18
    endloop
  endfacet
  facet normal -0.555523 0.831501 0
    outer loop
      vertex -40.8263 83.8801 18
      vertex -40.5 84.0981 12
      vertex -40.8263 83.8801 12
    endloop
  endfacet
  facet normal -0.0654873 -0.997853 0
    outer loop
      vertex -39.3916 78.5257 12
      vertex -39 78.5 18
      vertex -39.3916 78.5257 18
    endloop
  endfacet
  facet normal -0.0654873 -0.997853 -0
    outer loop
      vertex -39 78.5 18
      vertex -39.3916 78.5257 12
      vertex -39 78.5 12
    endloop
  endfacet
  facet normal -0.980815 0.19494 0
    outer loop
      vertex -41.9743 81.8916 12
      vertex -41.8978 82.2765 18
      vertex -41.8978 82.2765 12
    endloop
  endfacet
  facet normal -0.980815 0.19494 0
    outer loop
      vertex -41.8978 82.2765 18
      vertex -41.9743 81.8916 12
      vertex -41.9743 81.8916 18
    endloop
  endfacet
  facet normal -0.321651 0.946858 0
    outer loop
      vertex -39.7765 84.3978 12
      vertex -40.148 84.2716 18
      vertex -39.7765 84.3978 18
    endloop
  endfacet
  facet normal -0.321651 0.946858 0
    outer loop
      vertex -40.148 84.2716 18
      vertex -39.7765 84.3978 12
      vertex -40.148 84.2716 12
    endloop
  endfacet
  facet normal 0.321651 0.946858 -0
    outer loop
      vertex -37.852 84.2716 12
      vertex -38.2235 84.3978 18
      vertex -37.852 84.2716 18
    endloop
  endfacet
  facet normal 0.321651 0.946858 0
    outer loop
      vertex -38.2235 84.3978 18
      vertex -37.852 84.2716 12
      vertex -38.2235 84.3978 12
    endloop
  endfacet
  facet normal 0.321651 -0.946858 0
    outer loop
      vertex -38.2235 78.6022 12
      vertex -37.852 78.7284 18
      vertex -38.2235 78.6022 18
    endloop
  endfacet
  facet normal 0.321651 -0.946858 0
    outer loop
      vertex -37.852 78.7284 18
      vertex -38.2235 78.6022 12
      vertex -37.852 78.7284 12
    endloop
  endfacet
  facet normal -0.321651 -0.946858 0
    outer loop
      vertex -40.148 78.7284 12
      vertex -39.7765 78.6022 18
      vertex -40.148 78.7284 18
    endloop
  endfacet
  facet normal -0.321651 -0.946858 -0
    outer loop
      vertex -39.7765 78.6022 18
      vertex -40.148 78.7284 12
      vertex -39.7765 78.6022 12
    endloop
  endfacet
  facet normal 0 0 1
    outer loop
      vertex -37.9 81.5 18
      vertex -36 81.5 18
      vertex -36.0257 81.8916 18
    endloop
  endfacet
  facet normal 0 0 1
    outer loop
      vertex -37.9094 81.6436 18
      vertex -36.0257 81.8916 18
      vertex -36.1022 82.2765 18
    endloop
  endfacet
  facet normal 0 0 1
    outer loop
      vertex -36 81.5 18
      vertex -37.9 81.5 18
      vertex -36.0257 81.1084 18
    endloop
  endfacet
  facet normal 0 0 1
    outer loop
      vertex -37.9375 81.7847 18
      vertex -36.1022 82.2765 18
      vertex -36.2284 82.648 18
    endloop
  endfacet
  facet normal -0 0 1
    outer loop
      vertex -37.9094 81.3564 18
      vertex -36.0257 81.1084 18
      vertex -37.9 81.5 18
    endloop
  endfacet
  facet normal 0 0 1
    outer loop
      vertex -37.9837 81.921 18
      vertex -36.2284 82.648 18
      vertex -36.4019 83 18
    endloop
  endfacet
  facet normal 0 0 1
    outer loop
      vertex -36.0257 81.1084 18
      vertex -37.9094 81.3564 18
      vertex -36.1022 80.7235 18
    endloop
  endfacet
  facet normal 0 0 1
    outer loop
      vertex -38.0474 82.05 18
      vertex -36.4019 83 18
      vertex -36.6199 83.3263 18
    endloop
  endfacet
  facet normal -0 0 1
    outer loop
      vertex -37.9375 81.2153 18
      vertex -36.1022 80.7235 18
      vertex -37.9094 81.3564 18
    endloop
  endfacet
  facet normal 0 0 1
    outer loop
      vertex -38.1273 82.1696 18
      vertex -36.6199 83.3263 18
      vertex -36.8787 83.6213 18
    endloop
  endfacet
  facet normal 0 0 1
    outer loop
      vertex -36.1022 80.7235 18
      vertex -37.9375 81.2153 18
      vertex -36.2284 80.352 18
    endloop
  endfacet
  facet normal 0 0 1
    outer loop
      vertex -38.2222 82.2778 18
      vertex -36.8787 83.6213 18
      vertex -37.1737 83.8801 18
    endloop
  endfacet
  facet normal -0 0 1
    outer loop
      vertex -37.9837 81.079 18
      vertex -36.2284 80.352 18
      vertex -37.9375 81.2153 18
    endloop
  endfacet
  facet normal 0 0 1
    outer loop
      vertex -38.3304 82.3727 18
      vertex -37.1737 83.8801 18
      vertex -37.5 84.0981 18
    endloop
  endfacet
  facet normal 0 0 1
    outer loop
      vertex -36.2284 80.352 18
      vertex -37.9837 81.079 18
      vertex -36.4019 80 18
    endloop
  endfacet
  facet normal 0 0 1
    outer loop
      vertex -38.45 82.4526 18
      vertex -37.5 84.0981 18
      vertex -37.852 84.2716 18
    endloop
  endfacet
  facet normal -0 0 1
    outer loop
      vertex -38.0474 80.95 18
      vertex -36.4019 80 18
      vertex -37.9837 81.079 18
    endloop
  endfacet
  facet normal 0 0 1
    outer loop
      vertex -36.4019 80 18
      vertex -38.0474 80.95 18
      vertex -36.6199 79.6737 18
    endloop
  endfacet
  facet normal 0 0 1
    outer loop
      vertex -36.0257 81.8916 18
      vertex -37.9094 81.6436 18
      vertex -37.9 81.5 18
    endloop
  endfacet
  facet normal 0 0 1
    outer loop
      vertex -36.1022 82.2765 18
      vertex -37.9375 81.7847 18
      vertex -37.9094 81.6436 18
    endloop
  endfacet
  facet normal 0 0 1
    outer loop
      vertex -36.2284 82.648 18
      vertex -37.9837 81.921 18
      vertex -37.9375 81.7847 18
    endloop
  endfacet
  facet normal 0 0 1
    outer loop
      vertex -36.4019 83 18
      vertex -38.0474 82.05 18
      vertex -37.9837 81.921 18
    endloop
  endfacet
  facet normal 0 0 1
    outer loop
      vertex -36.6199 83.3263 18
      vertex -38.1273 82.1696 18
      vertex -38.0474 82.05 18
    endloop
  endfacet
  facet normal 0 0 1
    outer loop
      vertex -36.8787 83.6213 18
      vertex -38.2222 82.2778 18
      vertex -38.1273 82.1696 18
    endloop
  endfacet
  facet normal 0 0 1
    outer loop
      vertex -38.579 82.5163 18
      vertex -37.852 84.2716 18
      vertex -38.2235 84.3978 18
    endloop
  endfacet
  facet normal 0 0 1
    outer loop
      vertex -37.1737 83.8801 18
      vertex -38.3304 82.3727 18
      vertex -38.2222 82.2778 18
    endloop
  endfacet
  facet normal 0 0 1
    outer loop
      vertex -37.5 84.0981 18
      vertex -38.45 82.4526 18
      vertex -38.3304 82.3727 18
    endloop
  endfacet
  facet normal 0 0 1
    outer loop
      vertex -37.852 84.2716 18
      vertex -38.579 82.5163 18
      vertex -38.45 82.4526 18
    endloop
  endfacet
  facet normal 0 0 1
    outer loop
      vertex -38.7153 82.5625 18
      vertex -38.2235 84.3978 18
      vertex -38.6084 84.4743 18
    endloop
  endfacet
  facet normal 0 0 1
    outer loop
      vertex -38.2235 84.3978 18
      vertex -38.7153 82.5625 18
      vertex -38.579 82.5163 18
    endloop
  endfacet
  facet normal 0 0 1
    outer loop
      vertex -38.6084 84.4743 18
      vertex -38.8564 82.5906 18
      vertex -38.7153 82.5625 18
    endloop
  endfacet
  facet normal 0 0 1
    outer loop
      vertex -39 84.5 18
      vertex -38.8564 82.5906 18
      vertex -38.6084 84.4743 18
    endloop
  endfacet
  facet normal 0 0 1
    outer loop
      vertex -39 84.5 18
      vertex -39 82.6 18
      vertex -38.8564 82.5906 18
    endloop
  endfacet
  facet normal 0 0 1
    outer loop
      vertex -39 84.5 18
      vertex -39.1436 82.5906 18
      vertex -39 82.6 18
    endloop
  endfacet
  facet normal -0 0 1
    outer loop
      vertex -39.3916 84.4743 18
      vertex -39.1436 82.5906 18
      vertex -39 84.5 18
    endloop
  endfacet
  facet normal 0 0 1
    outer loop
      vertex -39.1436 82.5906 18
      vertex -39.3916 84.4743 18
      vertex -39.2847 82.5625 18
    endloop
  endfacet
  facet normal -0 0 1
    outer loop
      vertex -39.7765 84.3978 18
      vertex -39.2847 82.5625 18
      vertex -39.3916 84.4743 18
    endloop
  endfacet
  facet normal 0 0 1
    outer loop
      vertex -39.2847 82.5625 18
      vertex -39.7765 84.3978 18
      vertex -39.421 82.5163 18
    endloop
  endfacet
  facet normal -0 0 1
    outer loop
      vertex -40.148 84.2716 18
      vertex -39.421 82.5163 18
      vertex -39.7765 84.3978 18
    endloop
  endfacet
  facet normal 0 0 1
    outer loop
      vertex -39.421 82.5163 18
      vertex -40.148 84.2716 18
      vertex -39.55 82.4526 18
    endloop
  endfacet
  facet normal -0 0 1
    outer loop
      vertex -40.5 84.0981 18
      vertex -39.55 82.4526 18
      vertex -40.148 84.2716 18
    endloop
  endfacet
  facet normal 0 0 1
    outer loop
      vertex -39.55 82.4526 18
      vertex -40.5 84.0981 18
      vertex -39.6696 82.3727 18
    endloop
  endfacet
  facet normal -0 0 1
    outer loop
      vertex -40.8263 83.8801 18
      vertex -39.6696 82.3727 18
      vertex -40.5 84.0981 18
    endloop
  endfacet
  facet normal 0 0 1
    outer loop
      vertex -39.6696 82.3727 18
      vertex -40.8263 83.8801 18
      vertex -39.7778 82.2778 18
    endloop
  endfacet
  facet normal -0 0 1
    outer loop
      vertex -41.1213 83.6213 18
      vertex -39.7778 82.2778 18
      vertex -40.8263 83.8801 18
    endloop
  endfacet
  facet normal 0 0 1
    outer loop
      vertex -39.7778 82.2778 18
      vertex -41.1213 83.6213 18
      vertex -39.8727 82.1696 18
    endloop
  endfacet
  facet normal 0 0 1
    outer loop
      vertex -39.8727 82.1696 18
      vertex -41.3801 83.3263 18
      vertex -39.9526 82.05 18
    endloop
  endfacet
  facet normal -0 0 1
    outer loop
      vertex -41.3801 83.3263 18
      vertex -39.8727 82.1696 18
      vertex -41.1213 83.6213 18
    endloop
  endfacet
  facet normal -0 0 1
    outer loop
      vertex -38.1273 80.8304 18
      vertex -36.6199 79.6737 18
      vertex -38.0474 80.95 18
    endloop
  endfacet
  facet normal 0 0 1
    outer loop
      vertex -36.6199 79.6737 18
      vertex -38.1273 80.8304 18
      vertex -36.8787 79.3787 18
    endloop
  endfacet
  facet normal -0 0 1
    outer loop
      vertex -38.2222 80.7222 18
      vertex -36.8787 79.3787 18
      vertex -38.1273 80.8304 18
    endloop
  endfacet
  facet normal 0 0 1
    outer loop
      vertex -36.8787 79.3787 18
      vertex -38.2222 80.7222 18
      vertex -37.1737 79.1199 18
    endloop
  endfacet
  facet normal -0 0 1
    outer loop
      vertex -38.3304 80.6273 18
      vertex -37.1737 79.1199 18
      vertex -38.2222 80.7222 18
    endloop
  endfacet
  facet normal 0 0 1
    outer loop
      vertex -37.1737 79.1199 18
      vertex -38.3304 80.6273 18
      vertex -37.5 78.9019 18
    endloop
  endfacet
  facet normal -0 0 1
    outer loop
      vertex -38.45 80.5474 18
      vertex -37.5 78.9019 18
      vertex -38.3304 80.6273 18
    endloop
  endfacet
  facet normal 0 0 1
    outer loop
      vertex -37.5 78.9019 18
      vertex -38.45 80.5474 18
      vertex -37.852 78.7284 18
    endloop
  endfacet
  facet normal -0 0 1
    outer loop
      vertex -38.579 80.4837 18
      vertex -37.852 78.7284 18
      vertex -38.45 80.5474 18
    endloop
  endfacet
  facet normal 0 0 1
    outer loop
      vertex -37.852 78.7284 18
      vertex -38.579 80.4837 18
      vertex -38.2235 78.6022 18
    endloop
  endfacet
  facet normal -0 0 1
    outer loop
      vertex -38.7153 80.4375 18
      vertex -38.2235 78.6022 18
      vertex -38.579 80.4837 18
    endloop
  endfacet
  facet normal 0 0 1
    outer loop
      vertex -38.2235 78.6022 18
      vertex -38.7153 80.4375 18
      vertex -38.6084 78.5257 18
    endloop
  endfacet
  facet normal -0 0 1
    outer loop
      vertex -38.8564 80.4094 18
      vertex -38.6084 78.5257 18
      vertex -38.7153 80.4375 18
    endloop
  endfacet
  facet normal -0 0 1
    outer loop
      vertex -39 80.4 18
      vertex -38.6084 78.5257 18
      vertex -38.8564 80.4094 18
    endloop
  endfacet
  facet normal 0 0 1
    outer loop
      vertex -39 80.4 18
      vertex -39 78.5 18
      vertex -38.6084 78.5257 18
    endloop
  endfacet
  facet normal 0 0 1
    outer loop
      vertex -39.1436 80.4094 18
      vertex -39 78.5 18
      vertex -39 80.4 18
    endloop
  endfacet
  facet normal 0 0 1
    outer loop
      vertex -39.3916 78.5257 18
      vertex -39.1436 80.4094 18
      vertex -39.2847 80.4375 18
    endloop
  endfacet
  facet normal 0 0 1
    outer loop
      vertex -39.1436 80.4094 18
      vertex -39.3916 78.5257 18
      vertex -39 78.5 18
    endloop
  endfacet
  facet normal 0 0 1
    outer loop
      vertex -39.7765 78.6022 18
      vertex -39.2847 80.4375 18
      vertex -39.421 80.4837 18
    endloop
  endfacet
  facet normal 0 0 1
    outer loop
      vertex -40.148 78.7284 18
      vertex -39.421 80.4837 18
      vertex -39.55 80.5474 18
    endloop
  endfacet
  facet normal 0 0 1
    outer loop
      vertex -40.5 78.9019 18
      vertex -39.55 80.5474 18
      vertex -39.6696 80.6273 18
    endloop
  endfacet
  facet normal 0 0 1
    outer loop
      vertex -39.2847 80.4375 18
      vertex -39.7765 78.6022 18
      vertex -39.3916 78.5257 18
    endloop
  endfacet
  facet normal 0 0 1
    outer loop
      vertex -40.8263 79.1199 18
      vertex -39.6696 80.6273 18
      vertex -39.7778 80.7222 18
    endloop
  endfacet
  facet normal 0 0 1
    outer loop
      vertex -41.1213 79.3787 18
      vertex -39.7778 80.7222 18
      vertex -39.8727 80.8304 18
    endloop
  endfacet
  facet normal 0 0 1
    outer loop
      vertex -41.3801 79.6737 18
      vertex -39.8727 80.8304 18
      vertex -39.9526 80.95 18
    endloop
  endfacet
  facet normal 0 0 1
    outer loop
      vertex -41.5981 80 18
      vertex -39.9526 80.95 18
      vertex -40.0163 81.079 18
    endloop
  endfacet
  facet normal 0 0 1
    outer loop
      vertex -41.7716 80.352 18
      vertex -40.0163 81.079 18
      vertex -40.0625 81.2153 18
    endloop
  endfacet
  facet normal 0 0 1
    outer loop
      vertex -41.8978 80.7235 18
      vertex -40.0625 81.2153 18
      vertex -40.0906 81.3564 18
    endloop
  endfacet
  facet normal 0 0 1
    outer loop
      vertex -39.421 80.4837 18
      vertex -40.148 78.7284 18
      vertex -39.7765 78.6022 18
    endloop
  endfacet
  facet normal 0 0 1
    outer loop
      vertex -41.9743 81.1084 18
      vertex -40.0906 81.3564 18
      vertex -40.1 81.5 18
    endloop
  endfacet
  facet normal -0 0 1
    outer loop
      vertex -41.5981 83 18
      vertex -39.9526 82.05 18
      vertex -41.3801 83.3263 18
    endloop
  endfacet
  facet normal 0 0 1
    outer loop
      vertex -39.9526 82.05 18
      vertex -41.5981 83 18
      vertex -40.0163 81.921 18
    endloop
  endfacet
  facet normal 0 0 1
    outer loop
      vertex -39.55 80.5474 18
      vertex -40.5 78.9019 18
      vertex -40.148 78.7284 18
    endloop
  endfacet
  facet normal -0 0 1
    outer loop
      vertex -41.7716 82.648 18
      vertex -40.0163 81.921 18
      vertex -41.5981 83 18
    endloop
  endfacet
  facet normal 0 0 1
    outer loop
      vertex -39.6696 80.6273 18
      vertex -40.8263 79.1199 18
      vertex -40.5 78.9019 18
    endloop
  endfacet
  facet normal 0 0 1
    outer loop
      vertex -40.0163 81.921 18
      vertex -41.7716 82.648 18
      vertex -40.0625 81.7847 18
    endloop
  endfacet
  facet normal 0 0 1
    outer loop
      vertex -39.7778 80.7222 18
      vertex -41.1213 79.3787 18
      vertex -40.8263 79.1199 18
    endloop
  endfacet
  facet normal -0 0 1
    outer loop
      vertex -41.8978 82.2765 18
      vertex -40.0625 81.7847 18
      vertex -41.7716 82.648 18
    endloop
  endfacet
  facet normal 0 0 1
    outer loop
      vertex -39.8727 80.8304 18
      vertex -41.3801 79.6737 18
      vertex -41.1213 79.3787 18
    endloop
  endfacet
  facet normal 0 0 1
    outer loop
      vertex -40.0625 81.7847 18
      vertex -41.8978 82.2765 18
      vertex -40.0906 81.6436 18
    endloop
  endfacet
  facet normal 0 0 1
    outer loop
      vertex -39.9526 80.95 18
      vertex -41.5981 80 18
      vertex -41.3801 79.6737 18
    endloop
  endfacet
  facet normal -0 0 1
    outer loop
      vertex -41.9743 81.8916 18
      vertex -40.0906 81.6436 18
      vertex -41.8978 82.2765 18
    endloop
  endfacet
  facet normal 0 0 1
    outer loop
      vertex -40.0163 81.079 18
      vertex -41.7716 80.352 18
      vertex -41.5981 80 18
    endloop
  endfacet
  facet normal 0 0 1
    outer loop
      vertex -40.0906 81.6436 18
      vertex -41.9743 81.8916 18
      vertex -40.1 81.5 18
    endloop
  endfacet
  facet normal 0 0 1
    outer loop
      vertex -40.0625 81.2153 18
      vertex -41.8978 80.7235 18
      vertex -41.7716 80.352 18
    endloop
  endfacet
  facet normal 0 0 1
    outer loop
      vertex -42 81.5 18
      vertex -40.1 81.5 18
      vertex -41.9743 81.8916 18
    endloop
  endfacet
  facet normal 0 0 1
    outer loop
      vertex -40.0906 81.3564 18
      vertex -41.9743 81.1084 18
      vertex -41.8978 80.7235 18
    endloop
  endfacet
  facet normal 0 0 1
    outer loop
      vertex -40.1 81.5 18
      vertex -42 81.5 18
      vertex -41.9743 81.1084 18
    endloop
  endfacet
  facet normal 0.831501 -0.555523 0
    outer loop
      vertex -36.6199 79.6737 18
      vertex -36.4019 80 12
      vertex -36.4019 80 18
    endloop
  endfacet
  facet normal 0.831501 -0.555523 0
    outer loop
      vertex -36.4019 80 12
      vertex -36.6199 79.6737 18
      vertex -36.6199 79.6737 12
    endloop
  endfacet
  facet normal -0.946858 -0.321651 0
    outer loop
      vertex -41.7716 80.352 12
      vertex -41.8978 80.7235 18
      vertex -41.8978 80.7235 12
    endloop
  endfacet
  facet normal -0.946858 -0.321651 0
    outer loop
      vertex -41.8978 80.7235 18
      vertex -41.7716 80.352 12
      vertex -41.7716 80.352 18
    endloop
  endfacet
  facet normal -0.555523 -0.831501 0
    outer loop
      vertex -40.8263 79.1199 12
      vertex -40.5 78.9019 18
      vertex -40.8263 79.1199 18
    endloop
  endfacet
  facet normal -0.555523 -0.831501 -0
    outer loop
      vertex -40.5 78.9019 18
      vertex -40.8263 79.1199 12
      vertex -40.5 78.9019 12
    endloop
  endfacet
  facet normal -0.997853 0.0654873 0
    outer loop
      vertex -42 81.5 12
      vertex -41.9743 81.8916 18
      vertex -41.9743 81.8916 12
    endloop
  endfacet
  facet normal -0.997853 0.0654873 0
    outer loop
      vertex -41.9743 81.8916 18
      vertex -42 81.5 12
      vertex -42 81.5 18
    endloop
  endfacet
  facet normal 0.946858 -0.321651 0
    outer loop
      vertex -36.2284 80.352 18
      vertex -36.1022 80.7235 12
      vertex -36.1022 80.7235 18
    endloop
  endfacet
  facet normal 0.946858 -0.321651 0
    outer loop
      vertex -36.1022 80.7235 12
      vertex -36.2284 80.352 18
      vertex -36.2284 80.352 12
    endloop
  endfacet
  facet normal -0.44211 -0.896961 0
    outer loop
      vertex -40.5 78.9019 12
      vertex -40.148 78.7284 18
      vertex -40.5 78.9019 18
    endloop
  endfacet
  facet normal -0.44211 -0.896961 -0
    outer loop
      vertex -40.148 78.7284 18
      vertex -40.5 78.9019 12
      vertex -40.148 78.7284 12
    endloop
  endfacet
  facet normal -0.831501 0.555523 0
    outer loop
      vertex -41.5981 83 12
      vertex -41.3801 83.3263 18
      vertex -41.3801 83.3263 12
    endloop
  endfacet
  facet normal -0.831501 0.555523 0
    outer loop
      vertex -41.3801 83.3263 18
      vertex -41.5981 83 12
      vertex -41.5981 83 18
    endloop
  endfacet
  facet normal -0.659478 0.751724 0
    outer loop
      vertex -40.8263 83.8801 12
      vertex -41.1213 83.6213 18
      vertex -40.8263 83.8801 18
    endloop
  endfacet
  facet normal -0.659478 0.751724 0
    outer loop
      vertex -41.1213 83.6213 18
      vertex -40.8263 83.8801 12
      vertex -41.1213 83.6213 12
    endloop
  endfacet
  facet normal -0.896961 0.44211 0
    outer loop
      vertex -41.7716 82.648 12
      vertex -41.5981 83 18
      vertex -41.5981 83 12
    endloop
  endfacet
  facet normal -0.896961 0.44211 0
    outer loop
      vertex -41.5981 83 18
      vertex -41.7716 82.648 12
      vertex -41.7716 82.648 18
    endloop
  endfacet
  facet normal 0.0654873 -0.997853 0
    outer loop
      vertex -39 78.5 12
      vertex -38.6084 78.5257 18
      vertex -39 78.5 18
    endloop
  endfacet
  facet normal 0.0654873 -0.997853 0
    outer loop
      vertex -38.6084 78.5257 18
      vertex -39 78.5 12
      vertex -38.6084 78.5257 12
    endloop
  endfacet
  facet normal -0.19494 -0.980815 0
    outer loop
      vertex -39.7765 78.6022 12
      vertex -39.3916 78.5257 18
      vertex -39.7765 78.6022 18
    endloop
  endfacet
  facet normal -0.19494 -0.980815 -0
    outer loop
      vertex -39.3916 78.5257 18
      vertex -39.7765 78.6022 12
      vertex -39.3916 78.5257 12
    endloop
  endfacet
  facet normal 0.896961 -0.44211 0
    outer loop
      vertex -36.4019 80 18
      vertex -36.2284 80.352 12
      vertex -36.2284 80.352 18
    endloop
  endfacet
  facet normal 0.896961 -0.44211 0
    outer loop
      vertex -36.2284 80.352 12
      vertex -36.4019 80 18
      vertex -36.4019 80 12
    endloop
  endfacet
  facet normal -0.659478 -0.751724 0
    outer loop
      vertex -41.1213 79.3787 12
      vertex -40.8263 79.1199 18
      vertex -41.1213 79.3787 18
    endloop
  endfacet
  facet normal -0.659478 -0.751724 -0
    outer loop
      vertex -40.8263 79.1199 18
      vertex -41.1213 79.3787 12
      vertex -40.8263 79.1199 12
    endloop
  endfacet
  facet normal -0.751724 0.659478 0
    outer loop
      vertex -41.3801 83.3263 12
      vertex -41.1213 83.6213 18
      vertex -41.1213 83.6213 12
    endloop
  endfacet
  facet normal -0.751724 0.659478 0
    outer loop
      vertex -41.1213 83.6213 18
      vertex -41.3801 83.3263 12
      vertex -41.3801 83.3263 18
    endloop
  endfacet
  facet normal 0.980728 0.195379 0
    outer loop
      vertex -36.0257 130.892 18
      vertex -36.1022 131.276 12
      vertex -36.1022 131.276 18
    endloop
  endfacet
  facet normal 0.980728 0.195379 0
    outer loop
      vertex -36.1022 131.276 12
      vertex -36.0257 130.892 18
      vertex -36.0257 130.892 12
    endloop
  endfacet
  facet normal 0.997858 0.0654208 0
    outer loop
      vertex -36 130.5 18
      vertex -36.0257 130.892 12
      vertex -36.0257 130.892 18
    endloop
  endfacet
  facet normal 0.997858 0.0654208 0
    outer loop
      vertex -36.0257 130.892 12
      vertex -36 130.5 18
      vertex -36 130.5 12
    endloop
  endfacet
  facet normal 0.0662484 0.997803 -0
    outer loop
      vertex -38.6084 133.474 12
      vertex -39 133.5 18
      vertex -38.6084 133.474 18
    endloop
  endfacet
  facet normal 0.0662484 0.997803 0
    outer loop
      vertex -39 133.5 18
      vertex -38.6084 133.474 12
      vertex -39 133.5 12
    endloop
  endfacet
  facet normal -0.94699 0.321264 0
    outer loop
      vertex -41.8978 131.276 12
      vertex -41.7716 131.648 18
      vertex -41.7716 131.648 12
    endloop
  endfacet
  facet normal -0.94699 0.321264 0
    outer loop
      vertex -41.7716 131.648 18
      vertex -41.8978 131.276 12
      vertex -41.8978 131.276 18
    endloop
  endfacet
  facet normal 0.751724 0.659478 0
    outer loop
      vertex -36.6199 132.326 18
      vertex -36.8787 132.621 12
      vertex -36.8787 132.621 18
    endloop
  endfacet
  facet normal 0.751724 0.659478 0
    outer loop
      vertex -36.8787 132.621 12
      vertex -36.6199 132.326 18
      vertex -36.6199 132.326 12
    endloop
  endfacet
  facet normal 0.555523 -0.831501 0
    outer loop
      vertex -37.5 127.902 12
      vertex -37.1737 128.12 18
      vertex -37.5 127.902 18
    endloop
  endfacet
  facet normal 0.555523 -0.831501 0
    outer loop
      vertex -37.1737 128.12 18
      vertex -37.5 127.902 12
      vertex -37.1737 128.12 12
    endloop
  endfacet
  facet normal 0.659766 0.751471 -0
    outer loop
      vertex -36.8787 132.621 12
      vertex -37.1737 132.88 18
      vertex -36.8787 132.621 18
    endloop
  endfacet
  facet normal 0.659766 0.751471 0
    outer loop
      vertex -37.1737 132.88 18
      vertex -36.8787 132.621 12
      vertex -37.1737 132.88 12
    endloop
  endfacet
  facet normal 0.193714 -0.981058 0
    outer loop
      vertex -38.6084 127.526 12
      vertex -38.2235 127.602 18
      vertex -38.6084 127.526 18
    endloop
  endfacet
  facet normal 0.193714 -0.981058 0
    outer loop
      vertex -38.2235 127.602 18
      vertex -38.6084 127.526 12
      vertex -38.2235 127.602 12
    endloop
  endfacet
  facet normal -0.0662484 0.997803 0
    outer loop
      vertex -39 133.5 12
      vertex -39.3916 133.474 18
      vertex -39 133.5 18
    endloop
  endfacet
  facet normal -0.0662484 0.997803 0
    outer loop
      vertex -39.3916 133.474 18
      vertex -39 133.5 12
      vertex -39.3916 133.474 12
    endloop
  endfacet
  facet normal 0.659766 -0.751471 0
    outer loop
      vertex -37.1737 128.12 12
      vertex -36.8787 128.379 18
      vertex -37.1737 128.12 18
    endloop
  endfacet
  facet normal 0.659766 -0.751471 0
    outer loop
      vertex -36.8787 128.379 18
      vertex -37.1737 128.12 12
      vertex -36.8787 128.379 12
    endloop
  endfacet
  facet normal 0.997858 -0.0654208 0
    outer loop
      vertex -36.0257 130.108 18
      vertex -36 130.5 12
      vertex -36 130.5 18
    endloop
  endfacet
  facet normal 0.997858 -0.0654208 0
    outer loop
      vertex -36 130.5 12
      vertex -36.0257 130.108 18
      vertex -36.0257 130.108 12
    endloop
  endfacet
  facet normal -0.997858 -0.0654208 0
    outer loop
      vertex -41.9743 130.108 12
      vertex -42 130.5 18
      vertex -42 130.5 12
    endloop
  endfacet
  facet normal -0.997858 -0.0654208 0
    outer loop
      vertex -42 130.5 18
      vertex -41.9743 130.108 12
      vertex -41.9743 130.108 18
    endloop
  endfacet
  facet normal -0.831265 -0.555877 0
    outer loop
      vertex -41.3801 128.674 12
      vertex -41.5981 129 18
      vertex -41.5981 129 12
    endloop
  endfacet
  facet normal -0.831265 -0.555877 0
    outer loop
      vertex -41.5981 129 18
      vertex -41.3801 128.674 12
      vertex -41.3801 128.674 18
    endloop
  endfacet
  facet normal 0.443134 0.896455 -0
    outer loop
      vertex -37.5 133.098 12
      vertex -37.852 133.272 18
      vertex -37.5 133.098 18
    endloop
  endfacet
  facet normal 0.443134 0.896455 0
    outer loop
      vertex -37.852 133.272 18
      vertex -37.5 133.098 12
      vertex -37.852 133.272 12
    endloop
  endfacet
  facet normal 0.94699 0.321264 0
    outer loop
      vertex -36.1022 131.276 18
      vertex -36.2284 131.648 12
      vertex -36.2284 131.648 18
    endloop
  endfacet
  facet normal 0.94699 0.321264 0
    outer loop
      vertex -36.2284 131.648 12
      vertex -36.1022 131.276 18
      vertex -36.1022 131.276 12
    endloop
  endfacet
  facet normal 0.443134 -0.896455 0
    outer loop
      vertex -37.852 127.728 12
      vertex -37.5 127.902 18
      vertex -37.852 127.728 18
    endloop
  endfacet
  facet normal 0.443134 -0.896455 0
    outer loop
      vertex -37.5 127.902 18
      vertex -37.852 127.728 12
      vertex -37.5 127.902 12
    endloop
  endfacet
  facet normal -0.980728 -0.195379 0
    outer loop
      vertex -41.8978 129.724 12
      vertex -41.9743 130.108 18
      vertex -41.9743 130.108 12
    endloop
  endfacet
  facet normal -0.980728 -0.195379 0
    outer loop
      vertex -41.9743 130.108 18
      vertex -41.8978 129.724 12
      vertex -41.8978 129.724 18
    endloop
  endfacet
  facet normal -0.896961 -0.44211 0
    outer loop
      vertex -41.5981 129 12
      vertex -41.7716 129.352 18
      vertex -41.7716 129.352 12
    endloop
  endfacet
  facet normal -0.896961 -0.44211 0
    outer loop
      vertex -41.7716 129.352 18
      vertex -41.5981 129 12
      vertex -41.5981 129 18
    endloop
  endfacet
  facet normal -0.443134 0.896455 0
    outer loop
      vertex -40.148 133.272 12
      vertex -40.5 133.098 18
      vertex -40.148 133.272 18
    endloop
  endfacet
  facet normal -0.443134 0.896455 0
    outer loop
      vertex -40.5 133.098 18
      vertex -40.148 133.272 12
      vertex -40.5 133.098 12
    endloop
  endfacet
  facet normal 0.751724 -0.659478 0
    outer loop
      vertex -36.8787 128.379 18
      vertex -36.6199 128.674 12
      vertex -36.6199 128.674 18
    endloop
  endfacet
  facet normal 0.751724 -0.659478 0
    outer loop
      vertex -36.6199 128.674 12
      vertex -36.8787 128.379 18
      vertex -36.8787 128.379 12
    endloop
  endfacet
  facet normal 0.555523 0.831501 -0
    outer loop
      vertex -37.1737 132.88 12
      vertex -37.5 133.098 18
      vertex -37.1737 132.88 18
    endloop
  endfacet
  facet normal 0.555523 0.831501 0
    outer loop
      vertex -37.5 133.098 18
      vertex -37.1737 132.88 12
      vertex -37.5 133.098 12
    endloop
  endfacet
  facet normal 0.831265 0.555877 0
    outer loop
      vertex -36.4019 132 18
      vertex -36.6199 132.326 12
      vertex -36.6199 132.326 18
    endloop
  endfacet
  facet normal 0.831265 0.555877 0
    outer loop
      vertex -36.6199 132.326 12
      vertex -36.4019 132 18
      vertex -36.4019 132 12
    endloop
  endfacet
  facet normal -0.193714 0.981058 0
    outer loop
      vertex -39.3916 133.474 12
      vertex -39.7765 133.398 18
      vertex -39.3916 133.474 18
    endloop
  endfacet
  facet normal -0.193714 0.981058 0
    outer loop
      vertex -39.7765 133.398 18
      vertex -39.3916 133.474 12
      vertex -39.7765 133.398 12
    endloop
  endfacet
  facet normal 0.193714 0.981058 -0
    outer loop
      vertex -38.2235 133.398 12
      vertex -38.6084 133.474 18
      vertex -38.2235 133.398 18
    endloop
  endfacet
  facet normal 0.193714 0.981058 0
    outer loop
      vertex -38.6084 133.474 18
      vertex -38.2235 133.398 12
      vertex -38.6084 133.474 12
    endloop
  endfacet
  facet normal 0.980728 -0.195379 0
    outer loop
      vertex -36.1022 129.724 18
      vertex -36.0257 130.108 12
      vertex -36.0257 130.108 18
    endloop
  endfacet
  facet normal 0.980728 -0.195379 0
    outer loop
      vertex -36.0257 130.108 12
      vertex -36.1022 129.724 18
      vertex -36.1022 129.724 12
    endloop
  endfacet
  facet normal -0.751724 -0.659478 0
    outer loop
      vertex -41.1213 128.379 12
      vertex -41.3801 128.674 18
      vertex -41.3801 128.674 12
    endloop
  endfacet
  facet normal -0.751724 -0.659478 0
    outer loop
      vertex -41.3801 128.674 18
      vertex -41.1213 128.379 12
      vertex -41.1213 128.379 18
    endloop
  endfacet
  facet normal 0.896961 0.44211 0
    outer loop
      vertex -36.2284 131.648 18
      vertex -36.4019 132 12
      vertex -36.4019 132 18
    endloop
  endfacet
  facet normal 0.896961 0.44211 0
    outer loop
      vertex -36.4019 132 12
      vertex -36.2284 131.648 18
      vertex -36.2284 131.648 12
    endloop
  endfacet
  facet normal -0.555523 0.831501 0
    outer loop
      vertex -40.5 133.098 12
      vertex -40.8263 132.88 18
      vertex -40.5 133.098 18
    endloop
  endfacet
  facet normal -0.555523 0.831501 0
    outer loop
      vertex -40.8263 132.88 18
      vertex -40.5 133.098 12
      vertex -40.8263 132.88 12
    endloop
  endfacet
  facet normal -0.0662484 -0.997803 0
    outer loop
      vertex -39.3916 127.526 12
      vertex -39 127.5 18
      vertex -39.3916 127.526 18
    endloop
  endfacet
  facet normal -0.0662484 -0.997803 -0
    outer loop
      vertex -39 127.5 18
      vertex -39.3916 127.526 12
      vertex -39 127.5 12
    endloop
  endfacet
  facet normal -0.980728 0.195379 0
    outer loop
      vertex -41.9743 130.892 12
      vertex -41.8978 131.276 18
      vertex -41.8978 131.276 12
    endloop
  endfacet
  facet normal -0.980728 0.195379 0
    outer loop
      vertex -41.8978 131.276 18
      vertex -41.9743 130.892 12
      vertex -41.9743 130.892 18
    endloop
  endfacet
  facet normal -0.321194 0.947013 0
    outer loop
      vertex -39.7765 133.398 12
      vertex -40.148 133.272 18
      vertex -39.7765 133.398 18
    endloop
  endfacet
  facet normal -0.321194 0.947013 0
    outer loop
      vertex -40.148 133.272 18
      vertex -39.7765 133.398 12
      vertex -40.148 133.272 12
    endloop
  endfacet
  facet normal 0.321194 0.947013 -0
    outer loop
      vertex -37.852 133.272 12
      vertex -38.2235 133.398 18
      vertex -37.852 133.272 18
    endloop
  endfacet
  facet normal 0.321194 0.947013 0
    outer loop
      vertex -38.2235 133.398 18
      vertex -37.852 133.272 12
      vertex -38.2235 133.398 12
    endloop
  endfacet
  facet normal 0.321194 -0.947013 0
    outer loop
      vertex -38.2235 127.602 12
      vertex -37.852 127.728 18
      vertex -38.2235 127.602 18
    endloop
  endfacet
  facet normal 0.321194 -0.947013 0
    outer loop
      vertex -37.852 127.728 18
      vertex -38.2235 127.602 12
      vertex -37.852 127.728 12
    endloop
  endfacet
  facet normal -0.321194 -0.947013 0
    outer loop
      vertex -40.148 127.728 12
      vertex -39.7765 127.602 18
      vertex -40.148 127.728 18
    endloop
  endfacet
  facet normal -0.321194 -0.947013 -0
    outer loop
      vertex -39.7765 127.602 18
      vertex -40.148 127.728 12
      vertex -39.7765 127.602 12
    endloop
  endfacet
  facet normal 0 0 1
    outer loop
      vertex -37.9 130.5 18
      vertex -36 130.5 18
      vertex -36.0257 130.892 18
    endloop
  endfacet
  facet normal 0 0 1
    outer loop
      vertex -37.9094 130.644 18
      vertex -36.0257 130.892 18
      vertex -36.1022 131.276 18
    endloop
  endfacet
  facet normal 0 0 1
    outer loop
      vertex -36 130.5 18
      vertex -37.9 130.5 18
      vertex -36.0257 130.108 18
    endloop
  endfacet
  facet normal 0 0 1
    outer loop
      vertex -37.9375 130.785 18
      vertex -36.1022 131.276 18
      vertex -36.2284 131.648 18
    endloop
  endfacet
  facet normal -0 0 1
    outer loop
      vertex -37.9094 130.356 18
      vertex -36.0257 130.108 18
      vertex -37.9 130.5 18
    endloop
  endfacet
  facet normal 0 0 1
    outer loop
      vertex -37.9837 130.921 18
      vertex -36.2284 131.648 18
      vertex -36.4019 132 18
    endloop
  endfacet
  facet normal 0 0 1
    outer loop
      vertex -36.0257 130.108 18
      vertex -37.9094 130.356 18
      vertex -36.1022 129.724 18
    endloop
  endfacet
  facet normal 0 0 1
    outer loop
      vertex -38.0474 131.05 18
      vertex -36.4019 132 18
      vertex -36.6199 132.326 18
    endloop
  endfacet
  facet normal -0 0 1
    outer loop
      vertex -37.9375 130.215 18
      vertex -36.1022 129.724 18
      vertex -37.9094 130.356 18
    endloop
  endfacet
  facet normal 0 0 1
    outer loop
      vertex -38.1273 131.17 18
      vertex -36.6199 132.326 18
      vertex -36.8787 132.621 18
    endloop
  endfacet
  facet normal 0 0 1
    outer loop
      vertex -36.1022 129.724 18
      vertex -37.9375 130.215 18
      vertex -36.2284 129.352 18
    endloop
  endfacet
  facet normal 0 0 1
    outer loop
      vertex -38.2222 131.278 18
      vertex -36.8787 132.621 18
      vertex -37.1737 132.88 18
    endloop
  endfacet
  facet normal -0 0 1
    outer loop
      vertex -37.9837 130.079 18
      vertex -36.2284 129.352 18
      vertex -37.9375 130.215 18
    endloop
  endfacet
  facet normal 0 0 1
    outer loop
      vertex -38.3304 131.373 18
      vertex -37.1737 132.88 18
      vertex -37.5 133.098 18
    endloop
  endfacet
  facet normal 0 0 1
    outer loop
      vertex -36.2284 129.352 18
      vertex -37.9837 130.079 18
      vertex -36.4019 129 18
    endloop
  endfacet
  facet normal 0 0 1
    outer loop
      vertex -38.45 131.453 18
      vertex -37.5 133.098 18
      vertex -37.852 133.272 18
    endloop
  endfacet
  facet normal -0 0 1
    outer loop
      vertex -38.0474 129.95 18
      vertex -36.4019 129 18
      vertex -37.9837 130.079 18
    endloop
  endfacet
  facet normal 0 0 1
    outer loop
      vertex -36.4019 129 18
      vertex -38.0474 129.95 18
      vertex -36.6199 128.674 18
    endloop
  endfacet
  facet normal 0 0 1
    outer loop
      vertex -36.0257 130.892 18
      vertex -37.9094 130.644 18
      vertex -37.9 130.5 18
    endloop
  endfacet
  facet normal 0 0 1
    outer loop
      vertex -36.1022 131.276 18
      vertex -37.9375 130.785 18
      vertex -37.9094 130.644 18
    endloop
  endfacet
  facet normal 0 0 1
    outer loop
      vertex -36.2284 131.648 18
      vertex -37.9837 130.921 18
      vertex -37.9375 130.785 18
    endloop
  endfacet
  facet normal 0 0 1
    outer loop
      vertex -36.4019 132 18
      vertex -38.0474 131.05 18
      vertex -37.9837 130.921 18
    endloop
  endfacet
  facet normal 0 0 1
    outer loop
      vertex -36.6199 132.326 18
      vertex -38.1273 131.17 18
      vertex -38.0474 131.05 18
    endloop
  endfacet
  facet normal 0 0 1
    outer loop
      vertex -36.8787 132.621 18
      vertex -38.2222 131.278 18
      vertex -38.1273 131.17 18
    endloop
  endfacet
  facet normal 0 0 1
    outer loop
      vertex -38.579 131.516 18
      vertex -37.852 133.272 18
      vertex -38.2235 133.398 18
    endloop
  endfacet
  facet normal 0 0 1
    outer loop
      vertex -37.1737 132.88 18
      vertex -38.3304 131.373 18
      vertex -38.2222 131.278 18
    endloop
  endfacet
  facet normal 0 0 1
    outer loop
      vertex -37.5 133.098 18
      vertex -38.45 131.453 18
      vertex -38.3304 131.373 18
    endloop
  endfacet
  facet normal 0 0 1
    outer loop
      vertex -37.852 133.272 18
      vertex -38.579 131.516 18
      vertex -38.45 131.453 18
    endloop
  endfacet
  facet normal 0 0 1
    outer loop
      vertex -38.7153 131.563 18
      vertex -38.2235 133.398 18
      vertex -38.6084 133.474 18
    endloop
  endfacet
  facet normal 0 0 1
    outer loop
      vertex -38.2235 133.398 18
      vertex -38.7153 131.563 18
      vertex -38.579 131.516 18
    endloop
  endfacet
  facet normal 0 0 1
    outer loop
      vertex -38.6084 133.474 18
      vertex -38.8564 131.591 18
      vertex -38.7153 131.563 18
    endloop
  endfacet
  facet normal 0 0 1
    outer loop
      vertex -39 133.5 18
      vertex -38.8564 131.591 18
      vertex -38.6084 133.474 18
    endloop
  endfacet
  facet normal 0 0 1
    outer loop
      vertex -39 133.5 18
      vertex -39 131.6 18
      vertex -38.8564 131.591 18
    endloop
  endfacet
  facet normal 0 0 1
    outer loop
      vertex -39 133.5 18
      vertex -39.1436 131.591 18
      vertex -39 131.6 18
    endloop
  endfacet
  facet normal -0 0 1
    outer loop
      vertex -39.3916 133.474 18
      vertex -39.1436 131.591 18
      vertex -39 133.5 18
    endloop
  endfacet
  facet normal 0 0 1
    outer loop
      vertex -39.1436 131.591 18
      vertex -39.3916 133.474 18
      vertex -39.2847 131.563 18
    endloop
  endfacet
  facet normal -0 0 1
    outer loop
      vertex -39.7765 133.398 18
      vertex -39.2847 131.563 18
      vertex -39.3916 133.474 18
    endloop
  endfacet
  facet normal 0 0 1
    outer loop
      vertex -39.2847 131.563 18
      vertex -39.7765 133.398 18
      vertex -39.421 131.516 18
    endloop
  endfacet
  facet normal -0 0 1
    outer loop
      vertex -40.148 133.272 18
      vertex -39.421 131.516 18
      vertex -39.7765 133.398 18
    endloop
  endfacet
  facet normal 0 0 1
    outer loop
      vertex -39.421 131.516 18
      vertex -40.148 133.272 18
      vertex -39.55 131.453 18
    endloop
  endfacet
  facet normal -0 0 1
    outer loop
      vertex -40.5 133.098 18
      vertex -39.55 131.453 18
      vertex -40.148 133.272 18
    endloop
  endfacet
  facet normal 0 0 1
    outer loop
      vertex -39.55 131.453 18
      vertex -40.5 133.098 18
      vertex -39.6696 131.373 18
    endloop
  endfacet
  facet normal -0 0 1
    outer loop
      vertex -40.8263 132.88 18
      vertex -39.6696 131.373 18
      vertex -40.5 133.098 18
    endloop
  endfacet
  facet normal 0 0 1
    outer loop
      vertex -39.6696 131.373 18
      vertex -40.8263 132.88 18
      vertex -39.7778 131.278 18
    endloop
  endfacet
  facet normal -0 0 1
    outer loop
      vertex -41.1213 132.621 18
      vertex -39.7778 131.278 18
      vertex -40.8263 132.88 18
    endloop
  endfacet
  facet normal 0 0 1
    outer loop
      vertex -39.7778 131.278 18
      vertex -41.1213 132.621 18
      vertex -39.8727 131.17 18
    endloop
  endfacet
  facet normal 0 0 1
    outer loop
      vertex -39.8727 131.17 18
      vertex -41.3801 132.326 18
      vertex -39.9526 131.05 18
    endloop
  endfacet
  facet normal -0 0 1
    outer loop
      vertex -41.3801 132.326 18
      vertex -39.8727 131.17 18
      vertex -41.1213 132.621 18
    endloop
  endfacet
  facet normal -0 0 1
    outer loop
      vertex -38.1273 129.83 18
      vertex -36.6199 128.674 18
      vertex -38.0474 129.95 18
    endloop
  endfacet
  facet normal 0 0 1
    outer loop
      vertex -36.6199 128.674 18
      vertex -38.1273 129.83 18
      vertex -36.8787 128.379 18
    endloop
  endfacet
  facet normal -0 0 1
    outer loop
      vertex -38.2222 129.722 18
      vertex -36.8787 128.379 18
      vertex -38.1273 129.83 18
    endloop
  endfacet
  facet normal 0 0 1
    outer loop
      vertex -36.8787 128.379 18
      vertex -38.2222 129.722 18
      vertex -37.1737 128.12 18
    endloop
  endfacet
  facet normal -0 0 1
    outer loop
      vertex -38.3304 129.627 18
      vertex -37.1737 128.12 18
      vertex -38.2222 129.722 18
    endloop
  endfacet
  facet normal 0 0 1
    outer loop
      vertex -37.1737 128.12 18
      vertex -38.3304 129.627 18
      vertex -37.5 127.902 18
    endloop
  endfacet
  facet normal -0 0 1
    outer loop
      vertex -38.45 129.547 18
      vertex -37.5 127.902 18
      vertex -38.3304 129.627 18
    endloop
  endfacet
  facet normal 0 0 1
    outer loop
      vertex -37.5 127.902 18
      vertex -38.45 129.547 18
      vertex -37.852 127.728 18
    endloop
  endfacet
  facet normal -0 0 1
    outer loop
      vertex -38.579 129.484 18
      vertex -37.852 127.728 18
      vertex -38.45 129.547 18
    endloop
  endfacet
  facet normal 0 0 1
    outer loop
      vertex -37.852 127.728 18
      vertex -38.579 129.484 18
      vertex -38.2235 127.602 18
    endloop
  endfacet
  facet normal -0 0 1
    outer loop
      vertex -38.7153 129.437 18
      vertex -38.2235 127.602 18
      vertex -38.579 129.484 18
    endloop
  endfacet
  facet normal 0 0 1
    outer loop
      vertex -38.2235 127.602 18
      vertex -38.7153 129.437 18
      vertex -38.6084 127.526 18
    endloop
  endfacet
  facet normal -0 0 1
    outer loop
      vertex -38.8564 129.409 18
      vertex -38.6084 127.526 18
      vertex -38.7153 129.437 18
    endloop
  endfacet
  facet normal -0 0 1
    outer loop
      vertex -39 129.4 18
      vertex -38.6084 127.526 18
      vertex -38.8564 129.409 18
    endloop
  endfacet
  facet normal 0 0 1
    outer loop
      vertex -39 129.4 18
      vertex -39 127.5 18
      vertex -38.6084 127.526 18
    endloop
  endfacet
  facet normal 0 0 1
    outer loop
      vertex -39.1436 129.409 18
      vertex -39 127.5 18
      vertex -39 129.4 18
    endloop
  endfacet
  facet normal 0 0 1
    outer loop
      vertex -39.3916 127.526 18
      vertex -39.1436 129.409 18
      vertex -39.2847 129.437 18
    endloop
  endfacet
  facet normal 0 0 1
    outer loop
      vertex -39.1436 129.409 18
      vertex -39.3916 127.526 18
      vertex -39 127.5 18
    endloop
  endfacet
  facet normal 0 0 1
    outer loop
      vertex -39.7765 127.602 18
      vertex -39.2847 129.437 18
      vertex -39.421 129.484 18
    endloop
  endfacet
  facet normal 0 0 1
    outer loop
      vertex -40.148 127.728 18
      vertex -39.421 129.484 18
      vertex -39.55 129.547 18
    endloop
  endfacet
  facet normal 0 0 1
    outer loop
      vertex -40.5 127.902 18
      vertex -39.55 129.547 18
      vertex -39.6696 129.627 18
    endloop
  endfacet
  facet normal 0 0 1
    outer loop
      vertex -39.2847 129.437 18
      vertex -39.7765 127.602 18
      vertex -39.3916 127.526 18
    endloop
  endfacet
  facet normal 0 0 1
    outer loop
      vertex -40.8263 128.12 18
      vertex -39.6696 129.627 18
      vertex -39.7778 129.722 18
    endloop
  endfacet
  facet normal 0 0 1
    outer loop
      vertex -41.1213 128.379 18
      vertex -39.7778 129.722 18
      vertex -39.8727 129.83 18
    endloop
  endfacet
  facet normal 0 0 1
    outer loop
      vertex -41.3801 128.674 18
      vertex -39.8727 129.83 18
      vertex -39.9526 129.95 18
    endloop
  endfacet
  facet normal 0 0 1
    outer loop
      vertex -41.5981 129 18
      vertex -39.9526 129.95 18
      vertex -40.0163 130.079 18
    endloop
  endfacet
  facet normal 0 0 1
    outer loop
      vertex -41.7716 129.352 18
      vertex -40.0163 130.079 18
      vertex -40.0625 130.215 18
    endloop
  endfacet
  facet normal 0 0 1
    outer loop
      vertex -41.8978 129.724 18
      vertex -40.0625 130.215 18
      vertex -40.0906 130.356 18
    endloop
  endfacet
  facet normal 0 0 1
    outer loop
      vertex -39.421 129.484 18
      vertex -40.148 127.728 18
      vertex -39.7765 127.602 18
    endloop
  endfacet
  facet normal 0 0 1
    outer loop
      vertex -41.9743 130.108 18
      vertex -40.0906 130.356 18
      vertex -40.1 130.5 18
    endloop
  endfacet
  facet normal -0 0 1
    outer loop
      vertex -41.5981 132 18
      vertex -39.9526 131.05 18
      vertex -41.3801 132.326 18
    endloop
  endfacet
  facet normal 0 0 1
    outer loop
      vertex -39.9526 131.05 18
      vertex -41.5981 132 18
      vertex -40.0163 130.921 18
    endloop
  endfacet
  facet normal 0 0 1
    outer loop
      vertex -39.55 129.547 18
      vertex -40.5 127.902 18
      vertex -40.148 127.728 18
    endloop
  endfacet
  facet normal -0 0 1
    outer loop
      vertex -41.7716 131.648 18
      vertex -40.0163 130.921 18
      vertex -41.5981 132 18
    endloop
  endfacet
  facet normal 0 0 1
    outer loop
      vertex -39.6696 129.627 18
      vertex -40.8263 128.12 18
      vertex -40.5 127.902 18
    endloop
  endfacet
  facet normal 0 0 1
    outer loop
      vertex -40.0163 130.921 18
      vertex -41.7716 131.648 18
      vertex -40.0625 130.785 18
    endloop
  endfacet
  facet normal 0 0 1
    outer loop
      vertex -39.7778 129.722 18
      vertex -41.1213 128.379 18
      vertex -40.8263 128.12 18
    endloop
  endfacet
  facet normal -0 0 1
    outer loop
      vertex -41.8978 131.276 18
      vertex -40.0625 130.785 18
      vertex -41.7716 131.648 18
    endloop
  endfacet
  facet normal 0 0 1
    outer loop
      vertex -39.8727 129.83 18
      vertex -41.3801 128.674 18
      vertex -41.1213 128.379 18
    endloop
  endfacet
  facet normal 0 0 1
    outer loop
      vertex -40.0625 130.785 18
      vertex -41.8978 131.276 18
      vertex -40.0906 130.644 18
    endloop
  endfacet
  facet normal 0 0 1
    outer loop
      vertex -39.9526 129.95 18
      vertex -41.5981 129 18
      vertex -41.3801 128.674 18
    endloop
  endfacet
  facet normal -0 0 1
    outer loop
      vertex -41.9743 130.892 18
      vertex -40.0906 130.644 18
      vertex -41.8978 131.276 18
    endloop
  endfacet
  facet normal 0 0 1
    outer loop
      vertex -40.0163 130.079 18
      vertex -41.7716 129.352 18
      vertex -41.5981 129 18
    endloop
  endfacet
  facet normal 0 0 1
    outer loop
      vertex -40.0906 130.644 18
      vertex -41.9743 130.892 18
      vertex -40.1 130.5 18
    endloop
  endfacet
  facet normal 0 0 1
    outer loop
      vertex -40.0625 130.215 18
      vertex -41.8978 129.724 18
      vertex -41.7716 129.352 18
    endloop
  endfacet
  facet normal 0 0 1
    outer loop
      vertex -42 130.5 18
      vertex -40.1 130.5 18
      vertex -41.9743 130.892 18
    endloop
  endfacet
  facet normal 0 0 1
    outer loop
      vertex -40.0906 130.356 18
      vertex -41.9743 130.108 18
      vertex -41.8978 129.724 18
    endloop
  endfacet
  facet normal 0 0 1
    outer loop
      vertex -40.1 130.5 18
      vertex -42 130.5 18
      vertex -41.9743 130.108 18
    endloop
  endfacet
  facet normal 0.831265 -0.555877 0
    outer loop
      vertex -36.6199 128.674 18
      vertex -36.4019 129 12
      vertex -36.4019 129 18
    endloop
  endfacet
  facet normal 0.831265 -0.555877 0
    outer loop
      vertex -36.4019 129 12
      vertex -36.6199 128.674 18
      vertex -36.6199 128.674 12
    endloop
  endfacet
  facet normal -0.94699 -0.321264 0
    outer loop
      vertex -41.7716 129.352 12
      vertex -41.8978 129.724 18
      vertex -41.8978 129.724 12
    endloop
  endfacet
  facet normal -0.94699 -0.321264 0
    outer loop
      vertex -41.8978 129.724 18
      vertex -41.7716 129.352 12
      vertex -41.7716 129.352 18
    endloop
  endfacet
  facet normal -0.555523 -0.831501 0
    outer loop
      vertex -40.8263 128.12 12
      vertex -40.5 127.902 18
      vertex -40.8263 128.12 18
    endloop
  endfacet
  facet normal -0.555523 -0.831501 -0
    outer loop
      vertex -40.5 127.902 18
      vertex -40.8263 128.12 12
      vertex -40.5 127.902 12
    endloop
  endfacet
  facet normal -0.997858 0.0654208 0
    outer loop
      vertex -42 130.5 12
      vertex -41.9743 130.892 18
      vertex -41.9743 130.892 12
    endloop
  endfacet
  facet normal -0.997858 0.0654208 0
    outer loop
      vertex -41.9743 130.892 18
      vertex -42 130.5 12
      vertex -42 130.5 18
    endloop
  endfacet
  facet normal 0.94699 -0.321264 0
    outer loop
      vertex -36.2284 129.352 18
      vertex -36.1022 129.724 12
      vertex -36.1022 129.724 18
    endloop
  endfacet
  facet normal 0.94699 -0.321264 0
    outer loop
      vertex -36.1022 129.724 12
      vertex -36.2284 129.352 18
      vertex -36.2284 129.352 12
    endloop
  endfacet
  facet normal -0.443134 -0.896455 0
    outer loop
      vertex -40.5 127.902 12
      vertex -40.148 127.728 18
      vertex -40.5 127.902 18
    endloop
  endfacet
  facet normal -0.443134 -0.896455 -0
    outer loop
      vertex -40.148 127.728 18
      vertex -40.5 127.902 12
      vertex -40.148 127.728 12
    endloop
  endfacet
  facet normal -0.831265 0.555877 0
    outer loop
      vertex -41.5981 132 12
      vertex -41.3801 132.326 18
      vertex -41.3801 132.326 12
    endloop
  endfacet
  facet normal -0.831265 0.555877 0
    outer loop
      vertex -41.3801 132.326 18
      vertex -41.5981 132 12
      vertex -41.5981 132 18
    endloop
  endfacet
  facet normal -0.659766 0.751471 0
    outer loop
      vertex -40.8263 132.88 12
      vertex -41.1213 132.621 18
      vertex -40.8263 132.88 18
    endloop
  endfacet
  facet normal -0.659766 0.751471 0
    outer loop
      vertex -41.1213 132.621 18
      vertex -40.8263 132.88 12
      vertex -41.1213 132.621 12
    endloop
  endfacet
  facet normal -0.896961 0.44211 0
    outer loop
      vertex -41.7716 131.648 12
      vertex -41.5981 132 18
      vertex -41.5981 132 12
    endloop
  endfacet
  facet normal -0.896961 0.44211 0
    outer loop
      vertex -41.5981 132 18
      vertex -41.7716 131.648 12
      vertex -41.7716 131.648 18
    endloop
  endfacet
  facet normal 0.0662484 -0.997803 0
    outer loop
      vertex -39 127.5 12
      vertex -38.6084 127.526 18
      vertex -39 127.5 18
    endloop
  endfacet
  facet normal 0.0662484 -0.997803 0
    outer loop
      vertex -38.6084 127.526 18
      vertex -39 127.5 12
      vertex -38.6084 127.526 12
    endloop
  endfacet
  facet normal -0.193714 -0.981058 0
    outer loop
      vertex -39.7765 127.602 12
      vertex -39.3916 127.526 18
      vertex -39.7765 127.602 18
    endloop
  endfacet
  facet normal -0.193714 -0.981058 -0
    outer loop
      vertex -39.3916 127.526 18
      vertex -39.7765 127.602 12
      vertex -39.3916 127.526 12
    endloop
  endfacet
  facet normal 0.896961 -0.44211 0
    outer loop
      vertex -36.4019 129 18
      vertex -36.2284 129.352 12
      vertex -36.2284 129.352 18
    endloop
  endfacet
  facet normal 0.896961 -0.44211 0
    outer loop
      vertex -36.2284 129.352 12
      vertex -36.4019 129 18
      vertex -36.4019 129 12
    endloop
  endfacet
  facet normal -0.659766 -0.751471 0
    outer loop
      vertex -41.1213 128.379 12
      vertex -40.8263 128.12 18
      vertex -41.1213 128.379 18
    endloop
  endfacet
  facet normal -0.659766 -0.751471 -0
    outer loop
      vertex -40.8263 128.12 18
      vertex -41.1213 128.379 12
      vertex -40.8263 128.12 12
    endloop
  endfacet
  facet normal -0.751724 0.659478 0
    outer loop
      vertex -41.3801 132.326 12
      vertex -41.1213 132.621 18
      vertex -41.1213 132.621 12
    endloop
  endfacet
  facet normal -0.751724 0.659478 0
    outer loop
      vertex -41.1213 132.621 18
      vertex -41.3801 132.326 12
      vertex -41.3801 132.326 18
    endloop
  endfacet
  facet normal -0.946858 -0.321651 0
    outer loop
      vertex 16.2284 80.352 12
      vertex 16.1022 80.7235 18
      vertex 16.1022 80.7235 12
    endloop
  endfacet
  facet normal -0.946858 -0.321651 0
    outer loop
      vertex 16.1022 80.7235 18
      vertex 16.2284 80.352 12
      vertex 16.2284 80.352 18
    endloop
  endfacet
  facet normal 0.19494 -0.980815 0
    outer loop
      vertex 19.3916 78.5257 12
      vertex 19.7765 78.6022 18
      vertex 19.3916 78.5257 18
    endloop
  endfacet
  facet normal 0.19494 -0.980815 0
    outer loop
      vertex 19.7765 78.6022 18
      vertex 19.3916 78.5257 12
      vertex 19.7765 78.6022 12
    endloop
  endfacet
  facet normal 0.980815 0.19494 0
    outer loop
      vertex 21.9743 81.8916 18
      vertex 21.8978 82.2765 12
      vertex 21.8978 82.2765 18
    endloop
  endfacet
  facet normal 0.980815 0.19494 0
    outer loop
      vertex 21.8978 82.2765 12
      vertex 21.9743 81.8916 18
      vertex 21.9743 81.8916 12
    endloop
  endfacet
  facet normal 0.997853 0.0654873 0
    outer loop
      vertex 22 81.5 18
      vertex 21.9743 81.8916 12
      vertex 21.9743 81.8916 18
    endloop
  endfacet
  facet normal 0.997853 0.0654873 0
    outer loop
      vertex 21.9743 81.8916 12
      vertex 22 81.5 18
      vertex 22 81.5 12
    endloop
  endfacet
  facet normal -0.442211 0.896911 0
    outer loop
      vertex 17.8519 84.2716 12
      vertex 17.5 84.0981 18
      vertex 17.8519 84.2716 18
    endloop
  endfacet
  facet normal -0.442211 0.896911 0
    outer loop
      vertex 17.5 84.0981 18
      vertex 17.8519 84.2716 12
      vertex 17.5 84.0981 12
    endloop
  endfacet
  facet normal 0.946858 0.321651 0
    outer loop
      vertex 21.8978 82.2765 18
      vertex 21.7716 82.648 12
      vertex 21.7716 82.648 18
    endloop
  endfacet
  facet normal 0.946858 0.321651 0
    outer loop
      vertex 21.7716 82.648 12
      vertex 21.8978 82.2765 18
      vertex 21.8978 82.2765 12
    endloop
  endfacet
  facet normal 0.896961 -0.44211 0
    outer loop
      vertex 21.5981 80 18
      vertex 21.7716 80.352 12
      vertex 21.7716 80.352 18
    endloop
  endfacet
  facet normal 0.896961 -0.44211 0
    outer loop
      vertex 21.7716 80.352 12
      vertex 21.5981 80 18
      vertex 21.5981 80 12
    endloop
  endfacet
  facet normal 0.997853 -0.0654873 0
    outer loop
      vertex 21.9743 81.1084 18
      vertex 22 81.5 12
      vertex 22 81.5 18
    endloop
  endfacet
  facet normal 0.997853 -0.0654873 0
    outer loop
      vertex 22 81.5 12
      vertex 21.9743 81.1084 18
      vertex 21.9743 81.1084 12
    endloop
  endfacet
  facet normal 0.659478 0.751724 -0
    outer loop
      vertex 21.1213 83.6213 12
      vertex 20.8263 83.8801 18
      vertex 21.1213 83.6213 18
    endloop
  endfacet
  facet normal 0.659478 0.751724 0
    outer loop
      vertex 20.8263 83.8801 18
      vertex 21.1213 83.6213 12
      vertex 20.8263 83.8801 12
    endloop
  endfacet
  facet normal -0.659478 0.751724 0
    outer loop
      vertex 17.1737 83.8801 12
      vertex 16.8787 83.6213 18
      vertex 17.1737 83.8801 18
    endloop
  endfacet
  facet normal -0.659478 0.751724 0
    outer loop
      vertex 16.8787 83.6213 18
      vertex 17.1737 83.8801 12
      vertex 16.8787 83.6213 12
    endloop
  endfacet
  facet normal 0.0654873 0.997853 -0
    outer loop
      vertex 19.3916 84.4743 12
      vertex 19 84.5 18
      vertex 19.3916 84.4743 18
    endloop
  endfacet
  facet normal 0.0654873 0.997853 0
    outer loop
      vertex 19 84.5 18
      vertex 19.3916 84.4743 12
      vertex 19 84.5 12
    endloop
  endfacet
  facet normal -0.19494 -0.980815 0
    outer loop
      vertex 18.2235 78.6022 12
      vertex 18.6084 78.5257 18
      vertex 18.2235 78.6022 18
    endloop
  endfacet
  facet normal -0.19494 -0.980815 -0
    outer loop
      vertex 18.6084 78.5257 18
      vertex 18.2235 78.6022 12
      vertex 18.6084 78.5257 12
    endloop
  endfacet
  facet normal -0.997853 0.0654873 0
    outer loop
      vertex 16 81.5 12
      vertex 16.0257 81.8916 18
      vertex 16.0257 81.8916 12
    endloop
  endfacet
  facet normal -0.997853 0.0654873 0
    outer loop
      vertex 16.0257 81.8916 18
      vertex 16 81.5 12
      vertex 16 81.5 18
    endloop
  endfacet
  facet normal -0.751724 -0.659478 0
    outer loop
      vertex 16.8787 79.3787 12
      vertex 16.6199 79.6737 18
      vertex 16.6199 79.6737 12
    endloop
  endfacet
  facet normal -0.751724 -0.659478 0
    outer loop
      vertex 16.6199 79.6737 18
      vertex 16.8787 79.3787 12
      vertex 16.8787 79.3787 18
    endloop
  endfacet
  facet normal -0.980815 -0.19494 0
    outer loop
      vertex 16.1022 80.7235 12
      vertex 16.0257 81.1084 18
      vertex 16.0257 81.1084 12
    endloop
  endfacet
  facet normal -0.980815 -0.19494 0
    outer loop
      vertex 16.0257 81.1084 18
      vertex 16.1022 80.7235 12
      vertex 16.1022 80.7235 18
    endloop
  endfacet
  facet normal 0.831501 -0.555523 0
    outer loop
      vertex 21.3801 79.6737 18
      vertex 21.5981 80 12
      vertex 21.5981 80 18
    endloop
  endfacet
  facet normal 0.831501 -0.555523 0
    outer loop
      vertex 21.5981 80 12
      vertex 21.3801 79.6737 18
      vertex 21.3801 79.6737 12
    endloop
  endfacet
  facet normal -0.896961 0.44211 0
    outer loop
      vertex 16.2284 82.648 12
      vertex 16.4019 83 18
      vertex 16.4019 83 12
    endloop
  endfacet
  facet normal -0.896961 0.44211 0
    outer loop
      vertex 16.4019 83 18
      vertex 16.2284 82.648 12
      vertex 16.2284 82.648 18
    endloop
  endfacet
  facet normal -0.831501 0.555523 0
    outer loop
      vertex 16.4019 83 12
      vertex 16.6199 83.3263 18
      vertex 16.6199 83.3263 12
    endloop
  endfacet
  facet normal -0.831501 0.555523 0
    outer loop
      vertex 16.6199 83.3263 18
      vertex 16.4019 83 12
      vertex 16.4019 83 18
    endloop
  endfacet
  facet normal -0.0654873 0.997853 0
    outer loop
      vertex 19 84.5 12
      vertex 18.6084 84.4743 18
      vertex 19 84.5 18
    endloop
  endfacet
  facet normal -0.0654873 0.997853 0
    outer loop
      vertex 18.6084 84.4743 18
      vertex 19 84.5 12
      vertex 18.6084 84.4743 12
    endloop
  endfacet
  facet normal -0.321574 -0.946885 0
    outer loop
      vertex 17.8519 78.7284 12
      vertex 18.2235 78.6022 18
      vertex 17.8519 78.7284 18
    endloop
  endfacet
  facet normal -0.321574 -0.946885 -0
    outer loop
      vertex 18.2235 78.6022 18
      vertex 17.8519 78.7284 12
      vertex 18.2235 78.6022 12
    endloop
  endfacet
  facet normal 0.44211 0.896961 -0
    outer loop
      vertex 20.5 84.0981 12
      vertex 20.148 84.2716 18
      vertex 20.5 84.0981 18
    endloop
  endfacet
  facet normal 0.44211 0.896961 0
    outer loop
      vertex 20.148 84.2716 18
      vertex 20.5 84.0981 12
      vertex 20.148 84.2716 12
    endloop
  endfacet
  facet normal 0.0654873 -0.997853 0
    outer loop
      vertex 19 78.5 12
      vertex 19.3916 78.5257 18
      vertex 19 78.5 18
    endloop
  endfacet
  facet normal 0.0654873 -0.997853 0
    outer loop
      vertex 19.3916 78.5257 18
      vertex 19 78.5 12
      vertex 19.3916 78.5257 12
    endloop
  endfacet
  facet normal 0.555523 -0.831501 0
    outer loop
      vertex 20.5 78.9019 12
      vertex 20.8263 79.1199 18
      vertex 20.5 78.9019 18
    endloop
  endfacet
  facet normal 0.555523 -0.831501 0
    outer loop
      vertex 20.8263 79.1199 18
      vertex 20.5 78.9019 12
      vertex 20.8263 79.1199 12
    endloop
  endfacet
  facet normal 0.980815 -0.19494 0
    outer loop
      vertex 21.8978 80.7235 18
      vertex 21.9743 81.1084 12
      vertex 21.9743 81.1084 18
    endloop
  endfacet
  facet normal 0.980815 -0.19494 0
    outer loop
      vertex 21.9743 81.1084 12
      vertex 21.8978 80.7235 18
      vertex 21.8978 80.7235 12
    endloop
  endfacet
  facet normal -0.751724 0.659478 0
    outer loop
      vertex 16.6199 83.3263 12
      vertex 16.8787 83.6213 18
      vertex 16.8787 83.6213 12
    endloop
  endfacet
  facet normal -0.751724 0.659478 0
    outer loop
      vertex 16.8787 83.6213 18
      vertex 16.6199 83.3263 12
      vertex 16.6199 83.3263 18
    endloop
  endfacet
  facet normal -0.980815 0.19494 0
    outer loop
      vertex 16.0257 81.8916 12
      vertex 16.1022 82.2765 18
      vertex 16.1022 82.2765 12
    endloop
  endfacet
  facet normal -0.980815 0.19494 0
    outer loop
      vertex 16.1022 82.2765 18
      vertex 16.0257 81.8916 12
      vertex 16.0257 81.8916 18
    endloop
  endfacet
  facet normal 0.831501 0.555523 0
    outer loop
      vertex 21.5981 83 18
      vertex 21.3801 83.3263 12
      vertex 21.3801 83.3263 18
    endloop
  endfacet
  facet normal 0.831501 0.555523 0
    outer loop
      vertex 21.3801 83.3263 12
      vertex 21.5981 83 18
      vertex 21.5981 83 12
    endloop
  endfacet
  facet normal 0.555523 0.831501 -0
    outer loop
      vertex 20.8263 83.8801 12
      vertex 20.5 84.0981 18
      vertex 20.8263 83.8801 18
    endloop
  endfacet
  facet normal 0.555523 0.831501 0
    outer loop
      vertex 20.5 84.0981 18
      vertex 20.8263 83.8801 12
      vertex 20.5 84.0981 12
    endloop
  endfacet
  facet normal -0.997853 -0.0654873 0
    outer loop
      vertex 16.0257 81.1084 12
      vertex 16 81.5 18
      vertex 16 81.5 12
    endloop
  endfacet
  facet normal -0.997853 -0.0654873 0
    outer loop
      vertex 16 81.5 18
      vertex 16.0257 81.1084 12
      vertex 16.0257 81.1084 18
    endloop
  endfacet
  facet normal 0.321651 0.946858 -0
    outer loop
      vertex 20.148 84.2716 12
      vertex 19.7765 84.3978 18
      vertex 20.148 84.2716 18
    endloop
  endfacet
  facet normal 0.321651 0.946858 0
    outer loop
      vertex 19.7765 84.3978 18
      vertex 20.148 84.2716 12
      vertex 19.7765 84.3978 12
    endloop
  endfacet
  facet normal 0.659478 -0.751724 0
    outer loop
      vertex 20.8263 79.1199 12
      vertex 21.1213 79.3787 18
      vertex 20.8263 79.1199 18
    endloop
  endfacet
  facet normal 0.659478 -0.751724 0
    outer loop
      vertex 21.1213 79.3787 18
      vertex 20.8263 79.1199 12
      vertex 21.1213 79.3787 12
    endloop
  endfacet
  facet normal -0.19494 0.980815 0
    outer loop
      vertex 18.6084 84.4743 12
      vertex 18.2235 84.3978 18
      vertex 18.6084 84.4743 18
    endloop
  endfacet
  facet normal -0.19494 0.980815 0
    outer loop
      vertex 18.2235 84.3978 18
      vertex 18.6084 84.4743 12
      vertex 18.2235 84.3978 12
    endloop
  endfacet
  facet normal 0.896961 0.44211 0
    outer loop
      vertex 21.7716 82.648 18
      vertex 21.5981 83 12
      vertex 21.5981 83 18
    endloop
  endfacet
  facet normal 0.896961 0.44211 0
    outer loop
      vertex 21.5981 83 12
      vertex 21.7716 82.648 18
      vertex 21.7716 82.648 12
    endloop
  endfacet
  facet normal -0.555523 -0.831501 0
    outer loop
      vertex 17.1737 79.1199 12
      vertex 17.5 78.9019 18
      vertex 17.1737 79.1199 18
    endloop
  endfacet
  facet normal -0.555523 -0.831501 -0
    outer loop
      vertex 17.5 78.9019 18
      vertex 17.1737 79.1199 12
      vertex 17.5 78.9019 12
    endloop
  endfacet
  facet normal -0.659478 -0.751724 0
    outer loop
      vertex 16.8787 79.3787 12
      vertex 17.1737 79.1199 18
      vertex 16.8787 79.3787 18
    endloop
  endfacet
  facet normal -0.659478 -0.751724 -0
    outer loop
      vertex 17.1737 79.1199 18
      vertex 16.8787 79.3787 12
      vertex 17.1737 79.1199 12
    endloop
  endfacet
  facet normal 0.751724 -0.659478 0
    outer loop
      vertex 21.1213 79.3787 18
      vertex 21.3801 79.6737 12
      vertex 21.3801 79.6737 18
    endloop
  endfacet
  facet normal 0.751724 -0.659478 0
    outer loop
      vertex 21.3801 79.6737 12
      vertex 21.1213 79.3787 18
      vertex 21.1213 79.3787 12
    endloop
  endfacet
  facet normal -0.896961 -0.44211 0
    outer loop
      vertex 16.4019 80 12
      vertex 16.2284 80.352 18
      vertex 16.2284 80.352 12
    endloop
  endfacet
  facet normal -0.896961 -0.44211 0
    outer loop
      vertex 16.2284 80.352 18
      vertex 16.4019 80 12
      vertex 16.4019 80 18
    endloop
  endfacet
  facet normal -0.0654873 -0.997853 0
    outer loop
      vertex 18.6084 78.5257 12
      vertex 19 78.5 18
      vertex 18.6084 78.5257 18
    endloop
  endfacet
  facet normal -0.0654873 -0.997853 -0
    outer loop
      vertex 19 78.5 18
      vertex 18.6084 78.5257 12
      vertex 19 78.5 12
    endloop
  endfacet
  facet normal 0.751724 0.659478 0
    outer loop
      vertex 21.3801 83.3263 18
      vertex 21.1213 83.6213 12
      vertex 21.1213 83.6213 18
    endloop
  endfacet
  facet normal 0.751724 0.659478 0
    outer loop
      vertex 21.1213 83.6213 12
      vertex 21.3801 83.3263 18
      vertex 21.3801 83.3263 12
    endloop
  endfacet
  facet normal -0.555523 0.831501 0
    outer loop
      vertex 17.5 84.0981 12
      vertex 17.1737 83.8801 18
      vertex 17.5 84.0981 18
    endloop
  endfacet
  facet normal -0.555523 0.831501 0
    outer loop
      vertex 17.1737 83.8801 18
      vertex 17.5 84.0981 12
      vertex 17.1737 83.8801 12
    endloop
  endfacet
  facet normal 0 0 1
    outer loop
      vertex 20.1 81.5 18
      vertex 22 81.5 18
      vertex 21.9743 81.8916 18
    endloop
  endfacet
  facet normal 0 0 1
    outer loop
      vertex 20.0906 81.6436 18
      vertex 21.9743 81.8916 18
      vertex 21.8978 82.2765 18
    endloop
  endfacet
  facet normal 0 0 1
    outer loop
      vertex 22 81.5 18
      vertex 20.1 81.5 18
      vertex 21.9743 81.1084 18
    endloop
  endfacet
  facet normal 0 0 1
    outer loop
      vertex 20.0625 81.7847 18
      vertex 21.8978 82.2765 18
      vertex 21.7716 82.648 18
    endloop
  endfacet
  facet normal -0 0 1
    outer loop
      vertex 20.0906 81.3564 18
      vertex 21.9743 81.1084 18
      vertex 20.1 81.5 18
    endloop
  endfacet
  facet normal 0 0 1
    outer loop
      vertex 20.0163 81.921 18
      vertex 21.7716 82.648 18
      vertex 21.5981 83 18
    endloop
  endfacet
  facet normal 0 0 1
    outer loop
      vertex 21.9743 81.1084 18
      vertex 20.0906 81.3564 18
      vertex 21.8978 80.7235 18
    endloop
  endfacet
  facet normal 0 0 1
    outer loop
      vertex 19.9526 82.05 18
      vertex 21.5981 83 18
      vertex 21.3801 83.3263 18
    endloop
  endfacet
  facet normal -0 0 1
    outer loop
      vertex 20.0625 81.2153 18
      vertex 21.8978 80.7235 18
      vertex 20.0906 81.3564 18
    endloop
  endfacet
  facet normal 0 0 1
    outer loop
      vertex 19.8727 82.1696 18
      vertex 21.3801 83.3263 18
      vertex 21.1213 83.6213 18
    endloop
  endfacet
  facet normal 0 0 1
    outer loop
      vertex 21.8978 80.7235 18
      vertex 20.0625 81.2153 18
      vertex 21.7716 80.352 18
    endloop
  endfacet
  facet normal 0 0 1
    outer loop
      vertex 19.7778 82.2778 18
      vertex 21.1213 83.6213 18
      vertex 20.8263 83.8801 18
    endloop
  endfacet
  facet normal -0 0 1
    outer loop
      vertex 20.0163 81.079 18
      vertex 21.7716 80.352 18
      vertex 20.0625 81.2153 18
    endloop
  endfacet
  facet normal 0 0 1
    outer loop
      vertex 19.6696 82.3727 18
      vertex 20.8263 83.8801 18
      vertex 20.5 84.0981 18
    endloop
  endfacet
  facet normal 0 0 1
    outer loop
      vertex 21.7716 80.352 18
      vertex 20.0163 81.079 18
      vertex 21.5981 80 18
    endloop
  endfacet
  facet normal 0 0 1
    outer loop
      vertex 19.55 82.4526 18
      vertex 20.5 84.0981 18
      vertex 20.148 84.2716 18
    endloop
  endfacet
  facet normal -0 0 1
    outer loop
      vertex 19.9526 80.95 18
      vertex 21.5981 80 18
      vertex 20.0163 81.079 18
    endloop
  endfacet
  facet normal 0 0 1
    outer loop
      vertex 21.5981 80 18
      vertex 19.9526 80.95 18
      vertex 21.3801 79.6737 18
    endloop
  endfacet
  facet normal 0 0 1
    outer loop
      vertex 21.9743 81.8916 18
      vertex 20.0906 81.6436 18
      vertex 20.1 81.5 18
    endloop
  endfacet
  facet normal 0 0 1
    outer loop
      vertex 21.8978 82.2765 18
      vertex 20.0625 81.7847 18
      vertex 20.0906 81.6436 18
    endloop
  endfacet
  facet normal 0 0 1
    outer loop
      vertex 21.7716 82.648 18
      vertex 20.0163 81.921 18
      vertex 20.0625 81.7847 18
    endloop
  endfacet
  facet normal 0 0 1
    outer loop
      vertex 21.5981 83 18
      vertex 19.9526 82.05 18
      vertex 20.0163 81.921 18
    endloop
  endfacet
  facet normal 0 0 1
    outer loop
      vertex 21.3801 83.3263 18
      vertex 19.8727 82.1696 18
      vertex 19.9526 82.05 18
    endloop
  endfacet
  facet normal 0 0 1
    outer loop
      vertex 21.1213 83.6213 18
      vertex 19.7778 82.2778 18
      vertex 19.8727 82.1696 18
    endloop
  endfacet
  facet normal 0 0 1
    outer loop
      vertex 19.421 82.5163 18
      vertex 20.148 84.2716 18
      vertex 19.7765 84.3978 18
    endloop
  endfacet
  facet normal 0 0 1
    outer loop
      vertex 20.8263 83.8801 18
      vertex 19.6696 82.3727 18
      vertex 19.7778 82.2778 18
    endloop
  endfacet
  facet normal 0 0 1
    outer loop
      vertex 20.5 84.0981 18
      vertex 19.55 82.4526 18
      vertex 19.6696 82.3727 18
    endloop
  endfacet
  facet normal 0 0 1
    outer loop
      vertex 20.148 84.2716 18
      vertex 19.421 82.5163 18
      vertex 19.55 82.4526 18
    endloop
  endfacet
  facet normal 0 0 1
    outer loop
      vertex 19.2847 82.5625 18
      vertex 19.7765 84.3978 18
      vertex 19.3916 84.4743 18
    endloop
  endfacet
  facet normal 0 0 1
    outer loop
      vertex 19.7765 84.3978 18
      vertex 19.2847 82.5625 18
      vertex 19.421 82.5163 18
    endloop
  endfacet
  facet normal 0 0 1
    outer loop
      vertex 19.3916 84.4743 18
      vertex 19.1436 82.5906 18
      vertex 19.2847 82.5625 18
    endloop
  endfacet
  facet normal 0 0 1
    outer loop
      vertex 19 84.5 18
      vertex 19.1436 82.5906 18
      vertex 19.3916 84.4743 18
    endloop
  endfacet
  facet normal 0 0 1
    outer loop
      vertex 19 84.5 18
      vertex 19 82.6 18
      vertex 19.1436 82.5906 18
    endloop
  endfacet
  facet normal 0 0 1
    outer loop
      vertex 19 84.5 18
      vertex 18.8564 82.5906 18
      vertex 19 82.6 18
    endloop
  endfacet
  facet normal -0 0 1
    outer loop
      vertex 18.6084 84.4743 18
      vertex 18.8564 82.5906 18
      vertex 19 84.5 18
    endloop
  endfacet
  facet normal 0 0 1
    outer loop
      vertex 18.8564 82.5906 18
      vertex 18.6084 84.4743 18
      vertex 18.7153 82.5625 18
    endloop
  endfacet
  facet normal -0 0 1
    outer loop
      vertex 18.2235 84.3978 18
      vertex 18.7153 82.5625 18
      vertex 18.6084 84.4743 18
    endloop
  endfacet
  facet normal 0 0 1
    outer loop
      vertex 18.7153 82.5625 18
      vertex 18.2235 84.3978 18
      vertex 18.579 82.5163 18
    endloop
  endfacet
  facet normal -0 0 1
    outer loop
      vertex 17.8519 84.2716 18
      vertex 18.579 82.5163 18
      vertex 18.2235 84.3978 18
    endloop
  endfacet
  facet normal 0 0 1
    outer loop
      vertex 18.579 82.5163 18
      vertex 17.8519 84.2716 18
      vertex 18.45 82.4526 18
    endloop
  endfacet
  facet normal -0 0 1
    outer loop
      vertex 17.5 84.0981 18
      vertex 18.45 82.4526 18
      vertex 17.8519 84.2716 18
    endloop
  endfacet
  facet normal 0 0 1
    outer loop
      vertex 18.45 82.4526 18
      vertex 17.5 84.0981 18
      vertex 18.3304 82.3727 18
    endloop
  endfacet
  facet normal -0 0 1
    outer loop
      vertex 17.1737 83.8801 18
      vertex 18.3304 82.3727 18
      vertex 17.5 84.0981 18
    endloop
  endfacet
  facet normal 0 0 1
    outer loop
      vertex 18.3304 82.3727 18
      vertex 17.1737 83.8801 18
      vertex 18.2222 82.2778 18
    endloop
  endfacet
  facet normal -0 0 1
    outer loop
      vertex 16.8787 83.6213 18
      vertex 18.2222 82.2778 18
      vertex 17.1737 83.8801 18
    endloop
  endfacet
  facet normal 0 0 1
    outer loop
      vertex 18.2222 82.2778 18
      vertex 16.8787 83.6213 18
      vertex 18.1273 82.1696 18
    endloop
  endfacet
  facet normal 0 0 1
    outer loop
      vertex 18.1273 82.1696 18
      vertex 16.6199 83.3263 18
      vertex 18.0474 82.05 18
    endloop
  endfacet
  facet normal -0 0 1
    outer loop
      vertex 16.6199 83.3263 18
      vertex 18.1273 82.1696 18
      vertex 16.8787 83.6213 18
    endloop
  endfacet
  facet normal -0 0 1
    outer loop
      vertex 19.8727 80.8304 18
      vertex 21.3801 79.6737 18
      vertex 19.9526 80.95 18
    endloop
  endfacet
  facet normal 0 0 1
    outer loop
      vertex 21.3801 79.6737 18
      vertex 19.8727 80.8304 18
      vertex 21.1213 79.3787 18
    endloop
  endfacet
  facet normal -0 0 1
    outer loop
      vertex 19.7778 80.7222 18
      vertex 21.1213 79.3787 18
      vertex 19.8727 80.8304 18
    endloop
  endfacet
  facet normal 0 0 1
    outer loop
      vertex 21.1213 79.3787 18
      vertex 19.7778 80.7222 18
      vertex 20.8263 79.1199 18
    endloop
  endfacet
  facet normal -0 0 1
    outer loop
      vertex 19.6696 80.6273 18
      vertex 20.8263 79.1199 18
      vertex 19.7778 80.7222 18
    endloop
  endfacet
  facet normal 0 0 1
    outer loop
      vertex 20.8263 79.1199 18
      vertex 19.6696 80.6273 18
      vertex 20.5 78.9019 18
    endloop
  endfacet
  facet normal -0 0 1
    outer loop
      vertex 19.55 80.5474 18
      vertex 20.5 78.9019 18
      vertex 19.6696 80.6273 18
    endloop
  endfacet
  facet normal 0 0 1
    outer loop
      vertex 20.5 78.9019 18
      vertex 19.55 80.5474 18
      vertex 20.148 78.7284 18
    endloop
  endfacet
  facet normal -0 0 1
    outer loop
      vertex 19.421 80.4837 18
      vertex 20.148 78.7284 18
      vertex 19.55 80.5474 18
    endloop
  endfacet
  facet normal 0 0 1
    outer loop
      vertex 20.148 78.7284 18
      vertex 19.421 80.4837 18
      vertex 19.7765 78.6022 18
    endloop
  endfacet
  facet normal -0 0 1
    outer loop
      vertex 19.2847 80.4375 18
      vertex 19.7765 78.6022 18
      vertex 19.421 80.4837 18
    endloop
  endfacet
  facet normal 0 0 1
    outer loop
      vertex 19.7765 78.6022 18
      vertex 19.2847 80.4375 18
      vertex 19.3916 78.5257 18
    endloop
  endfacet
  facet normal -0 0 1
    outer loop
      vertex 19.1436 80.4094 18
      vertex 19.3916 78.5257 18
      vertex 19.2847 80.4375 18
    endloop
  endfacet
  facet normal -0 0 1
    outer loop
      vertex 19 80.4 18
      vertex 19.3916 78.5257 18
      vertex 19.1436 80.4094 18
    endloop
  endfacet
  facet normal 0 0 1
    outer loop
      vertex 19 80.4 18
      vertex 19 78.5 18
      vertex 19.3916 78.5257 18
    endloop
  endfacet
  facet normal 0 0 1
    outer loop
      vertex 18.8564 80.4094 18
      vertex 19 78.5 18
      vertex 19 80.4 18
    endloop
  endfacet
  facet normal 0 0 1
    outer loop
      vertex 18.6084 78.5257 18
      vertex 18.8564 80.4094 18
      vertex 18.7153 80.4375 18
    endloop
  endfacet
  facet normal 0 0 1
    outer loop
      vertex 18.8564 80.4094 18
      vertex 18.6084 78.5257 18
      vertex 19 78.5 18
    endloop
  endfacet
  facet normal 0 0 1
    outer loop
      vertex 18.2235 78.6022 18
      vertex 18.7153 80.4375 18
      vertex 18.579 80.4837 18
    endloop
  endfacet
  facet normal 0 0 1
    outer loop
      vertex 17.8519 78.7284 18
      vertex 18.579 80.4837 18
      vertex 18.45 80.5474 18
    endloop
  endfacet
  facet normal 0 0 1
    outer loop
      vertex 17.5 78.9019 18
      vertex 18.45 80.5474 18
      vertex 18.3304 80.6273 18
    endloop
  endfacet
  facet normal 0 0 1
    outer loop
      vertex 18.7153 80.4375 18
      vertex 18.2235 78.6022 18
      vertex 18.6084 78.5257 18
    endloop
  endfacet
  facet normal 0 0 1
    outer loop
      vertex 17.1737 79.1199 18
      vertex 18.3304 80.6273 18
      vertex 18.2222 80.7222 18
    endloop
  endfacet
  facet normal 0 0 1
    outer loop
      vertex 16.8787 79.3787 18
      vertex 18.2222 80.7222 18
      vertex 18.1273 80.8304 18
    endloop
  endfacet
  facet normal 0 0 1
    outer loop
      vertex 16.6199 79.6737 18
      vertex 18.1273 80.8304 18
      vertex 18.0474 80.95 18
    endloop
  endfacet
  facet normal 0 0 1
    outer loop
      vertex 16.4019 80 18
      vertex 18.0474 80.95 18
      vertex 17.9837 81.079 18
    endloop
  endfacet
  facet normal 0 0 1
    outer loop
      vertex 16.2284 80.352 18
      vertex 17.9837 81.079 18
      vertex 17.9375 81.2153 18
    endloop
  endfacet
  facet normal 0 0 1
    outer loop
      vertex 16.1022 80.7235 18
      vertex 17.9375 81.2153 18
      vertex 17.9094 81.3564 18
    endloop
  endfacet
  facet normal 0 0 1
    outer loop
      vertex 18.579 80.4837 18
      vertex 17.8519 78.7284 18
      vertex 18.2235 78.6022 18
    endloop
  endfacet
  facet normal 0 0 1
    outer loop
      vertex 16.0257 81.1084 18
      vertex 17.9094 81.3564 18
      vertex 17.9 81.5 18
    endloop
  endfacet
  facet normal -0 0 1
    outer loop
      vertex 16.4019 83 18
      vertex 18.0474 82.05 18
      vertex 16.6199 83.3263 18
    endloop
  endfacet
  facet normal 0 0 1
    outer loop
      vertex 18.0474 82.05 18
      vertex 16.4019 83 18
      vertex 17.9837 81.921 18
    endloop
  endfacet
  facet normal 0 0 1
    outer loop
      vertex 18.45 80.5474 18
      vertex 17.5 78.9019 18
      vertex 17.8519 78.7284 18
    endloop
  endfacet
  facet normal -0 0 1
    outer loop
      vertex 16.2284 82.648 18
      vertex 17.9837 81.921 18
      vertex 16.4019 83 18
    endloop
  endfacet
  facet normal 0 0 1
    outer loop
      vertex 18.3304 80.6273 18
      vertex 17.1737 79.1199 18
      vertex 17.5 78.9019 18
    endloop
  endfacet
  facet normal 0 0 1
    outer loop
      vertex 17.9837 81.921 18
      vertex 16.2284 82.648 18
      vertex 17.9375 81.7847 18
    endloop
  endfacet
  facet normal 0 0 1
    outer loop
      vertex 18.2222 80.7222 18
      vertex 16.8787 79.3787 18
      vertex 17.1737 79.1199 18
    endloop
  endfacet
  facet normal -0 0 1
    outer loop
      vertex 16.1022 82.2765 18
      vertex 17.9375 81.7847 18
      vertex 16.2284 82.648 18
    endloop
  endfacet
  facet normal 0 0 1
    outer loop
      vertex 18.1273 80.8304 18
      vertex 16.6199 79.6737 18
      vertex 16.8787 79.3787 18
    endloop
  endfacet
  facet normal 0 0 1
    outer loop
      vertex 17.9375 81.7847 18
      vertex 16.1022 82.2765 18
      vertex 17.9094 81.6436 18
    endloop
  endfacet
  facet normal 0 0 1
    outer loop
      vertex 18.0474 80.95 18
      vertex 16.4019 80 18
      vertex 16.6199 79.6737 18
    endloop
  endfacet
  facet normal -0 0 1
    outer loop
      vertex 16.0257 81.8916 18
      vertex 17.9094 81.6436 18
      vertex 16.1022 82.2765 18
    endloop
  endfacet
  facet normal 0 0 1
    outer loop
      vertex 17.9837 81.079 18
      vertex 16.2284 80.352 18
      vertex 16.4019 80 18
    endloop
  endfacet
  facet normal 0 0 1
    outer loop
      vertex 17.9094 81.6436 18
      vertex 16.0257 81.8916 18
      vertex 17.9 81.5 18
    endloop
  endfacet
  facet normal 0 0 1
    outer loop
      vertex 17.9375 81.2153 18
      vertex 16.1022 80.7235 18
      vertex 16.2284 80.352 18
    endloop
  endfacet
  facet normal 0 0 1
    outer loop
      vertex 16 81.5 18
      vertex 17.9 81.5 18
      vertex 16.0257 81.8916 18
    endloop
  endfacet
  facet normal 0 0 1
    outer loop
      vertex 17.9094 81.3564 18
      vertex 16.0257 81.1084 18
      vertex 16.1022 80.7235 18
    endloop
  endfacet
  facet normal 0 0 1
    outer loop
      vertex 17.9 81.5 18
      vertex 16 81.5 18
      vertex 16.0257 81.1084 18
    endloop
  endfacet
  facet normal 0.321651 -0.946858 0
    outer loop
      vertex 19.7765 78.6022 12
      vertex 20.148 78.7284 18
      vertex 19.7765 78.6022 18
    endloop
  endfacet
  facet normal 0.321651 -0.946858 0
    outer loop
      vertex 20.148 78.7284 18
      vertex 19.7765 78.6022 12
      vertex 20.148 78.7284 12
    endloop
  endfacet
  facet normal 0.44211 -0.896961 0
    outer loop
      vertex 20.148 78.7284 12
      vertex 20.5 78.9019 18
      vertex 20.148 78.7284 18
    endloop
  endfacet
  facet normal 0.44211 -0.896961 0
    outer loop
      vertex 20.5 78.9019 18
      vertex 20.148 78.7284 12
      vertex 20.5 78.9019 12
    endloop
  endfacet
  facet normal -0.321574 0.946885 0
    outer loop
      vertex 18.2235 84.3978 12
      vertex 17.8519 84.2716 18
      vertex 18.2235 84.3978 18
    endloop
  endfacet
  facet normal -0.321574 0.946885 0
    outer loop
      vertex 17.8519 84.2716 18
      vertex 18.2235 84.3978 12
      vertex 17.8519 84.2716 12
    endloop
  endfacet
  facet normal 0.946858 -0.321651 0
    outer loop
      vertex 21.7716 80.352 18
      vertex 21.8978 80.7235 12
      vertex 21.8978 80.7235 18
    endloop
  endfacet
  facet normal 0.946858 -0.321651 0
    outer loop
      vertex 21.8978 80.7235 12
      vertex 21.7716 80.352 18
      vertex 21.7716 80.352 12
    endloop
  endfacet
  facet normal 0.19494 0.980815 -0
    outer loop
      vertex 19.7765 84.3978 12
      vertex 19.3916 84.4743 18
      vertex 19.7765 84.3978 18
    endloop
  endfacet
  facet normal 0.19494 0.980815 0
    outer loop
      vertex 19.3916 84.4743 18
      vertex 19.7765 84.3978 12
      vertex 19.3916 84.4743 12
    endloop
  endfacet
  facet normal -0.442211 -0.896911 0
    outer loop
      vertex 17.5 78.9019 12
      vertex 17.8519 78.7284 18
      vertex 17.5 78.9019 18
    endloop
  endfacet
  facet normal -0.442211 -0.896911 -0
    outer loop
      vertex 17.8519 78.7284 18
      vertex 17.5 78.9019 12
      vertex 17.8519 78.7284 12
    endloop
  endfacet
  facet normal -0.831501 -0.555523 0
    outer loop
      vertex 16.6199 79.6737 12
      vertex 16.4019 80 18
      vertex 16.4019 80 12
    endloop
  endfacet
  facet normal -0.831501 -0.555523 0
    outer loop
      vertex 16.4019 80 18
      vertex 16.6199 79.6737 12
      vertex 16.6199 79.6737 18
    endloop
  endfacet
  facet normal -0.946858 0.321651 0
    outer loop
      vertex 16.1022 82.2765 12
      vertex 16.2284 82.648 18
      vertex 16.2284 82.648 12
    endloop
  endfacet
  facet normal -0.946858 0.321651 0
    outer loop
      vertex 16.2284 82.648 18
      vertex 16.1022 82.2765 12
      vertex 16.1022 82.2765 18
    endloop
  endfacet
  facet normal -0.94699 -0.321264 0
    outer loop
      vertex 16.2284 129.352 12
      vertex 16.1022 129.724 18
      vertex 16.1022 129.724 12
    endloop
  endfacet
  facet normal -0.94699 -0.321264 0
    outer loop
      vertex 16.1022 129.724 18
      vertex 16.2284 129.352 12
      vertex 16.2284 129.352 18
    endloop
  endfacet
  facet normal 0.193714 -0.981058 0
    outer loop
      vertex 19.3916 127.526 12
      vertex 19.7765 127.602 18
      vertex 19.3916 127.526 18
    endloop
  endfacet
  facet normal 0.193714 -0.981058 0
    outer loop
      vertex 19.7765 127.602 18
      vertex 19.3916 127.526 12
      vertex 19.7765 127.602 12
    endloop
  endfacet
  facet normal 0.980728 0.195379 0
    outer loop
      vertex 21.9743 130.892 18
      vertex 21.8978 131.276 12
      vertex 21.8978 131.276 18
    endloop
  endfacet
  facet normal 0.980728 0.195379 0
    outer loop
      vertex 21.8978 131.276 12
      vertex 21.9743 130.892 18
      vertex 21.9743 130.892 12
    endloop
  endfacet
  facet normal 0.997858 0.0654208 0
    outer loop
      vertex 22 130.5 18
      vertex 21.9743 130.892 12
      vertex 21.9743 130.892 18
    endloop
  endfacet
  facet normal 0.997858 0.0654208 0
    outer loop
      vertex 21.9743 130.892 12
      vertex 22 130.5 18
      vertex 22 130.5 12
    endloop
  endfacet
  facet normal -0.443235 0.896405 0
    outer loop
      vertex 17.8519 133.272 12
      vertex 17.5 133.098 18
      vertex 17.8519 133.272 18
    endloop
  endfacet
  facet normal -0.443235 0.896405 0
    outer loop
      vertex 17.5 133.098 18
      vertex 17.8519 133.272 12
      vertex 17.5 133.098 12
    endloop
  endfacet
  facet normal 0.896961 -0.44211 0
    outer loop
      vertex 21.5981 129 18
      vertex 21.7716 129.352 12
      vertex 21.7716 129.352 18
    endloop
  endfacet
  facet normal 0.896961 -0.44211 0
    outer loop
      vertex 21.7716 129.352 12
      vertex 21.5981 129 18
      vertex 21.5981 129 12
    endloop
  endfacet
  facet normal 0.997858 -0.0654208 0
    outer loop
      vertex 21.9743 130.108 18
      vertex 22 130.5 12
      vertex 22 130.5 18
    endloop
  endfacet
  facet normal 0.997858 -0.0654208 0
    outer loop
      vertex 22 130.5 12
      vertex 21.9743 130.108 18
      vertex 21.9743 130.108 12
    endloop
  endfacet
  facet normal 0.659766 0.751471 -0
    outer loop
      vertex 21.1213 132.621 12
      vertex 20.8263 132.88 18
      vertex 21.1213 132.621 18
    endloop
  endfacet
  facet normal 0.659766 0.751471 0
    outer loop
      vertex 20.8263 132.88 18
      vertex 21.1213 132.621 12
      vertex 20.8263 132.88 12
    endloop
  endfacet
  facet normal -0.659766 0.751471 0
    outer loop
      vertex 17.1737 132.88 12
      vertex 16.8787 132.621 18
      vertex 17.1737 132.88 18
    endloop
  endfacet
  facet normal -0.659766 0.751471 0
    outer loop
      vertex 16.8787 132.621 18
      vertex 17.1737 132.88 12
      vertex 16.8787 132.621 12
    endloop
  endfacet
  facet normal 0.0662484 0.997803 -0
    outer loop
      vertex 19.3916 133.474 12
      vertex 19 133.5 18
      vertex 19.3916 133.474 18
    endloop
  endfacet
  facet normal 0.0662484 0.997803 0
    outer loop
      vertex 19 133.5 18
      vertex 19.3916 133.474 12
      vertex 19 133.5 12
    endloop
  endfacet
  facet normal -0.193714 -0.981058 0
    outer loop
      vertex 18.2235 127.602 12
      vertex 18.6084 127.526 18
      vertex 18.2235 127.602 18
    endloop
  endfacet
  facet normal -0.193714 -0.981058 -0
    outer loop
      vertex 18.6084 127.526 18
      vertex 18.2235 127.602 12
      vertex 18.6084 127.526 12
    endloop
  endfacet
  facet normal -0.997858 0.0654208 0
    outer loop
      vertex 16 130.5 12
      vertex 16.0257 130.892 18
      vertex 16.0257 130.892 12
    endloop
  endfacet
  facet normal -0.997858 0.0654208 0
    outer loop
      vertex 16.0257 130.892 18
      vertex 16 130.5 12
      vertex 16 130.5 18
    endloop
  endfacet
  facet normal -0.751724 -0.659478 0
    outer loop
      vertex 16.8787 128.379 12
      vertex 16.6199 128.674 18
      vertex 16.6199 128.674 12
    endloop
  endfacet
  facet normal -0.751724 -0.659478 0
    outer loop
      vertex 16.6199 128.674 18
      vertex 16.8787 128.379 12
      vertex 16.8787 128.379 18
    endloop
  endfacet
  facet normal -0.980728 -0.195379 0
    outer loop
      vertex 16.1022 129.724 12
      vertex 16.0257 130.108 18
      vertex 16.0257 130.108 12
    endloop
  endfacet
  facet normal -0.980728 -0.195379 0
    outer loop
      vertex 16.0257 130.108 18
      vertex 16.1022 129.724 12
      vertex 16.1022 129.724 18
    endloop
  endfacet
  facet normal 0.831265 -0.555877 0
    outer loop
      vertex 21.3801 128.674 18
      vertex 21.5981 129 12
      vertex 21.5981 129 18
    endloop
  endfacet
  facet normal 0.831265 -0.555877 0
    outer loop
      vertex 21.5981 129 12
      vertex 21.3801 128.674 18
      vertex 21.3801 128.674 12
    endloop
  endfacet
  facet normal -0.896961 0.44211 0
    outer loop
      vertex 16.2284 131.648 12
      vertex 16.4019 132 18
      vertex 16.4019 132 12
    endloop
  endfacet
  facet normal -0.896961 0.44211 0
    outer loop
      vertex 16.4019 132 18
      vertex 16.2284 131.648 12
      vertex 16.2284 131.648 18
    endloop
  endfacet
  facet normal -0.831265 0.555877 0
    outer loop
      vertex 16.4019 132 12
      vertex 16.6199 132.326 18
      vertex 16.6199 132.326 12
    endloop
  endfacet
  facet normal -0.831265 0.555877 0
    outer loop
      vertex 16.6199 132.326 18
      vertex 16.4019 132 12
      vertex 16.4019 132 18
    endloop
  endfacet
  facet normal -0.0662484 0.997803 0
    outer loop
      vertex 19 133.5 12
      vertex 18.6084 133.474 18
      vertex 19 133.5 18
    endloop
  endfacet
  facet normal -0.0662484 0.997803 0
    outer loop
      vertex 18.6084 133.474 18
      vertex 19 133.5 12
      vertex 18.6084 133.474 12
    endloop
  endfacet
  facet normal -0.321117 0.94704 0
    outer loop
      vertex 18.2235 133.398 12
      vertex 17.8519 133.272 18
      vertex 18.2235 133.398 18
    endloop
  endfacet
  facet normal -0.321117 0.94704 0
    outer loop
      vertex 17.8519 133.272 18
      vertex 18.2235 133.398 12
      vertex 17.8519 133.272 12
    endloop
  endfacet
  facet normal -0.321117 -0.94704 0
    outer loop
      vertex 17.8519 127.728 12
      vertex 18.2235 127.602 18
      vertex 17.8519 127.728 18
    endloop
  endfacet
  facet normal -0.321117 -0.94704 -0
    outer loop
      vertex 18.2235 127.602 18
      vertex 17.8519 127.728 12
      vertex 18.2235 127.602 12
    endloop
  endfacet
  facet normal 0.443134 0.896455 -0
    outer loop
      vertex 20.5 133.098 12
      vertex 20.148 133.272 18
      vertex 20.5 133.098 18
    endloop
  endfacet
  facet normal 0.443134 0.896455 0
    outer loop
      vertex 20.148 133.272 18
      vertex 20.5 133.098 12
      vertex 20.148 133.272 12
    endloop
  endfacet
  facet normal 0.0662484 -0.997803 0
    outer loop
      vertex 19 127.5 12
      vertex 19.3916 127.526 18
      vertex 19 127.5 18
    endloop
  endfacet
  facet normal 0.0662484 -0.997803 0
    outer loop
      vertex 19.3916 127.526 18
      vertex 19 127.5 12
      vertex 19.3916 127.526 12
    endloop
  endfacet
  facet normal 0.555523 -0.831501 0
    outer loop
      vertex 20.5 127.902 12
      vertex 20.8263 128.12 18
      vertex 20.5 127.902 18
    endloop
  endfacet
  facet normal 0.555523 -0.831501 0
    outer loop
      vertex 20.8263 128.12 18
      vertex 20.5 127.902 12
      vertex 20.8263 128.12 12
    endloop
  endfacet
  facet normal 0.980728 -0.195379 0
    outer loop
      vertex 21.8978 129.724 18
      vertex 21.9743 130.108 12
      vertex 21.9743 130.108 18
    endloop
  endfacet
  facet normal 0.980728 -0.195379 0
    outer loop
      vertex 21.9743 130.108 12
      vertex 21.8978 129.724 18
      vertex 21.8978 129.724 12
    endloop
  endfacet
  facet normal -0.751724 0.659478 0
    outer loop
      vertex 16.6199 132.326 12
      vertex 16.8787 132.621 18
      vertex 16.8787 132.621 12
    endloop
  endfacet
  facet normal -0.751724 0.659478 0
    outer loop
      vertex 16.8787 132.621 18
      vertex 16.6199 132.326 12
      vertex 16.6199 132.326 18
    endloop
  endfacet
  facet normal -0.980728 0.195379 0
    outer loop
      vertex 16.0257 130.892 12
      vertex 16.1022 131.276 18
      vertex 16.1022 131.276 12
    endloop
  endfacet
  facet normal -0.980728 0.195379 0
    outer loop
      vertex 16.1022 131.276 18
      vertex 16.0257 130.892 12
      vertex 16.0257 130.892 18
    endloop
  endfacet
  facet normal 0.831265 0.555877 0
    outer loop
      vertex 21.5981 132 18
      vertex 21.3801 132.326 12
      vertex 21.3801 132.326 18
    endloop
  endfacet
  facet normal 0.831265 0.555877 0
    outer loop
      vertex 21.3801 132.326 12
      vertex 21.5981 132 18
      vertex 21.5981 132 12
    endloop
  endfacet
  facet normal 0.555523 0.831501 -0
    outer loop
      vertex 20.8263 132.88 12
      vertex 20.5 133.098 18
      vertex 20.8263 132.88 18
    endloop
  endfacet
  facet normal 0.555523 0.831501 0
    outer loop
      vertex 20.5 133.098 18
      vertex 20.8263 132.88 12
      vertex 20.5 133.098 12
    endloop
  endfacet
  facet normal -0.997858 -0.0654208 0
    outer loop
      vertex 16.0257 130.108 12
      vertex 16 130.5 18
      vertex 16 130.5 12
    endloop
  endfacet
  facet normal -0.997858 -0.0654208 0
    outer loop
      vertex 16 130.5 18
      vertex 16.0257 130.108 12
      vertex 16.0257 130.108 18
    endloop
  endfacet
  facet normal 0.321194 0.947013 -0
    outer loop
      vertex 20.148 133.272 12
      vertex 19.7765 133.398 18
      vertex 20.148 133.272 18
    endloop
  endfacet
  facet normal 0.321194 0.947013 0
    outer loop
      vertex 19.7765 133.398 18
      vertex 20.148 133.272 12
      vertex 19.7765 133.398 12
    endloop
  endfacet
  facet normal 0.659766 -0.751471 0
    outer loop
      vertex 20.8263 128.12 12
      vertex 21.1213 128.379 18
      vertex 20.8263 128.12 18
    endloop
  endfacet
  facet normal 0.659766 -0.751471 0
    outer loop
      vertex 21.1213 128.379 18
      vertex 20.8263 128.12 12
      vertex 21.1213 128.379 12
    endloop
  endfacet
  facet normal -0.193714 0.981058 0
    outer loop
      vertex 18.6084 133.474 12
      vertex 18.2235 133.398 18
      vertex 18.6084 133.474 18
    endloop
  endfacet
  facet normal -0.193714 0.981058 0
    outer loop
      vertex 18.2235 133.398 18
      vertex 18.6084 133.474 12
      vertex 18.2235 133.398 12
    endloop
  endfacet
  facet normal 0.896961 0.44211 0
    outer loop
      vertex 21.7716 131.648 18
      vertex 21.5981 132 12
      vertex 21.5981 132 18
    endloop
  endfacet
  facet normal 0.896961 0.44211 0
    outer loop
      vertex 21.5981 132 12
      vertex 21.7716 131.648 18
      vertex 21.7716 131.648 12
    endloop
  endfacet
  facet normal 0.94699 -0.321264 0
    outer loop
      vertex 21.7716 129.352 18
      vertex 21.8978 129.724 12
      vertex 21.8978 129.724 18
    endloop
  endfacet
  facet normal 0.94699 -0.321264 0
    outer loop
      vertex 21.8978 129.724 12
      vertex 21.7716 129.352 18
      vertex 21.7716 129.352 12
    endloop
  endfacet
  facet normal -0.555523 -0.831501 0
    outer loop
      vertex 17.1737 128.12 12
      vertex 17.5 127.902 18
      vertex 17.1737 128.12 18
    endloop
  endfacet
  facet normal -0.555523 -0.831501 -0
    outer loop
      vertex 17.5 127.902 18
      vertex 17.1737 128.12 12
      vertex 17.5 127.902 12
    endloop
  endfacet
  facet normal -0.659766 -0.751471 0
    outer loop
      vertex 16.8787 128.379 12
      vertex 17.1737 128.12 18
      vertex 16.8787 128.379 18
    endloop
  endfacet
  facet normal -0.659766 -0.751471 -0
    outer loop
      vertex 17.1737 128.12 18
      vertex 16.8787 128.379 12
      vertex 17.1737 128.12 12
    endloop
  endfacet
  facet normal 0.751724 -0.659478 0
    outer loop
      vertex 21.1213 128.379 18
      vertex 21.3801 128.674 12
      vertex 21.3801 128.674 18
    endloop
  endfacet
  facet normal 0.751724 -0.659478 0
    outer loop
      vertex 21.3801 128.674 12
      vertex 21.1213 128.379 18
      vertex 21.1213 128.379 12
    endloop
  endfacet
  facet normal -0.896961 -0.44211 0
    outer loop
      vertex 16.4019 129 12
      vertex 16.2284 129.352 18
      vertex 16.2284 129.352 12
    endloop
  endfacet
  facet normal -0.896961 -0.44211 0
    outer loop
      vertex 16.2284 129.352 18
      vertex 16.4019 129 12
      vertex 16.4019 129 18
    endloop
  endfacet
  facet normal -0.0662484 -0.997803 0
    outer loop
      vertex 18.6084 127.526 12
      vertex 19 127.5 18
      vertex 18.6084 127.526 18
    endloop
  endfacet
  facet normal -0.0662484 -0.997803 -0
    outer loop
      vertex 19 127.5 18
      vertex 18.6084 127.526 12
      vertex 19 127.5 12
    endloop
  endfacet
  facet normal 0.751724 0.659478 0
    outer loop
      vertex 21.3801 132.326 18
      vertex 21.1213 132.621 12
      vertex 21.1213 132.621 18
    endloop
  endfacet
  facet normal 0.751724 0.659478 0
    outer loop
      vertex 21.1213 132.621 12
      vertex 21.3801 132.326 18
      vertex 21.3801 132.326 12
    endloop
  endfacet
  facet normal -0.555523 0.831501 0
    outer loop
      vertex 17.5 133.098 12
      vertex 17.1737 132.88 18
      vertex 17.5 133.098 18
    endloop
  endfacet
  facet normal -0.555523 0.831501 0
    outer loop
      vertex 17.1737 132.88 18
      vertex 17.5 133.098 12
      vertex 17.1737 132.88 12
    endloop
  endfacet
  facet normal 0 0 1
    outer loop
      vertex 20.1 130.5 18
      vertex 22 130.5 18
      vertex 21.9743 130.892 18
    endloop
  endfacet
  facet normal 0 0 1
    outer loop
      vertex 20.0906 130.644 18
      vertex 21.9743 130.892 18
      vertex 21.8978 131.276 18
    endloop
  endfacet
  facet normal 0 0 1
    outer loop
      vertex 22 130.5 18
      vertex 20.1 130.5 18
      vertex 21.9743 130.108 18
    endloop
  endfacet
  facet normal 0 0 1
    outer loop
      vertex 20.0625 130.785 18
      vertex 21.8978 131.276 18
      vertex 21.7716 131.648 18
    endloop
  endfacet
  facet normal -0 0 1
    outer loop
      vertex 20.0906 130.356 18
      vertex 21.9743 130.108 18
      vertex 20.1 130.5 18
    endloop
  endfacet
  facet normal 0 0 1
    outer loop
      vertex 20.0163 130.921 18
      vertex 21.7716 131.648 18
      vertex 21.5981 132 18
    endloop
  endfacet
  facet normal 0 0 1
    outer loop
      vertex 21.9743 130.108 18
      vertex 20.0906 130.356 18
      vertex 21.8978 129.724 18
    endloop
  endfacet
  facet normal 0 0 1
    outer loop
      vertex 19.9526 131.05 18
      vertex 21.5981 132 18
      vertex 21.3801 132.326 18
    endloop
  endfacet
  facet normal -0 0 1
    outer loop
      vertex 20.0625 130.215 18
      vertex 21.8978 129.724 18
      vertex 20.0906 130.356 18
    endloop
  endfacet
  facet normal 0 0 1
    outer loop
      vertex 19.8727 131.17 18
      vertex 21.3801 132.326 18
      vertex 21.1213 132.621 18
    endloop
  endfacet
  facet normal 0 0 1
    outer loop
      vertex 21.8978 129.724 18
      vertex 20.0625 130.215 18
      vertex 21.7716 129.352 18
    endloop
  endfacet
  facet normal 0 0 1
    outer loop
      vertex 19.7778 131.278 18
      vertex 21.1213 132.621 18
      vertex 20.8263 132.88 18
    endloop
  endfacet
  facet normal -0 0 1
    outer loop
      vertex 20.0163 130.079 18
      vertex 21.7716 129.352 18
      vertex 20.0625 130.215 18
    endloop
  endfacet
  facet normal 0 0 1
    outer loop
      vertex 19.6696 131.373 18
      vertex 20.8263 132.88 18
      vertex 20.5 133.098 18
    endloop
  endfacet
  facet normal 0 0 1
    outer loop
      vertex 21.7716 129.352 18
      vertex 20.0163 130.079 18
      vertex 21.5981 129 18
    endloop
  endfacet
  facet normal 0 0 1
    outer loop
      vertex 19.55 131.453 18
      vertex 20.5 133.098 18
      vertex 20.148 133.272 18
    endloop
  endfacet
  facet normal -0 0 1
    outer loop
      vertex 19.9526 129.95 18
      vertex 21.5981 129 18
      vertex 20.0163 130.079 18
    endloop
  endfacet
  facet normal 0 0 1
    outer loop
      vertex 21.5981 129 18
      vertex 19.9526 129.95 18
      vertex 21.3801 128.674 18
    endloop
  endfacet
  facet normal 0 0 1
    outer loop
      vertex 21.9743 130.892 18
      vertex 20.0906 130.644 18
      vertex 20.1 130.5 18
    endloop
  endfacet
  facet normal 0 0 1
    outer loop
      vertex 21.8978 131.276 18
      vertex 20.0625 130.785 18
      vertex 20.0906 130.644 18
    endloop
  endfacet
  facet normal 0 0 1
    outer loop
      vertex 21.7716 131.648 18
      vertex 20.0163 130.921 18
      vertex 20.0625 130.785 18
    endloop
  endfacet
  facet normal 0 0 1
    outer loop
      vertex 21.5981 132 18
      vertex 19.9526 131.05 18
      vertex 20.0163 130.921 18
    endloop
  endfacet
  facet normal 0 0 1
    outer loop
      vertex 21.3801 132.326 18
      vertex 19.8727 131.17 18
      vertex 19.9526 131.05 18
    endloop
  endfacet
  facet normal 0 0 1
    outer loop
      vertex 21.1213 132.621 18
      vertex 19.7778 131.278 18
      vertex 19.8727 131.17 18
    endloop
  endfacet
  facet normal 0 0 1
    outer loop
      vertex 19.421 131.516 18
      vertex 20.148 133.272 18
      vertex 19.7765 133.398 18
    endloop
  endfacet
  facet normal 0 0 1
    outer loop
      vertex 20.8263 132.88 18
      vertex 19.6696 131.373 18
      vertex 19.7778 131.278 18
    endloop
  endfacet
  facet normal 0 0 1
    outer loop
      vertex 20.5 133.098 18
      vertex 19.55 131.453 18
      vertex 19.6696 131.373 18
    endloop
  endfacet
  facet normal 0 0 1
    outer loop
      vertex 20.148 133.272 18
      vertex 19.421 131.516 18
      vertex 19.55 131.453 18
    endloop
  endfacet
  facet normal 0 0 1
    outer loop
      vertex 19.2847 131.563 18
      vertex 19.7765 133.398 18
      vertex 19.3916 133.474 18
    endloop
  endfacet
  facet normal 0 0 1
    outer loop
      vertex 19.7765 133.398 18
      vertex 19.2847 131.563 18
      vertex 19.421 131.516 18
    endloop
  endfacet
  facet normal 0 0 1
    outer loop
      vertex 19.3916 133.474 18
      vertex 19.1436 131.591 18
      vertex 19.2847 131.563 18
    endloop
  endfacet
  facet normal 0 0 1
    outer loop
      vertex 19 133.5 18
      vertex 19.1436 131.591 18
      vertex 19.3916 133.474 18
    endloop
  endfacet
  facet normal 0 0 1
    outer loop
      vertex 19 133.5 18
      vertex 19 131.6 18
      vertex 19.1436 131.591 18
    endloop
  endfacet
  facet normal 0 0 1
    outer loop
      vertex 19 133.5 18
      vertex 18.8564 131.591 18
      vertex 19 131.6 18
    endloop
  endfacet
  facet normal -0 0 1
    outer loop
      vertex 18.6084 133.474 18
      vertex 18.8564 131.591 18
      vertex 19 133.5 18
    endloop
  endfacet
  facet normal 0 0 1
    outer loop
      vertex 18.8564 131.591 18
      vertex 18.6084 133.474 18
      vertex 18.7153 131.563 18
    endloop
  endfacet
  facet normal -0 0 1
    outer loop
      vertex 18.2235 133.398 18
      vertex 18.7153 131.563 18
      vertex 18.6084 133.474 18
    endloop
  endfacet
  facet normal 0 0 1
    outer loop
      vertex 18.7153 131.563 18
      vertex 18.2235 133.398 18
      vertex 18.579 131.516 18
    endloop
  endfacet
  facet normal -0 0 1
    outer loop
      vertex 17.8519 133.272 18
      vertex 18.579 131.516 18
      vertex 18.2235 133.398 18
    endloop
  endfacet
  facet normal 0 0 1
    outer loop
      vertex 18.579 131.516 18
      vertex 17.8519 133.272 18
      vertex 18.45 131.453 18
    endloop
  endfacet
  facet normal -0 0 1
    outer loop
      vertex 17.5 133.098 18
      vertex 18.45 131.453 18
      vertex 17.8519 133.272 18
    endloop
  endfacet
  facet normal 0 0 1
    outer loop
      vertex 18.45 131.453 18
      vertex 17.5 133.098 18
      vertex 18.3304 131.373 18
    endloop
  endfacet
  facet normal -0 0 1
    outer loop
      vertex 17.1737 132.88 18
      vertex 18.3304 131.373 18
      vertex 17.5 133.098 18
    endloop
  endfacet
  facet normal 0 0 1
    outer loop
      vertex 18.3304 131.373 18
      vertex 17.1737 132.88 18
      vertex 18.2222 131.278 18
    endloop
  endfacet
  facet normal -0 0 1
    outer loop
      vertex 16.8787 132.621 18
      vertex 18.2222 131.278 18
      vertex 17.1737 132.88 18
    endloop
  endfacet
  facet normal 0 0 1
    outer loop
      vertex 18.2222 131.278 18
      vertex 16.8787 132.621 18
      vertex 18.1273 131.17 18
    endloop
  endfacet
  facet normal 0 0 1
    outer loop
      vertex 18.1273 131.17 18
      vertex 16.6199 132.326 18
      vertex 18.0474 131.05 18
    endloop
  endfacet
  facet normal -0 0 1
    outer loop
      vertex 16.6199 132.326 18
      vertex 18.1273 131.17 18
      vertex 16.8787 132.621 18
    endloop
  endfacet
  facet normal -0 0 1
    outer loop
      vertex 19.8727 129.83 18
      vertex 21.3801 128.674 18
      vertex 19.9526 129.95 18
    endloop
  endfacet
  facet normal 0 0 1
    outer loop
      vertex 21.3801 128.674 18
      vertex 19.8727 129.83 18
      vertex 21.1213 128.379 18
    endloop
  endfacet
  facet normal -0 0 1
    outer loop
      vertex 19.7778 129.722 18
      vertex 21.1213 128.379 18
      vertex 19.8727 129.83 18
    endloop
  endfacet
  facet normal 0 0 1
    outer loop
      vertex 21.1213 128.379 18
      vertex 19.7778 129.722 18
      vertex 20.8263 128.12 18
    endloop
  endfacet
  facet normal -0 0 1
    outer loop
      vertex 19.6696 129.627 18
      vertex 20.8263 128.12 18
      vertex 19.7778 129.722 18
    endloop
  endfacet
  facet normal 0 0 1
    outer loop
      vertex 20.8263 128.12 18
      vertex 19.6696 129.627 18
      vertex 20.5 127.902 18
    endloop
  endfacet
  facet normal -0 0 1
    outer loop
      vertex 19.55 129.547 18
      vertex 20.5 127.902 18
      vertex 19.6696 129.627 18
    endloop
  endfacet
  facet normal 0 0 1
    outer loop
      vertex 20.5 127.902 18
      vertex 19.55 129.547 18
      vertex 20.148 127.728 18
    endloop
  endfacet
  facet normal -0 0 1
    outer loop
      vertex 19.421 129.484 18
      vertex 20.148 127.728 18
      vertex 19.55 129.547 18
    endloop
  endfacet
  facet normal 0 0 1
    outer loop
      vertex 20.148 127.728 18
      vertex 19.421 129.484 18
      vertex 19.7765 127.602 18
    endloop
  endfacet
  facet normal -0 0 1
    outer loop
      vertex 19.2847 129.437 18
      vertex 19.7765 127.602 18
      vertex 19.421 129.484 18
    endloop
  endfacet
  facet normal 0 0 1
    outer loop
      vertex 19.7765 127.602 18
      vertex 19.2847 129.437 18
      vertex 19.3916 127.526 18
    endloop
  endfacet
  facet normal -0 0 1
    outer loop
      vertex 19.1436 129.409 18
      vertex 19.3916 127.526 18
      vertex 19.2847 129.437 18
    endloop
  endfacet
  facet normal -0 0 1
    outer loop
      vertex 19 129.4 18
      vertex 19.3916 127.526 18
      vertex 19.1436 129.409 18
    endloop
  endfacet
  facet normal 0 0 1
    outer loop
      vertex 19 129.4 18
      vertex 19 127.5 18
      vertex 19.3916 127.526 18
    endloop
  endfacet
  facet normal 0 0 1
    outer loop
      vertex 18.8564 129.409 18
      vertex 19 127.5 18
      vertex 19 129.4 18
    endloop
  endfacet
  facet normal 0 0 1
    outer loop
      vertex 18.6084 127.526 18
      vertex 18.8564 129.409 18
      vertex 18.7153 129.437 18
    endloop
  endfacet
  facet normal 0 0 1
    outer loop
      vertex 18.8564 129.409 18
      vertex 18.6084 127.526 18
      vertex 19 127.5 18
    endloop
  endfacet
  facet normal 0 0 1
    outer loop
      vertex 18.2235 127.602 18
      vertex 18.7153 129.437 18
      vertex 18.579 129.484 18
    endloop
  endfacet
  facet normal 0 0 1
    outer loop
      vertex 17.8519 127.728 18
      vertex 18.579 129.484 18
      vertex 18.45 129.547 18
    endloop
  endfacet
  facet normal 0 0 1
    outer loop
      vertex 17.5 127.902 18
      vertex 18.45 129.547 18
      vertex 18.3304 129.627 18
    endloop
  endfacet
  facet normal 0 0 1
    outer loop
      vertex 18.7153 129.437 18
      vertex 18.2235 127.602 18
      vertex 18.6084 127.526 18
    endloop
  endfacet
  facet normal 0 0 1
    outer loop
      vertex 17.1737 128.12 18
      vertex 18.3304 129.627 18
      vertex 18.2222 129.722 18
    endloop
  endfacet
  facet normal 0 0 1
    outer loop
      vertex 16.8787 128.379 18
      vertex 18.2222 129.722 18
      vertex 18.1273 129.83 18
    endloop
  endfacet
  facet normal 0 0 1
    outer loop
      vertex 16.6199 128.674 18
      vertex 18.1273 129.83 18
      vertex 18.0474 129.95 18
    endloop
  endfacet
  facet normal 0 0 1
    outer loop
      vertex 16.4019 129 18
      vertex 18.0474 129.95 18
      vertex 17.9837 130.079 18
    endloop
  endfacet
  facet normal 0 0 1
    outer loop
      vertex 16.2284 129.352 18
      vertex 17.9837 130.079 18
      vertex 17.9375 130.215 18
    endloop
  endfacet
  facet normal 0 0 1
    outer loop
      vertex 16.1022 129.724 18
      vertex 17.9375 130.215 18
      vertex 17.9094 130.356 18
    endloop
  endfacet
  facet normal 0 0 1
    outer loop
      vertex 18.579 129.484 18
      vertex 17.8519 127.728 18
      vertex 18.2235 127.602 18
    endloop
  endfacet
  facet normal 0 0 1
    outer loop
      vertex 16.0257 130.108 18
      vertex 17.9094 130.356 18
      vertex 17.9 130.5 18
    endloop
  endfacet
  facet normal -0 0 1
    outer loop
      vertex 16.4019 132 18
      vertex 18.0474 131.05 18
      vertex 16.6199 132.326 18
    endloop
  endfacet
  facet normal 0 0 1
    outer loop
      vertex 18.0474 131.05 18
      vertex 16.4019 132 18
      vertex 17.9837 130.921 18
    endloop
  endfacet
  facet normal 0 0 1
    outer loop
      vertex 18.45 129.547 18
      vertex 17.5 127.902 18
      vertex 17.8519 127.728 18
    endloop
  endfacet
  facet normal -0 0 1
    outer loop
      vertex 16.2284 131.648 18
      vertex 17.9837 130.921 18
      vertex 16.4019 132 18
    endloop
  endfacet
  facet normal 0 0 1
    outer loop
      vertex 18.3304 129.627 18
      vertex 17.1737 128.12 18
      vertex 17.5 127.902 18
    endloop
  endfacet
  facet normal 0 0 1
    outer loop
      vertex 17.9837 130.921 18
      vertex 16.2284 131.648 18
      vertex 17.9375 130.785 18
    endloop
  endfacet
  facet normal 0 0 1
    outer loop
      vertex 18.2222 129.722 18
      vertex 16.8787 128.379 18
      vertex 17.1737 128.12 18
    endloop
  endfacet
  facet normal -0 0 1
    outer loop
      vertex 16.1022 131.276 18
      vertex 17.9375 130.785 18
      vertex 16.2284 131.648 18
    endloop
  endfacet
  facet normal 0 0 1
    outer loop
      vertex 18.1273 129.83 18
      vertex 16.6199 128.674 18
      vertex 16.8787 128.379 18
    endloop
  endfacet
  facet normal 0 0 1
    outer loop
      vertex 17.9375 130.785 18
      vertex 16.1022 131.276 18
      vertex 17.9094 130.644 18
    endloop
  endfacet
  facet normal 0 0 1
    outer loop
      vertex 18.0474 129.95 18
      vertex 16.4019 129 18
      vertex 16.6199 128.674 18
    endloop
  endfacet
  facet normal -0 0 1
    outer loop
      vertex 16.0257 130.892 18
      vertex 17.9094 130.644 18
      vertex 16.1022 131.276 18
    endloop
  endfacet
  facet normal 0 0 1
    outer loop
      vertex 17.9837 130.079 18
      vertex 16.2284 129.352 18
      vertex 16.4019 129 18
    endloop
  endfacet
  facet normal 0 0 1
    outer loop
      vertex 17.9094 130.644 18
      vertex 16.0257 130.892 18
      vertex 17.9 130.5 18
    endloop
  endfacet
  facet normal 0 0 1
    outer loop
      vertex 17.9375 130.215 18
      vertex 16.1022 129.724 18
      vertex 16.2284 129.352 18
    endloop
  endfacet
  facet normal 0 0 1
    outer loop
      vertex 16 130.5 18
      vertex 17.9 130.5 18
      vertex 16.0257 130.892 18
    endloop
  endfacet
  facet normal 0 0 1
    outer loop
      vertex 17.9094 130.356 18
      vertex 16.0257 130.108 18
      vertex 16.1022 129.724 18
    endloop
  endfacet
  facet normal 0 0 1
    outer loop
      vertex 17.9 130.5 18
      vertex 16 130.5 18
      vertex 16.0257 130.108 18
    endloop
  endfacet
  facet normal 0.94699 0.321264 0
    outer loop
      vertex 21.8978 131.276 18
      vertex 21.7716 131.648 12
      vertex 21.7716 131.648 18
    endloop
  endfacet
  facet normal 0.94699 0.321264 0
    outer loop
      vertex 21.7716 131.648 12
      vertex 21.8978 131.276 18
      vertex 21.8978 131.276 12
    endloop
  endfacet
  facet normal 0.321194 -0.947013 0
    outer loop
      vertex 19.7765 127.602 12
      vertex 20.148 127.728 18
      vertex 19.7765 127.602 18
    endloop
  endfacet
  facet normal 0.321194 -0.947013 0
    outer loop
      vertex 20.148 127.728 18
      vertex 19.7765 127.602 12
      vertex 20.148 127.728 12
    endloop
  endfacet
  facet normal 0.443134 -0.896455 0
    outer loop
      vertex 20.148 127.728 12
      vertex 20.5 127.902 18
      vertex 20.148 127.728 18
    endloop
  endfacet
  facet normal 0.443134 -0.896455 0
    outer loop
      vertex 20.5 127.902 18
      vertex 20.148 127.728 12
      vertex 20.5 127.902 12
    endloop
  endfacet
  facet normal 0.193714 0.981058 -0
    outer loop
      vertex 19.7765 133.398 12
      vertex 19.3916 133.474 18
      vertex 19.7765 133.398 18
    endloop
  endfacet
  facet normal 0.193714 0.981058 0
    outer loop
      vertex 19.3916 133.474 18
      vertex 19.7765 133.398 12
      vertex 19.3916 133.474 12
    endloop
  endfacet
  facet normal -0.443235 -0.896405 0
    outer loop
      vertex 17.5 127.902 12
      vertex 17.8519 127.728 18
      vertex 17.5 127.902 18
    endloop
  endfacet
  facet normal -0.443235 -0.896405 -0
    outer loop
      vertex 17.8519 127.728 18
      vertex 17.5 127.902 12
      vertex 17.8519 127.728 12
    endloop
  endfacet
  facet normal -0.831265 -0.555877 0
    outer loop
      vertex 16.6199 128.674 12
      vertex 16.4019 129 18
      vertex 16.4019 129 12
    endloop
  endfacet
  facet normal -0.831265 -0.555877 0
    outer loop
      vertex 16.4019 129 18
      vertex 16.6199 128.674 12
      vertex 16.6199 128.674 18
    endloop
  endfacet
  facet normal -0.94699 0.321264 0
    outer loop
      vertex 16.1022 131.276 12
      vertex 16.2284 131.648 18
      vertex 16.2284 131.648 12
    endloop
  endfacet
  facet normal -0.94699 0.321264 0
    outer loop
      vertex 16.2284 131.648 18
      vertex 16.1022 131.276 12
      vertex 16.1022 131.276 18
    endloop
  endfacet
  facet normal 0 -1 0
    outer loop
      vertex -92.5 68.55 57
      vertex -92.5 68.55 48
      vertex -83.5 68.55 57
    endloop
  endfacet
  facet normal 0 0 1
    outer loop
      vertex -83.5 143.5 57
      vertex -83.8474 140.457 57
      vertex -83.5 140.388 57
    endloop
  endfacet
  facet normal 0 0 1
    outer loop
      vertex -83.5 143.5 57
      vertex -84.5 140.5 57
      vertex -83.8474 140.457 57
    endloop
  endfacet
  facet normal 0 0 1
    outer loop
      vertex -83.5 143.5 57
      vertex -85.1526 140.457 57
      vertex -84.5 140.5 57
    endloop
  endfacet
  facet normal 0 0 1
    outer loop
      vertex -83.5 143.5 57
      vertex -85.7941 140.33 57
      vertex -85.1526 140.457 57
    endloop
  endfacet
  facet normal 0 0 1
    outer loop
      vertex -83.5 143.5 57
      vertex -86.4134 140.119 57
      vertex -85.7941 140.33 57
    endloop
  endfacet
  facet normal -0 0 1
    outer loop
      vertex -92.5 143.5 57
      vertex -86.4134 140.119 57
      vertex -83.5 143.5 57
    endloop
  endfacet
  facet normal 0 0 1
    outer loop
      vertex -86.4134 140.119 57
      vertex -92.5 143.5 57
      vertex -87 139.83 57
    endloop
  endfacet
  facet normal 0 0 1
    outer loop
      vertex -87 139.83 57
      vertex -92.5 143.5 57
      vertex -87.5438 139.467 57
    endloop
  endfacet
  facet normal 0 0 1
    outer loop
      vertex -89.4572 136.153 57
      vertex -92.5 143.5 57
      vertex -89.5 135.5 57
    endloop
  endfacet
  facet normal 0 0 1
    outer loop
      vertex -89.3296 136.794 57
      vertex -92.5 143.5 57
      vertex -89.4572 136.153 57
    endloop
  endfacet
  facet normal 0 0 1
    outer loop
      vertex -89.1194 137.413 57
      vertex -92.5 143.5 57
      vertex -89.3296 136.794 57
    endloop
  endfacet
  facet normal 0 0 1
    outer loop
      vertex -88.8301 138 57
      vertex -92.5 143.5 57
      vertex -89.1194 137.413 57
    endloop
  endfacet
  facet normal 0 0 1
    outer loop
      vertex -88.4668 138.544 57
      vertex -92.5 143.5 57
      vertex -88.8301 138 57
    endloop
  endfacet
  facet normal 0 0 1
    outer loop
      vertex -88.0355 139.036 57
      vertex -92.5 143.5 57
      vertex -88.4668 138.544 57
    endloop
  endfacet
  facet normal 0 0 1
    outer loop
      vertex -87.5438 139.467 57
      vertex -92.5 143.5 57
      vertex -88.0355 139.036 57
    endloop
  endfacet
  facet normal -0 0 1
    outer loop
      vertex -83.8474 130.543 57
      vertex -83.5 68.55 57
      vertex -83.5 130.612 57
    endloop
  endfacet
  facet normal -0 0 1
    outer loop
      vertex -84.5 130.5 57
      vertex -83.5 68.55 57
      vertex -83.8474 130.543 57
    endloop
  endfacet
  facet normal 0 0 1
    outer loop
      vertex -85.1526 130.543 57
      vertex -83.5 68.55 57
      vertex -84.5 130.5 57
    endloop
  endfacet
  facet normal 0 0 1
    outer loop
      vertex -92.5 68.55 57
      vertex -85.1526 130.543 57
      vertex -85.7941 130.67 57
    endloop
  endfacet
  facet normal 0 0 1
    outer loop
      vertex -92.5 68.55 57
      vertex -85.7941 130.67 57
      vertex -86.4134 130.881 57
    endloop
  endfacet
  facet normal 0 0 1
    outer loop
      vertex -92.5 68.55 57
      vertex -86.4134 130.881 57
      vertex -87 131.17 57
    endloop
  endfacet
  facet normal 0 0 1
    outer loop
      vertex -92.5 68.55 57
      vertex -87 131.17 57
      vertex -87.5438 131.533 57
    endloop
  endfacet
  facet normal 0 0 1
    outer loop
      vertex -92.5 68.55 57
      vertex -87.5438 131.533 57
      vertex -88.0355 131.964 57
    endloop
  endfacet
  facet normal 0 0 1
    outer loop
      vertex -92.5 68.55 57
      vertex -88.0355 131.964 57
      vertex -88.4668 132.456 57
    endloop
  endfacet
  facet normal 0 0 1
    outer loop
      vertex -92.5 68.55 57
      vertex -88.4668 132.456 57
      vertex -88.8301 133 57
    endloop
  endfacet
  facet normal 0 0 1
    outer loop
      vertex -92.5 68.55 57
      vertex -88.8301 133 57
      vertex -89.1194 133.587 57
    endloop
  endfacet
  facet normal 0 0 1
    outer loop
      vertex -92.5 68.55 57
      vertex -89.1194 133.587 57
      vertex -89.3296 134.206 57
    endloop
  endfacet
  facet normal 0 0 1
    outer loop
      vertex -92.5 143.5 57
      vertex -89.3296 134.206 57
      vertex -89.4572 134.847 57
    endloop
  endfacet
  facet normal 0 0 1
    outer loop
      vertex -92.5 143.5 57
      vertex -89.4572 134.847 57
      vertex -89.5 135.5 57
    endloop
  endfacet
  facet normal 0 0 1
    outer loop
      vertex -89.3296 134.206 57
      vertex -92.5 143.5 57
      vertex -92.5 68.55 57
    endloop
  endfacet
  facet normal 0 0 1
    outer loop
      vertex -85.1526 130.543 57
      vertex -92.5 68.55 57
      vertex -83.5 68.55 57
    endloop
  endfacet
  facet normal 0.707107 -1.24144e-16 -0.707107
    outer loop
      vertex -83.8474 130.543 56.6526
      vertex -83.5 68.55 57
      vertex -84.5 130.5 56
    endloop
  endfacet
  facet normal 0.707107 0 -0.707107
    outer loop
      vertex -83.5 68.55 57
      vertex -83.8474 130.543 56.6526
      vertex -83.5 130.612 57
    endloop
  endfacet
  facet normal 0.707107 2.62393e-15 -0.707107
    outer loop
      vertex -85.1526 140.457 55.3474
      vertex -83.5 143.5 57
      vertex -84.5 140.5 56
    endloop
  endfacet
  facet normal 0.707107 2.51114e-15 -0.707107
    outer loop
      vertex -83.5 143.5 57
      vertex -83.8474 140.457 56.6526
      vertex -84.5 140.5 56
    endloop
  endfacet
  facet normal 0.707107 0 -0.707107
    outer loop
      vertex -83.8474 140.457 56.6526
      vertex -83.5 143.5 57
      vertex -83.5 140.388 57
    endloop
  endfacet
  facet normal 0.707107 -6.57884e-15 -0.707107
    outer loop
      vertex -85.7941 140.33 54.7059
      vertex -83.5 143.5 57
      vertex -85.1526 140.457 55.3474
    endloop
  endfacet
  facet normal 0.707107 -7.8551e-15 -0.707107
    outer loop
      vertex -86.4134 140.119 54.0866
      vertex -83.5 143.5 57
      vertex -85.7941 140.33 54.7059
    endloop
  endfacet
  facet normal 0.707107 1.48604e-15 -0.707107
    outer loop
      vertex -83.5 143.5 57
      vertex -86.4134 140.119 54.0866
      vertex -92.5 143.5 48
    endloop
  endfacet
  facet normal 0.707107 -7.38409e-15 -0.707107
    outer loop
      vertex -87 139.83 53.5
      vertex -92.5 143.5 48
      vertex -86.4134 140.119 54.0866
    endloop
  endfacet
  facet normal 0.707107 -6.92182e-15 -0.707107
    outer loop
      vertex -87.5438 139.467 52.9562
      vertex -92.5 143.5 48
      vertex -87 139.83 53.5
    endloop
  endfacet
  facet normal 0.707107 5.4126e-15 -0.707107
    outer loop
      vertex -88.0355 139.036 52.4645
      vertex -92.5 143.5 48
      vertex -87.5438 139.467 52.9562
    endloop
  endfacet
  facet normal 0.707107 -5.44714e-15 -0.707107
    outer loop
      vertex -88.4668 138.544 52.0332
      vertex -92.5 143.5 48
      vertex -88.0355 139.036 52.4645
    endloop
  endfacet
  facet normal 0.707107 4.59876e-15 -0.707107
    outer loop
      vertex -88.8301 138 51.6699
      vertex -92.5 143.5 48
      vertex -88.4668 138.544 52.0332
    endloop
  endfacet
  facet normal 0.707107 0 -0.707107
    outer loop
      vertex -89.1194 137.413 51.3806
      vertex -92.5 143.5 48
      vertex -88.8301 138 51.6699
    endloop
  endfacet
  facet normal 0.707107 0 -0.707107
    outer loop
      vertex -89.3296 136.794 51.1704
      vertex -92.5 143.5 48
      vertex -89.1194 137.413 51.3806
    endloop
  endfacet
  facet normal 0.707107 0 -0.707107
    outer loop
      vertex -89.4572 136.153 51.0428
      vertex -92.5 143.5 48
      vertex -89.3296 136.794 51.1704
    endloop
  endfacet
  facet normal 0.707107 0 -0.707107
    outer loop
      vertex -89.5 135.5 51
      vertex -92.5 143.5 48
      vertex -89.4572 136.153 51.0428
    endloop
  endfacet
  facet normal 0.707107 0 -0.707107
    outer loop
      vertex -89.4572 134.847 51.0428
      vertex -92.5 143.5 48
      vertex -89.5 135.5 51
    endloop
  endfacet
  facet normal 0.707107 0 -0.707107
    outer loop
      vertex -89.3296 134.206 51.1704
      vertex -92.5 143.5 48
      vertex -89.4572 134.847 51.0428
    endloop
  endfacet
  facet normal 0.707107 0 -0.707107
    outer loop
      vertex -92.5 68.55 48
      vertex -89.3296 134.206 51.1704
      vertex -89.1194 133.587 51.3806
    endloop
  endfacet
  facet normal 0.707107 -1.24408e-16 -0.707107
    outer loop
      vertex -83.5 68.55 57
      vertex -85.1526 130.543 55.3474
      vertex -84.5 130.5 56
    endloop
  endfacet
  facet normal 0.707107 7.2041e-17 -0.707107
    outer loop
      vertex -92.5 68.55 48
      vertex -85.1526 130.543 55.3474
      vertex -83.5 68.55 57
    endloop
  endfacet
  facet normal 0.707107 -8.33234e-16 -0.707107
    outer loop
      vertex -85.1526 130.543 55.3474
      vertex -92.5 68.55 48
      vertex -85.7941 130.67 54.7059
    endloop
  endfacet
  facet normal 0.707107 -8.50276e-16 -0.707107
    outer loop
      vertex -85.7941 130.67 54.7059
      vertex -92.5 68.55 48
      vertex -86.4134 130.881 54.0866
    endloop
  endfacet
  facet normal 0.707107 7.21083e-16 -0.707107
    outer loop
      vertex -86.4134 130.881 54.0866
      vertex -92.5 68.55 48
      vertex -87 131.17 53.5
    endloop
  endfacet
  facet normal 0.707107 7.66552e-16 -0.707107
    outer loop
      vertex -87 131.17 53.5
      vertex -92.5 68.55 48
      vertex -87.5438 131.533 52.9562
    endloop
  endfacet
  facet normal 0.707107 -6.73475e-16 -0.707107
    outer loop
      vertex -87.5438 131.533 52.9562
      vertex -92.5 68.55 48
      vertex -88.0355 131.964 52.4645
    endloop
  endfacet
  facet normal 0.707107 7.59885e-16 -0.707107
    outer loop
      vertex -88.0355 131.964 52.4645
      vertex -92.5 68.55 48
      vertex -88.4668 132.456 52.0332
    endloop
  endfacet
  facet normal 0.707107 -7.29094e-16 -0.707107
    outer loop
      vertex -88.4668 132.456 52.0332
      vertex -92.5 68.55 48
      vertex -88.8301 133 51.6699
    endloop
  endfacet
  facet normal 0.707107 0 -0.707107
    outer loop
      vertex -88.8301 133 51.6699
      vertex -92.5 68.55 48
      vertex -89.1194 133.587 51.3806
    endloop
  endfacet
  facet normal 0.707107 0 -0.707107
    outer loop
      vertex -89.3296 134.206 51.1704
      vertex -92.5 68.55 48
      vertex -92.5 143.5 48
    endloop
  endfacet
  facet normal -0 -1 -0
    outer loop
      vertex 92.5 68.55 57
      vertex 83.5 68.55 57
      vertex 92.5 68.55 48
    endloop
  endfacet
  facet normal -0.707107 1.48604e-15 -0.707107
    outer loop
      vertex 86.4134 140.119 54.0866
      vertex 83.5 143.5 57
      vertex 92.5 143.5 48
    endloop
  endfacet
  facet normal -0.707107 2.62393e-15 -0.707107
    outer loop
      vertex 83.5 143.5 57
      vertex 85.1526 140.457 55.3474
      vertex 84.5 140.5 56
    endloop
  endfacet
  facet normal -0.707107 -6.66896e-15 -0.707107
    outer loop
      vertex 83.5 143.5 57
      vertex 85.7941 140.33 54.7059
      vertex 85.1526 140.457 55.3474
    endloop
  endfacet
  facet normal -0.707107 -8.0674e-15 -0.707107
    outer loop
      vertex 83.5 143.5 57
      vertex 86.4134 140.119 54.0866
      vertex 85.7941 140.33 54.7059
    endloop
  endfacet
  facet normal -0.707107 -8.05537e-15 -0.707107
    outer loop
      vertex 92.5 143.5 48
      vertex 87 139.83 53.5
      vertex 86.4134 140.119 54.0866
    endloop
  endfacet
  facet normal -0.707107 -6.92182e-15 -0.707107
    outer loop
      vertex 92.5 143.5 48
      vertex 87.5438 139.467 52.9562
      vertex 87 139.83 53.5
    endloop
  endfacet
  facet normal -0.707107 5.48884e-15 -0.707107
    outer loop
      vertex 92.5 143.5 48
      vertex 88.0355 139.036 52.4645
      vertex 87.5438 139.467 52.9562
    endloop
  endfacet
  facet normal -0.707107 -5.48523e-15 -0.707107
    outer loop
      vertex 92.5 143.5 48
      vertex 88.4668 138.544 52.0332
      vertex 88.0355 139.036 52.4645
    endloop
  endfacet
  facet normal -0.707107 4.71667e-15 -0.707107
    outer loop
      vertex 92.5 143.5 48
      vertex 88.8301 138 51.6699
      vertex 88.4668 138.544 52.0332
    endloop
  endfacet
  facet normal -0.707107 0 -0.707107
    outer loop
      vertex 92.5 143.5 48
      vertex 89.1194 137.413 51.3806
      vertex 88.8301 138 51.6699
    endloop
  endfacet
  facet normal -0.707107 0 -0.707107
    outer loop
      vertex 92.5 143.5 48
      vertex 89.3296 136.794 51.1704
      vertex 89.1194 137.413 51.3806
    endloop
  endfacet
  facet normal -0.707107 0 -0.707107
    outer loop
      vertex 92.5 143.5 48
      vertex 89.4572 136.153 51.0428
      vertex 89.3296 136.794 51.1704
    endloop
  endfacet
  facet normal -0.707107 0 -0.707107
    outer loop
      vertex 92.5 143.5 48
      vertex 89.5 135.5 51
      vertex 89.4572 136.153 51.0428
    endloop
  endfacet
  facet normal -0.707107 0 -0.707107
    outer loop
      vertex 92.5 143.5 48
      vertex 89.4572 134.847 51.0428
      vertex 89.5 135.5 51
    endloop
  endfacet
  facet normal -0.707107 0 -0.707107
    outer loop
      vertex 92.5 143.5 48
      vertex 89.3296 134.206 51.1704
      vertex 89.4572 134.847 51.0428
    endloop
  endfacet
  facet normal -0.707107 0 -0.707107
    outer loop
      vertex 92.5 68.55 48
      vertex 89.3296 134.206 51.1704
      vertex 92.5 143.5 48
    endloop
  endfacet
  facet normal -0.707107 8.10462e-17 -0.707107
    outer loop
      vertex 83.5 68.55 57
      vertex 85.1526 130.543 55.3474
      vertex 92.5 68.55 48
    endloop
  endfacet
  facet normal -0.707107 -8.33234e-16 -0.707107
    outer loop
      vertex 85.7941 130.67 54.7059
      vertex 92.5 68.55 48
      vertex 85.1526 130.543 55.3474
    endloop
  endfacet
  facet normal -0.707107 -8.42403e-16 -0.707107
    outer loop
      vertex 86.4134 130.881 54.0866
      vertex 92.5 68.55 48
      vertex 85.7941 130.67 54.7059
    endloop
  endfacet
  facet normal -0.707107 7.21083e-16 -0.707107
    outer loop
      vertex 87 131.17 53.5
      vertex 92.5 68.55 48
      vertex 86.4134 130.881 54.0866
    endloop
  endfacet
  facet normal -0.707107 7.66552e-16 -0.707107
    outer loop
      vertex 87.5438 131.533 52.9562
      vertex 92.5 68.55 48
      vertex 87 131.17 53.5
    endloop
  endfacet
  facet normal -0.707107 -6.73475e-16 -0.707107
    outer loop
      vertex 88.0355 131.964 52.4645
      vertex 92.5 68.55 48
      vertex 87.5438 131.533 52.9562
    endloop
  endfacet
  facet normal -0.707107 7.59885e-16 -0.707107
    outer loop
      vertex 88.4668 132.456 52.0332
      vertex 92.5 68.55 48
      vertex 88.0355 131.964 52.4645
    endloop
  endfacet
  facet normal -0.707107 -7.22915e-16 -0.707107
    outer loop
      vertex 88.8301 133 51.6699
      vertex 92.5 68.55 48
      vertex 88.4668 132.456 52.0332
    endloop
  endfacet
  facet normal -0.707107 0 -0.707107
    outer loop
      vertex 89.1194 133.587 51.3806
      vertex 92.5 68.55 48
      vertex 88.8301 133 51.6699
    endloop
  endfacet
  facet normal -0.707107 0 -0.707107
    outer loop
      vertex 89.3296 134.206 51.1704
      vertex 92.5 68.55 48
      vertex 89.1194 133.587 51.3806
    endloop
  endfacet
  facet normal -0.707107 2.51114e-15 -0.707107
    outer loop
      vertex 83.8474 140.457 56.6526
      vertex 83.5 143.5 57
      vertex 84.5 140.5 56
    endloop
  endfacet
  facet normal -0.707107 -0 -0.707107
    outer loop
      vertex 83.5 143.5 57
      vertex 83.8474 140.457 56.6526
      vertex 83.5 140.388 57
    endloop
  endfacet
  facet normal -0.707107 -1.24408e-16 -0.707107
    outer loop
      vertex 85.1526 130.543 55.3474
      vertex 83.5 68.55 57
      vertex 84.5 130.5 56
    endloop
  endfacet
  facet normal -0.707107 -1.24144e-16 -0.707107
    outer loop
      vertex 84.5 130.5 56
      vertex 83.5 68.55 57
      vertex 83.8474 130.543 56.6526
    endloop
  endfacet
  facet normal -0.707107 0 -0.707107
    outer loop
      vertex 83.8474 130.543 56.6526
      vertex 83.5 68.55 57
      vertex 83.5 130.612 57
    endloop
  endfacet
  facet normal 0 0 1
    outer loop
      vertex 89.4572 134.847 57
      vertex 92.5 143.5 57
      vertex 89.5 135.5 57
    endloop
  endfacet
  facet normal 0 0 1
    outer loop
      vertex 92.5 143.5 57
      vertex 89.4572 136.153 57
      vertex 89.5 135.5 57
    endloop
  endfacet
  facet normal 0 0 1
    outer loop
      vertex 92.5 143.5 57
      vertex 89.3296 136.794 57
      vertex 89.4572 136.153 57
    endloop
  endfacet
  facet normal 0 0 1
    outer loop
      vertex 92.5 143.5 57
      vertex 89.1194 137.413 57
      vertex 89.3296 136.794 57
    endloop
  endfacet
  facet normal 0 0 1
    outer loop
      vertex 92.5 143.5 57
      vertex 88.8301 138 57
      vertex 89.1194 137.413 57
    endloop
  endfacet
  facet normal 0 0 1
    outer loop
      vertex 92.5 143.5 57
      vertex 88.4668 138.544 57
      vertex 88.8301 138 57
    endloop
  endfacet
  facet normal 0 0 1
    outer loop
      vertex 92.5 143.5 57
      vertex 88.0355 139.036 57
      vertex 88.4668 138.544 57
    endloop
  endfacet
  facet normal 0 0 1
    outer loop
      vertex 92.5 143.5 57
      vertex 87.5438 139.467 57
      vertex 88.0355 139.036 57
    endloop
  endfacet
  facet normal 0 0 1
    outer loop
      vertex 92.5 143.5 57
      vertex 87 139.83 57
      vertex 87.5438 139.467 57
    endloop
  endfacet
  facet normal 0 0 1
    outer loop
      vertex 92.5 143.5 57
      vertex 86.4134 140.119 57
      vertex 87 139.83 57
    endloop
  endfacet
  facet normal -0 0 1
    outer loop
      vertex 83.5 143.5 57
      vertex 86.4134 140.119 57
      vertex 92.5 143.5 57
    endloop
  endfacet
  facet normal 0 0 1
    outer loop
      vertex 86.4134 140.119 57
      vertex 83.5 143.5 57
      vertex 85.7941 140.33 57
    endloop
  endfacet
  facet normal 0 0 1
    outer loop
      vertex 85.7941 140.33 57
      vertex 83.5 143.5 57
      vertex 85.1526 140.457 57
    endloop
  endfacet
  facet normal 0 0 1
    outer loop
      vertex 85.1526 140.457 57
      vertex 83.5 143.5 57
      vertex 84.5 140.5 57
    endloop
  endfacet
  facet normal 0 0 1
    outer loop
      vertex 84.5 140.5 57
      vertex 83.5 143.5 57
      vertex 83.8474 140.457 57
    endloop
  endfacet
  facet normal 0 0 1
    outer loop
      vertex 83.8474 140.457 57
      vertex 83.5 143.5 57
      vertex 83.5 140.388 57
    endloop
  endfacet
  facet normal 0 0 1
    outer loop
      vertex 89.3296 134.206 57
      vertex 92.5 143.5 57
      vertex 89.4572 134.847 57
    endloop
  endfacet
  facet normal 0 0 1
    outer loop
      vertex 92.5 143.5 57
      vertex 89.3296 134.206 57
      vertex 92.5 68.55 57
    endloop
  endfacet
  facet normal -0 0 1
    outer loop
      vertex 89.1194 133.587 57
      vertex 92.5 68.55 57
      vertex 89.3296 134.206 57
    endloop
  endfacet
  facet normal -0 0 1
    outer loop
      vertex 88.8301 133 57
      vertex 92.5 68.55 57
      vertex 89.1194 133.587 57
    endloop
  endfacet
  facet normal -0 0 1
    outer loop
      vertex 88.4668 132.456 57
      vertex 92.5 68.55 57
      vertex 88.8301 133 57
    endloop
  endfacet
  facet normal -0 0 1
    outer loop
      vertex 88.0355 131.964 57
      vertex 92.5 68.55 57
      vertex 88.4668 132.456 57
    endloop
  endfacet
  facet normal -0 0 1
    outer loop
      vertex 87.5438 131.533 57
      vertex 92.5 68.55 57
      vertex 88.0355 131.964 57
    endloop
  endfacet
  facet normal -0 0 1
    outer loop
      vertex 87 131.17 57
      vertex 92.5 68.55 57
      vertex 87.5438 131.533 57
    endloop
  endfacet
  facet normal -0 0 1
    outer loop
      vertex 86.4134 130.881 57
      vertex 92.5 68.55 57
      vertex 87 131.17 57
    endloop
  endfacet
  facet normal -0 0 1
    outer loop
      vertex 85.7941 130.67 57
      vertex 92.5 68.55 57
      vertex 86.4134 130.881 57
    endloop
  endfacet
  facet normal -0 0 1
    outer loop
      vertex 85.1526 130.543 57
      vertex 92.5 68.55 57
      vertex 85.7941 130.67 57
    endloop
  endfacet
  facet normal 0 0 1
    outer loop
      vertex 83.5 68.55 57
      vertex 85.1526 130.543 57
      vertex 84.5 130.5 57
    endloop
  endfacet
  facet normal 0 0 1
    outer loop
      vertex 83.5 68.55 57
      vertex 84.5 130.5 57
      vertex 83.8474 130.543 57
    endloop
  endfacet
  facet normal 0 0 1
    outer loop
      vertex 83.5 68.55 57
      vertex 83.8474 130.543 57
      vertex 83.5 130.612 57
    endloop
  endfacet
  facet normal 0 0 1
    outer loop
      vertex 85.1526 130.543 57
      vertex 83.5 68.55 57
      vertex 92.5 68.55 57
    endloop
  endfacet
  facet normal 0.707107 0 -0.707107
    outer loop
      vertex -92.5 86 25.1971
      vertex -95.5 126 22.1971
      vertex -92.5 126 25.1971
    endloop
  endfacet
  facet normal 0.707107 0 -0.707107
    outer loop
      vertex -95.5 126 22.1971
      vertex -92.5 86 25.1971
      vertex -95.5 86 22.1971
    endloop
  endfacet
  facet normal -0.707107 0 0.707107
    outer loop
      vertex -95.5 86 18.8029
      vertex -92.5 126 21.8029
      vertex -95.5 126 18.8029
    endloop
  endfacet
  facet normal -0.707107 0 0.707107
    outer loop
      vertex -92.5 126 21.8029
      vertex -95.5 86 18.8029
      vertex -92.5 86 21.8029
    endloop
  endfacet
  facet normal 0 -1 0
    outer loop
      vertex -95.5 126 22.1971
      vertex -92.5 126 21.8029
      vertex -92.5 126 25.1971
    endloop
  endfacet
  facet normal -0 -1 0
    outer loop
      vertex -92.5 126 21.8029
      vertex -95.5 126 22.1971
      vertex -95.5 126 18.8029
    endloop
  endfacet
  facet normal 0 1 -0
    outer loop
      vertex -92.5 86 21.8029
      vertex -95.5 86 22.1971
      vertex -92.5 86 25.1971
    endloop
  endfacet
  facet normal 0 1 0
    outer loop
      vertex -95.5 86 22.1971
      vertex -92.5 86 21.8029
      vertex -95.5 86 18.8029
    endloop
  endfacet
  facet normal 0.707107 0 -0.707107
    outer loop
      vertex -92.5 86 33.1971
      vertex -95.5 126 30.1971
      vertex -92.5 126 33.1971
    endloop
  endfacet
  facet normal 0.707107 0 -0.707107
    outer loop
      vertex -95.5 126 30.1971
      vertex -92.5 86 33.1971
      vertex -95.5 86 30.1971
    endloop
  endfacet
  facet normal -0.707107 0 0.707107
    outer loop
      vertex -95.5 86 26.8029
      vertex -92.5 126 29.8029
      vertex -95.5 126 26.8029
    endloop
  endfacet
  facet normal -0.707107 0 0.707107
    outer loop
      vertex -92.5 126 29.8029
      vertex -95.5 86 26.8029
      vertex -92.5 86 29.8029
    endloop
  endfacet
  facet normal 0 -1 0
    outer loop
      vertex -95.5 126 30.1971
      vertex -92.5 126 29.8029
      vertex -92.5 126 33.1971
    endloop
  endfacet
  facet normal -0 -1 0
    outer loop
      vertex -92.5 126 29.8029
      vertex -95.5 126 30.1971
      vertex -95.5 126 26.8029
    endloop
  endfacet
  facet normal 0 1 -0
    outer loop
      vertex -92.5 86 29.8029
      vertex -95.5 86 30.1971
      vertex -92.5 86 33.1971
    endloop
  endfacet
  facet normal 0 1 0
    outer loop
      vertex -95.5 86 30.1971
      vertex -92.5 86 29.8029
      vertex -95.5 86 26.8029
    endloop
  endfacet
  facet normal 0.707107 0 -0.707107
    outer loop
      vertex -92.5 86 41.1971
      vertex -95.5 126 38.1971
      vertex -92.5 126 41.1971
    endloop
  endfacet
  facet normal 0.707107 0 -0.707107
    outer loop
      vertex -95.5 126 38.1971
      vertex -92.5 86 41.1971
      vertex -95.5 86 38.1971
    endloop
  endfacet
  facet normal -0.707107 0 0.707107
    outer loop
      vertex -95.5 86 34.8029
      vertex -92.5 126 37.8029
      vertex -95.5 126 34.8029
    endloop
  endfacet
  facet normal -0.707107 0 0.707107
    outer loop
      vertex -92.5 126 37.8029
      vertex -95.5 86 34.8029
      vertex -92.5 86 37.8029
    endloop
  endfacet
  facet normal 0 1 -0
    outer loop
      vertex -92.5 86 37.8029
      vertex -95.5 86 38.1971
      vertex -92.5 86 41.1971
    endloop
  endfacet
  facet normal 0 1 0
    outer loop
      vertex -95.5 86 38.1971
      vertex -92.5 86 37.8029
      vertex -95.5 86 34.8029
    endloop
  endfacet
  facet normal 0 -1 0
    outer loop
      vertex -95.5 126 38.1971
      vertex -92.5 126 37.8029
      vertex -92.5 126 41.1971
    endloop
  endfacet
  facet normal -0 -1 0
    outer loop
      vertex -92.5 126 37.8029
      vertex -95.5 126 38.1971
      vertex -95.5 126 34.8029
    endloop
  endfacet
  facet normal 0.707107 0 -0.707107
    outer loop
      vertex -92.5 86 67.1971
      vertex -95.5 126 64.1971
      vertex -92.5 126 67.1971
    endloop
  endfacet
  facet normal 0.707107 0 -0.707107
    outer loop
      vertex -95.5 126 64.1971
      vertex -92.5 86 67.1971
      vertex -95.5 86 64.1971
    endloop
  endfacet
  facet normal -0.707107 0 0.707107
    outer loop
      vertex -95.5 86 60.8029
      vertex -92.5 126 63.8029
      vertex -95.5 126 60.8029
    endloop
  endfacet
  facet normal -0.707107 0 0.707107
    outer loop
      vertex -92.5 126 63.8029
      vertex -95.5 86 60.8029
      vertex -92.5 86 63.8029
    endloop
  endfacet
  facet normal 0 -1 0
    outer loop
      vertex -95.5 126 64.1971
      vertex -92.5 126 63.8029
      vertex -92.5 126 67.1971
    endloop
  endfacet
  facet normal -0 -1 0
    outer loop
      vertex -92.5 126 63.8029
      vertex -95.5 126 64.1971
      vertex -95.5 126 60.8029
    endloop
  endfacet
  facet normal 0 1 -0
    outer loop
      vertex -92.5 86 63.8029
      vertex -95.5 86 64.1971
      vertex -92.5 86 67.1971
    endloop
  endfacet
  facet normal 0 1 0
    outer loop
      vertex -95.5 86 64.1971
      vertex -92.5 86 63.8029
      vertex -95.5 86 60.8029
    endloop
  endfacet
  facet normal 0.707107 0 -0.707107
    outer loop
      vertex -92.5 86 75.1971
      vertex -95.5 126 72.1971
      vertex -92.5 126 75.1971
    endloop
  endfacet
  facet normal 0.707107 0 -0.707107
    outer loop
      vertex -95.5 126 72.1971
      vertex -92.5 86 75.1971
      vertex -95.5 86 72.1971
    endloop
  endfacet
  facet normal -0.707107 0 0.707107
    outer loop
      vertex -95.5 86 68.8029
      vertex -92.5 126 71.8029
      vertex -95.5 126 68.8029
    endloop
  endfacet
  facet normal -0.707107 0 0.707107
    outer loop
      vertex -92.5 126 71.8029
      vertex -95.5 86 68.8029
      vertex -92.5 86 71.8029
    endloop
  endfacet
  facet normal 0 -1 0
    outer loop
      vertex -95.5 126 72.1971
      vertex -92.5 126 71.8029
      vertex -92.5 126 75.1971
    endloop
  endfacet
  facet normal -0 -1 0
    outer loop
      vertex -92.5 126 71.8029
      vertex -95.5 126 72.1971
      vertex -95.5 126 68.8029
    endloop
  endfacet
  facet normal 0 1 -0
    outer loop
      vertex -92.5 86 71.8029
      vertex -95.5 86 72.1971
      vertex -92.5 86 75.1971
    endloop
  endfacet
  facet normal 0 1 0
    outer loop
      vertex -95.5 86 72.1971
      vertex -92.5 86 71.8029
      vertex -95.5 86 68.8029
    endloop
  endfacet
  facet normal 0.707107 0 -0.707107
    outer loop
      vertex -92.5 86 83.1971
      vertex -95.5 126 80.1971
      vertex -92.5 126 83.1971
    endloop
  endfacet
  facet normal 0.707107 0 -0.707107
    outer loop
      vertex -95.5 126 80.1971
      vertex -92.5 86 83.1971
      vertex -95.5 86 80.1971
    endloop
  endfacet
  facet normal -0.707107 0 0.707107
    outer loop
      vertex -95.5 86 76.8029
      vertex -92.5 126 79.8029
      vertex -95.5 126 76.8029
    endloop
  endfacet
  facet normal -0.707107 0 0.707107
    outer loop
      vertex -92.5 126 79.8029
      vertex -95.5 86 76.8029
      vertex -92.5 86 79.8029
    endloop
  endfacet
  facet normal 0 1 -0
    outer loop
      vertex -92.5 86 79.8029
      vertex -95.5 86 80.1971
      vertex -92.5 86 83.1971
    endloop
  endfacet
  facet normal 0 1 0
    outer loop
      vertex -95.5 86 80.1971
      vertex -92.5 86 79.8029
      vertex -95.5 86 76.8029
    endloop
  endfacet
  facet normal 0 -1 0
    outer loop
      vertex -95.5 126 80.1971
      vertex -92.5 126 79.8029
      vertex -92.5 126 83.1971
    endloop
  endfacet
  facet normal -0 -1 0
    outer loop
      vertex -92.5 126 79.8029
      vertex -95.5 126 80.1971
      vertex -95.5 126 76.8029
    endloop
  endfacet
  facet normal -0.707107 0 -0.707107
    outer loop
      vertex 95.5 86 64.1971
      vertex 92.5 126 67.1971
      vertex 95.5 126 64.1971
    endloop
  endfacet
  facet normal -0.707107 -0 -0.707107
    outer loop
      vertex 92.5 126 67.1971
      vertex 95.5 86 64.1971
      vertex 92.5 86 67.1971
    endloop
  endfacet
  facet normal 0.707107 -0 0.707107
    outer loop
      vertex 92.5 86 63.8029
      vertex 95.5 126 60.8029
      vertex 92.5 126 63.8029
    endloop
  endfacet
  facet normal 0.707107 0 0.707107
    outer loop
      vertex 95.5 126 60.8029
      vertex 92.5 86 63.8029
      vertex 95.5 86 60.8029
    endloop
  endfacet
  facet normal 0 -1 0
    outer loop
      vertex 92.5 126 63.8029
      vertex 95.5 126 64.1971
      vertex 92.5 126 67.1971
    endloop
  endfacet
  facet normal 0 -1 -0
    outer loop
      vertex 95.5 126 64.1971
      vertex 92.5 126 63.8029
      vertex 95.5 126 60.8029
    endloop
  endfacet
  facet normal 0 1 0
    outer loop
      vertex 95.5 86 64.1971
      vertex 92.5 86 63.8029
      vertex 92.5 86 67.1971
    endloop
  endfacet
  facet normal -0 1 0
    outer loop
      vertex 92.5 86 63.8029
      vertex 95.5 86 64.1971
      vertex 95.5 86 60.8029
    endloop
  endfacet
  facet normal -0.707107 0 -0.707107
    outer loop
      vertex 95.5 86 72.1971
      vertex 92.5 126 75.1971
      vertex 95.5 126 72.1971
    endloop
  endfacet
  facet normal -0.707107 -0 -0.707107
    outer loop
      vertex 92.5 126 75.1971
      vertex 95.5 86 72.1971
      vertex 92.5 86 75.1971
    endloop
  endfacet
  facet normal 0.707107 -0 0.707107
    outer loop
      vertex 92.5 86 71.8029
      vertex 95.5 126 68.8029
      vertex 92.5 126 71.8029
    endloop
  endfacet
  facet normal 0.707107 0 0.707107
    outer loop
      vertex 95.5 126 68.8029
      vertex 92.5 86 71.8029
      vertex 95.5 86 68.8029
    endloop
  endfacet
  facet normal 0 -1 0
    outer loop
      vertex 92.5 126 71.8029
      vertex 95.5 126 72.1971
      vertex 92.5 126 75.1971
    endloop
  endfacet
  facet normal 0 -1 -0
    outer loop
      vertex 95.5 126 72.1971
      vertex 92.5 126 71.8029
      vertex 95.5 126 68.8029
    endloop
  endfacet
  facet normal 0 1 0
    outer loop
      vertex 95.5 86 72.1971
      vertex 92.5 86 71.8029
      vertex 92.5 86 75.1971
    endloop
  endfacet
  facet normal -0 1 0
    outer loop
      vertex 92.5 86 71.8029
      vertex 95.5 86 72.1971
      vertex 95.5 86 68.8029
    endloop
  endfacet
  facet normal -0.707107 0 -0.707107
    outer loop
      vertex 95.5 86 80.1971
      vertex 92.5 126 83.1971
      vertex 95.5 126 80.1971
    endloop
  endfacet
  facet normal -0.707107 -0 -0.707107
    outer loop
      vertex 92.5 126 83.1971
      vertex 95.5 86 80.1971
      vertex 92.5 86 83.1971
    endloop
  endfacet
  facet normal 0.707107 -0 0.707107
    outer loop
      vertex 92.5 86 79.8029
      vertex 95.5 126 76.8029
      vertex 92.5 126 79.8029
    endloop
  endfacet
  facet normal 0.707107 0 0.707107
    outer loop
      vertex 95.5 126 76.8029
      vertex 92.5 86 79.8029
      vertex 95.5 86 76.8029
    endloop
  endfacet
  facet normal 0 -1 0
    outer loop
      vertex 92.5 126 79.8029
      vertex 95.5 126 80.1971
      vertex 92.5 126 83.1971
    endloop
  endfacet
  facet normal 0 -1 -0
    outer loop
      vertex 95.5 126 80.1971
      vertex 92.5 126 79.8029
      vertex 95.5 126 76.8029
    endloop
  endfacet
  facet normal 0 1 0
    outer loop
      vertex 95.5 86 80.1971
      vertex 92.5 86 79.8029
      vertex 92.5 86 83.1971
    endloop
  endfacet
  facet normal -0 1 0
    outer loop
      vertex 92.5 86 79.8029
      vertex 95.5 86 80.1971
      vertex 95.5 86 76.8029
    endloop
  endfacet
  facet normal -0.707107 0 -0.707107
    outer loop
      vertex 95.5 86 22.1971
      vertex 92.5 126 25.1971
      vertex 95.5 126 22.1971
    endloop
  endfacet
  facet normal -0.707107 -0 -0.707107
    outer loop
      vertex 92.5 126 25.1971
      vertex 95.5 86 22.1971
      vertex 92.5 86 25.1971
    endloop
  endfacet
  facet normal 0.707107 -0 0.707107
    outer loop
      vertex 92.5 86 21.8029
      vertex 95.5 126 18.8029
      vertex 92.5 126 21.8029
    endloop
  endfacet
  facet normal 0.707107 0 0.707107
    outer loop
      vertex 95.5 126 18.8029
      vertex 92.5 86 21.8029
      vertex 95.5 86 18.8029
    endloop
  endfacet
  facet normal 0 -1 0
    outer loop
      vertex 92.5 126 21.8029
      vertex 95.5 126 22.1971
      vertex 92.5 126 25.1971
    endloop
  endfacet
  facet normal 0 -1 -0
    outer loop
      vertex 95.5 126 22.1971
      vertex 92.5 126 21.8029
      vertex 95.5 126 18.8029
    endloop
  endfacet
  facet normal 0 1 0
    outer loop
      vertex 95.5 86 22.1971
      vertex 92.5 86 21.8029
      vertex 92.5 86 25.1971
    endloop
  endfacet
  facet normal -0 1 0
    outer loop
      vertex 92.5 86 21.8029
      vertex 95.5 86 22.1971
      vertex 95.5 86 18.8029
    endloop
  endfacet
  facet normal -0.707107 0 -0.707107
    outer loop
      vertex 95.5 86 30.1971
      vertex 92.5 126 33.1971
      vertex 95.5 126 30.1971
    endloop
  endfacet
  facet normal -0.707107 -0 -0.707107
    outer loop
      vertex 92.5 126 33.1971
      vertex 95.5 86 30.1971
      vertex 92.5 86 33.1971
    endloop
  endfacet
  facet normal 0.707107 -0 0.707107
    outer loop
      vertex 92.5 86 29.8029
      vertex 95.5 126 26.8029
      vertex 92.5 126 29.8029
    endloop
  endfacet
  facet normal 0.707107 0 0.707107
    outer loop
      vertex 95.5 126 26.8029
      vertex 92.5 86 29.8029
      vertex 95.5 86 26.8029
    endloop
  endfacet
  facet normal 0 -1 0
    outer loop
      vertex 92.5 126 29.8029
      vertex 95.5 126 30.1971
      vertex 92.5 126 33.1971
    endloop
  endfacet
  facet normal 0 -1 -0
    outer loop
      vertex 95.5 126 30.1971
      vertex 92.5 126 29.8029
      vertex 95.5 126 26.8029
    endloop
  endfacet
  facet normal 0 1 0
    outer loop
      vertex 95.5 86 30.1971
      vertex 92.5 86 29.8029
      vertex 92.5 86 33.1971
    endloop
  endfacet
  facet normal -0 1 0
    outer loop
      vertex 92.5 86 29.8029
      vertex 95.5 86 30.1971
      vertex 95.5 86 26.8029
    endloop
  endfacet
  facet normal -0.707107 0 -0.707107
    outer loop
      vertex 95.5 86 38.1971
      vertex 92.5 126 41.1971
      vertex 95.5 126 38.1971
    endloop
  endfacet
  facet normal -0.707107 -0 -0.707107
    outer loop
      vertex 92.5 126 41.1971
      vertex 95.5 86 38.1971
      vertex 92.5 86 41.1971
    endloop
  endfacet
  facet normal 0.707107 -0 0.707107
    outer loop
      vertex 92.5 86 37.8029
      vertex 95.5 126 34.8029
      vertex 92.5 126 37.8029
    endloop
  endfacet
  facet normal 0.707107 0 0.707107
    outer loop
      vertex 95.5 126 34.8029
      vertex 92.5 86 37.8029
      vertex 95.5 86 34.8029
    endloop
  endfacet
  facet normal 0 -1 0
    outer loop
      vertex 92.5 126 37.8029
      vertex 95.5 126 38.1971
      vertex 92.5 126 41.1971
    endloop
  endfacet
  facet normal 0 -1 -0
    outer loop
      vertex 95.5 126 38.1971
      vertex 92.5 126 37.8029
      vertex 95.5 126 34.8029
    endloop
  endfacet
  facet normal 0 1 0
    outer loop
      vertex 95.5 86 38.1971
      vertex 92.5 86 37.8029
      vertex 92.5 86 41.1971
    endloop
  endfacet
  facet normal -0 1 0
    outer loop
      vertex 92.5 86 37.8029
      vertex 95.5 86 38.1971
      vertex 95.5 86 34.8029
    endloop
  endfacet
  facet normal -0.980873 -0.194648 0
    outer loop
      vertex -53.0171 133.761 6
      vertex -53.0681 134.018 12
      vertex -53.0681 134.018 6
    endloop
  endfacet
  facet normal -0.980873 -0.194648 0
    outer loop
      vertex -53.0681 134.018 12
      vertex -53.0171 133.761 6
      vertex -53.0171 133.761 12
    endloop
  endfacet
  facet normal -0.997861 -0.0653771 0
    outer loop
      vertex -53 133.5 6
      vertex -53.0171 133.761 12
      vertex -53.0171 133.761 6
    endloop
  endfacet
  facet normal -0.997861 -0.0653771 0
    outer loop
      vertex -53.0171 133.761 12
      vertex -53 133.5 6
      vertex -53 133.5 12
    endloop
  endfacet
  facet normal -0.321039 0.947066 0
    outer loop
      vertex -54.2346 131.652 6
      vertex -54.4824 131.568 12
      vertex -54.2346 131.652 12
    endloop
  endfacet
  facet normal -0.321039 0.947066 0
    outer loop
      vertex -54.4824 131.568 12
      vertex -54.2346 131.652 6
      vertex -54.4824 131.568 6
    endloop
  endfacet
  facet normal -0.5547 -0.83205 0
    outer loop
      vertex -54 135.232 6
      vertex -53.7825 135.087 12
      vertex -54 135.232 12
    endloop
  endfacet
  facet normal -0.5547 -0.83205 -0
    outer loop
      vertex -53.7825 135.087 12
      vertex -54 135.232 6
      vertex -53.7825 135.087 6
    endloop
  endfacet
  facet normal -0.195013 -0.980801 0
    outer loop
      vertex -54.7389 135.483 6
      vertex -54.4824 135.432 12
      vertex -54.7389 135.483 12
    endloop
  endfacet
  facet normal -0.195013 -0.980801 -0
    outer loop
      vertex -54.4824 135.432 12
      vertex -54.7389 135.483 6
      vertex -54.4824 135.432 6
    endloop
  endfacet
  facet normal 0.980873 0.194648 0
    outer loop
      vertex -56.9319 132.982 12
      vertex -56.9829 133.239 6
      vertex -56.9829 133.239 12
    endloop
  endfacet
  facet normal 0.980873 0.194648 0
    outer loop
      vertex -56.9829 133.239 6
      vertex -56.9319 132.982 12
      vertex -56.9319 132.982 6
    endloop
  endfacet
  facet normal -0.980873 0.194648 0
    outer loop
      vertex -53.0681 132.982 6
      vertex -53.0171 133.239 12
      vertex -53.0171 133.239 6
    endloop
  endfacet
  facet normal -0.980873 0.194648 0
    outer loop
      vertex -53.0171 133.239 12
      vertex -53.0681 132.982 6
      vertex -53.0681 132.982 12
    endloop
  endfacet
  facet normal 0.750676 -0.660671 0
    outer loop
      vertex -56.5867 134.718 12
      vertex -56.4142 134.914 6
      vertex -56.4142 134.914 12
    endloop
  endfacet
  facet normal 0.750676 -0.660671 0
    outer loop
      vertex -56.4142 134.914 6
      vertex -56.5867 134.718 12
      vertex -56.5867 134.718 6
    endloop
  endfacet
  facet normal -0.831933 -0.554876 0
    outer loop
      vertex -53.2679 134.5 6
      vertex -53.4133 134.718 12
      vertex -53.4133 134.718 6
    endloop
  endfacet
  facet normal -0.831933 -0.554876 0
    outer loop
      vertex -53.4133 134.718 12
      vertex -53.2679 134.5 6
      vertex -53.2679 134.5 12
    endloop
  endfacet
  facet normal 0.946632 0.322315 0
    outer loop
      vertex -56.8478 132.735 12
      vertex -56.9319 132.982 6
      vertex -56.9319 132.982 12
    endloop
  endfacet
  facet normal 0.946632 0.322315 0
    outer loop
      vertex -56.9319 132.982 6
      vertex -56.8478 132.735 12
      vertex -56.8478 132.735 6
    endloop
  endfacet
  facet normal -0.997861 0.0653771 0
    outer loop
      vertex -53.0171 133.239 6
      vertex -53 133.5 12
      vertex -53 133.5 6
    endloop
  endfacet
  facet normal -0.997861 0.0653771 0
    outer loop
      vertex -53 133.5 12
      vertex -53.0171 133.239 6
      vertex -53.0171 133.239 12
    endloop
  endfacet
  facet normal 0.997861 0.0653771 0
    outer loop
      vertex -56.9829 133.239 12
      vertex -57 133.5 6
      vertex -57 133.5 12
    endloop
  endfacet
  facet normal 0.997861 0.0653771 0
    outer loop
      vertex -57 133.5 6
      vertex -56.9829 133.239 12
      vertex -56.9829 133.239 6
    endloop
  endfacet
  facet normal 0.660421 0.750895 -0
    outer loop
      vertex -56.2175 131.913 6
      vertex -56.4142 132.086 12
      vertex -56.2175 131.913 12
    endloop
  endfacet
  facet normal 0.660421 0.750895 0
    outer loop
      vertex -56.4142 132.086 12
      vertex -56.2175 131.913 6
      vertex -56.4142 132.086 6
    endloop
  endfacet
  facet normal 0.832109 -0.554612 0
    outer loop
      vertex -56.732 134.5 12
      vertex -56.5867 134.718 6
      vertex -56.5867 134.718 12
    endloop
  endfacet
  facet normal 0.832109 -0.554612 0
    outer loop
      vertex -56.5867 134.718 6
      vertex -56.732 134.5 12
      vertex -56.732 134.5 6
    endloop
  endfacet
  facet normal -0.321039 -0.947066 0
    outer loop
      vertex -54.4824 135.432 6
      vertex -54.2346 135.348 12
      vertex -54.4824 135.432 12
    endloop
  endfacet
  facet normal -0.321039 -0.947066 -0
    outer loop
      vertex -54.2346 135.348 12
      vertex -54.4824 135.432 6
      vertex -54.2346 135.348 6
    endloop
  endfacet
  facet normal 0.321039 0.947066 -0
    outer loop
      vertex -55.5176 131.568 6
      vertex -55.7654 131.652 12
      vertex -55.5176 131.568 12
    endloop
  endfacet
  facet normal 0.321039 0.947066 0
    outer loop
      vertex -55.7654 131.652 12
      vertex -55.5176 131.568 6
      vertex -55.7654 131.652 6
    endloop
  endfacet
  facet normal -0.5547 0.83205 0
    outer loop
      vertex -53.7825 131.913 6
      vertex -54 131.768 12
      vertex -53.7825 131.913 12
    endloop
  endfacet
  facet normal -0.5547 0.83205 0
    outer loop
      vertex -54 131.768 12
      vertex -53.7825 131.913 6
      vertex -54 131.768 6
    endloop
  endfacet
  facet normal -0.750676 -0.660671 0
    outer loop
      vertex -53.4133 134.718 6
      vertex -53.5858 134.914 12
      vertex -53.5858 134.914 6
    endloop
  endfacet
  facet normal -0.750676 -0.660671 0
    outer loop
      vertex -53.5858 134.914 12
      vertex -53.4133 134.718 6
      vertex -53.4133 134.718 12
    endloop
  endfacet
  facet normal -0.660421 0.750895 0
    outer loop
      vertex -53.5858 132.086 6
      vertex -53.7825 131.913 12
      vertex -53.5858 132.086 12
    endloop
  endfacet
  facet normal -0.660421 0.750895 0
    outer loop
      vertex -53.7825 131.913 12
      vertex -53.5858 132.086 6
      vertex -53.7825 131.913 6
    endloop
  endfacet
  facet normal 0.660421 -0.750895 0
    outer loop
      vertex -56.4142 134.914 6
      vertex -56.2175 135.087 12
      vertex -56.4142 134.914 12
    endloop
  endfacet
  facet normal 0.660421 -0.750895 0
    outer loop
      vertex -56.2175 135.087 12
      vertex -56.4142 134.914 6
      vertex -56.2175 135.087 6
    endloop
  endfacet
  facet normal 0.750676 0.660671 0
    outer loop
      vertex -56.4142 132.086 12
      vertex -56.5867 132.282 6
      vertex -56.5867 132.282 12
    endloop
  endfacet
  facet normal 0.750676 0.660671 0
    outer loop
      vertex -56.5867 132.282 6
      vertex -56.4142 132.086 12
      vertex -56.4142 132.086 6
    endloop
  endfacet
  facet normal 0.5547 0.83205 -0
    outer loop
      vertex -56 131.768 6
      vertex -56.2175 131.913 12
      vertex -56 131.768 12
    endloop
  endfacet
  facet normal 0.5547 0.83205 0
    outer loop
      vertex -56.2175 131.913 12
      vertex -56 131.768 6
      vertex -56.2175 131.913 6
    endloop
  endfacet
  facet normal -0.443235 -0.896405 0
    outer loop
      vertex -54.2346 135.348 6
      vertex -54 135.232 12
      vertex -54.2346 135.348 12
    endloop
  endfacet
  facet normal -0.443235 -0.896405 -0
    outer loop
      vertex -54 135.232 12
      vertex -54.2346 135.348 6
      vertex -54 135.232 6
    endloop
  endfacet
  facet normal -0.660421 -0.750895 0
    outer loop
      vertex -53.7825 135.087 6
      vertex -53.5858 134.914 12
      vertex -53.7825 135.087 12
    endloop
  endfacet
  facet normal -0.660421 -0.750895 -0
    outer loop
      vertex -53.5858 134.914 12
      vertex -53.7825 135.087 6
      vertex -53.5858 134.914 6
    endloop
  endfacet
  facet normal 0.0649716 -0.997887 0
    outer loop
      vertex -55.2611 135.483 6
      vertex -55 135.5 12
      vertex -55.2611 135.483 12
    endloop
  endfacet
  facet normal 0.0649716 -0.997887 0
    outer loop
      vertex -55 135.5 12
      vertex -55.2611 135.483 6
      vertex -55 135.5 6
    endloop
  endfacet
  facet normal -0.0649716 -0.997887 0
    outer loop
      vertex -55 135.5 6
      vertex -54.7389 135.483 12
      vertex -55 135.5 12
    endloop
  endfacet
  facet normal -0.0649716 -0.997887 -0
    outer loop
      vertex -54.7389 135.483 12
      vertex -55 135.5 6
      vertex -54.7389 135.483 6
    endloop
  endfacet
  facet normal 0.946632 -0.322315 0
    outer loop
      vertex -56.9319 134.018 12
      vertex -56.8478 134.265 6
      vertex -56.8478 134.265 12
    endloop
  endfacet
  facet normal 0.946632 -0.322315 0
    outer loop
      vertex -56.8478 134.265 6
      vertex -56.9319 134.018 12
      vertex -56.9319 134.018 6
    endloop
  endfacet
  facet normal 0.321039 -0.947066 0
    outer loop
      vertex -55.7654 135.348 6
      vertex -55.5176 135.432 12
      vertex -55.7654 135.348 12
    endloop
  endfacet
  facet normal 0.321039 -0.947066 0
    outer loop
      vertex -55.5176 135.432 12
      vertex -55.7654 135.348 6
      vertex -55.5176 135.432 6
    endloop
  endfacet
  facet normal -0.946632 0.322315 0
    outer loop
      vertex -53.1522 132.735 6
      vertex -53.0681 132.982 12
      vertex -53.0681 132.982 6
    endloop
  endfacet
  facet normal -0.946632 0.322315 0
    outer loop
      vertex -53.0681 132.982 12
      vertex -53.1522 132.735 6
      vertex -53.1522 132.735 12
    endloop
  endfacet
  facet normal -0.195013 0.980801 0
    outer loop
      vertex -54.4824 131.568 6
      vertex -54.7389 131.517 12
      vertex -54.4824 131.568 12
    endloop
  endfacet
  facet normal -0.195013 0.980801 0
    outer loop
      vertex -54.7389 131.517 12
      vertex -54.4824 131.568 6
      vertex -54.7389 131.517 6
    endloop
  endfacet
  facet normal 0.195013 0.980801 -0
    outer loop
      vertex -55.2611 131.517 6
      vertex -55.5176 131.568 12
      vertex -55.2611 131.517 12
    endloop
  endfacet
  facet normal 0.195013 0.980801 0
    outer loop
      vertex -55.5176 131.568 12
      vertex -55.2611 131.517 6
      vertex -55.5176 131.568 6
    endloop
  endfacet
  facet normal -0.897159 0.441708 0
    outer loop
      vertex -53.2679 132.5 6
      vertex -53.1522 132.735 12
      vertex -53.1522 132.735 6
    endloop
  endfacet
  facet normal -0.897159 0.441708 0
    outer loop
      vertex -53.1522 132.735 12
      vertex -53.2679 132.5 6
      vertex -53.2679 132.5 12
    endloop
  endfacet
  facet normal -0.0649716 0.997887 0
    outer loop
      vertex -54.7389 131.517 6
      vertex -55 131.5 12
      vertex -54.7389 131.517 12
    endloop
  endfacet
  facet normal -0.0649716 0.997887 0
    outer loop
      vertex -55 131.5 12
      vertex -54.7389 131.517 6
      vertex -55 131.5 6
    endloop
  endfacet
  facet normal -0.897159 -0.441708 0
    outer loop
      vertex -53.1522 134.265 6
      vertex -53.2679 134.5 12
      vertex -53.2679 134.5 6
    endloop
  endfacet
  facet normal -0.897159 -0.441708 0
    outer loop
      vertex -53.2679 134.5 12
      vertex -53.1522 134.265 6
      vertex -53.1522 134.265 12
    endloop
  endfacet
  facet normal -0.443235 0.896405 0
    outer loop
      vertex -54 131.768 6
      vertex -54.2346 131.652 12
      vertex -54 131.768 12
    endloop
  endfacet
  facet normal -0.443235 0.896405 0
    outer loop
      vertex -54.2346 131.652 12
      vertex -54 131.768 6
      vertex -54.2346 131.652 6
    endloop
  endfacet
  facet normal -0.831933 0.554876 0
    outer loop
      vertex -53.4133 132.282 6
      vertex -53.2679 132.5 12
      vertex -53.2679 132.5 6
    endloop
  endfacet
  facet normal -0.831933 0.554876 0
    outer loop
      vertex -53.2679 132.5 12
      vertex -53.4133 132.282 6
      vertex -53.4133 132.282 12
    endloop
  endfacet
  facet normal 0.897008 0.442015 0
    outer loop
      vertex -56.732 132.5 12
      vertex -56.8478 132.735 6
      vertex -56.8478 132.735 12
    endloop
  endfacet
  facet normal 0.897008 0.442015 0
    outer loop
      vertex -56.8478 132.735 6
      vertex -56.732 132.5 12
      vertex -56.732 132.5 6
    endloop
  endfacet
  facet normal 0.832109 0.554612 0
    outer loop
      vertex -56.5867 132.282 12
      vertex -56.732 132.5 6
      vertex -56.732 132.5 12
    endloop
  endfacet
  facet normal 0.832109 0.554612 0
    outer loop
      vertex -56.732 132.5 6
      vertex -56.5867 132.282 12
      vertex -56.5867 132.282 6
    endloop
  endfacet
  facet normal 0.195013 -0.980801 0
    outer loop
      vertex -55.5176 135.432 6
      vertex -55.2611 135.483 12
      vertex -55.5176 135.432 12
    endloop
  endfacet
  facet normal 0.195013 -0.980801 0
    outer loop
      vertex -55.2611 135.483 12
      vertex -55.5176 135.432 6
      vertex -55.2611 135.483 6
    endloop
  endfacet
  facet normal 0.443235 -0.896405 0
    outer loop
      vertex -56 135.232 6
      vertex -55.7654 135.348 12
      vertex -56 135.232 12
    endloop
  endfacet
  facet normal 0.443235 -0.896405 0
    outer loop
      vertex -55.7654 135.348 12
      vertex -56 135.232 6
      vertex -55.7654 135.348 6
    endloop
  endfacet
  facet normal 0.0649716 0.997887 -0
    outer loop
      vertex -55 131.5 6
      vertex -55.2611 131.517 12
      vertex -55 131.5 12
    endloop
  endfacet
  facet normal 0.0649716 0.997887 0
    outer loop
      vertex -55.2611 131.517 12
      vertex -55 131.5 6
      vertex -55.2611 131.517 6
    endloop
  endfacet
  facet normal -0.946632 -0.322315 0
    outer loop
      vertex -53.0681 134.018 6
      vertex -53.1522 134.265 12
      vertex -53.1522 134.265 6
    endloop
  endfacet
  facet normal -0.946632 -0.322315 0
    outer loop
      vertex -53.1522 134.265 12
      vertex -53.0681 134.018 6
      vertex -53.0681 134.018 12
    endloop
  endfacet
  facet normal 0.5547 -0.83205 0
    outer loop
      vertex -56.2175 135.087 6
      vertex -56 135.232 12
      vertex -56.2175 135.087 12
    endloop
  endfacet
  facet normal 0.5547 -0.83205 0
    outer loop
      vertex -56 135.232 12
      vertex -56.2175 135.087 6
      vertex -56 135.232 6
    endloop
  endfacet
  facet normal 0.980873 -0.194648 0
    outer loop
      vertex -56.9829 133.761 12
      vertex -56.9319 134.018 6
      vertex -56.9319 134.018 12
    endloop
  endfacet
  facet normal 0.980873 -0.194648 0
    outer loop
      vertex -56.9319 134.018 6
      vertex -56.9829 133.761 12
      vertex -56.9829 133.761 6
    endloop
  endfacet
  facet normal 0.443235 0.896405 -0
    outer loop
      vertex -55.7654 131.652 6
      vertex -56 131.768 12
      vertex -55.7654 131.652 12
    endloop
  endfacet
  facet normal 0.443235 0.896405 0
    outer loop
      vertex -56 131.768 12
      vertex -55.7654 131.652 6
      vertex -56 131.768 6
    endloop
  endfacet
  facet normal 0.997861 -0.0653771 0
    outer loop
      vertex -57 133.5 12
      vertex -56.9829 133.761 6
      vertex -56.9829 133.761 12
    endloop
  endfacet
  facet normal 0.997861 -0.0653771 0
    outer loop
      vertex -56.9829 133.761 6
      vertex -57 133.5 12
      vertex -57 133.5 6
    endloop
  endfacet
  facet normal -0.750676 0.660671 0
    outer loop
      vertex -53.5858 132.086 6
      vertex -53.4133 132.282 12
      vertex -53.4133 132.282 6
    endloop
  endfacet
  facet normal -0.750676 0.660671 0
    outer loop
      vertex -53.4133 132.282 12
      vertex -53.5858 132.086 6
      vertex -53.5858 132.086 12
    endloop
  endfacet
  facet normal 0.897008 -0.442015 0
    outer loop
      vertex -56.8478 134.265 12
      vertex -56.732 134.5 6
      vertex -56.732 134.5 12
    endloop
  endfacet
  facet normal 0.897008 -0.442015 0
    outer loop
      vertex -56.732 134.5 6
      vertex -56.8478 134.265 12
      vertex -56.8478 134.265 6
    endloop
  endfacet
  facet normal -0.980873 0.194648 0
    outer loop
      vertex 56.9319 132.982 6
      vertex 56.9829 133.239 12
      vertex 56.9829 133.239 6
    endloop
  endfacet
  facet normal -0.980873 0.194648 0
    outer loop
      vertex 56.9829 133.239 12
      vertex 56.9319 132.982 6
      vertex 56.9319 132.982 12
    endloop
  endfacet
  facet normal -0.195013 0.980801 0
    outer loop
      vertex 55.5176 131.568 6
      vertex 55.2611 131.517 12
      vertex 55.5176 131.568 12
    endloop
  endfacet
  facet normal -0.195013 0.980801 0
    outer loop
      vertex 55.2611 131.517 12
      vertex 55.5176 131.568 6
      vertex 55.2611 131.517 6
    endloop
  endfacet
  facet normal -0.980873 -0.194648 0
    outer loop
      vertex 56.9829 133.761 6
      vertex 56.9319 134.018 12
      vertex 56.9319 134.018 6
    endloop
  endfacet
  facet normal -0.980873 -0.194648 0
    outer loop
      vertex 56.9319 134.018 12
      vertex 56.9829 133.761 6
      vertex 56.9829 133.761 12
    endloop
  endfacet
  facet normal -0.997861 -0.0653771 0
    outer loop
      vertex 57 133.5 6
      vertex 56.9829 133.761 12
      vertex 56.9829 133.761 6
    endloop
  endfacet
  facet normal -0.997861 -0.0653771 0
    outer loop
      vertex 56.9829 133.761 12
      vertex 57 133.5 6
      vertex 57 133.5 12
    endloop
  endfacet
  facet normal 0.5547 0.83205 -0
    outer loop
      vertex 54 131.768 6
      vertex 53.7825 131.913 12
      vertex 54 131.768 12
    endloop
  endfacet
  facet normal 0.5547 0.83205 0
    outer loop
      vertex 53.7825 131.913 12
      vertex 54 131.768 6
      vertex 53.7825 131.913 6
    endloop
  endfacet
  facet normal 0.897159 -0.441708 0
    outer loop
      vertex 53.1522 134.265 12
      vertex 53.2679 134.5 6
      vertex 53.2679 134.5 12
    endloop
  endfacet
  facet normal 0.897159 -0.441708 0
    outer loop
      vertex 53.2679 134.5 6
      vertex 53.1522 134.265 12
      vertex 53.1522 134.265 6
    endloop
  endfacet
  facet normal 0.750676 0.660671 0
    outer loop
      vertex 53.5858 132.086 12
      vertex 53.4133 132.282 6
      vertex 53.4133 132.282 12
    endloop
  endfacet
  facet normal 0.750676 0.660671 0
    outer loop
      vertex 53.4133 132.282 6
      vertex 53.5858 132.086 12
      vertex 53.5858 132.086 6
    endloop
  endfacet
  facet normal 0.321039 0.947066 -0
    outer loop
      vertex 54.4824 131.568 6
      vertex 54.2346 131.652 12
      vertex 54.4824 131.568 12
    endloop
  endfacet
  facet normal 0.321039 0.947066 0
    outer loop
      vertex 54.2346 131.652 12
      vertex 54.4824 131.568 6
      vertex 54.2346 131.652 6
    endloop
  endfacet
  facet normal 0.750676 -0.660671 0
    outer loop
      vertex 53.4133 134.718 12
      vertex 53.5858 134.914 6
      vertex 53.5858 134.914 12
    endloop
  endfacet
  facet normal 0.750676 -0.660671 0
    outer loop
      vertex 53.5858 134.914 6
      vertex 53.4133 134.718 12
      vertex 53.4133 134.718 6
    endloop
  endfacet
  facet normal 0.5547 -0.83205 0
    outer loop
      vertex 53.7825 135.087 6
      vertex 54 135.232 12
      vertex 53.7825 135.087 12
    endloop
  endfacet
  facet normal 0.5547 -0.83205 0
    outer loop
      vertex 54 135.232 12
      vertex 53.7825 135.087 6
      vertex 54 135.232 6
    endloop
  endfacet
  facet normal -0.750676 0.660671 0
    outer loop
      vertex 56.4142 132.086 6
      vertex 56.5867 132.282 12
      vertex 56.5867 132.282 6
    endloop
  endfacet
  facet normal -0.750676 0.660671 0
    outer loop
      vertex 56.5867 132.282 12
      vertex 56.4142 132.086 6
      vertex 56.4142 132.086 12
    endloop
  endfacet
  facet normal 0.897159 0.441708 0
    outer loop
      vertex 53.2679 132.5 12
      vertex 53.1522 132.735 6
      vertex 53.1522 132.735 12
    endloop
  endfacet
  facet normal 0.897159 0.441708 0
    outer loop
      vertex 53.1522 132.735 6
      vertex 53.2679 132.5 12
      vertex 53.2679 132.5 6
    endloop
  endfacet
  facet normal 0.660421 -0.750895 0
    outer loop
      vertex 53.5858 134.914 6
      vertex 53.7825 135.087 12
      vertex 53.5858 134.914 12
    endloop
  endfacet
  facet normal 0.660421 -0.750895 0
    outer loop
      vertex 53.7825 135.087 12
      vertex 53.5858 134.914 6
      vertex 53.7825 135.087 6
    endloop
  endfacet
  facet normal -0.443235 -0.896405 0
    outer loop
      vertex 55.7654 135.348 6
      vertex 56 135.232 12
      vertex 55.7654 135.348 12
    endloop
  endfacet
  facet normal -0.443235 -0.896405 -0
    outer loop
      vertex 56 135.232 12
      vertex 55.7654 135.348 6
      vertex 56 135.232 6
    endloop
  endfacet
  facet normal -0.946632 0.322315 0
    outer loop
      vertex 56.8478 132.735 6
      vertex 56.9319 132.982 12
      vertex 56.9319 132.982 6
    endloop
  endfacet
  facet normal -0.946632 0.322315 0
    outer loop
      vertex 56.9319 132.982 12
      vertex 56.8478 132.735 6
      vertex 56.8478 132.735 12
    endloop
  endfacet
  facet normal -0.660421 -0.750895 0
    outer loop
      vertex 56.2175 135.087 6
      vertex 56.4142 134.914 12
      vertex 56.2175 135.087 12
    endloop
  endfacet
  facet normal -0.660421 -0.750895 -0
    outer loop
      vertex 56.4142 134.914 12
      vertex 56.2175 135.087 6
      vertex 56.4142 134.914 6
    endloop
  endfacet
  facet normal -0.660421 0.750895 0
    outer loop
      vertex 56.4142 132.086 6
      vertex 56.2175 131.913 12
      vertex 56.4142 132.086 12
    endloop
  endfacet
  facet normal -0.660421 0.750895 0
    outer loop
      vertex 56.2175 131.913 12
      vertex 56.4142 132.086 6
      vertex 56.2175 131.913 6
    endloop
  endfacet
  facet normal -0.0649716 0.997887 0
    outer loop
      vertex 55.2611 131.517 6
      vertex 55 131.5 12
      vertex 55.2611 131.517 12
    endloop
  endfacet
  facet normal -0.0649716 0.997887 0
    outer loop
      vertex 55 131.5 12
      vertex 55.2611 131.517 6
      vertex 55 131.5 6
    endloop
  endfacet
  facet normal 0.946632 -0.322315 0
    outer loop
      vertex 53.0681 134.018 12
      vertex 53.1522 134.265 6
      vertex 53.1522 134.265 12
    endloop
  endfacet
  facet normal 0.946632 -0.322315 0
    outer loop
      vertex 53.1522 134.265 6
      vertex 53.0681 134.018 12
      vertex 53.0681 134.018 6
    endloop
  endfacet
  facet normal 0.0649716 -0.997887 0
    outer loop
      vertex 54.7389 135.483 6
      vertex 55 135.5 12
      vertex 54.7389 135.483 12
    endloop
  endfacet
  facet normal 0.0649716 -0.997887 0
    outer loop
      vertex 55 135.5 12
      vertex 54.7389 135.483 6
      vertex 55 135.5 6
    endloop
  endfacet
  facet normal 0.980873 0.194648 0
    outer loop
      vertex 53.0681 132.982 12
      vertex 53.0171 133.239 6
      vertex 53.0171 133.239 12
    endloop
  endfacet
  facet normal 0.980873 0.194648 0
    outer loop
      vertex 53.0171 133.239 6
      vertex 53.0681 132.982 12
      vertex 53.0681 132.982 6
    endloop
  endfacet
  facet normal 0.980873 -0.194648 0
    outer loop
      vertex 53.0171 133.761 12
      vertex 53.0681 134.018 6
      vertex 53.0681 134.018 12
    endloop
  endfacet
  facet normal 0.980873 -0.194648 0
    outer loop
      vertex 53.0681 134.018 6
      vertex 53.0171 133.761 12
      vertex 53.0171 133.761 6
    endloop
  endfacet
  facet normal -0.750676 -0.660671 0
    outer loop
      vertex 56.5867 134.718 6
      vertex 56.4142 134.914 12
      vertex 56.4142 134.914 6
    endloop
  endfacet
  facet normal -0.750676 -0.660671 0
    outer loop
      vertex 56.4142 134.914 12
      vertex 56.5867 134.718 6
      vertex 56.5867 134.718 12
    endloop
  endfacet
  facet normal -0.0649716 -0.997887 0
    outer loop
      vertex 55 135.5 6
      vertex 55.2611 135.483 12
      vertex 55 135.5 12
    endloop
  endfacet
  facet normal -0.0649716 -0.997887 -0
    outer loop
      vertex 55.2611 135.483 12
      vertex 55 135.5 6
      vertex 55.2611 135.483 6
    endloop
  endfacet
  facet normal 0.946632 0.322315 0
    outer loop
      vertex 53.1522 132.735 12
      vertex 53.0681 132.982 6
      vertex 53.0681 132.982 12
    endloop
  endfacet
  facet normal 0.946632 0.322315 0
    outer loop
      vertex 53.0681 132.982 6
      vertex 53.1522 132.735 12
      vertex 53.1522 132.735 6
    endloop
  endfacet
  facet normal -0.832109 -0.554612 0
    outer loop
      vertex 56.732 134.5 6
      vertex 56.5867 134.718 12
      vertex 56.5867 134.718 6
    endloop
  endfacet
  facet normal -0.832109 -0.554612 0
    outer loop
      vertex 56.5867 134.718 12
      vertex 56.732 134.5 6
      vertex 56.732 134.5 12
    endloop
  endfacet
  facet normal 0.321039 -0.947066 0
    outer loop
      vertex 54.2346 135.348 6
      vertex 54.4824 135.432 12
      vertex 54.2346 135.348 12
    endloop
  endfacet
  facet normal 0.321039 -0.947066 0
    outer loop
      vertex 54.4824 135.432 12
      vertex 54.2346 135.348 6
      vertex 54.4824 135.432 6
    endloop
  endfacet
  facet normal -0.997861 0.0653771 0
    outer loop
      vertex 56.9829 133.239 6
      vertex 57 133.5 12
      vertex 57 133.5 6
    endloop
  endfacet
  facet normal -0.997861 0.0653771 0
    outer loop
      vertex 57 133.5 12
      vertex 56.9829 133.239 6
      vertex 56.9829 133.239 12
    endloop
  endfacet
  facet normal 0.997861 -0.0653771 0
    outer loop
      vertex 53 133.5 12
      vertex 53.0171 133.761 6
      vertex 53.0171 133.761 12
    endloop
  endfacet
  facet normal 0.997861 -0.0653771 0
    outer loop
      vertex 53.0171 133.761 6
      vertex 53 133.5 12
      vertex 53 133.5 6
    endloop
  endfacet
  facet normal -0.5547 -0.83205 0
    outer loop
      vertex 56 135.232 6
      vertex 56.2175 135.087 12
      vertex 56 135.232 12
    endloop
  endfacet
  facet normal -0.5547 -0.83205 -0
    outer loop
      vertex 56.2175 135.087 12
      vertex 56 135.232 6
      vertex 56.2175 135.087 6
    endloop
  endfacet
  facet normal -0.443235 0.896405 0
    outer loop
      vertex 56 131.768 6
      vertex 55.7654 131.652 12
      vertex 56 131.768 12
    endloop
  endfacet
  facet normal -0.443235 0.896405 0
    outer loop
      vertex 55.7654 131.652 12
      vertex 56 131.768 6
      vertex 55.7654 131.652 6
    endloop
  endfacet
  facet normal -0.897008 0.442015 0
    outer loop
      vertex 56.732 132.5 6
      vertex 56.8478 132.735 12
      vertex 56.8478 132.735 6
    endloop
  endfacet
  facet normal -0.897008 0.442015 0
    outer loop
      vertex 56.8478 132.735 12
      vertex 56.732 132.5 6
      vertex 56.732 132.5 12
    endloop
  endfacet
  facet normal -0.832109 0.554612 0
    outer loop
      vertex 56.5867 132.282 6
      vertex 56.732 132.5 12
      vertex 56.732 132.5 6
    endloop
  endfacet
  facet normal -0.832109 0.554612 0
    outer loop
      vertex 56.732 132.5 12
      vertex 56.5867 132.282 6
      vertex 56.5867 132.282 12
    endloop
  endfacet
  facet normal 0.195013 -0.980801 0
    outer loop
      vertex 54.4824 135.432 6
      vertex 54.7389 135.483 12
      vertex 54.4824 135.432 12
    endloop
  endfacet
  facet normal 0.195013 -0.980801 0
    outer loop
      vertex 54.7389 135.483 12
      vertex 54.4824 135.432 6
      vertex 54.7389 135.483 6
    endloop
  endfacet
  facet normal 0.443235 -0.896405 0
    outer loop
      vertex 54 135.232 6
      vertex 54.2346 135.348 12
      vertex 54 135.232 12
    endloop
  endfacet
  facet normal 0.443235 -0.896405 0
    outer loop
      vertex 54.2346 135.348 12
      vertex 54 135.232 6
      vertex 54.2346 135.348 6
    endloop
  endfacet
  facet normal 0.831933 0.554876 0
    outer loop
      vertex 53.4133 132.282 12
      vertex 53.2679 132.5 6
      vertex 53.2679 132.5 12
    endloop
  endfacet
  facet normal 0.831933 0.554876 0
    outer loop
      vertex 53.2679 132.5 6
      vertex 53.4133 132.282 12
      vertex 53.4133 132.282 6
    endloop
  endfacet
  facet normal -0.195013 -0.980801 0
    outer loop
      vertex 55.2611 135.483 6
      vertex 55.5176 135.432 12
      vertex 55.2611 135.483 12
    endloop
  endfacet
  facet normal -0.195013 -0.980801 -0
    outer loop
      vertex 55.5176 135.432 12
      vertex 55.2611 135.483 6
      vertex 55.5176 135.432 6
    endloop
  endfacet
  facet normal -0.5547 0.83205 0
    outer loop
      vertex 56.2175 131.913 6
      vertex 56 131.768 12
      vertex 56.2175 131.913 12
    endloop
  endfacet
  facet normal -0.5547 0.83205 0
    outer loop
      vertex 56 131.768 12
      vertex 56.2175 131.913 6
      vertex 56 131.768 6
    endloop
  endfacet
  facet normal -0.321039 -0.947066 0
    outer loop
      vertex 55.5176 135.432 6
      vertex 55.7654 135.348 12
      vertex 55.5176 135.432 12
    endloop
  endfacet
  facet normal -0.321039 -0.947066 -0
    outer loop
      vertex 55.7654 135.348 12
      vertex 55.5176 135.432 6
      vertex 55.7654 135.348 6
    endloop
  endfacet
  facet normal 0.997861 0.0653771 0
    outer loop
      vertex 53.0171 133.239 12
      vertex 53 133.5 6
      vertex 53 133.5 12
    endloop
  endfacet
  facet normal 0.997861 0.0653771 0
    outer loop
      vertex 53 133.5 6
      vertex 53.0171 133.239 12
      vertex 53.0171 133.239 6
    endloop
  endfacet
  facet normal -0.897008 -0.442015 0
    outer loop
      vertex 56.8478 134.265 6
      vertex 56.732 134.5 12
      vertex 56.732 134.5 6
    endloop
  endfacet
  facet normal -0.897008 -0.442015 0
    outer loop
      vertex 56.732 134.5 12
      vertex 56.8478 134.265 6
      vertex 56.8478 134.265 12
    endloop
  endfacet
  facet normal -0.946632 -0.322315 0
    outer loop
      vertex 56.9319 134.018 6
      vertex 56.8478 134.265 12
      vertex 56.8478 134.265 6
    endloop
  endfacet
  facet normal -0.946632 -0.322315 0
    outer loop
      vertex 56.8478 134.265 12
      vertex 56.9319 134.018 6
      vertex 56.9319 134.018 12
    endloop
  endfacet
  facet normal -0.321039 0.947066 0
    outer loop
      vertex 55.7654 131.652 6
      vertex 55.5176 131.568 12
      vertex 55.7654 131.652 12
    endloop
  endfacet
  facet normal -0.321039 0.947066 0
    outer loop
      vertex 55.5176 131.568 12
      vertex 55.7654 131.652 6
      vertex 55.5176 131.568 6
    endloop
  endfacet
  facet normal 0.195013 0.980801 -0
    outer loop
      vertex 54.7389 131.517 6
      vertex 54.4824 131.568 12
      vertex 54.7389 131.517 12
    endloop
  endfacet
  facet normal 0.195013 0.980801 0
    outer loop
      vertex 54.4824 131.568 12
      vertex 54.7389 131.517 6
      vertex 54.4824 131.568 6
    endloop
  endfacet
  facet normal 0.660421 0.750895 -0
    outer loop
      vertex 53.7825 131.913 6
      vertex 53.5858 132.086 12
      vertex 53.7825 131.913 12
    endloop
  endfacet
  facet normal 0.660421 0.750895 0
    outer loop
      vertex 53.5858 132.086 12
      vertex 53.7825 131.913 6
      vertex 53.5858 132.086 6
    endloop
  endfacet
  facet normal 0.831933 -0.554876 0
    outer loop
      vertex 53.2679 134.5 12
      vertex 53.4133 134.718 6
      vertex 53.4133 134.718 12
    endloop
  endfacet
  facet normal 0.831933 -0.554876 0
    outer loop
      vertex 53.4133 134.718 6
      vertex 53.2679 134.5 12
      vertex 53.2679 134.5 6
    endloop
  endfacet
  facet normal 0.0649716 0.997887 -0
    outer loop
      vertex 55 131.5 6
      vertex 54.7389 131.517 12
      vertex 55 131.5 12
    endloop
  endfacet
  facet normal 0.0649716 0.997887 0
    outer loop
      vertex 54.7389 131.517 12
      vertex 55 131.5 6
      vertex 54.7389 131.517 6
    endloop
  endfacet
  facet normal 0.443235 0.896405 -0
    outer loop
      vertex 54.2346 131.652 6
      vertex 54 131.768 12
      vertex 54.2346 131.652 12
    endloop
  endfacet
  facet normal 0.443235 0.896405 0
    outer loop
      vertex 54 131.768 12
      vertex 54.2346 131.652 6
      vertex 54 131.768 6
    endloop
  endfacet
  facet normal -0.0653198 0.997864 0
    outer loop
      vertex -38.8564 80.4094 13
      vertex -39 80.4 18
      vertex -38.8564 80.4094 18
    endloop
  endfacet
  facet normal -0.0653198 0.997864 0
    outer loop
      vertex -39 80.4 18
      vertex -38.8564 80.4094 13
      vertex -39 80.4 13
    endloop
  endfacet
  facet normal -0.980741 -0.195314 0
    outer loop
      vertex -37.9094 81.6436 13
      vertex -37.9375 81.7847 18
      vertex -37.9375 81.7847 13
    endloop
  endfacet
  facet normal -0.980741 -0.195314 0
    outer loop
      vertex -37.9375 81.7847 18
      vertex -37.9094 81.6436 13
      vertex -37.9094 81.6436 18
    endloop
  endfacet
  facet normal -0.997864 -0.0653198 0
    outer loop
      vertex -37.9 81.5 13
      vertex -37.9094 81.6436 18
      vertex -37.9094 81.6436 13
    endloop
  endfacet
  facet normal -0.997864 -0.0653198 0
    outer loop
      vertex -37.9094 81.6436 18
      vertex -37.9 81.5 13
      vertex -37.9 81.5 18
    endloop
  endfacet
  facet normal -0.980741 0.195314 0
    outer loop
      vertex -37.9375 81.2153 13
      vertex -37.9094 81.3564 18
      vertex -37.9094 81.3564 13
    endloop
  endfacet
  facet normal -0.980741 0.195314 0
    outer loop
      vertex -37.9094 81.3564 18
      vertex -37.9375 81.2153 13
      vertex -37.9375 81.2153 18
    endloop
  endfacet
  facet normal -0.195314 -0.980741 0
    outer loop
      vertex -38.8564 82.5906 13
      vertex -38.7153 82.5625 18
      vertex -38.8564 82.5906 18
    endloop
  endfacet
  facet normal -0.195314 -0.980741 -0
    outer loop
      vertex -38.7153 82.5625 18
      vertex -38.8564 82.5906 13
      vertex -38.7153 82.5625 13
    endloop
  endfacet
  facet normal -0.947073 0.321018 0
    outer loop
      vertex -37.9837 81.079 13
      vertex -37.9375 81.2153 18
      vertex -37.9375 81.2153 13
    endloop
  endfacet
  facet normal -0.947073 0.321018 0
    outer loop
      vertex -37.9375 81.2153 18
      vertex -37.9837 81.079 13
      vertex -37.9837 81.079 18
    endloop
  endfacet
  facet normal -0.0653198 -0.997864 0
    outer loop
      vertex -39 82.6 13
      vertex -38.8564 82.5906 18
      vertex -39 82.6 18
    endloop
  endfacet
  facet normal -0.0653198 -0.997864 -0
    outer loop
      vertex -38.8564 82.5906 18
      vertex -39 82.6 13
      vertex -38.8564 82.5906 13
    endloop
  endfacet
  facet normal 0.195314 0.980741 -0
    outer loop
      vertex -39.1436 80.4094 13
      vertex -39.2847 80.4375 18
      vertex -39.1436 80.4094 18
    endloop
  endfacet
  facet normal 0.195314 0.980741 0
    outer loop
      vertex -39.2847 80.4375 18
      vertex -39.1436 80.4094 13
      vertex -39.2847 80.4375 13
    endloop
  endfacet
  facet normal 0.321018 -0.947073 0
    outer loop
      vertex -39.421 82.5163 13
      vertex -39.2847 82.5625 18
      vertex -39.421 82.5163 18
    endloop
  endfacet
  facet normal 0.321018 -0.947073 0
    outer loop
      vertex -39.2847 82.5625 18
      vertex -39.421 82.5163 13
      vertex -39.2847 82.5625 13
    endloop
  endfacet
  facet normal -0.65939 0.751801 0
    outer loop
      vertex -38.2222 80.7222 13
      vertex -38.3304 80.6273 18
      vertex -38.2222 80.7222 18
    endloop
  endfacet
  facet normal -0.65939 0.751801 0
    outer loop
      vertex -38.3304 80.6273 18
      vertex -38.2222 80.7222 13
      vertex -38.3304 80.6273 13
    endloop
  endfacet
  facet normal 0.65939 -0.751801 0
    outer loop
      vertex -39.7778 82.2778 13
      vertex -39.6696 82.3727 18
      vertex -39.7778 82.2778 18
    endloop
  endfacet
  facet normal 0.65939 -0.751801 0
    outer loop
      vertex -39.6696 82.3727 18
      vertex -39.7778 82.2778 13
      vertex -39.6696 82.3727 13
    endloop
  endfacet
  facet normal 0.555502 -0.831515 0
    outer loop
      vertex -39.6696 82.3727 13
      vertex -39.55 82.4526 18
      vertex -39.6696 82.3727 18
    endloop
  endfacet
  facet normal 0.555502 -0.831515 0
    outer loop
      vertex -39.55 82.4526 18
      vertex -39.6696 82.3727 13
      vertex -39.55 82.4526 13
    endloop
  endfacet
  facet normal -0.89664 -0.44276 0
    outer loop
      vertex -37.9837 81.921 13
      vertex -38.0474 82.05 18
      vertex -38.0474 82.05 13
    endloop
  endfacet
  facet normal -0.89664 -0.44276 0
    outer loop
      vertex -38.0474 82.05 18
      vertex -37.9837 81.921 13
      vertex -37.9837 81.921 18
    endloop
  endfacet
  facet normal -0.195314 0.980741 0
    outer loop
      vertex -38.7153 80.4375 13
      vertex -38.8564 80.4094 18
      vertex -38.7153 80.4375 18
    endloop
  endfacet
  facet normal -0.195314 0.980741 0
    outer loop
      vertex -38.8564 80.4094 18
      vertex -38.7153 80.4375 13
      vertex -38.8564 80.4094 13
    endloop
  endfacet
  facet normal -0.44276 0.89664 0
    outer loop
      vertex -38.45 80.5474 13
      vertex -38.579 80.4837 18
      vertex -38.45 80.5474 18
    endloop
  endfacet
  facet normal -0.44276 0.89664 0
    outer loop
      vertex -38.579 80.4837 18
      vertex -38.45 80.5474 13
      vertex -38.579 80.4837 13
    endloop
  endfacet
  facet normal -0.321018 0.947073 0
    outer loop
      vertex -38.579 80.4837 13
      vertex -38.7153 80.4375 18
      vertex -38.579 80.4837 18
    endloop
  endfacet
  facet normal -0.321018 0.947073 0
    outer loop
      vertex -38.7153 80.4375 18
      vertex -38.579 80.4837 13
      vertex -38.7153 80.4375 13
    endloop
  endfacet
  facet normal 0.997864 0.0653198 0
    outer loop
      vertex -40.0906 81.3564 18
      vertex -40.1 81.5 13
      vertex -40.1 81.5 18
    endloop
  endfacet
  facet normal 0.997864 0.0653198 0
    outer loop
      vertex -40.1 81.5 13
      vertex -40.0906 81.3564 18
      vertex -40.0906 81.3564 13
    endloop
  endfacet
  facet normal -0.555502 0.831515 0
    outer loop
      vertex -38.3304 80.6273 13
      vertex -38.45 80.5474 18
      vertex -38.3304 80.6273 18
    endloop
  endfacet
  facet normal -0.555502 0.831515 0
    outer loop
      vertex -38.45 80.5474 18
      vertex -38.3304 80.6273 13
      vertex -38.45 80.5474 13
    endloop
  endfacet
  facet normal 0.751801 0.65939 0
    outer loop
      vertex -39.7778 80.7222 18
      vertex -39.8727 80.8304 13
      vertex -39.8727 80.8304 18
    endloop
  endfacet
  facet normal 0.751801 0.65939 0
    outer loop
      vertex -39.8727 80.8304 13
      vertex -39.7778 80.7222 18
      vertex -39.7778 80.7222 13
    endloop
  endfacet
  facet normal 0.980741 -0.195314 0
    outer loop
      vertex -40.0906 81.6436 18
      vertex -40.0625 81.7847 13
      vertex -40.0625 81.7847 18
    endloop
  endfacet
  facet normal 0.980741 -0.195314 0
    outer loop
      vertex -40.0625 81.7847 13
      vertex -40.0906 81.6436 18
      vertex -40.0906 81.6436 13
    endloop
  endfacet
  facet normal -0.831515 -0.555502 0
    outer loop
      vertex -38.0474 82.05 13
      vertex -38.1273 82.1696 18
      vertex -38.1273 82.1696 13
    endloop
  endfacet
  facet normal -0.831515 -0.555502 0
    outer loop
      vertex -38.1273 82.1696 18
      vertex -38.0474 82.05 13
      vertex -38.0474 82.05 18
    endloop
  endfacet
  facet normal 0.947073 0.321018 0
    outer loop
      vertex -40.0163 81.079 18
      vertex -40.0625 81.2153 13
      vertex -40.0625 81.2153 18
    endloop
  endfacet
  facet normal 0.947073 0.321018 0
    outer loop
      vertex -40.0625 81.2153 13
      vertex -40.0163 81.079 18
      vertex -40.0163 81.079 13
    endloop
  endfacet
  facet normal -0.997864 0.0653198 0
    outer loop
      vertex -37.9094 81.3564 13
      vertex -37.9 81.5 18
      vertex -37.9 81.5 13
    endloop
  endfacet
  facet normal -0.997864 0.0653198 0
    outer loop
      vertex -37.9 81.5 18
      vertex -37.9094 81.3564 13
      vertex -37.9094 81.3564 18
    endloop
  endfacet
  facet normal -0.44276 -0.89664 0
    outer loop
      vertex -38.579 82.5163 13
      vertex -38.45 82.4526 18
      vertex -38.579 82.5163 18
    endloop
  endfacet
  facet normal -0.44276 -0.89664 -0
    outer loop
      vertex -38.45 82.4526 18
      vertex -38.579 82.5163 13
      vertex -38.45 82.4526 13
    endloop
  endfacet
  facet normal -0.751801 0.65939 0
    outer loop
      vertex -38.2222 80.7222 13
      vertex -38.1273 80.8304 18
      vertex -38.1273 80.8304 13
    endloop
  endfacet
  facet normal -0.751801 0.65939 0
    outer loop
      vertex -38.1273 80.8304 18
      vertex -38.2222 80.7222 13
      vertex -38.2222 80.7222 18
    endloop
  endfacet
  facet normal -0.751801 -0.65939 0
    outer loop
      vertex -38.1273 82.1696 13
      vertex -38.2222 82.2778 18
      vertex -38.2222 82.2778 13
    endloop
  endfacet
  facet normal -0.751801 -0.65939 0
    outer loop
      vertex -38.2222 82.2778 18
      vertex -38.1273 82.1696 13
      vertex -38.1273 82.1696 18
    endloop
  endfacet
  facet normal -0.555502 -0.831515 0
    outer loop
      vertex -38.45 82.4526 13
      vertex -38.3304 82.3727 18
      vertex -38.45 82.4526 18
    endloop
  endfacet
  facet normal -0.555502 -0.831515 -0
    outer loop
      vertex -38.3304 82.3727 18
      vertex -38.45 82.4526 13
      vertex -38.3304 82.3727 13
    endloop
  endfacet
  facet normal -0.89664 0.44276 0
    outer loop
      vertex -38.0474 80.95 13
      vertex -37.9837 81.079 18
      vertex -37.9837 81.079 13
    endloop
  endfacet
  facet normal -0.89664 0.44276 0
    outer loop
      vertex -37.9837 81.079 18
      vertex -38.0474 80.95 13
      vertex -38.0474 80.95 18
    endloop
  endfacet
  facet normal -0.831515 0.555502 0
    outer loop
      vertex -38.1273 80.8304 13
      vertex -38.0474 80.95 18
      vertex -38.0474 80.95 13
    endloop
  endfacet
  facet normal -0.831515 0.555502 0
    outer loop
      vertex -38.0474 80.95 18
      vertex -38.1273 80.8304 13
      vertex -38.1273 80.8304 18
    endloop
  endfacet
  facet normal 0.831515 -0.555502 0
    outer loop
      vertex -39.9526 82.05 18
      vertex -39.8727 82.1696 13
      vertex -39.8727 82.1696 18
    endloop
  endfacet
  facet normal 0.831515 -0.555502 0
    outer loop
      vertex -39.8727 82.1696 13
      vertex -39.9526 82.05 18
      vertex -39.9526 82.05 13
    endloop
  endfacet
  facet normal 0.89664 -0.44276 0
    outer loop
      vertex -40.0163 81.921 18
      vertex -39.9526 82.05 13
      vertex -39.9526 82.05 18
    endloop
  endfacet
  facet normal 0.89664 -0.44276 0
    outer loop
      vertex -39.9526 82.05 13
      vertex -40.0163 81.921 18
      vertex -40.0163 81.921 13
    endloop
  endfacet
  facet normal 0.195314 -0.980741 0
    outer loop
      vertex -39.2847 82.5625 13
      vertex -39.1436 82.5906 18
      vertex -39.2847 82.5625 18
    endloop
  endfacet
  facet normal 0.195314 -0.980741 0
    outer loop
      vertex -39.1436 82.5906 18
      vertex -39.2847 82.5625 13
      vertex -39.1436 82.5906 13
    endloop
  endfacet
  facet normal -0.65939 -0.751801 0
    outer loop
      vertex -38.3304 82.3727 13
      vertex -38.2222 82.2778 18
      vertex -38.3304 82.3727 18
    endloop
  endfacet
  facet normal -0.65939 -0.751801 -0
    outer loop
      vertex -38.2222 82.2778 18
      vertex -38.3304 82.3727 13
      vertex -38.2222 82.2778 13
    endloop
  endfacet
  facet normal 0.831515 0.555502 0
    outer loop
      vertex -39.8727 80.8304 18
      vertex -39.9526 80.95 13
      vertex -39.9526 80.95 18
    endloop
  endfacet
  facet normal 0.831515 0.555502 0
    outer loop
      vertex -39.9526 80.95 13
      vertex -39.8727 80.8304 18
      vertex -39.8727 80.8304 13
    endloop
  endfacet
  facet normal 0.751801 -0.65939 0
    outer loop
      vertex -39.8727 82.1696 18
      vertex -39.7778 82.2778 13
      vertex -39.7778 82.2778 18
    endloop
  endfacet
  facet normal 0.751801 -0.65939 0
    outer loop
      vertex -39.7778 82.2778 13
      vertex -39.8727 82.1696 18
      vertex -39.8727 82.1696 13
    endloop
  endfacet
  facet normal 0.0653198 -0.997864 0
    outer loop
      vertex -39.1436 82.5906 13
      vertex -39 82.6 18
      vertex -39.1436 82.5906 18
    endloop
  endfacet
  facet normal 0.0653198 -0.997864 0
    outer loop
      vertex -39 82.6 18
      vertex -39.1436 82.5906 13
      vertex -39 82.6 13
    endloop
  endfacet
  facet normal 0.980741 0.195314 0
    outer loop
      vertex -40.0625 81.2153 18
      vertex -40.0906 81.3564 13
      vertex -40.0906 81.3564 18
    endloop
  endfacet
  facet normal 0.980741 0.195314 0
    outer loop
      vertex -40.0906 81.3564 13
      vertex -40.0625 81.2153 18
      vertex -40.0625 81.2153 13
    endloop
  endfacet
  facet normal 0.44276 -0.89664 0
    outer loop
      vertex -39.55 82.4526 13
      vertex -39.421 82.5163 18
      vertex -39.55 82.4526 18
    endloop
  endfacet
  facet normal 0.44276 -0.89664 0
    outer loop
      vertex -39.421 82.5163 18
      vertex -39.55 82.4526 13
      vertex -39.421 82.5163 13
    endloop
  endfacet
  facet normal -0.321018 -0.947073 0
    outer loop
      vertex -38.7153 82.5625 13
      vertex -38.579 82.5163 18
      vertex -38.7153 82.5625 18
    endloop
  endfacet
  facet normal -0.321018 -0.947073 -0
    outer loop
      vertex -38.579 82.5163 18
      vertex -38.7153 82.5625 13
      vertex -38.579 82.5163 13
    endloop
  endfacet
  facet normal 0.997864 -0.0653198 0
    outer loop
      vertex -40.1 81.5 18
      vertex -40.0906 81.6436 13
      vertex -40.0906 81.6436 18
    endloop
  endfacet
  facet normal 0.997864 -0.0653198 0
    outer loop
      vertex -40.0906 81.6436 13
      vertex -40.1 81.5 18
      vertex -40.1 81.5 13
    endloop
  endfacet
  facet normal -0.947073 -0.321018 0
    outer loop
      vertex -37.9375 81.7847 13
      vertex -37.9837 81.921 18
      vertex -37.9837 81.921 13
    endloop
  endfacet
  facet normal -0.947073 -0.321018 0
    outer loop
      vertex -37.9837 81.921 18
      vertex -37.9375 81.7847 13
      vertex -37.9375 81.7847 18
    endloop
  endfacet
  facet normal 0.947073 -0.321018 0
    outer loop
      vertex -40.0625 81.7847 18
      vertex -40.0163 81.921 13
      vertex -40.0163 81.921 18
    endloop
  endfacet
  facet normal 0.947073 -0.321018 0
    outer loop
      vertex -40.0163 81.921 13
      vertex -40.0625 81.7847 18
      vertex -40.0625 81.7847 13
    endloop
  endfacet
  facet normal 0.321018 0.947073 -0
    outer loop
      vertex -39.2847 80.4375 13
      vertex -39.421 80.4837 18
      vertex -39.2847 80.4375 18
    endloop
  endfacet
  facet normal 0.321018 0.947073 0
    outer loop
      vertex -39.421 80.4837 18
      vertex -39.2847 80.4375 13
      vertex -39.421 80.4837 13
    endloop
  endfacet
  facet normal 0.44276 0.89664 -0
    outer loop
      vertex -39.421 80.4837 13
      vertex -39.55 80.5474 18
      vertex -39.421 80.4837 18
    endloop
  endfacet
  facet normal 0.44276 0.89664 0
    outer loop
      vertex -39.55 80.5474 18
      vertex -39.421 80.4837 13
      vertex -39.55 80.5474 13
    endloop
  endfacet
  facet normal 0.65939 0.751801 -0
    outer loop
      vertex -39.6696 80.6273 13
      vertex -39.7778 80.7222 18
      vertex -39.6696 80.6273 18
    endloop
  endfacet
  facet normal 0.65939 0.751801 0
    outer loop
      vertex -39.7778 80.7222 18
      vertex -39.6696 80.6273 13
      vertex -39.7778 80.7222 13
    endloop
  endfacet
  facet normal 0.555502 0.831515 -0
    outer loop
      vertex -39.55 80.5474 13
      vertex -39.6696 80.6273 18
      vertex -39.55 80.5474 18
    endloop
  endfacet
  facet normal 0.555502 0.831515 0
    outer loop
      vertex -39.6696 80.6273 18
      vertex -39.55 80.5474 13
      vertex -39.6696 80.6273 13
    endloop
  endfacet
  facet normal 0.0653198 0.997864 -0
    outer loop
      vertex -39 80.4 13
      vertex -39.1436 80.4094 18
      vertex -39 80.4 18
    endloop
  endfacet
  facet normal 0.0653198 0.997864 0
    outer loop
      vertex -39.1436 80.4094 18
      vertex -39 80.4 13
      vertex -39.1436 80.4094 13
    endloop
  endfacet
  facet normal 0.89664 0.44276 0
    outer loop
      vertex -39.9526 80.95 18
      vertex -40.0163 81.079 13
      vertex -40.0163 81.079 18
    endloop
  endfacet
  facet normal 0.89664 0.44276 0
    outer loop
      vertex -40.0163 81.079 13
      vertex -39.9526 80.95 18
      vertex -39.9526 80.95 13
    endloop
  endfacet
  facet normal 0 0 1
    outer loop
      vertex -37.9094 81.6436 13
      vertex -37.9094 81.3564 13
      vertex -37.9 81.5 13
    endloop
  endfacet
  facet normal 0 0 1
    outer loop
      vertex -37.9375 81.7847 13
      vertex -37.9094 81.3564 13
      vertex -37.9094 81.6436 13
    endloop
  endfacet
  facet normal 0 0 1
    outer loop
      vertex -37.9375 81.7847 13
      vertex -37.9375 81.2153 13
      vertex -37.9094 81.3564 13
    endloop
  endfacet
  facet normal 0 0 1
    outer loop
      vertex -37.9837 81.921 13
      vertex -37.9375 81.2153 13
      vertex -37.9375 81.7847 13
    endloop
  endfacet
  facet normal 0 0 1
    outer loop
      vertex -37.9837 81.921 13
      vertex -37.9837 81.079 13
      vertex -37.9375 81.2153 13
    endloop
  endfacet
  facet normal 0 0 1
    outer loop
      vertex -38.0474 82.05 13
      vertex -37.9837 81.079 13
      vertex -37.9837 81.921 13
    endloop
  endfacet
  facet normal 0 0 1
    outer loop
      vertex -38.0474 82.05 13
      vertex -38.0474 80.95 13
      vertex -37.9837 81.079 13
    endloop
  endfacet
  facet normal 0 0 1
    outer loop
      vertex -38.1273 82.1696 13
      vertex -38.0474 80.95 13
      vertex -38.0474 82.05 13
    endloop
  endfacet
  facet normal 0 0 1
    outer loop
      vertex -38.1273 82.1696 13
      vertex -38.1273 80.8304 13
      vertex -38.0474 80.95 13
    endloop
  endfacet
  facet normal 0 0 1
    outer loop
      vertex -38.2222 82.2778 13
      vertex -38.1273 80.8304 13
      vertex -38.1273 82.1696 13
    endloop
  endfacet
  facet normal 0 0 1
    outer loop
      vertex -38.2222 82.2778 13
      vertex -38.2222 80.7222 13
      vertex -38.1273 80.8304 13
    endloop
  endfacet
  facet normal 0 0 1
    outer loop
      vertex -38.3304 82.3727 13
      vertex -38.2222 80.7222 13
      vertex -38.2222 82.2778 13
    endloop
  endfacet
  facet normal 0 0 1
    outer loop
      vertex -38.3304 82.3727 13
      vertex -38.3304 80.6273 13
      vertex -38.2222 80.7222 13
    endloop
  endfacet
  facet normal 0 0 1
    outer loop
      vertex -38.45 82.4526 13
      vertex -38.3304 80.6273 13
      vertex -38.3304 82.3727 13
    endloop
  endfacet
  facet normal 0 0 1
    outer loop
      vertex -38.45 82.4526 13
      vertex -38.45 80.5474 13
      vertex -38.3304 80.6273 13
    endloop
  endfacet
  facet normal 0 0 1
    outer loop
      vertex -38.579 82.5163 13
      vertex -38.45 80.5474 13
      vertex -38.45 82.4526 13
    endloop
  endfacet
  facet normal 0 0 1
    outer loop
      vertex -38.579 82.5163 13
      vertex -38.579 80.4837 13
      vertex -38.45 80.5474 13
    endloop
  endfacet
  facet normal 0 0 1
    outer loop
      vertex -38.7153 82.5625 13
      vertex -38.579 80.4837 13
      vertex -38.579 82.5163 13
    endloop
  endfacet
  facet normal 0 0 1
    outer loop
      vertex -38.7153 82.5625 13
      vertex -38.7153 80.4375 13
      vertex -38.579 80.4837 13
    endloop
  endfacet
  facet normal 0 0 1
    outer loop
      vertex -38.8564 82.5906 13
      vertex -38.7153 80.4375 13
      vertex -38.7153 82.5625 13
    endloop
  endfacet
  facet normal 0 0 1
    outer loop
      vertex -38.8564 82.5906 13
      vertex -38.8564 80.4094 13
      vertex -38.7153 80.4375 13
    endloop
  endfacet
  facet normal 0 0 1
    outer loop
      vertex -39 82.6 13
      vertex -38.8564 80.4094 13
      vertex -38.8564 82.5906 13
    endloop
  endfacet
  facet normal 0 0 1
    outer loop
      vertex -39 82.6 13
      vertex -39 80.4 13
      vertex -38.8564 80.4094 13
    endloop
  endfacet
  facet normal -0 0 1
    outer loop
      vertex -39.1436 82.5906 13
      vertex -39 80.4 13
      vertex -39 82.6 13
    endloop
  endfacet
  facet normal 0 0 1
    outer loop
      vertex -39.1436 82.5906 13
      vertex -39.1436 80.4094 13
      vertex -39 80.4 13
    endloop
  endfacet
  facet normal -0 0 1
    outer loop
      vertex -39.2847 82.5625 13
      vertex -39.1436 80.4094 13
      vertex -39.1436 82.5906 13
    endloop
  endfacet
  facet normal 0 0 1
    outer loop
      vertex -39.2847 82.5625 13
      vertex -39.2847 80.4375 13
      vertex -39.1436 80.4094 13
    endloop
  endfacet
  facet normal -0 0 1
    outer loop
      vertex -39.421 82.5163 13
      vertex -39.2847 80.4375 13
      vertex -39.2847 82.5625 13
    endloop
  endfacet
  facet normal 0 0 1
    outer loop
      vertex -39.421 82.5163 13
      vertex -39.421 80.4837 13
      vertex -39.2847 80.4375 13
    endloop
  endfacet
  facet normal -0 0 1
    outer loop
      vertex -39.55 82.4526 13
      vertex -39.421 80.4837 13
      vertex -39.421 82.5163 13
    endloop
  endfacet
  facet normal 0 0 1
    outer loop
      vertex -39.55 82.4526 13
      vertex -39.55 80.5474 13
      vertex -39.421 80.4837 13
    endloop
  endfacet
  facet normal -0 0 1
    outer loop
      vertex -39.6696 82.3727 13
      vertex -39.55 80.5474 13
      vertex -39.55 82.4526 13
    endloop
  endfacet
  facet normal 0 0 1
    outer loop
      vertex -39.6696 82.3727 13
      vertex -39.6696 80.6273 13
      vertex -39.55 80.5474 13
    endloop
  endfacet
  facet normal -0 0 1
    outer loop
      vertex -39.7778 82.2778 13
      vertex -39.6696 80.6273 13
      vertex -39.6696 82.3727 13
    endloop
  endfacet
  facet normal 0 0 1
    outer loop
      vertex -39.7778 82.2778 13
      vertex -39.7778 80.7222 13
      vertex -39.6696 80.6273 13
    endloop
  endfacet
  facet normal -0 0 1
    outer loop
      vertex -39.8727 82.1696 13
      vertex -39.7778 80.7222 13
      vertex -39.7778 82.2778 13
    endloop
  endfacet
  facet normal 0 0 1
    outer loop
      vertex -39.8727 82.1696 13
      vertex -39.8727 80.8304 13
      vertex -39.7778 80.7222 13
    endloop
  endfacet
  facet normal -0 0 1
    outer loop
      vertex -39.9526 82.05 13
      vertex -39.8727 80.8304 13
      vertex -39.8727 82.1696 13
    endloop
  endfacet
  facet normal 0 0 1
    outer loop
      vertex -39.9526 82.05 13
      vertex -39.9526 80.95 13
      vertex -39.8727 80.8304 13
    endloop
  endfacet
  facet normal -0 0 1
    outer loop
      vertex -40.0163 81.921 13
      vertex -39.9526 80.95 13
      vertex -39.9526 82.05 13
    endloop
  endfacet
  facet normal 0 0 1
    outer loop
      vertex -40.0163 81.921 13
      vertex -40.0163 81.079 13
      vertex -39.9526 80.95 13
    endloop
  endfacet
  facet normal -0 0 1
    outer loop
      vertex -40.0625 81.7847 13
      vertex -40.0163 81.079 13
      vertex -40.0163 81.921 13
    endloop
  endfacet
  facet normal 0 0 1
    outer loop
      vertex -40.0625 81.7847 13
      vertex -40.0625 81.2153 13
      vertex -40.0163 81.079 13
    endloop
  endfacet
  facet normal -0 0 1
    outer loop
      vertex -40.0906 81.6436 13
      vertex -40.0625 81.2153 13
      vertex -40.0625 81.7847 13
    endloop
  endfacet
  facet normal 0 0 1
    outer loop
      vertex -40.0906 81.6436 13
      vertex -40.0906 81.3564 13
      vertex -40.0625 81.2153 13
    endloop
  endfacet
  facet normal 0 -0 1
    outer loop
      vertex -40.0906 81.3564 13
      vertex -40.0906 81.6436 13
      vertex -40.1 81.5 13
    endloop
  endfacet
  facet normal -0.0625514 0.998042 0
    outer loop
      vertex -38.8564 129.409 13
      vertex -39 129.4 18
      vertex -38.8564 129.409 18
    endloop
  endfacet
  facet normal -0.0625514 0.998042 0
    outer loop
      vertex -39 129.4 18
      vertex -38.8564 129.409 13
      vertex -39 129.4 13
    endloop
  endfacet
  facet normal -0.980714 -0.195447 0
    outer loop
      vertex -37.9094 130.644 13
      vertex -37.9375 130.785 18
      vertex -37.9375 130.785 13
    endloop
  endfacet
  facet normal -0.980714 -0.195447 0
    outer loop
      vertex -37.9375 130.785 18
      vertex -37.9094 130.644 13
      vertex -37.9094 130.644 18
    endloop
  endfacet
  facet normal -0.997876 -0.0651391 0
    outer loop
      vertex -37.9 130.5 13
      vertex -37.9094 130.644 18
      vertex -37.9094 130.644 13
    endloop
  endfacet
  facet normal -0.997876 -0.0651391 0
    outer loop
      vertex -37.9094 130.644 18
      vertex -37.9 130.5 13
      vertex -37.9 130.5 18
    endloop
  endfacet
  facet normal -0.980714 0.195447 0
    outer loop
      vertex -37.9375 130.215 13
      vertex -37.9094 130.356 18
      vertex -37.9094 130.356 13
    endloop
  endfacet
  facet normal -0.980714 0.195447 0
    outer loop
      vertex -37.9094 130.356 18
      vertex -37.9375 130.215 13
      vertex -37.9375 130.215 18
    endloop
  endfacet
  facet normal -0.194645 -0.980874 0
    outer loop
      vertex -38.8564 131.591 13
      vertex -38.7153 131.563 18
      vertex -38.8564 131.591 18
    endloop
  endfacet
  facet normal -0.194645 -0.980874 -0
    outer loop
      vertex -38.7153 131.563 18
      vertex -38.8564 131.591 13
      vertex -38.7153 131.563 13
    endloop
  endfacet
  facet normal -0.946858 0.321653 0
    outer loop
      vertex -37.9837 130.079 13
      vertex -37.9375 130.215 18
      vertex -37.9375 130.215 13
    endloop
  endfacet
  facet normal -0.946858 0.321653 0
    outer loop
      vertex -37.9375 130.215 18
      vertex -37.9837 130.079 13
      vertex -37.9837 130.079 18
    endloop
  endfacet
  facet normal -0.0625514 -0.998042 0
    outer loop
      vertex -39 131.6 13
      vertex -38.8564 131.591 18
      vertex -39 131.6 18
    endloop
  endfacet
  facet normal -0.0625514 -0.998042 -0
    outer loop
      vertex -38.8564 131.591 18
      vertex -39 131.6 13
      vertex -38.8564 131.591 13
    endloop
  endfacet
  facet normal 0.194645 0.980874 -0
    outer loop
      vertex -39.1436 129.409 13
      vertex -39.2847 129.437 18
      vertex -39.1436 129.409 18
    endloop
  endfacet
  facet normal 0.194645 0.980874 0
    outer loop
      vertex -39.2847 129.437 18
      vertex -39.1436 129.409 13
      vertex -39.2847 129.437 13
    endloop
  endfacet
  facet normal -0.659782 0.751457 0
    outer loop
      vertex -38.2222 129.722 13
      vertex -38.3304 129.627 18
      vertex -38.2222 129.722 18
    endloop
  endfacet
  facet normal -0.659782 0.751457 0
    outer loop
      vertex -38.3304 129.627 18
      vertex -38.2222 129.722 13
      vertex -38.3304 129.627 13
    endloop
  endfacet
  facet normal 0.659782 -0.751457 0
    outer loop
      vertex -39.7778 131.278 13
      vertex -39.6696 131.373 18
      vertex -39.7778 131.278 18
    endloop
  endfacet
  facet normal 0.659782 -0.751457 0
    outer loop
      vertex -39.6696 131.373 18
      vertex -39.7778 131.278 13
      vertex -39.6696 131.373 13
    endloop
  endfacet
  facet normal 0.555983 -0.831194 0
    outer loop
      vertex -39.6696 131.373 13
      vertex -39.55 131.453 18
      vertex -39.6696 131.373 18
    endloop
  endfacet
  facet normal 0.555983 -0.831194 0
    outer loop
      vertex -39.55 131.453 18
      vertex -39.6696 131.373 13
      vertex -39.55 131.453 13
    endloop
  endfacet
  facet normal -0.89664 -0.44276 0
    outer loop
      vertex -37.9837 130.921 13
      vertex -38.0474 131.05 18
      vertex -38.0474 131.05 13
    endloop
  endfacet
  facet normal -0.89664 -0.44276 0
    outer loop
      vertex -38.0474 131.05 18
      vertex -37.9837 130.921 13
      vertex -37.9837 130.921 18
    endloop
  endfacet
  facet normal -0.194645 0.980874 0
    outer loop
      vertex -38.7153 129.437 13
      vertex -38.8564 129.409 18
      vertex -38.7153 129.437 18
    endloop
  endfacet
  facet normal -0.194645 0.980874 0
    outer loop
      vertex -38.8564 129.409 18
      vertex -38.7153 129.437 13
      vertex -38.8564 129.409 13
    endloop
  endfacet
  facet normal -0.438835 0.898568 0
    outer loop
      vertex -38.45 129.547 13
      vertex -38.579 129.484 18
      vertex -38.45 129.547 18
    endloop
  endfacet
  facet normal -0.438835 0.898568 0
    outer loop
      vertex -38.579 129.484 18
      vertex -38.45 129.547 13
      vertex -38.579 129.484 13
    endloop
  endfacet
  facet normal -0.325991 0.945373 0
    outer loop
      vertex -38.579 129.484 13
      vertex -38.7153 129.437 18
      vertex -38.579 129.484 18
    endloop
  endfacet
  facet normal -0.325991 0.945373 0
    outer loop
      vertex -38.7153 129.437 18
      vertex -38.579 129.484 13
      vertex -38.7153 129.437 13
    endloop
  endfacet
  facet normal 0.997876 0.0651391 0
    outer loop
      vertex -40.0906 130.356 18
      vertex -40.1 130.5 13
      vertex -40.1 130.5 18
    endloop
  endfacet
  facet normal 0.997876 0.0651391 0
    outer loop
      vertex -40.1 130.5 13
      vertex -40.0906 130.356 18
      vertex -40.0906 130.356 13
    endloop
  endfacet
  facet normal -0.555983 0.831194 0
    outer loop
      vertex -38.3304 129.627 13
      vertex -38.45 129.547 18
      vertex -38.3304 129.627 18
    endloop
  endfacet
  facet normal -0.555983 0.831194 0
    outer loop
      vertex -38.45 129.547 18
      vertex -38.3304 129.627 13
      vertex -38.45 129.547 13
    endloop
  endfacet
  facet normal 0.659782 0.751457 -0
    outer loop
      vertex -39.6696 129.627 13
      vertex -39.7778 129.722 18
      vertex -39.6696 129.627 18
    endloop
  endfacet
  facet normal 0.659782 0.751457 0
    outer loop
      vertex -39.7778 129.722 18
      vertex -39.6696 129.627 13
      vertex -39.7778 129.722 13
    endloop
  endfacet
  facet normal 0.751196 0.660079 0
    outer loop
      vertex -39.7778 129.722 18
      vertex -39.8727 129.83 13
      vertex -39.8727 129.83 18
    endloop
  endfacet
  facet normal 0.751196 0.660079 0
    outer loop
      vertex -39.8727 129.83 13
      vertex -39.7778 129.722 18
      vertex -39.7778 129.722 13
    endloop
  endfacet
  facet normal 0.980714 -0.195447 0
    outer loop
      vertex -40.0906 130.644 18
      vertex -40.0625 130.785 13
      vertex -40.0625 130.785 18
    endloop
  endfacet
  facet normal 0.980714 -0.195447 0
    outer loop
      vertex -40.0625 130.785 13
      vertex -40.0906 130.644 18
      vertex -40.0906 130.644 13
    endloop
  endfacet
  facet normal -0.83237 -0.55422 0
    outer loop
      vertex -38.0474 131.05 13
      vertex -38.1273 131.17 18
      vertex -38.1273 131.17 13
    endloop
  endfacet
  facet normal -0.83237 -0.55422 0
    outer loop
      vertex -38.1273 131.17 18
      vertex -38.0474 131.05 13
      vertex -38.0474 131.05 18
    endloop
  endfacet
  facet normal 0.946858 0.321653 0
    outer loop
      vertex -40.0163 130.079 18
      vertex -40.0625 130.215 13
      vertex -40.0625 130.215 18
    endloop
  endfacet
  facet normal 0.946858 0.321653 0
    outer loop
      vertex -40.0625 130.215 13
      vertex -40.0163 130.079 18
      vertex -40.0163 130.079 13
    endloop
  endfacet
  facet normal -0.997876 0.0651391 0
    outer loop
      vertex -37.9094 130.356 13
      vertex -37.9 130.5 18
      vertex -37.9 130.5 13
    endloop
  endfacet
  facet normal -0.997876 0.0651391 0
    outer loop
      vertex -37.9 130.5 18
      vertex -37.9094 130.356 13
      vertex -37.9094 130.356 18
    endloop
  endfacet
  facet normal -0.438835 -0.898568 0
    outer loop
      vertex -38.579 131.516 13
      vertex -38.45 131.453 18
      vertex -38.579 131.516 18
    endloop
  endfacet
  facet normal -0.438835 -0.898568 -0
    outer loop
      vertex -38.45 131.453 18
      vertex -38.579 131.516 13
      vertex -38.45 131.453 13
    endloop
  endfacet
  facet normal -0.751196 0.660079 0
    outer loop
      vertex -38.2222 129.722 13
      vertex -38.1273 129.83 18
      vertex -38.1273 129.83 13
    endloop
  endfacet
  facet normal -0.751196 0.660079 0
    outer loop
      vertex -38.1273 129.83 18
      vertex -38.2222 129.722 13
      vertex -38.2222 129.722 18
    endloop
  endfacet
  facet normal -0.751196 -0.660079 0
    outer loop
      vertex -38.1273 131.17 13
      vertex -38.2222 131.278 18
      vertex -38.2222 131.278 13
    endloop
  endfacet
  facet normal -0.751196 -0.660079 0
    outer loop
      vertex -38.2222 131.278 18
      vertex -38.1273 131.17 13
      vertex -38.1273 131.17 18
    endloop
  endfacet
  facet normal -0.555983 -0.831194 0
    outer loop
      vertex -38.45 131.453 13
      vertex -38.3304 131.373 18
      vertex -38.45 131.453 18
    endloop
  endfacet
  facet normal -0.555983 -0.831194 -0
    outer loop
      vertex -38.3304 131.373 18
      vertex -38.45 131.453 13
      vertex -38.3304 131.373 13
    endloop
  endfacet
  facet normal -0.89664 0.44276 0
    outer loop
      vertex -38.0474 129.95 13
      vertex -37.9837 130.079 18
      vertex -37.9837 130.079 13
    endloop
  endfacet
  facet normal -0.89664 0.44276 0
    outer loop
      vertex -37.9837 130.079 18
      vertex -38.0474 129.95 13
      vertex -38.0474 129.95 18
    endloop
  endfacet
  facet normal -0.83237 0.55422 0
    outer loop
      vertex -38.1273 129.83 13
      vertex -38.0474 129.95 18
      vertex -38.0474 129.95 13
    endloop
  endfacet
  facet normal -0.83237 0.55422 0
    outer loop
      vertex -38.0474 129.95 18
      vertex -38.1273 129.83 13
      vertex -38.1273 129.83 18
    endloop
  endfacet
  facet normal 0.83237 -0.55422 0
    outer loop
      vertex -39.9526 131.05 18
      vertex -39.8727 131.17 13
      vertex -39.8727 131.17 18
    endloop
  endfacet
  facet normal 0.83237 -0.55422 0
    outer loop
      vertex -39.8727 131.17 13
      vertex -39.9526 131.05 18
      vertex -39.9526 131.05 13
    endloop
  endfacet
  facet normal 0.89664 -0.44276 0
    outer loop
      vertex -40.0163 130.921 18
      vertex -39.9526 131.05 13
      vertex -39.9526 131.05 18
    endloop
  endfacet
  facet normal 0.89664 -0.44276 0
    outer loop
      vertex -39.9526 131.05 13
      vertex -40.0163 130.921 18
      vertex -40.0163 130.921 13
    endloop
  endfacet
  facet normal 0.194645 -0.980874 0
    outer loop
      vertex -39.2847 131.563 13
      vertex -39.1436 131.591 18
      vertex -39.2847 131.563 18
    endloop
  endfacet
  facet normal 0.194645 -0.980874 0
    outer loop
      vertex -39.1436 131.591 18
      vertex -39.2847 131.563 13
      vertex -39.1436 131.591 13
    endloop
  endfacet
  facet normal -0.659782 -0.751457 0
    outer loop
      vertex -38.3304 131.373 13
      vertex -38.2222 131.278 18
      vertex -38.3304 131.373 18
    endloop
  endfacet
  facet normal -0.659782 -0.751457 -0
    outer loop
      vertex -38.2222 131.278 18
      vertex -38.3304 131.373 13
      vertex -38.2222 131.278 13
    endloop
  endfacet
  facet normal -0.946858 -0.321653 0
    outer loop
      vertex -37.9375 130.785 13
      vertex -37.9837 130.921 18
      vertex -37.9837 130.921 13
    endloop
  endfacet
  facet normal -0.946858 -0.321653 0
    outer loop
      vertex -37.9837 130.921 18
      vertex -37.9375 130.785 13
      vertex -37.9375 130.785 18
    endloop
  endfacet
  facet normal 0.83237 0.55422 0
    outer loop
      vertex -39.8727 129.83 18
      vertex -39.9526 129.95 13
      vertex -39.9526 129.95 18
    endloop
  endfacet
  facet normal 0.83237 0.55422 0
    outer loop
      vertex -39.9526 129.95 13
      vertex -39.8727 129.83 18
      vertex -39.8727 129.83 13
    endloop
  endfacet
  facet normal 0.751196 -0.660079 0
    outer loop
      vertex -39.8727 131.17 18
      vertex -39.7778 131.278 13
      vertex -39.7778 131.278 18
    endloop
  endfacet
  facet normal 0.751196 -0.660079 0
    outer loop
      vertex -39.7778 131.278 13
      vertex -39.8727 131.17 18
      vertex -39.8727 131.17 13
    endloop
  endfacet
  facet normal 0.0625514 -0.998042 0
    outer loop
      vertex -39.1436 131.591 13
      vertex -39 131.6 18
      vertex -39.1436 131.591 18
    endloop
  endfacet
  facet normal 0.0625514 -0.998042 0
    outer loop
      vertex -39 131.6 18
      vertex -39.1436 131.591 13
      vertex -39 131.6 13
    endloop
  endfacet
  facet normal 0 0 1
    outer loop
      vertex -37.9094 130.644 13
      vertex -37.9094 130.356 13
      vertex -37.9 130.5 13
    endloop
  endfacet
  facet normal 0 0 1
    outer loop
      vertex -37.9375 130.785 13
      vertex -37.9094 130.356 13
      vertex -37.9094 130.644 13
    endloop
  endfacet
  facet normal 0 0 1
    outer loop
      vertex -37.9375 130.785 13
      vertex -37.9375 130.215 13
      vertex -37.9094 130.356 13
    endloop
  endfacet
  facet normal 0 0 1
    outer loop
      vertex -37.9837 130.921 13
      vertex -37.9375 130.215 13
      vertex -37.9375 130.785 13
    endloop
  endfacet
  facet normal 0 0 1
    outer loop
      vertex -37.9837 130.921 13
      vertex -37.9837 130.079 13
      vertex -37.9375 130.215 13
    endloop
  endfacet
  facet normal 0 0 1
    outer loop
      vertex -38.0474 131.05 13
      vertex -37.9837 130.079 13
      vertex -37.9837 130.921 13
    endloop
  endfacet
  facet normal 0 0 1
    outer loop
      vertex -38.0474 131.05 13
      vertex -38.0474 129.95 13
      vertex -37.9837 130.079 13
    endloop
  endfacet
  facet normal 0 0 1
    outer loop
      vertex -38.1273 131.17 13
      vertex -38.0474 129.95 13
      vertex -38.0474 131.05 13
    endloop
  endfacet
  facet normal 0 0 1
    outer loop
      vertex -38.1273 131.17 13
      vertex -38.1273 129.83 13
      vertex -38.0474 129.95 13
    endloop
  endfacet
  facet normal 0 0 1
    outer loop
      vertex -38.2222 131.278 13
      vertex -38.1273 129.83 13
      vertex -38.1273 131.17 13
    endloop
  endfacet
  facet normal 0 0 1
    outer loop
      vertex -38.2222 131.278 13
      vertex -38.2222 129.722 13
      vertex -38.1273 129.83 13
    endloop
  endfacet
  facet normal 0 0 1
    outer loop
      vertex -38.3304 131.373 13
      vertex -38.2222 129.722 13
      vertex -38.2222 131.278 13
    endloop
  endfacet
  facet normal 0 0 1
    outer loop
      vertex -38.3304 131.373 13
      vertex -38.3304 129.627 13
      vertex -38.2222 129.722 13
    endloop
  endfacet
  facet normal 0 0 1
    outer loop
      vertex -38.45 131.453 13
      vertex -38.3304 129.627 13
      vertex -38.3304 131.373 13
    endloop
  endfacet
  facet normal 0 0 1
    outer loop
      vertex -38.45 131.453 13
      vertex -38.45 129.547 13
      vertex -38.3304 129.627 13
    endloop
  endfacet
  facet normal 0 0 1
    outer loop
      vertex -38.579 131.516 13
      vertex -38.45 129.547 13
      vertex -38.45 131.453 13
    endloop
  endfacet
  facet normal 0 0 1
    outer loop
      vertex -38.579 131.516 13
      vertex -38.579 129.484 13
      vertex -38.45 129.547 13
    endloop
  endfacet
  facet normal 0 0 1
    outer loop
      vertex -38.7153 131.563 13
      vertex -38.579 129.484 13
      vertex -38.579 131.516 13
    endloop
  endfacet
  facet normal 0 0 1
    outer loop
      vertex -38.7153 131.563 13
      vertex -38.7153 129.437 13
      vertex -38.579 129.484 13
    endloop
  endfacet
  facet normal 0 0 1
    outer loop
      vertex -38.8564 131.591 13
      vertex -38.7153 129.437 13
      vertex -38.7153 131.563 13
    endloop
  endfacet
  facet normal 0 0 1
    outer loop
      vertex -38.8564 131.591 13
      vertex -38.8564 129.409 13
      vertex -38.7153 129.437 13
    endloop
  endfacet
  facet normal 0 0 1
    outer loop
      vertex -39 131.6 13
      vertex -38.8564 129.409 13
      vertex -38.8564 131.591 13
    endloop
  endfacet
  facet normal 0 0 1
    outer loop
      vertex -39 131.6 13
      vertex -39 129.4 13
      vertex -38.8564 129.409 13
    endloop
  endfacet
  facet normal -0 0 1
    outer loop
      vertex -39.1436 131.591 13
      vertex -39 129.4 13
      vertex -39 131.6 13
    endloop
  endfacet
  facet normal 0 0 1
    outer loop
      vertex -39.1436 131.591 13
      vertex -39.1436 129.409 13
      vertex -39 129.4 13
    endloop
  endfacet
  facet normal -0 0 1
    outer loop
      vertex -39.2847 131.563 13
      vertex -39.1436 129.409 13
      vertex -39.1436 131.591 13
    endloop
  endfacet
  facet normal 0 0 1
    outer loop
      vertex -39.2847 131.563 13
      vertex -39.2847 129.437 13
      vertex -39.1436 129.409 13
    endloop
  endfacet
  facet normal -0 0 1
    outer loop
      vertex -39.421 131.516 13
      vertex -39.2847 129.437 13
      vertex -39.2847 131.563 13
    endloop
  endfacet
  facet normal 0 0 1
    outer loop
      vertex -39.421 131.516 13
      vertex -39.421 129.484 13
      vertex -39.2847 129.437 13
    endloop
  endfacet
  facet normal -0 0 1
    outer loop
      vertex -39.55 131.453 13
      vertex -39.421 129.484 13
      vertex -39.421 131.516 13
    endloop
  endfacet
  facet normal 0 0 1
    outer loop
      vertex -39.55 131.453 13
      vertex -39.55 129.547 13
      vertex -39.421 129.484 13
    endloop
  endfacet
  facet normal -0 0 1
    outer loop
      vertex -39.6696 131.373 13
      vertex -39.55 129.547 13
      vertex -39.55 131.453 13
    endloop
  endfacet
  facet normal 0 0 1
    outer loop
      vertex -39.6696 131.373 13
      vertex -39.6696 129.627 13
      vertex -39.55 129.547 13
    endloop
  endfacet
  facet normal -0 0 1
    outer loop
      vertex -39.7778 131.278 13
      vertex -39.6696 129.627 13
      vertex -39.6696 131.373 13
    endloop
  endfacet
  facet normal 0 0 1
    outer loop
      vertex -39.7778 131.278 13
      vertex -39.7778 129.722 13
      vertex -39.6696 129.627 13
    endloop
  endfacet
  facet normal -0 0 1
    outer loop
      vertex -39.8727 131.17 13
      vertex -39.7778 129.722 13
      vertex -39.7778 131.278 13
    endloop
  endfacet
  facet normal 0 0 1
    outer loop
      vertex -39.8727 131.17 13
      vertex -39.8727 129.83 13
      vertex -39.7778 129.722 13
    endloop
  endfacet
  facet normal -0 0 1
    outer loop
      vertex -39.9526 131.05 13
      vertex -39.8727 129.83 13
      vertex -39.8727 131.17 13
    endloop
  endfacet
  facet normal 0 0 1
    outer loop
      vertex -39.9526 131.05 13
      vertex -39.9526 129.95 13
      vertex -39.8727 129.83 13
    endloop
  endfacet
  facet normal -0 0 1
    outer loop
      vertex -40.0163 130.921 13
      vertex -39.9526 129.95 13
      vertex -39.9526 131.05 13
    endloop
  endfacet
  facet normal 0 0 1
    outer loop
      vertex -40.0163 130.921 13
      vertex -40.0163 130.079 13
      vertex -39.9526 129.95 13
    endloop
  endfacet
  facet normal -0 0 1
    outer loop
      vertex -40.0625 130.785 13
      vertex -40.0163 130.079 13
      vertex -40.0163 130.921 13
    endloop
  endfacet
  facet normal 0 0 1
    outer loop
      vertex -40.0625 130.785 13
      vertex -40.0625 130.215 13
      vertex -40.0163 130.079 13
    endloop
  endfacet
  facet normal -0 0 1
    outer loop
      vertex -40.0906 130.644 13
      vertex -40.0625 130.215 13
      vertex -40.0625 130.785 13
    endloop
  endfacet
  facet normal 0 0 1
    outer loop
      vertex -40.0906 130.644 13
      vertex -40.0906 130.356 13
      vertex -40.0625 130.215 13
    endloop
  endfacet
  facet normal 0 -0 1
    outer loop
      vertex -40.0906 130.356 13
      vertex -40.0906 130.644 13
      vertex -40.1 130.5 13
    endloop
  endfacet
  facet normal 0.980714 0.195447 0
    outer loop
      vertex -40.0625 130.215 18
      vertex -40.0906 130.356 13
      vertex -40.0906 130.356 18
    endloop
  endfacet
  facet normal 0.980714 0.195447 0
    outer loop
      vertex -40.0906 130.356 13
      vertex -40.0625 130.215 18
      vertex -40.0625 130.215 13
    endloop
  endfacet
  facet normal 0.438835 -0.898568 0
    outer loop
      vertex -39.55 131.453 13
      vertex -39.421 131.516 18
      vertex -39.55 131.453 18
    endloop
  endfacet
  facet normal 0.438835 -0.898568 0
    outer loop
      vertex -39.421 131.516 18
      vertex -39.55 131.453 13
      vertex -39.421 131.516 13
    endloop
  endfacet
  facet normal -0.325991 -0.945373 0
    outer loop
      vertex -38.7153 131.563 13
      vertex -38.579 131.516 18
      vertex -38.7153 131.563 18
    endloop
  endfacet
  facet normal -0.325991 -0.945373 -0
    outer loop
      vertex -38.579 131.516 18
      vertex -38.7153 131.563 13
      vertex -38.579 131.516 13
    endloop
  endfacet
  facet normal 0.997876 -0.0651391 0
    outer loop
      vertex -40.1 130.5 18
      vertex -40.0906 130.644 13
      vertex -40.0906 130.644 18
    endloop
  endfacet
  facet normal 0.997876 -0.0651391 0
    outer loop
      vertex -40.0906 130.644 13
      vertex -40.1 130.5 18
      vertex -40.1 130.5 13
    endloop
  endfacet
  facet normal 0.946858 -0.321653 0
    outer loop
      vertex -40.0625 130.785 18
      vertex -40.0163 130.921 13
      vertex -40.0163 130.921 18
    endloop
  endfacet
  facet normal 0.946858 -0.321653 0
    outer loop
      vertex -40.0163 130.921 13
      vertex -40.0625 130.785 18
      vertex -40.0625 130.785 13
    endloop
  endfacet
  facet normal 0.325991 -0.945373 0
    outer loop
      vertex -39.421 131.516 13
      vertex -39.2847 131.563 18
      vertex -39.421 131.516 18
    endloop
  endfacet
  facet normal 0.325991 -0.945373 0
    outer loop
      vertex -39.2847 131.563 18
      vertex -39.421 131.516 13
      vertex -39.2847 131.563 13
    endloop
  endfacet
  facet normal 0.325991 0.945373 -0
    outer loop
      vertex -39.2847 129.437 13
      vertex -39.421 129.484 18
      vertex -39.2847 129.437 18
    endloop
  endfacet
  facet normal 0.325991 0.945373 0
    outer loop
      vertex -39.421 129.484 18
      vertex -39.2847 129.437 13
      vertex -39.421 129.484 13
    endloop
  endfacet
  facet normal 0.438835 0.898568 -0
    outer loop
      vertex -39.421 129.484 13
      vertex -39.55 129.547 18
      vertex -39.421 129.484 18
    endloop
  endfacet
  facet normal 0.438835 0.898568 0
    outer loop
      vertex -39.55 129.547 18
      vertex -39.421 129.484 13
      vertex -39.55 129.547 13
    endloop
  endfacet
  facet normal 0.555983 0.831194 -0
    outer loop
      vertex -39.55 129.547 13
      vertex -39.6696 129.627 18
      vertex -39.55 129.547 18
    endloop
  endfacet
  facet normal 0.555983 0.831194 0
    outer loop
      vertex -39.6696 129.627 18
      vertex -39.55 129.547 13
      vertex -39.6696 129.627 13
    endloop
  endfacet
  facet normal 0.0625514 0.998042 -0
    outer loop
      vertex -39 129.4 13
      vertex -39.1436 129.409 18
      vertex -39 129.4 18
    endloop
  endfacet
  facet normal 0.0625514 0.998042 0
    outer loop
      vertex -39.1436 129.409 18
      vertex -39 129.4 13
      vertex -39.1436 129.409 13
    endloop
  endfacet
  facet normal 0.89664 0.44276 0
    outer loop
      vertex -39.9526 129.95 18
      vertex -40.0163 130.079 13
      vertex -40.0163 130.079 18
    endloop
  endfacet
  facet normal 0.89664 0.44276 0
    outer loop
      vertex -40.0163 130.079 13
      vertex -39.9526 129.95 18
      vertex -39.9526 129.95 13
    endloop
  endfacet
  facet normal -0.0653198 0.997864 0
    outer loop
      vertex 19.1436 80.4094 13
      vertex 19 80.4 18
      vertex 19.1436 80.4094 18
    endloop
  endfacet
  facet normal -0.0653198 0.997864 0
    outer loop
      vertex 19 80.4 18
      vertex 19.1436 80.4094 13
      vertex 19 80.4 13
    endloop
  endfacet
  facet normal -0.980741 -0.195314 0
    outer loop
      vertex 20.0906 81.6436 13
      vertex 20.0625 81.7847 18
      vertex 20.0625 81.7847 13
    endloop
  endfacet
  facet normal -0.980741 -0.195314 0
    outer loop
      vertex 20.0625 81.7847 18
      vertex 20.0906 81.6436 13
      vertex 20.0906 81.6436 18
    endloop
  endfacet
  facet normal -0.997864 -0.0653198 0
    outer loop
      vertex 20.1 81.5 13
      vertex 20.0906 81.6436 18
      vertex 20.0906 81.6436 13
    endloop
  endfacet
  facet normal -0.997864 -0.0653198 0
    outer loop
      vertex 20.0906 81.6436 18
      vertex 20.1 81.5 13
      vertex 20.1 81.5 18
    endloop
  endfacet
  facet normal -0.980741 0.195314 0
    outer loop
      vertex 20.0625 81.2153 13
      vertex 20.0906 81.3564 18
      vertex 20.0906 81.3564 13
    endloop
  endfacet
  facet normal -0.980741 0.195314 0
    outer loop
      vertex 20.0906 81.3564 18
      vertex 20.0625 81.2153 13
      vertex 20.0625 81.2153 18
    endloop
  endfacet
  facet normal -0.195314 -0.980741 0
    outer loop
      vertex 19.1436 82.5906 13
      vertex 19.2847 82.5625 18
      vertex 19.1436 82.5906 18
    endloop
  endfacet
  facet normal -0.195314 -0.980741 -0
    outer loop
      vertex 19.2847 82.5625 18
      vertex 19.1436 82.5906 13
      vertex 19.2847 82.5625 13
    endloop
  endfacet
  facet normal -0.947073 0.321018 0
    outer loop
      vertex 20.0163 81.079 13
      vertex 20.0625 81.2153 18
      vertex 20.0625 81.2153 13
    endloop
  endfacet
  facet normal -0.947073 0.321018 0
    outer loop
      vertex 20.0625 81.2153 18
      vertex 20.0163 81.079 13
      vertex 20.0163 81.079 18
    endloop
  endfacet
  facet normal -0.0653198 -0.997864 0
    outer loop
      vertex 19 82.6 13
      vertex 19.1436 82.5906 18
      vertex 19 82.6 18
    endloop
  endfacet
  facet normal -0.0653198 -0.997864 -0
    outer loop
      vertex 19.1436 82.5906 18
      vertex 19 82.6 13
      vertex 19.1436 82.5906 13
    endloop
  endfacet
  facet normal 0.195314 0.980741 -0
    outer loop
      vertex 18.8564 80.4094 13
      vertex 18.7153 80.4375 18
      vertex 18.8564 80.4094 18
    endloop
  endfacet
  facet normal 0.195314 0.980741 0
    outer loop
      vertex 18.7153 80.4375 18
      vertex 18.8564 80.4094 13
      vertex 18.7153 80.4375 13
    endloop
  endfacet
  facet normal 0.321018 -0.947073 0
    outer loop
      vertex 18.579 82.5163 13
      vertex 18.7153 82.5625 18
      vertex 18.579 82.5163 18
    endloop
  endfacet
  facet normal 0.321018 -0.947073 0
    outer loop
      vertex 18.7153 82.5625 18
      vertex 18.579 82.5163 13
      vertex 18.7153 82.5625 13
    endloop
  endfacet
  facet normal -0.65939 0.751801 0
    outer loop
      vertex 19.7778 80.7222 13
      vertex 19.6696 80.6273 18
      vertex 19.7778 80.7222 18
    endloop
  endfacet
  facet normal -0.65939 0.751801 0
    outer loop
      vertex 19.6696 80.6273 18
      vertex 19.7778 80.7222 13
      vertex 19.6696 80.6273 13
    endloop
  endfacet
  facet normal 0.555502 -0.831515 0
    outer loop
      vertex 18.3304 82.3727 13
      vertex 18.45 82.4526 18
      vertex 18.3304 82.3727 18
    endloop
  endfacet
  facet normal 0.555502 -0.831515 0
    outer loop
      vertex 18.45 82.4526 18
      vertex 18.3304 82.3727 13
      vertex 18.45 82.4526 13
    endloop
  endfacet
  facet normal -0.89664 -0.44276 0
    outer loop
      vertex 20.0163 81.921 13
      vertex 19.9526 82.05 18
      vertex 19.9526 82.05 13
    endloop
  endfacet
  facet normal -0.89664 -0.44276 0
    outer loop
      vertex 19.9526 82.05 18
      vertex 20.0163 81.921 13
      vertex 20.0163 81.921 18
    endloop
  endfacet
  facet normal -0.195314 0.980741 0
    outer loop
      vertex 19.2847 80.4375 13
      vertex 19.1436 80.4094 18
      vertex 19.2847 80.4375 18
    endloop
  endfacet
  facet normal -0.195314 0.980741 0
    outer loop
      vertex 19.1436 80.4094 18
      vertex 19.2847 80.4375 13
      vertex 19.1436 80.4094 13
    endloop
  endfacet
  facet normal -0.44276 0.89664 0
    outer loop
      vertex 19.55 80.5474 13
      vertex 19.421 80.4837 18
      vertex 19.55 80.5474 18
    endloop
  endfacet
  facet normal -0.44276 0.89664 0
    outer loop
      vertex 19.421 80.4837 18
      vertex 19.55 80.5474 13
      vertex 19.421 80.4837 13
    endloop
  endfacet
  facet normal -0.321018 0.947073 0
    outer loop
      vertex 19.421 80.4837 13
      vertex 19.2847 80.4375 18
      vertex 19.421 80.4837 18
    endloop
  endfacet
  facet normal -0.321018 0.947073 0
    outer loop
      vertex 19.2847 80.4375 18
      vertex 19.421 80.4837 13
      vertex 19.2847 80.4375 13
    endloop
  endfacet
  facet normal 0.997864 0.0653198 0
    outer loop
      vertex 17.9094 81.3564 18
      vertex 17.9 81.5 13
      vertex 17.9 81.5 18
    endloop
  endfacet
  facet normal 0.997864 0.0653198 0
    outer loop
      vertex 17.9 81.5 13
      vertex 17.9094 81.3564 18
      vertex 17.9094 81.3564 13
    endloop
  endfacet
  facet normal -0.555502 0.831515 0
    outer loop
      vertex 19.6696 80.6273 13
      vertex 19.55 80.5474 18
      vertex 19.6696 80.6273 18
    endloop
  endfacet
  facet normal -0.555502 0.831515 0
    outer loop
      vertex 19.55 80.5474 18
      vertex 19.6696 80.6273 13
      vertex 19.55 80.5474 13
    endloop
  endfacet
  facet normal 0.65939 0.751801 -0
    outer loop
      vertex 18.3304 80.6273 13
      vertex 18.2222 80.7222 18
      vertex 18.3304 80.6273 18
    endloop
  endfacet
  facet normal 0.65939 0.751801 0
    outer loop
      vertex 18.2222 80.7222 18
      vertex 18.3304 80.6273 13
      vertex 18.2222 80.7222 13
    endloop
  endfacet
  facet normal 0.751801 0.65939 0
    outer loop
      vertex 18.2222 80.7222 18
      vertex 18.1273 80.8304 13
      vertex 18.1273 80.8304 18
    endloop
  endfacet
  facet normal 0.751801 0.65939 0
    outer loop
      vertex 18.1273 80.8304 13
      vertex 18.2222 80.7222 18
      vertex 18.2222 80.7222 13
    endloop
  endfacet
  facet normal 0.980741 -0.195314 0
    outer loop
      vertex 17.9094 81.6436 18
      vertex 17.9375 81.7847 13
      vertex 17.9375 81.7847 18
    endloop
  endfacet
  facet normal 0.980741 -0.195314 0
    outer loop
      vertex 17.9375 81.7847 13
      vertex 17.9094 81.6436 18
      vertex 17.9094 81.6436 13
    endloop
  endfacet
  facet normal -0.831515 -0.555502 0
    outer loop
      vertex 19.9526 82.05 13
      vertex 19.8727 82.1696 18
      vertex 19.8727 82.1696 13
    endloop
  endfacet
  facet normal -0.831515 -0.555502 0
    outer loop
      vertex 19.8727 82.1696 18
      vertex 19.9526 82.05 13
      vertex 19.9526 82.05 18
    endloop
  endfacet
  facet normal 0.947073 0.321018 0
    outer loop
      vertex 17.9837 81.079 18
      vertex 17.9375 81.2153 13
      vertex 17.9375 81.2153 18
    endloop
  endfacet
  facet normal 0.947073 0.321018 0
    outer loop
      vertex 17.9375 81.2153 13
      vertex 17.9837 81.079 18
      vertex 17.9837 81.079 13
    endloop
  endfacet
  facet normal -0.997864 0.0653198 0
    outer loop
      vertex 20.0906 81.3564 13
      vertex 20.1 81.5 18
      vertex 20.1 81.5 13
    endloop
  endfacet
  facet normal -0.997864 0.0653198 0
    outer loop
      vertex 20.1 81.5 18
      vertex 20.0906 81.3564 13
      vertex 20.0906 81.3564 18
    endloop
  endfacet
  facet normal -0.44276 -0.89664 0
    outer loop
      vertex 19.421 82.5163 13
      vertex 19.55 82.4526 18
      vertex 19.421 82.5163 18
    endloop
  endfacet
  facet normal -0.44276 -0.89664 -0
    outer loop
      vertex 19.55 82.4526 18
      vertex 19.421 82.5163 13
      vertex 19.55 82.4526 13
    endloop
  endfacet
  facet normal -0.751801 0.65939 0
    outer loop
      vertex 19.7778 80.7222 13
      vertex 19.8727 80.8304 18
      vertex 19.8727 80.8304 13
    endloop
  endfacet
  facet normal -0.751801 0.65939 0
    outer loop
      vertex 19.8727 80.8304 18
      vertex 19.7778 80.7222 13
      vertex 19.7778 80.7222 18
    endloop
  endfacet
  facet normal -0.751801 -0.65939 0
    outer loop
      vertex 19.8727 82.1696 13
      vertex 19.7778 82.2778 18
      vertex 19.7778 82.2778 13
    endloop
  endfacet
  facet normal -0.751801 -0.65939 0
    outer loop
      vertex 19.7778 82.2778 18
      vertex 19.8727 82.1696 13
      vertex 19.8727 82.1696 18
    endloop
  endfacet
  facet normal -0.555502 -0.831515 0
    outer loop
      vertex 19.55 82.4526 13
      vertex 19.6696 82.3727 18
      vertex 19.55 82.4526 18
    endloop
  endfacet
  facet normal -0.555502 -0.831515 -0
    outer loop
      vertex 19.6696 82.3727 18
      vertex 19.55 82.4526 13
      vertex 19.6696 82.3727 13
    endloop
  endfacet
  facet normal -0.89664 0.44276 0
    outer loop
      vertex 19.9526 80.95 13
      vertex 20.0163 81.079 18
      vertex 20.0163 81.079 13
    endloop
  endfacet
  facet normal -0.89664 0.44276 0
    outer loop
      vertex 20.0163 81.079 18
      vertex 19.9526 80.95 13
      vertex 19.9526 80.95 18
    endloop
  endfacet
  facet normal -0.831515 0.555502 0
    outer loop
      vertex 19.8727 80.8304 13
      vertex 19.9526 80.95 18
      vertex 19.9526 80.95 13
    endloop
  endfacet
  facet normal -0.831515 0.555502 0
    outer loop
      vertex 19.9526 80.95 18
      vertex 19.8727 80.8304 13
      vertex 19.8727 80.8304 18
    endloop
  endfacet
  facet normal 0.831515 -0.555502 0
    outer loop
      vertex 18.0474 82.05 18
      vertex 18.1273 82.1696 13
      vertex 18.1273 82.1696 18
    endloop
  endfacet
  facet normal 0.831515 -0.555502 0
    outer loop
      vertex 18.1273 82.1696 13
      vertex 18.0474 82.05 18
      vertex 18.0474 82.05 13
    endloop
  endfacet
  facet normal 0.89664 -0.44276 0
    outer loop
      vertex 17.9837 81.921 18
      vertex 18.0474 82.05 13
      vertex 18.0474 82.05 18
    endloop
  endfacet
  facet normal 0.89664 -0.44276 0
    outer loop
      vertex 18.0474 82.05 13
      vertex 17.9837 81.921 18
      vertex 17.9837 81.921 13
    endloop
  endfacet
  facet normal 0.195314 -0.980741 0
    outer loop
      vertex 18.7153 82.5625 13
      vertex 18.8564 82.5906 18
      vertex 18.7153 82.5625 18
    endloop
  endfacet
  facet normal 0.195314 -0.980741 0
    outer loop
      vertex 18.8564 82.5906 18
      vertex 18.7153 82.5625 13
      vertex 18.8564 82.5906 13
    endloop
  endfacet
  facet normal 0.65939 -0.751801 0
    outer loop
      vertex 18.2222 82.2778 13
      vertex 18.3304 82.3727 18
      vertex 18.2222 82.2778 18
    endloop
  endfacet
  facet normal 0.65939 -0.751801 0
    outer loop
      vertex 18.3304 82.3727 18
      vertex 18.2222 82.2778 13
      vertex 18.3304 82.3727 13
    endloop
  endfacet
  facet normal -0.65939 -0.751801 0
    outer loop
      vertex 19.6696 82.3727 13
      vertex 19.7778 82.2778 18
      vertex 19.6696 82.3727 18
    endloop
  endfacet
  facet normal -0.65939 -0.751801 -0
    outer loop
      vertex 19.7778 82.2778 18
      vertex 19.6696 82.3727 13
      vertex 19.7778 82.2778 13
    endloop
  endfacet
  facet normal 0.0653198 0.997864 -0
    outer loop
      vertex 19 80.4 13
      vertex 18.8564 80.4094 18
      vertex 19 80.4 18
    endloop
  endfacet
  facet normal 0.0653198 0.997864 0
    outer loop
      vertex 18.8564 80.4094 18
      vertex 19 80.4 13
      vertex 18.8564 80.4094 13
    endloop
  endfacet
  facet normal -0.947073 -0.321018 0
    outer loop
      vertex 20.0625 81.7847 13
      vertex 20.0163 81.921 18
      vertex 20.0163 81.921 13
    endloop
  endfacet
  facet normal -0.947073 -0.321018 0
    outer loop
      vertex 20.0163 81.921 18
      vertex 20.0625 81.7847 13
      vertex 20.0625 81.7847 18
    endloop
  endfacet
  facet normal 0.831515 0.555502 0
    outer loop
      vertex 18.1273 80.8304 18
      vertex 18.0474 80.95 13
      vertex 18.0474 80.95 18
    endloop
  endfacet
  facet normal 0.831515 0.555502 0
    outer loop
      vertex 18.0474 80.95 13
      vertex 18.1273 80.8304 18
      vertex 18.1273 80.8304 13
    endloop
  endfacet
  facet normal 0.751801 -0.65939 0
    outer loop
      vertex 18.1273 82.1696 18
      vertex 18.2222 82.2778 13
      vertex 18.2222 82.2778 18
    endloop
  endfacet
  facet normal 0.751801 -0.65939 0
    outer loop
      vertex 18.2222 82.2778 13
      vertex 18.1273 82.1696 18
      vertex 18.1273 82.1696 13
    endloop
  endfacet
  facet normal 0.0653198 -0.997864 0
    outer loop
      vertex 18.8564 82.5906 13
      vertex 19 82.6 18
      vertex 18.8564 82.5906 18
    endloop
  endfacet
  facet normal 0.0653198 -0.997864 0
    outer loop
      vertex 19 82.6 18
      vertex 18.8564 82.5906 13
      vertex 19 82.6 13
    endloop
  endfacet
  facet normal 0.980741 0.195314 0
    outer loop
      vertex 17.9375 81.2153 18
      vertex 17.9094 81.3564 13
      vertex 17.9094 81.3564 18
    endloop
  endfacet
  facet normal 0.980741 0.195314 0
    outer loop
      vertex 17.9094 81.3564 13
      vertex 17.9375 81.2153 18
      vertex 17.9375 81.2153 13
    endloop
  endfacet
  facet normal 0.44276 -0.89664 0
    outer loop
      vertex 18.45 82.4526 13
      vertex 18.579 82.5163 18
      vertex 18.45 82.4526 18
    endloop
  endfacet
  facet normal 0.44276 -0.89664 0
    outer loop
      vertex 18.579 82.5163 18
      vertex 18.45 82.4526 13
      vertex 18.579 82.5163 13
    endloop
  endfacet
  facet normal -0.321018 -0.947073 0
    outer loop
      vertex 19.2847 82.5625 13
      vertex 19.421 82.5163 18
      vertex 19.2847 82.5625 18
    endloop
  endfacet
  facet normal -0.321018 -0.947073 -0
    outer loop
      vertex 19.421 82.5163 18
      vertex 19.2847 82.5625 13
      vertex 19.421 82.5163 13
    endloop
  endfacet
  facet normal 0.997864 -0.0653198 0
    outer loop
      vertex 17.9 81.5 18
      vertex 17.9094 81.6436 13
      vertex 17.9094 81.6436 18
    endloop
  endfacet
  facet normal 0.997864 -0.0653198 0
    outer loop
      vertex 17.9094 81.6436 13
      vertex 17.9 81.5 18
      vertex 17.9 81.5 13
    endloop
  endfacet
  facet normal 0.947073 -0.321018 0
    outer loop
      vertex 17.9375 81.7847 18
      vertex 17.9837 81.921 13
      vertex 17.9837 81.921 18
    endloop
  endfacet
  facet normal 0.947073 -0.321018 0
    outer loop
      vertex 17.9837 81.921 13
      vertex 17.9375 81.7847 18
      vertex 17.9375 81.7847 13
    endloop
  endfacet
  facet normal 0.321018 0.947073 -0
    outer loop
      vertex 18.7153 80.4375 13
      vertex 18.579 80.4837 18
      vertex 18.7153 80.4375 18
    endloop
  endfacet
  facet normal 0.321018 0.947073 0
    outer loop
      vertex 18.579 80.4837 18
      vertex 18.7153 80.4375 13
      vertex 18.579 80.4837 13
    endloop
  endfacet
  facet normal 0.44276 0.89664 -0
    outer loop
      vertex 18.579 80.4837 13
      vertex 18.45 80.5474 18
      vertex 18.579 80.4837 18
    endloop
  endfacet
  facet normal 0.44276 0.89664 0
    outer loop
      vertex 18.45 80.5474 18
      vertex 18.579 80.4837 13
      vertex 18.45 80.5474 13
    endloop
  endfacet
  facet normal 0.555502 0.831515 -0
    outer loop
      vertex 18.45 80.5474 13
      vertex 18.3304 80.6273 18
      vertex 18.45 80.5474 18
    endloop
  endfacet
  facet normal 0.555502 0.831515 0
    outer loop
      vertex 18.3304 80.6273 18
      vertex 18.45 80.5474 13
      vertex 18.3304 80.6273 13
    endloop
  endfacet
  facet normal 0.89664 0.44276 0
    outer loop
      vertex 18.0474 80.95 18
      vertex 17.9837 81.079 13
      vertex 17.9837 81.079 18
    endloop
  endfacet
  facet normal 0.89664 0.44276 0
    outer loop
      vertex 17.9837 81.079 13
      vertex 18.0474 80.95 18
      vertex 18.0474 80.95 13
    endloop
  endfacet
  facet normal 0 0 1
    outer loop
      vertex 20.0906 81.6436 13
      vertex 20.0906 81.3564 13
      vertex 20.1 81.5 13
    endloop
  endfacet
  facet normal 0 0 1
    outer loop
      vertex 20.0625 81.7847 13
      vertex 20.0906 81.3564 13
      vertex 20.0906 81.6436 13
    endloop
  endfacet
  facet normal 0 0 1
    outer loop
      vertex 20.0625 81.7847 13
      vertex 20.0625 81.2153 13
      vertex 20.0906 81.3564 13
    endloop
  endfacet
  facet normal 0 0 1
    outer loop
      vertex 20.0163 81.921 13
      vertex 20.0625 81.2153 13
      vertex 20.0625 81.7847 13
    endloop
  endfacet
  facet normal 0 0 1
    outer loop
      vertex 20.0163 81.921 13
      vertex 20.0163 81.079 13
      vertex 20.0625 81.2153 13
    endloop
  endfacet
  facet normal 0 0 1
    outer loop
      vertex 19.9526 82.05 13
      vertex 20.0163 81.079 13
      vertex 20.0163 81.921 13
    endloop
  endfacet
  facet normal 0 0 1
    outer loop
      vertex 19.9526 82.05 13
      vertex 19.9526 80.95 13
      vertex 20.0163 81.079 13
    endloop
  endfacet
  facet normal 0 0 1
    outer loop
      vertex 19.8727 82.1696 13
      vertex 19.9526 80.95 13
      vertex 19.9526 82.05 13
    endloop
  endfacet
  facet normal 0 0 1
    outer loop
      vertex 19.8727 82.1696 13
      vertex 19.8727 80.8304 13
      vertex 19.9526 80.95 13
    endloop
  endfacet
  facet normal 0 0 1
    outer loop
      vertex 19.7778 82.2778 13
      vertex 19.8727 80.8304 13
      vertex 19.8727 82.1696 13
    endloop
  endfacet
  facet normal 0 0 1
    outer loop
      vertex 19.7778 82.2778 13
      vertex 19.7778 80.7222 13
      vertex 19.8727 80.8304 13
    endloop
  endfacet
  facet normal 0 0 1
    outer loop
      vertex 19.6696 82.3727 13
      vertex 19.7778 80.7222 13
      vertex 19.7778 82.2778 13
    endloop
  endfacet
  facet normal 0 0 1
    outer loop
      vertex 19.6696 82.3727 13
      vertex 19.6696 80.6273 13
      vertex 19.7778 80.7222 13
    endloop
  endfacet
  facet normal 0 0 1
    outer loop
      vertex 19.55 82.4526 13
      vertex 19.6696 80.6273 13
      vertex 19.6696 82.3727 13
    endloop
  endfacet
  facet normal 0 0 1
    outer loop
      vertex 19.55 82.4526 13
      vertex 19.55 80.5474 13
      vertex 19.6696 80.6273 13
    endloop
  endfacet
  facet normal 0 0 1
    outer loop
      vertex 19.421 82.5163 13
      vertex 19.55 80.5474 13
      vertex 19.55 82.4526 13
    endloop
  endfacet
  facet normal 0 0 1
    outer loop
      vertex 19.421 82.5163 13
      vertex 19.421 80.4837 13
      vertex 19.55 80.5474 13
    endloop
  endfacet
  facet normal 0 0 1
    outer loop
      vertex 19.2847 82.5625 13
      vertex 19.421 80.4837 13
      vertex 19.421 82.5163 13
    endloop
  endfacet
  facet normal 0 0 1
    outer loop
      vertex 19.2847 82.5625 13
      vertex 19.2847 80.4375 13
      vertex 19.421 80.4837 13
    endloop
  endfacet
  facet normal 0 0 1
    outer loop
      vertex 19.1436 82.5906 13
      vertex 19.2847 80.4375 13
      vertex 19.2847 82.5625 13
    endloop
  endfacet
  facet normal 0 0 1
    outer loop
      vertex 19.1436 82.5906 13
      vertex 19.1436 80.4094 13
      vertex 19.2847 80.4375 13
    endloop
  endfacet
  facet normal 0 0 1
    outer loop
      vertex 19 82.6 13
      vertex 19.1436 80.4094 13
      vertex 19.1436 82.5906 13
    endloop
  endfacet
  facet normal 0 0 1
    outer loop
      vertex 19 82.6 13
      vertex 19 80.4 13
      vertex 19.1436 80.4094 13
    endloop
  endfacet
  facet normal -0 0 1
    outer loop
      vertex 18.8564 82.5906 13
      vertex 19 80.4 13
      vertex 19 82.6 13
    endloop
  endfacet
  facet normal 0 0 1
    outer loop
      vertex 18.8564 82.5906 13
      vertex 18.8564 80.4094 13
      vertex 19 80.4 13
    endloop
  endfacet
  facet normal -0 0 1
    outer loop
      vertex 18.7153 82.5625 13
      vertex 18.8564 80.4094 13
      vertex 18.8564 82.5906 13
    endloop
  endfacet
  facet normal 0 0 1
    outer loop
      vertex 18.7153 82.5625 13
      vertex 18.7153 80.4375 13
      vertex 18.8564 80.4094 13
    endloop
  endfacet
  facet normal -0 0 1
    outer loop
      vertex 18.579 82.5163 13
      vertex 18.7153 80.4375 13
      vertex 18.7153 82.5625 13
    endloop
  endfacet
  facet normal 0 0 1
    outer loop
      vertex 18.579 82.5163 13
      vertex 18.579 80.4837 13
      vertex 18.7153 80.4375 13
    endloop
  endfacet
  facet normal -0 0 1
    outer loop
      vertex 18.45 82.4526 13
      vertex 18.579 80.4837 13
      vertex 18.579 82.5163 13
    endloop
  endfacet
  facet normal 0 0 1
    outer loop
      vertex 18.45 82.4526 13
      vertex 18.45 80.5474 13
      vertex 18.579 80.4837 13
    endloop
  endfacet
  facet normal -0 0 1
    outer loop
      vertex 18.3304 82.3727 13
      vertex 18.45 80.5474 13
      vertex 18.45 82.4526 13
    endloop
  endfacet
  facet normal 0 0 1
    outer loop
      vertex 18.3304 82.3727 13
      vertex 18.3304 80.6273 13
      vertex 18.45 80.5474 13
    endloop
  endfacet
  facet normal -0 0 1
    outer loop
      vertex 18.2222 82.2778 13
      vertex 18.3304 80.6273 13
      vertex 18.3304 82.3727 13
    endloop
  endfacet
  facet normal 0 0 1
    outer loop
      vertex 18.2222 82.2778 13
      vertex 18.2222 80.7222 13
      vertex 18.3304 80.6273 13
    endloop
  endfacet
  facet normal -0 0 1
    outer loop
      vertex 18.1273 82.1696 13
      vertex 18.2222 80.7222 13
      vertex 18.2222 82.2778 13
    endloop
  endfacet
  facet normal 0 0 1
    outer loop
      vertex 18.1273 82.1696 13
      vertex 18.1273 80.8304 13
      vertex 18.2222 80.7222 13
    endloop
  endfacet
  facet normal -0 0 1
    outer loop
      vertex 18.0474 82.05 13
      vertex 18.1273 80.8304 13
      vertex 18.1273 82.1696 13
    endloop
  endfacet
  facet normal 0 0 1
    outer loop
      vertex 18.0474 82.05 13
      vertex 18.0474 80.95 13
      vertex 18.1273 80.8304 13
    endloop
  endfacet
  facet normal -0 0 1
    outer loop
      vertex 17.9837 81.921 13
      vertex 18.0474 80.95 13
      vertex 18.0474 82.05 13
    endloop
  endfacet
  facet normal 0 0 1
    outer loop
      vertex 17.9837 81.921 13
      vertex 17.9837 81.079 13
      vertex 18.0474 80.95 13
    endloop
  endfacet
  facet normal -0 0 1
    outer loop
      vertex 17.9375 81.7847 13
      vertex 17.9837 81.079 13
      vertex 17.9837 81.921 13
    endloop
  endfacet
  facet normal 0 0 1
    outer loop
      vertex 17.9375 81.7847 13
      vertex 17.9375 81.2153 13
      vertex 17.9837 81.079 13
    endloop
  endfacet
  facet normal -0 0 1
    outer loop
      vertex 17.9094 81.6436 13
      vertex 17.9375 81.2153 13
      vertex 17.9375 81.7847 13
    endloop
  endfacet
  facet normal 0 0 1
    outer loop
      vertex 17.9094 81.6436 13
      vertex 17.9094 81.3564 13
      vertex 17.9375 81.2153 13
    endloop
  endfacet
  facet normal 0 -0 1
    outer loop
      vertex 17.9094 81.3564 13
      vertex 17.9094 81.6436 13
      vertex 17.9 81.5 13
    endloop
  endfacet
  facet normal -0.0625514 0.998042 0
    outer loop
      vertex 19.1436 129.409 13
      vertex 19 129.4 18
      vertex 19.1436 129.409 18
    endloop
  endfacet
  facet normal -0.0625514 0.998042 0
    outer loop
      vertex 19 129.4 18
      vertex 19.1436 129.409 13
      vertex 19 129.4 13
    endloop
  endfacet
  facet normal -0.980714 -0.195447 0
    outer loop
      vertex 20.0906 130.644 13
      vertex 20.0625 130.785 18
      vertex 20.0625 130.785 13
    endloop
  endfacet
  facet normal -0.980714 -0.195447 0
    outer loop
      vertex 20.0625 130.785 18
      vertex 20.0906 130.644 13
      vertex 20.0906 130.644 18
    endloop
  endfacet
  facet normal -0.997876 -0.0651391 0
    outer loop
      vertex 20.1 130.5 13
      vertex 20.0906 130.644 18
      vertex 20.0906 130.644 13
    endloop
  endfacet
  facet normal -0.997876 -0.0651391 0
    outer loop
      vertex 20.0906 130.644 18
      vertex 20.1 130.5 13
      vertex 20.1 130.5 18
    endloop
  endfacet
  facet normal -0.980714 0.195447 0
    outer loop
      vertex 20.0625 130.215 13
      vertex 20.0906 130.356 18
      vertex 20.0906 130.356 13
    endloop
  endfacet
  facet normal -0.980714 0.195447 0
    outer loop
      vertex 20.0906 130.356 18
      vertex 20.0625 130.215 13
      vertex 20.0625 130.215 18
    endloop
  endfacet
  facet normal -0.946858 0.321653 0
    outer loop
      vertex 20.0163 130.079 13
      vertex 20.0625 130.215 18
      vertex 20.0625 130.215 13
    endloop
  endfacet
  facet normal -0.946858 0.321653 0
    outer loop
      vertex 20.0625 130.215 18
      vertex 20.0163 130.079 13
      vertex 20.0163 130.079 18
    endloop
  endfacet
  facet normal -0.0625514 -0.998042 0
    outer loop
      vertex 19 131.6 13
      vertex 19.1436 131.591 18
      vertex 19 131.6 18
    endloop
  endfacet
  facet normal -0.0625514 -0.998042 -0
    outer loop
      vertex 19.1436 131.591 18
      vertex 19 131.6 13
      vertex 19.1436 131.591 13
    endloop
  endfacet
  facet normal 0.194645 0.980874 -0
    outer loop
      vertex 18.8564 129.409 13
      vertex 18.7153 129.437 18
      vertex 18.8564 129.409 18
    endloop
  endfacet
  facet normal 0.194645 0.980874 0
    outer loop
      vertex 18.7153 129.437 18
      vertex 18.8564 129.409 13
      vertex 18.7153 129.437 13
    endloop
  endfacet
  facet normal -0.659782 0.751457 0
    outer loop
      vertex 19.7778 129.722 13
      vertex 19.6696 129.627 18
      vertex 19.7778 129.722 18
    endloop
  endfacet
  facet normal -0.659782 0.751457 0
    outer loop
      vertex 19.6696 129.627 18
      vertex 19.7778 129.722 13
      vertex 19.6696 129.627 13
    endloop
  endfacet
  facet normal 0.659782 -0.751457 0
    outer loop
      vertex 18.2222 131.278 13
      vertex 18.3304 131.373 18
      vertex 18.2222 131.278 18
    endloop
  endfacet
  facet normal 0.659782 -0.751457 0
    outer loop
      vertex 18.3304 131.373 18
      vertex 18.2222 131.278 13
      vertex 18.3304 131.373 13
    endloop
  endfacet
  facet normal 0.555983 -0.831194 0
    outer loop
      vertex 18.3304 131.373 13
      vertex 18.45 131.453 18
      vertex 18.3304 131.373 18
    endloop
  endfacet
  facet normal 0.555983 -0.831194 0
    outer loop
      vertex 18.45 131.453 18
      vertex 18.3304 131.373 13
      vertex 18.45 131.453 13
    endloop
  endfacet
  facet normal -0.89664 -0.44276 0
    outer loop
      vertex 20.0163 130.921 13
      vertex 19.9526 131.05 18
      vertex 19.9526 131.05 13
    endloop
  endfacet
  facet normal -0.89664 -0.44276 0
    outer loop
      vertex 19.9526 131.05 18
      vertex 20.0163 130.921 13
      vertex 20.0163 130.921 18
    endloop
  endfacet
  facet normal -0.194645 0.980874 0
    outer loop
      vertex 19.2847 129.437 13
      vertex 19.1436 129.409 18
      vertex 19.2847 129.437 18
    endloop
  endfacet
  facet normal -0.194645 0.980874 0
    outer loop
      vertex 19.1436 129.409 18
      vertex 19.2847 129.437 13
      vertex 19.1436 129.409 13
    endloop
  endfacet
  facet normal -0.438835 0.898568 0
    outer loop
      vertex 19.55 129.547 13
      vertex 19.421 129.484 18
      vertex 19.55 129.547 18
    endloop
  endfacet
  facet normal -0.438835 0.898568 0
    outer loop
      vertex 19.421 129.484 18
      vertex 19.55 129.547 13
      vertex 19.421 129.484 13
    endloop
  endfacet
  facet normal -0.325991 0.945373 0
    outer loop
      vertex 19.421 129.484 13
      vertex 19.2847 129.437 18
      vertex 19.421 129.484 18
    endloop
  endfacet
  facet normal -0.325991 0.945373 0
    outer loop
      vertex 19.2847 129.437 18
      vertex 19.421 129.484 13
      vertex 19.2847 129.437 13
    endloop
  endfacet
  facet normal 0.997876 0.0651391 0
    outer loop
      vertex 17.9094 130.356 18
      vertex 17.9 130.5 13
      vertex 17.9 130.5 18
    endloop
  endfacet
  facet normal 0.997876 0.0651391 0
    outer loop
      vertex 17.9 130.5 13
      vertex 17.9094 130.356 18
      vertex 17.9094 130.356 13
    endloop
  endfacet
  facet normal -0.555983 0.831194 0
    outer loop
      vertex 19.6696 129.627 13
      vertex 19.55 129.547 18
      vertex 19.6696 129.627 18
    endloop
  endfacet
  facet normal -0.555983 0.831194 0
    outer loop
      vertex 19.55 129.547 18
      vertex 19.6696 129.627 13
      vertex 19.55 129.547 13
    endloop
  endfacet
  facet normal 0.751196 0.660079 0
    outer loop
      vertex 18.2222 129.722 18
      vertex 18.1273 129.83 13
      vertex 18.1273 129.83 18
    endloop
  endfacet
  facet normal 0.751196 0.660079 0
    outer loop
      vertex 18.1273 129.83 13
      vertex 18.2222 129.722 18
      vertex 18.2222 129.722 13
    endloop
  endfacet
  facet normal 0.980714 -0.195447 0
    outer loop
      vertex 17.9094 130.644 18
      vertex 17.9375 130.785 13
      vertex 17.9375 130.785 18
    endloop
  endfacet
  facet normal 0.980714 -0.195447 0
    outer loop
      vertex 17.9375 130.785 13
      vertex 17.9094 130.644 18
      vertex 17.9094 130.644 13
    endloop
  endfacet
  facet normal -0.83237 -0.55422 0
    outer loop
      vertex 19.9526 131.05 13
      vertex 19.8727 131.17 18
      vertex 19.8727 131.17 13
    endloop
  endfacet
  facet normal -0.83237 -0.55422 0
    outer loop
      vertex 19.8727 131.17 18
      vertex 19.9526 131.05 13
      vertex 19.9526 131.05 18
    endloop
  endfacet
  facet normal 0.946858 0.321653 0
    outer loop
      vertex 17.9837 130.079 18
      vertex 17.9375 130.215 13
      vertex 17.9375 130.215 18
    endloop
  endfacet
  facet normal 0.946858 0.321653 0
    outer loop
      vertex 17.9375 130.215 13
      vertex 17.9837 130.079 18
      vertex 17.9837 130.079 13
    endloop
  endfacet
  facet normal -0.997876 0.0651391 0
    outer loop
      vertex 20.0906 130.356 13
      vertex 20.1 130.5 18
      vertex 20.1 130.5 13
    endloop
  endfacet
  facet normal -0.997876 0.0651391 0
    outer loop
      vertex 20.1 130.5 18
      vertex 20.0906 130.356 13
      vertex 20.0906 130.356 18
    endloop
  endfacet
  facet normal -0.438835 -0.898568 0
    outer loop
      vertex 19.421 131.516 13
      vertex 19.55 131.453 18
      vertex 19.421 131.516 18
    endloop
  endfacet
  facet normal -0.438835 -0.898568 -0
    outer loop
      vertex 19.55 131.453 18
      vertex 19.421 131.516 13
      vertex 19.55 131.453 13
    endloop
  endfacet
  facet normal -0.751196 0.660079 0
    outer loop
      vertex 19.7778 129.722 13
      vertex 19.8727 129.83 18
      vertex 19.8727 129.83 13
    endloop
  endfacet
  facet normal -0.751196 0.660079 0
    outer loop
      vertex 19.8727 129.83 18
      vertex 19.7778 129.722 13
      vertex 19.7778 129.722 18
    endloop
  endfacet
  facet normal -0.751196 -0.660079 0
    outer loop
      vertex 19.8727 131.17 13
      vertex 19.7778 131.278 18
      vertex 19.7778 131.278 13
    endloop
  endfacet
  facet normal -0.751196 -0.660079 0
    outer loop
      vertex 19.7778 131.278 18
      vertex 19.8727 131.17 13
      vertex 19.8727 131.17 18
    endloop
  endfacet
  facet normal -0.555983 -0.831194 0
    outer loop
      vertex 19.55 131.453 13
      vertex 19.6696 131.373 18
      vertex 19.55 131.453 18
    endloop
  endfacet
  facet normal -0.555983 -0.831194 -0
    outer loop
      vertex 19.6696 131.373 18
      vertex 19.55 131.453 13
      vertex 19.6696 131.373 13
    endloop
  endfacet
  facet normal -0.89664 0.44276 0
    outer loop
      vertex 19.9526 129.95 13
      vertex 20.0163 130.079 18
      vertex 20.0163 130.079 13
    endloop
  endfacet
  facet normal -0.89664 0.44276 0
    outer loop
      vertex 20.0163 130.079 18
      vertex 19.9526 129.95 13
      vertex 19.9526 129.95 18
    endloop
  endfacet
  facet normal -0.83237 0.55422 0
    outer loop
      vertex 19.8727 129.83 13
      vertex 19.9526 129.95 18
      vertex 19.9526 129.95 13
    endloop
  endfacet
  facet normal -0.83237 0.55422 0
    outer loop
      vertex 19.9526 129.95 18
      vertex 19.8727 129.83 13
      vertex 19.8727 129.83 18
    endloop
  endfacet
  facet normal 0.83237 -0.55422 0
    outer loop
      vertex 18.0474 131.05 18
      vertex 18.1273 131.17 13
      vertex 18.1273 131.17 18
    endloop
  endfacet
  facet normal 0.83237 -0.55422 0
    outer loop
      vertex 18.1273 131.17 13
      vertex 18.0474 131.05 18
      vertex 18.0474 131.05 13
    endloop
  endfacet
  facet normal 0.89664 -0.44276 0
    outer loop
      vertex 17.9837 130.921 18
      vertex 18.0474 131.05 13
      vertex 18.0474 131.05 18
    endloop
  endfacet
  facet normal 0.89664 -0.44276 0
    outer loop
      vertex 18.0474 131.05 13
      vertex 17.9837 130.921 18
      vertex 17.9837 130.921 13
    endloop
  endfacet
  facet normal 0.194645 -0.980874 0
    outer loop
      vertex 18.7153 131.563 13
      vertex 18.8564 131.591 18
      vertex 18.7153 131.563 18
    endloop
  endfacet
  facet normal 0.194645 -0.980874 0
    outer loop
      vertex 18.8564 131.591 18
      vertex 18.7153 131.563 13
      vertex 18.8564 131.591 13
    endloop
  endfacet
  facet normal -0.659782 -0.751457 0
    outer loop
      vertex 19.6696 131.373 13
      vertex 19.7778 131.278 18
      vertex 19.6696 131.373 18
    endloop
  endfacet
  facet normal -0.659782 -0.751457 -0
    outer loop
      vertex 19.7778 131.278 18
      vertex 19.6696 131.373 13
      vertex 19.7778 131.278 13
    endloop
  endfacet
  facet normal 0.0625514 0.998042 -0
    outer loop
      vertex 19 129.4 13
      vertex 18.8564 129.409 18
      vertex 19 129.4 18
    endloop
  endfacet
  facet normal 0.0625514 0.998042 0
    outer loop
      vertex 18.8564 129.409 18
      vertex 19 129.4 13
      vertex 18.8564 129.409 13
    endloop
  endfacet
  facet normal -0.946858 -0.321653 0
    outer loop
      vertex 20.0625 130.785 13
      vertex 20.0163 130.921 18
      vertex 20.0163 130.921 13
    endloop
  endfacet
  facet normal -0.946858 -0.321653 0
    outer loop
      vertex 20.0163 130.921 18
      vertex 20.0625 130.785 13
      vertex 20.0625 130.785 18
    endloop
  endfacet
  facet normal 0.83237 0.55422 0
    outer loop
      vertex 18.1273 129.83 18
      vertex 18.0474 129.95 13
      vertex 18.0474 129.95 18
    endloop
  endfacet
  facet normal 0.83237 0.55422 0
    outer loop
      vertex 18.0474 129.95 13
      vertex 18.1273 129.83 18
      vertex 18.1273 129.83 13
    endloop
  endfacet
  facet normal 0.751196 -0.660079 0
    outer loop
      vertex 18.1273 131.17 18
      vertex 18.2222 131.278 13
      vertex 18.2222 131.278 18
    endloop
  endfacet
  facet normal 0.751196 -0.660079 0
    outer loop
      vertex 18.2222 131.278 13
      vertex 18.1273 131.17 18
      vertex 18.1273 131.17 13
    endloop
  endfacet
  facet normal 0.0625514 -0.998042 0
    outer loop
      vertex 18.8564 131.591 13
      vertex 19 131.6 18
      vertex 18.8564 131.591 18
    endloop
  endfacet
  facet normal 0.0625514 -0.998042 0
    outer loop
      vertex 19 131.6 18
      vertex 18.8564 131.591 13
      vertex 19 131.6 13
    endloop
  endfacet
  facet normal 0.980714 0.195447 0
    outer loop
      vertex 17.9375 130.215 18
      vertex 17.9094 130.356 13
      vertex 17.9094 130.356 18
    endloop
  endfacet
  facet normal 0.980714 0.195447 0
    outer loop
      vertex 17.9094 130.356 13
      vertex 17.9375 130.215 18
      vertex 17.9375 130.215 13
    endloop
  endfacet
  facet normal 0.438835 -0.898568 0
    outer loop
      vertex 18.45 131.453 13
      vertex 18.579 131.516 18
      vertex 18.45 131.453 18
    endloop
  endfacet
  facet normal 0.438835 -0.898568 0
    outer loop
      vertex 18.579 131.516 18
      vertex 18.45 131.453 13
      vertex 18.579 131.516 13
    endloop
  endfacet
  facet normal -0.325991 -0.945373 0
    outer loop
      vertex 19.2847 131.563 13
      vertex 19.421 131.516 18
      vertex 19.2847 131.563 18
    endloop
  endfacet
  facet normal -0.325991 -0.945373 -0
    outer loop
      vertex 19.421 131.516 18
      vertex 19.2847 131.563 13
      vertex 19.421 131.516 13
    endloop
  endfacet
  facet normal 0.997876 -0.0651391 0
    outer loop
      vertex 17.9 130.5 18
      vertex 17.9094 130.644 13
      vertex 17.9094 130.644 18
    endloop
  endfacet
  facet normal 0.997876 -0.0651391 0
    outer loop
      vertex 17.9094 130.644 13
      vertex 17.9 130.5 18
      vertex 17.9 130.5 13
    endloop
  endfacet
  facet normal 0.946858 -0.321653 0
    outer loop
      vertex 17.9375 130.785 18
      vertex 17.9837 130.921 13
      vertex 17.9837 130.921 18
    endloop
  endfacet
  facet normal 0.946858 -0.321653 0
    outer loop
      vertex 17.9837 130.921 13
      vertex 17.9375 130.785 18
      vertex 17.9375 130.785 13
    endloop
  endfacet
  facet normal 0.325991 -0.945373 0
    outer loop
      vertex 18.579 131.516 13
      vertex 18.7153 131.563 18
      vertex 18.579 131.516 18
    endloop
  endfacet
  facet normal 0.325991 -0.945373 0
    outer loop
      vertex 18.7153 131.563 18
      vertex 18.579 131.516 13
      vertex 18.7153 131.563 13
    endloop
  endfacet
  facet normal 0.325991 0.945373 -0
    outer loop
      vertex 18.7153 129.437 13
      vertex 18.579 129.484 18
      vertex 18.7153 129.437 18
    endloop
  endfacet
  facet normal 0.325991 0.945373 0
    outer loop
      vertex 18.579 129.484 18
      vertex 18.7153 129.437 13
      vertex 18.579 129.484 13
    endloop
  endfacet
  facet normal 0.438835 0.898568 -0
    outer loop
      vertex 18.579 129.484 13
      vertex 18.45 129.547 18
      vertex 18.579 129.484 18
    endloop
  endfacet
  facet normal 0.438835 0.898568 0
    outer loop
      vertex 18.45 129.547 18
      vertex 18.579 129.484 13
      vertex 18.45 129.547 13
    endloop
  endfacet
  facet normal 0.659782 0.751457 -0
    outer loop
      vertex 18.3304 129.627 13
      vertex 18.2222 129.722 18
      vertex 18.3304 129.627 18
    endloop
  endfacet
  facet normal 0.659782 0.751457 0
    outer loop
      vertex 18.2222 129.722 18
      vertex 18.3304 129.627 13
      vertex 18.2222 129.722 13
    endloop
  endfacet
  facet normal 0.555983 0.831194 -0
    outer loop
      vertex 18.45 129.547 13
      vertex 18.3304 129.627 18
      vertex 18.45 129.547 18
    endloop
  endfacet
  facet normal 0.555983 0.831194 0
    outer loop
      vertex 18.3304 129.627 18
      vertex 18.45 129.547 13
      vertex 18.3304 129.627 13
    endloop
  endfacet
  facet normal 0.89664 0.44276 0
    outer loop
      vertex 18.0474 129.95 18
      vertex 17.9837 130.079 13
      vertex 17.9837 130.079 18
    endloop
  endfacet
  facet normal 0.89664 0.44276 0
    outer loop
      vertex 17.9837 130.079 13
      vertex 18.0474 129.95 18
      vertex 18.0474 129.95 13
    endloop
  endfacet
  facet normal 0 0 1
    outer loop
      vertex 20.0906 130.644 13
      vertex 20.0906 130.356 13
      vertex 20.1 130.5 13
    endloop
  endfacet
  facet normal 0 0 1
    outer loop
      vertex 20.0625 130.785 13
      vertex 20.0906 130.356 13
      vertex 20.0906 130.644 13
    endloop
  endfacet
  facet normal 0 0 1
    outer loop
      vertex 20.0625 130.785 13
      vertex 20.0625 130.215 13
      vertex 20.0906 130.356 13
    endloop
  endfacet
  facet normal 0 0 1
    outer loop
      vertex 20.0163 130.921 13
      vertex 20.0625 130.215 13
      vertex 20.0625 130.785 13
    endloop
  endfacet
  facet normal 0 0 1
    outer loop
      vertex 20.0163 130.921 13
      vertex 20.0163 130.079 13
      vertex 20.0625 130.215 13
    endloop
  endfacet
  facet normal 0 0 1
    outer loop
      vertex 19.9526 131.05 13
      vertex 20.0163 130.079 13
      vertex 20.0163 130.921 13
    endloop
  endfacet
  facet normal 0 0 1
    outer loop
      vertex 19.9526 131.05 13
      vertex 19.9526 129.95 13
      vertex 20.0163 130.079 13
    endloop
  endfacet
  facet normal 0 0 1
    outer loop
      vertex 19.8727 131.17 13
      vertex 19.9526 129.95 13
      vertex 19.9526 131.05 13
    endloop
  endfacet
  facet normal 0 0 1
    outer loop
      vertex 19.8727 131.17 13
      vertex 19.8727 129.83 13
      vertex 19.9526 129.95 13
    endloop
  endfacet
  facet normal 0 0 1
    outer loop
      vertex 19.7778 131.278 13
      vertex 19.8727 129.83 13
      vertex 19.8727 131.17 13
    endloop
  endfacet
  facet normal 0 0 1
    outer loop
      vertex 19.7778 131.278 13
      vertex 19.7778 129.722 13
      vertex 19.8727 129.83 13
    endloop
  endfacet
  facet normal 0 0 1
    outer loop
      vertex 19.6696 131.373 13
      vertex 19.7778 129.722 13
      vertex 19.7778 131.278 13
    endloop
  endfacet
  facet normal 0 0 1
    outer loop
      vertex 19.6696 131.373 13
      vertex 19.6696 129.627 13
      vertex 19.7778 129.722 13
    endloop
  endfacet
  facet normal 0 0 1
    outer loop
      vertex 19.55 131.453 13
      vertex 19.6696 129.627 13
      vertex 19.6696 131.373 13
    endloop
  endfacet
  facet normal 0 0 1
    outer loop
      vertex 19.55 131.453 13
      vertex 19.55 129.547 13
      vertex 19.6696 129.627 13
    endloop
  endfacet
  facet normal 0 0 1
    outer loop
      vertex 19.421 131.516 13
      vertex 19.55 129.547 13
      vertex 19.55 131.453 13
    endloop
  endfacet
  facet normal 0 0 1
    outer loop
      vertex 19.421 131.516 13
      vertex 19.421 129.484 13
      vertex 19.55 129.547 13
    endloop
  endfacet
  facet normal 0 0 1
    outer loop
      vertex 19.2847 131.563 13
      vertex 19.421 129.484 13
      vertex 19.421 131.516 13
    endloop
  endfacet
  facet normal 0 0 1
    outer loop
      vertex 19.2847 131.563 13
      vertex 19.2847 129.437 13
      vertex 19.421 129.484 13
    endloop
  endfacet
  facet normal 0 0 1
    outer loop
      vertex 19.1436 131.591 13
      vertex 19.2847 129.437 13
      vertex 19.2847 131.563 13
    endloop
  endfacet
  facet normal 0 0 1
    outer loop
      vertex 19.1436 131.591 13
      vertex 19.1436 129.409 13
      vertex 19.2847 129.437 13
    endloop
  endfacet
  facet normal 0 0 1
    outer loop
      vertex 19 131.6 13
      vertex 19.1436 129.409 13
      vertex 19.1436 131.591 13
    endloop
  endfacet
  facet normal 0 0 1
    outer loop
      vertex 19 131.6 13
      vertex 19 129.4 13
      vertex 19.1436 129.409 13
    endloop
  endfacet
  facet normal -0 0 1
    outer loop
      vertex 18.8564 131.591 13
      vertex 19 129.4 13
      vertex 19 131.6 13
    endloop
  endfacet
  facet normal 0 0 1
    outer loop
      vertex 18.8564 131.591 13
      vertex 18.8564 129.409 13
      vertex 19 129.4 13
    endloop
  endfacet
  facet normal -0 0 1
    outer loop
      vertex 18.7153 131.563 13
      vertex 18.8564 129.409 13
      vertex 18.8564 131.591 13
    endloop
  endfacet
  facet normal 0 0 1
    outer loop
      vertex 18.7153 131.563 13
      vertex 18.7153 129.437 13
      vertex 18.8564 129.409 13
    endloop
  endfacet
  facet normal -0 0 1
    outer loop
      vertex 18.579 131.516 13
      vertex 18.7153 129.437 13
      vertex 18.7153 131.563 13
    endloop
  endfacet
  facet normal 0 0 1
    outer loop
      vertex 18.579 131.516 13
      vertex 18.579 129.484 13
      vertex 18.7153 129.437 13
    endloop
  endfacet
  facet normal -0 0 1
    outer loop
      vertex 18.45 131.453 13
      vertex 18.579 129.484 13
      vertex 18.579 131.516 13
    endloop
  endfacet
  facet normal 0 0 1
    outer loop
      vertex 18.45 131.453 13
      vertex 18.45 129.547 13
      vertex 18.579 129.484 13
    endloop
  endfacet
  facet normal -0 0 1
    outer loop
      vertex 18.3304 131.373 13
      vertex 18.45 129.547 13
      vertex 18.45 131.453 13
    endloop
  endfacet
  facet normal 0 0 1
    outer loop
      vertex 18.3304 131.373 13
      vertex 18.3304 129.627 13
      vertex 18.45 129.547 13
    endloop
  endfacet
  facet normal -0 0 1
    outer loop
      vertex 18.2222 131.278 13
      vertex 18.3304 129.627 13
      vertex 18.3304 131.373 13
    endloop
  endfacet
  facet normal 0 0 1
    outer loop
      vertex 18.2222 131.278 13
      vertex 18.2222 129.722 13
      vertex 18.3304 129.627 13
    endloop
  endfacet
  facet normal -0 0 1
    outer loop
      vertex 18.1273 131.17 13
      vertex 18.2222 129.722 13
      vertex 18.2222 131.278 13
    endloop
  endfacet
  facet normal 0 0 1
    outer loop
      vertex 18.1273 131.17 13
      vertex 18.1273 129.83 13
      vertex 18.2222 129.722 13
    endloop
  endfacet
  facet normal -0 0 1
    outer loop
      vertex 18.0474 131.05 13
      vertex 18.1273 129.83 13
      vertex 18.1273 131.17 13
    endloop
  endfacet
  facet normal 0 0 1
    outer loop
      vertex 18.0474 131.05 13
      vertex 18.0474 129.95 13
      vertex 18.1273 129.83 13
    endloop
  endfacet
  facet normal -0 0 1
    outer loop
      vertex 17.9837 130.921 13
      vertex 18.0474 129.95 13
      vertex 18.0474 131.05 13
    endloop
  endfacet
  facet normal 0 0 1
    outer loop
      vertex 17.9837 130.921 13
      vertex 17.9837 130.079 13
      vertex 18.0474 129.95 13
    endloop
  endfacet
  facet normal -0 0 1
    outer loop
      vertex 17.9375 130.785 13
      vertex 17.9837 130.079 13
      vertex 17.9837 130.921 13
    endloop
  endfacet
  facet normal 0 0 1
    outer loop
      vertex 17.9375 130.785 13
      vertex 17.9375 130.215 13
      vertex 17.9837 130.079 13
    endloop
  endfacet
  facet normal -0 0 1
    outer loop
      vertex 17.9094 130.644 13
      vertex 17.9375 130.215 13
      vertex 17.9375 130.785 13
    endloop
  endfacet
  facet normal 0 0 1
    outer loop
      vertex 17.9094 130.644 13
      vertex 17.9094 130.356 13
      vertex 17.9375 130.215 13
    endloop
  endfacet
  facet normal 0 -0 1
    outer loop
      vertex 17.9094 130.356 13
      vertex 17.9094 130.644 13
      vertex 17.9 130.5 13
    endloop
  endfacet
  facet normal -0.194645 -0.980874 0
    outer loop
      vertex 19.1436 131.591 13
      vertex 19.2847 131.563 18
      vertex 19.1436 131.591 18
    endloop
  endfacet
  facet normal -0.194645 -0.980874 -0
    outer loop
      vertex 19.2847 131.563 18
      vertex 19.1436 131.591 13
      vertex 19.2847 131.563 13
    endloop
  endfacet
  facet normal -0.323272 0.946306 0
    outer loop
      vertex -84.0025 134.299 169
      vertex -84.1635 134.244 183
      vertex -84.0025 134.299 183
    endloop
  endfacet
  facet normal -0.323272 0.946306 0
    outer loop
      vertex -84.1635 134.244 183
      vertex -84.0025 134.299 169
      vertex -84.1635 134.244 169
    endloop
  endfacet
  facet normal -0.980581 -0.196116 0
    outer loop
      vertex -83.2111 135.67 169
      vertex -83.2443 135.836 183
      vertex -83.2443 135.836 169
    endloop
  endfacet
  facet normal -0.980581 -0.196116 0
    outer loop
      vertex -83.2443 135.836 183
      vertex -83.2111 135.67 169
      vertex -83.2111 135.67 183
    endloop
  endfacet
  facet normal -0.997875 -0.0651554 0
    outer loop
      vertex -83.2 135.5 169
      vertex -83.2111 135.67 183
      vertex -83.2111 135.67 169
    endloop
  endfacet
  facet normal -0.997875 -0.0651554 0
    outer loop
      vertex -83.2111 135.67 183
      vertex -83.2 135.5 169
      vertex -83.2 135.5 183
    endloop
  endfacet
  facet normal -0.946844 -0.321692 0
    outer loop
      vertex -83.2443 135.836 169
      vertex -83.299 135.997 183
      vertex -83.299 135.997 169
    endloop
  endfacet
  facet normal -0.946844 -0.321692 0
    outer loop
      vertex -83.299 135.997 183
      vertex -83.2443 135.836 169
      vertex -83.2443 135.836 183
    endloop
  endfacet
  facet normal -0.323272 -0.946306 0
    outer loop
      vertex -84.1635 136.756 169
      vertex -84.0025 136.701 183
      vertex -84.1635 136.756 183
    endloop
  endfacet
  facet normal -0.323272 -0.946306 -0
    outer loop
      vertex -84.0025 136.701 183
      vertex -84.1635 136.756 169
      vertex -84.0025 136.701 169
    endloop
  endfacet
  facet normal 0.830961 -0.556331 0
    outer loop
      vertex -85.6258 136.15 183
      vertex -85.5314 136.291 169
      vertex -85.5314 136.291 183
    endloop
  endfacet
  facet normal 0.830961 -0.556331 0
    outer loop
      vertex -85.5314 136.291 169
      vertex -85.6258 136.15 183
      vertex -85.6258 136.15 169
    endloop
  endfacet
  facet normal 0.897457 -0.441103 0
    outer loop
      vertex -85.701 135.997 183
      vertex -85.6258 136.15 169
      vertex -85.6258 136.15 183
    endloop
  endfacet
  facet normal 0.897457 -0.441103 0
    outer loop
      vertex -85.6258 136.15 169
      vertex -85.701 135.997 183
      vertex -85.701 135.997 169
    endloop
  endfacet
  facet normal -0.830961 -0.556331 0
    outer loop
      vertex -83.3742 136.15 169
      vertex -83.4686 136.291 183
      vertex -83.4686 136.291 169
    endloop
  endfacet
  facet normal -0.830961 -0.556331 0
    outer loop
      vertex -83.4686 136.291 183
      vertex -83.3742 136.15 169
      vertex -83.3742 136.15 183
    endloop
  endfacet
  facet normal -0.897457 -0.441103 0
    outer loop
      vertex -83.299 135.997 169
      vertex -83.3742 136.15 183
      vertex -83.3742 136.15 169
    endloop
  endfacet
  facet normal -0.897457 -0.441103 0
    outer loop
      vertex -83.3742 136.15 183
      vertex -83.299 135.997 169
      vertex -83.299 135.997 183
    endloop
  endfacet
  facet normal 0.44132 0.89735 -0
    outer loop
      vertex -84.9975 134.299 169
      vertex -85.15 134.374 183
      vertex -84.9975 134.299 183
    endloop
  endfacet
  facet normal 0.44132 0.89735 0
    outer loop
      vertex -85.15 134.374 183
      vertex -84.9975 134.299 169
      vertex -85.15 134.374 169
    endloop
  endfacet
  facet normal 0.946844 -0.321692 0
    outer loop
      vertex -85.7557 135.836 183
      vertex -85.701 135.997 169
      vertex -85.701 135.997 183
    endloop
  endfacet
  facet normal 0.946844 -0.321692 0
    outer loop
      vertex -85.701 135.997 169
      vertex -85.7557 135.836 183
      vertex -85.7557 135.836 169
    endloop
  endfacet
  facet normal 0.751994 -0.65917 0
    outer loop
      vertex -85.5314 136.291 183
      vertex -85.4192 136.419 169
      vertex -85.4192 136.419 183
    endloop
  endfacet
  facet normal 0.751994 -0.65917 0
    outer loop
      vertex -85.4192 136.419 169
      vertex -85.5314 136.291 183
      vertex -85.5314 136.291 169
    endloop
  endfacet
  facet normal -0.946844 0.321692 0
    outer loop
      vertex -83.299 135.003 169
      vertex -83.2443 135.164 183
      vertex -83.2443 135.164 169
    endloop
  endfacet
  facet normal -0.946844 0.321692 0
    outer loop
      vertex -83.2443 135.164 183
      vertex -83.299 135.003 169
      vertex -83.299 135.003 183
    endloop
  endfacet
  facet normal -0.659088 -0.752066 0
    outer loop
      vertex -83.7086 136.531 169
      vertex -83.5808 136.419 183
      vertex -83.7086 136.531 183
    endloop
  endfacet
  facet normal -0.659088 -0.752066 -0
    outer loop
      vertex -83.5808 136.419 183
      vertex -83.7086 136.531 169
      vertex -83.5808 136.419 169
    endloop
  endfacet
  facet normal -0.44132 0.89735 0
    outer loop
      vertex -83.85 134.374 169
      vertex -84.0025 134.299 183
      vertex -83.85 134.374 183
    endloop
  endfacet
  facet normal -0.44132 0.89735 0
    outer loop
      vertex -84.0025 134.299 183
      vertex -83.85 134.374 169
      vertex -84.0025 134.299 169
    endloop
  endfacet
  facet normal 0.44132 -0.89735 0
    outer loop
      vertex -85.15 136.626 169
      vertex -84.9975 136.701 183
      vertex -85.15 136.626 183
    endloop
  endfacet
  facet normal 0.44132 -0.89735 0
    outer loop
      vertex -84.9975 136.701 183
      vertex -85.15 136.626 169
      vertex -84.9975 136.701 169
    endloop
  endfacet
  facet normal -0.830961 0.556331 0
    outer loop
      vertex -83.4686 134.709 169
      vertex -83.3742 134.85 183
      vertex -83.3742 134.85 169
    endloop
  endfacet
  facet normal -0.830961 0.556331 0
    outer loop
      vertex -83.3742 134.85 183
      vertex -83.4686 134.709 169
      vertex -83.4686 134.709 183
    endloop
  endfacet
  facet normal 0.323272 0.946306 -0
    outer loop
      vertex -84.8365 134.244 169
      vertex -84.9975 134.299 183
      vertex -84.8365 134.244 183
    endloop
  endfacet
  facet normal 0.323272 0.946306 0
    outer loop
      vertex -84.9975 134.299 183
      vertex -84.8365 134.244 169
      vertex -84.9975 134.299 169
    endloop
  endfacet
  facet normal -0.19408 0.980986 0
    outer loop
      vertex -84.1635 134.244 169
      vertex -84.3303 134.211 183
      vertex -84.1635 134.244 183
    endloop
  endfacet
  facet normal -0.19408 0.980986 0
    outer loop
      vertex -84.3303 134.211 183
      vertex -84.1635 134.244 169
      vertex -84.3303 134.211 169
    endloop
  endfacet
  facet normal -0.0646845 -0.997906 0
    outer loop
      vertex -84.5 136.8 169
      vertex -84.3303 136.789 183
      vertex -84.5 136.8 183
    endloop
  endfacet
  facet normal -0.0646845 -0.997906 -0
    outer loop
      vertex -84.3303 136.789 183
      vertex -84.5 136.8 169
      vertex -84.3303 136.789 169
    endloop
  endfacet
  facet normal -0.980581 0.196116 0
    outer loop
      vertex -83.2443 135.164 169
      vertex -83.2111 135.33 183
      vertex -83.2111 135.33 169
    endloop
  endfacet
  facet normal -0.980581 0.196116 0
    outer loop
      vertex -83.2111 135.33 183
      vertex -83.2443 135.164 169
      vertex -83.2443 135.164 183
    endloop
  endfacet
  facet normal 0.659088 0.752066 -0
    outer loop
      vertex -85.2914 134.469 169
      vertex -85.4192 134.581 183
      vertex -85.2914 134.469 183
    endloop
  endfacet
  facet normal 0.659088 0.752066 0
    outer loop
      vertex -85.4192 134.581 183
      vertex -85.2914 134.469 169
      vertex -85.4192 134.581 169
    endloop
  endfacet
  facet normal -0.557677 0.830058 0
    outer loop
      vertex -83.7086 134.469 169
      vertex -83.85 134.374 183
      vertex -83.7086 134.469 183
    endloop
  endfacet
  facet normal -0.557677 0.830058 0
    outer loop
      vertex -83.85 134.374 183
      vertex -83.7086 134.469 169
      vertex -83.85 134.374 169
    endloop
  endfacet
  facet normal -0.557677 -0.830058 0
    outer loop
      vertex -83.85 136.626 169
      vertex -83.7086 136.531 183
      vertex -83.85 136.626 183
    endloop
  endfacet
  facet normal -0.557677 -0.830058 -0
    outer loop
      vertex -83.7086 136.531 183
      vertex -83.85 136.626 169
      vertex -83.7086 136.531 169
    endloop
  endfacet
  facet normal -0.897457 0.441103 0
    outer loop
      vertex -83.3742 134.85 169
      vertex -83.299 135.003 183
      vertex -83.299 135.003 169
    endloop
  endfacet
  facet normal -0.897457 0.441103 0
    outer loop
      vertex -83.299 135.003 183
      vertex -83.3742 134.85 169
      vertex -83.3742 134.85 183
    endloop
  endfacet
  facet normal 0.557677 -0.830058 0
    outer loop
      vertex -85.2914 136.531 169
      vertex -85.15 136.626 183
      vertex -85.2914 136.531 183
    endloop
  endfacet
  facet normal 0.557677 -0.830058 0
    outer loop
      vertex -85.15 136.626 183
      vertex -85.2914 136.531 169
      vertex -85.15 136.626 169
    endloop
  endfacet
  facet normal -0.751994 0.65917 0
    outer loop
      vertex -83.5808 134.581 169
      vertex -83.4686 134.709 183
      vertex -83.4686 134.709 169
    endloop
  endfacet
  facet normal -0.751994 0.65917 0
    outer loop
      vertex -83.4686 134.709 183
      vertex -83.5808 134.581 169
      vertex -83.5808 134.581 183
    endloop
  endfacet
  facet normal -0.19408 -0.980986 0
    outer loop
      vertex -84.3303 136.789 169
      vertex -84.1635 136.756 183
      vertex -84.3303 136.789 183
    endloop
  endfacet
  facet normal -0.19408 -0.980986 -0
    outer loop
      vertex -84.1635 136.756 183
      vertex -84.3303 136.789 169
      vertex -84.1635 136.756 169
    endloop
  endfacet
  facet normal 0.997875 -0.0651554 0
    outer loop
      vertex -85.8 135.5 183
      vertex -85.7889 135.67 169
      vertex -85.7889 135.67 183
    endloop
  endfacet
  facet normal 0.997875 -0.0651554 0
    outer loop
      vertex -85.7889 135.67 169
      vertex -85.8 135.5 183
      vertex -85.8 135.5 169
    endloop
  endfacet
  facet normal 0.659088 -0.752066 0
    outer loop
      vertex -85.4192 136.419 169
      vertex -85.2914 136.531 183
      vertex -85.4192 136.419 183
    endloop
  endfacet
  facet normal 0.659088 -0.752066 0
    outer loop
      vertex -85.2914 136.531 183
      vertex -85.4192 136.419 169
      vertex -85.2914 136.531 169
    endloop
  endfacet
  facet normal 0.323272 -0.946306 0
    outer loop
      vertex -84.9975 136.701 169
      vertex -84.8365 136.756 183
      vertex -84.9975 136.701 183
    endloop
  endfacet
  facet normal 0.323272 -0.946306 0
    outer loop
      vertex -84.8365 136.756 183
      vertex -84.9975 136.701 169
      vertex -84.8365 136.756 169
    endloop
  endfacet
  facet normal -0.997875 0.0651554 0
    outer loop
      vertex -83.2111 135.33 169
      vertex -83.2 135.5 183
      vertex -83.2 135.5 169
    endloop
  endfacet
  facet normal -0.997875 0.0651554 0
    outer loop
      vertex -83.2 135.5 183
      vertex -83.2111 135.33 169
      vertex -83.2111 135.33 183
    endloop
  endfacet
  facet normal 0.980581 0.196116 0
    outer loop
      vertex -85.7557 135.164 183
      vertex -85.7889 135.33 169
      vertex -85.7889 135.33 183
    endloop
  endfacet
  facet normal 0.980581 0.196116 0
    outer loop
      vertex -85.7889 135.33 169
      vertex -85.7557 135.164 183
      vertex -85.7557 135.164 169
    endloop
  endfacet
  facet normal -0.0646845 0.997906 0
    outer loop
      vertex -84.3303 134.211 169
      vertex -84.5 134.2 183
      vertex -84.3303 134.211 183
    endloop
  endfacet
  facet normal -0.0646845 0.997906 0
    outer loop
      vertex -84.5 134.2 183
      vertex -84.3303 134.211 169
      vertex -84.5 134.2 169
    endloop
  endfacet
  facet normal 0.897457 0.441103 0
    outer loop
      vertex -85.6258 134.85 183
      vertex -85.701 135.003 169
      vertex -85.701 135.003 183
    endloop
  endfacet
  facet normal 0.897457 0.441103 0
    outer loop
      vertex -85.701 135.003 169
      vertex -85.6258 134.85 183
      vertex -85.6258 134.85 169
    endloop
  endfacet
  facet normal 0.830961 0.556331 0
    outer loop
      vertex -85.5314 134.709 183
      vertex -85.6258 134.85 169
      vertex -85.6258 134.85 183
    endloop
  endfacet
  facet normal 0.830961 0.556331 0
    outer loop
      vertex -85.6258 134.85 169
      vertex -85.5314 134.709 183
      vertex -85.5314 134.709 169
    endloop
  endfacet
  facet normal 0.0646845 -0.997906 0
    outer loop
      vertex -84.6697 136.789 169
      vertex -84.5 136.8 183
      vertex -84.6697 136.789 183
    endloop
  endfacet
  facet normal 0.0646845 -0.997906 0
    outer loop
      vertex -84.5 136.8 183
      vertex -84.6697 136.789 169
      vertex -84.5 136.8 169
    endloop
  endfacet
  facet normal 0.751994 0.65917 0
    outer loop
      vertex -85.4192 134.581 183
      vertex -85.5314 134.709 169
      vertex -85.5314 134.709 183
    endloop
  endfacet
  facet normal 0.751994 0.65917 0
    outer loop
      vertex -85.5314 134.709 169
      vertex -85.4192 134.581 183
      vertex -85.4192 134.581 169
    endloop
  endfacet
  facet normal -0.44132 -0.89735 0
    outer loop
      vertex -84.0025 136.701 169
      vertex -83.85 136.626 183
      vertex -84.0025 136.701 183
    endloop
  endfacet
  facet normal -0.44132 -0.89735 -0
    outer loop
      vertex -83.85 136.626 183
      vertex -84.0025 136.701 169
      vertex -83.85 136.626 169
    endloop
  endfacet
  facet normal 0.946844 0.321692 0
    outer loop
      vertex -85.701 135.003 183
      vertex -85.7557 135.164 169
      vertex -85.7557 135.164 183
    endloop
  endfacet
  facet normal 0.946844 0.321692 0
    outer loop
      vertex -85.7557 135.164 169
      vertex -85.701 135.003 183
      vertex -85.701 135.003 169
    endloop
  endfacet
  facet normal 0.19408 -0.980986 0
    outer loop
      vertex -84.8365 136.756 169
      vertex -84.6697 136.789 183
      vertex -84.8365 136.756 183
    endloop
  endfacet
  facet normal 0.19408 -0.980986 0
    outer loop
      vertex -84.6697 136.789 183
      vertex -84.8365 136.756 169
      vertex -84.6697 136.789 169
    endloop
  endfacet
  facet normal 0.997875 0.0651554 0
    outer loop
      vertex -85.7889 135.33 183
      vertex -85.8 135.5 169
      vertex -85.8 135.5 183
    endloop
  endfacet
  facet normal 0.997875 0.0651554 0
    outer loop
      vertex -85.8 135.5 169
      vertex -85.7889 135.33 183
      vertex -85.7889 135.33 169
    endloop
  endfacet
  facet normal 0.19408 0.980986 -0
    outer loop
      vertex -84.6697 134.211 169
      vertex -84.8365 134.244 183
      vertex -84.6697 134.211 183
    endloop
  endfacet
  facet normal 0.19408 0.980986 0
    outer loop
      vertex -84.8365 134.244 183
      vertex -84.6697 134.211 169
      vertex -84.8365 134.244 169
    endloop
  endfacet
  facet normal -0.751994 -0.65917 0
    outer loop
      vertex -83.4686 136.291 169
      vertex -83.5808 136.419 183
      vertex -83.5808 136.419 169
    endloop
  endfacet
  facet normal -0.751994 -0.65917 0
    outer loop
      vertex -83.5808 136.419 183
      vertex -83.4686 136.291 169
      vertex -83.4686 136.291 183
    endloop
  endfacet
  facet normal 0.557677 0.830058 -0
    outer loop
      vertex -85.15 134.374 169
      vertex -85.2914 134.469 183
      vertex -85.15 134.374 183
    endloop
  endfacet
  facet normal 0.557677 0.830058 0
    outer loop
      vertex -85.2914 134.469 183
      vertex -85.15 134.374 169
      vertex -85.2914 134.469 169
    endloop
  endfacet
  facet normal 0.980581 -0.196116 0
    outer loop
      vertex -85.7889 135.67 183
      vertex -85.7557 135.836 169
      vertex -85.7557 135.836 183
    endloop
  endfacet
  facet normal 0.980581 -0.196116 0
    outer loop
      vertex -85.7557 135.836 169
      vertex -85.7889 135.67 183
      vertex -85.7889 135.67 169
    endloop
  endfacet
  facet normal 0 0 1
    outer loop
      vertex -83.2111 135.67 169
      vertex -83.2111 135.33 169
      vertex -83.2 135.5 169
    endloop
  endfacet
  facet normal 0 0 1
    outer loop
      vertex -83.2443 135.836 169
      vertex -83.2111 135.33 169
      vertex -83.2111 135.67 169
    endloop
  endfacet
  facet normal 0 0 1
    outer loop
      vertex -83.2443 135.836 169
      vertex -83.2443 135.164 169
      vertex -83.2111 135.33 169
    endloop
  endfacet
  facet normal 0 0 1
    outer loop
      vertex -83.299 135.997 169
      vertex -83.2443 135.164 169
      vertex -83.2443 135.836 169
    endloop
  endfacet
  facet normal 0 0 1
    outer loop
      vertex -83.299 135.997 169
      vertex -83.299 135.003 169
      vertex -83.2443 135.164 169
    endloop
  endfacet
  facet normal 0 0 1
    outer loop
      vertex -83.3742 136.15 169
      vertex -83.299 135.003 169
      vertex -83.299 135.997 169
    endloop
  endfacet
  facet normal 0 0 1
    outer loop
      vertex -83.3742 136.15 169
      vertex -83.3742 134.85 169
      vertex -83.299 135.003 169
    endloop
  endfacet
  facet normal 0 0 1
    outer loop
      vertex -83.4686 136.291 169
      vertex -83.3742 134.85 169
      vertex -83.3742 136.15 169
    endloop
  endfacet
  facet normal 0 0 1
    outer loop
      vertex -83.4686 136.291 169
      vertex -83.4686 134.709 169
      vertex -83.3742 134.85 169
    endloop
  endfacet
  facet normal 0 0 1
    outer loop
      vertex -83.5808 136.419 169
      vertex -83.4686 134.709 169
      vertex -83.4686 136.291 169
    endloop
  endfacet
  facet normal 0 0 1
    outer loop
      vertex -83.5808 136.419 169
      vertex -83.5808 134.581 169
      vertex -83.4686 134.709 169
    endloop
  endfacet
  facet normal 0 0 1
    outer loop
      vertex -83.7086 136.531 169
      vertex -83.5808 134.581 169
      vertex -83.5808 136.419 169
    endloop
  endfacet
  facet normal 0 0 1
    outer loop
      vertex -83.7086 136.531 169
      vertex -83.7086 134.469 169
      vertex -83.5808 134.581 169
    endloop
  endfacet
  facet normal 0 0 1
    outer loop
      vertex -83.85 136.626 169
      vertex -83.7086 134.469 169
      vertex -83.7086 136.531 169
    endloop
  endfacet
  facet normal 0 0 1
    outer loop
      vertex -83.85 136.626 169
      vertex -83.85 134.374 169
      vertex -83.7086 134.469 169
    endloop
  endfacet
  facet normal 0 0 1
    outer loop
      vertex -84.0025 136.701 169
      vertex -83.85 134.374 169
      vertex -83.85 136.626 169
    endloop
  endfacet
  facet normal 0 0 1
    outer loop
      vertex -84.0025 136.701 169
      vertex -84.0025 134.299 169
      vertex -83.85 134.374 169
    endloop
  endfacet
  facet normal 0 0 1
    outer loop
      vertex -84.1635 136.756 169
      vertex -84.0025 134.299 169
      vertex -84.0025 136.701 169
    endloop
  endfacet
  facet normal 0 0 1
    outer loop
      vertex -84.1635 136.756 169
      vertex -84.1635 134.244 169
      vertex -84.0025 134.299 169
    endloop
  endfacet
  facet normal 0 0 1
    outer loop
      vertex -84.3303 136.789 169
      vertex -84.1635 134.244 169
      vertex -84.1635 136.756 169
    endloop
  endfacet
  facet normal 0 0 1
    outer loop
      vertex -84.3303 136.789 169
      vertex -84.3303 134.211 169
      vertex -84.1635 134.244 169
    endloop
  endfacet
  facet normal 0 0 1
    outer loop
      vertex -84.5 136.8 169
      vertex -84.3303 134.211 169
      vertex -84.3303 136.789 169
    endloop
  endfacet
  facet normal 0 0 1
    outer loop
      vertex -84.5 136.8 169
      vertex -84.5 134.2 169
      vertex -84.3303 134.211 169
    endloop
  endfacet
  facet normal -0 0 1
    outer loop
      vertex -84.6697 136.789 169
      vertex -84.5 134.2 169
      vertex -84.5 136.8 169
    endloop
  endfacet
  facet normal 0 0 1
    outer loop
      vertex -84.6697 136.789 169
      vertex -84.6697 134.211 169
      vertex -84.5 134.2 169
    endloop
  endfacet
  facet normal -0 0 1
    outer loop
      vertex -84.8365 136.756 169
      vertex -84.6697 134.211 169
      vertex -84.6697 136.789 169
    endloop
  endfacet
  facet normal 0 0 1
    outer loop
      vertex -84.8365 136.756 169
      vertex -84.8365 134.244 169
      vertex -84.6697 134.211 169
    endloop
  endfacet
  facet normal -0 0 1
    outer loop
      vertex -84.9975 136.701 169
      vertex -84.8365 134.244 169
      vertex -84.8365 136.756 169
    endloop
  endfacet
  facet normal 0 0 1
    outer loop
      vertex -84.9975 136.701 169
      vertex -84.9975 134.299 169
      vertex -84.8365 134.244 169
    endloop
  endfacet
  facet normal -0 0 1
    outer loop
      vertex -85.15 136.626 169
      vertex -84.9975 134.299 169
      vertex -84.9975 136.701 169
    endloop
  endfacet
  facet normal 0 0 1
    outer loop
      vertex -85.15 136.626 169
      vertex -85.15 134.374 169
      vertex -84.9975 134.299 169
    endloop
  endfacet
  facet normal -0 0 1
    outer loop
      vertex -85.2914 136.531 169
      vertex -85.15 134.374 169
      vertex -85.15 136.626 169
    endloop
  endfacet
  facet normal 0 0 1
    outer loop
      vertex -85.2914 136.531 169
      vertex -85.2914 134.469 169
      vertex -85.15 134.374 169
    endloop
  endfacet
  facet normal -0 0 1
    outer loop
      vertex -85.4192 136.419 169
      vertex -85.2914 134.469 169
      vertex -85.2914 136.531 169
    endloop
  endfacet
  facet normal 0 0 1
    outer loop
      vertex -85.4192 136.419 169
      vertex -85.4192 134.581 169
      vertex -85.2914 134.469 169
    endloop
  endfacet
  facet normal -0 0 1
    outer loop
      vertex -85.5314 136.291 169
      vertex -85.4192 134.581 169
      vertex -85.4192 136.419 169
    endloop
  endfacet
  facet normal 0 0 1
    outer loop
      vertex -85.5314 136.291 169
      vertex -85.5314 134.709 169
      vertex -85.4192 134.581 169
    endloop
  endfacet
  facet normal -0 0 1
    outer loop
      vertex -85.6258 136.15 169
      vertex -85.5314 134.709 169
      vertex -85.5314 136.291 169
    endloop
  endfacet
  facet normal 0 0 1
    outer loop
      vertex -85.6258 136.15 169
      vertex -85.6258 134.85 169
      vertex -85.5314 134.709 169
    endloop
  endfacet
  facet normal -0 0 1
    outer loop
      vertex -85.701 135.997 169
      vertex -85.6258 134.85 169
      vertex -85.6258 136.15 169
    endloop
  endfacet
  facet normal 0 0 1
    outer loop
      vertex -85.701 135.997 169
      vertex -85.701 135.003 169
      vertex -85.6258 134.85 169
    endloop
  endfacet
  facet normal -0 0 1
    outer loop
      vertex -85.7557 135.836 169
      vertex -85.701 135.003 169
      vertex -85.701 135.997 169
    endloop
  endfacet
  facet normal 0 0 1
    outer loop
      vertex -85.7557 135.836 169
      vertex -85.7557 135.164 169
      vertex -85.701 135.003 169
    endloop
  endfacet
  facet normal -0 0 1
    outer loop
      vertex -85.7889 135.67 169
      vertex -85.7557 135.164 169
      vertex -85.7557 135.836 169
    endloop
  endfacet
  facet normal 0 0 1
    outer loop
      vertex -85.7889 135.67 169
      vertex -85.7889 135.33 169
      vertex -85.7557 135.164 169
    endloop
  endfacet
  facet normal 0 -0 1
    outer loop
      vertex -85.7889 135.33 169
      vertex -85.7889 135.67 169
      vertex -85.8 135.5 169
    endloop
  endfacet
  facet normal 0.0646845 0.997906 -0
    outer loop
      vertex -84.5 134.2 169
      vertex -84.6697 134.211 183
      vertex -84.5 134.2 183
    endloop
  endfacet
  facet normal 0.0646845 0.997906 0
    outer loop
      vertex -84.6697 134.211 183
      vertex -84.5 134.2 169
      vertex -84.6697 134.211 169
    endloop
  endfacet
  facet normal -0.659088 0.752066 0
    outer loop
      vertex -83.5808 134.581 169
      vertex -83.7086 134.469 183
      vertex -83.5808 134.581 183
    endloop
  endfacet
  facet normal -0.659088 0.752066 0
    outer loop
      vertex -83.7086 134.469 183
      vertex -83.5808 134.581 169
      vertex -83.7086 134.469 169
    endloop
  endfacet
  facet normal -0.323272 0.946306 0
    outer loop
      vertex 84.9975 134.299 169
      vertex 84.8365 134.244 183
      vertex 84.9975 134.299 183
    endloop
  endfacet
  facet normal -0.323272 0.946306 0
    outer loop
      vertex 84.8365 134.244 183
      vertex 84.9975 134.299 169
      vertex 84.8365 134.244 169
    endloop
  endfacet
  facet normal -0.980581 -0.196116 0
    outer loop
      vertex 85.7889 135.67 169
      vertex 85.7557 135.836 183
      vertex 85.7557 135.836 169
    endloop
  endfacet
  facet normal -0.980581 -0.196116 0
    outer loop
      vertex 85.7557 135.836 183
      vertex 85.7889 135.67 169
      vertex 85.7889 135.67 183
    endloop
  endfacet
  facet normal -0.997875 -0.0651554 0
    outer loop
      vertex 85.8 135.5 169
      vertex 85.7889 135.67 183
      vertex 85.7889 135.67 169
    endloop
  endfacet
  facet normal -0.997875 -0.0651554 0
    outer loop
      vertex 85.7889 135.67 183
      vertex 85.8 135.5 169
      vertex 85.8 135.5 183
    endloop
  endfacet
  facet normal -0.946844 -0.321692 0
    outer loop
      vertex 85.7557 135.836 169
      vertex 85.701 135.997 183
      vertex 85.701 135.997 169
    endloop
  endfacet
  facet normal -0.946844 -0.321692 0
    outer loop
      vertex 85.701 135.997 183
      vertex 85.7557 135.836 169
      vertex 85.7557 135.836 183
    endloop
  endfacet
  facet normal -0.323272 -0.946306 0
    outer loop
      vertex 84.8365 136.756 169
      vertex 84.9975 136.701 183
      vertex 84.8365 136.756 183
    endloop
  endfacet
  facet normal -0.323272 -0.946306 -0
    outer loop
      vertex 84.9975 136.701 183
      vertex 84.8365 136.756 169
      vertex 84.9975 136.701 169
    endloop
  endfacet
  facet normal 0.897457 -0.441103 0
    outer loop
      vertex 83.299 135.997 183
      vertex 83.3742 136.15 169
      vertex 83.3742 136.15 183
    endloop
  endfacet
  facet normal 0.897457 -0.441103 0
    outer loop
      vertex 83.3742 136.15 169
      vertex 83.299 135.997 183
      vertex 83.299 135.997 169
    endloop
  endfacet
  facet normal 0.751994 0.65917 0
    outer loop
      vertex 83.5808 134.581 183
      vertex 83.4686 134.709 169
      vertex 83.4686 134.709 183
    endloop
  endfacet
  facet normal 0.751994 0.65917 0
    outer loop
      vertex 83.4686 134.709 169
      vertex 83.5808 134.581 183
      vertex 83.5808 134.581 169
    endloop
  endfacet
  facet normal -0.830961 -0.556331 0
    outer loop
      vertex 85.6258 136.15 169
      vertex 85.5314 136.291 183
      vertex 85.5314 136.291 169
    endloop
  endfacet
  facet normal -0.830961 -0.556331 0
    outer loop
      vertex 85.5314 136.291 183
      vertex 85.6258 136.15 169
      vertex 85.6258 136.15 183
    endloop
  endfacet
  facet normal -0.897457 -0.441103 0
    outer loop
      vertex 85.701 135.997 169
      vertex 85.6258 136.15 183
      vertex 85.6258 136.15 169
    endloop
  endfacet
  facet normal -0.897457 -0.441103 0
    outer loop
      vertex 85.6258 136.15 183
      vertex 85.701 135.997 169
      vertex 85.701 135.997 183
    endloop
  endfacet
  facet normal 0.659088 0.752066 -0
    outer loop
      vertex 83.7086 134.469 169
      vertex 83.5808 134.581 183
      vertex 83.7086 134.469 183
    endloop
  endfacet
  facet normal 0.659088 0.752066 0
    outer loop
      vertex 83.5808 134.581 183
      vertex 83.7086 134.469 169
      vertex 83.5808 134.581 169
    endloop
  endfacet
  facet normal 0.751994 -0.65917 0
    outer loop
      vertex 83.4686 136.291 183
      vertex 83.5808 136.419 169
      vertex 83.5808 136.419 183
    endloop
  endfacet
  facet normal 0.751994 -0.65917 0
    outer loop
      vertex 83.5808 136.419 169
      vertex 83.4686 136.291 183
      vertex 83.4686 136.291 169
    endloop
  endfacet
  facet normal 0.830961 -0.556331 0
    outer loop
      vertex 83.3742 136.15 183
      vertex 83.4686 136.291 169
      vertex 83.4686 136.291 183
    endloop
  endfacet
  facet normal 0.830961 -0.556331 0
    outer loop
      vertex 83.4686 136.291 169
      vertex 83.3742 136.15 183
      vertex 83.3742 136.15 169
    endloop
  endfacet
  facet normal 0.19408 -0.980986 0
    outer loop
      vertex 84.1635 136.756 169
      vertex 84.3303 136.789 183
      vertex 84.1635 136.756 183
    endloop
  endfacet
  facet normal 0.19408 -0.980986 0
    outer loop
      vertex 84.3303 136.789 183
      vertex 84.1635 136.756 169
      vertex 84.3303 136.789 169
    endloop
  endfacet
  facet normal -0.44132 0.89735 0
    outer loop
      vertex 85.15 134.374 169
      vertex 84.9975 134.299 183
      vertex 85.15 134.374 183
    endloop
  endfacet
  facet normal -0.44132 0.89735 0
    outer loop
      vertex 84.9975 134.299 183
      vertex 85.15 134.374 169
      vertex 84.9975 134.299 169
    endloop
  endfacet
  facet normal 0.946844 -0.321692 0
    outer loop
      vertex 83.2443 135.836 183
      vertex 83.299 135.997 169
      vertex 83.299 135.997 183
    endloop
  endfacet
  facet normal 0.946844 -0.321692 0
    outer loop
      vertex 83.299 135.997 169
      vertex 83.2443 135.836 183
      vertex 83.2443 135.836 169
    endloop
  endfacet
  facet normal 0.44132 -0.89735 0
    outer loop
      vertex 83.85 136.626 169
      vertex 84.0025 136.701 183
      vertex 83.85 136.626 183
    endloop
  endfacet
  facet normal 0.44132 -0.89735 0
    outer loop
      vertex 84.0025 136.701 183
      vertex 83.85 136.626 169
      vertex 84.0025 136.701 169
    endloop
  endfacet
  facet normal 0.323272 0.946306 -0
    outer loop
      vertex 84.1635 134.244 169
      vertex 84.0025 134.299 183
      vertex 84.1635 134.244 183
    endloop
  endfacet
  facet normal 0.323272 0.946306 0
    outer loop
      vertex 84.0025 134.299 183
      vertex 84.1635 134.244 169
      vertex 84.0025 134.299 169
    endloop
  endfacet
  facet normal -0.830961 0.556331 0
    outer loop
      vertex 85.5314 134.709 169
      vertex 85.6258 134.85 183
      vertex 85.6258 134.85 169
    endloop
  endfacet
  facet normal -0.830961 0.556331 0
    outer loop
      vertex 85.6258 134.85 183
      vertex 85.5314 134.709 169
      vertex 85.5314 134.709 183
    endloop
  endfacet
  facet normal -0.19408 0.980986 0
    outer loop
      vertex 84.8365 134.244 169
      vertex 84.6697 134.211 183
      vertex 84.8365 134.244 183
    endloop
  endfacet
  facet normal -0.19408 0.980986 0
    outer loop
      vertex 84.6697 134.211 183
      vertex 84.8365 134.244 169
      vertex 84.6697 134.211 169
    endloop
  endfacet
  facet normal -0.0646845 -0.997906 0
    outer loop
      vertex 84.5 136.8 169
      vertex 84.6697 136.789 183
      vertex 84.5 136.8 183
    endloop
  endfacet
  facet normal -0.0646845 -0.997906 -0
    outer loop
      vertex 84.6697 136.789 183
      vertex 84.5 136.8 169
      vertex 84.6697 136.789 169
    endloop
  endfacet
  facet normal -0.980581 0.196116 0
    outer loop
      vertex 85.7557 135.164 169
      vertex 85.7889 135.33 183
      vertex 85.7889 135.33 169
    endloop
  endfacet
  facet normal -0.980581 0.196116 0
    outer loop
      vertex 85.7889 135.33 183
      vertex 85.7557 135.164 169
      vertex 85.7557 135.164 183
    endloop
  endfacet
  facet normal -0.557677 0.830058 0
    outer loop
      vertex 85.2914 134.469 169
      vertex 85.15 134.374 183
      vertex 85.2914 134.469 183
    endloop
  endfacet
  facet normal -0.557677 0.830058 0
    outer loop
      vertex 85.15 134.374 183
      vertex 85.2914 134.469 169
      vertex 85.15 134.374 169
    endloop
  endfacet
  facet normal -0.557677 -0.830058 0
    outer loop
      vertex 85.15 136.626 169
      vertex 85.2914 136.531 183
      vertex 85.15 136.626 183
    endloop
  endfacet
  facet normal -0.557677 -0.830058 -0
    outer loop
      vertex 85.2914 136.531 183
      vertex 85.15 136.626 169
      vertex 85.2914 136.531 169
    endloop
  endfacet
  facet normal -0.897457 0.441103 0
    outer loop
      vertex 85.6258 134.85 169
      vertex 85.701 135.003 183
      vertex 85.701 135.003 169
    endloop
  endfacet
  facet normal -0.897457 0.441103 0
    outer loop
      vertex 85.701 135.003 183
      vertex 85.6258 134.85 169
      vertex 85.6258 134.85 183
    endloop
  endfacet
  facet normal 0.557677 -0.830058 0
    outer loop
      vertex 83.7086 136.531 169
      vertex 83.85 136.626 183
      vertex 83.7086 136.531 183
    endloop
  endfacet
  facet normal 0.557677 -0.830058 0
    outer loop
      vertex 83.85 136.626 183
      vertex 83.7086 136.531 169
      vertex 83.85 136.626 169
    endloop
  endfacet
  facet normal -0.751994 0.65917 0
    outer loop
      vertex 85.4192 134.581 169
      vertex 85.5314 134.709 183
      vertex 85.5314 134.709 169
    endloop
  endfacet
  facet normal -0.751994 0.65917 0
    outer loop
      vertex 85.5314 134.709 183
      vertex 85.4192 134.581 169
      vertex 85.4192 134.581 183
    endloop
  endfacet
  facet normal -0.19408 -0.980986 0
    outer loop
      vertex 84.6697 136.789 169
      vertex 84.8365 136.756 183
      vertex 84.6697 136.789 183
    endloop
  endfacet
  facet normal -0.19408 -0.980986 -0
    outer loop
      vertex 84.8365 136.756 183
      vertex 84.6697 136.789 169
      vertex 84.8365 136.756 169
    endloop
  endfacet
  facet normal 0.659088 -0.752066 0
    outer loop
      vertex 83.5808 136.419 169
      vertex 83.7086 136.531 183
      vertex 83.5808 136.419 183
    endloop
  endfacet
  facet normal 0.659088 -0.752066 0
    outer loop
      vertex 83.7086 136.531 183
      vertex 83.5808 136.419 169
      vertex 83.7086 136.531 169
    endloop
  endfacet
  facet normal 0.323272 -0.946306 0
    outer loop
      vertex 84.0025 136.701 169
      vertex 84.1635 136.756 183
      vertex 84.0025 136.701 183
    endloop
  endfacet
  facet normal 0.323272 -0.946306 0
    outer loop
      vertex 84.1635 136.756 183
      vertex 84.0025 136.701 169
      vertex 84.1635 136.756 169
    endloop
  endfacet
  facet normal -0.997875 0.0651554 0
    outer loop
      vertex 85.7889 135.33 169
      vertex 85.8 135.5 183
      vertex 85.8 135.5 169
    endloop
  endfacet
  facet normal -0.997875 0.0651554 0
    outer loop
      vertex 85.8 135.5 183
      vertex 85.7889 135.33 169
      vertex 85.7889 135.33 183
    endloop
  endfacet
  facet normal 0.980581 0.196116 0
    outer loop
      vertex 83.2443 135.164 183
      vertex 83.2111 135.33 169
      vertex 83.2111 135.33 183
    endloop
  endfacet
  facet normal 0.980581 0.196116 0
    outer loop
      vertex 83.2111 135.33 169
      vertex 83.2443 135.164 183
      vertex 83.2443 135.164 169
    endloop
  endfacet
  facet normal -0.659088 -0.752066 0
    outer loop
      vertex 85.2914 136.531 169
      vertex 85.4192 136.419 183
      vertex 85.2914 136.531 183
    endloop
  endfacet
  facet normal -0.659088 -0.752066 -0
    outer loop
      vertex 85.4192 136.419 183
      vertex 85.2914 136.531 169
      vertex 85.4192 136.419 169
    endloop
  endfacet
  facet normal -0.0646845 0.997906 0
    outer loop
      vertex 84.6697 134.211 169
      vertex 84.5 134.2 183
      vertex 84.6697 134.211 183
    endloop
  endfacet
  facet normal -0.0646845 0.997906 0
    outer loop
      vertex 84.5 134.2 183
      vertex 84.6697 134.211 169
      vertex 84.5 134.2 169
    endloop
  endfacet
  facet normal 0.897457 0.441103 0
    outer loop
      vertex 83.3742 134.85 183
      vertex 83.299 135.003 169
      vertex 83.299 135.003 183
    endloop
  endfacet
  facet normal 0.897457 0.441103 0
    outer loop
      vertex 83.299 135.003 169
      vertex 83.3742 134.85 183
      vertex 83.3742 134.85 169
    endloop
  endfacet
  facet normal 0.44132 0.89735 -0
    outer loop
      vertex 84.0025 134.299 169
      vertex 83.85 134.374 183
      vertex 84.0025 134.299 183
    endloop
  endfacet
  facet normal 0.44132 0.89735 0
    outer loop
      vertex 83.85 134.374 183
      vertex 84.0025 134.299 169
      vertex 83.85 134.374 169
    endloop
  endfacet
  facet normal 0.830961 0.556331 0
    outer loop
      vertex 83.4686 134.709 183
      vertex 83.3742 134.85 169
      vertex 83.3742 134.85 183
    endloop
  endfacet
  facet normal 0.830961 0.556331 0
    outer loop
      vertex 83.3742 134.85 169
      vertex 83.4686 134.709 183
      vertex 83.4686 134.709 169
    endloop
  endfacet
  facet normal -0.751994 -0.65917 0
    outer loop
      vertex 85.5314 136.291 169
      vertex 85.4192 136.419 183
      vertex 85.4192 136.419 169
    endloop
  endfacet
  facet normal -0.751994 -0.65917 0
    outer loop
      vertex 85.4192 136.419 183
      vertex 85.5314 136.291 169
      vertex 85.5314 136.291 183
    endloop
  endfacet
  facet normal -0.946844 0.321692 0
    outer loop
      vertex 85.701 135.003 169
      vertex 85.7557 135.164 183
      vertex 85.7557 135.164 169
    endloop
  endfacet
  facet normal -0.946844 0.321692 0
    outer loop
      vertex 85.7557 135.164 183
      vertex 85.701 135.003 169
      vertex 85.701 135.003 183
    endloop
  endfacet
  facet normal 0.0646845 -0.997906 0
    outer loop
      vertex 84.3303 136.789 169
      vertex 84.5 136.8 183
      vertex 84.3303 136.789 183
    endloop
  endfacet
  facet normal 0.0646845 -0.997906 0
    outer loop
      vertex 84.5 136.8 183
      vertex 84.3303 136.789 169
      vertex 84.5 136.8 169
    endloop
  endfacet
  facet normal -0.44132 -0.89735 0
    outer loop
      vertex 84.9975 136.701 169
      vertex 85.15 136.626 183
      vertex 84.9975 136.701 183
    endloop
  endfacet
  facet normal -0.44132 -0.89735 -0
    outer loop
      vertex 85.15 136.626 183
      vertex 84.9975 136.701 169
      vertex 85.15 136.626 169
    endloop
  endfacet
  facet normal 0.980581 -0.196116 0
    outer loop
      vertex 83.2111 135.67 183
      vertex 83.2443 135.836 169
      vertex 83.2443 135.836 183
    endloop
  endfacet
  facet normal 0.980581 -0.196116 0
    outer loop
      vertex 83.2443 135.836 169
      vertex 83.2111 135.67 183
      vertex 83.2111 135.67 169
    endloop
  endfacet
  facet normal 0.946844 0.321692 0
    outer loop
      vertex 83.299 135.003 183
      vertex 83.2443 135.164 169
      vertex 83.2443 135.164 183
    endloop
  endfacet
  facet normal 0.946844 0.321692 0
    outer loop
      vertex 83.2443 135.164 169
      vertex 83.299 135.003 183
      vertex 83.299 135.003 169
    endloop
  endfacet
  facet normal 0.997875 0.0651554 0
    outer loop
      vertex 83.2111 135.33 183
      vertex 83.2 135.5 169
      vertex 83.2 135.5 183
    endloop
  endfacet
  facet normal 0.997875 0.0651554 0
    outer loop
      vertex 83.2 135.5 169
      vertex 83.2111 135.33 183
      vertex 83.2111 135.33 169
    endloop
  endfacet
  facet normal 0.997875 -0.0651554 0
    outer loop
      vertex 83.2 135.5 183
      vertex 83.2111 135.67 169
      vertex 83.2111 135.67 183
    endloop
  endfacet
  facet normal 0.997875 -0.0651554 0
    outer loop
      vertex 83.2111 135.67 169
      vertex 83.2 135.5 183
      vertex 83.2 135.5 169
    endloop
  endfacet
  facet normal 0.557677 0.830058 -0
    outer loop
      vertex 83.85 134.374 169
      vertex 83.7086 134.469 183
      vertex 83.85 134.374 183
    endloop
  endfacet
  facet normal 0.557677 0.830058 0
    outer loop
      vertex 83.7086 134.469 183
      vertex 83.85 134.374 169
      vertex 83.7086 134.469 169
    endloop
  endfacet
  facet normal 0 0 1
    outer loop
      vertex 85.7889 135.67 169
      vertex 85.7889 135.33 169
      vertex 85.8 135.5 169
    endloop
  endfacet
  facet normal 0 0 1
    outer loop
      vertex 85.7557 135.836 169
      vertex 85.7889 135.33 169
      vertex 85.7889 135.67 169
    endloop
  endfacet
  facet normal 0 0 1
    outer loop
      vertex 85.7557 135.836 169
      vertex 85.7557 135.164 169
      vertex 85.7889 135.33 169
    endloop
  endfacet
  facet normal 0 0 1
    outer loop
      vertex 85.701 135.997 169
      vertex 85.7557 135.164 169
      vertex 85.7557 135.836 169
    endloop
  endfacet
  facet normal 0 0 1
    outer loop
      vertex 85.701 135.997 169
      vertex 85.701 135.003 169
      vertex 85.7557 135.164 169
    endloop
  endfacet
  facet normal 0 0 1
    outer loop
      vertex 85.6258 136.15 169
      vertex 85.701 135.003 169
      vertex 85.701 135.997 169
    endloop
  endfacet
  facet normal 0 0 1
    outer loop
      vertex 85.6258 136.15 169
      vertex 85.6258 134.85 169
      vertex 85.701 135.003 169
    endloop
  endfacet
  facet normal 0 0 1
    outer loop
      vertex 85.5314 136.291 169
      vertex 85.6258 134.85 169
      vertex 85.6258 136.15 169
    endloop
  endfacet
  facet normal 0 0 1
    outer loop
      vertex 85.5314 136.291 169
      vertex 85.5314 134.709 169
      vertex 85.6258 134.85 169
    endloop
  endfacet
  facet normal 0 0 1
    outer loop
      vertex 85.4192 136.419 169
      vertex 85.5314 134.709 169
      vertex 85.5314 136.291 169
    endloop
  endfacet
  facet normal 0 0 1
    outer loop
      vertex 85.4192 136.419 169
      vertex 85.4192 134.581 169
      vertex 85.5314 134.709 169
    endloop
  endfacet
  facet normal 0 0 1
    outer loop
      vertex 85.2914 136.531 169
      vertex 85.4192 134.581 169
      vertex 85.4192 136.419 169
    endloop
  endfacet
  facet normal 0 0 1
    outer loop
      vertex 85.2914 136.531 169
      vertex 85.2914 134.469 169
      vertex 85.4192 134.581 169
    endloop
  endfacet
  facet normal 0 0 1
    outer loop
      vertex 85.15 136.626 169
      vertex 85.2914 134.469 169
      vertex 85.2914 136.531 169
    endloop
  endfacet
  facet normal 0 0 1
    outer loop
      vertex 85.15 136.626 169
      vertex 85.15 134.374 169
      vertex 85.2914 134.469 169
    endloop
  endfacet
  facet normal 0 0 1
    outer loop
      vertex 84.9975 136.701 169
      vertex 85.15 134.374 169
      vertex 85.15 136.626 169
    endloop
  endfacet
  facet normal 0 0 1
    outer loop
      vertex 84.9975 136.701 169
      vertex 84.9975 134.299 169
      vertex 85.15 134.374 169
    endloop
  endfacet
  facet normal 0 0 1
    outer loop
      vertex 84.8365 136.756 169
      vertex 84.9975 134.299 169
      vertex 84.9975 136.701 169
    endloop
  endfacet
  facet normal 0 0 1
    outer loop
      vertex 84.8365 136.756 169
      vertex 84.8365 134.244 169
      vertex 84.9975 134.299 169
    endloop
  endfacet
  facet normal 0 0 1
    outer loop
      vertex 84.6697 136.789 169
      vertex 84.8365 134.244 169
      vertex 84.8365 136.756 169
    endloop
  endfacet
  facet normal 0 0 1
    outer loop
      vertex 84.6697 136.789 169
      vertex 84.6697 134.211 169
      vertex 84.8365 134.244 169
    endloop
  endfacet
  facet normal 0 0 1
    outer loop
      vertex 84.5 136.8 169
      vertex 84.6697 134.211 169
      vertex 84.6697 136.789 169
    endloop
  endfacet
  facet normal 0 0 1
    outer loop
      vertex 84.5 136.8 169
      vertex 84.5 134.2 169
      vertex 84.6697 134.211 169
    endloop
  endfacet
  facet normal -0 0 1
    outer loop
      vertex 84.3303 136.789 169
      vertex 84.5 134.2 169
      vertex 84.5 136.8 169
    endloop
  endfacet
  facet normal 0 0 1
    outer loop
      vertex 84.3303 136.789 169
      vertex 84.3303 134.211 169
      vertex 84.5 134.2 169
    endloop
  endfacet
  facet normal -0 0 1
    outer loop
      vertex 84.1635 136.756 169
      vertex 84.3303 134.211 169
      vertex 84.3303 136.789 169
    endloop
  endfacet
  facet normal 0 0 1
    outer loop
      vertex 84.1635 136.756 169
      vertex 84.1635 134.244 169
      vertex 84.3303 134.211 169
    endloop
  endfacet
  facet normal -0 0 1
    outer loop
      vertex 84.0025 136.701 169
      vertex 84.1635 134.244 169
      vertex 84.1635 136.756 169
    endloop
  endfacet
  facet normal 0 0 1
    outer loop
      vertex 84.0025 136.701 169
      vertex 84.0025 134.299 169
      vertex 84.1635 134.244 169
    endloop
  endfacet
  facet normal -0 0 1
    outer loop
      vertex 83.85 136.626 169
      vertex 84.0025 134.299 169
      vertex 84.0025 136.701 169
    endloop
  endfacet
  facet normal 0 0 1
    outer loop
      vertex 83.85 136.626 169
      vertex 83.85 134.374 169
      vertex 84.0025 134.299 169
    endloop
  endfacet
  facet normal -0 0 1
    outer loop
      vertex 83.7086 136.531 169
      vertex 83.85 134.374 169
      vertex 83.85 136.626 169
    endloop
  endfacet
  facet normal 0 0 1
    outer loop
      vertex 83.7086 136.531 169
      vertex 83.7086 134.469 169
      vertex 83.85 134.374 169
    endloop
  endfacet
  facet normal -0 0 1
    outer loop
      vertex 83.5808 136.419 169
      vertex 83.7086 134.469 169
      vertex 83.7086 136.531 169
    endloop
  endfacet
  facet normal 0 0 1
    outer loop
      vertex 83.5808 136.419 169
      vertex 83.5808 134.581 169
      vertex 83.7086 134.469 169
    endloop
  endfacet
  facet normal -0 0 1
    outer loop
      vertex 83.4686 136.291 169
      vertex 83.5808 134.581 169
      vertex 83.5808 136.419 169
    endloop
  endfacet
  facet normal 0 0 1
    outer loop
      vertex 83.4686 136.291 169
      vertex 83.4686 134.709 169
      vertex 83.5808 134.581 169
    endloop
  endfacet
  facet normal -0 0 1
    outer loop
      vertex 83.3742 136.15 169
      vertex 83.4686 134.709 169
      vertex 83.4686 136.291 169
    endloop
  endfacet
  facet normal 0 0 1
    outer loop
      vertex 83.3742 136.15 169
      vertex 83.3742 134.85 169
      vertex 83.4686 134.709 169
    endloop
  endfacet
  facet normal -0 0 1
    outer loop
      vertex 83.299 135.997 169
      vertex 83.3742 134.85 169
      vertex 83.3742 136.15 169
    endloop
  endfacet
  facet normal 0 0 1
    outer loop
      vertex 83.299 135.997 169
      vertex 83.299 135.003 169
      vertex 83.3742 134.85 169
    endloop
  endfacet
  facet normal -0 0 1
    outer loop
      vertex 83.2443 135.836 169
      vertex 83.299 135.003 169
      vertex 83.299 135.997 169
    endloop
  endfacet
  facet normal 0 0 1
    outer loop
      vertex 83.2443 135.836 169
      vertex 83.2443 135.164 169
      vertex 83.299 135.003 169
    endloop
  endfacet
  facet normal -0 0 1
    outer loop
      vertex 83.2111 135.67 169
      vertex 83.2443 135.164 169
      vertex 83.2443 135.836 169
    endloop
  endfacet
  facet normal 0 0 1
    outer loop
      vertex 83.2111 135.67 169
      vertex 83.2111 135.33 169
      vertex 83.2443 135.164 169
    endloop
  endfacet
  facet normal 0 -0 1
    outer loop
      vertex 83.2111 135.33 169
      vertex 83.2111 135.67 169
      vertex 83.2 135.5 169
    endloop
  endfacet
  facet normal 0.0646845 0.997906 -0
    outer loop
      vertex 84.5 134.2 169
      vertex 84.3303 134.211 183
      vertex 84.5 134.2 183
    endloop
  endfacet
  facet normal 0.0646845 0.997906 0
    outer loop
      vertex 84.3303 134.211 183
      vertex 84.5 134.2 169
      vertex 84.3303 134.211 169
    endloop
  endfacet
  facet normal 0.19408 0.980986 -0
    outer loop
      vertex 84.3303 134.211 169
      vertex 84.1635 134.244 183
      vertex 84.3303 134.211 183
    endloop
  endfacet
  facet normal 0.19408 0.980986 0
    outer loop
      vertex 84.1635 134.244 183
      vertex 84.3303 134.211 169
      vertex 84.1635 134.244 169
    endloop
  endfacet
  facet normal -0.659088 0.752066 0
    outer loop
      vertex 85.4192 134.581 169
      vertex 85.2914 134.469 183
      vertex 85.4192 134.581 183
    endloop
  endfacet
  facet normal -0.659088 0.752066 0
    outer loop
      vertex 85.2914 134.469 183
      vertex 85.4192 134.581 169
      vertex 85.2914 134.469 169
    endloop
  endfacet
  facet normal -0.980777 0 -0.19513
    outer loop
      vertex -57.3163 143.5 38.0116
      vertex -57.5141 146.5 39.0058
      vertex -57.3163 146.5 38.0116
    endloop
  endfacet
  facet normal -0.980777 -0 -0.19513
    outer loop
      vertex -57.5141 146.5 39.0058
      vertex -57.3163 143.5 38.0116
      vertex -57.5141 143.5 39.0058
    endloop
  endfacet
  facet normal -0.980777 0 0.19513
    outer loop
      vertex -57.5141 143.5 34.9942
      vertex -57.3163 146.5 35.9884
      vertex -57.5141 146.5 34.9942
    endloop
  endfacet
  facet normal -0.980777 0 0.19513
    outer loop
      vertex -57.3163 146.5 35.9884
      vertex -57.5141 143.5 34.9942
      vertex -57.3163 143.5 35.9884
    endloop
  endfacet
  facet normal -0.997859 0 0.0653994
    outer loop
      vertex -57.3163 143.5 35.9884
      vertex -57.25 146.5 37
      vertex -57.3163 146.5 35.9884
    endloop
  endfacet
  facet normal -0.997859 0 0.0653994
    outer loop
      vertex -57.25 146.5 37
      vertex -57.3163 143.5 35.9884
      vertex -57.25 143.5 37
    endloop
  endfacet
  facet normal 0.0653994 0 0.997859
    outer loop
      vertex -66.0116 146.5 29.3163
      vertex -65 143.5 29.25
      vertex -65 146.5 29.25
    endloop
  endfacet
  facet normal 0.0653994 0 0.997859
    outer loop
      vertex -65 143.5 29.25
      vertex -66.0116 146.5 29.3163
      vertex -66.0116 143.5 29.3163
    endloop
  endfacet
  facet normal 0.946953 0 -0.321372
    outer loop
      vertex -72.1601 143.5 39.9658
      vertex -72.4859 146.5 39.0058
      vertex -72.1601 146.5 39.9658
    endloop
  endfacet
  facet normal 0.946953 0 -0.321372
    outer loop
      vertex -72.4859 146.5 39.0058
      vertex -72.1601 143.5 39.9658
      vertex -72.4859 143.5 39.0058
    endloop
  endfacet
  facet normal 0.831473 0 -0.555565
    outer loop
      vertex -71.1485 143.5 41.7179
      vertex -71.7117 146.5 40.875
      vertex -71.1485 146.5 41.7179
    endloop
  endfacet
  facet normal 0.831473 0 -0.555565
    outer loop
      vertex -71.7117 146.5 40.875
      vertex -71.1485 143.5 41.7179
      vertex -71.7117 143.5 40.875
    endloop
  endfacet
  facet normal -0.0653994 0 0.997859
    outer loop
      vertex -65 146.5 29.25
      vertex -63.9884 143.5 29.3163
      vertex -63.9884 146.5 29.3163
    endloop
  endfacet
  facet normal -0.0653994 0 0.997859
    outer loop
      vertex -63.9884 143.5 29.3163
      vertex -65 146.5 29.25
      vertex -65 143.5 29.25
    endloop
  endfacet
  facet normal 0.555565 0 0.831473
    outer loop
      vertex -69.7179 146.5 30.8515
      vertex -68.875 143.5 30.2883
      vertex -68.875 146.5 30.2883
    endloop
  endfacet
  facet normal 0.555565 0 0.831473
    outer loop
      vertex -68.875 143.5 30.2883
      vertex -69.7179 146.5 30.8515
      vertex -69.7179 143.5 30.8515
    endloop
  endfacet
  facet normal 0.555565 0 -0.831473
    outer loop
      vertex -69.7179 143.5 43.1485
      vertex -68.875 146.5 43.7117
      vertex -68.875 143.5 43.7117
    endloop
  endfacet
  facet normal 0.555565 0 -0.831473
    outer loop
      vertex -68.875 146.5 43.7117
      vertex -69.7179 143.5 43.1485
      vertex -69.7179 146.5 43.1485
    endloop
  endfacet
  facet normal -0.946953 0 -0.321372
    outer loop
      vertex -57.5141 143.5 39.0058
      vertex -57.8399 146.5 39.9658
      vertex -57.5141 146.5 39.0058
    endloop
  endfacet
  facet normal -0.946953 -0 -0.321372
    outer loop
      vertex -57.8399 146.5 39.9658
      vertex -57.5141 143.5 39.0058
      vertex -57.8399 143.5 39.9658
    endloop
  endfacet
  facet normal 0.442314 0 -0.89686
    outer loop
      vertex -68.875 143.5 43.7117
      vertex -67.9658 146.5 44.1601
      vertex -67.9658 143.5 44.1601
    endloop
  endfacet
  facet normal 0.442314 0 -0.89686
    outer loop
      vertex -67.9658 146.5 44.1601
      vertex -68.875 143.5 43.7117
      vertex -68.875 146.5 43.7117
    endloop
  endfacet
  facet normal -0.659328 0 0.751855
    outer loop
      vertex -60.2821 146.5 30.8515
      vertex -59.5199 143.5 31.5199
      vertex -59.5199 146.5 31.5199
    endloop
  endfacet
  facet normal -0.659328 0 0.751855
    outer loop
      vertex -59.5199 143.5 31.5199
      vertex -60.2821 146.5 30.8515
      vertex -60.2821 143.5 30.8515
    endloop
  endfacet
  facet normal -0.442314 0 -0.89686
    outer loop
      vertex -62.0342 143.5 44.1601
      vertex -61.125 146.5 43.7117
      vertex -61.125 143.5 43.7117
    endloop
  endfacet
  facet normal -0.442314 0 -0.89686
    outer loop
      vertex -61.125 146.5 43.7117
      vertex -62.0342 143.5 44.1601
      vertex -62.0342 146.5 44.1601
    endloop
  endfacet
  facet normal 0.997859 -0 0.0653994
    outer loop
      vertex -72.75 143.5 37
      vertex -72.6837 146.5 35.9884
      vertex -72.75 146.5 37
    endloop
  endfacet
  facet normal 0.997859 0 0.0653994
    outer loop
      vertex -72.6837 146.5 35.9884
      vertex -72.75 143.5 37
      vertex -72.6837 143.5 35.9884
    endloop
  endfacet
  facet normal -0.0653994 0 -0.997859
    outer loop
      vertex -65 143.5 44.75
      vertex -63.9884 146.5 44.6837
      vertex -63.9884 143.5 44.6837
    endloop
  endfacet
  facet normal -0.0653994 0 -0.997859
    outer loop
      vertex -63.9884 146.5 44.6837
      vertex -65 143.5 44.75
      vertex -65 146.5 44.75
    endloop
  endfacet
  facet normal -0.831473 0 -0.555565
    outer loop
      vertex -58.2883 143.5 40.875
      vertex -58.8515 146.5 41.7179
      vertex -58.2883 146.5 40.875
    endloop
  endfacet
  facet normal -0.831473 -0 -0.555565
    outer loop
      vertex -58.8515 146.5 41.7179
      vertex -58.2883 143.5 40.875
      vertex -58.8515 143.5 41.7179
    endloop
  endfacet
  facet normal 0.321372 0 0.946953
    outer loop
      vertex -67.9658 146.5 29.8399
      vertex -67.0058 143.5 29.5141
      vertex -67.0058 146.5 29.5141
    endloop
  endfacet
  facet normal 0.321372 0 0.946953
    outer loop
      vertex -67.0058 143.5 29.5141
      vertex -67.9658 146.5 29.8399
      vertex -67.9658 143.5 29.8399
    endloop
  endfacet
  facet normal -0.321372 0 -0.946953
    outer loop
      vertex -62.9942 143.5 44.4859
      vertex -62.0342 146.5 44.1601
      vertex -62.0342 143.5 44.1601
    endloop
  endfacet
  facet normal -0.321372 0 -0.946953
    outer loop
      vertex -62.0342 146.5 44.1601
      vertex -62.9942 143.5 44.4859
      vertex -62.9942 146.5 44.4859
    endloop
  endfacet
  facet normal 0.442314 0 0.89686
    outer loop
      vertex -68.875 146.5 30.2883
      vertex -67.9658 143.5 29.8399
      vertex -67.9658 146.5 29.8399
    endloop
  endfacet
  facet normal 0.442314 0 0.89686
    outer loop
      vertex -67.9658 143.5 29.8399
      vertex -68.875 146.5 30.2883
      vertex -68.875 143.5 30.2883
    endloop
  endfacet
  facet normal -0.751855 0 -0.659328
    outer loop
      vertex -58.8515 143.5 41.7179
      vertex -59.5199 146.5 42.4801
      vertex -58.8515 146.5 41.7179
    endloop
  endfacet
  facet normal -0.751855 -0 -0.659328
    outer loop
      vertex -59.5199 146.5 42.4801
      vertex -58.8515 143.5 41.7179
      vertex -59.5199 143.5 42.4801
    endloop
  endfacet
  facet normal -0.831473 0 0.555565
    outer loop
      vertex -58.8515 143.5 32.2821
      vertex -58.2883 146.5 33.125
      vertex -58.8515 146.5 32.2821
    endloop
  endfacet
  facet normal -0.831473 0 0.555565
    outer loop
      vertex -58.2883 146.5 33.125
      vertex -58.8515 143.5 32.2821
      vertex -58.2883 143.5 33.125
    endloop
  endfacet
  facet normal 0.997859 0 -0.0653994
    outer loop
      vertex -72.6837 143.5 38.0116
      vertex -72.75 146.5 37
      vertex -72.6837 146.5 38.0116
    endloop
  endfacet
  facet normal 0.997859 0 -0.0653994
    outer loop
      vertex -72.75 146.5 37
      vertex -72.6837 143.5 38.0116
      vertex -72.75 143.5 37
    endloop
  endfacet
  facet normal -0.555565 0 -0.831473
    outer loop
      vertex -61.125 143.5 43.7117
      vertex -60.2821 146.5 43.1485
      vertex -60.2821 143.5 43.1485
    endloop
  endfacet
  facet normal -0.555565 0 -0.831473
    outer loop
      vertex -60.2821 146.5 43.1485
      vertex -61.125 143.5 43.7117
      vertex -61.125 146.5 43.7117
    endloop
  endfacet
  facet normal 0.751855 -0 0.659328
    outer loop
      vertex -71.1485 143.5 32.2821
      vertex -70.4801 146.5 31.5199
      vertex -71.1485 146.5 32.2821
    endloop
  endfacet
  facet normal 0.751855 0 0.659328
    outer loop
      vertex -70.4801 146.5 31.5199
      vertex -71.1485 143.5 32.2821
      vertex -70.4801 143.5 31.5199
    endloop
  endfacet
  facet normal -0.997859 0 -0.0653994
    outer loop
      vertex -57.25 143.5 37
      vertex -57.3163 146.5 38.0116
      vertex -57.25 146.5 37
    endloop
  endfacet
  facet normal -0.997859 -0 -0.0653994
    outer loop
      vertex -57.3163 146.5 38.0116
      vertex -57.25 143.5 37
      vertex -57.3163 143.5 38.0116
    endloop
  endfacet
  facet normal 0.659328 0 0.751855
    outer loop
      vertex -70.4801 146.5 31.5199
      vertex -69.7179 143.5 30.8515
      vertex -69.7179 146.5 30.8515
    endloop
  endfacet
  facet normal 0.659328 0 0.751855
    outer loop
      vertex -69.7179 143.5 30.8515
      vertex -70.4801 146.5 31.5199
      vertex -70.4801 143.5 31.5199
    endloop
  endfacet
  facet normal -0.442314 0 0.89686
    outer loop
      vertex -62.0342 146.5 29.8399
      vertex -61.125 143.5 30.2883
      vertex -61.125 146.5 30.2883
    endloop
  endfacet
  facet normal -0.442314 0 0.89686
    outer loop
      vertex -61.125 143.5 30.2883
      vertex -62.0342 146.5 29.8399
      vertex -62.0342 143.5 29.8399
    endloop
  endfacet
  facet normal -0.555565 0 0.831473
    outer loop
      vertex -61.125 146.5 30.2883
      vertex -60.2821 143.5 30.8515
      vertex -60.2821 146.5 30.8515
    endloop
  endfacet
  facet normal -0.555565 0 0.831473
    outer loop
      vertex -60.2821 143.5 30.8515
      vertex -61.125 146.5 30.2883
      vertex -61.125 143.5 30.2883
    endloop
  endfacet
  facet normal 0.89686 -0 0.442314
    outer loop
      vertex -72.1601 143.5 34.0342
      vertex -71.7117 146.5 33.125
      vertex -72.1601 146.5 34.0342
    endloop
  endfacet
  facet normal 0.89686 0 0.442314
    outer loop
      vertex -71.7117 146.5 33.125
      vertex -72.1601 143.5 34.0342
      vertex -71.7117 143.5 33.125
    endloop
  endfacet
  facet normal 0.19513 0 0.980777
    outer loop
      vertex -67.0058 146.5 29.5141
      vertex -66.0116 143.5 29.3163
      vertex -66.0116 146.5 29.3163
    endloop
  endfacet
  facet normal 0.19513 0 0.980777
    outer loop
      vertex -66.0116 143.5 29.3163
      vertex -67.0058 146.5 29.5141
      vertex -67.0058 143.5 29.5141
    endloop
  endfacet
  facet normal 0.89686 0 -0.442314
    outer loop
      vertex -71.7117 143.5 40.875
      vertex -72.1601 146.5 39.9658
      vertex -71.7117 146.5 40.875
    endloop
  endfacet
  facet normal 0.89686 0 -0.442314
    outer loop
      vertex -72.1601 146.5 39.9658
      vertex -71.7117 143.5 40.875
      vertex -72.1601 143.5 39.9658
    endloop
  endfacet
  facet normal 0.659328 0 -0.751855
    outer loop
      vertex -70.4801 143.5 42.4801
      vertex -69.7179 146.5 43.1485
      vertex -69.7179 143.5 43.1485
    endloop
  endfacet
  facet normal 0.659328 0 -0.751855
    outer loop
      vertex -69.7179 146.5 43.1485
      vertex -70.4801 143.5 42.4801
      vertex -70.4801 146.5 42.4801
    endloop
  endfacet
  facet normal -0.89686 0 -0.442314
    outer loop
      vertex -57.8399 143.5 39.9658
      vertex -58.2883 146.5 40.875
      vertex -57.8399 146.5 39.9658
    endloop
  endfacet
  facet normal -0.89686 -0 -0.442314
    outer loop
      vertex -58.2883 146.5 40.875
      vertex -57.8399 143.5 39.9658
      vertex -58.2883 143.5 40.875
    endloop
  endfacet
  facet normal -0.19513 0 -0.980777
    outer loop
      vertex -63.9884 143.5 44.6837
      vertex -62.9942 146.5 44.4859
      vertex -62.9942 143.5 44.4859
    endloop
  endfacet
  facet normal -0.19513 0 -0.980777
    outer loop
      vertex -62.9942 146.5 44.4859
      vertex -63.9884 143.5 44.6837
      vertex -63.9884 146.5 44.6837
    endloop
  endfacet
  facet normal -0.321372 0 0.946953
    outer loop
      vertex -62.9942 146.5 29.5141
      vertex -62.0342 143.5 29.8399
      vertex -62.0342 146.5 29.8399
    endloop
  endfacet
  facet normal -0.321372 0 0.946953
    outer loop
      vertex -62.0342 143.5 29.8399
      vertex -62.9942 146.5 29.5141
      vertex -62.9942 143.5 29.5141
    endloop
  endfacet
  facet normal 0.19513 0 -0.980777
    outer loop
      vertex -67.0058 143.5 44.4859
      vertex -66.0116 146.5 44.6837
      vertex -66.0116 143.5 44.6837
    endloop
  endfacet
  facet normal 0.19513 0 -0.980777
    outer loop
      vertex -66.0116 146.5 44.6837
      vertex -67.0058 143.5 44.4859
      vertex -67.0058 146.5 44.4859
    endloop
  endfacet
  facet normal 0.980777 -0 0.19513
    outer loop
      vertex -72.6837 143.5 35.9884
      vertex -72.4859 146.5 34.9942
      vertex -72.6837 146.5 35.9884
    endloop
  endfacet
  facet normal 0.980777 0 0.19513
    outer loop
      vertex -72.4859 146.5 34.9942
      vertex -72.6837 143.5 35.9884
      vertex -72.4859 143.5 34.9942
    endloop
  endfacet
  facet normal -0.89686 0 0.442314
    outer loop
      vertex -58.2883 143.5 33.125
      vertex -57.8399 146.5 34.0342
      vertex -58.2883 146.5 33.125
    endloop
  endfacet
  facet normal -0.89686 0 0.442314
    outer loop
      vertex -57.8399 146.5 34.0342
      vertex -58.2883 143.5 33.125
      vertex -57.8399 143.5 34.0342
    endloop
  endfacet
  facet normal -0.659328 0 -0.751855
    outer loop
      vertex -60.2821 143.5 43.1485
      vertex -59.5199 146.5 42.4801
      vertex -59.5199 143.5 42.4801
    endloop
  endfacet
  facet normal -0.659328 0 -0.751855
    outer loop
      vertex -59.5199 146.5 42.4801
      vertex -60.2821 143.5 43.1485
      vertex -60.2821 146.5 43.1485
    endloop
  endfacet
  facet normal -0.751855 0 0.659328
    outer loop
      vertex -59.5199 143.5 31.5199
      vertex -58.8515 146.5 32.2821
      vertex -59.5199 146.5 31.5199
    endloop
  endfacet
  facet normal -0.751855 0 0.659328
    outer loop
      vertex -58.8515 146.5 32.2821
      vertex -59.5199 143.5 31.5199
      vertex -58.8515 143.5 32.2821
    endloop
  endfacet
  facet normal -0.946953 0 0.321372
    outer loop
      vertex -57.8399 143.5 34.0342
      vertex -57.5141 146.5 34.9942
      vertex -57.8399 146.5 34.0342
    endloop
  endfacet
  facet normal -0.946953 0 0.321372
    outer loop
      vertex -57.5141 146.5 34.9942
      vertex -57.8399 143.5 34.0342
      vertex -57.5141 143.5 34.9942
    endloop
  endfacet
  facet normal -0.19513 0 0.980777
    outer loop
      vertex -63.9884 146.5 29.3163
      vertex -62.9942 143.5 29.5141
      vertex -62.9942 146.5 29.5141
    endloop
  endfacet
  facet normal -0.19513 0 0.980777
    outer loop
      vertex -62.9942 143.5 29.5141
      vertex -63.9884 146.5 29.3163
      vertex -63.9884 143.5 29.3163
    endloop
  endfacet
  facet normal 0.980777 0 -0.19513
    outer loop
      vertex -72.4859 143.5 39.0058
      vertex -72.6837 146.5 38.0116
      vertex -72.4859 146.5 39.0058
    endloop
  endfacet
  facet normal 0.980777 0 -0.19513
    outer loop
      vertex -72.6837 146.5 38.0116
      vertex -72.4859 143.5 39.0058
      vertex -72.6837 143.5 38.0116
    endloop
  endfacet
  facet normal 0.321372 0 -0.946953
    outer loop
      vertex -67.9658 143.5 44.1601
      vertex -67.0058 146.5 44.4859
      vertex -67.0058 143.5 44.4859
    endloop
  endfacet
  facet normal 0.321372 0 -0.946953
    outer loop
      vertex -67.0058 146.5 44.4859
      vertex -67.9658 143.5 44.1601
      vertex -67.9658 146.5 44.1601
    endloop
  endfacet
  facet normal 0.751855 0 -0.659328
    outer loop
      vertex -70.4801 143.5 42.4801
      vertex -71.1485 146.5 41.7179
      vertex -70.4801 146.5 42.4801
    endloop
  endfacet
  facet normal 0.751855 0 -0.659328
    outer loop
      vertex -71.1485 146.5 41.7179
      vertex -70.4801 143.5 42.4801
      vertex -71.1485 143.5 41.7179
    endloop
  endfacet
  facet normal 0.946953 -0 0.321372
    outer loop
      vertex -72.4859 143.5 34.9942
      vertex -72.1601 146.5 34.0342
      vertex -72.4859 146.5 34.9942
    endloop
  endfacet
  facet normal 0.946953 0 0.321372
    outer loop
      vertex -72.1601 146.5 34.0342
      vertex -72.4859 143.5 34.9942
      vertex -72.1601 143.5 34.0342
    endloop
  endfacet
  facet normal 0.831473 -0 0.555565
    outer loop
      vertex -71.7117 143.5 33.125
      vertex -71.1485 146.5 32.2821
      vertex -71.7117 146.5 33.125
    endloop
  endfacet
  facet normal 0.831473 0 0.555565
    outer loop
      vertex -71.1485 146.5 32.2821
      vertex -71.7117 143.5 33.125
      vertex -71.1485 143.5 32.2821
    endloop
  endfacet
  facet normal 0.0653994 0 -0.997859
    outer loop
      vertex -66.0116 143.5 44.6837
      vertex -65 146.5 44.75
      vertex -65 143.5 44.75
    endloop
  endfacet
  facet normal 0.0653994 0 -0.997859
    outer loop
      vertex -65 146.5 44.75
      vertex -66.0116 143.5 44.6837
      vertex -66.0116 146.5 44.6837
    endloop
  endfacet
  facet normal 0 -1 0
    outer loop
      vertex -95.5 68.51 183
      vertex -92.5 68.51 12
      vertex -92.5 68.51 183
    endloop
  endfacet
  facet normal 0 -1 0
    outer loop
      vertex -86 68.51 6
      vertex -92.5 68.51 12
      vertex -95.5 68.51 6
    endloop
  endfacet
  facet normal 0 -1 0
    outer loop
      vertex -95.5 68.51 6
      vertex -92.5 68.51 12
      vertex -95.5 68.51 183
    endloop
  endfacet
  facet normal 0 -1 0
    outer loop
      vertex 92.5 68.51 12
      vertex 95.5 68.51 183
      vertex 92.5 68.51 183
    endloop
  endfacet
  facet normal 0 -1 0
    outer loop
      vertex -74 68.51 6
      vertex -92.5 68.51 12
      vertex -86 68.51 6
    endloop
  endfacet
  facet normal 0 -1 0
    outer loop
      vertex -92.5 68.51 12
      vertex -74 68.51 6
      vertex 92.5 68.51 12
    endloop
  endfacet
  facet normal 0 -1 0
    outer loop
      vertex 74 68.51 6
      vertex 92.5 68.51 12
      vertex -74 68.51 6
    endloop
  endfacet
  facet normal 0 -1 0
    outer loop
      vertex 86 68.51 6
      vertex 92.5 68.51 12
      vertex 74 68.51 6
    endloop
  endfacet
  facet normal 0 -1 0
    outer loop
      vertex 92.5 68.51 12
      vertex 95.5 68.51 6
      vertex 95.5 68.51 183
    endloop
  endfacet
  facet normal 0 -1 0
    outer loop
      vertex 95.5 68.51 6
      vertex 92.5 68.51 12
      vertex 86 68.51 6
    endloop
  endfacet
  facet normal 0 -1 0
    outer loop
      vertex 74 68.51 0
      vertex 86 68.51 6
      vertex 74 68.51 6
    endloop
  endfacet
  facet normal 0 -1 -0
    outer loop
      vertex 86 68.51 6
      vertex 74 68.51 0
      vertex 86 68.51 0
    endloop
  endfacet
  facet normal 0 -1 0
    outer loop
      vertex -86 68.51 0
      vertex -74 68.51 6
      vertex -86 68.51 6
    endloop
  endfacet
  facet normal 0 -1 -0
    outer loop
      vertex -74 68.51 6
      vertex -86 68.51 0
      vertex -74 68.51 0
    endloop
  endfacet
endsolid OpenSCAD_Model
