solid OpenSCAD_Model
  facet normal 1 -0 0
    outer loop
      vertex 70 -70 0
      vertex 70 70 -3
      vertex 70 70 0
    endloop
  endfacet
  facet normal 1 0 0
    outer loop
      vertex 70 70 -3
      vertex 70 -70 0
      vertex 70 -70 -3
    endloop
  endfacet
  facet normal 0 0 -1
    outer loop
      vertex -53.7827 -55.0816 -3
      vertex 53.7827 -55.0816 -3
      vertex -53.6818 -55.3788 -3
    endloop
  endfacet
  facet normal 0 0 -1
    outer loop
      vertex 54.096 -54.539 -3
      vertex -51.5385 47.4126 -3
      vertex -51.5 48 -3
    endloop
  endfacet
  facet normal 0 0 -1
    outer loop
      vertex 53.7827 -55.0816 -3
      vertex -53.7827 -55.0816 -3
      vertex 53.9215 -54.8 -3
    endloop
  endfacet
  facet normal 0 0 -1
    outer loop
      vertex 54.096 -54.539 -3
      vertex -51.6533 46.8353 -3
      vertex -51.5385 47.4126 -3
    endloop
  endfacet
  facet normal 0 0 -1
    outer loop
      vertex -53.9215 -54.8 -3
      vertex 53.9215 -54.8 -3
      vertex -53.7827 -55.0816 -3
    endloop
  endfacet
  facet normal 0 0 -1
    outer loop
      vertex 54.096 -54.539 -3
      vertex -51.8425 46.2779 -3
      vertex -51.6533 46.8353 -3
    endloop
  endfacet
  facet normal 0 0 -1
    outer loop
      vertex 53.9215 -54.8 -3
      vertex -53.9215 -54.8 -3
      vertex 54.096 -54.539 -3
    endloop
  endfacet
  facet normal 0 0 -1
    outer loop
      vertex 54.096 -54.539 -3
      vertex -52.1029 45.75 -3
      vertex -51.8425 46.2779 -3
    endloop
  endfacet
  facet normal 0 0 -1
    outer loop
      vertex -54.096 -54.539 -3
      vertex 54.096 -54.539 -3
      vertex -53.9215 -54.8 -3
    endloop
  endfacet
  facet normal 0 0 -1
    outer loop
      vertex 54.096 -54.539 -3
      vertex -52.4299 45.2606 -3
      vertex -52.1029 45.75 -3
    endloop
  endfacet
  facet normal 0 0 -1
    outer loop
      vertex -54.3029 -54.3029 -3
      vertex 54.096 -54.539 -3
      vertex -54.096 -54.539 -3
    endloop
  endfacet
  facet normal 0 0 -1
    outer loop
      vertex 54.096 -54.539 -3
      vertex -52.818 44.818 -3
      vertex -52.4299 45.2606 -3
    endloop
  endfacet
  facet normal 0 0 -1
    outer loop
      vertex 54.096 -54.539 -3
      vertex -54.3029 -54.3029 -3
      vertex -52.818 44.818 -3
    endloop
  endfacet
  facet normal 0 0 -1
    outer loop
      vertex -52.818 44.818 -3
      vertex -54.3029 -54.3029 -3
      vertex -53.2606 44.4299 -3
    endloop
  endfacet
  facet normal 0 0 -1
    outer loop
      vertex -54.539 -54.096 -3
      vertex -53.2606 44.4299 -3
      vertex -54.3029 -54.3029 -3
    endloop
  endfacet
  facet normal 0 0 -1
    outer loop
      vertex -53.2606 44.4299 -3
      vertex -54.539 -54.096 -3
      vertex -53.75 44.1029 -3
    endloop
  endfacet
  facet normal 0 0 -1
    outer loop
      vertex -54.8 -53.9215 -3
      vertex -53.75 44.1029 -3
      vertex -54.539 -54.096 -3
    endloop
  endfacet
  facet normal 0 0 -1
    outer loop
      vertex -53.75 44.1029 -3
      vertex -54.8 -53.9215 -3
      vertex -54.2779 43.8425 -3
    endloop
  endfacet
  facet normal 0 0 -1
    outer loop
      vertex -55.0816 -53.7827 -3
      vertex -54.2779 43.8425 -3
      vertex -54.8 -53.9215 -3
    endloop
  endfacet
  facet normal 0 0 -1
    outer loop
      vertex -54.2779 43.8425 -3
      vertex -55.0816 -53.7827 -3
      vertex -54.8353 43.6533 -3
    endloop
  endfacet
  facet normal 0 0 -1
    outer loop
      vertex -55.3788 -53.6818 -3
      vertex -54.8353 43.6533 -3
      vertex -55.0816 -53.7827 -3
    endloop
  endfacet
  facet normal 0 0 -1
    outer loop
      vertex -55.3788 -53.6818 -3
      vertex -55.4126 43.5385 -3
      vertex -54.8353 43.6533 -3
    endloop
  endfacet
  facet normal 0 0 -1
    outer loop
      vertex -55.6867 -53.6205 -3
      vertex -55.4126 43.5385 -3
      vertex -55.3788 -53.6818 -3
    endloop
  endfacet
  facet normal 0 0 -1
    outer loop
      vertex -56 -53.6 -3
      vertex -55.4126 43.5385 -3
      vertex -55.6867 -53.6205 -3
    endloop
  endfacet
  facet normal 0 0 -1
    outer loop
      vertex -56 -53.6 -3
      vertex -56 43.5 -3
      vertex -55.4126 43.5385 -3
    endloop
  endfacet
  facet normal 0 0 -1
    outer loop
      vertex -56.3133 -53.6205 -3
      vertex -56 43.5 -3
      vertex -56 -53.6 -3
    endloop
  endfacet
  facet normal 0 0 -1
    outer loop
      vertex -56.3133 -53.6205 -3
      vertex -56.5874 43.5385 -3
      vertex -56 43.5 -3
    endloop
  endfacet
  facet normal 0 0 -1
    outer loop
      vertex -56.6212 -53.6818 -3
      vertex -56.5874 43.5385 -3
      vertex -56.3133 -53.6205 -3
    endloop
  endfacet
  facet normal 0 0 -1
    outer loop
      vertex -57.1647 43.6533 -3
      vertex -56.6212 -53.6818 -3
      vertex -56.9184 -53.7827 -3
    endloop
  endfacet
  facet normal 0 0 -1
    outer loop
      vertex -56.6212 -53.6818 -3
      vertex -57.1647 43.6533 -3
      vertex -56.5874 43.5385 -3
    endloop
  endfacet
  facet normal 0 0 -1
    outer loop
      vertex -57.7221 43.8425 -3
      vertex -56.9184 -53.7827 -3
      vertex -57.2 -53.9215 -3
    endloop
  endfacet
  facet normal 0 0 -1
    outer loop
      vertex -58.25 44.1029 -3
      vertex -57.2 -53.9215 -3
      vertex -57.461 -54.096 -3
    endloop
  endfacet
  facet normal 0 0 -1
    outer loop
      vertex -58.7394 44.4299 -3
      vertex -57.461 -54.096 -3
      vertex -57.6971 -54.3029 -3
    endloop
  endfacet
  facet normal 0 0 -1
    outer loop
      vertex -56.9184 -53.7827 -3
      vertex -57.7221 43.8425 -3
      vertex -57.1647 43.6533 -3
    endloop
  endfacet
  facet normal 0 0 -1
    outer loop
      vertex -59.182 44.818 -3
      vertex -57.6971 -54.3029 -3
      vertex -57.904 -54.539 -3
    endloop
  endfacet
  facet normal 0 0 -1
    outer loop
      vertex -59.5701 45.2606 -3
      vertex -57.904 -54.539 -3
      vertex -58.0785 -54.8 -3
    endloop
  endfacet
  facet normal 0 0 -1
    outer loop
      vertex -70 -70 -3
      vertex -58.0785 -54.8 -3
      vertex -58.2173 -55.0816 -3
    endloop
  endfacet
  facet normal 0 0 -1
    outer loop
      vertex -57.2 -53.9215 -3
      vertex -58.25 44.1029 -3
      vertex -57.7221 43.8425 -3
    endloop
  endfacet
  facet normal 0 0 -1
    outer loop
      vertex -70 -70 -3
      vertex -58.2173 -55.0816 -3
      vertex -58.3182 -55.3788 -3
    endloop
  endfacet
  facet normal 0 0 -1
    outer loop
      vertex -57.461 -54.096 -3
      vertex -58.7394 44.4299 -3
      vertex -58.25 44.1029 -3
    endloop
  endfacet
  facet normal 0 0 -1
    outer loop
      vertex -57.6971 -54.3029 -3
      vertex -59.182 44.818 -3
      vertex -58.7394 44.4299 -3
    endloop
  endfacet
  facet normal 0 0 -1
    outer loop
      vertex -57.904 -54.539 -3
      vertex -59.5701 45.2606 -3
      vertex -59.182 44.818 -3
    endloop
  endfacet
  facet normal -0 0 -1
    outer loop
      vertex -58.0785 -54.8 -3
      vertex -70 -70 -3
      vertex -59.5701 45.2606 -3
    endloop
  endfacet
  facet normal -0 0 -1
    outer loop
      vertex -59.5701 45.2606 -3
      vertex -70 -70 -3
      vertex -59.8971 45.75 -3
    endloop
  endfacet
  facet normal 0 0 -1
    outer loop
      vertex -70 -70 -3
      vertex -58.3182 -55.3788 -3
      vertex -60.3467 -62.8353 -3
    endloop
  endfacet
  facet normal -0 0 -1
    outer loop
      vertex -59.8971 45.75 -3
      vertex -70 -70 -3
      vertex -60.1575 46.2779 -3
    endloop
  endfacet
  facet normal 0 0 -1
    outer loop
      vertex -70 -70 -3
      vertex -60.3467 -62.8353 -3
      vertex -60.4615 -63.4126 -3
    endloop
  endfacet
  facet normal -0 0 -1
    outer loop
      vertex -60.1575 46.2779 -3
      vertex -70 -70 -3
      vertex -60.3467 46.8353 -3
    endloop
  endfacet
  facet normal 0 0 -1
    outer loop
      vertex -70 -70 -3
      vertex -60.4615 -63.4126 -3
      vertex -60.5 -64 -3
    endloop
  endfacet
  facet normal 0 0 -1
    outer loop
      vertex -70 70 -3
      vertex -60.3467 46.8353 -3
      vertex -70 -70 -3
    endloop
  endfacet
  facet normal 0 0 -1
    outer loop
      vertex 60.3467 -62.8353 -3
      vertex 70 -70 -3
      vertex 60.4615 -63.4126 -3
    endloop
  endfacet
  facet normal 0 0 -1
    outer loop
      vertex 70 -70 -3
      vertex 60.4615 47.4126 -3
      vertex 60.5 48 -3
    endloop
  endfacet
  facet normal 0 0 -1
    outer loop
      vertex 58.3182 -55.3788 -3
      vertex 70 -70 -3
      vertex 60.3467 -62.8353 -3
    endloop
  endfacet
  facet normal 0 0 -1
    outer loop
      vertex 70 -70 -3
      vertex 60.3467 46.8353 -3
      vertex 60.4615 47.4126 -3
    endloop
  endfacet
  facet normal 0 0 -1
    outer loop
      vertex 58.2173 -55.0816 -3
      vertex 70 -70 -3
      vertex 58.3182 -55.3788 -3
    endloop
  endfacet
  facet normal 0 0 -1
    outer loop
      vertex 70 -70 -3
      vertex 60.1575 46.2779 -3
      vertex 60.3467 46.8353 -3
    endloop
  endfacet
  facet normal 0 0 -1
    outer loop
      vertex 58.0785 -54.8 -3
      vertex 70 -70 -3
      vertex 58.2173 -55.0816 -3
    endloop
  endfacet
  facet normal 0 0 -1
    outer loop
      vertex 70 -70 -3
      vertex 59.8971 45.75 -3
      vertex 60.1575 46.2779 -3
    endloop
  endfacet
  facet normal 0 0 -1
    outer loop
      vertex 70 -70 -3
      vertex 58.0785 -54.8 -3
      vertex 59.8971 45.75 -3
    endloop
  endfacet
  facet normal 0 0 -1
    outer loop
      vertex 59.8971 45.75 -3
      vertex 58.0785 -54.8 -3
      vertex 59.5701 45.2606 -3
    endloop
  endfacet
  facet normal 0 0 -1
    outer loop
      vertex 57.904 -54.539 -3
      vertex 59.5701 45.2606 -3
      vertex 58.0785 -54.8 -3
    endloop
  endfacet
  facet normal 0 0 -1
    outer loop
      vertex 59.5701 45.2606 -3
      vertex 57.904 -54.539 -3
      vertex 59.182 44.818 -3
    endloop
  endfacet
  facet normal 0 0 -1
    outer loop
      vertex 57.6971 -54.3029 -3
      vertex 59.182 44.818 -3
      vertex 57.904 -54.539 -3
    endloop
  endfacet
  facet normal 0 0 -1
    outer loop
      vertex 59.182 44.818 -3
      vertex 57.6971 -54.3029 -3
      vertex 58.7394 44.4299 -3
    endloop
  endfacet
  facet normal 0 0 -1
    outer loop
      vertex 57.461 -54.096 -3
      vertex 58.7394 44.4299 -3
      vertex 57.6971 -54.3029 -3
    endloop
  endfacet
  facet normal 0 0 -1
    outer loop
      vertex 58.7394 44.4299 -3
      vertex 57.461 -54.096 -3
      vertex 58.25 44.1029 -3
    endloop
  endfacet
  facet normal 0 0 -1
    outer loop
      vertex 57.2 -53.9215 -3
      vertex 58.25 44.1029 -3
      vertex 57.461 -54.096 -3
    endloop
  endfacet
  facet normal 0 0 -1
    outer loop
      vertex 58.25 44.1029 -3
      vertex 57.2 -53.9215 -3
      vertex 57.7221 43.8425 -3
    endloop
  endfacet
  facet normal 0 0 -1
    outer loop
      vertex 56.9184 -53.7827 -3
      vertex 57.7221 43.8425 -3
      vertex 57.2 -53.9215 -3
    endloop
  endfacet
  facet normal 0 0 -1
    outer loop
      vertex 57.7221 43.8425 -3
      vertex 56.9184 -53.7827 -3
      vertex 57.1647 43.6533 -3
    endloop
  endfacet
  facet normal 0 0 -1
    outer loop
      vertex 56.6212 -53.6818 -3
      vertex 57.1647 43.6533 -3
      vertex 56.9184 -53.7827 -3
    endloop
  endfacet
  facet normal 0 0 -1
    outer loop
      vertex 56.6212 -53.6818 -3
      vertex 56.5874 43.5385 -3
      vertex 57.1647 43.6533 -3
    endloop
  endfacet
  facet normal 0 0 -1
    outer loop
      vertex 56.3133 -53.6205 -3
      vertex 56.5874 43.5385 -3
      vertex 56.6212 -53.6818 -3
    endloop
  endfacet
  facet normal 0 0 -1
    outer loop
      vertex 56 -53.6 -3
      vertex 56.5874 43.5385 -3
      vertex 56.3133 -53.6205 -3
    endloop
  endfacet
  facet normal 0 0 -1
    outer loop
      vertex 56 -53.6 -3
      vertex 56 43.5 -3
      vertex 56.5874 43.5385 -3
    endloop
  endfacet
  facet normal 0 0 -1
    outer loop
      vertex 55.6867 -53.6205 -3
      vertex 56 43.5 -3
      vertex 56 -53.6 -3
    endloop
  endfacet
  facet normal 0 0 -1
    outer loop
      vertex 55.6867 -53.6205 -3
      vertex 55.4126 43.5385 -3
      vertex 56 43.5 -3
    endloop
  endfacet
  facet normal 0 0 -1
    outer loop
      vertex 55.3788 -53.6818 -3
      vertex 55.4126 43.5385 -3
      vertex 55.6867 -53.6205 -3
    endloop
  endfacet
  facet normal 0 0 -1
    outer loop
      vertex 54.8353 43.6533 -3
      vertex 55.3788 -53.6818 -3
      vertex 55.0816 -53.7827 -3
    endloop
  endfacet
  facet normal 0 0 -1
    outer loop
      vertex 55.3788 -53.6818 -3
      vertex 54.8353 43.6533 -3
      vertex 55.4126 43.5385 -3
    endloop
  endfacet
  facet normal 0 0 -1
    outer loop
      vertex 54.2779 43.8425 -3
      vertex 55.0816 -53.7827 -3
      vertex 54.8 -53.9215 -3
    endloop
  endfacet
  facet normal 0 0 -1
    outer loop
      vertex 53.75 44.1029 -3
      vertex 54.8 -53.9215 -3
      vertex 54.539 -54.096 -3
    endloop
  endfacet
  facet normal 0 0 -1
    outer loop
      vertex 53.2606 44.4299 -3
      vertex 54.539 -54.096 -3
      vertex 54.3029 -54.3029 -3
    endloop
  endfacet
  facet normal 0 0 -1
    outer loop
      vertex 55.0816 -53.7827 -3
      vertex 54.2779 43.8425 -3
      vertex 54.8353 43.6533 -3
    endloop
  endfacet
  facet normal 0 0 -1
    outer loop
      vertex 52.818 44.818 -3
      vertex 54.3029 -54.3029 -3
      vertex 54.096 -54.539 -3
    endloop
  endfacet
  facet normal 0 0 -1
    outer loop
      vertex -53.6818 -55.3788 -3
      vertex 53.6818 -55.3788 -3
      vertex -51.6533 -62.8353 -3
    endloop
  endfacet
  facet normal 0 0 -1
    outer loop
      vertex 51.6533 -62.8353 -3
      vertex -51.6533 -62.8353 -3
      vertex 53.6818 -55.3788 -3
    endloop
  endfacet
  facet normal 0 0 -1
    outer loop
      vertex 54.8 -53.9215 -3
      vertex 53.75 44.1029 -3
      vertex 54.2779 43.8425 -3
    endloop
  endfacet
  facet normal 0 0 -1
    outer loop
      vertex -51.6533 -62.8353 -3
      vertex 51.6533 -62.8353 -3
      vertex -51.5385 -63.4126 -3
    endloop
  endfacet
  facet normal 0 0 -1
    outer loop
      vertex 54.539 -54.096 -3
      vertex 53.2606 44.4299 -3
      vertex 53.75 44.1029 -3
    endloop
  endfacet
  facet normal 0 0 -1
    outer loop
      vertex 54.3029 -54.3029 -3
      vertex 52.818 44.818 -3
      vertex 53.2606 44.4299 -3
    endloop
  endfacet
  facet normal 0 0 -1
    outer loop
      vertex 54.096 -54.539 -3
      vertex -51.5 48 -3
      vertex 52.818 44.818 -3
    endloop
  endfacet
  facet normal 0 0 -1
    outer loop
      vertex 52.818 44.818 -3
      vertex -51.5 48 -3
      vertex 52.4299 45.2606 -3
    endloop
  endfacet
  facet normal 0 0 -1
    outer loop
      vertex 52.4299 45.2606 -3
      vertex -51.5 48 -3
      vertex 52.1029 45.75 -3
    endloop
  endfacet
  facet normal 0 0 -1
    outer loop
      vertex 51.5385 -63.4126 -3
      vertex -51.5385 -63.4126 -3
      vertex 51.6533 -62.8353 -3
    endloop
  endfacet
  facet normal 0 0 -1
    outer loop
      vertex 53.6818 -55.3788 -3
      vertex -53.6818 -55.3788 -3
      vertex 53.7827 -55.0816 -3
    endloop
  endfacet
  facet normal 0 0 -1
    outer loop
      vertex -51.5385 -63.4126 -3
      vertex 51.5385 -63.4126 -3
      vertex -51.5 -64 -3
    endloop
  endfacet
  facet normal 0 0 -1
    outer loop
      vertex 52.1029 45.75 -3
      vertex -51.5 48 -3
      vertex 51.8425 46.2779 -3
    endloop
  endfacet
  facet normal 0 0 -1
    outer loop
      vertex -51.5 -64 -3
      vertex 51.5385 -63.4126 -3
      vertex 51.5 -64 -3
    endloop
  endfacet
  facet normal 0 0 -1
    outer loop
      vertex 51.8425 46.2779 -3
      vertex -51.5 48 -3
      vertex 51.6533 46.8353 -3
    endloop
  endfacet
  facet normal 0 0 -1
    outer loop
      vertex 60.4615 -63.4126 -3
      vertex 70 -70 -3
      vertex 60.5 -64 -3
    endloop
  endfacet
  facet normal 0 0 -1
    outer loop
      vertex 70 -70 -3
      vertex 60.4615 -64.5874 -3
      vertex 60.5 -64 -3
    endloop
  endfacet
  facet normal 0 0 -1
    outer loop
      vertex 70 -70 -3
      vertex 60.3467 -65.1647 -3
      vertex 60.4615 -64.5874 -3
    endloop
  endfacet
  facet normal 0 0 -1
    outer loop
      vertex 70 -70 -3
      vertex 60.1575 -65.7221 -3
      vertex 60.3467 -65.1647 -3
    endloop
  endfacet
  facet normal 0 0 -1
    outer loop
      vertex 70 -70 -3
      vertex 59.8971 -66.25 -3
      vertex 60.1575 -65.7221 -3
    endloop
  endfacet
  facet normal 0 0 -1
    outer loop
      vertex 70 -70 -3
      vertex 59.5701 -66.7394 -3
      vertex 59.8971 -66.25 -3
    endloop
  endfacet
  facet normal 0 0 -1
    outer loop
      vertex 70 -70 -3
      vertex 59.182 -67.182 -3
      vertex 59.5701 -66.7394 -3
    endloop
  endfacet
  facet normal 0 0 -1
    outer loop
      vertex 70 -70 -3
      vertex 58.7394 -67.5701 -3
      vertex 59.182 -67.182 -3
    endloop
  endfacet
  facet normal 0 0 -1
    outer loop
      vertex 70 -70 -3
      vertex 58.25 -67.8971 -3
      vertex 58.7394 -67.5701 -3
    endloop
  endfacet
  facet normal 0 0 -1
    outer loop
      vertex 70 -70 -3
      vertex 57.7221 -68.1575 -3
      vertex 58.25 -67.8971 -3
    endloop
  endfacet
  facet normal 0 0 -1
    outer loop
      vertex 70 -70 -3
      vertex 57.1647 -68.3467 -3
      vertex 57.7221 -68.1575 -3
    endloop
  endfacet
  facet normal 0 0 -1
    outer loop
      vertex 70 -70 -3
      vertex 56.5874 -68.4615 -3
      vertex 57.1647 -68.3467 -3
    endloop
  endfacet
  facet normal 0 0 -1
    outer loop
      vertex 70 -70 -3
      vertex 56 -68.5 -3
      vertex 56.5874 -68.4615 -3
    endloop
  endfacet
  facet normal 0 0 -1
    outer loop
      vertex 70 -70 -3
      vertex 55.4126 -68.4615 -3
      vertex 56 -68.5 -3
    endloop
  endfacet
  facet normal 0 0 -1
    outer loop
      vertex 51.6533 46.8353 -3
      vertex -51.5 48 -3
      vertex 51.5385 47.4126 -3
    endloop
  endfacet
  facet normal 0 0 -1
    outer loop
      vertex 51.5385 -64.5874 -3
      vertex -51.5 -64 -3
      vertex 51.5 -64 -3
    endloop
  endfacet
  facet normal 0 0 -1
    outer loop
      vertex -51.5385 -64.5874 -3
      vertex 51.5385 -64.5874 -3
      vertex 51.6533 -65.1647 -3
    endloop
  endfacet
  facet normal 0 0 -1
    outer loop
      vertex -51.6533 -65.1647 -3
      vertex 51.6533 -65.1647 -3
      vertex 51.8425 -65.7221 -3
    endloop
  endfacet
  facet normal 0 0 -1
    outer loop
      vertex -51.8425 -65.7221 -3
      vertex 51.8425 -65.7221 -3
      vertex 52.1029 -66.25 -3
    endloop
  endfacet
  facet normal 0 0 -1
    outer loop
      vertex -52.1029 -66.25 -3
      vertex 52.1029 -66.25 -3
      vertex 52.4299 -66.7394 -3
    endloop
  endfacet
  facet normal 0 0 -1
    outer loop
      vertex -52.4299 -66.7394 -3
      vertex 52.4299 -66.7394 -3
      vertex 52.818 -67.182 -3
    endloop
  endfacet
  facet normal 0 0 -1
    outer loop
      vertex -52.818 -67.182 -3
      vertex 52.818 -67.182 -3
      vertex 53.2606 -67.5701 -3
    endloop
  endfacet
  facet normal 0 0 -1
    outer loop
      vertex -53.2606 -67.5701 -3
      vertex 53.2606 -67.5701 -3
      vertex 53.75 -67.8971 -3
    endloop
  endfacet
  facet normal 0 0 -1
    outer loop
      vertex -53.75 -67.8971 -3
      vertex 53.75 -67.8971 -3
      vertex 54.2779 -68.1575 -3
    endloop
  endfacet
  facet normal 0 0 -1
    outer loop
      vertex -54.2779 -68.1575 -3
      vertex 54.2779 -68.1575 -3
      vertex 54.8353 -68.3467 -3
    endloop
  endfacet
  facet normal 0 0 -1
    outer loop
      vertex -54.8353 -68.3467 -3
      vertex 54.8353 -68.3467 -3
      vertex 55.4126 -68.4615 -3
    endloop
  endfacet
  facet normal 0 0 -1
    outer loop
      vertex -55.4126 -68.4615 -3
      vertex 55.4126 -68.4615 -3
      vertex 70 -70 -3
    endloop
  endfacet
  facet normal 0 0 -1
    outer loop
      vertex 51.5385 -64.5874 -3
      vertex -51.5385 -64.5874 -3
      vertex -51.5 -64 -3
    endloop
  endfacet
  facet normal 0 0 -1
    outer loop
      vertex 51.6533 -65.1647 -3
      vertex -51.6533 -65.1647 -3
      vertex -51.5385 -64.5874 -3
    endloop
  endfacet
  facet normal 0 0 -1
    outer loop
      vertex 51.8425 -65.7221 -3
      vertex -51.8425 -65.7221 -3
      vertex -51.6533 -65.1647 -3
    endloop
  endfacet
  facet normal 0 0 -1
    outer loop
      vertex 52.1029 -66.25 -3
      vertex -52.1029 -66.25 -3
      vertex -51.8425 -65.7221 -3
    endloop
  endfacet
  facet normal 0 0 -1
    outer loop
      vertex 52.4299 -66.7394 -3
      vertex -52.4299 -66.7394 -3
      vertex -52.1029 -66.25 -3
    endloop
  endfacet
  facet normal 0 0 -1
    outer loop
      vertex 52.818 -67.182 -3
      vertex -52.818 -67.182 -3
      vertex -52.4299 -66.7394 -3
    endloop
  endfacet
  facet normal 0 0 -1
    outer loop
      vertex 53.2606 -67.5701 -3
      vertex -53.2606 -67.5701 -3
      vertex -52.818 -67.182 -3
    endloop
  endfacet
  facet normal 0 0 -1
    outer loop
      vertex 53.75 -67.8971 -3
      vertex -53.75 -67.8971 -3
      vertex -53.2606 -67.5701 -3
    endloop
  endfacet
  facet normal 0 0 -1
    outer loop
      vertex 54.2779 -68.1575 -3
      vertex -54.2779 -68.1575 -3
      vertex -53.75 -67.8971 -3
    endloop
  endfacet
  facet normal 0 0 -1
    outer loop
      vertex 54.8353 -68.3467 -3
      vertex -54.8353 -68.3467 -3
      vertex -54.2779 -68.1575 -3
    endloop
  endfacet
  facet normal 0 0 -1
    outer loop
      vertex 55.4126 -68.4615 -3
      vertex -55.4126 -68.4615 -3
      vertex -54.8353 -68.3467 -3
    endloop
  endfacet
  facet normal 0 0 -1
    outer loop
      vertex -70 -70 -3
      vertex -55.4126 -68.4615 -3
      vertex 70 -70 -3
    endloop
  endfacet
  facet normal 0 0 -1
    outer loop
      vertex -60.3467 46.8353 -3
      vertex -70 70 -3
      vertex -60.4615 47.4126 -3
    endloop
  endfacet
  facet normal -0 0 -1
    outer loop
      vertex -60.4615 -64.5874 -3
      vertex -70 -70 -3
      vertex -60.5 -64 -3
    endloop
  endfacet
  facet normal -0 0 -1
    outer loop
      vertex -60.3467 -65.1647 -3
      vertex -70 -70 -3
      vertex -60.4615 -64.5874 -3
    endloop
  endfacet
  facet normal -0 0 -1
    outer loop
      vertex -60.1575 -65.7221 -3
      vertex -70 -70 -3
      vertex -60.3467 -65.1647 -3
    endloop
  endfacet
  facet normal -0 0 -1
    outer loop
      vertex -59.8971 -66.25 -3
      vertex -70 -70 -3
      vertex -60.1575 -65.7221 -3
    endloop
  endfacet
  facet normal -0 0 -1
    outer loop
      vertex -59.5701 -66.7394 -3
      vertex -70 -70 -3
      vertex -59.8971 -66.25 -3
    endloop
  endfacet
  facet normal -0 0 -1
    outer loop
      vertex -59.182 -67.182 -3
      vertex -70 -70 -3
      vertex -59.5701 -66.7394 -3
    endloop
  endfacet
  facet normal -0 0 -1
    outer loop
      vertex -58.7394 -67.5701 -3
      vertex -70 -70 -3
      vertex -59.182 -67.182 -3
    endloop
  endfacet
  facet normal -0 0 -1
    outer loop
      vertex -58.25 -67.8971 -3
      vertex -70 -70 -3
      vertex -58.7394 -67.5701 -3
    endloop
  endfacet
  facet normal -0 0 -1
    outer loop
      vertex -57.7221 -68.1575 -3
      vertex -70 -70 -3
      vertex -58.25 -67.8971 -3
    endloop
  endfacet
  facet normal -0 0 -1
    outer loop
      vertex -57.1647 -68.3467 -3
      vertex -70 -70 -3
      vertex -57.7221 -68.1575 -3
    endloop
  endfacet
  facet normal -0 0 -1
    outer loop
      vertex -56.5874 -68.4615 -3
      vertex -70 -70 -3
      vertex -57.1647 -68.3467 -3
    endloop
  endfacet
  facet normal -0 0 -1
    outer loop
      vertex -56 -68.5 -3
      vertex -70 -70 -3
      vertex -56.5874 -68.4615 -3
    endloop
  endfacet
  facet normal 0 0 -1
    outer loop
      vertex -55.4126 -68.4615 -3
      vertex -70 -70 -3
      vertex -56 -68.5 -3
    endloop
  endfacet
  facet normal 0 0 -1
    outer loop
      vertex 70 -70 -3
      vertex 60.5 48 -3
      vertex 70 70 -3
    endloop
  endfacet
  facet normal 0 0 -1
    outer loop
      vertex 60.4615 48.5874 -3
      vertex 70 70 -3
      vertex 60.5 48 -3
    endloop
  endfacet
  facet normal 0 0 -1
    outer loop
      vertex 60.3467 49.1647 -3
      vertex 70 70 -3
      vertex 60.4615 48.5874 -3
    endloop
  endfacet
  facet normal 0 0 -1
    outer loop
      vertex 58.3182 56.6212 -3
      vertex 70 70 -3
      vertex 60.3467 49.1647 -3
    endloop
  endfacet
  facet normal 0 0 -1
    outer loop
      vertex 58.2173 56.9184 -3
      vertex 70 70 -3
      vertex 58.3182 56.6212 -3
    endloop
  endfacet
  facet normal 0 0 -1
    outer loop
      vertex 58.0785 57.2 -3
      vertex 70 70 -3
      vertex 58.2173 56.9184 -3
    endloop
  endfacet
  facet normal 0 0 -1
    outer loop
      vertex 57.904 57.461 -3
      vertex 70 70 -3
      vertex 58.0785 57.2 -3
    endloop
  endfacet
  facet normal 0 0 -1
    outer loop
      vertex 57.6971 57.6971 -3
      vertex 70 70 -3
      vertex 57.904 57.461 -3
    endloop
  endfacet
  facet normal 0 0 -1
    outer loop
      vertex 57.461 57.904 -3
      vertex 70 70 -3
      vertex 57.6971 57.6971 -3
    endloop
  endfacet
  facet normal 0 0 -1
    outer loop
      vertex 57.2 58.0785 -3
      vertex 70 70 -3
      vertex 57.461 57.904 -3
    endloop
  endfacet
  facet normal 0 0 -1
    outer loop
      vertex 56.9184 58.2173 -3
      vertex 70 70 -3
      vertex 57.2 58.0785 -3
    endloop
  endfacet
  facet normal 0 0 -1
    outer loop
      vertex 56.6212 58.3182 -3
      vertex 70 70 -3
      vertex 56.9184 58.2173 -3
    endloop
  endfacet
  facet normal 0 0 -1
    outer loop
      vertex 56.3133 58.3795 -3
      vertex 70 70 -3
      vertex 56.6212 58.3182 -3
    endloop
  endfacet
  facet normal 0 0 -1
    outer loop
      vertex 56 58.4 -3
      vertex 70 70 -3
      vertex 56.3133 58.3795 -3
    endloop
  endfacet
  facet normal 0 0 -1
    outer loop
      vertex 55.6867 58.3795 -3
      vertex 70 70 -3
      vertex 56 58.4 -3
    endloop
  endfacet
  facet normal 0 0 -1
    outer loop
      vertex 55.3788 58.3182 -3
      vertex 70 70 -3
      vertex 55.6867 58.3795 -3
    endloop
  endfacet
  facet normal 0 0 -1
    outer loop
      vertex 55.0816 58.2173 -3
      vertex 70 70 -3
      vertex 55.3788 58.3182 -3
    endloop
  endfacet
  facet normal 0 0 -1
    outer loop
      vertex 54.8 58.0785 -3
      vertex 70 70 -3
      vertex 55.0816 58.2173 -3
    endloop
  endfacet
  facet normal 0 0 -1
    outer loop
      vertex -54.8 58.0785 -3
      vertex 54.8 58.0785 -3
      vertex 54.539 57.904 -3
    endloop
  endfacet
  facet normal 0 0 -1
    outer loop
      vertex 51.5385 47.4126 -3
      vertex -51.5 48 -3
      vertex 51.5 48 -3
    endloop
  endfacet
  facet normal 0 0 -1
    outer loop
      vertex 51.5 48 -3
      vertex -51.5 48 -3
      vertex 51.5385 48.5874 -3
    endloop
  endfacet
  facet normal 0 0 -1
    outer loop
      vertex -51.5385 48.5874 -3
      vertex 51.5385 48.5874 -3
      vertex -51.5 48 -3
    endloop
  endfacet
  facet normal 0 0 -1
    outer loop
      vertex 51.5385 48.5874 -3
      vertex -51.5385 48.5874 -3
      vertex 51.6533 49.1647 -3
    endloop
  endfacet
  facet normal 0 0 -1
    outer loop
      vertex -51.6533 49.1647 -3
      vertex 51.6533 49.1647 -3
      vertex -51.5385 48.5874 -3
    endloop
  endfacet
  facet normal 0 0 -1
    outer loop
      vertex 51.6533 49.1647 -3
      vertex -51.6533 49.1647 -3
      vertex 53.6818 56.6212 -3
    endloop
  endfacet
  facet normal 0 0 -1
    outer loop
      vertex -53.6818 56.6212 -3
      vertex 53.6818 56.6212 -3
      vertex -51.6533 49.1647 -3
    endloop
  endfacet
  facet normal 0 0 -1
    outer loop
      vertex 53.6818 56.6212 -3
      vertex -53.6818 56.6212 -3
      vertex 53.7827 56.9184 -3
    endloop
  endfacet
  facet normal 0 0 -1
    outer loop
      vertex -53.7827 56.9184 -3
      vertex 53.7827 56.9184 -3
      vertex -53.6818 56.6212 -3
    endloop
  endfacet
  facet normal 0 0 -1
    outer loop
      vertex 53.7827 56.9184 -3
      vertex -53.7827 56.9184 -3
      vertex 53.9215 57.2 -3
    endloop
  endfacet
  facet normal 0 0 -1
    outer loop
      vertex -53.9215 57.2 -3
      vertex 53.9215 57.2 -3
      vertex -53.7827 56.9184 -3
    endloop
  endfacet
  facet normal 0 0 -1
    outer loop
      vertex 53.9215 57.2 -3
      vertex -53.9215 57.2 -3
      vertex 54.096 57.461 -3
    endloop
  endfacet
  facet normal 0 0 -1
    outer loop
      vertex -54.096 57.461 -3
      vertex 54.096 57.461 -3
      vertex -53.9215 57.2 -3
    endloop
  endfacet
  facet normal 0 0 -1
    outer loop
      vertex 54.096 57.461 -3
      vertex -54.096 57.461 -3
      vertex 54.3029 57.6971 -3
    endloop
  endfacet
  facet normal 0 0 -1
    outer loop
      vertex -54.3029 57.6971 -3
      vertex 54.3029 57.6971 -3
      vertex -54.096 57.461 -3
    endloop
  endfacet
  facet normal 0 0 -1
    outer loop
      vertex 54.3029 57.6971 -3
      vertex -54.3029 57.6971 -3
      vertex 54.539 57.904 -3
    endloop
  endfacet
  facet normal 0 0 -1
    outer loop
      vertex -54.539 57.904 -3
      vertex 54.539 57.904 -3
      vertex -54.3029 57.6971 -3
    endloop
  endfacet
  facet normal 0 0 -1
    outer loop
      vertex -54.8 58.0785 -3
      vertex 54.539 57.904 -3
      vertex -54.539 57.904 -3
    endloop
  endfacet
  facet normal 0 0 -1
    outer loop
      vertex 54.8 58.0785 -3
      vertex -54.8 58.0785 -3
      vertex 70 70 -3
    endloop
  endfacet
  facet normal 0 0 -1
    outer loop
      vertex -70 70 -3
      vertex -54.8 58.0785 -3
      vertex -55.0816 58.2173 -3
    endloop
  endfacet
  facet normal 0 0 -1
    outer loop
      vertex -70 70 -3
      vertex -55.0816 58.2173 -3
      vertex -55.3788 58.3182 -3
    endloop
  endfacet
  facet normal 0 0 -1
    outer loop
      vertex -70 70 -3
      vertex -55.3788 58.3182 -3
      vertex -55.6867 58.3795 -3
    endloop
  endfacet
  facet normal 0 0 -1
    outer loop
      vertex -70 70 -3
      vertex -55.6867 58.3795 -3
      vertex -56 58.4 -3
    endloop
  endfacet
  facet normal 0 0 -1
    outer loop
      vertex -70 70 -3
      vertex -56 58.4 -3
      vertex -56.3133 58.3795 -3
    endloop
  endfacet
  facet normal 0 0 -1
    outer loop
      vertex -60.4615 47.4126 -3
      vertex -70 70 -3
      vertex -60.5 48 -3
    endloop
  endfacet
  facet normal 0 0 -1
    outer loop
      vertex -54.8 58.0785 -3
      vertex -70 70 -3
      vertex 70 70 -3
    endloop
  endfacet
  facet normal 0 0 -1
    outer loop
      vertex -56.6212 58.3182 -3
      vertex -70 70 -3
      vertex -56.3133 58.3795 -3
    endloop
  endfacet
  facet normal 0 0 -1
    outer loop
      vertex -56.9184 58.2173 -3
      vertex -70 70 -3
      vertex -56.6212 58.3182 -3
    endloop
  endfacet
  facet normal 0 0 -1
    outer loop
      vertex -57.2 58.0785 -3
      vertex -70 70 -3
      vertex -56.9184 58.2173 -3
    endloop
  endfacet
  facet normal 0 0 -1
    outer loop
      vertex -57.461 57.904 -3
      vertex -70 70 -3
      vertex -57.2 58.0785 -3
    endloop
  endfacet
  facet normal 0 0 -1
    outer loop
      vertex -57.6971 57.6971 -3
      vertex -70 70 -3
      vertex -57.461 57.904 -3
    endloop
  endfacet
  facet normal 0 0 -1
    outer loop
      vertex -57.904 57.461 -3
      vertex -70 70 -3
      vertex -57.6971 57.6971 -3
    endloop
  endfacet
  facet normal 0 0 -1
    outer loop
      vertex -58.0785 57.2 -3
      vertex -70 70 -3
      vertex -57.904 57.461 -3
    endloop
  endfacet
  facet normal 0 0 -1
    outer loop
      vertex -58.2173 56.9184 -3
      vertex -70 70 -3
      vertex -58.0785 57.2 -3
    endloop
  endfacet
  facet normal 0 0 -1
    outer loop
      vertex -58.3182 56.6212 -3
      vertex -70 70 -3
      vertex -58.2173 56.9184 -3
    endloop
  endfacet
  facet normal 0 0 -1
    outer loop
      vertex -60.3467 49.1647 -3
      vertex -70 70 -3
      vertex -58.3182 56.6212 -3
    endloop
  endfacet
  facet normal 0 0 -1
    outer loop
      vertex -60.4615 48.5874 -3
      vertex -70 70 -3
      vertex -60.3467 49.1647 -3
    endloop
  endfacet
  facet normal 0 0 -1
    outer loop
      vertex -60.5 48 -3
      vertex -70 70 -3
      vertex -60.4615 48.5874 -3
    endloop
  endfacet
  facet normal -0 0 1
    outer loop
      vertex -53.9215 -54.8 0
      vertex -1.5 -66 0
      vertex -1.5 -1.5 0
    endloop
  endfacet
  facet normal 0 0 1
    outer loop
      vertex -1.5 -66 0
      vertex -51.5385 -63.4126 0
      vertex -51.5 -64 0
    endloop
  endfacet
  facet normal 0 0 1
    outer loop
      vertex -1.5 -66 0
      vertex -51.6533 -62.8353 0
      vertex -51.5385 -63.4126 0
    endloop
  endfacet
  facet normal 0 0 1
    outer loop
      vertex -1.5 -66 0
      vertex -53.6818 -55.3788 0
      vertex -51.6533 -62.8353 0
    endloop
  endfacet
  facet normal 0 0 1
    outer loop
      vertex -1.5 -66 0
      vertex -53.7827 -55.0816 0
      vertex -53.6818 -55.3788 0
    endloop
  endfacet
  facet normal 0 0 1
    outer loop
      vertex -1.5 -66 0
      vertex -53.9215 -54.8 0
      vertex -53.7827 -55.0816 0
    endloop
  endfacet
  facet normal 0 0 1
    outer loop
      vertex -1.5 -1.5 0
      vertex -54.096 -54.539 0
      vertex -53.9215 -54.8 0
    endloop
  endfacet
  facet normal 0 0 1
    outer loop
      vertex -1.5 -1.5 0
      vertex -54.3029 -54.3029 0
      vertex -54.096 -54.539 0
    endloop
  endfacet
  facet normal 0 0 1
    outer loop
      vertex -1.5 -1.5 0
      vertex -54.539 -54.096 0
      vertex -54.3029 -54.3029 0
    endloop
  endfacet
  facet normal 0 0 1
    outer loop
      vertex -1.5 -1.5 0
      vertex -54.8 -53.9215 0
      vertex -54.539 -54.096 0
    endloop
  endfacet
  facet normal -0 0 1
    outer loop
      vertex -66 -1.5 0
      vertex -54.8 -53.9215 0
      vertex -1.5 -1.5 0
    endloop
  endfacet
  facet normal 0 0 1
    outer loop
      vertex -54.8 -53.9215 0
      vertex -66 -1.5 0
      vertex -55.0816 -53.7827 0
    endloop
  endfacet
  facet normal 0 0 1
    outer loop
      vertex -55.0816 -53.7827 0
      vertex -66 -1.5 0
      vertex -55.3788 -53.6818 0
    endloop
  endfacet
  facet normal 0 0 1
    outer loop
      vertex -55.3788 -53.6818 0
      vertex -66 -1.5 0
      vertex -55.6867 -53.6205 0
    endloop
  endfacet
  facet normal 0 0 1
    outer loop
      vertex -55.6867 -53.6205 0
      vertex -66 -1.5 0
      vertex -56 -53.6 0
    endloop
  endfacet
  facet normal 0 0 1
    outer loop
      vertex -56 -53.6 0
      vertex -66 -1.5 0
      vertex -56.3133 -53.6205 0
    endloop
  endfacet
  facet normal 0 0 1
    outer loop
      vertex -56.3133 -53.6205 0
      vertex -66 -1.5 0
      vertex -56.6212 -53.6818 0
    endloop
  endfacet
  facet normal 0 0 1
    outer loop
      vertex -56.6212 -53.6818 0
      vertex -66 -1.5 0
      vertex -56.9184 -53.7827 0
    endloop
  endfacet
  facet normal 0 0 1
    outer loop
      vertex -56.9184 -53.7827 0
      vertex -66 -1.5 0
      vertex -57.2 -53.9215 0
    endloop
  endfacet
  facet normal 0 0 1
    outer loop
      vertex -57.2 -53.9215 0
      vertex -66 -1.5 0
      vertex -57.461 -54.096 0
    endloop
  endfacet
  facet normal 0 0 1
    outer loop
      vertex -60.3467 -62.8353 0
      vertex -70 -70 0
      vertex -60.4615 -63.4126 0
    endloop
  endfacet
  facet normal 0 0 1
    outer loop
      vertex -58.3182 -55.3788 0
      vertex -70 -70 0
      vertex -60.3467 -62.8353 0
    endloop
  endfacet
  facet normal 0 0 1
    outer loop
      vertex -58.2173 -55.0816 0
      vertex -70 -70 0
      vertex -58.3182 -55.3788 0
    endloop
  endfacet
  facet normal 0 0 1
    outer loop
      vertex -70 -70 0
      vertex -58.2173 -55.0816 0
      vertex -66 -1.5 0
    endloop
  endfacet
  facet normal 0 0 1
    outer loop
      vertex -58.0785 -54.8 0
      vertex -66 -1.5 0
      vertex -58.2173 -55.0816 0
    endloop
  endfacet
  facet normal 0 0 1
    outer loop
      vertex -57.904 -54.539 0
      vertex -66 -1.5 0
      vertex -58.0785 -54.8 0
    endloop
  endfacet
  facet normal 0 0 1
    outer loop
      vertex -57.6971 -54.3029 0
      vertex -66 -1.5 0
      vertex -57.904 -54.539 0
    endloop
  endfacet
  facet normal 0 0 1
    outer loop
      vertex -57.461 -54.096 0
      vertex -66 -1.5 0
      vertex -57.6971 -54.3029 0
    endloop
  endfacet
  facet normal 0 0 1
    outer loop
      vertex -51.6533 46.8353 0
      vertex -1.5 66 0
      vertex -51.5385 47.4126 0
    endloop
  endfacet
  facet normal 0 0 1
    outer loop
      vertex -51.8425 46.2779 0
      vertex -1.5 66 0
      vertex -51.6533 46.8353 0
    endloop
  endfacet
  facet normal 0 0 1
    outer loop
      vertex -1.5 66 0
      vertex -51.8425 46.2779 0
      vertex -1.5 1.5 0
    endloop
  endfacet
  facet normal -0 0 1
    outer loop
      vertex -52.1029 45.75 0
      vertex -1.5 1.5 0
      vertex -51.8425 46.2779 0
    endloop
  endfacet
  facet normal -0 0 1
    outer loop
      vertex -52.4299 45.2606 0
      vertex -1.5 1.5 0
      vertex -52.1029 45.75 0
    endloop
  endfacet
  facet normal -0 0 1
    outer loop
      vertex -52.818 44.818 0
      vertex -1.5 1.5 0
      vertex -52.4299 45.2606 0
    endloop
  endfacet
  facet normal -0 0 1
    outer loop
      vertex -53.2606 44.4299 0
      vertex -1.5 1.5 0
      vertex -52.818 44.818 0
    endloop
  endfacet
  facet normal -0 0 1
    outer loop
      vertex -53.75 44.1029 0
      vertex -1.5 1.5 0
      vertex -53.2606 44.4299 0
    endloop
  endfacet
  facet normal 0 0 1
    outer loop
      vertex -66 1.5 0
      vertex -53.75 44.1029 0
      vertex -54.2779 43.8425 0
    endloop
  endfacet
  facet normal 0 0 1
    outer loop
      vertex -66 1.5 0
      vertex -54.2779 43.8425 0
      vertex -54.8353 43.6533 0
    endloop
  endfacet
  facet normal 0 0 1
    outer loop
      vertex -66 1.5 0
      vertex -54.8353 43.6533 0
      vertex -55.4126 43.5385 0
    endloop
  endfacet
  facet normal 0 0 1
    outer loop
      vertex -66 1.5 0
      vertex -55.4126 43.5385 0
      vertex -56 43.5 0
    endloop
  endfacet
  facet normal 0 0 1
    outer loop
      vertex -66 1.5 0
      vertex -56 43.5 0
      vertex -56.5874 43.5385 0
    endloop
  endfacet
  facet normal 0 0 1
    outer loop
      vertex -66 1.5 0
      vertex -56.5874 43.5385 0
      vertex -57.1647 43.6533 0
    endloop
  endfacet
  facet normal 0 0 1
    outer loop
      vertex -66 1.5 0
      vertex -57.1647 43.6533 0
      vertex -57.7221 43.8425 0
    endloop
  endfacet
  facet normal 0 0 1
    outer loop
      vertex -66 1.5 0
      vertex -57.7221 43.8425 0
      vertex -58.25 44.1029 0
    endloop
  endfacet
  facet normal 0 0 1
    outer loop
      vertex -66 1.5 0
      vertex -58.25 44.1029 0
      vertex -58.7394 44.4299 0
    endloop
  endfacet
  facet normal 0 0 1
    outer loop
      vertex -53.75 44.1029 0
      vertex -66 1.5 0
      vertex -1.5 1.5 0
    endloop
  endfacet
  facet normal 0 0 1
    outer loop
      vertex -59.182 44.818 0
      vertex -66 1.5 0
      vertex -58.7394 44.4299 0
    endloop
  endfacet
  facet normal 0 0 1
    outer loop
      vertex -59.5701 45.2606 0
      vertex -66 1.5 0
      vertex -59.182 44.818 0
    endloop
  endfacet
  facet normal 0 0 1
    outer loop
      vertex -59.8971 45.75 0
      vertex -66 1.5 0
      vertex -59.5701 45.2606 0
    endloop
  endfacet
  facet normal 0 0 1
    outer loop
      vertex -60.1575 46.2779 0
      vertex -66 1.5 0
      vertex -59.8971 45.75 0
    endloop
  endfacet
  facet normal 0 0 1
    outer loop
      vertex -60.3467 46.8353 0
      vertex -66 1.5 0
      vertex -60.1575 46.2779 0
    endloop
  endfacet
  facet normal 0 0 1
    outer loop
      vertex -70 70 0
      vertex -60.3467 46.8353 0
      vertex -60.4615 47.4126 0
    endloop
  endfacet
  facet normal 0 0 1
    outer loop
      vertex -70 70 0
      vertex -60.4615 47.4126 0
      vertex -60.5 48 0
    endloop
  endfacet
  facet normal 0 0 1
    outer loop
      vertex 70 -70 0
      vertex 60.4615 -63.4126 0
      vertex 60.5 -64 0
    endloop
  endfacet
  facet normal 0 0 1
    outer loop
      vertex 70 -70 0
      vertex 60.3467 -62.8353 0
      vertex 60.4615 -63.4126 0
    endloop
  endfacet
  facet normal 0 0 1
    outer loop
      vertex 70 -70 0
      vertex 58.3182 -55.3788 0
      vertex 60.3467 -62.8353 0
    endloop
  endfacet
  facet normal 0 0 1
    outer loop
      vertex 70 -70 0
      vertex 58.2173 -55.0816 0
      vertex 58.3182 -55.3788 0
    endloop
  endfacet
  facet normal 0 0 1
    outer loop
      vertex 66 -1.5 0
      vertex 58.0785 -54.8 0
      vertex 58.2173 -55.0816 0
    endloop
  endfacet
  facet normal 0 0 1
    outer loop
      vertex 66 -1.5 0
      vertex 57.904 -54.539 0
      vertex 58.0785 -54.8 0
    endloop
  endfacet
  facet normal 0 0 1
    outer loop
      vertex 66 -1.5 0
      vertex 57.6971 -54.3029 0
      vertex 57.904 -54.539 0
    endloop
  endfacet
  facet normal 0 0 1
    outer loop
      vertex 66 -1.5 0
      vertex 57.461 -54.096 0
      vertex 57.6971 -54.3029 0
    endloop
  endfacet
  facet normal 0 0 1
    outer loop
      vertex 66 -1.5 0
      vertex 57.2 -53.9215 0
      vertex 57.461 -54.096 0
    endloop
  endfacet
  facet normal 0 0 1
    outer loop
      vertex 66 -1.5 0
      vertex 56.9184 -53.7827 0
      vertex 57.2 -53.9215 0
    endloop
  endfacet
  facet normal 0 0 1
    outer loop
      vertex 66 -1.5 0
      vertex 56.6212 -53.6818 0
      vertex 56.9184 -53.7827 0
    endloop
  endfacet
  facet normal 0 0 1
    outer loop
      vertex 66 -1.5 0
      vertex 56.3133 -53.6205 0
      vertex 56.6212 -53.6818 0
    endloop
  endfacet
  facet normal 0 0 1
    outer loop
      vertex 66 -1.5 0
      vertex 56 -53.6 0
      vertex 56.3133 -53.6205 0
    endloop
  endfacet
  facet normal 0 0 1
    outer loop
      vertex 66 -1.5 0
      vertex 55.6867 -53.6205 0
      vertex 56 -53.6 0
    endloop
  endfacet
  facet normal 0 0 1
    outer loop
      vertex 66 -1.5 0
      vertex 55.3788 -53.6818 0
      vertex 55.6867 -53.6205 0
    endloop
  endfacet
  facet normal 0 0 1
    outer loop
      vertex 66 -1.5 0
      vertex 55.0816 -53.7827 0
      vertex 55.3788 -53.6818 0
    endloop
  endfacet
  facet normal 0 0 1
    outer loop
      vertex 66 -1.5 0
      vertex 54.8 -53.9215 0
      vertex 55.0816 -53.7827 0
    endloop
  endfacet
  facet normal 0 0 1
    outer loop
      vertex 66 -1.5 0
      vertex 54.539 -54.096 0
      vertex 54.8 -53.9215 0
    endloop
  endfacet
  facet normal -0 0 1
    outer loop
      vertex 1.5 -1.5 0
      vertex 54.539 -54.096 0
      vertex 66 -1.5 0
    endloop
  endfacet
  facet normal 0 0 1
    outer loop
      vertex 54.539 -54.096 0
      vertex 1.5 -1.5 0
      vertex 54.3029 -54.3029 0
    endloop
  endfacet
  facet normal 0 0 1
    outer loop
      vertex 54.3029 -54.3029 0
      vertex 1.5 -1.5 0
      vertex 54.096 -54.539 0
    endloop
  endfacet
  facet normal 0 0 1
    outer loop
      vertex 54.096 -54.539 0
      vertex 1.5 -1.5 0
      vertex 53.9215 -54.8 0
    endloop
  endfacet
  facet normal 0 0 1
    outer loop
      vertex 1.5 -66 0
      vertex 53.9215 -54.8 0
      vertex 1.5 -1.5 0
    endloop
  endfacet
  facet normal 0 0 1
    outer loop
      vertex 53.9215 -54.8 0
      vertex 1.5 -66 0
      vertex 53.7827 -55.0816 0
    endloop
  endfacet
  facet normal 0 0 1
    outer loop
      vertex 51.6533 -62.8353 0
      vertex 1.5 -66 0
      vertex 51.5385 -63.4126 0
    endloop
  endfacet
  facet normal 0 0 1
    outer loop
      vertex 53.6818 -55.3788 0
      vertex 1.5 -66 0
      vertex 51.6533 -62.8353 0
    endloop
  endfacet
  facet normal 0 0 1
    outer loop
      vertex 53.7827 -55.0816 0
      vertex 1.5 -66 0
      vertex 53.6818 -55.3788 0
    endloop
  endfacet
  facet normal 0 0 1
    outer loop
      vertex 70 70 0
      vertex 66 1.5 0
      vertex 70 -70 0
    endloop
  endfacet
  facet normal 0 0 1
    outer loop
      vertex 60.4615 47.4126 0
      vertex 70 70 0
      vertex 60.5 48 0
    endloop
  endfacet
  facet normal 0 0 1
    outer loop
      vertex 70 70 0
      vertex 60.4615 48.5874 0
      vertex 60.5 48 0
    endloop
  endfacet
  facet normal 0 0 1
    outer loop
      vertex 70 70 0
      vertex 60.3467 49.1647 0
      vertex 60.4615 48.5874 0
    endloop
  endfacet
  facet normal 0 0 1
    outer loop
      vertex 70 70 0
      vertex 58.3182 56.6212 0
      vertex 60.3467 49.1647 0
    endloop
  endfacet
  facet normal 0 0 1
    outer loop
      vertex 70 70 0
      vertex 58.2173 56.9184 0
      vertex 58.3182 56.6212 0
    endloop
  endfacet
  facet normal 0 0 1
    outer loop
      vertex 70 70 0
      vertex 58.0785 57.2 0
      vertex 58.2173 56.9184 0
    endloop
  endfacet
  facet normal 0 0 1
    outer loop
      vertex 70 70 0
      vertex 57.904 57.461 0
      vertex 58.0785 57.2 0
    endloop
  endfacet
  facet normal 0 0 1
    outer loop
      vertex 70 70 0
      vertex 57.6971 57.6971 0
      vertex 57.904 57.461 0
    endloop
  endfacet
  facet normal 0 0 1
    outer loop
      vertex 70 70 0
      vertex 57.461 57.904 0
      vertex 57.6971 57.6971 0
    endloop
  endfacet
  facet normal 0 0 1
    outer loop
      vertex 70 70 0
      vertex 57.2 58.0785 0
      vertex 57.461 57.904 0
    endloop
  endfacet
  facet normal 0 0 1
    outer loop
      vertex 70 70 0
      vertex 56.9184 58.2173 0
      vertex 57.2 58.0785 0
    endloop
  endfacet
  facet normal 0 0 1
    outer loop
      vertex 70 70 0
      vertex 56.6212 58.3182 0
      vertex 56.9184 58.2173 0
    endloop
  endfacet
  facet normal 0 0 1
    outer loop
      vertex 70 70 0
      vertex 56.3133 58.3795 0
      vertex 56.6212 58.3182 0
    endloop
  endfacet
  facet normal 0 0 1
    outer loop
      vertex 70 70 0
      vertex 56 58.4 0
      vertex 56.3133 58.3795 0
    endloop
  endfacet
  facet normal 0 0 1
    outer loop
      vertex 70 70 0
      vertex 55.6867 58.3795 0
      vertex 56 58.4 0
    endloop
  endfacet
  facet normal 0 0 1
    outer loop
      vertex 70 70 0
      vertex 55.3788 58.3182 0
      vertex 55.6867 58.3795 0
    endloop
  endfacet
  facet normal 0 0 1
    outer loop
      vertex 70 70 0
      vertex 55.0816 58.2173 0
      vertex 55.3788 58.3182 0
    endloop
  endfacet
  facet normal 0 0 1
    outer loop
      vertex 70 70 0
      vertex 54.8 58.0785 0
      vertex 55.0816 58.2173 0
    endloop
  endfacet
  facet normal -0 0 1
    outer loop
      vertex 1.5 66 0
      vertex 54.8 58.0785 0
      vertex 70 70 0
    endloop
  endfacet
  facet normal 0 0 1
    outer loop
      vertex 51.5385 48.5874 0
      vertex 1.5 66 0
      vertex 51.5 48 0
    endloop
  endfacet
  facet normal 0 0 1
    outer loop
      vertex 51.6533 49.1647 0
      vertex 1.5 66 0
      vertex 51.5385 48.5874 0
    endloop
  endfacet
  facet normal 0 0 1
    outer loop
      vertex 53.6818 56.6212 0
      vertex 1.5 66 0
      vertex 51.6533 49.1647 0
    endloop
  endfacet
  facet normal 0 0 1
    outer loop
      vertex 53.7827 56.9184 0
      vertex 1.5 66 0
      vertex 53.6818 56.6212 0
    endloop
  endfacet
  facet normal 0 0 1
    outer loop
      vertex 53.9215 57.2 0
      vertex 1.5 66 0
      vertex 53.7827 56.9184 0
    endloop
  endfacet
  facet normal 0 0 1
    outer loop
      vertex 54.096 57.461 0
      vertex 1.5 66 0
      vertex 53.9215 57.2 0
    endloop
  endfacet
  facet normal 0 0 1
    outer loop
      vertex 54.3029 57.6971 0
      vertex 1.5 66 0
      vertex 54.096 57.461 0
    endloop
  endfacet
  facet normal 0 0 1
    outer loop
      vertex 54.539 57.904 0
      vertex 1.5 66 0
      vertex 54.3029 57.6971 0
    endloop
  endfacet
  facet normal 0 0 1
    outer loop
      vertex 54.8 58.0785 0
      vertex 1.5 66 0
      vertex 54.539 57.904 0
    endloop
  endfacet
  facet normal 0 0 1
    outer loop
      vertex 70 70 0
      vertex -1.5 66 0
      vertex 1.5 66 0
    endloop
  endfacet
  facet normal 0 0 1
    outer loop
      vertex -51.5385 47.4126 0
      vertex -1.5 66 0
      vertex -51.5 48 0
    endloop
  endfacet
  facet normal 0 0 1
    outer loop
      vertex -1.5 66 0
      vertex -51.5385 48.5874 0
      vertex -51.5 48 0
    endloop
  endfacet
  facet normal 0 0 1
    outer loop
      vertex -1.5 66 0
      vertex -51.6533 49.1647 0
      vertex -51.5385 48.5874 0
    endloop
  endfacet
  facet normal 0 0 1
    outer loop
      vertex -1.5 66 0
      vertex -53.6818 56.6212 0
      vertex -51.6533 49.1647 0
    endloop
  endfacet
  facet normal 0 0 1
    outer loop
      vertex -1.5 66 0
      vertex -53.7827 56.9184 0
      vertex -53.6818 56.6212 0
    endloop
  endfacet
  facet normal 0 0 1
    outer loop
      vertex -1.5 66 0
      vertex -53.9215 57.2 0
      vertex -53.7827 56.9184 0
    endloop
  endfacet
  facet normal 0 0 1
    outer loop
      vertex -1.5 66 0
      vertex -54.096 57.461 0
      vertex -53.9215 57.2 0
    endloop
  endfacet
  facet normal 0 0 1
    outer loop
      vertex -1.5 66 0
      vertex -54.3029 57.6971 0
      vertex -54.096 57.461 0
    endloop
  endfacet
  facet normal 0 0 1
    outer loop
      vertex -1.5 66 0
      vertex -54.539 57.904 0
      vertex -54.3029 57.6971 0
    endloop
  endfacet
  facet normal 0 0 1
    outer loop
      vertex -1.5 66 0
      vertex -54.8 58.0785 0
      vertex -54.539 57.904 0
    endloop
  endfacet
  facet normal 0 0 1
    outer loop
      vertex -1.5 66 0
      vertex -55.0816 58.2173 0
      vertex -54.8 58.0785 0
    endloop
  endfacet
  facet normal 0 0 1
    outer loop
      vertex -70 70 0
      vertex -55.0816 58.2173 0
      vertex -1.5 66 0
    endloop
  endfacet
  facet normal 0 0 1
    outer loop
      vertex -55.0816 58.2173 0
      vertex -70 70 0
      vertex -55.3788 58.3182 0
    endloop
  endfacet
  facet normal 0 0 1
    outer loop
      vertex -55.3788 58.3182 0
      vertex -70 70 0
      vertex -55.6867 58.3795 0
    endloop
  endfacet
  facet normal 0 0 1
    outer loop
      vertex -55.6867 58.3795 0
      vertex -70 70 0
      vertex -56 58.4 0
    endloop
  endfacet
  facet normal 0 0 1
    outer loop
      vertex -70 70 0
      vertex -60.5 48 0
      vertex -60.4615 48.5874 0
    endloop
  endfacet
  facet normal 0 0 1
    outer loop
      vertex -66 1.5 0
      vertex -70 70 0
      vertex -66 -1.5 0
    endloop
  endfacet
  facet normal 0 0 1
    outer loop
      vertex -60.3467 46.8353 0
      vertex -70 70 0
      vertex -66 1.5 0
    endloop
  endfacet
  facet normal 0 0 1
    outer loop
      vertex -60.3467 49.1647 0
      vertex -70 70 0
      vertex -60.4615 48.5874 0
    endloop
  endfacet
  facet normal 0 0 1
    outer loop
      vertex -58.3182 56.6212 0
      vertex -70 70 0
      vertex -60.3467 49.1647 0
    endloop
  endfacet
  facet normal 0 0 1
    outer loop
      vertex -58.2173 56.9184 0
      vertex -70 70 0
      vertex -58.3182 56.6212 0
    endloop
  endfacet
  facet normal 0 0 1
    outer loop
      vertex -58.0785 57.2 0
      vertex -70 70 0
      vertex -58.2173 56.9184 0
    endloop
  endfacet
  facet normal 0 0 1
    outer loop
      vertex -57.904 57.461 0
      vertex -70 70 0
      vertex -58.0785 57.2 0
    endloop
  endfacet
  facet normal 0 0 1
    outer loop
      vertex -57.6971 57.6971 0
      vertex -70 70 0
      vertex -57.904 57.461 0
    endloop
  endfacet
  facet normal 0 0 1
    outer loop
      vertex -57.461 57.904 0
      vertex -70 70 0
      vertex -57.6971 57.6971 0
    endloop
  endfacet
  facet normal 0 0 1
    outer loop
      vertex -57.2 58.0785 0
      vertex -70 70 0
      vertex -57.461 57.904 0
    endloop
  endfacet
  facet normal 0 0 1
    outer loop
      vertex -56.9184 58.2173 0
      vertex -70 70 0
      vertex -57.2 58.0785 0
    endloop
  endfacet
  facet normal 0 0 1
    outer loop
      vertex -56.6212 58.3182 0
      vertex -70 70 0
      vertex -56.9184 58.2173 0
    endloop
  endfacet
  facet normal 0 0 1
    outer loop
      vertex -56.3133 58.3795 0
      vertex -70 70 0
      vertex -56.6212 58.3182 0
    endloop
  endfacet
  facet normal 0 0 1
    outer loop
      vertex -56 58.4 0
      vertex -70 70 0
      vertex -56.3133 58.3795 0
    endloop
  endfacet
  facet normal -0 0 1
    outer loop
      vertex -70 70 0
      vertex -1.5 66 0
      vertex 70 70 0
    endloop
  endfacet
  facet normal -0 0 1
    outer loop
      vertex 66 -1.5 0
      vertex 70 -70 0
      vertex 66 1.5 0
    endloop
  endfacet
  facet normal -0 0 1
    outer loop
      vertex 58.2173 -55.0816 0
      vertex 70 -70 0
      vertex 66 -1.5 0
    endloop
  endfacet
  facet normal -0 0 1
    outer loop
      vertex 60.4615 -64.5874 0
      vertex 70 -70 0
      vertex 60.5 -64 0
    endloop
  endfacet
  facet normal -0 0 1
    outer loop
      vertex 60.3467 -65.1647 0
      vertex 70 -70 0
      vertex 60.4615 -64.5874 0
    endloop
  endfacet
  facet normal -0 0 1
    outer loop
      vertex 60.1575 -65.7221 0
      vertex 70 -70 0
      vertex 60.3467 -65.1647 0
    endloop
  endfacet
  facet normal -0 0 1
    outer loop
      vertex 59.8971 -66.25 0
      vertex 70 -70 0
      vertex 60.1575 -65.7221 0
    endloop
  endfacet
  facet normal -0 0 1
    outer loop
      vertex 59.5701 -66.7394 0
      vertex 70 -70 0
      vertex 59.8971 -66.25 0
    endloop
  endfacet
  facet normal -0 0 1
    outer loop
      vertex 59.182 -67.182 0
      vertex 70 -70 0
      vertex 59.5701 -66.7394 0
    endloop
  endfacet
  facet normal -0 0 1
    outer loop
      vertex 58.7394 -67.5701 0
      vertex 70 -70 0
      vertex 59.182 -67.182 0
    endloop
  endfacet
  facet normal -0 0 1
    outer loop
      vertex 58.25 -67.8971 0
      vertex 70 -70 0
      vertex 58.7394 -67.5701 0
    endloop
  endfacet
  facet normal -0 0 1
    outer loop
      vertex 57.7221 -68.1575 0
      vertex 70 -70 0
      vertex 58.25 -67.8971 0
    endloop
  endfacet
  facet normal -0 0 1
    outer loop
      vertex 57.1647 -68.3467 0
      vertex 70 -70 0
      vertex 57.7221 -68.1575 0
    endloop
  endfacet
  facet normal -0 0 1
    outer loop
      vertex 56.5874 -68.4615 0
      vertex 70 -70 0
      vertex 57.1647 -68.3467 0
    endloop
  endfacet
  facet normal -0 0 1
    outer loop
      vertex 56 -68.5 0
      vertex 70 -70 0
      vertex 56.5874 -68.4615 0
    endloop
  endfacet
  facet normal 0 0 1
    outer loop
      vertex 55.4126 -68.4615 0
      vertex 70 -70 0
      vertex 56 -68.5 0
    endloop
  endfacet
  facet normal 0 0 1
    outer loop
      vertex 51.5385 -63.4126 0
      vertex 1.5 -66 0
      vertex 51.5 -64 0
    endloop
  endfacet
  facet normal 0 0 1
    outer loop
      vertex 51.5 -64 0
      vertex 1.5 -66 0
      vertex 51.5385 -64.5874 0
    endloop
  endfacet
  facet normal 0 0 1
    outer loop
      vertex 51.5385 -64.5874 0
      vertex 1.5 -66 0
      vertex 51.6533 -65.1647 0
    endloop
  endfacet
  facet normal 0 0 1
    outer loop
      vertex 51.6533 -65.1647 0
      vertex 1.5 -66 0
      vertex 51.8425 -65.7221 0
    endloop
  endfacet
  facet normal 0 0 1
    outer loop
      vertex 51.8425 -65.7221 0
      vertex 1.5 -66 0
      vertex 52.1029 -66.25 0
    endloop
  endfacet
  facet normal 0 0 1
    outer loop
      vertex 52.1029 -66.25 0
      vertex 1.5 -66 0
      vertex 52.4299 -66.7394 0
    endloop
  endfacet
  facet normal 0 0 1
    outer loop
      vertex 1.5 -66 0
      vertex 52.818 -67.182 0
      vertex 52.4299 -66.7394 0
    endloop
  endfacet
  facet normal 0 0 1
    outer loop
      vertex 1.5 -66 0
      vertex 53.2606 -67.5701 0
      vertex 52.818 -67.182 0
    endloop
  endfacet
  facet normal 0 0 1
    outer loop
      vertex 1.5 -66 0
      vertex 53.75 -67.8971 0
      vertex 53.2606 -67.5701 0
    endloop
  endfacet
  facet normal 0 0 1
    outer loop
      vertex 1.5 -66 0
      vertex 54.2779 -68.1575 0
      vertex 53.75 -67.8971 0
    endloop
  endfacet
  facet normal 0 0 1
    outer loop
      vertex 1.5 -66 0
      vertex 54.8353 -68.3467 0
      vertex 54.2779 -68.1575 0
    endloop
  endfacet
  facet normal 0 0 1
    outer loop
      vertex 1.5 -66 0
      vertex 55.4126 -68.4615 0
      vertex 54.8353 -68.3467 0
    endloop
  endfacet
  facet normal 0 0 1
    outer loop
      vertex 1.5 -66 0
      vertex 70 -70 0
      vertex 55.4126 -68.4615 0
    endloop
  endfacet
  facet normal -0 0 1
    outer loop
      vertex -1.5 -66 0
      vertex 70 -70 0
      vertex 1.5 -66 0
    endloop
  endfacet
  facet normal -0 0 1
    outer loop
      vertex -51.5385 -64.5874 0
      vertex -1.5 -66 0
      vertex -51.5 -64 0
    endloop
  endfacet
  facet normal -0 0 1
    outer loop
      vertex -51.6533 -65.1647 0
      vertex -1.5 -66 0
      vertex -51.5385 -64.5874 0
    endloop
  endfacet
  facet normal -0 0 1
    outer loop
      vertex -51.8425 -65.7221 0
      vertex -1.5 -66 0
      vertex -51.6533 -65.1647 0
    endloop
  endfacet
  facet normal 0 0 1
    outer loop
      vertex -52.1029 -66.25 0
      vertex -1.5 -66 0
      vertex -51.8425 -65.7221 0
    endloop
  endfacet
  facet normal 0 0 1
    outer loop
      vertex -52.4299 -66.7394 0
      vertex -1.5 -66 0
      vertex -52.1029 -66.25 0
    endloop
  endfacet
  facet normal 0 0 1
    outer loop
      vertex -52.818 -67.182 0
      vertex -1.5 -66 0
      vertex -52.4299 -66.7394 0
    endloop
  endfacet
  facet normal 0 0 1
    outer loop
      vertex -53.2606 -67.5701 0
      vertex -1.5 -66 0
      vertex -52.818 -67.182 0
    endloop
  endfacet
  facet normal 0 0 1
    outer loop
      vertex -53.75 -67.8971 0
      vertex -1.5 -66 0
      vertex -53.2606 -67.5701 0
    endloop
  endfacet
  facet normal 0 0 1
    outer loop
      vertex -54.2779 -68.1575 0
      vertex -1.5 -66 0
      vertex -53.75 -67.8971 0
    endloop
  endfacet
  facet normal 0 0 1
    outer loop
      vertex -54.8353 -68.3467 0
      vertex -1.5 -66 0
      vertex -54.2779 -68.1575 0
    endloop
  endfacet
  facet normal 0 0 1
    outer loop
      vertex -55.4126 -68.4615 0
      vertex -1.5 -66 0
      vertex -54.8353 -68.3467 0
    endloop
  endfacet
  facet normal 0 0 1
    outer loop
      vertex -1.5 -66 0
      vertex -55.4126 -68.4615 0
      vertex 70 -70 0
    endloop
  endfacet
  facet normal 0 0 1
    outer loop
      vertex -70 -70 0
      vertex -55.4126 -68.4615 0
      vertex -56 -68.5 0
    endloop
  endfacet
  facet normal 0 0 1
    outer loop
      vertex -60.4615 -63.4126 0
      vertex -70 -70 0
      vertex -60.5 -64 0
    endloop
  endfacet
  facet normal 0 0 1
    outer loop
      vertex -55.4126 -68.4615 0
      vertex -70 -70 0
      vertex 70 -70 0
    endloop
  endfacet
  facet normal 0 0 1
    outer loop
      vertex -56.5874 -68.4615 0
      vertex -70 -70 0
      vertex -56 -68.5 0
    endloop
  endfacet
  facet normal 0 0 1
    outer loop
      vertex -57.1647 -68.3467 0
      vertex -70 -70 0
      vertex -56.5874 -68.4615 0
    endloop
  endfacet
  facet normal 0 0 1
    outer loop
      vertex -57.7221 -68.1575 0
      vertex -70 -70 0
      vertex -57.1647 -68.3467 0
    endloop
  endfacet
  facet normal 0 0 1
    outer loop
      vertex -58.25 -67.8971 0
      vertex -70 -70 0
      vertex -57.7221 -68.1575 0
    endloop
  endfacet
  facet normal 0 0 1
    outer loop
      vertex -58.7394 -67.5701 0
      vertex -70 -70 0
      vertex -58.25 -67.8971 0
    endloop
  endfacet
  facet normal 0 0 1
    outer loop
      vertex -59.182 -67.182 0
      vertex -70 -70 0
      vertex -58.7394 -67.5701 0
    endloop
  endfacet
  facet normal 0 0 1
    outer loop
      vertex -59.5701 -66.7394 0
      vertex -70 -70 0
      vertex -59.182 -67.182 0
    endloop
  endfacet
  facet normal 0 0 1
    outer loop
      vertex -59.8971 -66.25 0
      vertex -70 -70 0
      vertex -59.5701 -66.7394 0
    endloop
  endfacet
  facet normal 0 0 1
    outer loop
      vertex -60.1575 -65.7221 0
      vertex -70 -70 0
      vertex -59.8971 -66.25 0
    endloop
  endfacet
  facet normal 0 0 1
    outer loop
      vertex -60.3467 -65.1647 0
      vertex -70 -70 0
      vertex -60.1575 -65.7221 0
    endloop
  endfacet
  facet normal 0 0 1
    outer loop
      vertex -60.4615 -64.5874 0
      vertex -70 -70 0
      vertex -60.3467 -65.1647 0
    endloop
  endfacet
  facet normal 0 0 1
    outer loop
      vertex -60.5 -64 0
      vertex -70 -70 0
      vertex -60.4615 -64.5874 0
    endloop
  endfacet
  facet normal 0 0 1
    outer loop
      vertex -70 -70 0
      vertex -66 -1.5 0
      vertex -70 70 0
    endloop
  endfacet
  facet normal 0 0 1
    outer loop
      vertex 60.3467 46.8353 0
      vertex 70 70 0
      vertex 60.4615 47.4126 0
    endloop
  endfacet
  facet normal 0 0 1
    outer loop
      vertex 70 70 0
      vertex 60.3467 46.8353 0
      vertex 66 1.5 0
    endloop
  endfacet
  facet normal -0 0 1
    outer loop
      vertex 60.1575 46.2779 0
      vertex 66 1.5 0
      vertex 60.3467 46.8353 0
    endloop
  endfacet
  facet normal -0 0 1
    outer loop
      vertex 59.8971 45.75 0
      vertex 66 1.5 0
      vertex 60.1575 46.2779 0
    endloop
  endfacet
  facet normal -0 0 1
    outer loop
      vertex 59.5701 45.2606 0
      vertex 66 1.5 0
      vertex 59.8971 45.75 0
    endloop
  endfacet
  facet normal -0 0 1
    outer loop
      vertex 59.182 44.818 0
      vertex 66 1.5 0
      vertex 59.5701 45.2606 0
    endloop
  endfacet
  facet normal -0 0 1
    outer loop
      vertex 58.7394 44.4299 0
      vertex 66 1.5 0
      vertex 59.182 44.818 0
    endloop
  endfacet
  facet normal -0 0 1
    outer loop
      vertex 58.25 44.1029 0
      vertex 66 1.5 0
      vertex 58.7394 44.4299 0
    endloop
  endfacet
  facet normal -0 0 1
    outer loop
      vertex 57.7221 43.8425 0
      vertex 66 1.5 0
      vertex 58.25 44.1029 0
    endloop
  endfacet
  facet normal -0 0 1
    outer loop
      vertex 57.1647 43.6533 0
      vertex 66 1.5 0
      vertex 57.7221 43.8425 0
    endloop
  endfacet
  facet normal -0 0 1
    outer loop
      vertex 56.5874 43.5385 0
      vertex 66 1.5 0
      vertex 57.1647 43.6533 0
    endloop
  endfacet
  facet normal -0 0 1
    outer loop
      vertex 56 43.5 0
      vertex 66 1.5 0
      vertex 56.5874 43.5385 0
    endloop
  endfacet
  facet normal 0 0 1
    outer loop
      vertex 55.4126 43.5385 0
      vertex 66 1.5 0
      vertex 56 43.5 0
    endloop
  endfacet
  facet normal 0 0 1
    outer loop
      vertex 54.8353 43.6533 0
      vertex 66 1.5 0
      vertex 55.4126 43.5385 0
    endloop
  endfacet
  facet normal 0 0 1
    outer loop
      vertex 54.2779 43.8425 0
      vertex 66 1.5 0
      vertex 54.8353 43.6533 0
    endloop
  endfacet
  facet normal 0 0 1
    outer loop
      vertex 53.75 44.1029 0
      vertex 66 1.5 0
      vertex 54.2779 43.8425 0
    endloop
  endfacet
  facet normal 0 0 1
    outer loop
      vertex 53.2606 44.4299 0
      vertex 66 1.5 0
      vertex 53.75 44.1029 0
    endloop
  endfacet
  facet normal 0 0 1
    outer loop
      vertex 1.5 1.5 0
      vertex 53.2606 44.4299 0
      vertex 52.818 44.818 0
    endloop
  endfacet
  facet normal 0 0 1
    outer loop
      vertex 1.5 1.5 0
      vertex 52.818 44.818 0
      vertex 52.4299 45.2606 0
    endloop
  endfacet
  facet normal 0 0 1
    outer loop
      vertex 1.5 1.5 0
      vertex 52.4299 45.2606 0
      vertex 52.1029 45.75 0
    endloop
  endfacet
  facet normal 0 0 1
    outer loop
      vertex 1.5 1.5 0
      vertex 52.1029 45.75 0
      vertex 51.8425 46.2779 0
    endloop
  endfacet
  facet normal 0 0 1
    outer loop
      vertex 1.5 66 0
      vertex 51.8425 46.2779 0
      vertex 51.6533 46.8353 0
    endloop
  endfacet
  facet normal 0 0 1
    outer loop
      vertex 1.5 66 0
      vertex 51.5385 47.4126 0
      vertex 51.5 48 0
    endloop
  endfacet
  facet normal 0 0 1
    outer loop
      vertex 1.5 66 0
      vertex 51.6533 46.8353 0
      vertex 51.5385 47.4126 0
    endloop
  endfacet
  facet normal 0 0 1
    outer loop
      vertex 51.8425 46.2779 0
      vertex 1.5 66 0
      vertex 1.5 1.5 0
    endloop
  endfacet
  facet normal 0 0 1
    outer loop
      vertex 53.2606 44.4299 0
      vertex 1.5 1.5 0
      vertex 66 1.5 0
    endloop
  endfacet
  facet normal -1 0 0
    outer loop
      vertex -70 -70 -3
      vertex -70 70 0
      vertex -70 70 -3
    endloop
  endfacet
  facet normal -1 -0 0
    outer loop
      vertex -70 70 0
      vertex -70 -70 -3
      vertex -70 -70 0
    endloop
  endfacet
  facet normal 0 -1 0
    outer loop
      vertex -70 -70 -3
      vertex 70 -70 0
      vertex -70 -70 0
    endloop
  endfacet
  facet normal 0 -1 -0
    outer loop
      vertex 70 -70 0
      vertex -70 -70 -3
      vertex 70 -70 -3
    endloop
  endfacet
  facet normal 0 1 -0
    outer loop
      vertex 70 70 -3
      vertex -70 70 0
      vertex 70 70 0
    endloop
  endfacet
  facet normal 0 1 0
    outer loop
      vertex -70 70 0
      vertex 70 70 -3
      vertex -70 70 -3
    endloop
  endfacet
  facet normal 1 -0 0
    outer loop
      vertex 66 -1.5 4
      vertex 66 1.5 0
      vertex 66 1.5 4
    endloop
  endfacet
  facet normal 1 0 0
    outer loop
      vertex 66 1.5 0
      vertex 66 -1.5 4
      vertex 66 -1.5 0
    endloop
  endfacet
  facet normal -0 0 1
    outer loop
      vertex -66 1.5 4
      vertex -1.5 -1.5 4
      vertex -1.5 1.5 4
    endloop
  endfacet
  facet normal 0 0 1
    outer loop
      vertex -1.5 -1.5 4
      vertex -66 1.5 4
      vertex -66 -1.5 4
    endloop
  endfacet
  facet normal 0 0 1
    outer loop
      vertex -1.5 1.5 4
      vertex 1.5 1.5 4
      vertex 1.5 66 4
    endloop
  endfacet
  facet normal 0 0 1
    outer loop
      vertex 1.5 1.5 4
      vertex -1.5 1.5 4
      vertex 1.5 -1.5 4
    endloop
  endfacet
  facet normal 0 0 1
    outer loop
      vertex -1.5 1.5 4
      vertex 1.5 66 4
      vertex -1.5 66 4
    endloop
  endfacet
  facet normal 0 0 1
    outer loop
      vertex -1.5 -1.5 4
      vertex 1.5 -1.5 4
      vertex -1.5 1.5 4
    endloop
  endfacet
  facet normal 0 0 1
    outer loop
      vertex 1.5 -1.5 4
      vertex -1.5 -1.5 4
      vertex 1.5 -66 4
    endloop
  endfacet
  facet normal 0 0 1
    outer loop
      vertex 1.5 -66 4
      vertex -1.5 -1.5 4
      vertex -1.5 -66 4
    endloop
  endfacet
  facet normal -0 0 1
    outer loop
      vertex 1.5 1.5 4
      vertex 66 -1.5 4
      vertex 66 1.5 4
    endloop
  endfacet
  facet normal 0 0 1
    outer loop
      vertex 66 -1.5 4
      vertex 1.5 1.5 4
      vertex 1.5 -1.5 4
    endloop
  endfacet
  facet normal -1 0 0
    outer loop
      vertex -66 -1.5 0
      vertex -66 1.5 4
      vertex -66 1.5 0
    endloop
  endfacet
  facet normal -1 -0 0
    outer loop
      vertex -66 1.5 4
      vertex -66 -1.5 0
      vertex -66 -1.5 4
    endloop
  endfacet
  facet normal 0 -1 0
    outer loop
      vertex 1.5 -1.5 0
      vertex 66 -1.5 4
      vertex 1.5 -1.5 4
    endloop
  endfacet
  facet normal 0 -1 -0
    outer loop
      vertex 66 -1.5 4
      vertex 1.5 -1.5 0
      vertex 66 -1.5 0
    endloop
  endfacet
  facet normal 0 -1 0
    outer loop
      vertex -66 -1.5 0
      vertex -1.5 -1.5 4
      vertex -66 -1.5 4
    endloop
  endfacet
  facet normal 0 -1 -0
    outer loop
      vertex -1.5 -1.5 4
      vertex -66 -1.5 0
      vertex -1.5 -1.5 0
    endloop
  endfacet
  facet normal 0 1 -0
    outer loop
      vertex 66 1.5 0
      vertex 1.5 1.5 4
      vertex 66 1.5 4
    endloop
  endfacet
  facet normal 0 1 0
    outer loop
      vertex 1.5 1.5 4
      vertex 66 1.5 0
      vertex 1.5 1.5 0
    endloop
  endfacet
  facet normal 0 1 -0
    outer loop
      vertex -1.5 1.5 0
      vertex -66 1.5 4
      vertex -1.5 1.5 4
    endloop
  endfacet
  facet normal 0 1 0
    outer loop
      vertex -66 1.5 4
      vertex -1.5 1.5 0
      vertex -66 1.5 0
    endloop
  endfacet
  facet normal 1 -0 0
    outer loop
      vertex 1.5 -66 4
      vertex 1.5 -1.5 0
      vertex 1.5 -1.5 4
    endloop
  endfacet
  facet normal 1 0 0
    outer loop
      vertex 1.5 -1.5 0
      vertex 1.5 -66 4
      vertex 1.5 -66 0
    endloop
  endfacet
  facet normal 1 -0 0
    outer loop
      vertex 1.5 1.5 4
      vertex 1.5 66 0
      vertex 1.5 66 4
    endloop
  endfacet
  facet normal 1 0 0
    outer loop
      vertex 1.5 66 0
      vertex 1.5 1.5 4
      vertex 1.5 1.5 0
    endloop
  endfacet
  facet normal -1 0 0
    outer loop
      vertex -1.5 1.5 0
      vertex -1.5 66 4
      vertex -1.5 66 0
    endloop
  endfacet
  facet normal -1 -0 0
    outer loop
      vertex -1.5 66 4
      vertex -1.5 1.5 0
      vertex -1.5 1.5 4
    endloop
  endfacet
  facet normal -1 0 0
    outer loop
      vertex -1.5 -66 0
      vertex -1.5 -1.5 4
      vertex -1.5 -1.5 0
    endloop
  endfacet
  facet normal -1 -0 0
    outer loop
      vertex -1.5 -1.5 4
      vertex -1.5 -66 0
      vertex -1.5 -66 4
    endloop
  endfacet
  facet normal 0 -1 0
    outer loop
      vertex -1.5 -66 0
      vertex 1.5 -66 4
      vertex -1.5 -66 4
    endloop
  endfacet
  facet normal 0 -1 -0
    outer loop
      vertex 1.5 -66 4
      vertex -1.5 -66 0
      vertex 1.5 -66 0
    endloop
  endfacet
  facet normal 0 1 -0
    outer loop
      vertex 1.5 66 0
      vertex -1.5 66 4
      vertex 1.5 66 4
    endloop
  endfacet
  facet normal 0 1 0
    outer loop
      vertex -1.5 66 4
      vertex 1.5 66 0
      vertex -1.5 66 0
    endloop
  endfacet
  facet normal -0.195038 0.980796 0
    outer loop
      vertex -54.8353 43.6533 -3
      vertex -55.4126 43.5385 0
      vertex -54.8353 43.6533 0
    endloop
  endfacet
  facet normal -0.195038 0.980796 0
    outer loop
      vertex -55.4126 43.5385 0
      vertex -54.8353 43.6533 -3
      vertex -55.4126 43.5385 -3
    endloop
  endfacet
  facet normal -0.44211 -0.896961 0
    outer loop
      vertex -55.0816 58.2173 -3
      vertex -54.8 58.0785 0
      vertex -55.0816 58.2173 0
    endloop
  endfacet
  facet normal -0.44211 -0.896961 -0
    outer loop
      vertex -54.8 58.0785 0
      vertex -55.0816 58.2173 -3
      vertex -54.8 58.0785 -3
    endloop
  endfacet
  facet normal -0.980796 -0.195038 0
    outer loop
      vertex -51.5385 48.5874 -3
      vertex -51.6533 49.1647 0
      vertex -51.6533 49.1647 -3
    endloop
  endfacet
  facet normal -0.980796 -0.195038 0
    outer loop
      vertex -51.6533 49.1647 0
      vertex -51.5385 48.5874 -3
      vertex -51.5385 48.5874 0
    endloop
  endfacet
  facet normal -0.442382 0.896827 0
    outer loop
      vertex -53.75 44.1029 -3
      vertex -54.2779 43.8425 0
      vertex -53.75 44.1029 0
    endloop
  endfacet
  facet normal -0.442382 0.896827 0
    outer loop
      vertex -54.2779 43.8425 0
      vertex -53.75 44.1029 -3
      vertex -54.2779 43.8425 -3
    endloop
  endfacet
  facet normal 0.195038 0.980796 -0
    outer loop
      vertex -56.5874 43.5385 -3
      vertex -57.1647 43.6533 0
      vertex -56.5874 43.5385 0
    endloop
  endfacet
  facet normal 0.195038 0.980796 0
    outer loop
      vertex -57.1647 43.6533 0
      vertex -56.5874 43.5385 -3
      vertex -57.1647 43.6533 -3
    endloop
  endfacet
  facet normal 0.946936 0.321421 0
    outer loop
      vertex -60.1575 46.2779 0
      vertex -60.3467 46.8353 -3
      vertex -60.3467 46.8353 0
    endloop
  endfacet
  facet normal 0.946936 0.321421 0
    outer loop
      vertex -60.3467 46.8353 -3
      vertex -60.1575 46.2779 0
      vertex -60.1575 46.2779 -3
    endloop
  endfacet
  facet normal -0.997859 -0.0654027 0
    outer loop
      vertex -51.5 48 -3
      vertex -51.5385 48.5874 0
      vertex -51.5385 48.5874 -3
    endloop
  endfacet
  facet normal -0.997859 -0.0654027 0
    outer loop
      vertex -51.5385 48.5874 0
      vertex -51.5 48 -3
      vertex -51.5 48 0
    endloop
  endfacet
  facet normal -0.659068 -0.752083 0
    outer loop
      vertex -54.539 57.904 -3
      vertex -54.3029 57.6971 0
      vertex -54.539 57.904 0
    endloop
  endfacet
  facet normal -0.659068 -0.752083 -0
    outer loop
      vertex -54.3029 57.6971 0
      vertex -54.539 57.904 -3
      vertex -54.3029 57.6971 -3
    endloop
  endfacet
  facet normal -0.321421 0.946936 0
    outer loop
      vertex -54.2779 43.8425 -3
      vertex -54.8353 43.6533 0
      vertex -54.2779 43.8425 0
    endloop
  endfacet
  facet normal -0.321421 0.946936 0
    outer loop
      vertex -54.8353 43.6533 0
      vertex -54.2779 43.8425 -3
      vertex -54.8353 43.6533 -3
    endloop
  endfacet
  facet normal 0.896827 0.442382 0
    outer loop
      vertex -59.8971 45.75 0
      vertex -60.1575 46.2779 -3
      vertex -60.1575 46.2779 0
    endloop
  endfacet
  facet normal 0.896827 0.442382 0
    outer loop
      vertex -60.1575 46.2779 -3
      vertex -59.8971 45.75 0
      vertex -59.8971 45.75 -3
    endloop
  endfacet
  facet normal 0.751882 0.659298 0
    outer loop
      vertex -59.182 44.818 0
      vertex -59.5701 45.2606 -3
      vertex -59.5701 45.2606 0
    endloop
  endfacet
  facet normal 0.751882 0.659298 0
    outer loop
      vertex -59.5701 45.2606 -3
      vertex -59.182 44.818 0
      vertex -59.182 44.818 -3
    endloop
  endfacet
  facet normal -0.831475 0.555562 0
    outer loop
      vertex -52.4299 45.2606 -3
      vertex -52.1029 45.75 0
      vertex -52.1029 45.75 -3
    endloop
  endfacet
  facet normal -0.831475 0.555562 0
    outer loop
      vertex -52.1029 45.75 0
      vertex -52.4299 45.2606 -3
      vertex -52.4299 45.2606 0
    endloop
  endfacet
  facet normal -0.980796 0.195038 0
    outer loop
      vertex -51.6533 46.8353 -3
      vertex -51.5385 47.4126 0
      vertex -51.5385 47.4126 -3
    endloop
  endfacet
  facet normal -0.980796 0.195038 0
    outer loop
      vertex -51.5385 47.4126 0
      vertex -51.6533 46.8353 -3
      vertex -51.6533 46.8353 0
    endloop
  endfacet
  facet normal 0.997859 -0.0654027 0
    outer loop
      vertex -60.5 48 0
      vertex -60.4615 48.5874 -3
      vertex -60.4615 48.5874 0
    endloop
  endfacet
  facet normal 0.997859 -0.0654027 0
    outer loop
      vertex -60.4615 48.5874 -3
      vertex -60.5 48 0
      vertex -60.5 48 -3
    endloop
  endfacet
  facet normal -0.964931 -0.262504 0
    outer loop
      vertex -51.6533 49.1647 -3
      vertex -53.6818 56.6212 0
      vertex -53.6818 56.6212 -3
    endloop
  endfacet
  facet normal -0.964931 -0.262504 0
    outer loop
      vertex -53.6818 56.6212 0
      vertex -51.6533 49.1647 -3
      vertex -51.6533 49.1647 0
    endloop
  endfacet
  facet normal 0.964931 -0.262504 0
    outer loop
      vertex -60.3467 49.1647 0
      vertex -58.3182 56.6212 -3
      vertex -58.3182 56.6212 0
    endloop
  endfacet
  facet normal 0.964931 -0.262504 0
    outer loop
      vertex -58.3182 56.6212 -3
      vertex -60.3467 49.1647 0
      vertex -60.3467 49.1647 -3
    endloop
  endfacet
  facet normal -0.0654027 0.997859 0
    outer loop
      vertex -55.4126 43.5385 -3
      vertex -56 43.5 0
      vertex -55.4126 43.5385 0
    endloop
  endfacet
  facet normal -0.0654027 0.997859 0
    outer loop
      vertex -56 43.5 0
      vertex -55.4126 43.5385 -3
      vertex -56 43.5 -3
    endloop
  endfacet
  facet normal -0.946936 0.321421 0
    outer loop
      vertex -51.8425 46.2779 -3
      vertex -51.6533 46.8353 0
      vertex -51.6533 46.8353 -3
    endloop
  endfacet
  facet normal -0.946936 0.321421 0
    outer loop
      vertex -51.6533 46.8353 0
      vertex -51.8425 46.2779 -3
      vertex -51.8425 46.2779 0
    endloop
  endfacet
  facet normal 0.980796 -0.195038 0
    outer loop
      vertex -60.4615 48.5874 0
      vertex -60.3467 49.1647 -3
      vertex -60.3467 49.1647 0
    endloop
  endfacet
  facet normal 0.980796 -0.195038 0
    outer loop
      vertex -60.3467 49.1647 -3
      vertex -60.4615 48.5874 0
      vertex -60.4615 48.5874 -3
    endloop
  endfacet
  facet normal -0.896827 0.442382 0
    outer loop
      vertex -52.1029 45.75 -3
      vertex -51.8425 46.2779 0
      vertex -51.8425 46.2779 -3
    endloop
  endfacet
  facet normal -0.896827 0.442382 0
    outer loop
      vertex -51.8425 46.2779 0
      vertex -52.1029 45.75 -3
      vertex -52.1029 45.75 0
    endloop
  endfacet
  facet normal -0.659298 0.751882 0
    outer loop
      vertex -52.818 44.818 -3
      vertex -53.2606 44.4299 0
      vertex -52.818 44.818 0
    endloop
  endfacet
  facet normal -0.659298 0.751882 0
    outer loop
      vertex -53.2606 44.4299 0
      vertex -52.818 44.818 -3
      vertex -53.2606 44.4299 -3
    endloop
  endfacet
  facet normal 0.946916 -0.32148 0
    outer loop
      vertex -58.3182 56.6212 0
      vertex -58.2173 56.9184 -3
      vertex -58.2173 56.9184 0
    endloop
  endfacet
  facet normal 0.946916 -0.32148 0
    outer loop
      vertex -58.2173 56.9184 -3
      vertex -58.3182 56.6212 0
      vertex -58.3182 56.6212 -3
    endloop
  endfacet
  facet normal 0.555562 0.831475 -0
    outer loop
      vertex -58.25 44.1029 -3
      vertex -58.7394 44.4299 0
      vertex -58.25 44.1029 0
    endloop
  endfacet
  facet normal 0.555562 0.831475 0
    outer loop
      vertex -58.7394 44.4299 0
      vertex -58.25 44.1029 -3
      vertex -58.7394 44.4299 -3
    endloop
  endfacet
  facet normal 0.442382 0.896827 -0
    outer loop
      vertex -57.7221 43.8425 -3
      vertex -58.25 44.1029 0
      vertex -57.7221 43.8425 0
    endloop
  endfacet
  facet normal 0.442382 0.896827 0
    outer loop
      vertex -58.25 44.1029 0
      vertex -57.7221 43.8425 -3
      vertex -58.25 44.1029 -3
    endloop
  endfacet
  facet normal -0.555562 0.831475 0
    outer loop
      vertex -53.2606 44.4299 -3
      vertex -53.75 44.1029 0
      vertex -53.2606 44.4299 0
    endloop
  endfacet
  facet normal -0.555562 0.831475 0
    outer loop
      vertex -53.75 44.1029 0
      vertex -53.2606 44.4299 -3
      vertex -53.75 44.1029 -3
    endloop
  endfacet
  facet normal -0.997859 0.0654027 0
    outer loop
      vertex -51.5385 47.4126 -3
      vertex -51.5 48 0
      vertex -51.5 48 -3
    endloop
  endfacet
  facet normal -0.997859 0.0654027 0
    outer loop
      vertex -51.5 48 0
      vertex -51.5385 47.4126 -3
      vertex -51.5385 47.4126 0
    endloop
  endfacet
  facet normal 0.321421 0.946936 -0
    outer loop
      vertex -57.1647 43.6533 -3
      vertex -57.7221 43.8425 0
      vertex -57.1647 43.6533 0
    endloop
  endfacet
  facet normal 0.321421 0.946936 0
    outer loop
      vertex -57.7221 43.8425 0
      vertex -57.1647 43.6533 -3
      vertex -57.7221 43.8425 -3
    endloop
  endfacet
  facet normal -0.195258 -0.980752 0
    outer loop
      vertex -55.6867 58.3795 -3
      vertex -55.3788 58.3182 0
      vertex -55.6867 58.3795 0
    endloop
  endfacet
  facet normal -0.195258 -0.980752 -0
    outer loop
      vertex -55.3788 58.3182 0
      vertex -55.6867 58.3795 -3
      vertex -55.3788 58.3182 -3
    endloop
  endfacet
  facet normal 0.0652929 -0.997866 0
    outer loop
      vertex -56.3133 58.3795 -3
      vertex -56 58.4 0
      vertex -56.3133 58.3795 0
    endloop
  endfacet
  facet normal 0.0652929 -0.997866 0
    outer loop
      vertex -56 58.4 0
      vertex -56.3133 58.3795 -3
      vertex -56 58.4 -3
    endloop
  endfacet
  facet normal -0.946916 -0.32148 0
    outer loop
      vertex -53.6818 56.6212 -3
      vertex -53.7827 56.9184 0
      vertex -53.7827 56.9184 -3
    endloop
  endfacet
  facet normal -0.946916 -0.32148 0
    outer loop
      vertex -53.7827 56.9184 0
      vertex -53.6818 56.6212 -3
      vertex -53.6818 56.6212 0
    endloop
  endfacet
  facet normal 0.195258 -0.980752 0
    outer loop
      vertex -56.6212 58.3182 -3
      vertex -56.3133 58.3795 0
      vertex -56.6212 58.3182 0
    endloop
  endfacet
  facet normal 0.195258 -0.980752 0
    outer loop
      vertex -56.3133 58.3795 0
      vertex -56.6212 58.3182 -3
      vertex -56.3133 58.3795 -3
    endloop
  endfacet
  facet normal 0.0654027 0.997859 -0
    outer loop
      vertex -56 43.5 -3
      vertex -56.5874 43.5385 0
      vertex -56 43.5 0
    endloop
  endfacet
  facet normal 0.0654027 0.997859 0
    outer loop
      vertex -56.5874 43.5385 0
      vertex -56 43.5 -3
      vertex -56.5874 43.5385 -3
    endloop
  endfacet
  facet normal 0.555802 -0.831315 0
    outer loop
      vertex -57.461 57.904 -3
      vertex -57.2 58.0785 0
      vertex -57.461 57.904 0
    endloop
  endfacet
  facet normal 0.555802 -0.831315 0
    outer loop
      vertex -57.2 58.0785 0
      vertex -57.461 57.904 -3
      vertex -57.2 58.0785 -3
    endloop
  endfacet
  facet normal -0.896961 -0.44211 0
    outer loop
      vertex -53.7827 56.9184 -3
      vertex -53.9215 57.2 0
      vertex -53.9215 57.2 -3
    endloop
  endfacet
  facet normal -0.896961 -0.44211 0
    outer loop
      vertex -53.9215 57.2 0
      vertex -53.7827 56.9184 -3
      vertex -53.7827 56.9184 0
    endloop
  endfacet
  facet normal -0.752083 -0.659068 0
    outer loop
      vertex -54.096 57.461 -3
      vertex -54.3029 57.6971 0
      vertex -54.3029 57.6971 -3
    endloop
  endfacet
  facet normal -0.752083 -0.659068 0
    outer loop
      vertex -54.3029 57.6971 0
      vertex -54.096 57.461 -3
      vertex -54.096 57.461 0
    endloop
  endfacet
  facet normal -0.0652929 -0.997866 0
    outer loop
      vertex -56 58.4 -3
      vertex -55.6867 58.3795 0
      vertex -56 58.4 0
    endloop
  endfacet
  facet normal -0.0652929 -0.997866 -0
    outer loop
      vertex -55.6867 58.3795 0
      vertex -56 58.4 -3
      vertex -55.6867 58.3795 -3
    endloop
  endfacet
  facet normal -0.831315 -0.555802 0
    outer loop
      vertex -53.9215 57.2 -3
      vertex -54.096 57.461 0
      vertex -54.096 57.461 -3
    endloop
  endfacet
  facet normal -0.831315 -0.555802 0
    outer loop
      vertex -54.096 57.461 0
      vertex -53.9215 57.2 -3
      vertex -53.9215 57.2 0
    endloop
  endfacet
  facet normal 0.831315 -0.555802 0
    outer loop
      vertex -58.0785 57.2 0
      vertex -57.904 57.461 -3
      vertex -57.904 57.461 0
    endloop
  endfacet
  facet normal 0.831315 -0.555802 0
    outer loop
      vertex -57.904 57.461 -3
      vertex -58.0785 57.2 0
      vertex -58.0785 57.2 -3
    endloop
  endfacet
  facet normal 0.32148 -0.946916 0
    outer loop
      vertex -56.9184 58.2173 -3
      vertex -56.6212 58.3182 0
      vertex -56.9184 58.2173 0
    endloop
  endfacet
  facet normal 0.32148 -0.946916 0
    outer loop
      vertex -56.6212 58.3182 0
      vertex -56.9184 58.2173 -3
      vertex -56.6212 58.3182 -3
    endloop
  endfacet
  facet normal 0.980796 0.195038 0
    outer loop
      vertex -60.3467 46.8353 0
      vertex -60.4615 47.4126 -3
      vertex -60.4615 47.4126 0
    endloop
  endfacet
  facet normal 0.980796 0.195038 0
    outer loop
      vertex -60.4615 47.4126 -3
      vertex -60.3467 46.8353 0
      vertex -60.3467 46.8353 -3
    endloop
  endfacet
  facet normal -0.751882 0.659298 0
    outer loop
      vertex -52.818 44.818 -3
      vertex -52.4299 45.2606 0
      vertex -52.4299 45.2606 -3
    endloop
  endfacet
  facet normal -0.751882 0.659298 0
    outer loop
      vertex -52.4299 45.2606 0
      vertex -52.818 44.818 -3
      vertex -52.818 44.818 0
    endloop
  endfacet
  facet normal 0.997859 0.0654027 0
    outer loop
      vertex -60.4615 47.4126 0
      vertex -60.5 48 -3
      vertex -60.5 48 0
    endloop
  endfacet
  facet normal 0.997859 0.0654027 0
    outer loop
      vertex -60.5 48 -3
      vertex -60.4615 47.4126 0
      vertex -60.4615 47.4126 -3
    endloop
  endfacet
  facet normal -0.555802 -0.831315 0
    outer loop
      vertex -54.8 58.0785 -3
      vertex -54.539 57.904 0
      vertex -54.8 58.0785 0
    endloop
  endfacet
  facet normal -0.555802 -0.831315 -0
    outer loop
      vertex -54.539 57.904 0
      vertex -54.8 58.0785 -3
      vertex -54.539 57.904 -3
    endloop
  endfacet
  facet normal 0.831475 0.555562 0
    outer loop
      vertex -59.5701 45.2606 0
      vertex -59.8971 45.75 -3
      vertex -59.8971 45.75 0
    endloop
  endfacet
  facet normal 0.831475 0.555562 0
    outer loop
      vertex -59.8971 45.75 -3
      vertex -59.5701 45.2606 0
      vertex -59.5701 45.2606 -3
    endloop
  endfacet
  facet normal -0.32148 -0.946916 0
    outer loop
      vertex -55.3788 58.3182 -3
      vertex -55.0816 58.2173 0
      vertex -55.3788 58.3182 0
    endloop
  endfacet
  facet normal -0.32148 -0.946916 -0
    outer loop
      vertex -55.0816 58.2173 0
      vertex -55.3788 58.3182 -3
      vertex -55.0816 58.2173 -3
    endloop
  endfacet
  facet normal 0.659298 0.751882 -0
    outer loop
      vertex -58.7394 44.4299 -3
      vertex -59.182 44.818 0
      vertex -58.7394 44.4299 0
    endloop
  endfacet
  facet normal 0.659298 0.751882 0
    outer loop
      vertex -59.182 44.818 0
      vertex -58.7394 44.4299 -3
      vertex -59.182 44.818 -3
    endloop
  endfacet
  facet normal 0.44211 -0.896961 0
    outer loop
      vertex -57.2 58.0785 -3
      vertex -56.9184 58.2173 0
      vertex -57.2 58.0785 0
    endloop
  endfacet
  facet normal 0.44211 -0.896961 0
    outer loop
      vertex -56.9184 58.2173 0
      vertex -57.2 58.0785 -3
      vertex -56.9184 58.2173 -3
    endloop
  endfacet
  facet normal 0.659068 -0.752083 0
    outer loop
      vertex -57.6971 57.6971 -3
      vertex -57.461 57.904 0
      vertex -57.6971 57.6971 0
    endloop
  endfacet
  facet normal 0.659068 -0.752083 0
    outer loop
      vertex -57.461 57.904 0
      vertex -57.6971 57.6971 -3
      vertex -57.461 57.904 -3
    endloop
  endfacet
  facet normal 0.752083 -0.659068 0
    outer loop
      vertex -57.904 57.461 0
      vertex -57.6971 57.6971 -3
      vertex -57.6971 57.6971 0
    endloop
  endfacet
  facet normal 0.752083 -0.659068 0
    outer loop
      vertex -57.6971 57.6971 -3
      vertex -57.904 57.461 0
      vertex -57.904 57.461 -3
    endloop
  endfacet
  facet normal 0.896961 -0.44211 0
    outer loop
      vertex -58.2173 56.9184 0
      vertex -58.0785 57.2 -3
      vertex -58.0785 57.2 0
    endloop
  endfacet
  facet normal 0.896961 -0.44211 0
    outer loop
      vertex -58.0785 57.2 -3
      vertex -58.2173 56.9184 0
      vertex -58.2173 56.9184 -3
    endloop
  endfacet
  facet normal -0.659298 0.751882 0
    outer loop
      vertex -52.818 -67.182 -3
      vertex -53.2606 -67.5701 0
      vertex -52.818 -67.182 0
    endloop
  endfacet
  facet normal -0.659298 0.751882 0
    outer loop
      vertex -53.2606 -67.5701 0
      vertex -52.818 -67.182 -3
      vertex -53.2606 -67.5701 -3
    endloop
  endfacet
  facet normal 0.442382 0.896827 -0
    outer loop
      vertex -57.7221 -68.1575 -3
      vertex -58.25 -67.8971 0
      vertex -57.7221 -68.1575 0
    endloop
  endfacet
  facet normal 0.442382 0.896827 0
    outer loop
      vertex -58.25 -67.8971 0
      vertex -57.7221 -68.1575 -3
      vertex -58.25 -67.8971 -3
    endloop
  endfacet
  facet normal -0.946936 0.321421 0
    outer loop
      vertex -51.8425 -65.7221 -3
      vertex -51.6533 -65.1647 0
      vertex -51.6533 -65.1647 -3
    endloop
  endfacet
  facet normal -0.946936 0.321421 0
    outer loop
      vertex -51.6533 -65.1647 0
      vertex -51.8425 -65.7221 -3
      vertex -51.8425 -65.7221 0
    endloop
  endfacet
  facet normal -0.980796 0.195038 0
    outer loop
      vertex -51.6533 -65.1647 -3
      vertex -51.5385 -64.5874 0
      vertex -51.5385 -64.5874 -3
    endloop
  endfacet
  facet normal -0.980796 0.195038 0
    outer loop
      vertex -51.5385 -64.5874 0
      vertex -51.6533 -65.1647 -3
      vertex -51.6533 -65.1647 0
    endloop
  endfacet
  facet normal 0.946916 -0.32148 0
    outer loop
      vertex -58.3182 -55.3788 0
      vertex -58.2173 -55.0816 -3
      vertex -58.2173 -55.0816 0
    endloop
  endfacet
  facet normal 0.946916 -0.32148 0
    outer loop
      vertex -58.2173 -55.0816 -3
      vertex -58.3182 -55.3788 0
      vertex -58.3182 -55.3788 -3
    endloop
  endfacet
  facet normal 0.964931 -0.262504 0
    outer loop
      vertex -60.3467 -62.8353 0
      vertex -58.3182 -55.3788 -3
      vertex -58.3182 -55.3788 0
    endloop
  endfacet
  facet normal 0.964931 -0.262504 0
    outer loop
      vertex -58.3182 -55.3788 -3
      vertex -60.3467 -62.8353 0
      vertex -60.3467 -62.8353 -3
    endloop
  endfacet
  facet normal 0.321421 0.946936 -0
    outer loop
      vertex -57.1647 -68.3467 -3
      vertex -57.7221 -68.1575 0
      vertex -57.1647 -68.3467 0
    endloop
  endfacet
  facet normal 0.321421 0.946936 0
    outer loop
      vertex -57.7221 -68.1575 0
      vertex -57.1647 -68.3467 -3
      vertex -57.7221 -68.1575 -3
    endloop
  endfacet
  facet normal 0.997859 -0.0654027 0
    outer loop
      vertex -60.5 -64 0
      vertex -60.4615 -63.4126 -3
      vertex -60.4615 -63.4126 0
    endloop
  endfacet
  facet normal 0.997859 -0.0654027 0
    outer loop
      vertex -60.4615 -63.4126 -3
      vertex -60.5 -64 0
      vertex -60.5 -64 -3
    endloop
  endfacet
  facet normal 0.831315 -0.555802 0
    outer loop
      vertex -58.0785 -54.8 0
      vertex -57.904 -54.539 -3
      vertex -57.904 -54.539 0
    endloop
  endfacet
  facet normal 0.831315 -0.555802 0
    outer loop
      vertex -57.904 -54.539 -3
      vertex -58.0785 -54.8 0
      vertex -58.0785 -54.8 -3
    endloop
  endfacet
  facet normal 0.0654027 0.997859 -0
    outer loop
      vertex -56 -68.5 -3
      vertex -56.5874 -68.4615 0
      vertex -56 -68.5 0
    endloop
  endfacet
  facet normal 0.0654027 0.997859 0
    outer loop
      vertex -56.5874 -68.4615 0
      vertex -56 -68.5 -3
      vertex -56.5874 -68.4615 -3
    endloop
  endfacet
  facet normal 0.195038 0.980796 -0
    outer loop
      vertex -56.5874 -68.4615 -3
      vertex -57.1647 -68.3467 0
      vertex -56.5874 -68.4615 0
    endloop
  endfacet
  facet normal 0.195038 0.980796 0
    outer loop
      vertex -57.1647 -68.3467 0
      vertex -56.5874 -68.4615 -3
      vertex -57.1647 -68.3467 -3
    endloop
  endfacet
  facet normal 0.980796 -0.195038 0
    outer loop
      vertex -60.4615 -63.4126 0
      vertex -60.3467 -62.8353 -3
      vertex -60.3467 -62.8353 0
    endloop
  endfacet
  facet normal 0.980796 -0.195038 0
    outer loop
      vertex -60.3467 -62.8353 -3
      vertex -60.4615 -63.4126 0
      vertex -60.4615 -63.4126 -3
    endloop
  endfacet
  facet normal 0.831475 0.555562 0
    outer loop
      vertex -59.5701 -66.7394 0
      vertex -59.8971 -66.25 -3
      vertex -59.8971 -66.25 0
    endloop
  endfacet
  facet normal 0.831475 0.555562 0
    outer loop
      vertex -59.8971 -66.25 -3
      vertex -59.5701 -66.7394 0
      vertex -59.5701 -66.7394 -3
    endloop
  endfacet
  facet normal 0.896827 0.442382 0
    outer loop
      vertex -59.8971 -66.25 0
      vertex -60.1575 -65.7221 -3
      vertex -60.1575 -65.7221 0
    endloop
  endfacet
  facet normal 0.896827 0.442382 0
    outer loop
      vertex -60.1575 -65.7221 -3
      vertex -59.8971 -66.25 0
      vertex -59.8971 -66.25 -3
    endloop
  endfacet
  facet normal 0.752083 -0.659068 0
    outer loop
      vertex -57.904 -54.539 0
      vertex -57.6971 -54.3029 -3
      vertex -57.6971 -54.3029 0
    endloop
  endfacet
  facet normal 0.752083 -0.659068 0
    outer loop
      vertex -57.6971 -54.3029 -3
      vertex -57.904 -54.539 0
      vertex -57.904 -54.539 -3
    endloop
  endfacet
  facet normal -0.321421 0.946936 0
    outer loop
      vertex -54.2779 -68.1575 -3
      vertex -54.8353 -68.3467 0
      vertex -54.2779 -68.1575 0
    endloop
  endfacet
  facet normal -0.321421 0.946936 0
    outer loop
      vertex -54.8353 -68.3467 0
      vertex -54.2779 -68.1575 -3
      vertex -54.8353 -68.3467 -3
    endloop
  endfacet
  facet normal -0.997859 -0.0654027 0
    outer loop
      vertex -51.5 -64 -3
      vertex -51.5385 -63.4126 0
      vertex -51.5385 -63.4126 -3
    endloop
  endfacet
  facet normal -0.997859 -0.0654027 0
    outer loop
      vertex -51.5385 -63.4126 0
      vertex -51.5 -64 -3
      vertex -51.5 -64 0
    endloop
  endfacet
  facet normal -0.195038 0.980796 0
    outer loop
      vertex -54.8353 -68.3467 -3
      vertex -55.4126 -68.4615 0
      vertex -54.8353 -68.3467 0
    endloop
  endfacet
  facet normal -0.195038 0.980796 0
    outer loop
      vertex -55.4126 -68.4615 0
      vertex -54.8353 -68.3467 -3
      vertex -55.4126 -68.4615 -3
    endloop
  endfacet
  facet normal -0.946916 -0.32148 0
    outer loop
      vertex -53.6818 -55.3788 -3
      vertex -53.7827 -55.0816 0
      vertex -53.7827 -55.0816 -3
    endloop
  endfacet
  facet normal -0.946916 -0.32148 0
    outer loop
      vertex -53.7827 -55.0816 0
      vertex -53.6818 -55.3788 -3
      vertex -53.6818 -55.3788 0
    endloop
  endfacet
  facet normal -0.0654027 0.997859 0
    outer loop
      vertex -55.4126 -68.4615 -3
      vertex -56 -68.5 0
      vertex -55.4126 -68.4615 0
    endloop
  endfacet
  facet normal -0.0654027 0.997859 0
    outer loop
      vertex -56 -68.5 0
      vertex -55.4126 -68.4615 -3
      vertex -56 -68.5 -3
    endloop
  endfacet
  facet normal -0.831315 -0.555802 0
    outer loop
      vertex -53.9215 -54.8 -3
      vertex -54.096 -54.539 0
      vertex -54.096 -54.539 -3
    endloop
  endfacet
  facet normal -0.831315 -0.555802 0
    outer loop
      vertex -54.096 -54.539 0
      vertex -53.9215 -54.8 -3
      vertex -53.9215 -54.8 0
    endloop
  endfacet
  facet normal -0.896961 -0.44211 0
    outer loop
      vertex -53.7827 -55.0816 -3
      vertex -53.9215 -54.8 0
      vertex -53.9215 -54.8 -3
    endloop
  endfacet
  facet normal -0.896961 -0.44211 0
    outer loop
      vertex -53.9215 -54.8 0
      vertex -53.7827 -55.0816 -3
      vertex -53.7827 -55.0816 0
    endloop
  endfacet
  facet normal -0.0652929 -0.997866 0
    outer loop
      vertex -56 -53.6 -3
      vertex -55.6867 -53.6205 0
      vertex -56 -53.6 0
    endloop
  endfacet
  facet normal -0.0652929 -0.997866 -0
    outer loop
      vertex -55.6867 -53.6205 0
      vertex -56 -53.6 -3
      vertex -55.6867 -53.6205 -3
    endloop
  endfacet
  facet normal -0.997859 0.0654027 0
    outer loop
      vertex -51.5385 -64.5874 -3
      vertex -51.5 -64 0
      vertex -51.5 -64 -3
    endloop
  endfacet
  facet normal -0.997859 0.0654027 0
    outer loop
      vertex -51.5 -64 0
      vertex -51.5385 -64.5874 -3
      vertex -51.5385 -64.5874 0
    endloop
  endfacet
  facet normal 0.555562 0.831475 -0
    outer loop
      vertex -58.25 -67.8971 -3
      vertex -58.7394 -67.5701 0
      vertex -58.25 -67.8971 0
    endloop
  endfacet
  facet normal 0.555562 0.831475 0
    outer loop
      vertex -58.7394 -67.5701 0
      vertex -58.25 -67.8971 -3
      vertex -58.7394 -67.5701 -3
    endloop
  endfacet
  facet normal 0.946936 0.321421 0
    outer loop
      vertex -60.1575 -65.7221 0
      vertex -60.3467 -65.1647 -3
      vertex -60.3467 -65.1647 0
    endloop
  endfacet
  facet normal 0.946936 0.321421 0
    outer loop
      vertex -60.3467 -65.1647 -3
      vertex -60.1575 -65.7221 0
      vertex -60.1575 -65.7221 -3
    endloop
  endfacet
  facet normal -0.831475 0.555562 0
    outer loop
      vertex -52.4299 -66.7394 -3
      vertex -52.1029 -66.25 0
      vertex -52.1029 -66.25 -3
    endloop
  endfacet
  facet normal -0.831475 0.555562 0
    outer loop
      vertex -52.1029 -66.25 0
      vertex -52.4299 -66.7394 -3
      vertex -52.4299 -66.7394 0
    endloop
  endfacet
  facet normal -0.32148 -0.946916 0
    outer loop
      vertex -55.3788 -53.6818 -3
      vertex -55.0816 -53.7827 0
      vertex -55.3788 -53.6818 0
    endloop
  endfacet
  facet normal -0.32148 -0.946916 -0
    outer loop
      vertex -55.0816 -53.7827 0
      vertex -55.3788 -53.6818 -3
      vertex -55.0816 -53.7827 -3
    endloop
  endfacet
  facet normal 0.659068 -0.752083 0
    outer loop
      vertex -57.6971 -54.3029 -3
      vertex -57.461 -54.096 0
      vertex -57.6971 -54.3029 0
    endloop
  endfacet
  facet normal 0.659068 -0.752083 0
    outer loop
      vertex -57.461 -54.096 0
      vertex -57.6971 -54.3029 -3
      vertex -57.461 -54.096 -3
    endloop
  endfacet
  facet normal 0.896961 -0.44211 0
    outer loop
      vertex -58.2173 -55.0816 0
      vertex -58.0785 -54.8 -3
      vertex -58.0785 -54.8 0
    endloop
  endfacet
  facet normal 0.896961 -0.44211 0
    outer loop
      vertex -58.0785 -54.8 -3
      vertex -58.2173 -55.0816 0
      vertex -58.2173 -55.0816 -3
    endloop
  endfacet
  facet normal -0.896827 0.442382 0
    outer loop
      vertex -52.1029 -66.25 -3
      vertex -51.8425 -65.7221 0
      vertex -51.8425 -65.7221 -3
    endloop
  endfacet
  facet normal -0.896827 0.442382 0
    outer loop
      vertex -51.8425 -65.7221 0
      vertex -52.1029 -66.25 -3
      vertex -52.1029 -66.25 0
    endloop
  endfacet
  facet normal -0.980796 -0.195038 0
    outer loop
      vertex -51.5385 -63.4126 -3
      vertex -51.6533 -62.8353 0
      vertex -51.6533 -62.8353 -3
    endloop
  endfacet
  facet normal -0.980796 -0.195038 0
    outer loop
      vertex -51.6533 -62.8353 0
      vertex -51.5385 -63.4126 -3
      vertex -51.5385 -63.4126 0
    endloop
  endfacet
  facet normal 0.32148 -0.946916 0
    outer loop
      vertex -56.9184 -53.7827 -3
      vertex -56.6212 -53.6818 0
      vertex -56.9184 -53.7827 0
    endloop
  endfacet
  facet normal 0.32148 -0.946916 0
    outer loop
      vertex -56.6212 -53.6818 0
      vertex -56.9184 -53.7827 -3
      vertex -56.6212 -53.6818 -3
    endloop
  endfacet
  facet normal -0.555802 -0.831315 0
    outer loop
      vertex -54.8 -53.9215 -3
      vertex -54.539 -54.096 0
      vertex -54.8 -53.9215 0
    endloop
  endfacet
  facet normal -0.555802 -0.831315 -0
    outer loop
      vertex -54.539 -54.096 0
      vertex -54.8 -53.9215 -3
      vertex -54.539 -54.096 -3
    endloop
  endfacet
  facet normal -0.659068 -0.752083 0
    outer loop
      vertex -54.539 -54.096 -3
      vertex -54.3029 -54.3029 0
      vertex -54.539 -54.096 0
    endloop
  endfacet
  facet normal -0.659068 -0.752083 -0
    outer loop
      vertex -54.3029 -54.3029 0
      vertex -54.539 -54.096 -3
      vertex -54.3029 -54.3029 -3
    endloop
  endfacet
  facet normal -0.442382 0.896827 0
    outer loop
      vertex -53.75 -67.8971 -3
      vertex -54.2779 -68.1575 0
      vertex -53.75 -67.8971 0
    endloop
  endfacet
  facet normal -0.442382 0.896827 0
    outer loop
      vertex -54.2779 -68.1575 0
      vertex -53.75 -67.8971 -3
      vertex -54.2779 -68.1575 -3
    endloop
  endfacet
  facet normal 0.0652929 -0.997866 0
    outer loop
      vertex -56.3133 -53.6205 -3
      vertex -56 -53.6 0
      vertex -56.3133 -53.6205 0
    endloop
  endfacet
  facet normal 0.0652929 -0.997866 0
    outer loop
      vertex -56 -53.6 0
      vertex -56.3133 -53.6205 -3
      vertex -56 -53.6 -3
    endloop
  endfacet
  facet normal -0.555562 0.831475 0
    outer loop
      vertex -53.2606 -67.5701 -3
      vertex -53.75 -67.8971 0
      vertex -53.2606 -67.5701 0
    endloop
  endfacet
  facet normal -0.555562 0.831475 0
    outer loop
      vertex -53.75 -67.8971 0
      vertex -53.2606 -67.5701 -3
      vertex -53.75 -67.8971 -3
    endloop
  endfacet
  facet normal -0.752083 -0.659068 0
    outer loop
      vertex -54.096 -54.539 -3
      vertex -54.3029 -54.3029 0
      vertex -54.3029 -54.3029 -3
    endloop
  endfacet
  facet normal -0.752083 -0.659068 0
    outer loop
      vertex -54.3029 -54.3029 0
      vertex -54.096 -54.539 -3
      vertex -54.096 -54.539 0
    endloop
  endfacet
  facet normal 0.44211 -0.896961 0
    outer loop
      vertex -57.2 -53.9215 -3
      vertex -56.9184 -53.7827 0
      vertex -57.2 -53.9215 0
    endloop
  endfacet
  facet normal 0.44211 -0.896961 0
    outer loop
      vertex -56.9184 -53.7827 0
      vertex -57.2 -53.9215 -3
      vertex -56.9184 -53.7827 -3
    endloop
  endfacet
  facet normal 0.555802 -0.831315 0
    outer loop
      vertex -57.461 -54.096 -3
      vertex -57.2 -53.9215 0
      vertex -57.461 -54.096 0
    endloop
  endfacet
  facet normal 0.555802 -0.831315 0
    outer loop
      vertex -57.2 -53.9215 0
      vertex -57.461 -54.096 -3
      vertex -57.2 -53.9215 -3
    endloop
  endfacet
  facet normal 0.751882 0.659298 0
    outer loop
      vertex -59.182 -67.182 0
      vertex -59.5701 -66.7394 -3
      vertex -59.5701 -66.7394 0
    endloop
  endfacet
  facet normal 0.751882 0.659298 0
    outer loop
      vertex -59.5701 -66.7394 -3
      vertex -59.182 -67.182 0
      vertex -59.182 -67.182 -3
    endloop
  endfacet
  facet normal -0.751882 0.659298 0
    outer loop
      vertex -52.818 -67.182 -3
      vertex -52.4299 -66.7394 0
      vertex -52.4299 -66.7394 -3
    endloop
  endfacet
  facet normal -0.751882 0.659298 0
    outer loop
      vertex -52.4299 -66.7394 0
      vertex -52.818 -67.182 -3
      vertex -52.818 -67.182 0
    endloop
  endfacet
  facet normal 0.997859 0.0654027 0
    outer loop
      vertex -60.4615 -64.5874 0
      vertex -60.5 -64 -3
      vertex -60.5 -64 0
    endloop
  endfacet
  facet normal 0.997859 0.0654027 0
    outer loop
      vertex -60.5 -64 -3
      vertex -60.4615 -64.5874 0
      vertex -60.4615 -64.5874 -3
    endloop
  endfacet
  facet normal 0.980796 0.195038 0
    outer loop
      vertex -60.3467 -65.1647 0
      vertex -60.4615 -64.5874 -3
      vertex -60.4615 -64.5874 0
    endloop
  endfacet
  facet normal 0.980796 0.195038 0
    outer loop
      vertex -60.4615 -64.5874 -3
      vertex -60.3467 -65.1647 0
      vertex -60.3467 -65.1647 -3
    endloop
  endfacet
  facet normal -0.195258 -0.980752 0
    outer loop
      vertex -55.6867 -53.6205 -3
      vertex -55.3788 -53.6818 0
      vertex -55.6867 -53.6205 0
    endloop
  endfacet
  facet normal -0.195258 -0.980752 -0
    outer loop
      vertex -55.3788 -53.6818 0
      vertex -55.6867 -53.6205 -3
      vertex -55.3788 -53.6818 -3
    endloop
  endfacet
  facet normal -0.964931 -0.262504 0
    outer loop
      vertex -51.6533 -62.8353 -3
      vertex -53.6818 -55.3788 0
      vertex -53.6818 -55.3788 -3
    endloop
  endfacet
  facet normal -0.964931 -0.262504 0
    outer loop
      vertex -53.6818 -55.3788 0
      vertex -51.6533 -62.8353 -3
      vertex -51.6533 -62.8353 0
    endloop
  endfacet
  facet normal -0.44211 -0.896961 0
    outer loop
      vertex -55.0816 -53.7827 -3
      vertex -54.8 -53.9215 0
      vertex -55.0816 -53.7827 0
    endloop
  endfacet
  facet normal -0.44211 -0.896961 -0
    outer loop
      vertex -54.8 -53.9215 0
      vertex -55.0816 -53.7827 -3
      vertex -54.8 -53.9215 -3
    endloop
  endfacet
  facet normal 0.659298 0.751882 -0
    outer loop
      vertex -58.7394 -67.5701 -3
      vertex -59.182 -67.182 0
      vertex -58.7394 -67.5701 0
    endloop
  endfacet
  facet normal 0.659298 0.751882 0
    outer loop
      vertex -59.182 -67.182 0
      vertex -58.7394 -67.5701 -3
      vertex -59.182 -67.182 -3
    endloop
  endfacet
  facet normal 0.195258 -0.980752 0
    outer loop
      vertex -56.6212 -53.6818 -3
      vertex -56.3133 -53.6205 0
      vertex -56.6212 -53.6818 0
    endloop
  endfacet
  facet normal 0.195258 -0.980752 0
    outer loop
      vertex -56.3133 -53.6205 0
      vertex -56.6212 -53.6818 -3
      vertex -56.3133 -53.6205 -3
    endloop
  endfacet
  facet normal 0.555802 -0.831315 0
    outer loop
      vertex 54.539 57.904 -3
      vertex 54.8 58.0785 0
      vertex 54.539 57.904 0
    endloop
  endfacet
  facet normal 0.555802 -0.831315 0
    outer loop
      vertex 54.8 58.0785 0
      vertex 54.539 57.904 -3
      vertex 54.8 58.0785 -3
    endloop
  endfacet
  facet normal 0.946916 -0.32148 0
    outer loop
      vertex 53.6818 56.6212 0
      vertex 53.7827 56.9184 -3
      vertex 53.7827 56.9184 0
    endloop
  endfacet
  facet normal 0.946916 -0.32148 0
    outer loop
      vertex 53.7827 56.9184 -3
      vertex 53.6818 56.6212 0
      vertex 53.6818 56.6212 -3
    endloop
  endfacet
  facet normal 0.831475 0.555562 0
    outer loop
      vertex 52.4299 45.2606 0
      vertex 52.1029 45.75 -3
      vertex 52.1029 45.75 0
    endloop
  endfacet
  facet normal 0.831475 0.555562 0
    outer loop
      vertex 52.1029 45.75 -3
      vertex 52.4299 45.2606 0
      vertex 52.4299 45.2606 -3
    endloop
  endfacet
  facet normal -0.659068 -0.752083 0
    outer loop
      vertex 57.461 57.904 -3
      vertex 57.6971 57.6971 0
      vertex 57.461 57.904 0
    endloop
  endfacet
  facet normal -0.659068 -0.752083 -0
    outer loop
      vertex 57.6971 57.6971 0
      vertex 57.461 57.904 -3
      vertex 57.6971 57.6971 -3
    endloop
  endfacet
  facet normal -0.964931 -0.262504 0
    outer loop
      vertex 60.3467 49.1647 -3
      vertex 58.3182 56.6212 0
      vertex 58.3182 56.6212 -3
    endloop
  endfacet
  facet normal -0.964931 -0.262504 0
    outer loop
      vertex 58.3182 56.6212 0
      vertex 60.3467 49.1647 -3
      vertex 60.3467 49.1647 0
    endloop
  endfacet
  facet normal -0.44211 -0.896961 0
    outer loop
      vertex 56.9184 58.2173 -3
      vertex 57.2 58.0785 0
      vertex 56.9184 58.2173 0
    endloop
  endfacet
  facet normal -0.44211 -0.896961 -0
    outer loop
      vertex 57.2 58.0785 0
      vertex 56.9184 58.2173 -3
      vertex 57.2 58.0785 -3
    endloop
  endfacet
  facet normal -0.997859 -0.0654027 0
    outer loop
      vertex 60.5 48 -3
      vertex 60.4615 48.5874 0
      vertex 60.4615 48.5874 -3
    endloop
  endfacet
  facet normal -0.997859 -0.0654027 0
    outer loop
      vertex 60.4615 48.5874 0
      vertex 60.5 48 -3
      vertex 60.5 48 0
    endloop
  endfacet
  facet normal 0.195258 -0.980752 0
    outer loop
      vertex 55.3788 58.3182 -3
      vertex 55.6867 58.3795 0
      vertex 55.3788 58.3182 0
    endloop
  endfacet
  facet normal 0.195258 -0.980752 0
    outer loop
      vertex 55.6867 58.3795 0
      vertex 55.3788 58.3182 -3
      vertex 55.6867 58.3795 -3
    endloop
  endfacet
  facet normal 0.659298 0.751882 -0
    outer loop
      vertex 53.2606 44.4299 -3
      vertex 52.818 44.818 0
      vertex 53.2606 44.4299 0
    endloop
  endfacet
  facet normal 0.659298 0.751882 0
    outer loop
      vertex 52.818 44.818 0
      vertex 53.2606 44.4299 -3
      vertex 52.818 44.818 -3
    endloop
  endfacet
  facet normal 0.980796 -0.195038 0
    outer loop
      vertex 51.5385 48.5874 0
      vertex 51.6533 49.1647 -3
      vertex 51.6533 49.1647 0
    endloop
  endfacet
  facet normal 0.980796 -0.195038 0
    outer loop
      vertex 51.6533 49.1647 -3
      vertex 51.5385 48.5874 0
      vertex 51.5385 48.5874 -3
    endloop
  endfacet
  facet normal 0.964931 -0.262504 0
    outer loop
      vertex 51.6533 49.1647 0
      vertex 53.6818 56.6212 -3
      vertex 53.6818 56.6212 0
    endloop
  endfacet
  facet normal 0.964931 -0.262504 0
    outer loop
      vertex 53.6818 56.6212 -3
      vertex 51.6533 49.1647 0
      vertex 51.6533 49.1647 -3
    endloop
  endfacet
  facet normal -0.555802 -0.831315 0
    outer loop
      vertex 57.2 58.0785 -3
      vertex 57.461 57.904 0
      vertex 57.2 58.0785 0
    endloop
  endfacet
  facet normal -0.555802 -0.831315 -0
    outer loop
      vertex 57.461 57.904 0
      vertex 57.2 58.0785 -3
      vertex 57.461 57.904 -3
    endloop
  endfacet
  facet normal -0.831475 0.555562 0
    outer loop
      vertex 59.5701 45.2606 -3
      vertex 59.8971 45.75 0
      vertex 59.8971 45.75 -3
    endloop
  endfacet
  facet normal -0.831475 0.555562 0
    outer loop
      vertex 59.8971 45.75 0
      vertex 59.5701 45.2606 -3
      vertex 59.5701 45.2606 0
    endloop
  endfacet
  facet normal 0.896827 0.442382 0
    outer loop
      vertex 52.1029 45.75 0
      vertex 51.8425 46.2779 -3
      vertex 51.8425 46.2779 0
    endloop
  endfacet
  facet normal 0.896827 0.442382 0
    outer loop
      vertex 51.8425 46.2779 -3
      vertex 52.1029 45.75 0
      vertex 52.1029 45.75 -3
    endloop
  endfacet
  facet normal -0.321421 0.946936 0
    outer loop
      vertex 57.7221 43.8425 -3
      vertex 57.1647 43.6533 0
      vertex 57.7221 43.8425 0
    endloop
  endfacet
  facet normal -0.321421 0.946936 0
    outer loop
      vertex 57.1647 43.6533 0
      vertex 57.7221 43.8425 -3
      vertex 57.1647 43.6533 -3
    endloop
  endfacet
  facet normal 0.0652929 -0.997866 0
    outer loop
      vertex 55.6867 58.3795 -3
      vertex 56 58.4 0
      vertex 55.6867 58.3795 0
    endloop
  endfacet
  facet normal 0.0652929 -0.997866 0
    outer loop
      vertex 56 58.4 0
      vertex 55.6867 58.3795 -3
      vertex 56 58.4 -3
    endloop
  endfacet
  facet normal -0.980796 -0.195038 0
    outer loop
      vertex 60.4615 48.5874 -3
      vertex 60.3467 49.1647 0
      vertex 60.3467 49.1647 -3
    endloop
  endfacet
  facet normal -0.980796 -0.195038 0
    outer loop
      vertex 60.3467 49.1647 0
      vertex 60.4615 48.5874 -3
      vertex 60.4615 48.5874 0
    endloop
  endfacet
  facet normal 0.0654027 0.997859 -0
    outer loop
      vertex 56 43.5 -3
      vertex 55.4126 43.5385 0
      vertex 56 43.5 0
    endloop
  endfacet
  facet normal 0.0654027 0.997859 0
    outer loop
      vertex 55.4126 43.5385 0
      vertex 56 43.5 -3
      vertex 55.4126 43.5385 -3
    endloop
  endfacet
  facet normal 0.997859 -0.0654027 0
    outer loop
      vertex 51.5 48 0
      vertex 51.5385 48.5874 -3
      vertex 51.5385 48.5874 0
    endloop
  endfacet
  facet normal 0.997859 -0.0654027 0
    outer loop
      vertex 51.5385 48.5874 -3
      vertex 51.5 48 0
      vertex 51.5 48 -3
    endloop
  endfacet
  facet normal -0.195258 -0.980752 0
    outer loop
      vertex 56.3133 58.3795 -3
      vertex 56.6212 58.3182 0
      vertex 56.3133 58.3795 0
    endloop
  endfacet
  facet normal -0.195258 -0.980752 -0
    outer loop
      vertex 56.6212 58.3182 0
      vertex 56.3133 58.3795 -3
      vertex 56.6212 58.3182 -3
    endloop
  endfacet
  facet normal -0.442382 0.896827 0
    outer loop
      vertex 58.25 44.1029 -3
      vertex 57.7221 43.8425 0
      vertex 58.25 44.1029 0
    endloop
  endfacet
  facet normal -0.442382 0.896827 0
    outer loop
      vertex 57.7221 43.8425 0
      vertex 58.25 44.1029 -3
      vertex 57.7221 43.8425 -3
    endloop
  endfacet
  facet normal -0.831315 -0.555802 0
    outer loop
      vertex 58.0785 57.2 -3
      vertex 57.904 57.461 0
      vertex 57.904 57.461 -3
    endloop
  endfacet
  facet normal -0.831315 -0.555802 0
    outer loop
      vertex 57.904 57.461 0
      vertex 58.0785 57.2 -3
      vertex 58.0785 57.2 0
    endloop
  endfacet
  facet normal -0.946936 0.321421 0
    outer loop
      vertex 60.1575 46.2779 -3
      vertex 60.3467 46.8353 0
      vertex 60.3467 46.8353 -3
    endloop
  endfacet
  facet normal -0.946936 0.321421 0
    outer loop
      vertex 60.3467 46.8353 0
      vertex 60.1575 46.2779 -3
      vertex 60.1575 46.2779 0
    endloop
  endfacet
  facet normal -0.896827 0.442382 0
    outer loop
      vertex 59.8971 45.75 -3
      vertex 60.1575 46.2779 0
      vertex 60.1575 46.2779 -3
    endloop
  endfacet
  facet normal -0.896827 0.442382 0
    outer loop
      vertex 60.1575 46.2779 0
      vertex 59.8971 45.75 -3
      vertex 59.8971 45.75 0
    endloop
  endfacet
  facet normal 0.321421 0.946936 -0
    outer loop
      vertex 54.8353 43.6533 -3
      vertex 54.2779 43.8425 0
      vertex 54.8353 43.6533 0
    endloop
  endfacet
  facet normal 0.321421 0.946936 0
    outer loop
      vertex 54.2779 43.8425 0
      vertex 54.8353 43.6533 -3
      vertex 54.2779 43.8425 -3
    endloop
  endfacet
  facet normal -0.0654027 0.997859 0
    outer loop
      vertex 56.5874 43.5385 -3
      vertex 56 43.5 0
      vertex 56.5874 43.5385 0
    endloop
  endfacet
  facet normal -0.0654027 0.997859 0
    outer loop
      vertex 56 43.5 0
      vertex 56.5874 43.5385 -3
      vertex 56 43.5 -3
    endloop
  endfacet
  facet normal 0.442382 0.896827 -0
    outer loop
      vertex 54.2779 43.8425 -3
      vertex 53.75 44.1029 0
      vertex 54.2779 43.8425 0
    endloop
  endfacet
  facet normal 0.442382 0.896827 0
    outer loop
      vertex 53.75 44.1029 0
      vertex 54.2779 43.8425 -3
      vertex 53.75 44.1029 -3
    endloop
  endfacet
  facet normal -0.555562 0.831475 0
    outer loop
      vertex 58.7394 44.4299 -3
      vertex 58.25 44.1029 0
      vertex 58.7394 44.4299 0
    endloop
  endfacet
  facet normal -0.555562 0.831475 0
    outer loop
      vertex 58.25 44.1029 0
      vertex 58.7394 44.4299 -3
      vertex 58.25 44.1029 -3
    endloop
  endfacet
  facet normal -0.997859 0.0654027 0
    outer loop
      vertex 60.4615 47.4126 -3
      vertex 60.5 48 0
      vertex 60.5 48 -3
    endloop
  endfacet
  facet normal -0.997859 0.0654027 0
    outer loop
      vertex 60.5 48 0
      vertex 60.4615 47.4126 -3
      vertex 60.4615 47.4126 0
    endloop
  endfacet
  facet normal -0.980796 0.195038 0
    outer loop
      vertex 60.3467 46.8353 -3
      vertex 60.4615 47.4126 0
      vertex 60.4615 47.4126 -3
    endloop
  endfacet
  facet normal -0.980796 0.195038 0
    outer loop
      vertex 60.4615 47.4126 0
      vertex 60.3467 46.8353 -3
      vertex 60.3467 46.8353 0
    endloop
  endfacet
  facet normal -0.946916 -0.32148 0
    outer loop
      vertex 58.3182 56.6212 -3
      vertex 58.2173 56.9184 0
      vertex 58.2173 56.9184 -3
    endloop
  endfacet
  facet normal -0.946916 -0.32148 0
    outer loop
      vertex 58.2173 56.9184 0
      vertex 58.3182 56.6212 -3
      vertex 58.3182 56.6212 0
    endloop
  endfacet
  facet normal -0.195038 0.980796 0
    outer loop
      vertex 57.1647 43.6533 -3
      vertex 56.5874 43.5385 0
      vertex 57.1647 43.6533 0
    endloop
  endfacet
  facet normal -0.195038 0.980796 0
    outer loop
      vertex 56.5874 43.5385 0
      vertex 57.1647 43.6533 -3
      vertex 56.5874 43.5385 -3
    endloop
  endfacet
  facet normal -0.659298 0.751882 0
    outer loop
      vertex 59.182 44.818 -3
      vertex 58.7394 44.4299 0
      vertex 59.182 44.818 0
    endloop
  endfacet
  facet normal -0.659298 0.751882 0
    outer loop
      vertex 58.7394 44.4299 0
      vertex 59.182 44.818 -3
      vertex 58.7394 44.4299 -3
    endloop
  endfacet
  facet normal 0.751882 0.659298 0
    outer loop
      vertex 52.818 44.818 0
      vertex 52.4299 45.2606 -3
      vertex 52.4299 45.2606 0
    endloop
  endfacet
  facet normal 0.751882 0.659298 0
    outer loop
      vertex 52.4299 45.2606 -3
      vertex 52.818 44.818 0
      vertex 52.818 44.818 -3
    endloop
  endfacet
  facet normal -0.0652929 -0.997866 0
    outer loop
      vertex 56 58.4 -3
      vertex 56.3133 58.3795 0
      vertex 56 58.4 0
    endloop
  endfacet
  facet normal -0.0652929 -0.997866 -0
    outer loop
      vertex 56.3133 58.3795 0
      vertex 56 58.4 -3
      vertex 56.3133 58.3795 -3
    endloop
  endfacet
  facet normal -0.896961 -0.44211 0
    outer loop
      vertex 58.2173 56.9184 -3
      vertex 58.0785 57.2 0
      vertex 58.0785 57.2 -3
    endloop
  endfacet
  facet normal -0.896961 -0.44211 0
    outer loop
      vertex 58.0785 57.2 0
      vertex 58.2173 56.9184 -3
      vertex 58.2173 56.9184 0
    endloop
  endfacet
  facet normal 0.195038 0.980796 -0
    outer loop
      vertex 55.4126 43.5385 -3
      vertex 54.8353 43.6533 0
      vertex 55.4126 43.5385 0
    endloop
  endfacet
  facet normal 0.195038 0.980796 0
    outer loop
      vertex 54.8353 43.6533 0
      vertex 55.4126 43.5385 -3
      vertex 54.8353 43.6533 -3
    endloop
  endfacet
  facet normal 0.980796 0.195038 0
    outer loop
      vertex 51.6533 46.8353 0
      vertex 51.5385 47.4126 -3
      vertex 51.5385 47.4126 0
    endloop
  endfacet
  facet normal 0.980796 0.195038 0
    outer loop
      vertex 51.5385 47.4126 -3
      vertex 51.6533 46.8353 0
      vertex 51.6533 46.8353 -3
    endloop
  endfacet
  facet normal 0.32148 -0.946916 0
    outer loop
      vertex 55.0816 58.2173 -3
      vertex 55.3788 58.3182 0
      vertex 55.0816 58.2173 0
    endloop
  endfacet
  facet normal 0.32148 -0.946916 0
    outer loop
      vertex 55.3788 58.3182 0
      vertex 55.0816 58.2173 -3
      vertex 55.3788 58.3182 -3
    endloop
  endfacet
  facet normal -0.752083 -0.659068 0
    outer loop
      vertex 57.904 57.461 -3
      vertex 57.6971 57.6971 0
      vertex 57.6971 57.6971 -3
    endloop
  endfacet
  facet normal -0.752083 -0.659068 0
    outer loop
      vertex 57.6971 57.6971 0
      vertex 57.904 57.461 -3
      vertex 57.904 57.461 0
    endloop
  endfacet
  facet normal 0.831315 -0.555802 0
    outer loop
      vertex 53.9215 57.2 0
      vertex 54.096 57.461 -3
      vertex 54.096 57.461 0
    endloop
  endfacet
  facet normal 0.831315 -0.555802 0
    outer loop
      vertex 54.096 57.461 -3
      vertex 53.9215 57.2 0
      vertex 53.9215 57.2 -3
    endloop
  endfacet
  facet normal 0.946936 0.321421 0
    outer loop
      vertex 51.8425 46.2779 0
      vertex 51.6533 46.8353 -3
      vertex 51.6533 46.8353 0
    endloop
  endfacet
  facet normal 0.946936 0.321421 0
    outer loop
      vertex 51.6533 46.8353 -3
      vertex 51.8425 46.2779 0
      vertex 51.8425 46.2779 -3
    endloop
  endfacet
  facet normal -0.751882 0.659298 0
    outer loop
      vertex 59.182 44.818 -3
      vertex 59.5701 45.2606 0
      vertex 59.5701 45.2606 -3
    endloop
  endfacet
  facet normal -0.751882 0.659298 0
    outer loop
      vertex 59.5701 45.2606 0
      vertex 59.182 44.818 -3
      vertex 59.182 44.818 0
    endloop
  endfacet
  facet normal 0.997859 0.0654027 0
    outer loop
      vertex 51.5385 47.4126 0
      vertex 51.5 48 -3
      vertex 51.5 48 0
    endloop
  endfacet
  facet normal 0.997859 0.0654027 0
    outer loop
      vertex 51.5 48 -3
      vertex 51.5385 47.4126 0
      vertex 51.5385 47.4126 -3
    endloop
  endfacet
  facet normal -0.32148 -0.946916 0
    outer loop
      vertex 56.6212 58.3182 -3
      vertex 56.9184 58.2173 0
      vertex 56.6212 58.3182 0
    endloop
  endfacet
  facet normal -0.32148 -0.946916 -0
    outer loop
      vertex 56.9184 58.2173 0
      vertex 56.6212 58.3182 -3
      vertex 56.9184 58.2173 -3
    endloop
  endfacet
  facet normal 0.44211 -0.896961 0
    outer loop
      vertex 54.8 58.0785 -3
      vertex 55.0816 58.2173 0
      vertex 54.8 58.0785 0
    endloop
  endfacet
  facet normal 0.44211 -0.896961 0
    outer loop
      vertex 55.0816 58.2173 0
      vertex 54.8 58.0785 -3
      vertex 55.0816 58.2173 -3
    endloop
  endfacet
  facet normal 0.555562 0.831475 -0
    outer loop
      vertex 53.75 44.1029 -3
      vertex 53.2606 44.4299 0
      vertex 53.75 44.1029 0
    endloop
  endfacet
  facet normal 0.555562 0.831475 0
    outer loop
      vertex 53.2606 44.4299 0
      vertex 53.75 44.1029 -3
      vertex 53.2606 44.4299 -3
    endloop
  endfacet
  facet normal 0.659068 -0.752083 0
    outer loop
      vertex 54.3029 57.6971 -3
      vertex 54.539 57.904 0
      vertex 54.3029 57.6971 0
    endloop
  endfacet
  facet normal 0.659068 -0.752083 0
    outer loop
      vertex 54.539 57.904 0
      vertex 54.3029 57.6971 -3
      vertex 54.539 57.904 -3
    endloop
  endfacet
  facet normal 0.752083 -0.659068 0
    outer loop
      vertex 54.096 57.461 0
      vertex 54.3029 57.6971 -3
      vertex 54.3029 57.6971 0
    endloop
  endfacet
  facet normal 0.752083 -0.659068 0
    outer loop
      vertex 54.3029 57.6971 -3
      vertex 54.096 57.461 0
      vertex 54.096 57.461 -3
    endloop
  endfacet
  facet normal 0.896961 -0.44211 0
    outer loop
      vertex 53.7827 56.9184 0
      vertex 53.9215 57.2 -3
      vertex 53.9215 57.2 0
    endloop
  endfacet
  facet normal 0.896961 -0.44211 0
    outer loop
      vertex 53.9215 57.2 -3
      vertex 53.7827 56.9184 0
      vertex 53.7827 56.9184 -3
    endloop
  endfacet
  facet normal -0.980796 0.195038 0
    outer loop
      vertex 60.3467 -65.1647 -3
      vertex 60.4615 -64.5874 0
      vertex 60.4615 -64.5874 -3
    endloop
  endfacet
  facet normal -0.980796 0.195038 0
    outer loop
      vertex 60.4615 -64.5874 0
      vertex 60.3467 -65.1647 -3
      vertex 60.3467 -65.1647 0
    endloop
  endfacet
  facet normal 0.946916 -0.32148 0
    outer loop
      vertex 53.6818 -55.3788 0
      vertex 53.7827 -55.0816 -3
      vertex 53.7827 -55.0816 0
    endloop
  endfacet
  facet normal 0.946916 -0.32148 0
    outer loop
      vertex 53.7827 -55.0816 -3
      vertex 53.6818 -55.3788 0
      vertex 53.6818 -55.3788 -3
    endloop
  endfacet
  facet normal -0.659298 0.751882 0
    outer loop
      vertex 59.182 -67.182 -3
      vertex 58.7394 -67.5701 0
      vertex 59.182 -67.182 0
    endloop
  endfacet
  facet normal -0.659298 0.751882 0
    outer loop
      vertex 58.7394 -67.5701 0
      vertex 59.182 -67.182 -3
      vertex 58.7394 -67.5701 -3
    endloop
  endfacet
  facet normal 0.442382 0.896827 -0
    outer loop
      vertex 54.2779 -68.1575 -3
      vertex 53.75 -67.8971 0
      vertex 54.2779 -68.1575 0
    endloop
  endfacet
  facet normal 0.442382 0.896827 0
    outer loop
      vertex 53.75 -67.8971 0
      vertex 54.2779 -68.1575 -3
      vertex 53.75 -67.8971 -3
    endloop
  endfacet
  facet normal -0.896827 0.442382 0
    outer loop
      vertex 59.8971 -66.25 -3
      vertex 60.1575 -65.7221 0
      vertex 60.1575 -65.7221 -3
    endloop
  endfacet
  facet normal -0.896827 0.442382 0
    outer loop
      vertex 60.1575 -65.7221 0
      vertex 59.8971 -66.25 -3
      vertex 59.8971 -66.25 0
    endloop
  endfacet
  facet normal -0.946936 0.321421 0
    outer loop
      vertex 60.1575 -65.7221 -3
      vertex 60.3467 -65.1647 0
      vertex 60.3467 -65.1647 -3
    endloop
  endfacet
  facet normal -0.946936 0.321421 0
    outer loop
      vertex 60.3467 -65.1647 0
      vertex 60.1575 -65.7221 -3
      vertex 60.1575 -65.7221 0
    endloop
  endfacet
  facet normal 0.964931 -0.262504 0
    outer loop
      vertex 51.6533 -62.8353 0
      vertex 53.6818 -55.3788 -3
      vertex 53.6818 -55.3788 0
    endloop
  endfacet
  facet normal 0.964931 -0.262504 0
    outer loop
      vertex 53.6818 -55.3788 -3
      vertex 51.6533 -62.8353 0
      vertex 51.6533 -62.8353 -3
    endloop
  endfacet
  facet normal 0.831315 -0.555802 0
    outer loop
      vertex 53.9215 -54.8 0
      vertex 54.096 -54.539 -3
      vertex 54.096 -54.539 0
    endloop
  endfacet
  facet normal 0.831315 -0.555802 0
    outer loop
      vertex 54.096 -54.539 -3
      vertex 53.9215 -54.8 0
      vertex 53.9215 -54.8 -3
    endloop
  endfacet
  facet normal 0.0654027 0.997859 -0
    outer loop
      vertex 56 -68.5 -3
      vertex 55.4126 -68.4615 0
      vertex 56 -68.5 0
    endloop
  endfacet
  facet normal 0.0654027 0.997859 0
    outer loop
      vertex 55.4126 -68.4615 0
      vertex 56 -68.5 -3
      vertex 55.4126 -68.4615 -3
    endloop
  endfacet
  facet normal 0.195038 0.980796 -0
    outer loop
      vertex 55.4126 -68.4615 -3
      vertex 54.8353 -68.3467 0
      vertex 55.4126 -68.4615 0
    endloop
  endfacet
  facet normal 0.195038 0.980796 0
    outer loop
      vertex 54.8353 -68.3467 0
      vertex 55.4126 -68.4615 -3
      vertex 54.8353 -68.3467 -3
    endloop
  endfacet
  facet normal 0.752083 -0.659068 0
    outer loop
      vertex 54.096 -54.539 0
      vertex 54.3029 -54.3029 -3
      vertex 54.3029 -54.3029 0
    endloop
  endfacet
  facet normal 0.752083 -0.659068 0
    outer loop
      vertex 54.3029 -54.3029 -3
      vertex 54.096 -54.539 0
      vertex 54.096 -54.539 -3
    endloop
  endfacet
  facet normal -0.321421 0.946936 0
    outer loop
      vertex 57.7221 -68.1575 -3
      vertex 57.1647 -68.3467 0
      vertex 57.7221 -68.1575 0
    endloop
  endfacet
  facet normal -0.321421 0.946936 0
    outer loop
      vertex 57.1647 -68.3467 0
      vertex 57.7221 -68.1575 -3
      vertex 57.1647 -68.3467 -3
    endloop
  endfacet
  facet normal -0.752083 -0.659068 0
    outer loop
      vertex 57.904 -54.539 -3
      vertex 57.6971 -54.3029 0
      vertex 57.6971 -54.3029 -3
    endloop
  endfacet
  facet normal -0.752083 -0.659068 0
    outer loop
      vertex 57.6971 -54.3029 0
      vertex 57.904 -54.539 -3
      vertex 57.904 -54.539 0
    endloop
  endfacet
  facet normal 0.555802 -0.831315 0
    outer loop
      vertex 54.539 -54.096 -3
      vertex 54.8 -53.9215 0
      vertex 54.539 -54.096 0
    endloop
  endfacet
  facet normal 0.555802 -0.831315 0
    outer loop
      vertex 54.8 -53.9215 0
      vertex 54.539 -54.096 -3
      vertex 54.8 -53.9215 -3
    endloop
  endfacet
  facet normal 0.980796 0.195038 0
    outer loop
      vertex 51.6533 -65.1647 0
      vertex 51.5385 -64.5874 -3
      vertex 51.5385 -64.5874 0
    endloop
  endfacet
  facet normal 0.980796 0.195038 0
    outer loop
      vertex 51.5385 -64.5874 -3
      vertex 51.6533 -65.1647 0
      vertex 51.6533 -65.1647 -3
    endloop
  endfacet
  facet normal -0.831315 -0.555802 0
    outer loop
      vertex 58.0785 -54.8 -3
      vertex 57.904 -54.539 0
      vertex 57.904 -54.539 -3
    endloop
  endfacet
  facet normal -0.831315 -0.555802 0
    outer loop
      vertex 57.904 -54.539 0
      vertex 58.0785 -54.8 -3
      vertex 58.0785 -54.8 0
    endloop
  endfacet
  facet normal 0.980796 -0.195038 0
    outer loop
      vertex 51.5385 -63.4126 0
      vertex 51.6533 -62.8353 -3
      vertex 51.6533 -62.8353 0
    endloop
  endfacet
  facet normal 0.980796 -0.195038 0
    outer loop
      vertex 51.6533 -62.8353 -3
      vertex 51.5385 -63.4126 0
      vertex 51.5385 -63.4126 -3
    endloop
  endfacet
  facet normal -0.980796 -0.195038 0
    outer loop
      vertex 60.4615 -63.4126 -3
      vertex 60.3467 -62.8353 0
      vertex 60.3467 -62.8353 -3
    endloop
  endfacet
  facet normal -0.980796 -0.195038 0
    outer loop
      vertex 60.3467 -62.8353 0
      vertex 60.4615 -63.4126 -3
      vertex 60.4615 -63.4126 0
    endloop
  endfacet
  facet normal -0.896961 -0.44211 0
    outer loop
      vertex 58.2173 -55.0816 -3
      vertex 58.0785 -54.8 0
      vertex 58.0785 -54.8 -3
    endloop
  endfacet
  facet normal -0.896961 -0.44211 0
    outer loop
      vertex 58.0785 -54.8 0
      vertex 58.2173 -55.0816 -3
      vertex 58.2173 -55.0816 0
    endloop
  endfacet
  facet normal -0.0652929 -0.997866 0
    outer loop
      vertex 56 -53.6 -3
      vertex 56.3133 -53.6205 0
      vertex 56 -53.6 0
    endloop
  endfacet
  facet normal -0.0652929 -0.997866 -0
    outer loop
      vertex 56.3133 -53.6205 0
      vertex 56 -53.6 -3
      vertex 56.3133 -53.6205 -3
    endloop
  endfacet
  facet normal -0.751882 0.659298 0
    outer loop
      vertex 59.182 -67.182 -3
      vertex 59.5701 -66.7394 0
      vertex 59.5701 -66.7394 -3
    endloop
  endfacet
  facet normal -0.751882 0.659298 0
    outer loop
      vertex 59.5701 -66.7394 0
      vertex 59.182 -67.182 -3
      vertex 59.182 -67.182 0
    endloop
  endfacet
  facet normal 0.751882 0.659298 0
    outer loop
      vertex 52.818 -67.182 0
      vertex 52.4299 -66.7394 -3
      vertex 52.4299 -66.7394 0
    endloop
  endfacet
  facet normal 0.751882 0.659298 0
    outer loop
      vertex 52.4299 -66.7394 -3
      vertex 52.818 -67.182 0
      vertex 52.818 -67.182 -3
    endloop
  endfacet
  facet normal -0.997859 -0.0654027 0
    outer loop
      vertex 60.5 -64 -3
      vertex 60.4615 -63.4126 0
      vertex 60.4615 -63.4126 -3
    endloop
  endfacet
  facet normal -0.997859 -0.0654027 0
    outer loop
      vertex 60.4615 -63.4126 0
      vertex 60.5 -64 -3
      vertex 60.5 -64 0
    endloop
  endfacet
  facet normal 0.659298 0.751882 -0
    outer loop
      vertex 53.2606 -67.5701 -3
      vertex 52.818 -67.182 0
      vertex 53.2606 -67.5701 0
    endloop
  endfacet
  facet normal 0.659298 0.751882 0
    outer loop
      vertex 52.818 -67.182 0
      vertex 53.2606 -67.5701 -3
      vertex 52.818 -67.182 -3
    endloop
  endfacet
  facet normal -0.964931 -0.262504 0
    outer loop
      vertex 60.3467 -62.8353 -3
      vertex 58.3182 -55.3788 0
      vertex 58.3182 -55.3788 -3
    endloop
  endfacet
  facet normal -0.964931 -0.262504 0
    outer loop
      vertex 58.3182 -55.3788 0
      vertex 60.3467 -62.8353 -3
      vertex 60.3467 -62.8353 0
    endloop
  endfacet
  facet normal 0.946936 0.321421 0
    outer loop
      vertex 51.8425 -65.7221 0
      vertex 51.6533 -65.1647 -3
      vertex 51.6533 -65.1647 0
    endloop
  endfacet
  facet normal 0.946936 0.321421 0
    outer loop
      vertex 51.6533 -65.1647 -3
      vertex 51.8425 -65.7221 0
      vertex 51.8425 -65.7221 -3
    endloop
  endfacet
  facet normal 0.896961 -0.44211 0
    outer loop
      vertex 53.7827 -55.0816 0
      vertex 53.9215 -54.8 -3
      vertex 53.9215 -54.8 0
    endloop
  endfacet
  facet normal 0.896961 -0.44211 0
    outer loop
      vertex 53.9215 -54.8 -3
      vertex 53.7827 -55.0816 0
      vertex 53.7827 -55.0816 -3
    endloop
  endfacet
  facet normal -0.195038 0.980796 0
    outer loop
      vertex 57.1647 -68.3467 -3
      vertex 56.5874 -68.4615 0
      vertex 57.1647 -68.3467 0
    endloop
  endfacet
  facet normal -0.195038 0.980796 0
    outer loop
      vertex 56.5874 -68.4615 0
      vertex 57.1647 -68.3467 -3
      vertex 56.5874 -68.4615 -3
    endloop
  endfacet
  facet normal 0.659068 -0.752083 0
    outer loop
      vertex 54.3029 -54.3029 -3
      vertex 54.539 -54.096 0
      vertex 54.3029 -54.3029 0
    endloop
  endfacet
  facet normal 0.659068 -0.752083 0
    outer loop
      vertex 54.539 -54.096 0
      vertex 54.3029 -54.3029 -3
      vertex 54.539 -54.096 -3
    endloop
  endfacet
  facet normal 0.555562 0.831475 -0
    outer loop
      vertex 53.75 -67.8971 -3
      vertex 53.2606 -67.5701 0
      vertex 53.75 -67.8971 0
    endloop
  endfacet
  facet normal 0.555562 0.831475 0
    outer loop
      vertex 53.2606 -67.5701 0
      vertex 53.75 -67.8971 -3
      vertex 53.2606 -67.5701 -3
    endloop
  endfacet
  facet normal 0.32148 -0.946916 0
    outer loop
      vertex 55.0816 -53.7827 -3
      vertex 55.3788 -53.6818 0
      vertex 55.0816 -53.7827 0
    endloop
  endfacet
  facet normal 0.32148 -0.946916 0
    outer loop
      vertex 55.3788 -53.6818 0
      vertex 55.0816 -53.7827 -3
      vertex 55.3788 -53.6818 -3
    endloop
  endfacet
  facet normal 0.997859 -0.0654027 0
    outer loop
      vertex 51.5 -64 0
      vertex 51.5385 -63.4126 -3
      vertex 51.5385 -63.4126 0
    endloop
  endfacet
  facet normal 0.997859 -0.0654027 0
    outer loop
      vertex 51.5385 -63.4126 -3
      vertex 51.5 -64 0
      vertex 51.5 -64 -3
    endloop
  endfacet
  facet normal -0.44211 -0.896961 0
    outer loop
      vertex 56.9184 -53.7827 -3
      vertex 57.2 -53.9215 0
      vertex 56.9184 -53.7827 0
    endloop
  endfacet
  facet normal -0.44211 -0.896961 -0
    outer loop
      vertex 57.2 -53.9215 0
      vertex 56.9184 -53.7827 -3
      vertex 57.2 -53.9215 -3
    endloop
  endfacet
  facet normal -0.442382 0.896827 0
    outer loop
      vertex 58.25 -67.8971 -3
      vertex 57.7221 -68.1575 0
      vertex 58.25 -67.8971 0
    endloop
  endfacet
  facet normal -0.442382 0.896827 0
    outer loop
      vertex 57.7221 -68.1575 0
      vertex 58.25 -67.8971 -3
      vertex 57.7221 -68.1575 -3
    endloop
  endfacet
  facet normal -0.555562 0.831475 0
    outer loop
      vertex 58.7394 -67.5701 -3
      vertex 58.25 -67.8971 0
      vertex 58.7394 -67.5701 0
    endloop
  endfacet
  facet normal -0.555562 0.831475 0
    outer loop
      vertex 58.25 -67.8971 0
      vertex 58.7394 -67.5701 -3
      vertex 58.25 -67.8971 -3
    endloop
  endfacet
  facet normal -0.195258 -0.980752 0
    outer loop
      vertex 56.3133 -53.6205 -3
      vertex 56.6212 -53.6818 0
      vertex 56.3133 -53.6205 0
    endloop
  endfacet
  facet normal -0.195258 -0.980752 -0
    outer loop
      vertex 56.6212 -53.6818 0
      vertex 56.3133 -53.6205 -3
      vertex 56.6212 -53.6818 -3
    endloop
  endfacet
  facet normal 0.896827 0.442382 0
    outer loop
      vertex 52.1029 -66.25 0
      vertex 51.8425 -65.7221 -3
      vertex 51.8425 -65.7221 0
    endloop
  endfacet
  facet normal 0.896827 0.442382 0
    outer loop
      vertex 51.8425 -65.7221 -3
      vertex 52.1029 -66.25 0
      vertex 52.1029 -66.25 -3
    endloop
  endfacet
  facet normal -0.997859 0.0654027 0
    outer loop
      vertex 60.4615 -64.5874 -3
      vertex 60.5 -64 0
      vertex 60.5 -64 -3
    endloop
  endfacet
  facet normal -0.997859 0.0654027 0
    outer loop
      vertex 60.5 -64 0
      vertex 60.4615 -64.5874 -3
      vertex 60.4615 -64.5874 0
    endloop
  endfacet
  facet normal 0.831475 0.555562 0
    outer loop
      vertex 52.4299 -66.7394 0
      vertex 52.1029 -66.25 -3
      vertex 52.1029 -66.25 0
    endloop
  endfacet
  facet normal 0.831475 0.555562 0
    outer loop
      vertex 52.1029 -66.25 -3
      vertex 52.4299 -66.7394 0
      vertex 52.4299 -66.7394 -3
    endloop
  endfacet
  facet normal 0.44211 -0.896961 0
    outer loop
      vertex 54.8 -53.9215 -3
      vertex 55.0816 -53.7827 0
      vertex 54.8 -53.9215 0
    endloop
  endfacet
  facet normal 0.44211 -0.896961 0
    outer loop
      vertex 55.0816 -53.7827 0
      vertex 54.8 -53.9215 -3
      vertex 55.0816 -53.7827 -3
    endloop
  endfacet
  facet normal -0.555802 -0.831315 0
    outer loop
      vertex 57.2 -53.9215 -3
      vertex 57.461 -54.096 0
      vertex 57.2 -53.9215 0
    endloop
  endfacet
  facet normal -0.555802 -0.831315 -0
    outer loop
      vertex 57.461 -54.096 0
      vertex 57.2 -53.9215 -3
      vertex 57.461 -54.096 -3
    endloop
  endfacet
  facet normal -0.831475 0.555562 0
    outer loop
      vertex 59.5701 -66.7394 -3
      vertex 59.8971 -66.25 0
      vertex 59.8971 -66.25 -3
    endloop
  endfacet
  facet normal -0.831475 0.555562 0
    outer loop
      vertex 59.8971 -66.25 0
      vertex 59.5701 -66.7394 -3
      vertex 59.5701 -66.7394 0
    endloop
  endfacet
  facet normal -0.32148 -0.946916 0
    outer loop
      vertex 56.6212 -53.6818 -3
      vertex 56.9184 -53.7827 0
      vertex 56.6212 -53.6818 0
    endloop
  endfacet
  facet normal -0.32148 -0.946916 -0
    outer loop
      vertex 56.9184 -53.7827 0
      vertex 56.6212 -53.6818 -3
      vertex 56.9184 -53.7827 -3
    endloop
  endfacet
  facet normal 0.321421 0.946936 -0
    outer loop
      vertex 54.8353 -68.3467 -3
      vertex 54.2779 -68.1575 0
      vertex 54.8353 -68.3467 0
    endloop
  endfacet
  facet normal 0.321421 0.946936 0
    outer loop
      vertex 54.2779 -68.1575 0
      vertex 54.8353 -68.3467 -3
      vertex 54.2779 -68.1575 -3
    endloop
  endfacet
  facet normal -0.946916 -0.32148 0
    outer loop
      vertex 58.3182 -55.3788 -3
      vertex 58.2173 -55.0816 0
      vertex 58.2173 -55.0816 -3
    endloop
  endfacet
  facet normal -0.946916 -0.32148 0
    outer loop
      vertex 58.2173 -55.0816 0
      vertex 58.3182 -55.3788 -3
      vertex 58.3182 -55.3788 0
    endloop
  endfacet
  facet normal -0.659068 -0.752083 0
    outer loop
      vertex 57.461 -54.096 -3
      vertex 57.6971 -54.3029 0
      vertex 57.461 -54.096 0
    endloop
  endfacet
  facet normal -0.659068 -0.752083 -0
    outer loop
      vertex 57.6971 -54.3029 0
      vertex 57.461 -54.096 -3
      vertex 57.6971 -54.3029 -3
    endloop
  endfacet
  facet normal -0.0654027 0.997859 0
    outer loop
      vertex 56.5874 -68.4615 -3
      vertex 56 -68.5 0
      vertex 56.5874 -68.4615 0
    endloop
  endfacet
  facet normal -0.0654027 0.997859 0
    outer loop
      vertex 56 -68.5 0
      vertex 56.5874 -68.4615 -3
      vertex 56 -68.5 -3
    endloop
  endfacet
  facet normal 0.0652929 -0.997866 0
    outer loop
      vertex 55.6867 -53.6205 -3
      vertex 56 -53.6 0
      vertex 55.6867 -53.6205 0
    endloop
  endfacet
  facet normal 0.0652929 -0.997866 0
    outer loop
      vertex 56 -53.6 0
      vertex 55.6867 -53.6205 -3
      vertex 56 -53.6 -3
    endloop
  endfacet
  facet normal 0.195258 -0.980752 0
    outer loop
      vertex 55.3788 -53.6818 -3
      vertex 55.6867 -53.6205 0
      vertex 55.3788 -53.6818 0
    endloop
  endfacet
  facet normal 0.195258 -0.980752 0
    outer loop
      vertex 55.6867 -53.6205 0
      vertex 55.3788 -53.6818 -3
      vertex 55.6867 -53.6205 -3
    endloop
  endfacet
  facet normal 0.997859 0.0654027 0
    outer loop
      vertex 51.5385 -64.5874 0
      vertex 51.5 -64 -3
      vertex 51.5 -64 0
    endloop
  endfacet
  facet normal 0.997859 0.0654027 0
    outer loop
      vertex 51.5 -64 -3
      vertex 51.5385 -64.5874 0
      vertex 51.5385 -64.5874 -3
    endloop
  endfacet
endsolid OpenSCAD_Model
