solid OpenSCAD_Model
  facet normal 1 0 0
    outer loop
      vertex 99.1 190.707 -11.392
      vertex 99.1 188.309 -11.4878
      vertex 99.1 188.848 -24.9801
    endloop
  endfacet
  facet normal 1 -0 0
    outer loop
      vertex 99.1 188.848 -24.9801
      vertex 99.1 191.37 -27.9777
      vertex 99.1 190.707 -11.392
    endloop
  endfacet
  facet normal 1 -0 0
    outer loop
      vertex 99.1 151.218 -24.9801
      vertex 99.1 191.37 -27.9777
      vertex 99.1 188.848 -24.9801
    endloop
  endfacet
  facet normal 1 0 0
    outer loop
      vertex 99.1 151.218 -24.9801
      vertex 99.1 -38.8135 -27.9777
      vertex 99.1 191.37 -27.9777
    endloop
  endfacet
  facet normal 1 0 0
    outer loop
      vertex 99.1 149.98 5.99521
      vertex 99.1 -38.8135 -27.9777
      vertex 99.1 151.218 -24.9801
    endloop
  endfacet
  facet normal 1 0 -0
    outer loop
      vertex 99.1 -38.8135 -27.9777
      vertex 99.1 149.98 5.99521
      vertex 99.1 -39.8682 -1.59366
    endloop
  endfacet
  facet normal -6.61042e-06 -0.0399415 0.999202
    outer loop
      vertex 99.1 149.98 5.99521
      vertex 96.1 146.983 5.87539
      vertex 99.1 -39.8682 -1.59366
    endloop
  endfacet
  facet normal 0 -0.0399481 0.999202
    outer loop
      vertex 99.1 149.98 5.99521
      vertex -96.1 146.983 5.87539
      vertex 96.1 146.983 5.87539
    endloop
  endfacet
  facet normal 0 -0.0399481 0.999202
    outer loop
      vertex -99.1 149.98 5.99521
      vertex -96.1 146.983 5.87539
      vertex 99.1 149.98 5.99521
    endloop
  endfacet
  facet normal 6.61042e-06 -0.0399415 0.999202
    outer loop
      vertex -99.1 -39.8682 -1.59366
      vertex -96.1 146.983 5.87539
      vertex -99.1 149.98 5.99521
    endloop
  endfacet
  facet normal 0 -0.0399414 0.999202
    outer loop
      vertex -96.1 146.983 5.87539
      vertex -99.1 -39.8682 -1.59366
      vertex -96.1 -39.8682 -1.59366
    endloop
  endfacet
  facet normal 0 -0.0399414 0.999202
    outer loop
      vertex 99.1 -39.8682 -1.59366
      vertex 96.1 146.983 5.87539
      vertex 96.1 -39.8682 -1.59366
    endloop
  endfacet
  facet normal -1 0 0
    outer loop
      vertex -99.1 191.37 -27.9777
      vertex -99.1 188.848 -24.9801
      vertex -99.1 190.707 -11.392
    endloop
  endfacet
  facet normal -1 0 0
    outer loop
      vertex -99.1 191.37 -27.9777
      vertex -99.1 151.218 -24.9801
      vertex -99.1 188.848 -24.9801
    endloop
  endfacet
  facet normal -1 0 0
    outer loop
      vertex -99.1 -38.8135 -27.9777
      vertex -99.1 151.218 -24.9801
      vertex -99.1 191.37 -27.9777
    endloop
  endfacet
  facet normal -1 0 0
    outer loop
      vertex -99.1 -38.8135 -27.9777
      vertex -99.1 149.98 5.99521
      vertex -99.1 151.218 -24.9801
    endloop
  endfacet
  facet normal -1 0 0
    outer loop
      vertex -99.1 149.98 5.99521
      vertex -99.1 -38.8135 -27.9777
      vertex -99.1 -39.8682 -1.59366
    endloop
  endfacet
  facet normal -1 0 0
    outer loop
      vertex -99.1 190.707 -11.392
      vertex -99.1 188.848 -24.9801
      vertex -99.1 188.309 -11.4878
    endloop
  endfacet
  facet normal 0 0.999202 0.0399354
    outer loop
      vertex 99.1 151.218 -24.9801
      vertex -99.1 149.98 5.99521
      vertex 99.1 149.98 5.99521
    endloop
  endfacet
  facet normal 0 0.999202 0.0399354
    outer loop
      vertex -99.1 149.98 5.99521
      vertex 99.1 151.218 -24.9801
      vertex -99.1 151.218 -24.9801
    endloop
  endfacet
  facet normal 0 0 -1
    outer loop
      vertex 87.7718 129.29 -27.9777
      vertex 99.1 191.37 -27.9777
      vertex 99.1 -38.8135 -27.9777
    endloop
  endfacet
  facet normal 0 0 -1
    outer loop
      vertex 99.1 191.37 -27.9777
      vertex 87.7718 129.29 -27.9777
      vertex 87.8 129.721 -27.9777
    endloop
  endfacet
  facet normal 0 0 -1
    outer loop
      vertex 99.1 -38.8135 -27.9777
      vertex 87.6876 128.866 -27.9777
      vertex 87.7718 129.29 -27.9777
    endloop
  endfacet
  facet normal 0 0 -1
    outer loop
      vertex 99.1 -38.8135 -27.9777
      vertex 87.5488 128.457 -27.9777
      vertex 87.6876 128.866 -27.9777
    endloop
  endfacet
  facet normal 0 0 -1
    outer loop
      vertex 99.1 -38.8135 -27.9777
      vertex 87.3579 128.07 -27.9777
      vertex 87.5488 128.457 -27.9777
    endloop
  endfacet
  facet normal 0 0 -1
    outer loop
      vertex 99.1 -38.8135 -27.9777
      vertex 87.1181 127.71 -27.9777
      vertex 87.3579 128.07 -27.9777
    endloop
  endfacet
  facet normal 0 0 -1
    outer loop
      vertex 99.1 -38.8135 -27.9777
      vertex 86.8335 127.386 -27.9777
      vertex 87.1181 127.71 -27.9777
    endloop
  endfacet
  facet normal 0 0 -1
    outer loop
      vertex 99.1 -38.8135 -27.9777
      vertex 86.5089 127.101 -27.9777
      vertex 86.8335 127.386 -27.9777
    endloop
  endfacet
  facet normal 0 0 -1
    outer loop
      vertex 99.1 -38.8135 -27.9777
      vertex 86.15 126.861 -27.9777
      vertex 86.5089 127.101 -27.9777
    endloop
  endfacet
  facet normal 0 0 -1
    outer loop
      vertex 99.1 -38.8135 -27.9777
      vertex 85.7629 126.67 -27.9777
      vertex 86.15 126.861 -27.9777
    endloop
  endfacet
  facet normal 0 0 -1
    outer loop
      vertex 99.1 -38.8135 -27.9777
      vertex 85.3541 126.531 -27.9777
      vertex 85.7629 126.67 -27.9777
    endloop
  endfacet
  facet normal 0 0 -1
    outer loop
      vertex 99.1 -38.8135 -27.9777
      vertex 84.9307 126.447 -27.9777
      vertex 85.3541 126.531 -27.9777
    endloop
  endfacet
  facet normal 0 0 -1
    outer loop
      vertex 99.1 -38.8135 -27.9777
      vertex 84.5 126.418 -27.9777
      vertex 84.9307 126.447 -27.9777
    endloop
  endfacet
  facet normal 0 0 -1
    outer loop
      vertex 99.1 -38.8135 -27.9777
      vertex 84.0693 126.447 -27.9777
      vertex 84.5 126.418 -27.9777
    endloop
  endfacet
  facet normal 0 0 -1
    outer loop
      vertex 99.1 -38.8135 -27.9777
      vertex 83.6459 126.531 -27.9777
      vertex 84.0693 126.447 -27.9777
    endloop
  endfacet
  facet normal 0 0 -1
    outer loop
      vertex 99.1 -38.8135 -27.9777
      vertex 83.2371 126.67 -27.9777
      vertex 83.6459 126.531 -27.9777
    endloop
  endfacet
  facet normal 0 0 -1
    outer loop
      vertex 99.1 -38.8135 -27.9777
      vertex 82.85 126.861 -27.9777
      vertex 83.2371 126.67 -27.9777
    endloop
  endfacet
  facet normal 0 0 -1
    outer loop
      vertex 99.1 -38.8135 -27.9777
      vertex 82.4911 127.101 -27.9777
      vertex 82.85 126.861 -27.9777
    endloop
  endfacet
  facet normal 0 0 -1
    outer loop
      vertex 99.1 -38.8135 -27.9777
      vertex 82.1665 127.386 -27.9777
      vertex 82.4911 127.101 -27.9777
    endloop
  endfacet
  facet normal 0 0 -1
    outer loop
      vertex -82.1665 127.386 -27.9777
      vertex 82.1665 127.386 -27.9777
      vertex 99.1 -38.8135 -27.9777
    endloop
  endfacet
  facet normal 0 0 -1
    outer loop
      vertex 82.1665 127.386 -27.9777
      vertex -82.1665 127.386 -27.9777
      vertex 81.8819 127.71 -27.9777
    endloop
  endfacet
  facet normal 0 -0 -1
    outer loop
      vertex -81.8819 127.71 -27.9777
      vertex 81.8819 127.71 -27.9777
      vertex -82.1665 127.386 -27.9777
    endloop
  endfacet
  facet normal 0 0 -1
    outer loop
      vertex 81.8819 127.71 -27.9777
      vertex -81.8819 127.71 -27.9777
      vertex 81.6421 128.07 -27.9777
    endloop
  endfacet
  facet normal 0 -0 -1
    outer loop
      vertex -81.6421 128.07 -27.9777
      vertex 81.6421 128.07 -27.9777
      vertex -81.8819 127.71 -27.9777
    endloop
  endfacet
  facet normal 0 0 -1
    outer loop
      vertex 81.2282 129.29 -27.9777
      vertex -81.2 129.721 -27.9777
      vertex 81.2 129.721 -27.9777
    endloop
  endfacet
  facet normal 0 0 -1
    outer loop
      vertex 81.6421 128.07 -27.9777
      vertex -81.6421 128.07 -27.9777
      vertex 81.4512 128.457 -27.9777
    endloop
  endfacet
  facet normal 0 0 -1
    outer loop
      vertex 81.2282 129.29 -27.9777
      vertex -81.2282 129.29 -27.9777
      vertex -81.2 129.721 -27.9777
    endloop
  endfacet
  facet normal -0 0 -1
    outer loop
      vertex 81.2282 129.29 -27.9777
      vertex -81.3124 128.866 -27.9777
      vertex -81.2282 129.29 -27.9777
    endloop
  endfacet
  facet normal 0 0 -1
    outer loop
      vertex 81.3124 128.866 -27.9777
      vertex -81.3124 128.866 -27.9777
      vertex 81.2282 129.29 -27.9777
    endloop
  endfacet
  facet normal 0 -0 -1
    outer loop
      vertex -81.3124 128.866 -27.9777
      vertex 81.3124 128.866 -27.9777
      vertex -81.4512 128.457 -27.9777
    endloop
  endfacet
  facet normal 0 0 -1
    outer loop
      vertex 81.4512 128.457 -27.9777
      vertex -81.4512 128.457 -27.9777
      vertex 81.3124 128.866 -27.9777
    endloop
  endfacet
  facet normal 0 -0 -1
    outer loop
      vertex -81.4512 128.457 -27.9777
      vertex 81.4512 128.457 -27.9777
      vertex -81.6421 128.07 -27.9777
    endloop
  endfacet
  facet normal 0 0 -1
    outer loop
      vertex 99.1 -38.8135 -27.9777
      vertex -82.4911 127.101 -27.9777
      vertex -82.1665 127.386 -27.9777
    endloop
  endfacet
  facet normal 0 0 -1
    outer loop
      vertex -99.1 -38.8135 -27.9777
      vertex -82.4911 127.101 -27.9777
      vertex 99.1 -38.8135 -27.9777
    endloop
  endfacet
  facet normal 0 0 -1
    outer loop
      vertex -82.4911 127.101 -27.9777
      vertex -99.1 -38.8135 -27.9777
      vertex -82.85 126.861 -27.9777
    endloop
  endfacet
  facet normal 0 0 -1
    outer loop
      vertex -82.85 126.861 -27.9777
      vertex -99.1 -38.8135 -27.9777
      vertex -83.2371 126.67 -27.9777
    endloop
  endfacet
  facet normal 0 0 -1
    outer loop
      vertex -83.2371 126.67 -27.9777
      vertex -99.1 -38.8135 -27.9777
      vertex -83.6459 126.531 -27.9777
    endloop
  endfacet
  facet normal 0 0 -1
    outer loop
      vertex -83.6459 126.531 -27.9777
      vertex -99.1 -38.8135 -27.9777
      vertex -84.0693 126.447 -27.9777
    endloop
  endfacet
  facet normal 0 0 -1
    outer loop
      vertex -84.0693 126.447 -27.9777
      vertex -99.1 -38.8135 -27.9777
      vertex -84.5 126.418 -27.9777
    endloop
  endfacet
  facet normal -0 0 -1
    outer loop
      vertex -84.5 126.418 -27.9777
      vertex -99.1 -38.8135 -27.9777
      vertex -84.9307 126.447 -27.9777
    endloop
  endfacet
  facet normal -0 0 -1
    outer loop
      vertex -84.9307 126.447 -27.9777
      vertex -99.1 -38.8135 -27.9777
      vertex -85.3541 126.531 -27.9777
    endloop
  endfacet
  facet normal -0 0 -1
    outer loop
      vertex -85.3541 126.531 -27.9777
      vertex -99.1 -38.8135 -27.9777
      vertex -85.7629 126.67 -27.9777
    endloop
  endfacet
  facet normal -0 0 -1
    outer loop
      vertex -85.7629 126.67 -27.9777
      vertex -99.1 -38.8135 -27.9777
      vertex -86.15 126.861 -27.9777
    endloop
  endfacet
  facet normal -0 0 -1
    outer loop
      vertex -86.15 126.861 -27.9777
      vertex -99.1 -38.8135 -27.9777
      vertex -86.5089 127.101 -27.9777
    endloop
  endfacet
  facet normal 0 0 -1
    outer loop
      vertex -99.1 191.37 -27.9777
      vertex -87.7718 129.29 -27.9777
      vertex -99.1 -38.8135 -27.9777
    endloop
  endfacet
  facet normal -0 0 -1
    outer loop
      vertex -87.6876 128.866 -27.9777
      vertex -99.1 -38.8135 -27.9777
      vertex -87.7718 129.29 -27.9777
    endloop
  endfacet
  facet normal -0 0 -1
    outer loop
      vertex -87.5488 128.457 -27.9777
      vertex -99.1 -38.8135 -27.9777
      vertex -87.6876 128.866 -27.9777
    endloop
  endfacet
  facet normal -0 0 -1
    outer loop
      vertex -87.3579 128.07 -27.9777
      vertex -99.1 -38.8135 -27.9777
      vertex -87.5488 128.457 -27.9777
    endloop
  endfacet
  facet normal -0 0 -1
    outer loop
      vertex -87.1181 127.71 -27.9777
      vertex -99.1 -38.8135 -27.9777
      vertex -87.3579 128.07 -27.9777
    endloop
  endfacet
  facet normal -0 0 -1
    outer loop
      vertex -86.8335 127.386 -27.9777
      vertex -99.1 -38.8135 -27.9777
      vertex -87.1181 127.71 -27.9777
    endloop
  endfacet
  facet normal -0 0 -1
    outer loop
      vertex -86.5089 127.101 -27.9777
      vertex -99.1 -38.8135 -27.9777
      vertex -86.8335 127.386 -27.9777
    endloop
  endfacet
  facet normal 0 0 -1
    outer loop
      vertex 87.7718 130.152 -27.9777
      vertex 99.1 191.37 -27.9777
      vertex 87.8 129.721 -27.9777
    endloop
  endfacet
  facet normal 0 0 -1
    outer loop
      vertex 87.6876 130.576 -27.9777
      vertex 99.1 191.37 -27.9777
      vertex 87.7718 130.152 -27.9777
    endloop
  endfacet
  facet normal 0 0 -1
    outer loop
      vertex 87.5488 130.985 -27.9777
      vertex 99.1 191.37 -27.9777
      vertex 87.6876 130.576 -27.9777
    endloop
  endfacet
  facet normal 0 0 -1
    outer loop
      vertex 87.3579 131.372 -27.9777
      vertex 99.1 191.37 -27.9777
      vertex 87.5488 130.985 -27.9777
    endloop
  endfacet
  facet normal 0 0 -1
    outer loop
      vertex 87.1181 131.732 -27.9777
      vertex 99.1 191.37 -27.9777
      vertex 87.3579 131.372 -27.9777
    endloop
  endfacet
  facet normal 0 0 -1
    outer loop
      vertex 86.8335 132.056 -27.9777
      vertex 99.1 191.37 -27.9777
      vertex 87.1181 131.732 -27.9777
    endloop
  endfacet
  facet normal 0 0 -1
    outer loop
      vertex 86.5089 132.341 -27.9777
      vertex 99.1 191.37 -27.9777
      vertex 86.8335 132.056 -27.9777
    endloop
  endfacet
  facet normal 0 0 -1
    outer loop
      vertex 86.15 132.581 -27.9777
      vertex 99.1 191.37 -27.9777
      vertex 86.5089 132.341 -27.9777
    endloop
  endfacet
  facet normal 0 0 -1
    outer loop
      vertex 85.7629 132.772 -27.9777
      vertex 99.1 191.37 -27.9777
      vertex 86.15 132.581 -27.9777
    endloop
  endfacet
  facet normal 0 0 -1
    outer loop
      vertex 85.3541 132.911 -27.9777
      vertex 99.1 191.37 -27.9777
      vertex 85.7629 132.772 -27.9777
    endloop
  endfacet
  facet normal 0 0 -1
    outer loop
      vertex 84.9307 132.995 -27.9777
      vertex 99.1 191.37 -27.9777
      vertex 85.3541 132.911 -27.9777
    endloop
  endfacet
  facet normal 0 0 -1
    outer loop
      vertex 84.5 133.024 -27.9777
      vertex 99.1 191.37 -27.9777
      vertex 84.9307 132.995 -27.9777
    endloop
  endfacet
  facet normal 0 0 -1
    outer loop
      vertex 84.0693 132.995 -27.9777
      vertex 99.1 191.37 -27.9777
      vertex 84.5 133.024 -27.9777
    endloop
  endfacet
  facet normal 0 0 -1
    outer loop
      vertex 83.6459 132.911 -27.9777
      vertex 99.1 191.37 -27.9777
      vertex 84.0693 132.995 -27.9777
    endloop
  endfacet
  facet normal 0 0 -1
    outer loop
      vertex 83.2371 132.772 -27.9777
      vertex 99.1 191.37 -27.9777
      vertex 83.6459 132.911 -27.9777
    endloop
  endfacet
  facet normal 0 0 -1
    outer loop
      vertex 82.85 132.581 -27.9777
      vertex 99.1 191.37 -27.9777
      vertex 83.2371 132.772 -27.9777
    endloop
  endfacet
  facet normal 0 0 -1
    outer loop
      vertex 82.4911 132.341 -27.9777
      vertex 99.1 191.37 -27.9777
      vertex 82.85 132.581 -27.9777
    endloop
  endfacet
  facet normal 0 0 -1
    outer loop
      vertex 82.1665 132.056 -27.9777
      vertex 99.1 191.37 -27.9777
      vertex 82.4911 132.341 -27.9777
    endloop
  endfacet
  facet normal 0 0 -1
    outer loop
      vertex 81.8819 131.732 -27.9777
      vertex 99.1 191.37 -27.9777
      vertex 82.1665 132.056 -27.9777
    endloop
  endfacet
  facet normal 0 0 -1
    outer loop
      vertex -81.8819 131.732 -27.9777
      vertex 81.8819 131.732 -27.9777
      vertex 81.6421 131.372 -27.9777
    endloop
  endfacet
  facet normal 0 0 -1
    outer loop
      vertex -81.6421 131.372 -27.9777
      vertex 81.6421 131.372 -27.9777
      vertex 81.4512 130.985 -27.9777
    endloop
  endfacet
  facet normal 0 0 -1
    outer loop
      vertex -81.4512 130.985 -27.9777
      vertex 81.4512 130.985 -27.9777
      vertex 81.3124 130.576 -27.9777
    endloop
  endfacet
  facet normal 0 0 -1
    outer loop
      vertex -81.2 129.721 -27.9777
      vertex 81.2282 130.152 -27.9777
      vertex 81.2 129.721 -27.9777
    endloop
  endfacet
  facet normal 0 0 -1
    outer loop
      vertex -81.2282 130.152 -27.9777
      vertex 81.2282 130.152 -27.9777
      vertex -81.2 129.721 -27.9777
    endloop
  endfacet
  facet normal 0 0 -1
    outer loop
      vertex 81.2282 130.152 -27.9777
      vertex -81.2282 130.152 -27.9777
      vertex 81.3124 130.576 -27.9777
    endloop
  endfacet
  facet normal 0 0 -1
    outer loop
      vertex -81.3124 130.576 -27.9777
      vertex 81.3124 130.576 -27.9777
      vertex -81.2282 130.152 -27.9777
    endloop
  endfacet
  facet normal 0 0 -1
    outer loop
      vertex -81.4512 130.985 -27.9777
      vertex 81.3124 130.576 -27.9777
      vertex -81.3124 130.576 -27.9777
    endloop
  endfacet
  facet normal 0 0 -1
    outer loop
      vertex 81.4512 130.985 -27.9777
      vertex -81.4512 130.985 -27.9777
      vertex -81.6421 131.372 -27.9777
    endloop
  endfacet
  facet normal 0 0 -1
    outer loop
      vertex 81.6421 131.372 -27.9777
      vertex -81.6421 131.372 -27.9777
      vertex -81.8819 131.732 -27.9777
    endloop
  endfacet
  facet normal 0 0 -1
    outer loop
      vertex 81.8819 131.732 -27.9777
      vertex -81.8819 131.732 -27.9777
      vertex 99.1 191.37 -27.9777
    endloop
  endfacet
  facet normal 0 0 -1
    outer loop
      vertex -99.1 191.37 -27.9777
      vertex -81.8819 131.732 -27.9777
      vertex -82.1665 132.056 -27.9777
    endloop
  endfacet
  facet normal 0 0 -1
    outer loop
      vertex -99.1 191.37 -27.9777
      vertex -82.1665 132.056 -27.9777
      vertex -82.4911 132.341 -27.9777
    endloop
  endfacet
  facet normal 0 0 -1
    outer loop
      vertex -99.1 191.37 -27.9777
      vertex -82.4911 132.341 -27.9777
      vertex -82.85 132.581 -27.9777
    endloop
  endfacet
  facet normal 0 0 -1
    outer loop
      vertex -99.1 191.37 -27.9777
      vertex -82.85 132.581 -27.9777
      vertex -83.2371 132.772 -27.9777
    endloop
  endfacet
  facet normal 0 0 -1
    outer loop
      vertex -99.1 191.37 -27.9777
      vertex -83.2371 132.772 -27.9777
      vertex -83.6459 132.911 -27.9777
    endloop
  endfacet
  facet normal 0 0 -1
    outer loop
      vertex -99.1 191.37 -27.9777
      vertex -83.6459 132.911 -27.9777
      vertex -84.0693 132.995 -27.9777
    endloop
  endfacet
  facet normal 0 0 -1
    outer loop
      vertex -99.1 191.37 -27.9777
      vertex -84.0693 132.995 -27.9777
      vertex -84.5 133.024 -27.9777
    endloop
  endfacet
  facet normal 0 0 -1
    outer loop
      vertex -99.1 191.37 -27.9777
      vertex -84.5 133.024 -27.9777
      vertex -84.9307 132.995 -27.9777
    endloop
  endfacet
  facet normal 0 0 -1
    outer loop
      vertex -99.1 191.37 -27.9777
      vertex -84.9307 132.995 -27.9777
      vertex -85.3541 132.911 -27.9777
    endloop
  endfacet
  facet normal 0 0 -1
    outer loop
      vertex -87.7718 129.29 -27.9777
      vertex -99.1 191.37 -27.9777
      vertex -87.8 129.721 -27.9777
    endloop
  endfacet
  facet normal 0 0 -1
    outer loop
      vertex -81.8819 131.732 -27.9777
      vertex -99.1 191.37 -27.9777
      vertex 99.1 191.37 -27.9777
    endloop
  endfacet
  facet normal 0 0 -1
    outer loop
      vertex -85.7629 132.772 -27.9777
      vertex -99.1 191.37 -27.9777
      vertex -85.3541 132.911 -27.9777
    endloop
  endfacet
  facet normal 0 0 -1
    outer loop
      vertex -86.15 132.581 -27.9777
      vertex -99.1 191.37 -27.9777
      vertex -85.7629 132.772 -27.9777
    endloop
  endfacet
  facet normal 0 0 -1
    outer loop
      vertex -86.5089 132.341 -27.9777
      vertex -99.1 191.37 -27.9777
      vertex -86.15 132.581 -27.9777
    endloop
  endfacet
  facet normal 0 0 -1
    outer loop
      vertex -86.8335 132.056 -27.9777
      vertex -99.1 191.37 -27.9777
      vertex -86.5089 132.341 -27.9777
    endloop
  endfacet
  facet normal 0 0 -1
    outer loop
      vertex -87.1181 131.732 -27.9777
      vertex -99.1 191.37 -27.9777
      vertex -86.8335 132.056 -27.9777
    endloop
  endfacet
  facet normal 0 0 -1
    outer loop
      vertex -87.3579 131.372 -27.9777
      vertex -99.1 191.37 -27.9777
      vertex -87.1181 131.732 -27.9777
    endloop
  endfacet
  facet normal 0 0 -1
    outer loop
      vertex -87.5488 130.985 -27.9777
      vertex -99.1 191.37 -27.9777
      vertex -87.3579 131.372 -27.9777
    endloop
  endfacet
  facet normal 0 0 -1
    outer loop
      vertex -87.6876 130.576 -27.9777
      vertex -99.1 191.37 -27.9777
      vertex -87.5488 130.985 -27.9777
    endloop
  endfacet
  facet normal 0 0 -1
    outer loop
      vertex -87.7718 130.152 -27.9777
      vertex -99.1 191.37 -27.9777
      vertex -87.6876 130.576 -27.9777
    endloop
  endfacet
  facet normal 0 0 -1
    outer loop
      vertex -87.8 129.721 -27.9777
      vertex -99.1 191.37 -27.9777
      vertex -87.7718 130.152 -27.9777
    endloop
  endfacet
  facet normal -0 0 1
    outer loop
      vertex -99.1 188.848 -24.9801
      vertex 99.1 151.218 -24.9801
      vertex 99.1 188.848 -24.9801
    endloop
  endfacet
  facet normal 0 0 1
    outer loop
      vertex 99.1 151.218 -24.9801
      vertex -99.1 188.848 -24.9801
      vertex -99.1 151.218 -24.9801
    endloop
  endfacet
  facet normal 0 0.999202 0.0399423
    outer loop
      vertex 99.1 191.37 -27.9777
      vertex -99.1 190.707 -11.392
      vertex 99.1 190.707 -11.392
    endloop
  endfacet
  facet normal 0 0.999202 0.0399423
    outer loop
      vertex -99.1 190.707 -11.392
      vertex 99.1 191.37 -27.9777
      vertex -99.1 191.37 -27.9777
    endloop
  endfacet
  facet normal 0 -0.0399181 0.999203
    outer loop
      vertex -99.1 190.707 -11.392
      vertex 99.1 188.309 -11.4878
      vertex 99.1 190.707 -11.392
    endloop
  endfacet
  facet normal 0 -0.0399181 0.999203
    outer loop
      vertex 99.1 188.309 -11.4878
      vertex -99.1 190.707 -11.392
      vertex -99.1 188.309 -11.4878
    endloop
  endfacet
  facet normal 0 -0.999203 -0.0399169
    outer loop
      vertex -99.1 188.848 -24.9801
      vertex 99.1 188.309 -11.4878
      vertex -99.1 188.309 -11.4878
    endloop
  endfacet
  facet normal 0 -0.999203 -0.0399169
    outer loop
      vertex 99.1 188.309 -11.4878
      vertex -99.1 188.848 -24.9801
      vertex 99.1 188.848 -24.9801
    endloop
  endfacet
  facet normal -1 0 0
    outer loop
      vertex 96.1 -38.9333 -24.9801
      vertex 96.1 146.983 5.87539
      vertex 96.1 148.216 -24.9801
    endloop
  endfacet
  facet normal -1 0 0
    outer loop
      vertex 96.1 146.983 5.87539
      vertex 96.1 -38.9333 -24.9801
      vertex 96.1 -39.8682 -1.59366
    endloop
  endfacet
  facet normal 1 0 0
    outer loop
      vertex -96.1 146.983 5.87539
      vertex -96.1 -38.9333 -24.9801
      vertex -96.1 148.216 -24.9801
    endloop
  endfacet
  facet normal 1 0 -0
    outer loop
      vertex -96.1 -38.9333 -24.9801
      vertex -96.1 146.983 5.87539
      vertex -96.1 -39.8682 -1.59366
    endloop
  endfacet
  facet normal 0 -0.999203 -0.0399286
    outer loop
      vertex -96.1 148.216 -24.9801
      vertex 96.1 146.983 5.87539
      vertex -96.1 146.983 5.87539
    endloop
  endfacet
  facet normal 0 -0.999203 -0.0399286
    outer loop
      vertex 96.1 146.983 5.87539
      vertex -96.1 148.216 -24.9801
      vertex 96.1 148.216 -24.9801
    endloop
  endfacet
  facet normal 0 0 1
    outer loop
      vertex 89.4572 128.948 -24.9801
      vertex 96.1 148.216 -24.9801
      vertex 89.5 129.601 -24.9801
    endloop
  endfacet
  facet normal 0 0 1
    outer loop
      vertex 96.1 148.216 -24.9801
      vertex 89.4572 130.254 -24.9801
      vertex 89.5 129.601 -24.9801
    endloop
  endfacet
  facet normal 0 0 1
    outer loop
      vertex 96.1 148.216 -24.9801
      vertex 89.3296 130.896 -24.9801
      vertex 89.4572 130.254 -24.9801
    endloop
  endfacet
  facet normal 0 0 1
    outer loop
      vertex 96.1 148.216 -24.9801
      vertex 89.1194 131.516 -24.9801
      vertex 89.3296 130.896 -24.9801
    endloop
  endfacet
  facet normal 0 0 1
    outer loop
      vertex 96.1 148.216 -24.9801
      vertex 88.8301 132.103 -24.9801
      vertex 89.1194 131.516 -24.9801
    endloop
  endfacet
  facet normal 0 0 1
    outer loop
      vertex 96.1 148.216 -24.9801
      vertex 88.4668 132.647 -24.9801
      vertex 88.8301 132.103 -24.9801
    endloop
  endfacet
  facet normal 0 0 1
    outer loop
      vertex 96.1 148.216 -24.9801
      vertex 88.0355 133.14 -24.9801
      vertex 88.4668 132.647 -24.9801
    endloop
  endfacet
  facet normal 0 0 1
    outer loop
      vertex 96.1 148.216 -24.9801
      vertex 87.5438 133.571 -24.9801
      vertex 88.0355 133.14 -24.9801
    endloop
  endfacet
  facet normal 0 0 1
    outer loop
      vertex 96.1 148.216 -24.9801
      vertex 87 133.935 -24.9801
      vertex 87.5438 133.571 -24.9801
    endloop
  endfacet
  facet normal 0 0 1
    outer loop
      vertex 96.1 148.216 -24.9801
      vertex 86.4134 134.224 -24.9801
      vertex 87 133.935 -24.9801
    endloop
  endfacet
  facet normal 0 0 1
    outer loop
      vertex 96.1 148.216 -24.9801
      vertex 85.7941 134.435 -24.9801
      vertex 86.4134 134.224 -24.9801
    endloop
  endfacet
  facet normal 0 0 1
    outer loop
      vertex 96.1 148.216 -24.9801
      vertex 85.1526 134.562 -24.9801
      vertex 85.7941 134.435 -24.9801
    endloop
  endfacet
  facet normal 0 0 1
    outer loop
      vertex 96.1 148.216 -24.9801
      vertex 84.5 134.605 -24.9801
      vertex 85.1526 134.562 -24.9801
    endloop
  endfacet
  facet normal 0 0 1
    outer loop
      vertex 96.1 148.216 -24.9801
      vertex 83.8474 134.562 -24.9801
      vertex 84.5 134.605 -24.9801
    endloop
  endfacet
  facet normal 0 0 1
    outer loop
      vertex 96.1 148.216 -24.9801
      vertex 83.2059 134.435 -24.9801
      vertex 83.8474 134.562 -24.9801
    endloop
  endfacet
  facet normal 0 0 1
    outer loop
      vertex 96.1 148.216 -24.9801
      vertex 82.5866 134.224 -24.9801
      vertex 83.2059 134.435 -24.9801
    endloop
  endfacet
  facet normal 0 0 1
    outer loop
      vertex 96.1 148.216 -24.9801
      vertex 82 133.935 -24.9801
      vertex 82.5866 134.224 -24.9801
    endloop
  endfacet
  facet normal 0 0 1
    outer loop
      vertex 96.1 148.216 -24.9801
      vertex 81.4562 133.571 -24.9801
      vertex 82 133.935 -24.9801
    endloop
  endfacet
  facet normal 0 0 1
    outer loop
      vertex -81.4562 133.571 -24.9801
      vertex 81.4562 133.571 -24.9801
      vertex 96.1 148.216 -24.9801
    endloop
  endfacet
  facet normal 0 0 1
    outer loop
      vertex 79.5428 130.254 -24.9801
      vertex -79.5 129.601 -24.9801
      vertex 79.5 129.601 -24.9801
    endloop
  endfacet
  facet normal 0 0 1
    outer loop
      vertex -79.5428 130.254 -24.9801
      vertex 79.5428 130.254 -24.9801
      vertex 79.6704 130.896 -24.9801
    endloop
  endfacet
  facet normal 0 0 1
    outer loop
      vertex -79.6704 130.896 -24.9801
      vertex 79.6704 130.896 -24.9801
      vertex 79.8806 131.516 -24.9801
    endloop
  endfacet
  facet normal 0 0 1
    outer loop
      vertex -79.8806 131.516 -24.9801
      vertex 79.8806 131.516 -24.9801
      vertex 80.1699 132.103 -24.9801
    endloop
  endfacet
  facet normal 0 0 1
    outer loop
      vertex -80.1699 132.103 -24.9801
      vertex 80.1699 132.103 -24.9801
      vertex 80.5332 132.647 -24.9801
    endloop
  endfacet
  facet normal 0 0 1
    outer loop
      vertex -80.5332 132.647 -24.9801
      vertex 80.5332 132.647 -24.9801
      vertex 80.9645 133.14 -24.9801
    endloop
  endfacet
  facet normal 0 0 1
    outer loop
      vertex 81.4562 133.571 -24.9801
      vertex -81.4562 133.571 -24.9801
      vertex 80.9645 133.14 -24.9801
    endloop
  endfacet
  facet normal 0 0 1
    outer loop
      vertex 79.5428 130.254 -24.9801
      vertex -79.5428 130.254 -24.9801
      vertex -79.5 129.601 -24.9801
    endloop
  endfacet
  facet normal 0 0 1
    outer loop
      vertex 79.6704 130.896 -24.9801
      vertex -79.6704 130.896 -24.9801
      vertex -79.5428 130.254 -24.9801
    endloop
  endfacet
  facet normal 0 0 1
    outer loop
      vertex 79.8806 131.516 -24.9801
      vertex -79.8806 131.516 -24.9801
      vertex -79.6704 130.896 -24.9801
    endloop
  endfacet
  facet normal 0 0 1
    outer loop
      vertex 80.1699 132.103 -24.9801
      vertex -80.1699 132.103 -24.9801
      vertex -79.8806 131.516 -24.9801
    endloop
  endfacet
  facet normal 0 0 1
    outer loop
      vertex 80.5332 132.647 -24.9801
      vertex -80.5332 132.647 -24.9801
      vertex -80.1699 132.103 -24.9801
    endloop
  endfacet
  facet normal 0 0 1
    outer loop
      vertex 80.9645 133.14 -24.9801
      vertex -80.9645 133.14 -24.9801
      vertex -80.5332 132.647 -24.9801
    endloop
  endfacet
  facet normal 0 0 1
    outer loop
      vertex 80.9645 133.14 -24.9801
      vertex -81.4562 133.571 -24.9801
      vertex -80.9645 133.14 -24.9801
    endloop
  endfacet
  facet normal -0 0 1
    outer loop
      vertex -96.1 148.216 -24.9801
      vertex -81.4562 133.571 -24.9801
      vertex 96.1 148.216 -24.9801
    endloop
  endfacet
  facet normal 0 0 1
    outer loop
      vertex -81.4562 133.571 -24.9801
      vertex -96.1 148.216 -24.9801
      vertex -82 133.935 -24.9801
    endloop
  endfacet
  facet normal 0 0 1
    outer loop
      vertex -82 133.935 -24.9801
      vertex -96.1 148.216 -24.9801
      vertex -82.5866 134.224 -24.9801
    endloop
  endfacet
  facet normal 0 0 1
    outer loop
      vertex -82.5866 134.224 -24.9801
      vertex -96.1 148.216 -24.9801
      vertex -83.2059 134.435 -24.9801
    endloop
  endfacet
  facet normal 0 0 1
    outer loop
      vertex -83.2059 134.435 -24.9801
      vertex -96.1 148.216 -24.9801
      vertex -83.8474 134.562 -24.9801
    endloop
  endfacet
  facet normal 0 0 1
    outer loop
      vertex -83.8474 134.562 -24.9801
      vertex -96.1 148.216 -24.9801
      vertex -84.5 134.605 -24.9801
    endloop
  endfacet
  facet normal 0 0 1
    outer loop
      vertex -89.4572 130.254 -24.9801
      vertex -96.1 148.216 -24.9801
      vertex -89.5 129.601 -24.9801
    endloop
  endfacet
  facet normal 0 0 1
    outer loop
      vertex -89.3296 130.896 -24.9801
      vertex -96.1 148.216 -24.9801
      vertex -89.4572 130.254 -24.9801
    endloop
  endfacet
  facet normal 0 0 1
    outer loop
      vertex -89.1194 131.516 -24.9801
      vertex -96.1 148.216 -24.9801
      vertex -89.3296 130.896 -24.9801
    endloop
  endfacet
  facet normal 0 0 1
    outer loop
      vertex -88.8301 132.103 -24.9801
      vertex -96.1 148.216 -24.9801
      vertex -89.1194 131.516 -24.9801
    endloop
  endfacet
  facet normal 0 0 1
    outer loop
      vertex -88.4668 132.647 -24.9801
      vertex -96.1 148.216 -24.9801
      vertex -88.8301 132.103 -24.9801
    endloop
  endfacet
  facet normal 0 0 1
    outer loop
      vertex -88.0355 133.14 -24.9801
      vertex -96.1 148.216 -24.9801
      vertex -88.4668 132.647 -24.9801
    endloop
  endfacet
  facet normal 0 0 1
    outer loop
      vertex -87.5438 133.571 -24.9801
      vertex -96.1 148.216 -24.9801
      vertex -88.0355 133.14 -24.9801
    endloop
  endfacet
  facet normal 0 0 1
    outer loop
      vertex -87 133.935 -24.9801
      vertex -96.1 148.216 -24.9801
      vertex -87.5438 133.571 -24.9801
    endloop
  endfacet
  facet normal 0 0 1
    outer loop
      vertex -86.4134 134.224 -24.9801
      vertex -96.1 148.216 -24.9801
      vertex -87 133.935 -24.9801
    endloop
  endfacet
  facet normal 0 0 1
    outer loop
      vertex -85.7941 134.435 -24.9801
      vertex -96.1 148.216 -24.9801
      vertex -86.4134 134.224 -24.9801
    endloop
  endfacet
  facet normal 0 0 1
    outer loop
      vertex -85.1526 134.562 -24.9801
      vertex -96.1 148.216 -24.9801
      vertex -85.7941 134.435 -24.9801
    endloop
  endfacet
  facet normal 0 0 1
    outer loop
      vertex -84.5 134.605 -24.9801
      vertex -96.1 148.216 -24.9801
      vertex -85.1526 134.562 -24.9801
    endloop
  endfacet
  facet normal 0 0 1
    outer loop
      vertex 89.3296 128.306 -24.9801
      vertex 96.1 148.216 -24.9801
      vertex 89.4572 128.948 -24.9801
    endloop
  endfacet
  facet normal 0 0 1
    outer loop
      vertex 96.1 148.216 -24.9801
      vertex 89.3296 128.306 -24.9801
      vertex 96.1 -38.9333 -24.9801
    endloop
  endfacet
  facet normal -0 0 1
    outer loop
      vertex 89.1194 127.686 -24.9801
      vertex 96.1 -38.9333 -24.9801
      vertex 89.3296 128.306 -24.9801
    endloop
  endfacet
  facet normal -0 0 1
    outer loop
      vertex 88.8301 127.099 -24.9801
      vertex 96.1 -38.9333 -24.9801
      vertex 89.1194 127.686 -24.9801
    endloop
  endfacet
  facet normal -0 0 1
    outer loop
      vertex 88.4668 126.555 -24.9801
      vertex 96.1 -38.9333 -24.9801
      vertex 88.8301 127.099 -24.9801
    endloop
  endfacet
  facet normal -0 0 1
    outer loop
      vertex 88.0355 126.063 -24.9801
      vertex 96.1 -38.9333 -24.9801
      vertex 88.4668 126.555 -24.9801
    endloop
  endfacet
  facet normal -0 0 1
    outer loop
      vertex 87.5438 125.631 -24.9801
      vertex 96.1 -38.9333 -24.9801
      vertex 88.0355 126.063 -24.9801
    endloop
  endfacet
  facet normal -0 0 1
    outer loop
      vertex 87 125.268 -24.9801
      vertex 96.1 -38.9333 -24.9801
      vertex 87.5438 125.631 -24.9801
    endloop
  endfacet
  facet normal -0 0 1
    outer loop
      vertex 86.4134 124.978 -24.9801
      vertex 96.1 -38.9333 -24.9801
      vertex 87 125.268 -24.9801
    endloop
  endfacet
  facet normal -0 0 1
    outer loop
      vertex 85.7941 124.768 -24.9801
      vertex 96.1 -38.9333 -24.9801
      vertex 86.4134 124.978 -24.9801
    endloop
  endfacet
  facet normal -0 0 1
    outer loop
      vertex 85.1526 124.64 -24.9801
      vertex 96.1 -38.9333 -24.9801
      vertex 85.7941 124.768 -24.9801
    endloop
  endfacet
  facet normal -0 0 1
    outer loop
      vertex 84.5 124.597 -24.9801
      vertex 96.1 -38.9333 -24.9801
      vertex 85.1526 124.64 -24.9801
    endloop
  endfacet
  facet normal 0 0 1
    outer loop
      vertex 83.8474 124.64 -24.9801
      vertex 96.1 -38.9333 -24.9801
      vertex 84.5 124.597 -24.9801
    endloop
  endfacet
  facet normal 0 0 1
    outer loop
      vertex 83.2059 124.768 -24.9801
      vertex 96.1 -38.9333 -24.9801
      vertex 83.8474 124.64 -24.9801
    endloop
  endfacet
  facet normal 0 0 1
    outer loop
      vertex 82.5866 124.978 -24.9801
      vertex 96.1 -38.9333 -24.9801
      vertex 83.2059 124.768 -24.9801
    endloop
  endfacet
  facet normal 0 0 1
    outer loop
      vertex 82 125.268 -24.9801
      vertex 96.1 -38.9333 -24.9801
      vertex 82.5866 124.978 -24.9801
    endloop
  endfacet
  facet normal 0 0 1
    outer loop
      vertex 81.4562 125.631 -24.9801
      vertex 96.1 -38.9333 -24.9801
      vertex 82 125.268 -24.9801
    endloop
  endfacet
  facet normal 0 0 1
    outer loop
      vertex 80.9645 126.063 -24.9801
      vertex 96.1 -38.9333 -24.9801
      vertex 81.4562 125.631 -24.9801
    endloop
  endfacet
  facet normal 0 0 1
    outer loop
      vertex -80.9645 126.063 -24.9801
      vertex 80.9645 126.063 -24.9801
      vertex 80.5332 126.555 -24.9801
    endloop
  endfacet
  facet normal 0 0 1
    outer loop
      vertex -80.5332 126.555 -24.9801
      vertex 80.5332 126.555 -24.9801
      vertex 80.1699 127.099 -24.9801
    endloop
  endfacet
  facet normal 0 0 1
    outer loop
      vertex -80.1699 127.099 -24.9801
      vertex 80.1699 127.099 -24.9801
      vertex 79.8806 127.686 -24.9801
    endloop
  endfacet
  facet normal 0 0 1
    outer loop
      vertex -79.8806 127.686 -24.9801
      vertex 79.8806 127.686 -24.9801
      vertex 79.6704 128.306 -24.9801
    endloop
  endfacet
  facet normal 0 0 1
    outer loop
      vertex -79.6704 128.306 -24.9801
      vertex 79.6704 128.306 -24.9801
      vertex 79.5428 128.948 -24.9801
    endloop
  endfacet
  facet normal -0 0 1
    outer loop
      vertex -79.5 129.601 -24.9801
      vertex 79.5428 128.948 -24.9801
      vertex 79.5 129.601 -24.9801
    endloop
  endfacet
  facet normal 0 0 1
    outer loop
      vertex -79.5428 128.948 -24.9801
      vertex 79.5428 128.948 -24.9801
      vertex -79.5 129.601 -24.9801
    endloop
  endfacet
  facet normal 0 0 1
    outer loop
      vertex -79.6704 128.306 -24.9801
      vertex 79.5428 128.948 -24.9801
      vertex -79.5428 128.948 -24.9801
    endloop
  endfacet
  facet normal 0 0 1
    outer loop
      vertex 79.6704 128.306 -24.9801
      vertex -79.6704 128.306 -24.9801
      vertex -79.8806 127.686 -24.9801
    endloop
  endfacet
  facet normal 0 0 1
    outer loop
      vertex 79.8806 127.686 -24.9801
      vertex -79.8806 127.686 -24.9801
      vertex -80.1699 127.099 -24.9801
    endloop
  endfacet
  facet normal 0 0 1
    outer loop
      vertex 80.1699 127.099 -24.9801
      vertex -80.1699 127.099 -24.9801
      vertex -80.5332 126.555 -24.9801
    endloop
  endfacet
  facet normal 0 0 1
    outer loop
      vertex 80.5332 126.555 -24.9801
      vertex -80.5332 126.555 -24.9801
      vertex -80.9645 126.063 -24.9801
    endloop
  endfacet
  facet normal 0 0 1
    outer loop
      vertex 80.9645 126.063 -24.9801
      vertex -80.9645 126.063 -24.9801
      vertex 96.1 -38.9333 -24.9801
    endloop
  endfacet
  facet normal 0 0 1
    outer loop
      vertex -96.1 -38.9333 -24.9801
      vertex -80.9645 126.063 -24.9801
      vertex -81.4562 125.631 -24.9801
    endloop
  endfacet
  facet normal 0 0 1
    outer loop
      vertex -96.1 -38.9333 -24.9801
      vertex -81.4562 125.631 -24.9801
      vertex -82 125.268 -24.9801
    endloop
  endfacet
  facet normal 0 0 1
    outer loop
      vertex -96.1 -38.9333 -24.9801
      vertex -82 125.268 -24.9801
      vertex -82.5866 124.978 -24.9801
    endloop
  endfacet
  facet normal 0 0 1
    outer loop
      vertex -96.1 -38.9333 -24.9801
      vertex -82.5866 124.978 -24.9801
      vertex -83.2059 124.768 -24.9801
    endloop
  endfacet
  facet normal 0 0 1
    outer loop
      vertex -96.1 -38.9333 -24.9801
      vertex -83.2059 124.768 -24.9801
      vertex -83.8474 124.64 -24.9801
    endloop
  endfacet
  facet normal 0 0 1
    outer loop
      vertex -96.1 -38.9333 -24.9801
      vertex -83.8474 124.64 -24.9801
      vertex -84.5 124.597 -24.9801
    endloop
  endfacet
  facet normal 0 0 1
    outer loop
      vertex -96.1 -38.9333 -24.9801
      vertex -84.5 124.597 -24.9801
      vertex -85.1526 124.64 -24.9801
    endloop
  endfacet
  facet normal 0 0 1
    outer loop
      vertex -96.1 -38.9333 -24.9801
      vertex -85.1526 124.64 -24.9801
      vertex -85.7941 124.768 -24.9801
    endloop
  endfacet
  facet normal 0 0 1
    outer loop
      vertex -96.1 -38.9333 -24.9801
      vertex -85.7941 124.768 -24.9801
      vertex -86.4134 124.978 -24.9801
    endloop
  endfacet
  facet normal 0 0 1
    outer loop
      vertex -96.1 -38.9333 -24.9801
      vertex -86.4134 124.978 -24.9801
      vertex -87 125.268 -24.9801
    endloop
  endfacet
  facet normal 0 0 1
    outer loop
      vertex -96.1 -38.9333 -24.9801
      vertex -87 125.268 -24.9801
      vertex -87.5438 125.631 -24.9801
    endloop
  endfacet
  facet normal 0 0 1
    outer loop
      vertex -96.1 -38.9333 -24.9801
      vertex -87.5438 125.631 -24.9801
      vertex -88.0355 126.063 -24.9801
    endloop
  endfacet
  facet normal 0 0 1
    outer loop
      vertex -96.1 148.216 -24.9801
      vertex -89.4572 128.948 -24.9801
      vertex -89.5 129.601 -24.9801
    endloop
  endfacet
  facet normal 0 0 1
    outer loop
      vertex -96.1 148.216 -24.9801
      vertex -89.3296 128.306 -24.9801
      vertex -89.4572 128.948 -24.9801
    endloop
  endfacet
  facet normal 0 0 1
    outer loop
      vertex -96.1 -38.9333 -24.9801
      vertex -89.3296 128.306 -24.9801
      vertex -96.1 148.216 -24.9801
    endloop
  endfacet
  facet normal 0 0 1
    outer loop
      vertex -80.9645 126.063 -24.9801
      vertex -96.1 -38.9333 -24.9801
      vertex 96.1 -38.9333 -24.9801
    endloop
  endfacet
  facet normal 0 0 1
    outer loop
      vertex -88.4668 126.555 -24.9801
      vertex -96.1 -38.9333 -24.9801
      vertex -88.0355 126.063 -24.9801
    endloop
  endfacet
  facet normal 0 0 1
    outer loop
      vertex -88.8301 127.099 -24.9801
      vertex -96.1 -38.9333 -24.9801
      vertex -88.4668 126.555 -24.9801
    endloop
  endfacet
  facet normal 0 0 1
    outer loop
      vertex -89.1194 127.686 -24.9801
      vertex -96.1 -38.9333 -24.9801
      vertex -88.8301 127.099 -24.9801
    endloop
  endfacet
  facet normal 0 0 1
    outer loop
      vertex -89.3296 128.306 -24.9801
      vertex -96.1 -38.9333 -24.9801
      vertex -89.1194 127.686 -24.9801
    endloop
  endfacet
  facet normal 0.980785 -0.194935 -0.00779682
    outer loop
      vertex -79.5428 128.464 -12.8792
      vertex -79.6704 128.306 -24.9801
      vertex -79.5428 128.948 -24.9801
    endloop
  endfacet
  facet normal 0.980787 -0.194928 -0.00779692
    outer loop
      vertex -79.6704 128.306 -24.9801
      vertex -79.5428 128.464 -12.8792
      vertex -79.6704 127.823 -12.9048
    endloop
  endfacet
  facet normal 0.997855 -0.0654031 -0.00261571
    outer loop
      vertex -79.5 129.116 -12.8532
      vertex -79.5428 128.948 -24.9801
      vertex -79.5 129.601 -24.9801
    endloop
  endfacet
  facet normal 0.997856 -0.0653991 -0.00261577
    outer loop
      vertex -79.5428 128.948 -24.9801
      vertex -79.5 129.116 -12.8532
      vertex -79.5428 128.464 -12.8792
    endloop
  endfacet
  facet normal -0.442227 0.896188 0.0358143
    outer loop
      vertex -86.4134 134.224 -24.9801
      vertex -87 133.443 -12.6802
      vertex -86.4134 133.732 -12.6687
    endloop
  endfacet
  facet normal -0.441661 0.896465 0.0358589
    outer loop
      vertex -87 133.443 -12.6802
      vertex -86.4134 134.224 -24.9801
      vertex -87 133.935 -24.9801
    endloop
  endfacet
  facet normal 0.980785 0.194935 0.00779509
    outer loop
      vertex -79.6704 130.409 -12.8015
      vertex -79.5428 130.254 -24.9801
      vertex -79.6704 130.896 -24.9801
    endloop
  endfacet
  facet normal 0.980728 0.195221 0.00779085
    outer loop
      vertex -79.5428 130.254 -24.9801
      vertex -79.6704 130.409 -12.8015
      vertex -79.5428 129.769 -12.8271
    endloop
  endfacet
  facet normal 0.442891 -0.895861 -0.0357822
    outer loop
      vertex -82 125.268 -24.9801
      vertex -82.5866 124.501 -13.0377
      vertex -82.5866 124.978 -24.9801
    endloop
  endfacet
  facet normal 0.442232 -0.896185 -0.0358354
    outer loop
      vertex -82.5866 124.501 -13.0377
      vertex -82 125.268 -24.9801
      vertex -82 124.79 -13.0261
    endloop
  endfacet
  facet normal -0.997856 0.0654031 0.0026101
    outer loop
      vertex -89.5 129.601 -24.9801
      vertex -89.4572 129.769 -12.8271
      vertex -89.4572 130.254 -24.9801
    endloop
  endfacet
  facet normal -0.997862 0.0652992 0.00261156
    outer loop
      vertex -89.4572 129.769 -12.8271
      vertex -89.5 129.601 -24.9801
      vertex -89.5 129.116 -12.8532
    endloop
  endfacet
  facet normal 0.658866 0.751658 0.030083
    outer loop
      vertex -81.4562 133.571 -24.9801
      vertex -80.9645 132.649 -12.7119
      vertex -80.9645 133.14 -24.9801
    endloop
  endfacet
  facet normal 0.659461 0.751139 0.0300201
    outer loop
      vertex -80.9645 132.649 -12.7119
      vertex -81.4562 133.571 -24.9801
      vertex -81.4562 133.08 -12.6947
    endloop
  endfacet
  facet normal 0.89684 -0.442003 -0.0176427
    outer loop
      vertex -79.8806 127.205 -12.9296
      vertex -80.1699 127.099 -24.9801
      vertex -79.8806 127.686 -24.9801
    endloop
  endfacet
  facet normal 0.897119 -0.441437 -0.0176544
    outer loop
      vertex -80.1699 127.099 -24.9801
      vertex -79.8806 127.205 -12.9296
      vertex -80.1699 126.618 -12.953
    endloop
  endfacet
  facet normal -0.442232 -0.896185 -0.0358354
    outer loop
      vertex -87 125.268 -24.9801
      vertex -86.4134 124.501 -13.0377
      vertex -87 124.79 -13.0261
    endloop
  endfacet
  facet normal -0.442891 -0.895861 -0.0357822
    outer loop
      vertex -86.4134 124.501 -13.0377
      vertex -87 125.268 -24.9801
      vertex -86.4134 124.978 -24.9801
    endloop
  endfacet
  facet normal -0.0642774 0.997135 0.0398802
    outer loop
      vertex -84.5 134.605 -24.9801
      vertex -85.1526 134.07 -12.6552
      vertex -84.5 134.112 -12.6535
    endloop
  endfacet
  facet normal -0.0656956 0.997046 0.0398013
    outer loop
      vertex -85.1526 134.07 -12.6552
      vertex -84.5 134.605 -24.9801
      vertex -85.1526 134.562 -24.9801
    endloop
  endfacet
  facet normal -0.831398 -0.555233 -0.0222055
    outer loop
      vertex -88.4668 126.555 -24.9801
      vertex -88.8301 126.618 -12.953
      vertex -88.8301 127.099 -24.9801
    endloop
  endfacet
  facet normal -0.831336 -0.555327 -0.0222031
    outer loop
      vertex -88.8301 126.618 -12.953
      vertex -88.4668 126.555 -24.9801
      vertex -88.4668 126.075 -12.9747
    endloop
  endfacet
  facet normal 0.322272 0.945892 0.0378006
    outer loop
      vertex -83.2059 134.435 -24.9801
      vertex -82.5866 133.732 -12.6687
      vertex -82.5866 134.224 -24.9801
    endloop
  endfacet
  facet normal 0.321363 0.946199 0.0378639
    outer loop
      vertex -82.5866 133.732 -12.6687
      vertex -83.2059 134.435 -24.9801
      vertex -83.2059 133.942 -12.6603
    endloop
  endfacet
  facet normal -0.659461 -0.751139 -0.0300187
    outer loop
      vertex -88.0355 126.063 -24.9801
      vertex -87.5438 125.153 -13.0116
      vertex -88.0355 125.584 -12.9944
    endloop
  endfacet
  facet normal -0.659732 -0.750903 -0.0299897
    outer loop
      vertex -87.5438 125.153 -13.0116
      vertex -88.0355 126.063 -24.9801
      vertex -87.5438 125.631 -24.9801
    endloop
  endfacet
  facet normal -0.321363 -0.946202 -0.0377929
    outer loop
      vertex -86.4134 124.978 -24.9801
      vertex -85.7941 124.291 -13.0461
      vertex -86.4134 124.501 -13.0377
    endloop
  endfacet
  facet normal -0.320902 -0.946357 -0.0378257
    outer loop
      vertex -85.7941 124.291 -13.0461
      vertex -86.4134 124.978 -24.9801
      vertex -85.7941 124.768 -24.9801
    endloop
  endfacet
  facet normal 0.441661 0.896465 0.0358589
    outer loop
      vertex -82.5866 134.224 -24.9801
      vertex -82 133.443 -12.6802
      vertex -82 133.935 -24.9801
    endloop
  endfacet
  facet normal 0.442227 0.896188 0.0358143
    outer loop
      vertex -82 133.443 -12.6802
      vertex -82.5866 134.224 -24.9801
      vertex -82.5866 133.732 -12.6687
    endloop
  endfacet
  facet normal 0.195824 0.979855 0.0392107
    outer loop
      vertex -83.2059 134.435 -24.9801
      vertex -83.8474 134.07 -12.6552
      vertex -83.2059 133.942 -12.6603
    endloop
  endfacet
  facet normal 0.194056 0.98021 0.0391292
    outer loop
      vertex -83.8474 134.07 -12.6552
      vertex -83.2059 134.435 -24.9801
      vertex -83.8474 134.562 -24.9801
    endloop
  endfacet
  facet normal 0.0657988 -0.997036 -0.0398741
    outer loop
      vertex -84.5 124.597 -24.9801
      vertex -83.8474 124.163 -13.0512
      vertex -84.5 124.12 -13.0529
    endloop
  endfacet
  facet normal 0.0656954 -0.997043 -0.0398687
    outer loop
      vertex -83.8474 124.163 -13.0512
      vertex -84.5 124.597 -24.9801
      vertex -83.8474 124.64 -24.9801
    endloop
  endfacet
  facet normal 0.752372 0.658211 0.026343
    outer loop
      vertex -80.9645 132.649 -12.7119
      vertex -80.5332 132.647 -24.9801
      vertex -80.9645 133.14 -24.9801
    endloop
  endfacet
  facet normal 0.751568 0.65913 0.0263146
    outer loop
      vertex -80.5332 132.647 -24.9801
      vertex -80.9645 132.649 -12.7119
      vertex -80.5332 132.158 -12.7316
    endloop
  endfacet
  facet normal -0.831399 0.555234 0.0221667
    outer loop
      vertex -88.8301 132.103 -24.9801
      vertex -88.4668 132.158 -12.7316
      vertex -88.4668 132.647 -24.9801
    endloop
  endfacet
  facet normal -0.831807 0.554622 0.0221816
    outer loop
      vertex -88.4668 132.158 -12.7316
      vertex -88.8301 132.103 -24.9801
      vertex -88.8301 131.614 -12.7533
    endloop
  endfacet
  facet normal 0.0642774 0.997138 0.0398049
    outer loop
      vertex -83.8474 134.562 -24.9801
      vertex -84.5 134.112 -12.6535
      vertex -83.8474 134.07 -12.6552
    endloop
  endfacet
  facet normal 0.0656954 0.997043 0.0398765
    outer loop
      vertex -84.5 134.112 -12.6535
      vertex -83.8474 134.562 -24.9801
      vertex -84.5 134.605 -24.9801
    endloop
  endfacet
  facet normal -0.5555 -0.830854 -0.0331828
    outer loop
      vertex -87.5438 125.631 -24.9801
      vertex -87 124.79 -13.0261
      vertex -87.5438 125.153 -13.0116
    endloop
  endfacet
  facet normal -0.554887 -0.831261 -0.0332393
    outer loop
      vertex -87 124.79 -13.0261
      vertex -87.5438 125.631 -24.9801
      vertex -87 125.268 -24.9801
    endloop
  endfacet
  facet normal 0.946974 0.321055 0.0128386
    outer loop
      vertex -79.8806 131.028 -12.7767
      vertex -79.6704 130.896 -24.9801
      vertex -79.8806 131.516 -24.9801
    endloop
  endfacet
  facet normal 0.946972 0.321058 0.0128385
    outer loop
      vertex -79.6704 130.896 -24.9801
      vertex -79.8806 131.028 -12.7767
      vertex -79.6704 130.409 -12.8015
    endloop
  endfacet
  facet normal -0.946974 0.321055 0.0128386
    outer loop
      vertex -89.3296 130.896 -24.9801
      vertex -89.1194 131.028 -12.7767
      vertex -89.1194 131.516 -24.9801
    endloop
  endfacet
  facet normal -0.946972 0.321058 0.0128385
    outer loop
      vertex -89.1194 131.028 -12.7767
      vertex -89.3296 130.896 -24.9801
      vertex -89.3296 130.409 -12.8015
    endloop
  endfacet
  facet normal 0.896839 0.442003 0.0176775
    outer loop
      vertex -80.1699 131.614 -12.7533
      vertex -79.8806 131.516 -24.9801
      vertex -80.1699 132.103 -24.9801
    endloop
  endfacet
  facet normal 0.89682 0.442042 0.0176767
    outer loop
      vertex -79.8806 131.516 -24.9801
      vertex -80.1699 131.614 -12.7533
      vertex -79.8806 131.028 -12.7767
    endloop
  endfacet
  facet normal 0.997856 0.0654031 0.0026101
    outer loop
      vertex -79.5428 129.769 -12.8271
      vertex -79.5 129.601 -24.9801
      vertex -79.5428 130.254 -24.9801
    endloop
  endfacet
  facet normal 0.997862 0.0652992 0.00261156
    outer loop
      vertex -79.5 129.601 -24.9801
      vertex -79.5428 129.769 -12.8271
      vertex -79.5 129.116 -12.8532
    endloop
  endfacet
  facet normal 0.320902 -0.946357 -0.0378257
    outer loop
      vertex -82.5866 124.978 -24.9801
      vertex -83.2059 124.291 -13.0461
      vertex -83.2059 124.768 -24.9801
    endloop
  endfacet
  facet normal 0.321363 -0.946202 -0.0377929
    outer loop
      vertex -83.2059 124.291 -13.0461
      vertex -82.5866 124.978 -24.9801
      vertex -82.5866 124.501 -13.0377
    endloop
  endfacet
  facet normal 0.659732 -0.750903 -0.0299897
    outer loop
      vertex -80.9645 126.063 -24.9801
      vertex -81.4562 125.153 -13.0116
      vertex -81.4562 125.631 -24.9801
    endloop
  endfacet
  facet normal 0.659461 -0.751139 -0.0300187
    outer loop
      vertex -81.4562 125.153 -13.0116
      vertex -80.9645 126.063 -24.9801
      vertex -80.9645 125.584 -12.9944
    endloop
  endfacet
  facet normal -0.195824 -0.979857 -0.0391647
    outer loop
      vertex -85.7941 124.768 -24.9801
      vertex -85.1526 124.163 -13.0512
      vertex -85.7941 124.291 -13.0461
    endloop
  endfacet
  facet normal -0.195525 -0.979916 -0.0391838
    outer loop
      vertex -85.1526 124.163 -13.0512
      vertex -85.7941 124.768 -24.9801
      vertex -85.1526 124.64 -24.9801
    endloop
  endfacet
  facet normal 0.831398 -0.555233 -0.0222055
    outer loop
      vertex -80.1699 126.618 -12.953
      vertex -80.5332 126.555 -24.9801
      vertex -80.1699 127.099 -24.9801
    endloop
  endfacet
  facet normal 0.831336 -0.555327 -0.0222031
    outer loop
      vertex -80.5332 126.555 -24.9801
      vertex -80.1699 126.618 -12.953
      vertex -80.5332 126.075 -12.9747
    endloop
  endfacet
  facet normal -0.980785 -0.194935 -0.00779682
    outer loop
      vertex -89.3296 128.306 -24.9801
      vertex -89.4572 128.464 -12.8792
      vertex -89.4572 128.948 -24.9801
    endloop
  endfacet
  facet normal -0.980787 -0.194928 -0.00779692
    outer loop
      vertex -89.4572 128.464 -12.8792
      vertex -89.3296 128.306 -24.9801
      vertex -89.3296 127.823 -12.9048
    endloop
  endfacet
  facet normal -0.997855 -0.0654031 -0.00261571
    outer loop
      vertex -89.4572 128.948 -24.9801
      vertex -89.5 129.116 -12.8532
      vertex -89.5 129.601 -24.9801
    endloop
  endfacet
  facet normal -0.997856 -0.0653991 -0.00261577
    outer loop
      vertex -89.5 129.116 -12.8532
      vertex -89.4572 128.948 -24.9801
      vertex -89.4572 128.464 -12.8792
    endloop
  endfacet
  facet normal 0.555944 0.830556 0.0331941
    outer loop
      vertex -82 133.935 -24.9801
      vertex -81.4562 133.08 -12.6947
      vertex -81.4562 133.571 -24.9801
    endloop
  endfacet
  facet normal 0.5555 0.830852 0.0332343
    outer loop
      vertex -81.4562 133.08 -12.6947
      vertex -82 133.935 -24.9801
      vertex -82 133.443 -12.6802
    endloop
  endfacet
  facet normal -0.896839 0.442003 0.0176775
    outer loop
      vertex -89.1194 131.516 -24.9801
      vertex -88.8301 131.614 -12.7533
      vertex -88.8301 132.103 -24.9801
    endloop
  endfacet
  facet normal -0.89682 0.442042 0.0176767
    outer loop
      vertex -88.8301 131.614 -12.7533
      vertex -89.1194 131.516 -24.9801
      vertex -89.1194 131.028 -12.7767
    endloop
  endfacet
  facet normal 0.831399 0.555234 0.0221667
    outer loop
      vertex -80.5332 132.158 -12.7316
      vertex -80.1699 132.103 -24.9801
      vertex -80.5332 132.647 -24.9801
    endloop
  endfacet
  facet normal 0.831807 0.554622 0.0221816
    outer loop
      vertex -80.1699 132.103 -24.9801
      vertex -80.5332 132.158 -12.7316
      vertex -80.1699 131.614 -12.7533
    endloop
  endfacet
  facet normal -0.5555 0.830852 0.0332343
    outer loop
      vertex -87 133.935 -24.9801
      vertex -87.5438 133.08 -12.6947
      vertex -87 133.443 -12.6802
    endloop
  endfacet
  facet normal -0.555944 0.830556 0.0331941
    outer loop
      vertex -87.5438 133.08 -12.6947
      vertex -87 133.935 -24.9801
      vertex -87.5438 133.571 -24.9801
    endloop
  endfacet
  facet normal 0.554887 -0.831261 -0.0332393
    outer loop
      vertex -81.4562 125.631 -24.9801
      vertex -82 124.79 -13.0261
      vertex -82 125.268 -24.9801
    endloop
  endfacet
  facet normal 0.5555 -0.830854 -0.0331828
    outer loop
      vertex -82 124.79 -13.0261
      vertex -81.4562 125.631 -24.9801
      vertex -81.4562 125.153 -13.0116
    endloop
  endfacet
  facet normal -0.946974 -0.321055 -0.0128419
    outer loop
      vertex -89.1194 127.686 -24.9801
      vertex -89.3296 127.823 -12.9048
      vertex -89.3296 128.306 -24.9801
    endloop
  endfacet
  facet normal -0.946814 -0.321524 -0.0128338
    outer loop
      vertex -89.3296 127.823 -12.9048
      vertex -89.1194 127.686 -24.9801
      vertex -89.1194 127.205 -12.9296
    endloop
  endfacet
  facet normal -0.0657988 -0.997036 -0.0398684
    outer loop
      vertex -85.1526 124.64 -24.9801
      vertex -84.5 124.12 -13.0529
      vertex -85.1526 124.163 -13.0512
    endloop
  endfacet
  facet normal -0.0656954 -0.997043 -0.0398744
    outer loop
      vertex -84.5 124.12 -13.0529
      vertex -85.1526 124.64 -24.9801
      vertex -84.5 124.597 -24.9801
    endloop
  endfacet
  facet normal 0.195824 -0.979856 -0.0391814
    outer loop
      vertex -83.8474 124.64 -24.9801
      vertex -83.2059 124.291 -13.0461
      vertex -83.8474 124.163 -13.0512
    endloop
  endfacet
  facet normal 0.195525 -0.979916 -0.0391671
    outer loop
      vertex -83.2059 124.291 -13.0461
      vertex -83.8474 124.64 -24.9801
      vertex -83.2059 124.768 -24.9801
    endloop
  endfacet
  facet normal 0.751709 -0.658968 -0.0263469
    outer loop
      vertex -80.5332 126.075 -12.9747
      vertex -80.9645 126.063 -24.9801
      vertex -80.5332 126.555 -24.9801
    endloop
  endfacet
  facet normal 0.751568 -0.659129 -0.0263416
    outer loop
      vertex -80.9645 126.063 -24.9801
      vertex -80.5332 126.075 -12.9747
      vertex -80.9645 125.584 -12.9944
    endloop
  endfacet
  facet normal 0.946974 -0.321055 -0.0128419
    outer loop
      vertex -79.6704 127.823 -12.9048
      vertex -79.8806 127.686 -24.9801
      vertex -79.6704 128.306 -24.9801
    endloop
  endfacet
  facet normal 0.946814 -0.321524 -0.0128338
    outer loop
      vertex -79.8806 127.686 -24.9801
      vertex -79.6704 127.823 -12.9048
      vertex -79.8806 127.205 -12.9296
    endloop
  endfacet
  facet normal -0.980785 0.194935 0.00779509
    outer loop
      vertex -89.4572 130.254 -24.9801
      vertex -89.3296 130.409 -12.8015
      vertex -89.3296 130.896 -24.9801
    endloop
  endfacet
  facet normal -0.980728 0.195221 0.00779085
    outer loop
      vertex -89.3296 130.409 -12.8015
      vertex -89.4572 130.254 -24.9801
      vertex -89.4572 129.769 -12.8271
    endloop
  endfacet
  facet normal -0.321363 0.946199 0.0378639
    outer loop
      vertex -85.7941 134.435 -24.9801
      vertex -86.4134 133.732 -12.6687
      vertex -85.7941 133.942 -12.6603
    endloop
  endfacet
  facet normal -0.322272 0.945892 0.0378006
    outer loop
      vertex -86.4134 133.732 -12.6687
      vertex -85.7941 134.435 -24.9801
      vertex -86.4134 134.224 -24.9801
    endloop
  endfacet
  facet normal -0.195824 0.979859 0.0391152
    outer loop
      vertex -85.1526 134.562 -24.9801
      vertex -85.7941 133.942 -12.6603
      vertex -85.1526 134.07 -12.6552
    endloop
  endfacet
  facet normal -0.194055 0.980206 0.0392248
    outer loop
      vertex -85.7941 133.942 -12.6603
      vertex -85.1526 134.562 -24.9801
      vertex -85.7941 134.435 -24.9801
    endloop
  endfacet
  facet normal -0.752372 0.658211 0.026343
    outer loop
      vertex -88.4668 132.647 -24.9801
      vertex -88.0355 132.649 -12.7119
      vertex -88.0355 133.14 -24.9801
    endloop
  endfacet
  facet normal -0.751568 0.65913 0.0263146
    outer loop
      vertex -88.0355 132.649 -12.7119
      vertex -88.4668 132.647 -24.9801
      vertex -88.4668 132.158 -12.7316
    endloop
  endfacet
  facet normal -0.659461 0.751139 0.0300201
    outer loop
      vertex -87.5438 133.571 -24.9801
      vertex -88.0355 132.649 -12.7119
      vertex -87.5438 133.08 -12.6947
    endloop
  endfacet
  facet normal -0.658866 0.751658 0.030083
    outer loop
      vertex -88.0355 132.649 -12.7119
      vertex -87.5438 133.571 -24.9801
      vertex -88.0355 133.14 -24.9801
    endloop
  endfacet
  facet normal -0.751709 -0.658968 -0.0263469
    outer loop
      vertex -88.0355 126.063 -24.9801
      vertex -88.4668 126.075 -12.9747
      vertex -88.4668 126.555 -24.9801
    endloop
  endfacet
  facet normal -0.751568 -0.659129 -0.0263416
    outer loop
      vertex -88.4668 126.075 -12.9747
      vertex -88.0355 126.063 -24.9801
      vertex -88.0355 125.584 -12.9944
    endloop
  endfacet
  facet normal -0.89684 -0.442003 -0.0176427
    outer loop
      vertex -88.8301 127.099 -24.9801
      vertex -89.1194 127.205 -12.9296
      vertex -89.1194 127.686 -24.9801
    endloop
  endfacet
  facet normal -0.897119 -0.441437 -0.0176544
    outer loop
      vertex -89.1194 127.205 -12.9296
      vertex -88.8301 127.099 -24.9801
      vertex -88.8301 126.618 -12.953
    endloop
  endfacet
  facet normal 0 -0.0399375 0.999202
    outer loop
      vertex -82.8 129.116 -12.8532
      vertex -79.5 129.116 -12.8532
      vertex -79.5428 129.769 -12.8271
    endloop
  endfacet
  facet normal 1.19036e-05 -0.0399657 0.999201
    outer loop
      vertex -82.8145 129.338 -12.8443
      vertex -79.5428 129.769 -12.8271
      vertex -79.6704 130.409 -12.8015
    endloop
  endfacet
  facet normal 0 -0.0398456 0.999206
    outer loop
      vertex -79.5 129.116 -12.8532
      vertex -82.8 129.116 -12.8532
      vertex -79.5428 128.464 -12.8792
    endloop
  endfacet
  facet normal 2.15868e-05 -0.0400252 0.999199
    outer loop
      vertex -82.8579 129.556 -12.8356
      vertex -79.6704 130.409 -12.8015
      vertex -79.8806 131.028 -12.7767
    endloop
  endfacet
  facet normal 1.15088e-05 -0.0397882 0.999208
    outer loop
      vertex -82.8145 128.895 -12.862
      vertex -79.5428 128.464 -12.8792
      vertex -82.8 129.116 -12.8532
    endloop
  endfacet
  facet normal -2.88844e-05 -0.0399142 0.999203
    outer loop
      vertex -82.9294 129.766 -12.8272
      vertex -79.8806 131.028 -12.7767
      vertex -80.1699 131.614 -12.7533
    endloop
  endfacet
  facet normal -3.89996e-06 -0.039905 0.999203
    outer loop
      vertex -79.5428 128.464 -12.8792
      vertex -82.8145 128.895 -12.862
      vertex -79.6704 127.823 -12.9048
    endloop
  endfacet
  facet normal -4.08328e-05 -0.0398852 0.999204
    outer loop
      vertex -83.0278 129.966 -12.8192
      vertex -80.1699 131.614 -12.7533
      vertex -80.5332 132.158 -12.7316
    endloop
  endfacet
  facet normal 5.46059e-06 -0.0398776 0.999205
    outer loop
      vertex -82.8579 128.677 -12.8707
      vertex -79.6704 127.823 -12.9048
      vertex -82.8145 128.895 -12.862
    endloop
  endfacet
  facet normal 8.33154e-05 -0.0400169 0.999199
    outer loop
      vertex -83.1513 130.15 -12.8118
      vertex -80.5332 132.158 -12.7316
      vertex -80.9645 132.649 -12.7119
    endloop
  endfacet
  facet normal -4.89979e-05 -0.0400805 0.999196
    outer loop
      vertex -79.6704 127.823 -12.9048
      vertex -82.8579 128.677 -12.8707
      vertex -79.8806 127.205 -12.9296
    endloop
  endfacet
  facet normal -3.52903e-05 -0.0399156 0.999203
    outer loop
      vertex -83.2979 130.318 -12.8051
      vertex -80.9645 132.649 -12.7119
      vertex -81.4562 133.08 -12.6947
    endloop
  endfacet
  facet normal 8.59626e-05 -0.039808 0.999207
    outer loop
      vertex -82.9294 128.466 -12.8791
      vertex -79.8806 127.205 -12.9296
      vertex -82.8579 128.677 -12.8707
    endloop
  endfacet
  facet normal -1.75526e-05 -0.0399393 0.999202
    outer loop
      vertex -83.4651 130.464 -12.7993
      vertex -81.4562 133.08 -12.6947
      vertex -82 133.443 -12.6802
    endloop
  endfacet
  facet normal 6.31213e-05 -0.0398631 0.999205
    outer loop
      vertex -79.8806 127.205 -12.9296
      vertex -82.9294 128.466 -12.8791
      vertex -80.1699 126.618 -12.953
    endloop
  endfacet
  facet normal -7.41911e-05 -0.0399113 0.999203
    outer loop
      vertex -83.65 130.587 -12.7944
      vertex -82 133.443 -12.6802
      vertex -82.5866 133.732 -12.6687
    endloop
  endfacet
  facet normal -0.000106483 -0.040116 0.999195
    outer loop
      vertex -83.0278 128.267 -12.8871
      vertex -80.1699 126.618 -12.953
      vertex -82.9294 128.466 -12.8791
    endloop
  endfacet
  facet normal 1.85818e-07 -0.0399314 0.999202
    outer loop
      vertex -80.1699 126.618 -12.953
      vertex -83.0278 128.267 -12.8871
      vertex -80.5332 126.075 -12.9747
    endloop
  endfacet
  facet normal 2.38694e-05 -0.0400564 0.999197
    outer loop
      vertex -79.5428 129.769 -12.8271
      vertex -82.8145 129.338 -12.8443
      vertex -82.8 129.116 -12.8532
    endloop
  endfacet
  facet normal -1.73384e-05 -0.03988 0.999204
    outer loop
      vertex -79.6704 130.409 -12.8015
      vertex -82.8579 129.556 -12.8356
      vertex -82.8145 129.338 -12.8443
    endloop
  endfacet
  facet normal -5.74504e-06 -0.03997 0.999201
    outer loop
      vertex -79.8806 131.028 -12.7767
      vertex -82.9294 129.766 -12.8272
      vertex -82.8579 129.556 -12.8356
    endloop
  endfacet
  facet normal 5.44714e-06 -0.0399654 0.999201
    outer loop
      vertex -80.1699 131.614 -12.7533
      vertex -83.0278 129.966 -12.8192
      vertex -82.9294 129.766 -12.8272
    endloop
  endfacet
  facet normal 0.000140215 -0.0400909 0.999196
    outer loop
      vertex -80.5332 132.158 -12.7316
      vertex -83.1513 130.15 -12.8118
      vertex -83.0278 129.966 -12.8192
    endloop
  endfacet
  facet normal 1.36535e-05 -0.0399278 0.999203
    outer loop
      vertex -83.8494 130.686 -12.7904
      vertex -82.5866 133.732 -12.6687
      vertex -83.2059 133.942 -12.6603
    endloop
  endfacet
  facet normal -5.4336e-05 -0.0398966 0.999204
    outer loop
      vertex -80.9645 132.649 -12.7119
      vertex -83.2979 130.318 -12.8051
      vertex -83.1513 130.15 -12.8118
    endloop
  endfacet
  facet normal -0.000135106 -0.0398492 0.999206
    outer loop
      vertex -81.4562 133.08 -12.6947
      vertex -83.4651 130.464 -12.7993
      vertex -83.2979 130.318 -12.8051
    endloop
  endfacet
  facet normal -7.13497e-05 -0.0399129 0.999203
    outer loop
      vertex -82 133.443 -12.6802
      vertex -83.65 130.587 -12.7944
      vertex -83.4651 130.464 -12.7993
    endloop
  endfacet
  facet normal -2.3628e-05 -0.0399304 0.999202
    outer loop
      vertex -84.06 130.757 -12.7876
      vertex -83.2059 133.942 -12.6603
      vertex -83.8474 134.07 -12.6552
    endloop
  endfacet
  facet normal 0.000185136 -0.0399988 0.9992
    outer loop
      vertex -82.5866 133.732 -12.6687
      vertex -83.8494 130.686 -12.7904
      vertex -83.65 130.587 -12.7944
    endloop
  endfacet
  facet normal -0.000164348 -0.0398927 0.999204
    outer loop
      vertex -83.2059 133.942 -12.6603
      vertex -84.06 130.757 -12.7876
      vertex -83.8494 130.686 -12.7904
    endloop
  endfacet
  facet normal 0.000188122 -0.039944 0.999202
    outer loop
      vertex -83.8474 134.07 -12.6552
      vertex -84.2781 130.801 -12.7858
      vertex -84.06 130.757 -12.7876
    endloop
  endfacet
  facet normal 3.34857e-05 -0.0399236 0.999203
    outer loop
      vertex -84.5 134.112 -12.6535
      vertex -84.2781 130.801 -12.7858
      vertex -83.8474 134.07 -12.6552
    endloop
  endfacet
  facet normal -0.000268647 -0.0399438 0.999202
    outer loop
      vertex -84.5 134.112 -12.6535
      vertex -84.5 130.815 -12.7853
      vertex -84.2781 130.801 -12.7858
    endloop
  endfacet
  facet normal 0.000268647 -0.0399438 0.999202
    outer loop
      vertex -84.5 134.112 -12.6535
      vertex -84.7219 130.801 -12.7858
      vertex -84.5 130.815 -12.7853
    endloop
  endfacet
  facet normal -3.34857e-05 -0.0399236 0.999203
    outer loop
      vertex -85.1526 134.07 -12.6552
      vertex -84.7219 130.801 -12.7858
      vertex -84.5 134.112 -12.6535
    endloop
  endfacet
  facet normal -0.000188122 -0.039944 0.999202
    outer loop
      vertex -84.7219 130.801 -12.7858
      vertex -85.1526 134.07 -12.6552
      vertex -84.94 130.757 -12.7876
    endloop
  endfacet
  facet normal 2.3628e-05 -0.0399304 0.999202
    outer loop
      vertex -85.7941 133.942 -12.6603
      vertex -84.94 130.757 -12.7876
      vertex -85.1526 134.07 -12.6552
    endloop
  endfacet
  facet normal 0.000164348 -0.0398927 0.999204
    outer loop
      vertex -84.94 130.757 -12.7876
      vertex -85.7941 133.942 -12.6603
      vertex -85.1506 130.686 -12.7904
    endloop
  endfacet
  facet normal -1.36535e-05 -0.0399278 0.999203
    outer loop
      vertex -86.4134 133.732 -12.6687
      vertex -85.1506 130.686 -12.7904
      vertex -85.7941 133.942 -12.6603
    endloop
  endfacet
  facet normal -0.000185136 -0.0399988 0.9992
    outer loop
      vertex -85.1506 130.686 -12.7904
      vertex -86.4134 133.732 -12.6687
      vertex -85.35 130.587 -12.7944
    endloop
  endfacet
  facet normal 7.41911e-05 -0.0399113 0.999203
    outer loop
      vertex -87 133.443 -12.6802
      vertex -85.35 130.587 -12.7944
      vertex -86.4134 133.732 -12.6687
    endloop
  endfacet
  facet normal 7.13497e-05 -0.0399129 0.999203
    outer loop
      vertex -85.35 130.587 -12.7944
      vertex -87 133.443 -12.6802
      vertex -85.5349 130.464 -12.7993
    endloop
  endfacet
  facet normal 1.75526e-05 -0.0399393 0.999202
    outer loop
      vertex -87.5438 133.08 -12.6947
      vertex -85.5349 130.464 -12.7993
      vertex -87 133.443 -12.6802
    endloop
  endfacet
  facet normal 0.000135106 -0.0398492 0.999206
    outer loop
      vertex -85.5349 130.464 -12.7993
      vertex -87.5438 133.08 -12.6947
      vertex -85.7021 130.318 -12.8051
    endloop
  endfacet
  facet normal 3.52903e-05 -0.0399156 0.999203
    outer loop
      vertex -88.0355 132.649 -12.7119
      vertex -85.7021 130.318 -12.8051
      vertex -87.5438 133.08 -12.6947
    endloop
  endfacet
  facet normal 5.4336e-05 -0.0398966 0.999204
    outer loop
      vertex -85.7021 130.318 -12.8051
      vertex -88.0355 132.649 -12.7119
      vertex -85.8487 130.15 -12.8118
    endloop
  endfacet
  facet normal -0.000140215 -0.0400909 0.999196
    outer loop
      vertex -85.8487 130.15 -12.8118
      vertex -88.4668 132.158 -12.7316
      vertex -85.9722 129.966 -12.8192
    endloop
  endfacet
  facet normal -8.33154e-05 -0.0400169 0.999199
    outer loop
      vertex -88.4668 132.158 -12.7316
      vertex -85.8487 130.15 -12.8118
      vertex -88.0355 132.649 -12.7119
    endloop
  endfacet
  facet normal -2.01966e-05 -0.0399546 0.999201
    outer loop
      vertex -83.1513 128.082 -12.8945
      vertex -80.5332 126.075 -12.9747
      vertex -83.0278 128.267 -12.8871
    endloop
  endfacet
  facet normal -7.41814e-05 -0.0400249 0.999199
    outer loop
      vertex -80.5332 126.075 -12.9747
      vertex -83.1513 128.082 -12.8945
      vertex -80.9645 125.584 -12.9944
    endloop
  endfacet
  facet normal -7.28153e-05 -0.0400237 0.999199
    outer loop
      vertex -83.2979 127.915 -12.9012
      vertex -80.9645 125.584 -12.9944
      vertex -83.1513 128.082 -12.8945
    endloop
  endfacet
  facet normal 3.52903e-05 -0.0399156 0.999203
    outer loop
      vertex -80.9645 125.584 -12.9944
      vertex -83.2979 127.915 -12.9012
      vertex -81.4562 125.153 -13.0116
    endloop
  endfacet
  facet normal 0.000135106 -0.0398492 0.999206
    outer loop
      vertex -83.4651 127.769 -12.907
      vertex -81.4562 125.153 -13.0116
      vertex -83.2979 127.915 -12.9012
    endloop
  endfacet
  facet normal 1.75526e-05 -0.0399393 0.999202
    outer loop
      vertex -81.4562 125.153 -13.0116
      vertex -83.4651 127.769 -12.907
      vertex -82 124.79 -13.0261
    endloop
  endfacet
  facet normal -0.000172697 -0.0400327 0.999198
    outer loop
      vertex -83.65 127.645 -12.912
      vertex -82 124.79 -13.0261
      vertex -83.4651 127.769 -12.907
    endloop
  endfacet
  facet normal -6.64557e-05 -0.0399714 0.999201
    outer loop
      vertex -82 124.79 -13.0261
      vertex -83.65 127.645 -12.912
      vertex -82.5866 124.501 -13.0377
    endloop
  endfacet
  facet normal 7.78997e-05 -0.0399227 0.999203
    outer loop
      vertex -83.8494 127.547 -12.9159
      vertex -82.5866 124.501 -13.0377
      vertex -83.65 127.645 -12.912
    endloop
  endfacet
  facet normal -3.901e-06 -0.0399566 0.999201
    outer loop
      vertex -82.5866 124.501 -13.0377
      vertex -83.8494 127.547 -12.9159
      vertex -83.2059 124.291 -13.0461
    endloop
  endfacet
  facet normal 0.000174047 -0.0399214 0.999203
    outer loop
      vertex -84.06 127.476 -12.9187
      vertex -83.2059 124.291 -13.0461
      vertex -83.8494 127.547 -12.9159
    endloop
  endfacet
  facet normal 2.95698e-05 -0.0399601 0.999201
    outer loop
      vertex -83.2059 124.291 -13.0461
      vertex -84.06 127.476 -12.9187
      vertex -83.8474 124.163 -13.0512
    endloop
  endfacet
  facet normal -0.000182115 -0.0399737 0.999201
    outer loop
      vertex -84.2781 127.432 -12.9205
      vertex -83.8474 124.163 -13.0512
      vertex -84.06 127.476 -12.9187
    endloop
  endfacet
  facet normal -0.00017978 -0.0399734 0.999201
    outer loop
      vertex -84.5 127.418 -12.9211
      vertex -83.8474 124.163 -13.0512
      vertex -84.2781 127.432 -12.9205
    endloop
  endfacet
  facet normal 2.82266e-05 -0.0399317 0.999202
    outer loop
      vertex -84.5 127.418 -12.9211
      vertex -84.5 124.12 -13.0529
      vertex -83.8474 124.163 -13.0512
    endloop
  endfacet
  facet normal 0.000182411 -0.0399317 0.999202
    outer loop
      vertex -84.7219 127.432 -12.9205
      vertex -84.5 124.12 -13.0529
      vertex -84.5 127.418 -12.9211
    endloop
  endfacet
  facet normal 0.000182115 -0.0399737 0.999201
    outer loop
      vertex -85.1526 124.163 -13.0512
      vertex -84.7219 127.432 -12.9205
      vertex -84.94 127.476 -12.9187
    endloop
  endfacet
  facet normal -0.000174047 -0.0399214 0.999203
    outer loop
      vertex -85.7941 124.291 -13.0461
      vertex -84.94 127.476 -12.9187
      vertex -85.1506 127.547 -12.9159
    endloop
  endfacet
  facet normal -2.91606e-05 -0.0399459 0.999202
    outer loop
      vertex -84.7219 127.432 -12.9205
      vertex -85.1526 124.163 -13.0512
      vertex -84.5 124.12 -13.0529
    endloop
  endfacet
  facet normal -7.78997e-05 -0.0399227 0.999203
    outer loop
      vertex -86.4134 124.501 -13.0377
      vertex -85.1506 127.547 -12.9159
      vertex -85.35 127.645 -12.912
    endloop
  endfacet
  facet normal 0.000172697 -0.0400327 0.999198
    outer loop
      vertex -87 124.79 -13.0261
      vertex -85.35 127.645 -12.912
      vertex -85.5349 127.769 -12.907
    endloop
  endfacet
  facet normal -0.000135106 -0.0398492 0.999206
    outer loop
      vertex -87.5438 125.153 -13.0116
      vertex -85.5349 127.769 -12.907
      vertex -85.7021 127.915 -12.9012
    endloop
  endfacet
  facet normal -2.95698e-05 -0.0399601 0.999201
    outer loop
      vertex -84.94 127.476 -12.9187
      vertex -85.7941 124.291 -13.0461
      vertex -85.1526 124.163 -13.0512
    endloop
  endfacet
  facet normal 7.28153e-05 -0.0400237 0.999199
    outer loop
      vertex -88.0355 125.584 -12.9944
      vertex -85.7021 127.915 -12.9012
      vertex -85.8487 128.082 -12.8945
    endloop
  endfacet
  facet normal 2.01966e-05 -0.0399546 0.999201
    outer loop
      vertex -88.4668 126.075 -12.9747
      vertex -85.8487 128.082 -12.8945
      vertex -85.9722 128.267 -12.8871
    endloop
  endfacet
  facet normal 0.000106483 -0.040116 0.999195
    outer loop
      vertex -88.8301 126.618 -12.953
      vertex -85.9722 128.267 -12.8871
      vertex -86.0706 128.466 -12.8791
    endloop
  endfacet
  facet normal -8.59626e-05 -0.039808 0.999207
    outer loop
      vertex -89.1194 127.205 -12.9296
      vertex -86.0706 128.466 -12.8791
      vertex -86.1421 128.677 -12.8707
    endloop
  endfacet
  facet normal -5.46059e-06 -0.0398776 0.999205
    outer loop
      vertex -89.3296 127.823 -12.9048
      vertex -86.1421 128.677 -12.8707
      vertex -86.1855 128.895 -12.862
    endloop
  endfacet
  facet normal 3.901e-06 -0.0399566 0.999201
    outer loop
      vertex -85.1506 127.547 -12.9159
      vertex -86.4134 124.501 -13.0377
      vertex -85.7941 124.291 -13.0461
    endloop
  endfacet
  facet normal -1.15088e-05 -0.0397882 0.999208
    outer loop
      vertex -89.4572 128.464 -12.8792
      vertex -86.1855 128.895 -12.862
      vertex -86.2 129.116 -12.8532
    endloop
  endfacet
  facet normal 4.08328e-05 -0.0398852 0.999204
    outer loop
      vertex -88.8301 131.614 -12.7533
      vertex -85.9722 129.966 -12.8192
      vertex -88.4668 132.158 -12.7316
    endloop
  endfacet
  facet normal -5.44714e-06 -0.0399654 0.999201
    outer loop
      vertex -85.9722 129.966 -12.8192
      vertex -88.8301 131.614 -12.7533
      vertex -86.0706 129.766 -12.8272
    endloop
  endfacet
  facet normal 6.64557e-05 -0.0399714 0.999201
    outer loop
      vertex -85.35 127.645 -12.912
      vertex -87 124.79 -13.0261
      vertex -86.4134 124.501 -13.0377
    endloop
  endfacet
  facet normal 2.88844e-05 -0.0399142 0.999203
    outer loop
      vertex -89.1194 131.028 -12.7767
      vertex -86.0706 129.766 -12.8272
      vertex -88.8301 131.614 -12.7533
    endloop
  endfacet
  facet normal -1.75526e-05 -0.0399393 0.999202
    outer loop
      vertex -85.5349 127.769 -12.907
      vertex -87.5438 125.153 -13.0116
      vertex -87 124.79 -13.0261
    endloop
  endfacet
  facet normal 5.74504e-06 -0.03997 0.999201
    outer loop
      vertex -86.0706 129.766 -12.8272
      vertex -89.1194 131.028 -12.7767
      vertex -86.1421 129.556 -12.8356
    endloop
  endfacet
  facet normal -3.52903e-05 -0.0399156 0.999203
    outer loop
      vertex -85.7021 127.915 -12.9012
      vertex -88.0355 125.584 -12.9944
      vertex -87.5438 125.153 -13.0116
    endloop
  endfacet
  facet normal -2.15868e-05 -0.0400252 0.999199
    outer loop
      vertex -89.3296 130.409 -12.8015
      vertex -86.1421 129.556 -12.8356
      vertex -89.1194 131.028 -12.7767
    endloop
  endfacet
  facet normal 7.41814e-05 -0.0400249 0.999199
    outer loop
      vertex -85.8487 128.082 -12.8945
      vertex -88.4668 126.075 -12.9747
      vertex -88.0355 125.584 -12.9944
    endloop
  endfacet
  facet normal 1.73384e-05 -0.03988 0.999204
    outer loop
      vertex -86.1421 129.556 -12.8356
      vertex -89.3296 130.409 -12.8015
      vertex -86.1855 129.338 -12.8443
    endloop
  endfacet
  facet normal -1.85818e-07 -0.0399314 0.999202
    outer loop
      vertex -85.9722 128.267 -12.8871
      vertex -88.8301 126.618 -12.953
      vertex -88.4668 126.075 -12.9747
    endloop
  endfacet
  facet normal -1.19036e-05 -0.0399657 0.999201
    outer loop
      vertex -89.4572 129.769 -12.8271
      vertex -86.1855 129.338 -12.8443
      vertex -89.3296 130.409 -12.8015
    endloop
  endfacet
  facet normal -6.31213e-05 -0.0398631 0.999205
    outer loop
      vertex -86.0706 128.466 -12.8791
      vertex -89.1194 127.205 -12.9296
      vertex -88.8301 126.618 -12.953
    endloop
  endfacet
  facet normal -2.38694e-05 -0.0400564 0.999197
    outer loop
      vertex -86.1855 129.338 -12.8443
      vertex -89.4572 129.769 -12.8271
      vertex -86.2 129.116 -12.8532
    endloop
  endfacet
  facet normal 4.89979e-05 -0.0400805 0.999196
    outer loop
      vertex -86.1421 128.677 -12.8707
      vertex -89.3296 127.823 -12.9048
      vertex -89.1194 127.205 -12.9296
    endloop
  endfacet
  facet normal 0 -0.0399375 0.999202
    outer loop
      vertex -89.5 129.116 -12.8532
      vertex -86.2 129.116 -12.8532
      vertex -89.4572 129.769 -12.8271
    endloop
  endfacet
  facet normal 3.89996e-06 -0.039905 0.999203
    outer loop
      vertex -86.1855 128.895 -12.862
      vertex -89.4572 128.464 -12.8792
      vertex -89.3296 127.823 -12.9048
    endloop
  endfacet
  facet normal 0 -0.0398456 0.999206
    outer loop
      vertex -86.2 129.116 -12.8532
      vertex -89.5 129.116 -12.8532
      vertex -89.4572 128.464 -12.8792
    endloop
  endfacet
  facet normal 0.980785 -0.194935 -0.00779682
    outer loop
      vertex 89.4572 128.464 -12.8792
      vertex 89.3296 128.306 -24.9801
      vertex 89.4572 128.948 -24.9801
    endloop
  endfacet
  facet normal 0.980787 -0.194928 -0.00779692
    outer loop
      vertex 89.3296 128.306 -24.9801
      vertex 89.4572 128.464 -12.8792
      vertex 89.3296 127.823 -12.9048
    endloop
  endfacet
  facet normal 0.997855 -0.0654031 -0.00261571
    outer loop
      vertex 89.5 129.116 -12.8532
      vertex 89.4572 128.948 -24.9801
      vertex 89.5 129.601 -24.9801
    endloop
  endfacet
  facet normal 0.997856 -0.0653991 -0.00261577
    outer loop
      vertex 89.4572 128.948 -24.9801
      vertex 89.5 129.116 -12.8532
      vertex 89.4572 128.464 -12.8792
    endloop
  endfacet
  facet normal -0.5555 -0.830854 -0.0331828
    outer loop
      vertex 81.4562 125.631 -24.9801
      vertex 82 124.79 -13.0261
      vertex 81.4562 125.153 -13.0116
    endloop
  endfacet
  facet normal -0.554887 -0.831261 -0.0332393
    outer loop
      vertex 82 124.79 -13.0261
      vertex 81.4562 125.631 -24.9801
      vertex 82 125.268 -24.9801
    endloop
  endfacet
  facet normal -0.946974 0.321055 0.0128386
    outer loop
      vertex 79.6704 130.896 -24.9801
      vertex 79.8806 131.028 -12.7767
      vertex 79.8806 131.516 -24.9801
    endloop
  endfacet
  facet normal -0.946972 0.321058 0.0128385
    outer loop
      vertex 79.8806 131.028 -12.7767
      vertex 79.6704 130.896 -24.9801
      vertex 79.6704 130.409 -12.8015
    endloop
  endfacet
  facet normal 0.659732 -0.750903 -0.0299897
    outer loop
      vertex 88.0355 126.063 -24.9801
      vertex 87.5438 125.153 -13.0116
      vertex 87.5438 125.631 -24.9801
    endloop
  endfacet
  facet normal 0.659461 -0.751139 -0.0300187
    outer loop
      vertex 87.5438 125.153 -13.0116
      vertex 88.0355 126.063 -24.9801
      vertex 88.0355 125.584 -12.9944
    endloop
  endfacet
  facet normal 0.0642774 0.997138 0.0398049
    outer loop
      vertex 85.1526 134.562 -24.9801
      vertex 84.5 134.112 -12.6535
      vertex 85.1526 134.07 -12.6552
    endloop
  endfacet
  facet normal 0.0656954 0.997043 0.0398765
    outer loop
      vertex 84.5 134.112 -12.6535
      vertex 85.1526 134.562 -24.9801
      vertex 84.5 134.605 -24.9801
    endloop
  endfacet
  facet normal 0.946974 0.321055 0.0128386
    outer loop
      vertex 89.1194 131.028 -12.7767
      vertex 89.3296 130.896 -24.9801
      vertex 89.1194 131.516 -24.9801
    endloop
  endfacet
  facet normal 0.946972 0.321058 0.0128385
    outer loop
      vertex 89.3296 130.896 -24.9801
      vertex 89.1194 131.028 -12.7767
      vertex 89.3296 130.409 -12.8015
    endloop
  endfacet
  facet normal 0.997856 0.0654031 0.0026101
    outer loop
      vertex 89.4572 129.769 -12.8271
      vertex 89.5 129.601 -24.9801
      vertex 89.4572 130.254 -24.9801
    endloop
  endfacet
  facet normal 0.997862 0.0652992 0.00261156
    outer loop
      vertex 89.5 129.601 -24.9801
      vertex 89.4572 129.769 -12.8271
      vertex 89.5 129.116 -12.8532
    endloop
  endfacet
  facet normal 0 -0.0399375 0.999202
    outer loop
      vertex 86.2 129.116 -12.8532
      vertex 89.5 129.116 -12.8532
      vertex 89.4572 129.769 -12.8271
    endloop
  endfacet
  facet normal 1.19036e-05 -0.0399657 0.999201
    outer loop
      vertex 86.1855 129.338 -12.8443
      vertex 89.4572 129.769 -12.8271
      vertex 89.3296 130.409 -12.8015
    endloop
  endfacet
  facet normal 0 -0.0398456 0.999206
    outer loop
      vertex 89.5 129.116 -12.8532
      vertex 86.2 129.116 -12.8532
      vertex 89.4572 128.464 -12.8792
    endloop
  endfacet
  facet normal 2.15868e-05 -0.0400252 0.999199
    outer loop
      vertex 86.1421 129.556 -12.8356
      vertex 89.3296 130.409 -12.8015
      vertex 89.1194 131.028 -12.7767
    endloop
  endfacet
  facet normal 1.15088e-05 -0.0397882 0.999208
    outer loop
      vertex 86.1855 128.895 -12.862
      vertex 89.4572 128.464 -12.8792
      vertex 86.2 129.116 -12.8532
    endloop
  endfacet
  facet normal -2.88844e-05 -0.0399142 0.999203
    outer loop
      vertex 86.0706 129.766 -12.8272
      vertex 89.1194 131.028 -12.7767
      vertex 88.8301 131.614 -12.7533
    endloop
  endfacet
  facet normal -3.89996e-06 -0.039905 0.999203
    outer loop
      vertex 89.4572 128.464 -12.8792
      vertex 86.1855 128.895 -12.862
      vertex 89.3296 127.823 -12.9048
    endloop
  endfacet
  facet normal -4.08328e-05 -0.0398852 0.999204
    outer loop
      vertex 85.9722 129.966 -12.8192
      vertex 88.8301 131.614 -12.7533
      vertex 88.4668 132.158 -12.7316
    endloop
  endfacet
  facet normal 5.46059e-06 -0.0398776 0.999205
    outer loop
      vertex 86.1421 128.677 -12.8707
      vertex 89.3296 127.823 -12.9048
      vertex 86.1855 128.895 -12.862
    endloop
  endfacet
  facet normal 8.33154e-05 -0.0400169 0.999199
    outer loop
      vertex 85.8487 130.15 -12.8118
      vertex 88.4668 132.158 -12.7316
      vertex 88.0355 132.649 -12.7119
    endloop
  endfacet
  facet normal -4.89979e-05 -0.0400805 0.999196
    outer loop
      vertex 89.3296 127.823 -12.9048
      vertex 86.1421 128.677 -12.8707
      vertex 89.1194 127.205 -12.9296
    endloop
  endfacet
  facet normal -3.52903e-05 -0.0399156 0.999203
    outer loop
      vertex 85.7021 130.318 -12.8051
      vertex 88.0355 132.649 -12.7119
      vertex 87.5438 133.08 -12.6947
    endloop
  endfacet
  facet normal 8.59626e-05 -0.039808 0.999207
    outer loop
      vertex 86.0706 128.466 -12.8791
      vertex 89.1194 127.205 -12.9296
      vertex 86.1421 128.677 -12.8707
    endloop
  endfacet
  facet normal -1.75526e-05 -0.0399393 0.999202
    outer loop
      vertex 85.5349 130.464 -12.7993
      vertex 87.5438 133.08 -12.6947
      vertex 87 133.443 -12.6802
    endloop
  endfacet
  facet normal 6.31213e-05 -0.0398631 0.999205
    outer loop
      vertex 89.1194 127.205 -12.9296
      vertex 86.0706 128.466 -12.8791
      vertex 88.8301 126.618 -12.953
    endloop
  endfacet
  facet normal -7.41911e-05 -0.0399113 0.999203
    outer loop
      vertex 85.35 130.587 -12.7944
      vertex 87 133.443 -12.6802
      vertex 86.4134 133.732 -12.6687
    endloop
  endfacet
  facet normal -0.000106483 -0.040116 0.999195
    outer loop
      vertex 85.9722 128.267 -12.8871
      vertex 88.8301 126.618 -12.953
      vertex 86.0706 128.466 -12.8791
    endloop
  endfacet
  facet normal 1.85818e-07 -0.0399314 0.999202
    outer loop
      vertex 88.8301 126.618 -12.953
      vertex 85.9722 128.267 -12.8871
      vertex 88.4668 126.075 -12.9747
    endloop
  endfacet
  facet normal 2.38694e-05 -0.0400564 0.999197
    outer loop
      vertex 89.4572 129.769 -12.8271
      vertex 86.1855 129.338 -12.8443
      vertex 86.2 129.116 -12.8532
    endloop
  endfacet
  facet normal -1.73384e-05 -0.03988 0.999204
    outer loop
      vertex 89.3296 130.409 -12.8015
      vertex 86.1421 129.556 -12.8356
      vertex 86.1855 129.338 -12.8443
    endloop
  endfacet
  facet normal -5.74504e-06 -0.03997 0.999201
    outer loop
      vertex 89.1194 131.028 -12.7767
      vertex 86.0706 129.766 -12.8272
      vertex 86.1421 129.556 -12.8356
    endloop
  endfacet
  facet normal 5.44714e-06 -0.0399654 0.999201
    outer loop
      vertex 88.8301 131.614 -12.7533
      vertex 85.9722 129.966 -12.8192
      vertex 86.0706 129.766 -12.8272
    endloop
  endfacet
  facet normal 0.000140215 -0.0400909 0.999196
    outer loop
      vertex 88.4668 132.158 -12.7316
      vertex 85.8487 130.15 -12.8118
      vertex 85.9722 129.966 -12.8192
    endloop
  endfacet
  facet normal 1.36535e-05 -0.0399278 0.999203
    outer loop
      vertex 85.1506 130.686 -12.7904
      vertex 86.4134 133.732 -12.6687
      vertex 85.7941 133.942 -12.6603
    endloop
  endfacet
  facet normal -5.4336e-05 -0.0398966 0.999204
    outer loop
      vertex 88.0355 132.649 -12.7119
      vertex 85.7021 130.318 -12.8051
      vertex 85.8487 130.15 -12.8118
    endloop
  endfacet
  facet normal -0.000135106 -0.0398492 0.999206
    outer loop
      vertex 87.5438 133.08 -12.6947
      vertex 85.5349 130.464 -12.7993
      vertex 85.7021 130.318 -12.8051
    endloop
  endfacet
  facet normal -7.13497e-05 -0.0399129 0.999203
    outer loop
      vertex 87 133.443 -12.6802
      vertex 85.35 130.587 -12.7944
      vertex 85.5349 130.464 -12.7993
    endloop
  endfacet
  facet normal -2.3628e-05 -0.0399304 0.999202
    outer loop
      vertex 84.94 130.757 -12.7876
      vertex 85.7941 133.942 -12.6603
      vertex 85.1526 134.07 -12.6552
    endloop
  endfacet
  facet normal 0.000185136 -0.0399988 0.9992
    outer loop
      vertex 86.4134 133.732 -12.6687
      vertex 85.1506 130.686 -12.7904
      vertex 85.35 130.587 -12.7944
    endloop
  endfacet
  facet normal -0.000164348 -0.0398927 0.999204
    outer loop
      vertex 85.7941 133.942 -12.6603
      vertex 84.94 130.757 -12.7876
      vertex 85.1506 130.686 -12.7904
    endloop
  endfacet
  facet normal 0.000188122 -0.039944 0.999202
    outer loop
      vertex 85.1526 134.07 -12.6552
      vertex 84.7219 130.801 -12.7858
      vertex 84.94 130.757 -12.7876
    endloop
  endfacet
  facet normal 3.34857e-05 -0.0399236 0.999203
    outer loop
      vertex 84.5 134.112 -12.6535
      vertex 84.7219 130.801 -12.7858
      vertex 85.1526 134.07 -12.6552
    endloop
  endfacet
  facet normal -0.000268647 -0.0399438 0.999202
    outer loop
      vertex 84.5 134.112 -12.6535
      vertex 84.5 130.815 -12.7853
      vertex 84.7219 130.801 -12.7858
    endloop
  endfacet
  facet normal 0.000268647 -0.0399438 0.999202
    outer loop
      vertex 84.5 134.112 -12.6535
      vertex 84.2781 130.801 -12.7858
      vertex 84.5 130.815 -12.7853
    endloop
  endfacet
  facet normal -3.34857e-05 -0.0399236 0.999203
    outer loop
      vertex 83.8474 134.07 -12.6552
      vertex 84.2781 130.801 -12.7858
      vertex 84.5 134.112 -12.6535
    endloop
  endfacet
  facet normal -0.000188122 -0.039944 0.999202
    outer loop
      vertex 84.2781 130.801 -12.7858
      vertex 83.8474 134.07 -12.6552
      vertex 84.06 130.757 -12.7876
    endloop
  endfacet
  facet normal 2.3628e-05 -0.0399304 0.999202
    outer loop
      vertex 83.2059 133.942 -12.6603
      vertex 84.06 130.757 -12.7876
      vertex 83.8474 134.07 -12.6552
    endloop
  endfacet
  facet normal 0.000164348 -0.0398927 0.999204
    outer loop
      vertex 84.06 130.757 -12.7876
      vertex 83.2059 133.942 -12.6603
      vertex 83.8494 130.686 -12.7904
    endloop
  endfacet
  facet normal -1.36535e-05 -0.0399278 0.999203
    outer loop
      vertex 82.5866 133.732 -12.6687
      vertex 83.8494 130.686 -12.7904
      vertex 83.2059 133.942 -12.6603
    endloop
  endfacet
  facet normal -0.000185136 -0.0399988 0.9992
    outer loop
      vertex 83.8494 130.686 -12.7904
      vertex 82.5866 133.732 -12.6687
      vertex 83.65 130.587 -12.7944
    endloop
  endfacet
  facet normal 7.41911e-05 -0.0399113 0.999203
    outer loop
      vertex 82 133.443 -12.6802
      vertex 83.65 130.587 -12.7944
      vertex 82.5866 133.732 -12.6687
    endloop
  endfacet
  facet normal 7.13497e-05 -0.0399129 0.999203
    outer loop
      vertex 83.65 130.587 -12.7944
      vertex 82 133.443 -12.6802
      vertex 83.4651 130.464 -12.7993
    endloop
  endfacet
  facet normal 1.75526e-05 -0.0399393 0.999202
    outer loop
      vertex 81.4562 133.08 -12.6947
      vertex 83.4651 130.464 -12.7993
      vertex 82 133.443 -12.6802
    endloop
  endfacet
  facet normal 0.000135106 -0.0398492 0.999206
    outer loop
      vertex 83.4651 130.464 -12.7993
      vertex 81.4562 133.08 -12.6947
      vertex 83.2979 130.318 -12.8051
    endloop
  endfacet
  facet normal 3.52903e-05 -0.0399156 0.999203
    outer loop
      vertex 80.9645 132.649 -12.7119
      vertex 83.2979 130.318 -12.8051
      vertex 81.4562 133.08 -12.6947
    endloop
  endfacet
  facet normal 5.4336e-05 -0.0398966 0.999204
    outer loop
      vertex 83.2979 130.318 -12.8051
      vertex 80.9645 132.649 -12.7119
      vertex 83.1513 130.15 -12.8118
    endloop
  endfacet
  facet normal -0.000140215 -0.0400909 0.999196
    outer loop
      vertex 83.1513 130.15 -12.8118
      vertex 80.5332 132.158 -12.7316
      vertex 83.0278 129.966 -12.8192
    endloop
  endfacet
  facet normal -8.33154e-05 -0.0400169 0.999199
    outer loop
      vertex 80.5332 132.158 -12.7316
      vertex 83.1513 130.15 -12.8118
      vertex 80.9645 132.649 -12.7119
    endloop
  endfacet
  facet normal -2.01966e-05 -0.0399546 0.999201
    outer loop
      vertex 85.8487 128.082 -12.8945
      vertex 88.4668 126.075 -12.9747
      vertex 85.9722 128.267 -12.8871
    endloop
  endfacet
  facet normal -7.41814e-05 -0.0400249 0.999199
    outer loop
      vertex 88.4668 126.075 -12.9747
      vertex 85.8487 128.082 -12.8945
      vertex 88.0355 125.584 -12.9944
    endloop
  endfacet
  facet normal -7.28153e-05 -0.0400237 0.999199
    outer loop
      vertex 85.7021 127.915 -12.9012
      vertex 88.0355 125.584 -12.9944
      vertex 85.8487 128.082 -12.8945
    endloop
  endfacet
  facet normal 3.52903e-05 -0.0399156 0.999203
    outer loop
      vertex 88.0355 125.584 -12.9944
      vertex 85.7021 127.915 -12.9012
      vertex 87.5438 125.153 -13.0116
    endloop
  endfacet
  facet normal 0.000135106 -0.0398492 0.999206
    outer loop
      vertex 85.5349 127.769 -12.907
      vertex 87.5438 125.153 -13.0116
      vertex 85.7021 127.915 -12.9012
    endloop
  endfacet
  facet normal 1.75526e-05 -0.0399393 0.999202
    outer loop
      vertex 87.5438 125.153 -13.0116
      vertex 85.5349 127.769 -12.907
      vertex 87 124.79 -13.0261
    endloop
  endfacet
  facet normal -0.000172697 -0.0400327 0.999198
    outer loop
      vertex 85.35 127.645 -12.912
      vertex 87 124.79 -13.0261
      vertex 85.5349 127.769 -12.907
    endloop
  endfacet
  facet normal -6.64557e-05 -0.0399714 0.999201
    outer loop
      vertex 87 124.79 -13.0261
      vertex 85.35 127.645 -12.912
      vertex 86.4134 124.501 -13.0377
    endloop
  endfacet
  facet normal 7.78997e-05 -0.0399227 0.999203
    outer loop
      vertex 85.1506 127.547 -12.9159
      vertex 86.4134 124.501 -13.0377
      vertex 85.35 127.645 -12.912
    endloop
  endfacet
  facet normal -3.901e-06 -0.0399566 0.999201
    outer loop
      vertex 86.4134 124.501 -13.0377
      vertex 85.1506 127.547 -12.9159
      vertex 85.7941 124.291 -13.0461
    endloop
  endfacet
  facet normal 0.000174047 -0.0399214 0.999203
    outer loop
      vertex 84.94 127.476 -12.9187
      vertex 85.7941 124.291 -13.0461
      vertex 85.1506 127.547 -12.9159
    endloop
  endfacet
  facet normal 2.95698e-05 -0.0399601 0.999201
    outer loop
      vertex 85.7941 124.291 -13.0461
      vertex 84.94 127.476 -12.9187
      vertex 85.1526 124.163 -13.0512
    endloop
  endfacet
  facet normal -0.000182115 -0.0399737 0.999201
    outer loop
      vertex 84.7219 127.432 -12.9205
      vertex 85.1526 124.163 -13.0512
      vertex 84.94 127.476 -12.9187
    endloop
  endfacet
  facet normal -0.00017978 -0.0399734 0.999201
    outer loop
      vertex 84.5 127.418 -12.9211
      vertex 85.1526 124.163 -13.0512
      vertex 84.7219 127.432 -12.9205
    endloop
  endfacet
  facet normal 2.82266e-05 -0.0399317 0.999202
    outer loop
      vertex 84.5 127.418 -12.9211
      vertex 84.5 124.12 -13.0529
      vertex 85.1526 124.163 -13.0512
    endloop
  endfacet
  facet normal 0.000182411 -0.0399317 0.999202
    outer loop
      vertex 84.2781 127.432 -12.9205
      vertex 84.5 124.12 -13.0529
      vertex 84.5 127.418 -12.9211
    endloop
  endfacet
  facet normal 0.000182115 -0.0399737 0.999201
    outer loop
      vertex 83.8474 124.163 -13.0512
      vertex 84.2781 127.432 -12.9205
      vertex 84.06 127.476 -12.9187
    endloop
  endfacet
  facet normal -0.000174047 -0.0399214 0.999203
    outer loop
      vertex 83.2059 124.291 -13.0461
      vertex 84.06 127.476 -12.9187
      vertex 83.8494 127.547 -12.9159
    endloop
  endfacet
  facet normal -2.91606e-05 -0.0399459 0.999202
    outer loop
      vertex 84.2781 127.432 -12.9205
      vertex 83.8474 124.163 -13.0512
      vertex 84.5 124.12 -13.0529
    endloop
  endfacet
  facet normal -7.78997e-05 -0.0399227 0.999203
    outer loop
      vertex 82.5866 124.501 -13.0377
      vertex 83.8494 127.547 -12.9159
      vertex 83.65 127.645 -12.912
    endloop
  endfacet
  facet normal 0.000172697 -0.0400327 0.999198
    outer loop
      vertex 82 124.79 -13.0261
      vertex 83.65 127.645 -12.912
      vertex 83.4651 127.769 -12.907
    endloop
  endfacet
  facet normal -0.000135106 -0.0398492 0.999206
    outer loop
      vertex 81.4562 125.153 -13.0116
      vertex 83.4651 127.769 -12.907
      vertex 83.2979 127.915 -12.9012
    endloop
  endfacet
  facet normal -2.95698e-05 -0.0399601 0.999201
    outer loop
      vertex 84.06 127.476 -12.9187
      vertex 83.2059 124.291 -13.0461
      vertex 83.8474 124.163 -13.0512
    endloop
  endfacet
  facet normal 7.28153e-05 -0.0400237 0.999199
    outer loop
      vertex 80.9645 125.584 -12.9944
      vertex 83.2979 127.915 -12.9012
      vertex 83.1513 128.082 -12.8945
    endloop
  endfacet
  facet normal 2.01966e-05 -0.0399546 0.999201
    outer loop
      vertex 80.5332 126.075 -12.9747
      vertex 83.1513 128.082 -12.8945
      vertex 83.0278 128.267 -12.8871
    endloop
  endfacet
  facet normal 0.000106483 -0.040116 0.999195
    outer loop
      vertex 80.1699 126.618 -12.953
      vertex 83.0278 128.267 -12.8871
      vertex 82.9294 128.466 -12.8791
    endloop
  endfacet
  facet normal -8.59626e-05 -0.039808 0.999207
    outer loop
      vertex 79.8806 127.205 -12.9296
      vertex 82.9294 128.466 -12.8791
      vertex 82.8579 128.677 -12.8707
    endloop
  endfacet
  facet normal -5.46059e-06 -0.0398776 0.999205
    outer loop
      vertex 79.6704 127.823 -12.9048
      vertex 82.8579 128.677 -12.8707
      vertex 82.8145 128.895 -12.862
    endloop
  endfacet
  facet normal 3.901e-06 -0.0399566 0.999201
    outer loop
      vertex 83.8494 127.547 -12.9159
      vertex 82.5866 124.501 -13.0377
      vertex 83.2059 124.291 -13.0461
    endloop
  endfacet
  facet normal -1.15088e-05 -0.0397882 0.999208
    outer loop
      vertex 79.5428 128.464 -12.8792
      vertex 82.8145 128.895 -12.862
      vertex 82.8 129.116 -12.8532
    endloop
  endfacet
  facet normal 4.08328e-05 -0.0398852 0.999204
    outer loop
      vertex 80.1699 131.614 -12.7533
      vertex 83.0278 129.966 -12.8192
      vertex 80.5332 132.158 -12.7316
    endloop
  endfacet
  facet normal -5.44714e-06 -0.0399654 0.999201
    outer loop
      vertex 83.0278 129.966 -12.8192
      vertex 80.1699 131.614 -12.7533
      vertex 82.9294 129.766 -12.8272
    endloop
  endfacet
  facet normal 6.64557e-05 -0.0399714 0.999201
    outer loop
      vertex 83.65 127.645 -12.912
      vertex 82 124.79 -13.0261
      vertex 82.5866 124.501 -13.0377
    endloop
  endfacet
  facet normal 2.88844e-05 -0.0399142 0.999203
    outer loop
      vertex 79.8806 131.028 -12.7767
      vertex 82.9294 129.766 -12.8272
      vertex 80.1699 131.614 -12.7533
    endloop
  endfacet
  facet normal -1.75526e-05 -0.0399393 0.999202
    outer loop
      vertex 83.4651 127.769 -12.907
      vertex 81.4562 125.153 -13.0116
      vertex 82 124.79 -13.0261
    endloop
  endfacet
  facet normal 5.74504e-06 -0.03997 0.999201
    outer loop
      vertex 82.9294 129.766 -12.8272
      vertex 79.8806 131.028 -12.7767
      vertex 82.8579 129.556 -12.8356
    endloop
  endfacet
  facet normal -3.52903e-05 -0.0399156 0.999203
    outer loop
      vertex 83.2979 127.915 -12.9012
      vertex 80.9645 125.584 -12.9944
      vertex 81.4562 125.153 -13.0116
    endloop
  endfacet
  facet normal -2.15868e-05 -0.0400252 0.999199
    outer loop
      vertex 79.6704 130.409 -12.8015
      vertex 82.8579 129.556 -12.8356
      vertex 79.8806 131.028 -12.7767
    endloop
  endfacet
  facet normal 7.41814e-05 -0.0400249 0.999199
    outer loop
      vertex 83.1513 128.082 -12.8945
      vertex 80.5332 126.075 -12.9747
      vertex 80.9645 125.584 -12.9944
    endloop
  endfacet
  facet normal 1.73384e-05 -0.03988 0.999204
    outer loop
      vertex 82.8579 129.556 -12.8356
      vertex 79.6704 130.409 -12.8015
      vertex 82.8145 129.338 -12.8443
    endloop
  endfacet
  facet normal -1.85818e-07 -0.0399314 0.999202
    outer loop
      vertex 83.0278 128.267 -12.8871
      vertex 80.1699 126.618 -12.953
      vertex 80.5332 126.075 -12.9747
    endloop
  endfacet
  facet normal -1.19036e-05 -0.0399657 0.999201
    outer loop
      vertex 79.5428 129.769 -12.8271
      vertex 82.8145 129.338 -12.8443
      vertex 79.6704 130.409 -12.8015
    endloop
  endfacet
  facet normal -6.31213e-05 -0.0398631 0.999205
    outer loop
      vertex 82.9294 128.466 -12.8791
      vertex 79.8806 127.205 -12.9296
      vertex 80.1699 126.618 -12.953
    endloop
  endfacet
  facet normal -2.38694e-05 -0.0400564 0.999197
    outer loop
      vertex 82.8145 129.338 -12.8443
      vertex 79.5428 129.769 -12.8271
      vertex 82.8 129.116 -12.8532
    endloop
  endfacet
  facet normal 4.89979e-05 -0.0400805 0.999196
    outer loop
      vertex 82.8579 128.677 -12.8707
      vertex 79.6704 127.823 -12.9048
      vertex 79.8806 127.205 -12.9296
    endloop
  endfacet
  facet normal 0 -0.0399375 0.999202
    outer loop
      vertex 79.5 129.116 -12.8532
      vertex 82.8 129.116 -12.8532
      vertex 79.5428 129.769 -12.8271
    endloop
  endfacet
  facet normal 3.89996e-06 -0.039905 0.999203
    outer loop
      vertex 82.8145 128.895 -12.862
      vertex 79.5428 128.464 -12.8792
      vertex 79.6704 127.823 -12.9048
    endloop
  endfacet
  facet normal 0 -0.0398456 0.999206
    outer loop
      vertex 82.8 129.116 -12.8532
      vertex 79.5 129.116 -12.8532
      vertex 79.5428 128.464 -12.8792
    endloop
  endfacet
  facet normal 0.555944 0.830556 0.0331941
    outer loop
      vertex 87 133.935 -24.9801
      vertex 87.5438 133.08 -12.6947
      vertex 87.5438 133.571 -24.9801
    endloop
  endfacet
  facet normal 0.5555 0.830852 0.0332343
    outer loop
      vertex 87.5438 133.08 -12.6947
      vertex 87 133.935 -24.9801
      vertex 87 133.443 -12.6802
    endloop
  endfacet
  facet normal -0.442227 0.896188 0.0358143
    outer loop
      vertex 82.5866 134.224 -24.9801
      vertex 82 133.443 -12.6802
      vertex 82.5866 133.732 -12.6687
    endloop
  endfacet
  facet normal -0.441661 0.896465 0.0358589
    outer loop
      vertex 82 133.443 -12.6802
      vertex 82.5866 134.224 -24.9801
      vertex 82 133.935 -24.9801
    endloop
  endfacet
  facet normal 0.658866 0.751658 0.030083
    outer loop
      vertex 87.5438 133.571 -24.9801
      vertex 88.0355 132.649 -12.7119
      vertex 88.0355 133.14 -24.9801
    endloop
  endfacet
  facet normal 0.659461 0.751139 0.0300201
    outer loop
      vertex 88.0355 132.649 -12.7119
      vertex 87.5438 133.571 -24.9801
      vertex 87.5438 133.08 -12.6947
    endloop
  endfacet
  facet normal -0.896839 0.442003 0.0176775
    outer loop
      vertex 79.8806 131.516 -24.9801
      vertex 80.1699 131.614 -12.7533
      vertex 80.1699 132.103 -24.9801
    endloop
  endfacet
  facet normal -0.89682 0.442042 0.0176767
    outer loop
      vertex 80.1699 131.614 -12.7533
      vertex 79.8806 131.516 -24.9801
      vertex 79.8806 131.028 -12.7767
    endloop
  endfacet
  facet normal 0.896839 0.442003 0.0176775
    outer loop
      vertex 88.8301 131.614 -12.7533
      vertex 89.1194 131.516 -24.9801
      vertex 88.8301 132.103 -24.9801
    endloop
  endfacet
  facet normal 0.89682 0.442042 0.0176767
    outer loop
      vertex 89.1194 131.516 -24.9801
      vertex 88.8301 131.614 -12.7533
      vertex 89.1194 131.028 -12.7767
    endloop
  endfacet
  facet normal 0.441661 0.896465 0.0358589
    outer loop
      vertex 86.4134 134.224 -24.9801
      vertex 87 133.443 -12.6802
      vertex 87 133.935 -24.9801
    endloop
  endfacet
  facet normal 0.442227 0.896188 0.0358143
    outer loop
      vertex 87 133.443 -12.6802
      vertex 86.4134 134.224 -24.9801
      vertex 86.4134 133.732 -12.6687
    endloop
  endfacet
  facet normal 0.320902 -0.946357 -0.0378257
    outer loop
      vertex 86.4134 124.978 -24.9801
      vertex 85.7941 124.291 -13.0461
      vertex 85.7941 124.768 -24.9801
    endloop
  endfacet
  facet normal 0.321363 -0.946202 -0.0377929
    outer loop
      vertex 85.7941 124.291 -13.0461
      vertex 86.4134 124.978 -24.9801
      vertex 86.4134 124.501 -13.0377
    endloop
  endfacet
  facet normal 0.89684 -0.442003 -0.0176427
    outer loop
      vertex 89.1194 127.205 -12.9296
      vertex 88.8301 127.099 -24.9801
      vertex 89.1194 127.686 -24.9801
    endloop
  endfacet
  facet normal 0.897119 -0.441437 -0.0176544
    outer loop
      vertex 88.8301 127.099 -24.9801
      vertex 89.1194 127.205 -12.9296
      vertex 88.8301 126.618 -12.953
    endloop
  endfacet
  facet normal -0.980785 -0.194935 -0.00779682
    outer loop
      vertex 79.6704 128.306 -24.9801
      vertex 79.5428 128.464 -12.8792
      vertex 79.5428 128.948 -24.9801
    endloop
  endfacet
  facet normal -0.980787 -0.194928 -0.00779692
    outer loop
      vertex 79.5428 128.464 -12.8792
      vertex 79.6704 128.306 -24.9801
      vertex 79.6704 127.823 -12.9048
    endloop
  endfacet
  facet normal 0.322272 0.945892 0.0378006
    outer loop
      vertex 85.7941 134.435 -24.9801
      vertex 86.4134 133.732 -12.6687
      vertex 86.4134 134.224 -24.9801
    endloop
  endfacet
  facet normal 0.321363 0.946199 0.0378639
    outer loop
      vertex 86.4134 133.732 -12.6687
      vertex 85.7941 134.435 -24.9801
      vertex 85.7941 133.942 -12.6603
    endloop
  endfacet
  facet normal -0.752372 0.658211 0.026343
    outer loop
      vertex 80.5332 132.647 -24.9801
      vertex 80.9645 132.649 -12.7119
      vertex 80.9645 133.14 -24.9801
    endloop
  endfacet
  facet normal -0.751568 0.65913 0.0263146
    outer loop
      vertex 80.9645 132.649 -12.7119
      vertex 80.5332 132.647 -24.9801
      vertex 80.5332 132.158 -12.7316
    endloop
  endfacet
  facet normal -0.751709 -0.658968 -0.0263469
    outer loop
      vertex 80.9645 126.063 -24.9801
      vertex 80.5332 126.075 -12.9747
      vertex 80.5332 126.555 -24.9801
    endloop
  endfacet
  facet normal -0.751568 -0.659129 -0.0263416
    outer loop
      vertex 80.5332 126.075 -12.9747
      vertex 80.9645 126.063 -24.9801
      vertex 80.9645 125.584 -12.9944
    endloop
  endfacet
  facet normal -0.0657988 -0.997036 -0.0398684
    outer loop
      vertex 83.8474 124.64 -24.9801
      vertex 84.5 124.12 -13.0529
      vertex 83.8474 124.163 -13.0512
    endloop
  endfacet
  facet normal -0.0656954 -0.997043 -0.0398744
    outer loop
      vertex 84.5 124.12 -13.0529
      vertex 83.8474 124.64 -24.9801
      vertex 84.5 124.597 -24.9801
    endloop
  endfacet
  facet normal -0.195824 0.979859 0.0391152
    outer loop
      vertex 83.8474 134.562 -24.9801
      vertex 83.2059 133.942 -12.6603
      vertex 83.8474 134.07 -12.6552
    endloop
  endfacet
  facet normal -0.194055 0.980206 0.0392248
    outer loop
      vertex 83.2059 133.942 -12.6603
      vertex 83.8474 134.562 -24.9801
      vertex 83.2059 134.435 -24.9801
    endloop
  endfacet
  facet normal 0.752372 0.658211 0.026343
    outer loop
      vertex 88.0355 132.649 -12.7119
      vertex 88.4668 132.647 -24.9801
      vertex 88.0355 133.14 -24.9801
    endloop
  endfacet
  facet normal 0.751568 0.65913 0.0263146
    outer loop
      vertex 88.4668 132.647 -24.9801
      vertex 88.0355 132.649 -12.7119
      vertex 88.4668 132.158 -12.7316
    endloop
  endfacet
  facet normal 0.831398 -0.555233 -0.0222055
    outer loop
      vertex 88.8301 126.618 -12.953
      vertex 88.4668 126.555 -24.9801
      vertex 88.8301 127.099 -24.9801
    endloop
  endfacet
  facet normal 0.831336 -0.555327 -0.0222031
    outer loop
      vertex 88.4668 126.555 -24.9801
      vertex 88.8301 126.618 -12.953
      vertex 88.4668 126.075 -12.9747
    endloop
  endfacet
  facet normal -0.659461 0.751139 0.0300201
    outer loop
      vertex 81.4562 133.571 -24.9801
      vertex 80.9645 132.649 -12.7119
      vertex 81.4562 133.08 -12.6947
    endloop
  endfacet
  facet normal -0.658866 0.751658 0.030083
    outer loop
      vertex 80.9645 132.649 -12.7119
      vertex 81.4562 133.571 -24.9801
      vertex 80.9645 133.14 -24.9801
    endloop
  endfacet
  facet normal -0.0642774 0.997135 0.0398802
    outer loop
      vertex 84.5 134.605 -24.9801
      vertex 83.8474 134.07 -12.6552
      vertex 84.5 134.112 -12.6535
    endloop
  endfacet
  facet normal -0.0656956 0.997046 0.0398013
    outer loop
      vertex 83.8474 134.07 -12.6552
      vertex 84.5 134.605 -24.9801
      vertex 83.8474 134.562 -24.9801
    endloop
  endfacet
  facet normal 0.831399 0.555234 0.0221667
    outer loop
      vertex 88.4668 132.158 -12.7316
      vertex 88.8301 132.103 -24.9801
      vertex 88.4668 132.647 -24.9801
    endloop
  endfacet
  facet normal 0.831807 0.554622 0.0221816
    outer loop
      vertex 88.8301 132.103 -24.9801
      vertex 88.4668 132.158 -12.7316
      vertex 88.8301 131.614 -12.7533
    endloop
  endfacet
  facet normal -0.89684 -0.442003 -0.0176427
    outer loop
      vertex 80.1699 127.099 -24.9801
      vertex 79.8806 127.205 -12.9296
      vertex 79.8806 127.686 -24.9801
    endloop
  endfacet
  facet normal -0.897119 -0.441437 -0.0176544
    outer loop
      vertex 79.8806 127.205 -12.9296
      vertex 80.1699 127.099 -24.9801
      vertex 80.1699 126.618 -12.953
    endloop
  endfacet
  facet normal 0.554887 -0.831261 -0.0332393
    outer loop
      vertex 87.5438 125.631 -24.9801
      vertex 87 124.79 -13.0261
      vertex 87 125.268 -24.9801
    endloop
  endfacet
  facet normal 0.5555 -0.830854 -0.0331828
    outer loop
      vertex 87 124.79 -13.0261
      vertex 87.5438 125.631 -24.9801
      vertex 87.5438 125.153 -13.0116
    endloop
  endfacet
  facet normal 0.980785 0.194935 0.00779509
    outer loop
      vertex 89.3296 130.409 -12.8015
      vertex 89.4572 130.254 -24.9801
      vertex 89.3296 130.896 -24.9801
    endloop
  endfacet
  facet normal 0.980728 0.195221 0.00779085
    outer loop
      vertex 89.4572 130.254 -24.9801
      vertex 89.3296 130.409 -12.8015
      vertex 89.4572 129.769 -12.8271
    endloop
  endfacet
  facet normal -0.946974 -0.321055 -0.0128419
    outer loop
      vertex 79.8806 127.686 -24.9801
      vertex 79.6704 127.823 -12.9048
      vertex 79.6704 128.306 -24.9801
    endloop
  endfacet
  facet normal -0.946814 -0.321524 -0.0128338
    outer loop
      vertex 79.6704 127.823 -12.9048
      vertex 79.8806 127.686 -24.9801
      vertex 79.8806 127.205 -12.9296
    endloop
  endfacet
  facet normal -0.997856 0.0654031 0.0026101
    outer loop
      vertex 79.5 129.601 -24.9801
      vertex 79.5428 129.769 -12.8271
      vertex 79.5428 130.254 -24.9801
    endloop
  endfacet
  facet normal -0.997862 0.0652992 0.00261156
    outer loop
      vertex 79.5428 129.769 -12.8271
      vertex 79.5 129.601 -24.9801
      vertex 79.5 129.116 -12.8532
    endloop
  endfacet
  facet normal 0.442891 -0.895861 -0.0357822
    outer loop
      vertex 87 125.268 -24.9801
      vertex 86.4134 124.501 -13.0377
      vertex 86.4134 124.978 -24.9801
    endloop
  endfacet
  facet normal 0.442232 -0.896185 -0.0358354
    outer loop
      vertex 86.4134 124.501 -13.0377
      vertex 87 125.268 -24.9801
      vertex 87 124.79 -13.0261
    endloop
  endfacet
  facet normal -0.195824 -0.979857 -0.0391647
    outer loop
      vertex 83.2059 124.768 -24.9801
      vertex 83.8474 124.163 -13.0512
      vertex 83.2059 124.291 -13.0461
    endloop
  endfacet
  facet normal -0.195525 -0.979916 -0.0391838
    outer loop
      vertex 83.8474 124.163 -13.0512
      vertex 83.2059 124.768 -24.9801
      vertex 83.8474 124.64 -24.9801
    endloop
  endfacet
  facet normal 0.195824 0.979855 0.0392107
    outer loop
      vertex 85.7941 134.435 -24.9801
      vertex 85.1526 134.07 -12.6552
      vertex 85.7941 133.942 -12.6603
    endloop
  endfacet
  facet normal 0.194056 0.98021 0.0391292
    outer loop
      vertex 85.1526 134.07 -12.6552
      vertex 85.7941 134.435 -24.9801
      vertex 85.1526 134.562 -24.9801
    endloop
  endfacet
  facet normal 0.0657988 -0.997036 -0.0398741
    outer loop
      vertex 84.5 124.597 -24.9801
      vertex 85.1526 124.163 -13.0512
      vertex 84.5 124.12 -13.0529
    endloop
  endfacet
  facet normal 0.0656954 -0.997043 -0.0398687
    outer loop
      vertex 85.1526 124.163 -13.0512
      vertex 84.5 124.597 -24.9801
      vertex 85.1526 124.64 -24.9801
    endloop
  endfacet
  facet normal 0.195824 -0.979856 -0.0391814
    outer loop
      vertex 85.1526 124.64 -24.9801
      vertex 85.7941 124.291 -13.0461
      vertex 85.1526 124.163 -13.0512
    endloop
  endfacet
  facet normal 0.195525 -0.979916 -0.0391671
    outer loop
      vertex 85.7941 124.291 -13.0461
      vertex 85.1526 124.64 -24.9801
      vertex 85.7941 124.768 -24.9801
    endloop
  endfacet
  facet normal 0.751709 -0.658968 -0.0263469
    outer loop
      vertex 88.4668 126.075 -12.9747
      vertex 88.0355 126.063 -24.9801
      vertex 88.4668 126.555 -24.9801
    endloop
  endfacet
  facet normal 0.751568 -0.659129 -0.0263416
    outer loop
      vertex 88.0355 126.063 -24.9801
      vertex 88.4668 126.075 -12.9747
      vertex 88.0355 125.584 -12.9944
    endloop
  endfacet
  facet normal 0.946974 -0.321055 -0.0128419
    outer loop
      vertex 89.3296 127.823 -12.9048
      vertex 89.1194 127.686 -24.9801
      vertex 89.3296 128.306 -24.9801
    endloop
  endfacet
  facet normal 0.946814 -0.321524 -0.0128338
    outer loop
      vertex 89.1194 127.686 -24.9801
      vertex 89.3296 127.823 -12.9048
      vertex 89.1194 127.205 -12.9296
    endloop
  endfacet
  facet normal -0.321363 0.946199 0.0378639
    outer loop
      vertex 83.2059 134.435 -24.9801
      vertex 82.5866 133.732 -12.6687
      vertex 83.2059 133.942 -12.6603
    endloop
  endfacet
  facet normal -0.322272 0.945892 0.0378006
    outer loop
      vertex 82.5866 133.732 -12.6687
      vertex 83.2059 134.435 -24.9801
      vertex 82.5866 134.224 -24.9801
    endloop
  endfacet
  facet normal -0.442232 -0.896185 -0.0358354
    outer loop
      vertex 82 125.268 -24.9801
      vertex 82.5866 124.501 -13.0377
      vertex 82 124.79 -13.0261
    endloop
  endfacet
  facet normal -0.442891 -0.895861 -0.0357822
    outer loop
      vertex 82.5866 124.501 -13.0377
      vertex 82 125.268 -24.9801
      vertex 82.5866 124.978 -24.9801
    endloop
  endfacet
  facet normal -0.321363 -0.946202 -0.0377929
    outer loop
      vertex 82.5866 124.978 -24.9801
      vertex 83.2059 124.291 -13.0461
      vertex 82.5866 124.501 -13.0377
    endloop
  endfacet
  facet normal -0.320902 -0.946357 -0.0378257
    outer loop
      vertex 83.2059 124.291 -13.0461
      vertex 82.5866 124.978 -24.9801
      vertex 83.2059 124.768 -24.9801
    endloop
  endfacet
  facet normal -0.659461 -0.751139 -0.0300187
    outer loop
      vertex 80.9645 126.063 -24.9801
      vertex 81.4562 125.153 -13.0116
      vertex 80.9645 125.584 -12.9944
    endloop
  endfacet
  facet normal -0.659732 -0.750903 -0.0299897
    outer loop
      vertex 81.4562 125.153 -13.0116
      vertex 80.9645 126.063 -24.9801
      vertex 81.4562 125.631 -24.9801
    endloop
  endfacet
  facet normal -0.831399 0.555234 0.0221667
    outer loop
      vertex 80.1699 132.103 -24.9801
      vertex 80.5332 132.158 -12.7316
      vertex 80.5332 132.647 -24.9801
    endloop
  endfacet
  facet normal -0.831807 0.554622 0.0221816
    outer loop
      vertex 80.5332 132.158 -12.7316
      vertex 80.1699 132.103 -24.9801
      vertex 80.1699 131.614 -12.7533
    endloop
  endfacet
  facet normal -0.5555 0.830852 0.0332343
    outer loop
      vertex 82 133.935 -24.9801
      vertex 81.4562 133.08 -12.6947
      vertex 82 133.443 -12.6802
    endloop
  endfacet
  facet normal -0.555944 0.830556 0.0331941
    outer loop
      vertex 81.4562 133.08 -12.6947
      vertex 82 133.935 -24.9801
      vertex 81.4562 133.571 -24.9801
    endloop
  endfacet
  facet normal -0.997855 -0.0654031 -0.00261571
    outer loop
      vertex 79.5428 128.948 -24.9801
      vertex 79.5 129.116 -12.8532
      vertex 79.5 129.601 -24.9801
    endloop
  endfacet
  facet normal -0.997856 -0.0653991 -0.00261577
    outer loop
      vertex 79.5 129.116 -12.8532
      vertex 79.5428 128.948 -24.9801
      vertex 79.5428 128.464 -12.8792
    endloop
  endfacet
  facet normal -0.980785 0.194935 0.00779509
    outer loop
      vertex 79.5428 130.254 -24.9801
      vertex 79.6704 130.409 -12.8015
      vertex 79.6704 130.896 -24.9801
    endloop
  endfacet
  facet normal -0.980728 0.195221 0.00779085
    outer loop
      vertex 79.6704 130.409 -12.8015
      vertex 79.5428 130.254 -24.9801
      vertex 79.5428 129.769 -12.8271
    endloop
  endfacet
  facet normal -0.831398 -0.555233 -0.0222055
    outer loop
      vertex 80.5332 126.555 -24.9801
      vertex 80.1699 126.618 -12.953
      vertex 80.1699 127.099 -24.9801
    endloop
  endfacet
  facet normal -0.831336 -0.555327 -0.0222031
    outer loop
      vertex 80.1699 126.618 -12.953
      vertex 80.5332 126.555 -24.9801
      vertex 80.5332 126.075 -12.9747
    endloop
  endfacet
  facet normal -0.980783 0.194946 0.00778314
    outer loop
      vertex -82.8579 129.221 -26.4964
      vertex -82.8145 128.895 -12.862
      vertex -82.8145 129.439 -26.4877
    endloop
  endfacet
  facet normal -0.980783 0.194946 0.00778314
    outer loop
      vertex -82.8145 128.895 -12.862
      vertex -82.8579 129.221 -26.4964
      vertex -82.8579 128.677 -12.8707
    endloop
  endfacet
  facet normal -0.997877 0.0650735 0.00260281
    outer loop
      vertex -82.8145 129.439 -26.4877
      vertex -82.8 129.116 -12.8532
      vertex -82.8 129.661 -26.4789
    endloop
  endfacet
  facet normal -0.997858 0.0653664 0.00260972
    outer loop
      vertex -82.8 129.116 -12.8532
      vertex -82.8145 129.439 -26.4877
      vertex -82.8145 128.895 -12.862
    endloop
  endfacet
  facet normal -0.0630057 -0.997216 -0.0398866
    outer loop
      vertex -84.5 131.36 -26.411
      vertex -84.2781 130.801 -12.7858
      vertex -84.5 130.815 -12.7853
    endloop
  endfacet
  facet normal -0.0674799 -0.996926 -0.0398018
    outer loop
      vertex -84.2781 130.801 -12.7858
      vertex -84.5 131.36 -26.411
      vertex -84.2781 131.345 -26.4115
    endloop
  endfacet
  facet normal 0.658033 0.752387 0.030094
    outer loop
      vertex -85.5349 127.769 -12.907
      vertex -85.7021 128.46 -26.5269
      vertex -85.7021 127.915 -12.9012
    endloop
  endfacet
  facet normal 0.660573 0.750164 0.02995
    outer loop
      vertex -85.7021 128.46 -26.5269
      vertex -85.5349 127.769 -12.907
      vertex -85.5349 128.313 -26.5327
    endloop
  endfacet
  facet normal 0.831909 -0.554468 -0.0221776
    outer loop
      vertex -85.8487 130.15 -12.8118
      vertex -85.9722 130.51 -26.4449
      vertex -85.8487 130.695 -26.4375
    endloop
  endfacet
  facet normal 0.830519 -0.556547 -0.0222199
    outer loop
      vertex -85.9722 130.51 -26.4449
      vertex -85.8487 130.15 -12.8118
      vertex -85.9722 129.966 -12.8192
    endloop
  endfacet
  facet normal 0.197917 -0.979439 -0.0391036
    outer loop
      vertex -84.94 130.757 -12.7876
      vertex -84.7219 131.345 -26.4115
      vertex -84.7219 130.801 -12.7858
    endloop
  endfacet
  facet normal 0.193596 -0.980297 -0.0392099
    outer loop
      vertex -84.7219 131.345 -26.4115
      vertex -84.94 130.757 -12.7876
      vertex -84.94 131.302 -26.4133
    endloop
  endfacet
  facet normal -0.658033 0.752387 0.030094
    outer loop
      vertex -83.2979 128.46 -26.5269
      vertex -83.4651 127.769 -12.907
      vertex -83.2979 127.915 -12.9012
    endloop
  endfacet
  facet normal -0.660573 0.750164 0.02995
    outer loop
      vertex -83.4651 127.769 -12.907
      vertex -83.2979 128.46 -26.5269
      vertex -83.4651 128.313 -26.5327
    endloop
  endfacet
  facet normal -0.946714 -0.321819 -0.0128721
    outer loop
      vertex -82.8579 130.101 -26.4613
      vertex -82.9294 129.766 -12.8272
      vertex -82.9294 130.311 -26.4529
    endloop
  endfacet
  facet normal -0.946714 -0.321819 -0.0128721
    outer loop
      vertex -82.9294 129.766 -12.8272
      vertex -82.8579 130.101 -26.4613
      vertex -82.8579 129.556 -12.8356
    endloop
  endfacet
  facet normal -0.751779 -0.65889 -0.0263059
    outer loop
      vertex -83.1513 130.695 -26.4375
      vertex -83.2979 130.318 -12.8051
      vertex -83.2979 130.862 -26.4308
    endloop
  endfacet
  facet normal -0.753724 -0.656666 -0.0262653
    outer loop
      vertex -83.2979 130.318 -12.8051
      vertex -83.1513 130.695 -26.4375
      vertex -83.1513 130.15 -12.8118
    endloop
  endfacet
  facet normal -0.751779 0.658888 0.0263542
    outer loop
      vertex -83.2979 128.46 -26.5269
      vertex -83.1513 128.082 -12.8945
      vertex -83.1513 128.627 -26.5202
    endloop
  endfacet
  facet normal -0.751779 0.658888 0.0263542
    outer loop
      vertex -83.1513 128.082 -12.8945
      vertex -83.2979 128.46 -26.5269
      vertex -83.2979 127.915 -12.9012
    endloop
  endfacet
  facet normal 0.946714 -0.321819 -0.0128721
    outer loop
      vertex -86.0706 129.766 -12.8272
      vertex -86.1421 130.101 -26.4613
      vertex -86.0706 130.311 -26.4529
    endloop
  endfacet
  facet normal 0.946714 -0.321819 -0.0128721
    outer loop
      vertex -86.1421 130.101 -26.4613
      vertex -86.0706 129.766 -12.8272
      vertex -86.1421 129.556 -12.8356
    endloop
  endfacet
  facet normal -0.319688 -0.946766 -0.0378687
    outer loop
      vertex -84.06 131.302 -26.4133
      vertex -83.8494 130.686 -12.7904
      vertex -84.06 130.757 -12.7876
    endloop
  endfacet
  facet normal -0.323716 -0.945401 -0.0377447
    outer loop
      vertex -83.8494 130.686 -12.7904
      vertex -84.06 131.302 -26.4133
      vertex -83.8494 131.23 -26.4161
    endloop
  endfacet
  facet normal 0.0630057 -0.997216 -0.0398866
    outer loop
      vertex -84.7219 130.801 -12.7858
      vertex -84.5 131.36 -26.411
      vertex -84.5 130.815 -12.7853
    endloop
  endfacet
  facet normal 0.0674799 -0.996926 -0.0398018
    outer loop
      vertex -84.5 131.36 -26.411
      vertex -84.7219 130.801 -12.7858
      vertex -84.7219 131.345 -26.4115
    endloop
  endfacet
  facet normal 0.319688 0.946766 0.0378687
    outer loop
      vertex -84.94 127.476 -12.9187
      vertex -85.1506 128.092 -26.5416
      vertex -85.1506 127.547 -12.9159
    endloop
  endfacet
  facet normal 0.323716 0.945401 0.0377447
    outer loop
      vertex -85.1506 128.092 -26.5416
      vertex -84.94 127.476 -12.9187
      vertex -84.94 128.02 -26.5444
    endloop
  endfacet
  facet normal -0.946714 0.32182 0.0128485
    outer loop
      vertex -82.9294 129.011 -26.5048
      vertex -82.8579 128.677 -12.8707
      vertex -82.8579 129.221 -26.4964
    endloop
  endfacet
  facet normal -0.947178 0.320453 0.0128175
    outer loop
      vertex -82.8579 128.677 -12.8707
      vertex -82.9294 129.011 -26.5048
      vertex -82.9294 128.466 -12.8791
    endloop
  endfacet
  facet normal 0.751779 0.658888 0.0263542
    outer loop
      vertex -85.8487 128.082 -12.8945
      vertex -85.7021 128.46 -26.5269
      vertex -85.8487 128.627 -26.5202
    endloop
  endfacet
  facet normal 0.751779 0.658888 0.0263542
    outer loop
      vertex -85.7021 128.46 -26.5269
      vertex -85.8487 128.082 -12.8945
      vertex -85.7021 127.915 -12.9012
    endloop
  endfacet
  facet normal 0.444987 -0.894824 -0.0357254
    outer loop
      vertex -85.35 130.587 -12.7944
      vertex -85.1506 131.23 -26.4161
      vertex -85.1506 130.686 -12.7904
    endloop
  endfacet
  facet normal 0.441363 -0.896612 -0.0358629
    outer loop
      vertex -85.1506 131.23 -26.4161
      vertex -85.35 130.587 -12.7944
      vertex -85.35 131.132 -26.42
    endloop
  endfacet
  facet normal 0.0630236 0.997215 0.0398865
    outer loop
      vertex -84.5 127.418 -12.9211
      vertex -84.7219 127.977 -26.5462
      vertex -84.7219 127.432 -12.9205
    endloop
  endfacet
  facet normal 0.0674978 0.996925 0.0398018
    outer loop
      vertex -84.7219 127.977 -26.5462
      vertex -84.5 127.418 -12.9211
      vertex -84.5 127.962 -26.5468
    endloop
  endfacet
  facet normal -0.896543 -0.442605 -0.0176708
    outer loop
      vertex -82.9294 130.311 -26.4529
      vertex -83.0278 129.966 -12.8192
      vertex -83.0278 130.51 -26.4449
    endloop
  endfacet
  facet normal -0.89742 -0.440825 -0.0176321
    outer loop
      vertex -83.0278 129.966 -12.8192
      vertex -82.9294 130.311 -26.4529
      vertex -82.9294 129.766 -12.8272
    endloop
  endfacet
  facet normal -0.554173 -0.831736 -0.033268
    outer loop
      vertex -83.65 131.132 -26.42
      vertex -83.4651 130.464 -12.7993
      vertex -83.65 130.587 -12.7944
    endloop
  endfacet
  facet normal -0.554186 -0.831728 -0.0332674
    outer loop
      vertex -83.4651 130.464 -12.7993
      vertex -83.65 131.132 -26.42
      vertex -83.4651 131.009 -26.425
    endloop
  endfacet
  facet normal 0.980783 -0.194946 -0.00779742
    outer loop
      vertex -86.1421 129.556 -12.8356
      vertex -86.1855 129.883 -26.47
      vertex -86.1421 130.101 -26.4613
    endloop
  endfacet
  facet normal 0.980783 -0.194946 -0.00779742
    outer loop
      vertex -86.1855 129.883 -26.47
      vertex -86.1421 129.556 -12.8356
      vertex -86.1855 129.338 -12.8443
    endloop
  endfacet
  facet normal -0.197917 0.979439 0.0391036
    outer loop
      vertex -84.06 128.02 -26.5444
      vertex -84.2781 127.432 -12.9205
      vertex -84.06 127.476 -12.9187
    endloop
  endfacet
  facet normal -0.193596 0.980297 0.0392099
    outer loop
      vertex -84.2781 127.432 -12.9205
      vertex -84.06 128.02 -26.5444
      vertex -84.2781 127.977 -26.5462
    endloop
  endfacet
  facet normal -0.831909 0.554468 0.0221776
    outer loop
      vertex -83.1513 128.627 -26.5202
      vertex -83.0278 128.267 -12.8871
      vertex -83.0278 128.812 -26.5128
    endloop
  endfacet
  facet normal -0.831909 0.554468 0.0221776
    outer loop
      vertex -83.0278 128.267 -12.8871
      vertex -83.1513 128.627 -26.5202
      vertex -83.1513 128.082 -12.8945
    endloop
  endfacet
  facet normal -0.997877 -0.0650723 -0.00260276
    outer loop
      vertex -82.8 129.661 -26.4789
      vertex -82.8145 129.338 -12.8443
      vertex -82.8145 129.883 -26.47
    endloop
  endfacet
  facet normal -0.997877 -0.0650723 -0.00260276
    outer loop
      vertex -82.8145 129.338 -12.8443
      vertex -82.8 129.661 -26.4789
      vertex -82.8 129.116 -12.8532
    endloop
  endfacet
  facet normal -0.319688 0.946766 0.0378687
    outer loop
      vertex -83.8494 128.092 -26.5416
      vertex -84.06 127.476 -12.9187
      vertex -83.8494 127.547 -12.9159
    endloop
  endfacet
  facet normal -0.323716 0.945401 0.0377447
    outer loop
      vertex -84.06 127.476 -12.9187
      vertex -83.8494 128.092 -26.5416
      vertex -84.06 128.02 -26.5444
    endloop
  endfacet
  facet normal -0.557291 0.829657 0.0331237
    outer loop
      vertex -83.4651 128.313 -26.5327
      vertex -83.65 127.645 -12.912
      vertex -83.4651 127.769 -12.907
    endloop
  endfacet
  facet normal -0.554186 0.831728 0.0332674
    outer loop
      vertex -83.65 127.645 -12.912
      vertex -83.4651 128.313 -26.5327
      vertex -83.65 128.19 -26.5377
    endloop
  endfacet
  facet normal 0.197917 0.979439 0.0391036
    outer loop
      vertex -84.7219 127.432 -12.9205
      vertex -84.94 128.02 -26.5444
      vertex -84.94 127.476 -12.9187
    endloop
  endfacet
  facet normal 0.193596 0.980297 0.0392099
    outer loop
      vertex -84.94 128.02 -26.5444
      vertex -84.7219 127.432 -12.9205
      vertex -84.7219 127.977 -26.5462
    endloop
  endfacet
  facet normal -0.658033 -0.752387 -0.030094
    outer loop
      vertex -83.4651 131.009 -26.425
      vertex -83.2979 130.318 -12.8051
      vertex -83.4651 130.464 -12.7993
    endloop
  endfacet
  facet normal -0.660573 -0.750164 -0.02995
    outer loop
      vertex -83.2979 130.318 -12.8051
      vertex -83.4651 131.009 -26.425
      vertex -83.2979 130.862 -26.4308
    endloop
  endfacet
  facet normal 0.896543 0.442604 0.0177032
    outer loop
      vertex -86.0706 128.466 -12.8791
      vertex -85.9722 128.812 -26.5128
      vertex -86.0706 129.011 -26.5048
    endloop
  endfacet
  facet normal 0.896543 0.442604 0.0177032
    outer loop
      vertex -85.9722 128.812 -26.5128
      vertex -86.0706 128.466 -12.8791
      vertex -85.9722 128.267 -12.8871
    endloop
  endfacet
  facet normal -0.980783 -0.194946 -0.00779742
    outer loop
      vertex -82.8145 129.883 -26.47
      vertex -82.8579 129.556 -12.8356
      vertex -82.8579 130.101 -26.4613
    endloop
  endfacet
  facet normal -0.980783 -0.194946 -0.00779742
    outer loop
      vertex -82.8579 129.556 -12.8356
      vertex -82.8145 129.883 -26.47
      vertex -82.8145 129.338 -12.8443
    endloop
  endfacet
  facet normal -0.197917 -0.979439 -0.0391036
    outer loop
      vertex -84.2781 131.345 -26.4115
      vertex -84.06 130.757 -12.7876
      vertex -84.2781 130.801 -12.7858
    endloop
  endfacet
  facet normal -0.193596 -0.980297 -0.0392099
    outer loop
      vertex -84.06 130.757 -12.7876
      vertex -84.2781 131.345 -26.4115
      vertex -84.06 131.302 -26.4133
    endloop
  endfacet
  facet normal 0.658033 -0.752387 -0.030094
    outer loop
      vertex -85.7021 130.318 -12.8051
      vertex -85.5349 131.009 -26.425
      vertex -85.5349 130.464 -12.7993
    endloop
  endfacet
  facet normal 0.660573 -0.750164 -0.02995
    outer loop
      vertex -85.5349 131.009 -26.425
      vertex -85.7021 130.318 -12.8051
      vertex -85.7021 130.862 -26.4308
    endloop
  endfacet
  facet normal 0.751779 -0.65889 -0.0263059
    outer loop
      vertex -85.7021 130.318 -12.8051
      vertex -85.8487 130.695 -26.4375
      vertex -85.7021 130.862 -26.4308
    endloop
  endfacet
  facet normal 0.753724 -0.656666 -0.0262653
    outer loop
      vertex -85.8487 130.695 -26.4375
      vertex -85.7021 130.318 -12.8051
      vertex -85.8487 130.15 -12.8118
    endloop
  endfacet
  facet normal -0.0630236 0.997215 0.0398865
    outer loop
      vertex -84.2781 127.977 -26.5462
      vertex -84.5 127.418 -12.9211
      vertex -84.2781 127.432 -12.9205
    endloop
  endfacet
  facet normal -0.0674978 0.996925 0.0398018
    outer loop
      vertex -84.5 127.418 -12.9211
      vertex -84.2781 127.977 -26.5462
      vertex -84.5 127.962 -26.5468
    endloop
  endfacet
  facet normal -0.441363 0.896612 0.0358626
    outer loop
      vertex -83.65 128.19 -26.5377
      vertex -83.8494 127.547 -12.9159
      vertex -83.65 127.645 -12.912
    endloop
  endfacet
  facet normal -0.441363 0.896612 0.0358626
    outer loop
      vertex -83.8494 127.547 -12.9159
      vertex -83.65 128.19 -26.5377
      vertex -83.8494 128.092 -26.5416
    endloop
  endfacet
  facet normal -0.831909 -0.554468 -0.0221776
    outer loop
      vertex -83.0278 130.51 -26.4449
      vertex -83.1513 130.15 -12.8118
      vertex -83.1513 130.695 -26.4375
    endloop
  endfacet
  facet normal -0.830519 -0.556547 -0.0222199
    outer loop
      vertex -83.1513 130.15 -12.8118
      vertex -83.0278 130.51 -26.4449
      vertex -83.0278 129.966 -12.8192
    endloop
  endfacet
  facet normal 0.997877 -0.0650723 -0.00260276
    outer loop
      vertex -86.1855 129.338 -12.8443
      vertex -86.2 129.661 -26.4789
      vertex -86.1855 129.883 -26.47
    endloop
  endfacet
  facet normal 0.997877 -0.0650723 -0.00260276
    outer loop
      vertex -86.2 129.661 -26.4789
      vertex -86.1855 129.338 -12.8443
      vertex -86.2 129.116 -12.8532
    endloop
  endfacet
  facet normal -0.444987 -0.894824 -0.0357254
    outer loop
      vertex -83.8494 131.23 -26.4161
      vertex -83.65 130.587 -12.7944
      vertex -83.8494 130.686 -12.7904
    endloop
  endfacet
  facet normal -0.441363 -0.896612 -0.0358629
    outer loop
      vertex -83.65 130.587 -12.7944
      vertex -83.8494 131.23 -26.4161
      vertex -83.65 131.132 -26.42
    endloop
  endfacet
  facet normal 0.980783 0.194946 0.00778314
    outer loop
      vertex -86.1855 128.895 -12.862
      vertex -86.1421 129.221 -26.4964
      vertex -86.1855 129.439 -26.4877
    endloop
  endfacet
  facet normal 0.980783 0.194946 0.00778314
    outer loop
      vertex -86.1421 129.221 -26.4964
      vertex -86.1855 128.895 -12.862
      vertex -86.1421 128.677 -12.8707
    endloop
  endfacet
  facet normal 0.896543 -0.442605 -0.0176708
    outer loop
      vertex -85.9722 129.966 -12.8192
      vertex -86.0706 130.311 -26.4529
      vertex -85.9722 130.51 -26.4449
    endloop
  endfacet
  facet normal 0.89742 -0.440825 -0.0176321
    outer loop
      vertex -86.0706 130.311 -26.4529
      vertex -85.9722 129.966 -12.8192
      vertex -86.0706 129.766 -12.8272
    endloop
  endfacet
  facet normal 0.946714 0.32182 0.0128485
    outer loop
      vertex -86.1421 128.677 -12.8707
      vertex -86.0706 129.011 -26.5048
      vertex -86.1421 129.221 -26.4964
    endloop
  endfacet
  facet normal 0.947178 0.320453 0.0128175
    outer loop
      vertex -86.0706 129.011 -26.5048
      vertex -86.1421 128.677 -12.8707
      vertex -86.0706 128.466 -12.8791
    endloop
  endfacet
  facet normal 0.557291 0.829657 0.0331237
    outer loop
      vertex -85.35 127.645 -12.912
      vertex -85.5349 128.313 -26.5327
      vertex -85.5349 127.769 -12.907
    endloop
  endfacet
  facet normal 0.554186 0.831728 0.0332674
    outer loop
      vertex -85.5349 128.313 -26.5327
      vertex -85.35 127.645 -12.912
      vertex -85.35 128.19 -26.5377
    endloop
  endfacet
  facet normal -0.896543 0.442604 0.0177032
    outer loop
      vertex -83.0278 128.812 -26.5128
      vertex -82.9294 128.466 -12.8791
      vertex -82.9294 129.011 -26.5048
    endloop
  endfacet
  facet normal -0.896543 0.442604 0.0177032
    outer loop
      vertex -82.9294 128.466 -12.8791
      vertex -83.0278 128.812 -26.5128
      vertex -83.0278 128.267 -12.8871
    endloop
  endfacet
  facet normal 0.997877 0.0650735 0.00260281
    outer loop
      vertex -86.2 129.116 -12.8532
      vertex -86.1855 129.439 -26.4877
      vertex -86.2 129.661 -26.4789
    endloop
  endfacet
  facet normal 0.997858 0.0653664 0.00260972
    outer loop
      vertex -86.1855 129.439 -26.4877
      vertex -86.2 129.116 -12.8532
      vertex -86.1855 128.895 -12.862
    endloop
  endfacet
  facet normal 0.319688 -0.946766 -0.0378687
    outer loop
      vertex -85.1506 130.686 -12.7904
      vertex -84.94 131.302 -26.4133
      vertex -84.94 130.757 -12.7876
    endloop
  endfacet
  facet normal 0.323716 -0.945401 -0.0377447
    outer loop
      vertex -84.94 131.302 -26.4133
      vertex -85.1506 130.686 -12.7904
      vertex -85.1506 131.23 -26.4161
    endloop
  endfacet
  facet normal 0.441363 0.896612 0.0358626
    outer loop
      vertex -85.1506 127.547 -12.9159
      vertex -85.35 128.19 -26.5377
      vertex -85.35 127.645 -12.912
    endloop
  endfacet
  facet normal 0.441363 0.896612 0.0358626
    outer loop
      vertex -85.35 128.19 -26.5377
      vertex -85.1506 127.547 -12.9159
      vertex -85.1506 128.092 -26.5416
    endloop
  endfacet
  facet normal 0.831909 0.554468 0.0221776
    outer loop
      vertex -85.9722 128.267 -12.8871
      vertex -85.8487 128.627 -26.5202
      vertex -85.9722 128.812 -26.5128
    endloop
  endfacet
  facet normal 0.831909 0.554468 0.0221776
    outer loop
      vertex -85.8487 128.627 -26.5202
      vertex -85.9722 128.267 -12.8871
      vertex -85.8487 128.082 -12.8945
    endloop
  endfacet
  facet normal 0.554173 -0.831736 -0.033268
    outer loop
      vertex -85.5349 130.464 -12.7993
      vertex -85.35 131.132 -26.42
      vertex -85.35 130.587 -12.7944
    endloop
  endfacet
  facet normal 0.554186 -0.831728 -0.0332674
    outer loop
      vertex -85.35 131.132 -26.42
      vertex -85.5349 130.464 -12.7993
      vertex -85.5349 131.009 -26.425
    endloop
  endfacet
  facet normal -0.980817 0.194775 0.00775631
    outer loop
      vertex -81.3124 128.866 -27.9777
      vertex -81.2282 129.231 -26.4961
      vertex -81.2282 129.29 -27.9777
    endloop
  endfacet
  facet normal -0.980788 0.194922 0.00771862
    outer loop
      vertex -81.2282 129.231 -26.4961
      vertex -81.3124 128.866 -27.9777
      vertex -81.3124 128.808 -26.513
    endloop
  endfacet
  facet normal -0.997863 0.0652894 0.00261367
    outer loop
      vertex -81.2282 129.29 -27.9777
      vertex -81.2 129.661 -26.4789
      vertex -81.2 129.721 -27.9777
    endloop
  endfacet
  facet normal -0.99786 0.065337 0.00260184
    outer loop
      vertex -81.2 129.661 -26.4789
      vertex -81.2282 129.29 -27.9777
      vertex -81.2282 129.231 -26.4961
    endloop
  endfacet
  facet normal -0.946879 0.321337 0.0127245
    outer loop
      vertex -81.4512 128.457 -27.9777
      vertex -81.3124 128.808 -26.513
      vertex -81.3124 128.866 -27.9777
    endloop
  endfacet
  facet normal -0.947034 0.320877 0.0128493
    outer loop
      vertex -81.3124 128.808 -26.513
      vertex -81.4512 128.457 -27.9777
      vertex -81.4512 128.399 -26.5293
    endloop
  endfacet
  facet normal -0.896687 -0.442319 -0.0175254
    outer loop
      vertex -81.4512 130.985 -27.9777
      vertex -81.6421 131.31 -26.4129
      vertex -81.6421 131.372 -27.9777
    endloop
  endfacet
  facet normal -0.896965 -0.441748 -0.0176779
    outer loop
      vertex -81.6421 131.31 -26.4129
      vertex -81.4512 130.985 -27.9777
      vertex -81.4512 130.923 -26.4284
    endloop
  endfacet
  facet normal -0.0649326 0.997084 0.0400816
    outer loop
      vertex -84.0693 126.447 -27.9777
      vertex -84.5 126.364 -26.6107
      vertex -84.0693 126.392 -26.6095
    endloop
  endfacet
  facet normal -0.067128 0.996967 0.0393827
    outer loop
      vertex -84.5 126.364 -26.6107
      vertex -84.0693 126.447 -27.9777
      vertex -84.5 126.418 -27.9777
    endloop
  endfacet
  facet normal 0.896684 0.442318 0.0177122
    outer loop
      vertex -87.5488 128.399 -26.5293
      vertex -87.3579 128.07 -27.9777
      vertex -87.5488 128.457 -27.9777
    endloop
  endfacet
  facet normal 0.896965 0.44174 0.0178805
    outer loop
      vertex -87.3579 128.07 -27.9777
      vertex -87.5488 128.399 -26.5293
      vertex -87.3579 128.012 -26.5448
    endloop
  endfacet
  facet normal -0.322153 0.945933 0.0377796
    outer loop
      vertex -83.2371 126.67 -27.9777
      vertex -83.6459 126.476 -26.6062
      vertex -83.2371 126.615 -26.6006
    endloop
  endfacet
  facet normal -0.321688 0.946085 0.03794
    outer loop
      vertex -83.6459 126.476 -26.6062
      vertex -83.2371 126.67 -27.9777
      vertex -83.6459 126.531 -27.9777
    endloop
  endfacet
  facet normal -0.980816 -0.194775 -0.00787741
    outer loop
      vertex -81.2282 130.152 -27.9777
      vertex -81.3124 130.514 -26.4447
      vertex -81.3124 130.576 -27.9777
    endloop
  endfacet
  facet normal -0.980788 -0.194917 -0.00784244
    outer loop
      vertex -81.3124 130.514 -26.4447
      vertex -81.2282 130.152 -27.9777
      vertex -81.2282 130.091 -26.4616
    endloop
  endfacet
  facet normal -0.556183 0.830391 0.0333514
    outer loop
      vertex -82.4911 127.101 -27.9777
      vertex -82.85 126.805 -26.593
      vertex -82.4911 127.045 -26.5834
    endloop
  endfacet
  facet normal -0.555562 0.830796 0.033599
    outer loop
      vertex -82.85 126.805 -26.593
      vertex -82.4911 127.101 -27.9777
      vertex -82.85 126.861 -27.9777
    endloop
  endfacet
  facet normal 0.980816 -0.194775 -0.00787741
    outer loop
      vertex -87.6876 130.514 -26.4447
      vertex -87.7718 130.152 -27.9777
      vertex -87.6876 130.576 -27.9777
    endloop
  endfacet
  facet normal 0.980788 -0.194917 -0.00784244
    outer loop
      vertex -87.7718 130.152 -27.9777
      vertex -87.6876 130.514 -26.4447
      vertex -87.7718 130.091 -26.4616
    endloop
  endfacet
  facet normal 0.896687 -0.442319 -0.0175254
    outer loop
      vertex -87.3579 131.31 -26.4129
      vertex -87.5488 130.985 -27.9777
      vertex -87.3579 131.372 -27.9777
    endloop
  endfacet
  facet normal 0.896965 -0.441748 -0.0176779
    outer loop
      vertex -87.5488 130.985 -27.9777
      vertex -87.3579 131.31 -26.4129
      vertex -87.5488 130.923 -26.4284
    endloop
  endfacet
  facet normal -0.896684 0.442318 0.0177122
    outer loop
      vertex -81.6421 128.07 -27.9777
      vertex -81.4512 128.399 -26.5293
      vertex -81.4512 128.457 -27.9777
    endloop
  endfacet
  facet normal -0.896965 0.44174 0.0178805
    outer loop
      vertex -81.4512 128.399 -26.5293
      vertex -81.6421 128.07 -27.9777
      vertex -81.6421 128.012 -26.5448
    endloop
  endfacet
  facet normal 0.194745 0.980062 0.0393973
    outer loop
      vertex -84.9307 126.447 -27.9777
      vertex -85.3541 126.476 -26.6062
      vertex -84.9307 126.392 -26.6095
    endloop
  endfacet
  facet normal 0.194451 0.980124 0.039305
    outer loop
      vertex -85.3541 126.476 -26.6062
      vertex -84.9307 126.447 -27.9777
      vertex -85.3541 126.531 -27.9777
    endloop
  endfacet
  facet normal 0.321687 -0.946085 -0.0379462
    outer loop
      vertex -85.3541 132.911 -27.9777
      vertex -85.7629 132.707 -26.3571
      vertex -85.7629 132.772 -27.9777
    endloop
  endfacet
  facet normal 0.322153 -0.945932 -0.0378094
    outer loop
      vertex -85.7629 132.707 -26.3571
      vertex -85.3541 132.911 -27.9777
      vertex -85.3541 132.846 -26.3515
    endloop
  endfacet
  facet normal -0.946878 -0.321337 -0.0128593
    outer loop
      vertex -81.3124 130.576 -27.9777
      vertex -81.4512 130.923 -26.4284
      vertex -81.4512 130.985 -27.9777
    endloop
  endfacet
  facet normal -0.947034 -0.320872 -0.0129772
    outer loop
      vertex -81.4512 130.923 -26.4284
      vertex -81.3124 130.576 -27.9777
      vertex -81.3124 130.514 -26.4447
    endloop
  endfacet
  facet normal -0.0649326 -0.997073 -0.040355
    outer loop
      vertex -84.5 133.024 -27.9777
      vertex -84.0693 132.93 -26.3482
      vertex -84.5 132.958 -26.347
    endloop
  endfacet
  facet normal -0.067127 -0.996952 -0.0397679
    outer loop
      vertex -84.0693 132.93 -26.3482
      vertex -84.5 133.024 -27.9777
      vertex -84.0693 132.995 -27.9777
    endloop
  endfacet
  facet normal -0.556183 -0.830407 -0.0329486
    outer loop
      vertex -82.85 132.581 -27.9777
      vertex -82.4911 132.277 -26.3743
      vertex -82.85 132.517 -26.3647
    endloop
  endfacet
  facet normal -0.55557 -0.830808 -0.0331619
    outer loop
      vertex -82.4911 132.277 -26.3743
      vertex -82.85 132.581 -27.9777
      vertex -82.4911 132.341 -27.9777
    endloop
  endfacet
  facet normal 0.321688 0.946085 0.03794
    outer loop
      vertex -85.7629 126.67 -27.9777
      vertex -85.3541 126.476 -26.6062
      vertex -85.3541 126.531 -27.9777
    endloop
  endfacet
  facet normal 0.322153 0.945933 0.0377796
    outer loop
      vertex -85.3541 126.476 -26.6062
      vertex -85.7629 126.67 -27.9777
      vertex -85.7629 126.615 -26.6006
    endloop
  endfacet
  facet normal -0.194746 -0.980074 -0.0390947
    outer loop
      vertex -84.0693 132.995 -27.9777
      vertex -83.6459 132.846 -26.3515
      vertex -84.0693 132.93 -26.3482
    endloop
  endfacet
  facet normal -0.194452 -0.980129 -0.0391762
    outer loop
      vertex -83.6459 132.846 -26.3515
      vertex -84.0693 132.995 -27.9777
      vertex -83.6459 132.911 -27.9777
    endloop
  endfacet
  facet normal 0.832054 -0.55424 -0.022463
    outer loop
      vertex -87.1181 131.668 -26.3986
      vertex -87.3579 131.372 -27.9777
      vertex -87.1181 131.732 -27.9777
    endloop
  endfacet
  facet normal 0.831039 -0.555778 -0.0220208
    outer loop
      vertex -87.3579 131.372 -27.9777
      vertex -87.1181 131.668 -26.3986
      vertex -87.3579 131.31 -26.4129
    endloop
  endfacet
  facet normal 0.0649324 0.997112 0.0393885
    outer loop
      vertex -84.5 126.418 -27.9777
      vertex -84.9307 126.392 -26.6095
      vertex -84.5 126.364 -26.6107
    endloop
  endfacet
  facet normal 0.0671262 0.996939 0.0400758
    outer loop
      vertex -84.9307 126.392 -26.6095
      vertex -84.5 126.418 -27.9777
      vertex -84.9307 126.447 -27.9777
    endloop
  endfacet
  facet normal -0.658767 0.751729 0.0304842
    outer loop
      vertex -82.1665 127.386 -27.9777
      vertex -82.4911 127.045 -26.5834
      vertex -82.1665 127.329 -26.5721
    endloop
  endfacet
  facet normal -0.659482 0.751115 0.0301674
    outer loop
      vertex -82.4911 127.045 -26.5834
      vertex -82.1665 127.386 -27.9777
      vertex -82.4911 127.101 -27.9777
    endloop
  endfacet
  facet normal 0.946879 0.321337 0.0127245
    outer loop
      vertex -87.6876 128.808 -26.513
      vertex -87.5488 128.457 -27.9777
      vertex -87.6876 128.866 -27.9777
    endloop
  endfacet
  facet normal 0.947034 0.320877 0.0128493
    outer loop
      vertex -87.5488 128.457 -27.9777
      vertex -87.6876 128.808 -26.513
      vertex -87.5488 128.399 -26.5293
    endloop
  endfacet
  facet normal 0.442198 0.896203 0.0357935
    outer loop
      vertex -86.15 126.861 -27.9777
      vertex -85.7629 126.615 -26.6006
      vertex -85.7629 126.67 -27.9777
    endloop
  endfacet
  facet normal 0.440899 0.896823 0.0362693
    outer loop
      vertex -85.7629 126.615 -26.6006
      vertex -86.15 126.861 -27.9777
      vertex -86.15 126.805 -26.593
    endloop
  endfacet
  facet normal -0.832054 -0.55424 -0.022463
    outer loop
      vertex -81.6421 131.372 -27.9777
      vertex -81.8819 131.668 -26.3986
      vertex -81.8819 131.732 -27.9777
    endloop
  endfacet
  facet normal -0.831039 -0.555778 -0.0220208
    outer loop
      vertex -81.8819 131.668 -26.3986
      vertex -81.6421 131.372 -27.9777
      vertex -81.6421 131.31 -26.4129
    endloop
  endfacet
  facet normal 0.997863 0.0652894 0.00261367
    outer loop
      vertex -87.8 129.661 -26.4789
      vertex -87.7718 129.29 -27.9777
      vertex -87.8 129.721 -27.9777
    endloop
  endfacet
  facet normal 0.99786 0.065337 0.00260184
    outer loop
      vertex -87.7718 129.29 -27.9777
      vertex -87.8 129.661 -26.4789
      vertex -87.7718 129.231 -26.4961
    endloop
  endfacet
  facet normal 0 0.039968 -0.999201
    outer loop
      vertex -82.8 129.661 -26.4789
      vertex -81.2 129.661 -26.4789
      vertex -81.2282 129.231 -26.4961
    endloop
  endfacet
  facet normal -5.51469e-05 0.0399318 -0.999202
    outer loop
      vertex -82.8145 129.439 -26.4877
      vertex -81.2282 129.231 -26.4961
      vertex -81.3124 128.808 -26.513
    endloop
  endfacet
  facet normal 0 0.0402 -0.999192
    outer loop
      vertex -81.2 129.661 -26.4789
      vertex -82.8 129.661 -26.4789
      vertex -81.2282 130.091 -26.4616
    endloop
  endfacet
  facet normal -8.33355e-05 0.0398499 -0.999206
    outer loop
      vertex -82.8579 129.221 -26.4964
      vertex -81.3124 128.808 -26.513
      vertex -81.4512 128.399 -26.5293
    endloop
  endfacet
  facet normal 3.82603e-05 0.0400604 -0.999197
    outer loop
      vertex -82.8145 129.883 -26.47
      vertex -81.2282 130.091 -26.4616
      vertex -82.8 129.661 -26.4789
    endloop
  endfacet
  facet normal 6.52698e-06 0.0400164 -0.999199
    outer loop
      vertex -82.9294 129.011 -26.5048
      vertex -81.4512 128.399 -26.5293
      vertex -81.6421 128.012 -26.5448
    endloop
  endfacet
  facet normal 5.51469e-05 0.0399318 -0.999202
    outer loop
      vertex -81.2282 130.091 -26.4616
      vertex -82.8145 129.883 -26.47
      vertex -81.3124 130.514 -26.4447
    endloop
  endfacet
  facet normal -2.324e-05 0.0399278 -0.999203
    outer loop
      vertex -83.0278 128.812 -26.5128
      vertex -81.6421 128.012 -26.5448
      vertex -81.8819 127.654 -26.5591
    endloop
  endfacet
  facet normal 7.23687e-05 0.0398909 -0.999204
    outer loop
      vertex -82.8579 130.101 -26.4613
      vertex -81.3124 130.514 -26.4447
      vertex -82.8145 129.883 -26.47
    endloop
  endfacet
  facet normal 9.41999e-06 0.0399598 -0.999201
    outer loop
      vertex -83.1513 128.627 -26.5202
      vertex -81.8819 127.654 -26.5591
      vertex -82.1665 127.329 -26.5721
    endloop
  endfacet
  facet normal 8.33355e-05 0.0398499 -0.999206
    outer loop
      vertex -81.3124 130.514 -26.4447
      vertex -82.8579 130.101 -26.4613
      vertex -81.4512 130.923 -26.4284
    endloop
  endfacet
  facet normal -8.20044e-05 0.0398509 -0.999206
    outer loop
      vertex -83.2979 128.46 -26.5269
      vertex -82.1665 127.329 -26.5721
      vertex -82.4911 127.045 -26.5834
    endloop
  endfacet
  facet normal 1.18489e-05 0.0399721 -0.999201
    outer loop
      vertex -82.9294 130.311 -26.4529
      vertex -81.4512 130.923 -26.4284
      vertex -82.8579 130.101 -26.4613
    endloop
  endfacet
  facet normal -6.52698e-06 0.0400164 -0.999199
    outer loop
      vertex -81.4512 130.923 -26.4284
      vertex -82.9294 130.311 -26.4529
      vertex -81.6421 131.31 -26.4129
    endloop
  endfacet
  facet normal -9.67777e-05 0.0396148 -0.999215
    outer loop
      vertex -81.2282 129.231 -26.4961
      vertex -82.8145 129.439 -26.4877
      vertex -82.8 129.661 -26.4789
    endloop
  endfacet
  facet normal 6.96262e-06 0.0399576 -0.999201
    outer loop
      vertex -83.4651 128.313 -26.5327
      vertex -82.4911 127.045 -26.5834
      vertex -82.85 126.805 -26.593
    endloop
  endfacet
  facet normal -7.23687e-05 0.0398909 -0.999204
    outer loop
      vertex -81.3124 128.808 -26.513
      vertex -82.8579 129.221 -26.4964
      vertex -82.8145 129.439 -26.4877
    endloop
  endfacet
  facet normal -1.18489e-05 0.0399721 -0.999201
    outer loop
      vertex -81.4512 128.399 -26.5293
      vertex -82.9294 129.011 -26.5048
      vertex -82.8579 129.221 -26.4964
    endloop
  endfacet
  facet normal 9.02018e-05 0.040124 -0.999195
    outer loop
      vertex -81.6421 128.012 -26.5448
      vertex -83.0278 128.812 -26.5128
      vertex -82.9294 129.011 -26.5048
    endloop
  endfacet
  facet normal 1.04141e-05 0.0399611 -0.999201
    outer loop
      vertex -81.8819 127.654 -26.5591
      vertex -83.1513 128.627 -26.5202
      vertex -83.0278 128.812 -26.5128
    endloop
  endfacet
  facet normal 2.75889e-05 0.0399119 -0.999203
    outer loop
      vertex -83.65 128.19 -26.5377
      vertex -82.85 126.805 -26.593
      vertex -83.2371 126.615 -26.6006
    endloop
  endfacet
  facet normal 8.25276e-05 0.0400152 -0.999199
    outer loop
      vertex -82.1665 127.329 -26.5721
      vertex -83.2979 128.46 -26.5269
      vertex -83.1513 128.627 -26.5202
    endloop
  endfacet
  facet normal -0.000277099 0.0397398 -0.99921
    outer loop
      vertex -82.4911 127.045 -26.5834
      vertex -83.4651 128.313 -26.5327
      vertex -83.2979 128.46 -26.5269
    endloop
  endfacet
  facet normal 0.000101819 0.0399561 -0.999201
    outer loop
      vertex -83.8494 128.092 -26.5416
      vertex -83.2371 126.615 -26.6006
      vertex -83.6459 126.476 -26.6062
    endloop
  endfacet
  facet normal 0.000346984 0.0400961 -0.999196
    outer loop
      vertex -82.85 126.805 -26.593
      vertex -83.65 128.19 -26.5377
      vertex -83.4651 128.313 -26.5327
    endloop
  endfacet
  facet normal -6.11609e-05 0.0398887 -0.999204
    outer loop
      vertex -83.2371 126.615 -26.6006
      vertex -83.8494 128.092 -26.5416
      vertex -83.65 128.19 -26.5377
    endloop
  endfacet
  facet normal -0.000355791 0.0398986 -0.999204
    outer loop
      vertex -83.6459 126.476 -26.6062
      vertex -84.06 128.02 -26.5444
      vertex -83.8494 128.092 -26.5416
    endloop
  endfacet
  facet normal -0.000139319 0.0399566 -0.999201
    outer loop
      vertex -84.0693 126.392 -26.6095
      vertex -84.06 128.02 -26.5444
      vertex -83.6459 126.476 -26.6062
    endloop
  endfacet
  facet normal 0.000369347 0.0399537 -0.999201
    outer loop
      vertex -84.0693 126.392 -26.6095
      vertex -84.2781 127.977 -26.5462
      vertex -84.06 128.02 -26.5444
    endloop
  endfacet
  facet normal 0.000188084 0.0399298 -0.999202
    outer loop
      vertex -84.5 126.364 -26.6107
      vertex -84.2781 127.977 -26.5462
      vertex -84.0693 126.392 -26.6095
    endloop
  endfacet
  facet normal 8.45357e-07 0.0399556 -0.999201
    outer loop
      vertex -84.5 126.364 -26.6107
      vertex -84.5 127.962 -26.5468
      vertex -84.2781 127.977 -26.5462
    endloop
  endfacet
  facet normal -8.45357e-07 0.0399556 -0.999201
    outer loop
      vertex -84.5 126.364 -26.6107
      vertex -84.7219 127.977 -26.5462
      vertex -84.5 127.962 -26.5468
    endloop
  endfacet
  facet normal -0.000188084 0.0399298 -0.999202
    outer loop
      vertex -84.9307 126.392 -26.6095
      vertex -84.7219 127.977 -26.5462
      vertex -84.5 126.364 -26.6107
    endloop
  endfacet
  facet normal -0.000369347 0.0399537 -0.999201
    outer loop
      vertex -84.9307 126.392 -26.6095
      vertex -84.94 128.02 -26.5444
      vertex -84.7219 127.977 -26.5462
    endloop
  endfacet
  facet normal 0.000139319 0.0399566 -0.999201
    outer loop
      vertex -85.3541 126.476 -26.6062
      vertex -84.94 128.02 -26.5444
      vertex -84.9307 126.392 -26.6095
    endloop
  endfacet
  facet normal 0.000355791 0.0398986 -0.999204
    outer loop
      vertex -84.94 128.02 -26.5444
      vertex -85.3541 126.476 -26.6062
      vertex -85.1506 128.092 -26.5416
    endloop
  endfacet
  facet normal -0.000101819 0.0399561 -0.999201
    outer loop
      vertex -85.7629 126.615 -26.6006
      vertex -85.1506 128.092 -26.5416
      vertex -85.3541 126.476 -26.6062
    endloop
  endfacet
  facet normal 6.11609e-05 0.0398887 -0.999204
    outer loop
      vertex -85.1506 128.092 -26.5416
      vertex -85.7629 126.615 -26.6006
      vertex -85.35 128.19 -26.5377
    endloop
  endfacet
  facet normal -2.75889e-05 0.0399119 -0.999203
    outer loop
      vertex -86.15 126.805 -26.593
      vertex -85.35 128.19 -26.5377
      vertex -85.7629 126.615 -26.6006
    endloop
  endfacet
  facet normal -0.000346984 0.0400961 -0.999196
    outer loop
      vertex -85.35 128.19 -26.5377
      vertex -86.15 126.805 -26.593
      vertex -85.5349 128.313 -26.5327
    endloop
  endfacet
  facet normal -6.96262e-06 0.0399576 -0.999201
    outer loop
      vertex -86.5089 127.045 -26.5834
      vertex -85.5349 128.313 -26.5327
      vertex -86.15 126.805 -26.593
    endloop
  endfacet
  facet normal 0.000277099 0.0397398 -0.99921
    outer loop
      vertex -85.5349 128.313 -26.5327
      vertex -86.5089 127.045 -26.5834
      vertex -85.7021 128.46 -26.5269
    endloop
  endfacet
  facet normal 8.20044e-05 0.0398509 -0.999206
    outer loop
      vertex -86.8335 127.329 -26.5721
      vertex -85.7021 128.46 -26.5269
      vertex -86.5089 127.045 -26.5834
    endloop
  endfacet
  facet normal -8.25276e-05 0.0400152 -0.999199
    outer loop
      vertex -85.7021 128.46 -26.5269
      vertex -86.8335 127.329 -26.5721
      vertex -85.8487 128.627 -26.5202
    endloop
  endfacet
  facet normal -9.41999e-06 0.0399598 -0.999201
    outer loop
      vertex -87.1181 127.654 -26.5591
      vertex -85.8487 128.627 -26.5202
      vertex -86.8335 127.329 -26.5721
    endloop
  endfacet
  facet normal -1.04141e-05 0.0399611 -0.999201
    outer loop
      vertex -85.8487 128.627 -26.5202
      vertex -87.1181 127.654 -26.5591
      vertex -85.9722 128.812 -26.5128
    endloop
  endfacet
  facet normal 2.324e-05 0.0399278 -0.999203
    outer loop
      vertex -87.3579 128.012 -26.5448
      vertex -85.9722 128.812 -26.5128
      vertex -87.1181 127.654 -26.5591
    endloop
  endfacet
  facet normal -9.02018e-05 0.040124 -0.999195
    outer loop
      vertex -85.9722 128.812 -26.5128
      vertex -87.3579 128.012 -26.5448
      vertex -86.0706 129.011 -26.5048
    endloop
  endfacet
  facet normal -9.02018e-05 0.040124 -0.999195
    outer loop
      vertex -83.0278 130.51 -26.4449
      vertex -81.6421 131.31 -26.4129
      vertex -82.9294 130.311 -26.4529
    endloop
  endfacet
  facet normal 2.324e-05 0.0399278 -0.999203
    outer loop
      vertex -81.6421 131.31 -26.4129
      vertex -83.0278 130.51 -26.4449
      vertex -81.8819 131.668 -26.3986
    endloop
  endfacet
  facet normal -1.04141e-05 0.0399611 -0.999201
    outer loop
      vertex -83.1513 130.695 -26.4375
      vertex -81.8819 131.668 -26.3986
      vertex -83.0278 130.51 -26.4449
    endloop
  endfacet
  facet normal 0.000131591 0.0397761 -0.999209
    outer loop
      vertex -81.8819 131.668 -26.3986
      vertex -83.1513 130.695 -26.4375
      vertex -82.1665 131.993 -26.3857
    endloop
  endfacet
  facet normal -0.000129566 0.039974 -0.999201
    outer loop
      vertex -83.2979 130.862 -26.4308
      vertex -82.1665 131.993 -26.3857
      vertex -83.1513 130.695 -26.4375
    endloop
  endfacet
  facet normal -0.000123369 0.0399678 -0.999201
    outer loop
      vertex -82.1665 131.993 -26.3857
      vertex -83.2979 130.862 -26.4308
      vertex -82.4911 132.277 -26.3743
    endloop
  endfacet
  facet normal 0.000277099 0.0397398 -0.99921
    outer loop
      vertex -83.4651 131.009 -26.425
      vertex -82.4911 132.277 -26.3743
      vertex -83.2979 130.862 -26.4308
    endloop
  endfacet
  facet normal -6.96262e-06 0.0399576 -0.999201
    outer loop
      vertex -82.4911 132.277 -26.3743
      vertex -83.4651 131.009 -26.425
      vertex -82.85 132.517 -26.3647
    endloop
  endfacet
  facet normal -0.000346984 0.0400961 -0.999196
    outer loop
      vertex -83.65 131.132 -26.42
      vertex -82.85 132.517 -26.3647
      vertex -83.4651 131.009 -26.425
    endloop
  endfacet
  facet normal -2.75889e-05 0.0399119 -0.999203
    outer loop
      vertex -82.85 132.517 -26.3647
      vertex -83.65 131.132 -26.42
      vertex -83.2371 132.707 -26.3571
    endloop
  endfacet
  facet normal 6.11609e-05 0.0398887 -0.999204
    outer loop
      vertex -83.8494 131.23 -26.4161
      vertex -83.2371 132.707 -26.3571
      vertex -83.65 131.132 -26.42
    endloop
  endfacet
  facet normal -0.000101819 0.0399561 -0.999201
    outer loop
      vertex -83.2371 132.707 -26.3571
      vertex -83.8494 131.23 -26.4161
      vertex -83.6459 132.846 -26.3515
    endloop
  endfacet
  facet normal 0.000355791 0.0398986 -0.999204
    outer loop
      vertex -84.06 131.302 -26.4133
      vertex -83.6459 132.846 -26.3515
      vertex -83.8494 131.23 -26.4161
    endloop
  endfacet
  facet normal 0.000139319 0.0399566 -0.999201
    outer loop
      vertex -84.06 131.302 -26.4133
      vertex -84.0693 132.93 -26.3482
      vertex -83.6459 132.846 -26.3515
    endloop
  endfacet
  facet normal -0.000369347 0.0399537 -0.999201
    outer loop
      vertex -84.2781 131.345 -26.4115
      vertex -84.0693 132.93 -26.3482
      vertex -84.06 131.302 -26.4133
    endloop
  endfacet
  facet normal 0.000442097 0.0398469 -0.999206
    outer loop
      vertex -84.5 131.36 -26.411
      vertex -84.0693 132.93 -26.3482
      vertex -84.2781 131.345 -26.4115
    endloop
  endfacet
  facet normal -0.000182343 0.040018 -0.999199
    outer loop
      vertex -84.5 131.36 -26.411
      vertex -84.5 132.958 -26.347
      vertex -84.0693 132.93 -26.3482
    endloop
  endfacet
  facet normal -0.000453674 0.040018 -0.999199
    outer loop
      vertex -84.7219 131.345 -26.4115
      vertex -84.5 132.958 -26.347
      vertex -84.5 131.36 -26.411
    endloop
  endfacet
  facet normal 0.000188084 0.0399298 -0.999202
    outer loop
      vertex -84.7219 131.345 -26.4115
      vertex -84.9307 132.93 -26.3482
      vertex -84.5 132.958 -26.347
    endloop
  endfacet
  facet normal 0.000369347 0.0399537 -0.999201
    outer loop
      vertex -84.94 131.302 -26.4133
      vertex -84.9307 132.93 -26.3482
      vertex -84.7219 131.345 -26.4115
    endloop
  endfacet
  facet normal -0.000355791 0.0398986 -0.999204
    outer loop
      vertex -85.3541 132.846 -26.3515
      vertex -84.94 131.302 -26.4133
      vertex -85.1506 131.23 -26.4161
    endloop
  endfacet
  facet normal -6.11609e-05 0.0398887 -0.999204
    outer loop
      vertex -85.7629 132.707 -26.3571
      vertex -85.1506 131.23 -26.4161
      vertex -85.35 131.132 -26.42
    endloop
  endfacet
  facet normal -0.000139319 0.0399566 -0.999201
    outer loop
      vertex -84.94 131.302 -26.4133
      vertex -85.3541 132.846 -26.3515
      vertex -84.9307 132.93 -26.3482
    endloop
  endfacet
  facet normal 0.000346984 0.0400961 -0.999196
    outer loop
      vertex -86.15 132.517 -26.3647
      vertex -85.35 131.132 -26.42
      vertex -85.5349 131.009 -26.425
    endloop
  endfacet
  facet normal -0.000277099 0.0397398 -0.99921
    outer loop
      vertex -86.5089 132.277 -26.3743
      vertex -85.5349 131.009 -26.425
      vertex -85.7021 130.862 -26.4308
    endloop
  endfacet
  facet normal 0.000101819 0.0399561 -0.999201
    outer loop
      vertex -85.1506 131.23 -26.4161
      vertex -85.7629 132.707 -26.3571
      vertex -85.3541 132.846 -26.3515
    endloop
  endfacet
  facet normal 0.000129566 0.039974 -0.999201
    outer loop
      vertex -86.8335 131.993 -26.3857
      vertex -85.7021 130.862 -26.4308
      vertex -85.8487 130.695 -26.4375
    endloop
  endfacet
  facet normal 1.04141e-05 0.0399611 -0.999201
    outer loop
      vertex -87.1181 131.668 -26.3986
      vertex -85.8487 130.695 -26.4375
      vertex -85.9722 130.51 -26.4449
    endloop
  endfacet
  facet normal 9.02018e-05 0.040124 -0.999195
    outer loop
      vertex -87.3579 131.31 -26.4129
      vertex -85.9722 130.51 -26.4449
      vertex -86.0706 130.311 -26.4529
    endloop
  endfacet
  facet normal -1.18489e-05 0.0399721 -0.999201
    outer loop
      vertex -87.5488 130.923 -26.4284
      vertex -86.0706 130.311 -26.4529
      vertex -86.1421 130.101 -26.4613
    endloop
  endfacet
  facet normal 2.75889e-05 0.0399119 -0.999203
    outer loop
      vertex -85.35 131.132 -26.42
      vertex -86.15 132.517 -26.3647
      vertex -85.7629 132.707 -26.3571
    endloop
  endfacet
  facet normal -7.23687e-05 0.0398909 -0.999204
    outer loop
      vertex -87.6876 130.514 -26.4447
      vertex -86.1421 130.101 -26.4613
      vertex -86.1855 129.883 -26.47
    endloop
  endfacet
  facet normal -3.82603e-05 0.0400604 -0.999197
    outer loop
      vertex -87.7718 130.091 -26.4616
      vertex -86.1855 129.883 -26.47
      vertex -86.2 129.661 -26.4789
    endloop
  endfacet
  facet normal -6.52698e-06 0.0400164 -0.999199
    outer loop
      vertex -87.5488 128.399 -26.5293
      vertex -86.0706 129.011 -26.5048
      vertex -87.3579 128.012 -26.5448
    endloop
  endfacet
  facet normal 6.96262e-06 0.0399576 -0.999201
    outer loop
      vertex -85.5349 131.009 -26.425
      vertex -86.5089 132.277 -26.3743
      vertex -86.15 132.517 -26.3647
    endloop
  endfacet
  facet normal 1.18489e-05 0.0399721 -0.999201
    outer loop
      vertex -86.0706 129.011 -26.5048
      vertex -87.5488 128.399 -26.5293
      vertex -86.1421 129.221 -26.4964
    endloop
  endfacet
  facet normal 0.000123369 0.0399678 -0.999201
    outer loop
      vertex -85.7021 130.862 -26.4308
      vertex -86.8335 131.993 -26.3857
      vertex -86.5089 132.277 -26.3743
    endloop
  endfacet
  facet normal 8.33355e-05 0.0398499 -0.999206
    outer loop
      vertex -87.6876 128.808 -26.513
      vertex -86.1421 129.221 -26.4964
      vertex -87.5488 128.399 -26.5293
    endloop
  endfacet
  facet normal -0.000131591 0.0397761 -0.999209
    outer loop
      vertex -85.8487 130.695 -26.4375
      vertex -87.1181 131.668 -26.3986
      vertex -86.8335 131.993 -26.3857
    endloop
  endfacet
  facet normal 7.23687e-05 0.0398909 -0.999204
    outer loop
      vertex -86.1421 129.221 -26.4964
      vertex -87.6876 128.808 -26.513
      vertex -86.1855 129.439 -26.4877
    endloop
  endfacet
  facet normal -2.324e-05 0.0399278 -0.999203
    outer loop
      vertex -85.9722 130.51 -26.4449
      vertex -87.3579 131.31 -26.4129
      vertex -87.1181 131.668 -26.3986
    endloop
  endfacet
  facet normal 5.51469e-05 0.0399318 -0.999202
    outer loop
      vertex -87.7718 129.231 -26.4961
      vertex -86.1855 129.439 -26.4877
      vertex -87.6876 128.808 -26.513
    endloop
  endfacet
  facet normal 6.52698e-06 0.0400164 -0.999199
    outer loop
      vertex -86.0706 130.311 -26.4529
      vertex -87.5488 130.923 -26.4284
      vertex -87.3579 131.31 -26.4129
    endloop
  endfacet
  facet normal 9.67777e-05 0.0396148 -0.999215
    outer loop
      vertex -86.1855 129.439 -26.4877
      vertex -87.7718 129.231 -26.4961
      vertex -86.2 129.661 -26.4789
    endloop
  endfacet
  facet normal -8.33355e-05 0.0398499 -0.999206
    outer loop
      vertex -86.1421 130.101 -26.4613
      vertex -87.6876 130.514 -26.4447
      vertex -87.5488 130.923 -26.4284
    endloop
  endfacet
  facet normal 0 0.039968 -0.999201
    outer loop
      vertex -87.8 129.661 -26.4789
      vertex -86.2 129.661 -26.4789
      vertex -87.7718 129.231 -26.4961
    endloop
  endfacet
  facet normal -5.51469e-05 0.0399318 -0.999202
    outer loop
      vertex -86.1855 129.883 -26.47
      vertex -87.7718 130.091 -26.4616
      vertex -87.6876 130.514 -26.4447
    endloop
  endfacet
  facet normal 0 0.0402 -0.999192
    outer loop
      vertex -86.2 129.661 -26.4789
      vertex -87.8 129.661 -26.4789
      vertex -87.7718 130.091 -26.4616
    endloop
  endfacet
  facet normal -0.751056 0.659724 0.026043
    outer loop
      vertex -82.1665 127.386 -27.9777
      vertex -81.8819 127.654 -26.5591
      vertex -81.8819 127.71 -27.9777
    endloop
  endfacet
  facet normal -0.752579 0.657961 0.0266817
    outer loop
      vertex -81.8819 127.654 -26.5591
      vertex -82.1665 127.386 -27.9777
      vertex -82.1665 127.329 -26.5721
    endloop
  endfacet
  facet normal -0.997863 -0.0652894 -0.00262691
    outer loop
      vertex -81.2 129.721 -27.9777
      vertex -81.2282 130.091 -26.4616
      vertex -81.2282 130.152 -27.9777
    endloop
  endfacet
  facet normal -0.99786 -0.0653358 -0.00261553
    outer loop
      vertex -81.2282 130.091 -26.4616
      vertex -81.2 129.721 -27.9777
      vertex -81.2 129.661 -26.4789
    endloop
  endfacet
  facet normal -0.832054 0.554241 0.0224342
    outer loop
      vertex -81.8819 127.71 -27.9777
      vertex -81.6421 128.012 -26.5448
      vertex -81.6421 128.07 -27.9777
    endloop
  endfacet
  facet normal -0.831039 0.555781 0.0219397
    outer loop
      vertex -81.6421 128.012 -26.5448
      vertex -81.8819 127.71 -27.9777
      vertex -81.8819 127.654 -26.5591
    endloop
  endfacet
  facet normal 0.442202 -0.896211 -0.0355595
    outer loop
      vertex -85.7629 132.772 -27.9777
      vertex -86.15 132.517 -26.3647
      vertex -86.15 132.581 -27.9777
    endloop
  endfacet
  facet normal 0.440899 -0.896835 -0.0359708
    outer loop
      vertex -86.15 132.517 -26.3647
      vertex -85.7629 132.772 -27.9777
      vertex -85.7629 132.707 -26.3571
    endloop
  endfacet
  facet normal -0.440899 -0.896835 -0.0359708
    outer loop
      vertex -83.2371 132.772 -27.9777
      vertex -82.85 132.517 -26.3647
      vertex -83.2371 132.707 -26.3571
    endloop
  endfacet
  facet normal -0.442202 -0.896211 -0.0355595
    outer loop
      vertex -82.85 132.517 -26.3647
      vertex -83.2371 132.772 -27.9777
      vertex -82.85 132.581 -27.9777
    endloop
  endfacet
  facet normal -0.322153 -0.945932 -0.0378094
    outer loop
      vertex -83.6459 132.911 -27.9777
      vertex -83.2371 132.707 -26.3571
      vertex -83.6459 132.846 -26.3515
    endloop
  endfacet
  facet normal -0.321687 -0.946085 -0.0379462
    outer loop
      vertex -83.2371 132.707 -26.3571
      vertex -83.6459 132.911 -27.9777
      vertex -83.2371 132.772 -27.9777
    endloop
  endfacet
  facet normal -0.440899 0.896823 0.0362693
    outer loop
      vertex -82.85 126.861 -27.9777
      vertex -83.2371 126.615 -26.6006
      vertex -82.85 126.805 -26.593
    endloop
  endfacet
  facet normal -0.442198 0.896203 0.0357935
    outer loop
      vertex -83.2371 126.615 -26.6006
      vertex -82.85 126.861 -27.9777
      vertex -83.2371 126.67 -27.9777
    endloop
  endfacet
  facet normal 0.997863 -0.0652894 -0.00262691
    outer loop
      vertex -87.7718 130.091 -26.4616
      vertex -87.8 129.721 -27.9777
      vertex -87.7718 130.152 -27.9777
    endloop
  endfacet
  facet normal 0.99786 -0.0653358 -0.00261553
    outer loop
      vertex -87.8 129.721 -27.9777
      vertex -87.7718 130.091 -26.4616
      vertex -87.8 129.661 -26.4789
    endloop
  endfacet
  facet normal 0.980817 0.194775 0.00775631
    outer loop
      vertex -87.7718 129.231 -26.4961
      vertex -87.6876 128.866 -27.9777
      vertex -87.7718 129.29 -27.9777
    endloop
  endfacet
  facet normal 0.980788 0.194922 0.00771862
    outer loop
      vertex -87.6876 128.866 -27.9777
      vertex -87.7718 129.231 -26.4961
      vertex -87.6876 128.808 -26.513
    endloop
  endfacet
  facet normal 0.946878 -0.321337 -0.0128593
    outer loop
      vertex -87.5488 130.923 -26.4284
      vertex -87.6876 130.576 -27.9777
      vertex -87.5488 130.985 -27.9777
    endloop
  endfacet
  facet normal 0.947034 -0.320872 -0.0129772
    outer loop
      vertex -87.6876 130.576 -27.9777
      vertex -87.5488 130.923 -26.4284
      vertex -87.6876 130.514 -26.4447
    endloop
  endfacet
  facet normal -0.194746 0.980066 0.0393027
    outer loop
      vertex -83.6459 126.531 -27.9777
      vertex -84.0693 126.392 -26.6095
      vertex -83.6459 126.476 -26.6062
    endloop
  endfacet
  facet normal -0.19445 0.980121 0.0393997
    outer loop
      vertex -84.0693 126.392 -26.6095
      vertex -83.6459 126.531 -27.9777
      vertex -84.0693 126.447 -27.9777
    endloop
  endfacet
  facet normal 0.659482 0.751115 0.0301674
    outer loop
      vertex -86.8335 127.386 -27.9777
      vertex -86.5089 127.045 -26.5834
      vertex -86.5089 127.101 -27.9777
    endloop
  endfacet
  facet normal 0.658767 0.751729 0.0304842
    outer loop
      vertex -86.5089 127.045 -26.5834
      vertex -86.8335 127.386 -27.9777
      vertex -86.8335 127.329 -26.5721
    endloop
  endfacet
  facet normal 0.555562 0.830796 0.033599
    outer loop
      vertex -86.5089 127.101 -27.9777
      vertex -86.15 126.805 -26.593
      vertex -86.15 126.861 -27.9777
    endloop
  endfacet
  facet normal 0.556183 0.830391 0.0333514
    outer loop
      vertex -86.15 126.805 -26.593
      vertex -86.5089 127.101 -27.9777
      vertex -86.5089 127.045 -26.5834
    endloop
  endfacet
  facet normal 0.194746 -0.980071 -0.0391739
    outer loop
      vertex -85.3541 132.911 -27.9777
      vertex -84.9307 132.93 -26.3482
      vertex -85.3541 132.846 -26.3515
    endloop
  endfacet
  facet normal 0.194452 -0.980132 -0.039097
    outer loop
      vertex -84.9307 132.93 -26.3482
      vertex -85.3541 132.911 -27.9777
      vertex -84.9307 132.995 -27.9777
    endloop
  endfacet
  facet normal -0.658772 -0.751744 -0.030006
    outer loop
      vertex -82.4911 132.341 -27.9777
      vertex -82.1665 131.993 -26.3857
      vertex -82.4911 132.277 -26.3743
    endloop
  endfacet
  facet normal -0.659491 -0.751125 -0.0297242
    outer loop
      vertex -82.1665 131.993 -26.3857
      vertex -82.4911 132.341 -27.9777
      vertex -82.1665 132.056 -27.9777
    endloop
  endfacet
  facet normal -0.751055 -0.659723 -0.0261071
    outer loop
      vertex -81.8819 131.732 -27.9777
      vertex -82.1665 131.993 -26.3857
      vertex -82.1665 132.056 -27.9777
    endloop
  endfacet
  facet normal -0.752575 -0.657966 -0.026667
    outer loop
      vertex -82.1665 131.993 -26.3857
      vertex -81.8819 131.732 -27.9777
      vertex -81.8819 131.668 -26.3986
    endloop
  endfacet
  facet normal 0.751055 -0.659723 -0.0261071
    outer loop
      vertex -86.8335 131.993 -26.3857
      vertex -87.1181 131.732 -27.9777
      vertex -86.8335 132.056 -27.9777
    endloop
  endfacet
  facet normal 0.752575 -0.657966 -0.026667
    outer loop
      vertex -87.1181 131.732 -27.9777
      vertex -86.8335 131.993 -26.3857
      vertex -87.1181 131.668 -26.3986
    endloop
  endfacet
  facet normal 0.0649325 -0.997097 -0.0397737
    outer loop
      vertex -84.9307 132.995 -27.9777
      vertex -84.5 132.958 -26.347
      vertex -84.9307 132.93 -26.3482
    endloop
  endfacet
  facet normal 0.0671254 -0.996928 -0.0403491
    outer loop
      vertex -84.5 132.958 -26.347
      vertex -84.9307 132.995 -27.9777
      vertex -84.5 133.024 -27.9777
    endloop
  endfacet
  facet normal 0.832054 0.554241 0.0224342
    outer loop
      vertex -87.3579 128.012 -26.5448
      vertex -87.1181 127.71 -27.9777
      vertex -87.3579 128.07 -27.9777
    endloop
  endfacet
  facet normal 0.831039 0.555781 0.0219397
    outer loop
      vertex -87.1181 127.71 -27.9777
      vertex -87.3579 128.012 -26.5448
      vertex -87.1181 127.654 -26.5591
    endloop
  endfacet
  facet normal 0.659491 -0.751125 -0.0297242
    outer loop
      vertex -86.5089 132.341 -27.9777
      vertex -86.8335 131.993 -26.3857
      vertex -86.8335 132.056 -27.9777
    endloop
  endfacet
  facet normal 0.658772 -0.751744 -0.030006
    outer loop
      vertex -86.8335 131.993 -26.3857
      vertex -86.5089 132.341 -27.9777
      vertex -86.5089 132.277 -26.3743
    endloop
  endfacet
  facet normal 0.55557 -0.830808 -0.0331619
    outer loop
      vertex -86.15 132.581 -27.9777
      vertex -86.5089 132.277 -26.3743
      vertex -86.5089 132.341 -27.9777
    endloop
  endfacet
  facet normal 0.556183 -0.830407 -0.0329486
    outer loop
      vertex -86.5089 132.277 -26.3743
      vertex -86.15 132.581 -27.9777
      vertex -86.15 132.517 -26.3647
    endloop
  endfacet
  facet normal 0.751056 0.659724 0.026043
    outer loop
      vertex -87.1181 127.654 -26.5591
      vertex -86.8335 127.386 -27.9777
      vertex -87.1181 127.71 -27.9777
    endloop
  endfacet
  facet normal 0.752579 0.657961 0.0266817
    outer loop
      vertex -86.8335 127.386 -27.9777
      vertex -87.1181 127.654 -26.5591
      vertex -86.8335 127.329 -26.5721
    endloop
  endfacet
  facet normal -0.980783 0.194946 0.00778314
    outer loop
      vertex 86.1421 129.221 -26.4964
      vertex 86.1855 128.895 -12.862
      vertex 86.1855 129.439 -26.4877
    endloop
  endfacet
  facet normal -0.980783 0.194946 0.00778314
    outer loop
      vertex 86.1855 128.895 -12.862
      vertex 86.1421 129.221 -26.4964
      vertex 86.1421 128.677 -12.8707
    endloop
  endfacet
  facet normal -0.997877 0.0650735 0.00260281
    outer loop
      vertex 86.1855 129.439 -26.4877
      vertex 86.2 129.116 -12.8532
      vertex 86.2 129.661 -26.4789
    endloop
  endfacet
  facet normal -0.997858 0.0653664 0.00260972
    outer loop
      vertex 86.2 129.116 -12.8532
      vertex 86.1855 129.439 -26.4877
      vertex 86.1855 128.895 -12.862
    endloop
  endfacet
  facet normal -0.0630057 -0.997216 -0.0398866
    outer loop
      vertex 84.5 131.36 -26.411
      vertex 84.7219 130.801 -12.7858
      vertex 84.5 130.815 -12.7853
    endloop
  endfacet
  facet normal -0.0674799 -0.996926 -0.0398018
    outer loop
      vertex 84.7219 130.801 -12.7858
      vertex 84.5 131.36 -26.411
      vertex 84.7219 131.345 -26.4115
    endloop
  endfacet
  facet normal 0.658033 0.752387 0.030094
    outer loop
      vertex 83.4651 127.769 -12.907
      vertex 83.2979 128.46 -26.5269
      vertex 83.2979 127.915 -12.9012
    endloop
  endfacet
  facet normal 0.660573 0.750164 0.02995
    outer loop
      vertex 83.2979 128.46 -26.5269
      vertex 83.4651 127.769 -12.907
      vertex 83.4651 128.313 -26.5327
    endloop
  endfacet
  facet normal 0.831909 -0.554468 -0.0221776
    outer loop
      vertex 83.1513 130.15 -12.8118
      vertex 83.0278 130.51 -26.4449
      vertex 83.1513 130.695 -26.4375
    endloop
  endfacet
  facet normal 0.830519 -0.556547 -0.0222199
    outer loop
      vertex 83.0278 130.51 -26.4449
      vertex 83.1513 130.15 -12.8118
      vertex 83.0278 129.966 -12.8192
    endloop
  endfacet
  facet normal 0.197917 -0.979439 -0.0391036
    outer loop
      vertex 84.06 130.757 -12.7876
      vertex 84.2781 131.345 -26.4115
      vertex 84.2781 130.801 -12.7858
    endloop
  endfacet
  facet normal 0.193596 -0.980297 -0.0392099
    outer loop
      vertex 84.2781 131.345 -26.4115
      vertex 84.06 130.757 -12.7876
      vertex 84.06 131.302 -26.4133
    endloop
  endfacet
  facet normal -0.658033 0.752387 0.030094
    outer loop
      vertex 85.7021 128.46 -26.5269
      vertex 85.5349 127.769 -12.907
      vertex 85.7021 127.915 -12.9012
    endloop
  endfacet
  facet normal -0.660573 0.750164 0.02995
    outer loop
      vertex 85.5349 127.769 -12.907
      vertex 85.7021 128.46 -26.5269
      vertex 85.5349 128.313 -26.5327
    endloop
  endfacet
  facet normal -0.946714 -0.321819 -0.0128721
    outer loop
      vertex 86.1421 130.101 -26.4613
      vertex 86.0706 129.766 -12.8272
      vertex 86.0706 130.311 -26.4529
    endloop
  endfacet
  facet normal -0.946714 -0.321819 -0.0128721
    outer loop
      vertex 86.0706 129.766 -12.8272
      vertex 86.1421 130.101 -26.4613
      vertex 86.1421 129.556 -12.8356
    endloop
  endfacet
  facet normal -0.751779 -0.65889 -0.0263059
    outer loop
      vertex 85.8487 130.695 -26.4375
      vertex 85.7021 130.318 -12.8051
      vertex 85.7021 130.862 -26.4308
    endloop
  endfacet
  facet normal -0.753724 -0.656666 -0.0262653
    outer loop
      vertex 85.7021 130.318 -12.8051
      vertex 85.8487 130.695 -26.4375
      vertex 85.8487 130.15 -12.8118
    endloop
  endfacet
  facet normal -0.751779 0.658888 0.0263542
    outer loop
      vertex 85.7021 128.46 -26.5269
      vertex 85.8487 128.082 -12.8945
      vertex 85.8487 128.627 -26.5202
    endloop
  endfacet
  facet normal -0.751779 0.658888 0.0263542
    outer loop
      vertex 85.8487 128.082 -12.8945
      vertex 85.7021 128.46 -26.5269
      vertex 85.7021 127.915 -12.9012
    endloop
  endfacet
  facet normal 0.946714 -0.321819 -0.0128721
    outer loop
      vertex 82.9294 129.766 -12.8272
      vertex 82.8579 130.101 -26.4613
      vertex 82.9294 130.311 -26.4529
    endloop
  endfacet
  facet normal 0.946714 -0.321819 -0.0128721
    outer loop
      vertex 82.8579 130.101 -26.4613
      vertex 82.9294 129.766 -12.8272
      vertex 82.8579 129.556 -12.8356
    endloop
  endfacet
  facet normal -0.319688 -0.946766 -0.0378687
    outer loop
      vertex 84.94 131.302 -26.4133
      vertex 85.1506 130.686 -12.7904
      vertex 84.94 130.757 -12.7876
    endloop
  endfacet
  facet normal -0.323716 -0.945401 -0.0377447
    outer loop
      vertex 85.1506 130.686 -12.7904
      vertex 84.94 131.302 -26.4133
      vertex 85.1506 131.23 -26.4161
    endloop
  endfacet
  facet normal 0.0630057 -0.997216 -0.0398866
    outer loop
      vertex 84.2781 130.801 -12.7858
      vertex 84.5 131.36 -26.411
      vertex 84.5 130.815 -12.7853
    endloop
  endfacet
  facet normal 0.0674799 -0.996926 -0.0398018
    outer loop
      vertex 84.5 131.36 -26.411
      vertex 84.2781 130.801 -12.7858
      vertex 84.2781 131.345 -26.4115
    endloop
  endfacet
  facet normal 0.319688 0.946766 0.0378687
    outer loop
      vertex 84.06 127.476 -12.9187
      vertex 83.8494 128.092 -26.5416
      vertex 83.8494 127.547 -12.9159
    endloop
  endfacet
  facet normal 0.323716 0.945401 0.0377447
    outer loop
      vertex 83.8494 128.092 -26.5416
      vertex 84.06 127.476 -12.9187
      vertex 84.06 128.02 -26.5444
    endloop
  endfacet
  facet normal -0.946714 0.32182 0.0128485
    outer loop
      vertex 86.0706 129.011 -26.5048
      vertex 86.1421 128.677 -12.8707
      vertex 86.1421 129.221 -26.4964
    endloop
  endfacet
  facet normal -0.947178 0.320453 0.0128175
    outer loop
      vertex 86.1421 128.677 -12.8707
      vertex 86.0706 129.011 -26.5048
      vertex 86.0706 128.466 -12.8791
    endloop
  endfacet
  facet normal 0.751779 0.658888 0.0263542
    outer loop
      vertex 83.1513 128.082 -12.8945
      vertex 83.2979 128.46 -26.5269
      vertex 83.1513 128.627 -26.5202
    endloop
  endfacet
  facet normal 0.751779 0.658888 0.0263542
    outer loop
      vertex 83.2979 128.46 -26.5269
      vertex 83.1513 128.082 -12.8945
      vertex 83.2979 127.915 -12.9012
    endloop
  endfacet
  facet normal 0.444987 -0.894824 -0.0357254
    outer loop
      vertex 83.65 130.587 -12.7944
      vertex 83.8494 131.23 -26.4161
      vertex 83.8494 130.686 -12.7904
    endloop
  endfacet
  facet normal 0.441363 -0.896612 -0.0358629
    outer loop
      vertex 83.8494 131.23 -26.4161
      vertex 83.65 130.587 -12.7944
      vertex 83.65 131.132 -26.42
    endloop
  endfacet
  facet normal 0.0630236 0.997215 0.0398865
    outer loop
      vertex 84.5 127.418 -12.9211
      vertex 84.2781 127.977 -26.5462
      vertex 84.2781 127.432 -12.9205
    endloop
  endfacet
  facet normal 0.0674978 0.996925 0.0398018
    outer loop
      vertex 84.2781 127.977 -26.5462
      vertex 84.5 127.418 -12.9211
      vertex 84.5 127.962 -26.5468
    endloop
  endfacet
  facet normal -0.896543 -0.442605 -0.0176708
    outer loop
      vertex 86.0706 130.311 -26.4529
      vertex 85.9722 129.966 -12.8192
      vertex 85.9722 130.51 -26.4449
    endloop
  endfacet
  facet normal -0.89742 -0.440825 -0.0176321
    outer loop
      vertex 85.9722 129.966 -12.8192
      vertex 86.0706 130.311 -26.4529
      vertex 86.0706 129.766 -12.8272
    endloop
  endfacet
  facet normal -0.554173 -0.831736 -0.033268
    outer loop
      vertex 85.35 131.132 -26.42
      vertex 85.5349 130.464 -12.7993
      vertex 85.35 130.587 -12.7944
    endloop
  endfacet
  facet normal -0.554186 -0.831728 -0.0332674
    outer loop
      vertex 85.5349 130.464 -12.7993
      vertex 85.35 131.132 -26.42
      vertex 85.5349 131.009 -26.425
    endloop
  endfacet
  facet normal 0.980783 -0.194946 -0.00779742
    outer loop
      vertex 82.8579 129.556 -12.8356
      vertex 82.8145 129.883 -26.47
      vertex 82.8579 130.101 -26.4613
    endloop
  endfacet
  facet normal 0.980783 -0.194946 -0.00779742
    outer loop
      vertex 82.8145 129.883 -26.47
      vertex 82.8579 129.556 -12.8356
      vertex 82.8145 129.338 -12.8443
    endloop
  endfacet
  facet normal -0.197917 0.979439 0.0391036
    outer loop
      vertex 84.94 128.02 -26.5444
      vertex 84.7219 127.432 -12.9205
      vertex 84.94 127.476 -12.9187
    endloop
  endfacet
  facet normal -0.193596 0.980297 0.0392099
    outer loop
      vertex 84.7219 127.432 -12.9205
      vertex 84.94 128.02 -26.5444
      vertex 84.7219 127.977 -26.5462
    endloop
  endfacet
  facet normal -0.831909 0.554468 0.0221776
    outer loop
      vertex 85.8487 128.627 -26.5202
      vertex 85.9722 128.267 -12.8871
      vertex 85.9722 128.812 -26.5128
    endloop
  endfacet
  facet normal -0.831909 0.554468 0.0221776
    outer loop
      vertex 85.9722 128.267 -12.8871
      vertex 85.8487 128.627 -26.5202
      vertex 85.8487 128.082 -12.8945
    endloop
  endfacet
  facet normal -0.997877 -0.0650723 -0.00260276
    outer loop
      vertex 86.2 129.661 -26.4789
      vertex 86.1855 129.338 -12.8443
      vertex 86.1855 129.883 -26.47
    endloop
  endfacet
  facet normal -0.997877 -0.0650723 -0.00260276
    outer loop
      vertex 86.1855 129.338 -12.8443
      vertex 86.2 129.661 -26.4789
      vertex 86.2 129.116 -12.8532
    endloop
  endfacet
  facet normal -0.319688 0.946766 0.0378687
    outer loop
      vertex 85.1506 128.092 -26.5416
      vertex 84.94 127.476 -12.9187
      vertex 85.1506 127.547 -12.9159
    endloop
  endfacet
  facet normal -0.323716 0.945401 0.0377447
    outer loop
      vertex 84.94 127.476 -12.9187
      vertex 85.1506 128.092 -26.5416
      vertex 84.94 128.02 -26.5444
    endloop
  endfacet
  facet normal -0.557291 0.829657 0.0331237
    outer loop
      vertex 85.5349 128.313 -26.5327
      vertex 85.35 127.645 -12.912
      vertex 85.5349 127.769 -12.907
    endloop
  endfacet
  facet normal -0.554186 0.831728 0.0332674
    outer loop
      vertex 85.35 127.645 -12.912
      vertex 85.5349 128.313 -26.5327
      vertex 85.35 128.19 -26.5377
    endloop
  endfacet
  facet normal 0.197917 0.979439 0.0391036
    outer loop
      vertex 84.2781 127.432 -12.9205
      vertex 84.06 128.02 -26.5444
      vertex 84.06 127.476 -12.9187
    endloop
  endfacet
  facet normal 0.193596 0.980297 0.0392099
    outer loop
      vertex 84.06 128.02 -26.5444
      vertex 84.2781 127.432 -12.9205
      vertex 84.2781 127.977 -26.5462
    endloop
  endfacet
  facet normal -0.658033 -0.752387 -0.030094
    outer loop
      vertex 85.5349 131.009 -26.425
      vertex 85.7021 130.318 -12.8051
      vertex 85.5349 130.464 -12.7993
    endloop
  endfacet
  facet normal -0.660573 -0.750164 -0.02995
    outer loop
      vertex 85.7021 130.318 -12.8051
      vertex 85.5349 131.009 -26.425
      vertex 85.7021 130.862 -26.4308
    endloop
  endfacet
  facet normal 0.896543 0.442604 0.0177032
    outer loop
      vertex 82.9294 128.466 -12.8791
      vertex 83.0278 128.812 -26.5128
      vertex 82.9294 129.011 -26.5048
    endloop
  endfacet
  facet normal 0.896543 0.442604 0.0177032
    outer loop
      vertex 83.0278 128.812 -26.5128
      vertex 82.9294 128.466 -12.8791
      vertex 83.0278 128.267 -12.8871
    endloop
  endfacet
  facet normal -0.980783 -0.194946 -0.00779742
    outer loop
      vertex 86.1855 129.883 -26.47
      vertex 86.1421 129.556 -12.8356
      vertex 86.1421 130.101 -26.4613
    endloop
  endfacet
  facet normal -0.980783 -0.194946 -0.00779742
    outer loop
      vertex 86.1421 129.556 -12.8356
      vertex 86.1855 129.883 -26.47
      vertex 86.1855 129.338 -12.8443
    endloop
  endfacet
  facet normal -0.197917 -0.979439 -0.0391036
    outer loop
      vertex 84.7219 131.345 -26.4115
      vertex 84.94 130.757 -12.7876
      vertex 84.7219 130.801 -12.7858
    endloop
  endfacet
  facet normal -0.193596 -0.980297 -0.0392099
    outer loop
      vertex 84.94 130.757 -12.7876
      vertex 84.7219 131.345 -26.4115
      vertex 84.94 131.302 -26.4133
    endloop
  endfacet
  facet normal 0.658033 -0.752387 -0.030094
    outer loop
      vertex 83.2979 130.318 -12.8051
      vertex 83.4651 131.009 -26.425
      vertex 83.4651 130.464 -12.7993
    endloop
  endfacet
  facet normal 0.660573 -0.750164 -0.02995
    outer loop
      vertex 83.4651 131.009 -26.425
      vertex 83.2979 130.318 -12.8051
      vertex 83.2979 130.862 -26.4308
    endloop
  endfacet
  facet normal 0.751779 -0.65889 -0.0263059
    outer loop
      vertex 83.2979 130.318 -12.8051
      vertex 83.1513 130.695 -26.4375
      vertex 83.2979 130.862 -26.4308
    endloop
  endfacet
  facet normal 0.753724 -0.656666 -0.0262653
    outer loop
      vertex 83.1513 130.695 -26.4375
      vertex 83.2979 130.318 -12.8051
      vertex 83.1513 130.15 -12.8118
    endloop
  endfacet
  facet normal -0.0630236 0.997215 0.0398865
    outer loop
      vertex 84.7219 127.977 -26.5462
      vertex 84.5 127.418 -12.9211
      vertex 84.7219 127.432 -12.9205
    endloop
  endfacet
  facet normal -0.0674978 0.996925 0.0398018
    outer loop
      vertex 84.5 127.418 -12.9211
      vertex 84.7219 127.977 -26.5462
      vertex 84.5 127.962 -26.5468
    endloop
  endfacet
  facet normal -0.441363 0.896612 0.0358626
    outer loop
      vertex 85.35 128.19 -26.5377
      vertex 85.1506 127.547 -12.9159
      vertex 85.35 127.645 -12.912
    endloop
  endfacet
  facet normal -0.441363 0.896612 0.0358626
    outer loop
      vertex 85.1506 127.547 -12.9159
      vertex 85.35 128.19 -26.5377
      vertex 85.1506 128.092 -26.5416
    endloop
  endfacet
  facet normal -0.831909 -0.554468 -0.0221776
    outer loop
      vertex 85.9722 130.51 -26.4449
      vertex 85.8487 130.15 -12.8118
      vertex 85.8487 130.695 -26.4375
    endloop
  endfacet
  facet normal -0.830519 -0.556547 -0.0222199
    outer loop
      vertex 85.8487 130.15 -12.8118
      vertex 85.9722 130.51 -26.4449
      vertex 85.9722 129.966 -12.8192
    endloop
  endfacet
  facet normal 0.997877 -0.0650723 -0.00260276
    outer loop
      vertex 82.8145 129.338 -12.8443
      vertex 82.8 129.661 -26.4789
      vertex 82.8145 129.883 -26.47
    endloop
  endfacet
  facet normal 0.997877 -0.0650723 -0.00260276
    outer loop
      vertex 82.8 129.661 -26.4789
      vertex 82.8145 129.338 -12.8443
      vertex 82.8 129.116 -12.8532
    endloop
  endfacet
  facet normal -0.444987 -0.894824 -0.0357254
    outer loop
      vertex 85.1506 131.23 -26.4161
      vertex 85.35 130.587 -12.7944
      vertex 85.1506 130.686 -12.7904
    endloop
  endfacet
  facet normal -0.441363 -0.896612 -0.0358629
    outer loop
      vertex 85.35 130.587 -12.7944
      vertex 85.1506 131.23 -26.4161
      vertex 85.35 131.132 -26.42
    endloop
  endfacet
  facet normal 0.980783 0.194946 0.00778314
    outer loop
      vertex 82.8145 128.895 -12.862
      vertex 82.8579 129.221 -26.4964
      vertex 82.8145 129.439 -26.4877
    endloop
  endfacet
  facet normal 0.980783 0.194946 0.00778314
    outer loop
      vertex 82.8579 129.221 -26.4964
      vertex 82.8145 128.895 -12.862
      vertex 82.8579 128.677 -12.8707
    endloop
  endfacet
  facet normal 0.896543 -0.442605 -0.0176708
    outer loop
      vertex 83.0278 129.966 -12.8192
      vertex 82.9294 130.311 -26.4529
      vertex 83.0278 130.51 -26.4449
    endloop
  endfacet
  facet normal 0.89742 -0.440825 -0.0176321
    outer loop
      vertex 82.9294 130.311 -26.4529
      vertex 83.0278 129.966 -12.8192
      vertex 82.9294 129.766 -12.8272
    endloop
  endfacet
  facet normal 0.946714 0.32182 0.0128485
    outer loop
      vertex 82.8579 128.677 -12.8707
      vertex 82.9294 129.011 -26.5048
      vertex 82.8579 129.221 -26.4964
    endloop
  endfacet
  facet normal 0.947178 0.320453 0.0128175
    outer loop
      vertex 82.9294 129.011 -26.5048
      vertex 82.8579 128.677 -12.8707
      vertex 82.9294 128.466 -12.8791
    endloop
  endfacet
  facet normal 0.557291 0.829657 0.0331237
    outer loop
      vertex 83.65 127.645 -12.912
      vertex 83.4651 128.313 -26.5327
      vertex 83.4651 127.769 -12.907
    endloop
  endfacet
  facet normal 0.554186 0.831728 0.0332674
    outer loop
      vertex 83.4651 128.313 -26.5327
      vertex 83.65 127.645 -12.912
      vertex 83.65 128.19 -26.5377
    endloop
  endfacet
  facet normal -0.896543 0.442604 0.0177032
    outer loop
      vertex 85.9722 128.812 -26.5128
      vertex 86.0706 128.466 -12.8791
      vertex 86.0706 129.011 -26.5048
    endloop
  endfacet
  facet normal -0.896543 0.442604 0.0177032
    outer loop
      vertex 86.0706 128.466 -12.8791
      vertex 85.9722 128.812 -26.5128
      vertex 85.9722 128.267 -12.8871
    endloop
  endfacet
  facet normal 0.997877 0.0650735 0.00260281
    outer loop
      vertex 82.8 129.116 -12.8532
      vertex 82.8145 129.439 -26.4877
      vertex 82.8 129.661 -26.4789
    endloop
  endfacet
  facet normal 0.997858 0.0653664 0.00260972
    outer loop
      vertex 82.8145 129.439 -26.4877
      vertex 82.8 129.116 -12.8532
      vertex 82.8145 128.895 -12.862
    endloop
  endfacet
  facet normal 0.319688 -0.946766 -0.0378687
    outer loop
      vertex 83.8494 130.686 -12.7904
      vertex 84.06 131.302 -26.4133
      vertex 84.06 130.757 -12.7876
    endloop
  endfacet
  facet normal 0.323716 -0.945401 -0.0377447
    outer loop
      vertex 84.06 131.302 -26.4133
      vertex 83.8494 130.686 -12.7904
      vertex 83.8494 131.23 -26.4161
    endloop
  endfacet
  facet normal 0.441363 0.896612 0.0358626
    outer loop
      vertex 83.8494 127.547 -12.9159
      vertex 83.65 128.19 -26.5377
      vertex 83.65 127.645 -12.912
    endloop
  endfacet
  facet normal 0.441363 0.896612 0.0358626
    outer loop
      vertex 83.65 128.19 -26.5377
      vertex 83.8494 127.547 -12.9159
      vertex 83.8494 128.092 -26.5416
    endloop
  endfacet
  facet normal 0.831909 0.554468 0.0221776
    outer loop
      vertex 83.0278 128.267 -12.8871
      vertex 83.1513 128.627 -26.5202
      vertex 83.0278 128.812 -26.5128
    endloop
  endfacet
  facet normal 0.831909 0.554468 0.0221776
    outer loop
      vertex 83.1513 128.627 -26.5202
      vertex 83.0278 128.267 -12.8871
      vertex 83.1513 128.082 -12.8945
    endloop
  endfacet
  facet normal 0.554173 -0.831736 -0.033268
    outer loop
      vertex 83.4651 130.464 -12.7993
      vertex 83.65 131.132 -26.42
      vertex 83.65 130.587 -12.7944
    endloop
  endfacet
  facet normal 0.554186 -0.831728 -0.0332674
    outer loop
      vertex 83.65 131.132 -26.42
      vertex 83.4651 130.464 -12.7993
      vertex 83.4651 131.009 -26.425
    endloop
  endfacet
  facet normal -0.980817 0.194775 0.00775631
    outer loop
      vertex 87.6876 128.866 -27.9777
      vertex 87.7718 129.231 -26.4961
      vertex 87.7718 129.29 -27.9777
    endloop
  endfacet
  facet normal -0.980788 0.194922 0.00771862
    outer loop
      vertex 87.7718 129.231 -26.4961
      vertex 87.6876 128.866 -27.9777
      vertex 87.6876 128.808 -26.513
    endloop
  endfacet
  facet normal -0.997863 0.0652894 0.00261367
    outer loop
      vertex 87.7718 129.29 -27.9777
      vertex 87.8 129.661 -26.4789
      vertex 87.8 129.721 -27.9777
    endloop
  endfacet
  facet normal -0.99786 0.065337 0.00260184
    outer loop
      vertex 87.8 129.661 -26.4789
      vertex 87.7718 129.29 -27.9777
      vertex 87.7718 129.231 -26.4961
    endloop
  endfacet
  facet normal -0.946879 0.321337 0.0127245
    outer loop
      vertex 87.5488 128.457 -27.9777
      vertex 87.6876 128.808 -26.513
      vertex 87.6876 128.866 -27.9777
    endloop
  endfacet
  facet normal -0.947034 0.320877 0.0128493
    outer loop
      vertex 87.6876 128.808 -26.513
      vertex 87.5488 128.457 -27.9777
      vertex 87.5488 128.399 -26.5293
    endloop
  endfacet
  facet normal -0.0649326 0.997084 0.0400816
    outer loop
      vertex 84.9307 126.447 -27.9777
      vertex 84.5 126.364 -26.6107
      vertex 84.9307 126.392 -26.6095
    endloop
  endfacet
  facet normal -0.067128 0.996967 0.0393827
    outer loop
      vertex 84.5 126.364 -26.6107
      vertex 84.9307 126.447 -27.9777
      vertex 84.5 126.418 -27.9777
    endloop
  endfacet
  facet normal 0.896684 0.442318 0.0177122
    outer loop
      vertex 81.4512 128.399 -26.5293
      vertex 81.6421 128.07 -27.9777
      vertex 81.4512 128.457 -27.9777
    endloop
  endfacet
  facet normal 0.896965 0.44174 0.0178805
    outer loop
      vertex 81.6421 128.07 -27.9777
      vertex 81.4512 128.399 -26.5293
      vertex 81.6421 128.012 -26.5448
    endloop
  endfacet
  facet normal -0.322153 0.945933 0.0377796
    outer loop
      vertex 85.7629 126.67 -27.9777
      vertex 85.3541 126.476 -26.6062
      vertex 85.7629 126.615 -26.6006
    endloop
  endfacet
  facet normal -0.321688 0.946085 0.03794
    outer loop
      vertex 85.3541 126.476 -26.6062
      vertex 85.7629 126.67 -27.9777
      vertex 85.3541 126.531 -27.9777
    endloop
  endfacet
  facet normal -0.980816 -0.194775 -0.00787741
    outer loop
      vertex 87.7718 130.152 -27.9777
      vertex 87.6876 130.514 -26.4447
      vertex 87.6876 130.576 -27.9777
    endloop
  endfacet
  facet normal -0.980788 -0.194917 -0.00784244
    outer loop
      vertex 87.6876 130.514 -26.4447
      vertex 87.7718 130.152 -27.9777
      vertex 87.7718 130.091 -26.4616
    endloop
  endfacet
  facet normal -0.556183 0.830391 0.0333514
    outer loop
      vertex 86.5089 127.101 -27.9777
      vertex 86.15 126.805 -26.593
      vertex 86.5089 127.045 -26.5834
    endloop
  endfacet
  facet normal -0.555562 0.830796 0.033599
    outer loop
      vertex 86.15 126.805 -26.593
      vertex 86.5089 127.101 -27.9777
      vertex 86.15 126.861 -27.9777
    endloop
  endfacet
  facet normal 0.980816 -0.194775 -0.00787741
    outer loop
      vertex 81.3124 130.514 -26.4447
      vertex 81.2282 130.152 -27.9777
      vertex 81.3124 130.576 -27.9777
    endloop
  endfacet
  facet normal 0.980788 -0.194917 -0.00784244
    outer loop
      vertex 81.2282 130.152 -27.9777
      vertex 81.3124 130.514 -26.4447
      vertex 81.2282 130.091 -26.4616
    endloop
  endfacet
  facet normal 0.896687 -0.442319 -0.0175254
    outer loop
      vertex 81.6421 131.31 -26.4129
      vertex 81.4512 130.985 -27.9777
      vertex 81.6421 131.372 -27.9777
    endloop
  endfacet
  facet normal 0.896965 -0.441748 -0.0176779
    outer loop
      vertex 81.4512 130.985 -27.9777
      vertex 81.6421 131.31 -26.4129
      vertex 81.4512 130.923 -26.4284
    endloop
  endfacet
  facet normal -0.896684 0.442318 0.0177122
    outer loop
      vertex 87.3579 128.07 -27.9777
      vertex 87.5488 128.399 -26.5293
      vertex 87.5488 128.457 -27.9777
    endloop
  endfacet
  facet normal -0.896965 0.44174 0.0178805
    outer loop
      vertex 87.5488 128.399 -26.5293
      vertex 87.3579 128.07 -27.9777
      vertex 87.3579 128.012 -26.5448
    endloop
  endfacet
  facet normal 0.194745 0.980062 0.0393973
    outer loop
      vertex 84.0693 126.447 -27.9777
      vertex 83.6459 126.476 -26.6062
      vertex 84.0693 126.392 -26.6095
    endloop
  endfacet
  facet normal 0.194451 0.980124 0.039305
    outer loop
      vertex 83.6459 126.476 -26.6062
      vertex 84.0693 126.447 -27.9777
      vertex 83.6459 126.531 -27.9777
    endloop
  endfacet
  facet normal 0.321687 -0.946085 -0.0379462
    outer loop
      vertex 83.6459 132.911 -27.9777
      vertex 83.2371 132.707 -26.3571
      vertex 83.2371 132.772 -27.9777
    endloop
  endfacet
  facet normal 0.322153 -0.945932 -0.0378094
    outer loop
      vertex 83.2371 132.707 -26.3571
      vertex 83.6459 132.911 -27.9777
      vertex 83.6459 132.846 -26.3515
    endloop
  endfacet
  facet normal -0.946878 -0.321337 -0.0128593
    outer loop
      vertex 87.6876 130.576 -27.9777
      vertex 87.5488 130.923 -26.4284
      vertex 87.5488 130.985 -27.9777
    endloop
  endfacet
  facet normal -0.947034 -0.320872 -0.0129772
    outer loop
      vertex 87.5488 130.923 -26.4284
      vertex 87.6876 130.576 -27.9777
      vertex 87.6876 130.514 -26.4447
    endloop
  endfacet
  facet normal -0.0649326 -0.997073 -0.040355
    outer loop
      vertex 84.5 133.024 -27.9777
      vertex 84.9307 132.93 -26.3482
      vertex 84.5 132.958 -26.347
    endloop
  endfacet
  facet normal -0.067127 -0.996952 -0.0397679
    outer loop
      vertex 84.9307 132.93 -26.3482
      vertex 84.5 133.024 -27.9777
      vertex 84.9307 132.995 -27.9777
    endloop
  endfacet
  facet normal -0.556183 -0.830407 -0.0329486
    outer loop
      vertex 86.15 132.581 -27.9777
      vertex 86.5089 132.277 -26.3743
      vertex 86.15 132.517 -26.3647
    endloop
  endfacet
  facet normal -0.55557 -0.830808 -0.0331619
    outer loop
      vertex 86.5089 132.277 -26.3743
      vertex 86.15 132.581 -27.9777
      vertex 86.5089 132.341 -27.9777
    endloop
  endfacet
  facet normal 0.321688 0.946085 0.03794
    outer loop
      vertex 83.2371 126.67 -27.9777
      vertex 83.6459 126.476 -26.6062
      vertex 83.6459 126.531 -27.9777
    endloop
  endfacet
  facet normal 0.322153 0.945933 0.0377796
    outer loop
      vertex 83.6459 126.476 -26.6062
      vertex 83.2371 126.67 -27.9777
      vertex 83.2371 126.615 -26.6006
    endloop
  endfacet
  facet normal -0.194746 -0.980074 -0.0390947
    outer loop
      vertex 84.9307 132.995 -27.9777
      vertex 85.3541 132.846 -26.3515
      vertex 84.9307 132.93 -26.3482
    endloop
  endfacet
  facet normal -0.194452 -0.980129 -0.0391762
    outer loop
      vertex 85.3541 132.846 -26.3515
      vertex 84.9307 132.995 -27.9777
      vertex 85.3541 132.911 -27.9777
    endloop
  endfacet
  facet normal 0.832054 -0.55424 -0.022463
    outer loop
      vertex 81.8819 131.668 -26.3986
      vertex 81.6421 131.372 -27.9777
      vertex 81.8819 131.732 -27.9777
    endloop
  endfacet
  facet normal 0.831039 -0.555778 -0.0220208
    outer loop
      vertex 81.6421 131.372 -27.9777
      vertex 81.8819 131.668 -26.3986
      vertex 81.6421 131.31 -26.4129
    endloop
  endfacet
  facet normal -0.658767 0.751729 0.0304842
    outer loop
      vertex 86.8335 127.386 -27.9777
      vertex 86.5089 127.045 -26.5834
      vertex 86.8335 127.329 -26.5721
    endloop
  endfacet
  facet normal -0.659482 0.751115 0.0301674
    outer loop
      vertex 86.5089 127.045 -26.5834
      vertex 86.8335 127.386 -27.9777
      vertex 86.5089 127.101 -27.9777
    endloop
  endfacet
  facet normal 0.946879 0.321337 0.0127245
    outer loop
      vertex 81.3124 128.808 -26.513
      vertex 81.4512 128.457 -27.9777
      vertex 81.3124 128.866 -27.9777
    endloop
  endfacet
  facet normal 0.947034 0.320877 0.0128493
    outer loop
      vertex 81.4512 128.457 -27.9777
      vertex 81.3124 128.808 -26.513
      vertex 81.4512 128.399 -26.5293
    endloop
  endfacet
  facet normal 0.442198 0.896203 0.0357935
    outer loop
      vertex 82.85 126.861 -27.9777
      vertex 83.2371 126.615 -26.6006
      vertex 83.2371 126.67 -27.9777
    endloop
  endfacet
  facet normal 0.440899 0.896823 0.0362693
    outer loop
      vertex 83.2371 126.615 -26.6006
      vertex 82.85 126.861 -27.9777
      vertex 82.85 126.805 -26.593
    endloop
  endfacet
  facet normal -0.832054 -0.55424 -0.022463
    outer loop
      vertex 87.3579 131.372 -27.9777
      vertex 87.1181 131.668 -26.3986
      vertex 87.1181 131.732 -27.9777
    endloop
  endfacet
  facet normal -0.831039 -0.555778 -0.0220208
    outer loop
      vertex 87.1181 131.668 -26.3986
      vertex 87.3579 131.372 -27.9777
      vertex 87.3579 131.31 -26.4129
    endloop
  endfacet
  facet normal 0 0.039968 -0.999201
    outer loop
      vertex 86.2 129.661 -26.4789
      vertex 87.8 129.661 -26.4789
      vertex 87.7718 129.231 -26.4961
    endloop
  endfacet
  facet normal -5.51469e-05 0.0399318 -0.999202
    outer loop
      vertex 86.1855 129.439 -26.4877
      vertex 87.7718 129.231 -26.4961
      vertex 87.6876 128.808 -26.513
    endloop
  endfacet
  facet normal 0 0.0402 -0.999192
    outer loop
      vertex 87.8 129.661 -26.4789
      vertex 86.2 129.661 -26.4789
      vertex 87.7718 130.091 -26.4616
    endloop
  endfacet
  facet normal -8.33355e-05 0.0398499 -0.999206
    outer loop
      vertex 86.1421 129.221 -26.4964
      vertex 87.6876 128.808 -26.513
      vertex 87.5488 128.399 -26.5293
    endloop
  endfacet
  facet normal 3.82603e-05 0.0400604 -0.999197
    outer loop
      vertex 86.1855 129.883 -26.47
      vertex 87.7718 130.091 -26.4616
      vertex 86.2 129.661 -26.4789
    endloop
  endfacet
  facet normal 6.52698e-06 0.0400164 -0.999199
    outer loop
      vertex 86.0706 129.011 -26.5048
      vertex 87.5488 128.399 -26.5293
      vertex 87.3579 128.012 -26.5448
    endloop
  endfacet
  facet normal 5.51469e-05 0.0399318 -0.999202
    outer loop
      vertex 87.7718 130.091 -26.4616
      vertex 86.1855 129.883 -26.47
      vertex 87.6876 130.514 -26.4447
    endloop
  endfacet
  facet normal -2.324e-05 0.0399278 -0.999203
    outer loop
      vertex 85.9722 128.812 -26.5128
      vertex 87.3579 128.012 -26.5448
      vertex 87.1181 127.654 -26.5591
    endloop
  endfacet
  facet normal 7.23687e-05 0.0398909 -0.999204
    outer loop
      vertex 86.1421 130.101 -26.4613
      vertex 87.6876 130.514 -26.4447
      vertex 86.1855 129.883 -26.47
    endloop
  endfacet
  facet normal 9.41999e-06 0.0399598 -0.999201
    outer loop
      vertex 85.8487 128.627 -26.5202
      vertex 87.1181 127.654 -26.5591
      vertex 86.8335 127.329 -26.5721
    endloop
  endfacet
  facet normal 8.33355e-05 0.0398499 -0.999206
    outer loop
      vertex 87.6876 130.514 -26.4447
      vertex 86.1421 130.101 -26.4613
      vertex 87.5488 130.923 -26.4284
    endloop
  endfacet
  facet normal -8.20044e-05 0.0398509 -0.999206
    outer loop
      vertex 85.7021 128.46 -26.5269
      vertex 86.8335 127.329 -26.5721
      vertex 86.5089 127.045 -26.5834
    endloop
  endfacet
  facet normal 1.18489e-05 0.0399721 -0.999201
    outer loop
      vertex 86.0706 130.311 -26.4529
      vertex 87.5488 130.923 -26.4284
      vertex 86.1421 130.101 -26.4613
    endloop
  endfacet
  facet normal -6.52698e-06 0.0400164 -0.999199
    outer loop
      vertex 87.5488 130.923 -26.4284
      vertex 86.0706 130.311 -26.4529
      vertex 87.3579 131.31 -26.4129
    endloop
  endfacet
  facet normal -9.67777e-05 0.0396148 -0.999215
    outer loop
      vertex 87.7718 129.231 -26.4961
      vertex 86.1855 129.439 -26.4877
      vertex 86.2 129.661 -26.4789
    endloop
  endfacet
  facet normal 6.96262e-06 0.0399576 -0.999201
    outer loop
      vertex 85.5349 128.313 -26.5327
      vertex 86.5089 127.045 -26.5834
      vertex 86.15 126.805 -26.593
    endloop
  endfacet
  facet normal -7.23687e-05 0.0398909 -0.999204
    outer loop
      vertex 87.6876 128.808 -26.513
      vertex 86.1421 129.221 -26.4964
      vertex 86.1855 129.439 -26.4877
    endloop
  endfacet
  facet normal -1.18489e-05 0.0399721 -0.999201
    outer loop
      vertex 87.5488 128.399 -26.5293
      vertex 86.0706 129.011 -26.5048
      vertex 86.1421 129.221 -26.4964
    endloop
  endfacet
  facet normal 9.02018e-05 0.040124 -0.999195
    outer loop
      vertex 87.3579 128.012 -26.5448
      vertex 85.9722 128.812 -26.5128
      vertex 86.0706 129.011 -26.5048
    endloop
  endfacet
  facet normal 1.04141e-05 0.0399611 -0.999201
    outer loop
      vertex 87.1181 127.654 -26.5591
      vertex 85.8487 128.627 -26.5202
      vertex 85.9722 128.812 -26.5128
    endloop
  endfacet
  facet normal 2.75889e-05 0.0399119 -0.999203
    outer loop
      vertex 85.35 128.19 -26.5377
      vertex 86.15 126.805 -26.593
      vertex 85.7629 126.615 -26.6006
    endloop
  endfacet
  facet normal 8.25276e-05 0.0400152 -0.999199
    outer loop
      vertex 86.8335 127.329 -26.5721
      vertex 85.7021 128.46 -26.5269
      vertex 85.8487 128.627 -26.5202
    endloop
  endfacet
  facet normal -0.000277099 0.0397398 -0.99921
    outer loop
      vertex 86.5089 127.045 -26.5834
      vertex 85.5349 128.313 -26.5327
      vertex 85.7021 128.46 -26.5269
    endloop
  endfacet
  facet normal 0.000101819 0.0399561 -0.999201
    outer loop
      vertex 85.1506 128.092 -26.5416
      vertex 85.7629 126.615 -26.6006
      vertex 85.3541 126.476 -26.6062
    endloop
  endfacet
  facet normal 0.000346984 0.0400961 -0.999196
    outer loop
      vertex 86.15 126.805 -26.593
      vertex 85.35 128.19 -26.5377
      vertex 85.5349 128.313 -26.5327
    endloop
  endfacet
  facet normal -6.11609e-05 0.0398887 -0.999204
    outer loop
      vertex 85.7629 126.615 -26.6006
      vertex 85.1506 128.092 -26.5416
      vertex 85.35 128.19 -26.5377
    endloop
  endfacet
  facet normal -0.000355791 0.0398986 -0.999204
    outer loop
      vertex 85.3541 126.476 -26.6062
      vertex 84.94 128.02 -26.5444
      vertex 85.1506 128.092 -26.5416
    endloop
  endfacet
  facet normal -0.000139319 0.0399566 -0.999201
    outer loop
      vertex 84.9307 126.392 -26.6095
      vertex 84.94 128.02 -26.5444
      vertex 85.3541 126.476 -26.6062
    endloop
  endfacet
  facet normal 0.000369347 0.0399537 -0.999201
    outer loop
      vertex 84.9307 126.392 -26.6095
      vertex 84.7219 127.977 -26.5462
      vertex 84.94 128.02 -26.5444
    endloop
  endfacet
  facet normal 0.000188084 0.0399298 -0.999202
    outer loop
      vertex 84.5 126.364 -26.6107
      vertex 84.7219 127.977 -26.5462
      vertex 84.9307 126.392 -26.6095
    endloop
  endfacet
  facet normal 8.45357e-07 0.0399556 -0.999201
    outer loop
      vertex 84.5 126.364 -26.6107
      vertex 84.5 127.962 -26.5468
      vertex 84.7219 127.977 -26.5462
    endloop
  endfacet
  facet normal -8.45357e-07 0.0399556 -0.999201
    outer loop
      vertex 84.5 126.364 -26.6107
      vertex 84.2781 127.977 -26.5462
      vertex 84.5 127.962 -26.5468
    endloop
  endfacet
  facet normal -0.000188084 0.0399298 -0.999202
    outer loop
      vertex 84.0693 126.392 -26.6095
      vertex 84.2781 127.977 -26.5462
      vertex 84.5 126.364 -26.6107
    endloop
  endfacet
  facet normal -0.000369347 0.0399537 -0.999201
    outer loop
      vertex 84.0693 126.392 -26.6095
      vertex 84.06 128.02 -26.5444
      vertex 84.2781 127.977 -26.5462
    endloop
  endfacet
  facet normal 0.000139319 0.0399566 -0.999201
    outer loop
      vertex 83.6459 126.476 -26.6062
      vertex 84.06 128.02 -26.5444
      vertex 84.0693 126.392 -26.6095
    endloop
  endfacet
  facet normal 0.000355791 0.0398986 -0.999204
    outer loop
      vertex 84.06 128.02 -26.5444
      vertex 83.6459 126.476 -26.6062
      vertex 83.8494 128.092 -26.5416
    endloop
  endfacet
  facet normal -0.000101819 0.0399561 -0.999201
    outer loop
      vertex 83.2371 126.615 -26.6006
      vertex 83.8494 128.092 -26.5416
      vertex 83.6459 126.476 -26.6062
    endloop
  endfacet
  facet normal 6.11609e-05 0.0398887 -0.999204
    outer loop
      vertex 83.8494 128.092 -26.5416
      vertex 83.2371 126.615 -26.6006
      vertex 83.65 128.19 -26.5377
    endloop
  endfacet
  facet normal -2.75889e-05 0.0399119 -0.999203
    outer loop
      vertex 82.85 126.805 -26.593
      vertex 83.65 128.19 -26.5377
      vertex 83.2371 126.615 -26.6006
    endloop
  endfacet
  facet normal -0.000346984 0.0400961 -0.999196
    outer loop
      vertex 83.65 128.19 -26.5377
      vertex 82.85 126.805 -26.593
      vertex 83.4651 128.313 -26.5327
    endloop
  endfacet
  facet normal -6.96262e-06 0.0399576 -0.999201
    outer loop
      vertex 82.4911 127.045 -26.5834
      vertex 83.4651 128.313 -26.5327
      vertex 82.85 126.805 -26.593
    endloop
  endfacet
  facet normal 0.000277099 0.0397398 -0.99921
    outer loop
      vertex 83.4651 128.313 -26.5327
      vertex 82.4911 127.045 -26.5834
      vertex 83.2979 128.46 -26.5269
    endloop
  endfacet
  facet normal 8.20044e-05 0.0398509 -0.999206
    outer loop
      vertex 82.1665 127.329 -26.5721
      vertex 83.2979 128.46 -26.5269
      vertex 82.4911 127.045 -26.5834
    endloop
  endfacet
  facet normal -8.25276e-05 0.0400152 -0.999199
    outer loop
      vertex 83.2979 128.46 -26.5269
      vertex 82.1665 127.329 -26.5721
      vertex 83.1513 128.627 -26.5202
    endloop
  endfacet
  facet normal -9.41999e-06 0.0399598 -0.999201
    outer loop
      vertex 81.8819 127.654 -26.5591
      vertex 83.1513 128.627 -26.5202
      vertex 82.1665 127.329 -26.5721
    endloop
  endfacet
  facet normal -1.04141e-05 0.0399611 -0.999201
    outer loop
      vertex 83.1513 128.627 -26.5202
      vertex 81.8819 127.654 -26.5591
      vertex 83.0278 128.812 -26.5128
    endloop
  endfacet
  facet normal 2.324e-05 0.0399278 -0.999203
    outer loop
      vertex 81.6421 128.012 -26.5448
      vertex 83.0278 128.812 -26.5128
      vertex 81.8819 127.654 -26.5591
    endloop
  endfacet
  facet normal -9.02018e-05 0.040124 -0.999195
    outer loop
      vertex 83.0278 128.812 -26.5128
      vertex 81.6421 128.012 -26.5448
      vertex 82.9294 129.011 -26.5048
    endloop
  endfacet
  facet normal -9.02018e-05 0.040124 -0.999195
    outer loop
      vertex 85.9722 130.51 -26.4449
      vertex 87.3579 131.31 -26.4129
      vertex 86.0706 130.311 -26.4529
    endloop
  endfacet
  facet normal 2.324e-05 0.0399278 -0.999203
    outer loop
      vertex 87.3579 131.31 -26.4129
      vertex 85.9722 130.51 -26.4449
      vertex 87.1181 131.668 -26.3986
    endloop
  endfacet
  facet normal -1.04141e-05 0.0399611 -0.999201
    outer loop
      vertex 85.8487 130.695 -26.4375
      vertex 87.1181 131.668 -26.3986
      vertex 85.9722 130.51 -26.4449
    endloop
  endfacet
  facet normal 0.000131591 0.0397761 -0.999209
    outer loop
      vertex 87.1181 131.668 -26.3986
      vertex 85.8487 130.695 -26.4375
      vertex 86.8335 131.993 -26.3857
    endloop
  endfacet
  facet normal -0.000129566 0.039974 -0.999201
    outer loop
      vertex 85.7021 130.862 -26.4308
      vertex 86.8335 131.993 -26.3857
      vertex 85.8487 130.695 -26.4375
    endloop
  endfacet
  facet normal -0.000123369 0.0399678 -0.999201
    outer loop
      vertex 86.8335 131.993 -26.3857
      vertex 85.7021 130.862 -26.4308
      vertex 86.5089 132.277 -26.3743
    endloop
  endfacet
  facet normal 0.000277099 0.0397398 -0.99921
    outer loop
      vertex 85.5349 131.009 -26.425
      vertex 86.5089 132.277 -26.3743
      vertex 85.7021 130.862 -26.4308
    endloop
  endfacet
  facet normal -6.96262e-06 0.0399576 -0.999201
    outer loop
      vertex 86.5089 132.277 -26.3743
      vertex 85.5349 131.009 -26.425
      vertex 86.15 132.517 -26.3647
    endloop
  endfacet
  facet normal -0.000346984 0.0400961 -0.999196
    outer loop
      vertex 85.35 131.132 -26.42
      vertex 86.15 132.517 -26.3647
      vertex 85.5349 131.009 -26.425
    endloop
  endfacet
  facet normal -2.75889e-05 0.0399119 -0.999203
    outer loop
      vertex 86.15 132.517 -26.3647
      vertex 85.35 131.132 -26.42
      vertex 85.7629 132.707 -26.3571
    endloop
  endfacet
  facet normal 6.11609e-05 0.0398887 -0.999204
    outer loop
      vertex 85.1506 131.23 -26.4161
      vertex 85.7629 132.707 -26.3571
      vertex 85.35 131.132 -26.42
    endloop
  endfacet
  facet normal -0.000101819 0.0399561 -0.999201
    outer loop
      vertex 85.7629 132.707 -26.3571
      vertex 85.1506 131.23 -26.4161
      vertex 85.3541 132.846 -26.3515
    endloop
  endfacet
  facet normal 0.000355791 0.0398986 -0.999204
    outer loop
      vertex 84.94 131.302 -26.4133
      vertex 85.3541 132.846 -26.3515
      vertex 85.1506 131.23 -26.4161
    endloop
  endfacet
  facet normal 0.000139319 0.0399566 -0.999201
    outer loop
      vertex 84.94 131.302 -26.4133
      vertex 84.9307 132.93 -26.3482
      vertex 85.3541 132.846 -26.3515
    endloop
  endfacet
  facet normal -0.000369347 0.0399537 -0.999201
    outer loop
      vertex 84.7219 131.345 -26.4115
      vertex 84.9307 132.93 -26.3482
      vertex 84.94 131.302 -26.4133
    endloop
  endfacet
  facet normal 0.000442097 0.0398469 -0.999206
    outer loop
      vertex 84.5 131.36 -26.411
      vertex 84.9307 132.93 -26.3482
      vertex 84.7219 131.345 -26.4115
    endloop
  endfacet
  facet normal -0.000182343 0.040018 -0.999199
    outer loop
      vertex 84.5 131.36 -26.411
      vertex 84.5 132.958 -26.347
      vertex 84.9307 132.93 -26.3482
    endloop
  endfacet
  facet normal -0.000453674 0.040018 -0.999199
    outer loop
      vertex 84.2781 131.345 -26.4115
      vertex 84.5 132.958 -26.347
      vertex 84.5 131.36 -26.411
    endloop
  endfacet
  facet normal 0.000188084 0.0399298 -0.999202
    outer loop
      vertex 84.2781 131.345 -26.4115
      vertex 84.0693 132.93 -26.3482
      vertex 84.5 132.958 -26.347
    endloop
  endfacet
  facet normal 0.000369347 0.0399537 -0.999201
    outer loop
      vertex 84.06 131.302 -26.4133
      vertex 84.0693 132.93 -26.3482
      vertex 84.2781 131.345 -26.4115
    endloop
  endfacet
  facet normal -0.000355791 0.0398986 -0.999204
    outer loop
      vertex 83.6459 132.846 -26.3515
      vertex 84.06 131.302 -26.4133
      vertex 83.8494 131.23 -26.4161
    endloop
  endfacet
  facet normal -6.11609e-05 0.0398887 -0.999204
    outer loop
      vertex 83.2371 132.707 -26.3571
      vertex 83.8494 131.23 -26.4161
      vertex 83.65 131.132 -26.42
    endloop
  endfacet
  facet normal -0.000139319 0.0399566 -0.999201
    outer loop
      vertex 84.06 131.302 -26.4133
      vertex 83.6459 132.846 -26.3515
      vertex 84.0693 132.93 -26.3482
    endloop
  endfacet
  facet normal 0.000346984 0.0400961 -0.999196
    outer loop
      vertex 82.85 132.517 -26.3647
      vertex 83.65 131.132 -26.42
      vertex 83.4651 131.009 -26.425
    endloop
  endfacet
  facet normal -0.000277099 0.0397398 -0.99921
    outer loop
      vertex 82.4911 132.277 -26.3743
      vertex 83.4651 131.009 -26.425
      vertex 83.2979 130.862 -26.4308
    endloop
  endfacet
  facet normal 0.000101819 0.0399561 -0.999201
    outer loop
      vertex 83.8494 131.23 -26.4161
      vertex 83.2371 132.707 -26.3571
      vertex 83.6459 132.846 -26.3515
    endloop
  endfacet
  facet normal 0.000129566 0.039974 -0.999201
    outer loop
      vertex 82.1665 131.993 -26.3857
      vertex 83.2979 130.862 -26.4308
      vertex 83.1513 130.695 -26.4375
    endloop
  endfacet
  facet normal 1.04141e-05 0.0399611 -0.999201
    outer loop
      vertex 81.8819 131.668 -26.3986
      vertex 83.1513 130.695 -26.4375
      vertex 83.0278 130.51 -26.4449
    endloop
  endfacet
  facet normal 9.02018e-05 0.040124 -0.999195
    outer loop
      vertex 81.6421 131.31 -26.4129
      vertex 83.0278 130.51 -26.4449
      vertex 82.9294 130.311 -26.4529
    endloop
  endfacet
  facet normal -1.18489e-05 0.0399721 -0.999201
    outer loop
      vertex 81.4512 130.923 -26.4284
      vertex 82.9294 130.311 -26.4529
      vertex 82.8579 130.101 -26.4613
    endloop
  endfacet
  facet normal 2.75889e-05 0.0399119 -0.999203
    outer loop
      vertex 83.65 131.132 -26.42
      vertex 82.85 132.517 -26.3647
      vertex 83.2371 132.707 -26.3571
    endloop
  endfacet
  facet normal -7.23687e-05 0.0398909 -0.999204
    outer loop
      vertex 81.3124 130.514 -26.4447
      vertex 82.8579 130.101 -26.4613
      vertex 82.8145 129.883 -26.47
    endloop
  endfacet
  facet normal -3.82603e-05 0.0400604 -0.999197
    outer loop
      vertex 81.2282 130.091 -26.4616
      vertex 82.8145 129.883 -26.47
      vertex 82.8 129.661 -26.4789
    endloop
  endfacet
  facet normal -6.52698e-06 0.0400164 -0.999199
    outer loop
      vertex 81.4512 128.399 -26.5293
      vertex 82.9294 129.011 -26.5048
      vertex 81.6421 128.012 -26.5448
    endloop
  endfacet
  facet normal 6.96262e-06 0.0399576 -0.999201
    outer loop
      vertex 83.4651 131.009 -26.425
      vertex 82.4911 132.277 -26.3743
      vertex 82.85 132.517 -26.3647
    endloop
  endfacet
  facet normal 1.18489e-05 0.0399721 -0.999201
    outer loop
      vertex 82.9294 129.011 -26.5048
      vertex 81.4512 128.399 -26.5293
      vertex 82.8579 129.221 -26.4964
    endloop
  endfacet
  facet normal 0.000123369 0.0399678 -0.999201
    outer loop
      vertex 83.2979 130.862 -26.4308
      vertex 82.1665 131.993 -26.3857
      vertex 82.4911 132.277 -26.3743
    endloop
  endfacet
  facet normal 8.33355e-05 0.0398499 -0.999206
    outer loop
      vertex 81.3124 128.808 -26.513
      vertex 82.8579 129.221 -26.4964
      vertex 81.4512 128.399 -26.5293
    endloop
  endfacet
  facet normal -0.000131591 0.0397761 -0.999209
    outer loop
      vertex 83.1513 130.695 -26.4375
      vertex 81.8819 131.668 -26.3986
      vertex 82.1665 131.993 -26.3857
    endloop
  endfacet
  facet normal 7.23687e-05 0.0398909 -0.999204
    outer loop
      vertex 82.8579 129.221 -26.4964
      vertex 81.3124 128.808 -26.513
      vertex 82.8145 129.439 -26.4877
    endloop
  endfacet
  facet normal -2.324e-05 0.0399278 -0.999203
    outer loop
      vertex 83.0278 130.51 -26.4449
      vertex 81.6421 131.31 -26.4129
      vertex 81.8819 131.668 -26.3986
    endloop
  endfacet
  facet normal 5.51469e-05 0.0399318 -0.999202
    outer loop
      vertex 81.2282 129.231 -26.4961
      vertex 82.8145 129.439 -26.4877
      vertex 81.3124 128.808 -26.513
    endloop
  endfacet
  facet normal 6.52698e-06 0.0400164 -0.999199
    outer loop
      vertex 82.9294 130.311 -26.4529
      vertex 81.4512 130.923 -26.4284
      vertex 81.6421 131.31 -26.4129
    endloop
  endfacet
  facet normal 9.67777e-05 0.0396148 -0.999215
    outer loop
      vertex 82.8145 129.439 -26.4877
      vertex 81.2282 129.231 -26.4961
      vertex 82.8 129.661 -26.4789
    endloop
  endfacet
  facet normal -8.33355e-05 0.0398499 -0.999206
    outer loop
      vertex 82.8579 130.101 -26.4613
      vertex 81.3124 130.514 -26.4447
      vertex 81.4512 130.923 -26.4284
    endloop
  endfacet
  facet normal 0 0.039968 -0.999201
    outer loop
      vertex 81.2 129.661 -26.4789
      vertex 82.8 129.661 -26.4789
      vertex 81.2282 129.231 -26.4961
    endloop
  endfacet
  facet normal -5.51469e-05 0.0399318 -0.999202
    outer loop
      vertex 82.8145 129.883 -26.47
      vertex 81.2282 130.091 -26.4616
      vertex 81.3124 130.514 -26.4447
    endloop
  endfacet
  facet normal 0 0.0402 -0.999192
    outer loop
      vertex 82.8 129.661 -26.4789
      vertex 81.2 129.661 -26.4789
      vertex 81.2282 130.091 -26.4616
    endloop
  endfacet
  facet normal -0.751056 0.659724 0.026043
    outer loop
      vertex 86.8335 127.386 -27.9777
      vertex 87.1181 127.654 -26.5591
      vertex 87.1181 127.71 -27.9777
    endloop
  endfacet
  facet normal -0.752579 0.657961 0.0266817
    outer loop
      vertex 87.1181 127.654 -26.5591
      vertex 86.8335 127.386 -27.9777
      vertex 86.8335 127.329 -26.5721
    endloop
  endfacet
  facet normal -0.997863 -0.0652894 -0.00262691
    outer loop
      vertex 87.8 129.721 -27.9777
      vertex 87.7718 130.091 -26.4616
      vertex 87.7718 130.152 -27.9777
    endloop
  endfacet
  facet normal -0.99786 -0.0653358 -0.00261553
    outer loop
      vertex 87.7718 130.091 -26.4616
      vertex 87.8 129.721 -27.9777
      vertex 87.8 129.661 -26.4789
    endloop
  endfacet
  facet normal -0.832054 0.554241 0.0224342
    outer loop
      vertex 87.1181 127.71 -27.9777
      vertex 87.3579 128.012 -26.5448
      vertex 87.3579 128.07 -27.9777
    endloop
  endfacet
  facet normal -0.831039 0.555781 0.0219397
    outer loop
      vertex 87.3579 128.012 -26.5448
      vertex 87.1181 127.71 -27.9777
      vertex 87.1181 127.654 -26.5591
    endloop
  endfacet
  facet normal 0.442202 -0.896211 -0.0355595
    outer loop
      vertex 83.2371 132.772 -27.9777
      vertex 82.85 132.517 -26.3647
      vertex 82.85 132.581 -27.9777
    endloop
  endfacet
  facet normal 0.440899 -0.896835 -0.0359708
    outer loop
      vertex 82.85 132.517 -26.3647
      vertex 83.2371 132.772 -27.9777
      vertex 83.2371 132.707 -26.3571
    endloop
  endfacet
  facet normal -0.440899 -0.896835 -0.0359708
    outer loop
      vertex 85.7629 132.772 -27.9777
      vertex 86.15 132.517 -26.3647
      vertex 85.7629 132.707 -26.3571
    endloop
  endfacet
  facet normal -0.442202 -0.896211 -0.0355595
    outer loop
      vertex 86.15 132.517 -26.3647
      vertex 85.7629 132.772 -27.9777
      vertex 86.15 132.581 -27.9777
    endloop
  endfacet
  facet normal -0.322153 -0.945932 -0.0378094
    outer loop
      vertex 85.3541 132.911 -27.9777
      vertex 85.7629 132.707 -26.3571
      vertex 85.3541 132.846 -26.3515
    endloop
  endfacet
  facet normal -0.321687 -0.946085 -0.0379462
    outer loop
      vertex 85.7629 132.707 -26.3571
      vertex 85.3541 132.911 -27.9777
      vertex 85.7629 132.772 -27.9777
    endloop
  endfacet
  facet normal -0.440899 0.896823 0.0362693
    outer loop
      vertex 86.15 126.861 -27.9777
      vertex 85.7629 126.615 -26.6006
      vertex 86.15 126.805 -26.593
    endloop
  endfacet
  facet normal -0.442198 0.896203 0.0357935
    outer loop
      vertex 85.7629 126.615 -26.6006
      vertex 86.15 126.861 -27.9777
      vertex 85.7629 126.67 -27.9777
    endloop
  endfacet
  facet normal 0.997863 -0.0652894 -0.00262691
    outer loop
      vertex 81.2282 130.091 -26.4616
      vertex 81.2 129.721 -27.9777
      vertex 81.2282 130.152 -27.9777
    endloop
  endfacet
  facet normal 0.99786 -0.0653358 -0.00261553
    outer loop
      vertex 81.2 129.721 -27.9777
      vertex 81.2282 130.091 -26.4616
      vertex 81.2 129.661 -26.4789
    endloop
  endfacet
  facet normal 0.946878 -0.321337 -0.0128593
    outer loop
      vertex 81.4512 130.923 -26.4284
      vertex 81.3124 130.576 -27.9777
      vertex 81.4512 130.985 -27.9777
    endloop
  endfacet
  facet normal 0.947034 -0.320872 -0.0129772
    outer loop
      vertex 81.3124 130.576 -27.9777
      vertex 81.4512 130.923 -26.4284
      vertex 81.3124 130.514 -26.4447
    endloop
  endfacet
  facet normal -0.194746 0.980066 0.0393027
    outer loop
      vertex 85.3541 126.531 -27.9777
      vertex 84.9307 126.392 -26.6095
      vertex 85.3541 126.476 -26.6062
    endloop
  endfacet
  facet normal -0.19445 0.980121 0.0393997
    outer loop
      vertex 84.9307 126.392 -26.6095
      vertex 85.3541 126.531 -27.9777
      vertex 84.9307 126.447 -27.9777
    endloop
  endfacet
  facet normal 0.997863 0.0652894 0.00261367
    outer loop
      vertex 81.2 129.661 -26.4789
      vertex 81.2282 129.29 -27.9777
      vertex 81.2 129.721 -27.9777
    endloop
  endfacet
  facet normal 0.99786 0.065337 0.00260184
    outer loop
      vertex 81.2282 129.29 -27.9777
      vertex 81.2 129.661 -26.4789
      vertex 81.2282 129.231 -26.4961
    endloop
  endfacet
  facet normal 0.659482 0.751115 0.0301674
    outer loop
      vertex 82.1665 127.386 -27.9777
      vertex 82.4911 127.045 -26.5834
      vertex 82.4911 127.101 -27.9777
    endloop
  endfacet
  facet normal 0.658767 0.751729 0.0304842
    outer loop
      vertex 82.4911 127.045 -26.5834
      vertex 82.1665 127.386 -27.9777
      vertex 82.1665 127.329 -26.5721
    endloop
  endfacet
  facet normal 0.555562 0.830796 0.033599
    outer loop
      vertex 82.4911 127.101 -27.9777
      vertex 82.85 126.805 -26.593
      vertex 82.85 126.861 -27.9777
    endloop
  endfacet
  facet normal 0.556183 0.830391 0.0333514
    outer loop
      vertex 82.85 126.805 -26.593
      vertex 82.4911 127.101 -27.9777
      vertex 82.4911 127.045 -26.5834
    endloop
  endfacet
  facet normal 0.194746 -0.980071 -0.0391739
    outer loop
      vertex 83.6459 132.911 -27.9777
      vertex 84.0693 132.93 -26.3482
      vertex 83.6459 132.846 -26.3515
    endloop
  endfacet
  facet normal 0.194452 -0.980132 -0.039097
    outer loop
      vertex 84.0693 132.93 -26.3482
      vertex 83.6459 132.911 -27.9777
      vertex 84.0693 132.995 -27.9777
    endloop
  endfacet
  facet normal -0.896687 -0.442319 -0.0175254
    outer loop
      vertex 87.5488 130.985 -27.9777
      vertex 87.3579 131.31 -26.4129
      vertex 87.3579 131.372 -27.9777
    endloop
  endfacet
  facet normal -0.896965 -0.441748 -0.0176779
    outer loop
      vertex 87.3579 131.31 -26.4129
      vertex 87.5488 130.985 -27.9777
      vertex 87.5488 130.923 -26.4284
    endloop
  endfacet
  facet normal -0.658772 -0.751744 -0.030006
    outer loop
      vertex 86.5089 132.341 -27.9777
      vertex 86.8335 131.993 -26.3857
      vertex 86.5089 132.277 -26.3743
    endloop
  endfacet
  facet normal -0.659491 -0.751125 -0.0297242
    outer loop
      vertex 86.8335 131.993 -26.3857
      vertex 86.5089 132.341 -27.9777
      vertex 86.8335 132.056 -27.9777
    endloop
  endfacet
  facet normal -0.751055 -0.659723 -0.0261071
    outer loop
      vertex 87.1181 131.732 -27.9777
      vertex 86.8335 131.993 -26.3857
      vertex 86.8335 132.056 -27.9777
    endloop
  endfacet
  facet normal -0.752575 -0.657966 -0.026667
    outer loop
      vertex 86.8335 131.993 -26.3857
      vertex 87.1181 131.732 -27.9777
      vertex 87.1181 131.668 -26.3986
    endloop
  endfacet
  facet normal 0.751055 -0.659723 -0.0261071
    outer loop
      vertex 82.1665 131.993 -26.3857
      vertex 81.8819 131.732 -27.9777
      vertex 82.1665 132.056 -27.9777
    endloop
  endfacet
  facet normal 0.752575 -0.657966 -0.026667
    outer loop
      vertex 81.8819 131.732 -27.9777
      vertex 82.1665 131.993 -26.3857
      vertex 81.8819 131.668 -26.3986
    endloop
  endfacet
  facet normal 0.0649325 -0.997097 -0.0397737
    outer loop
      vertex 84.0693 132.995 -27.9777
      vertex 84.5 132.958 -26.347
      vertex 84.0693 132.93 -26.3482
    endloop
  endfacet
  facet normal 0.0671254 -0.996928 -0.0403491
    outer loop
      vertex 84.5 132.958 -26.347
      vertex 84.0693 132.995 -27.9777
      vertex 84.5 133.024 -27.9777
    endloop
  endfacet
  facet normal 0.832054 0.554241 0.0224342
    outer loop
      vertex 81.6421 128.012 -26.5448
      vertex 81.8819 127.71 -27.9777
      vertex 81.6421 128.07 -27.9777
    endloop
  endfacet
  facet normal 0.831039 0.555781 0.0219397
    outer loop
      vertex 81.8819 127.71 -27.9777
      vertex 81.6421 128.012 -26.5448
      vertex 81.8819 127.654 -26.5591
    endloop
  endfacet
  facet normal 0.980817 0.194775 0.00775631
    outer loop
      vertex 81.2282 129.231 -26.4961
      vertex 81.3124 128.866 -27.9777
      vertex 81.2282 129.29 -27.9777
    endloop
  endfacet
  facet normal 0.980788 0.194922 0.00771862
    outer loop
      vertex 81.3124 128.866 -27.9777
      vertex 81.2282 129.231 -26.4961
      vertex 81.3124 128.808 -26.513
    endloop
  endfacet
  facet normal 0.0649324 0.997112 0.0393885
    outer loop
      vertex 84.5 126.418 -27.9777
      vertex 84.0693 126.392 -26.6095
      vertex 84.5 126.364 -26.6107
    endloop
  endfacet
  facet normal 0.0671262 0.996939 0.0400758
    outer loop
      vertex 84.0693 126.392 -26.6095
      vertex 84.5 126.418 -27.9777
      vertex 84.0693 126.447 -27.9777
    endloop
  endfacet
  facet normal 0.659491 -0.751125 -0.0297242
    outer loop
      vertex 82.4911 132.341 -27.9777
      vertex 82.1665 131.993 -26.3857
      vertex 82.1665 132.056 -27.9777
    endloop
  endfacet
  facet normal 0.658772 -0.751744 -0.030006
    outer loop
      vertex 82.1665 131.993 -26.3857
      vertex 82.4911 132.341 -27.9777
      vertex 82.4911 132.277 -26.3743
    endloop
  endfacet
  facet normal 0.55557 -0.830808 -0.0331619
    outer loop
      vertex 82.85 132.581 -27.9777
      vertex 82.4911 132.277 -26.3743
      vertex 82.4911 132.341 -27.9777
    endloop
  endfacet
  facet normal 0.556183 -0.830407 -0.0329486
    outer loop
      vertex 82.4911 132.277 -26.3743
      vertex 82.85 132.581 -27.9777
      vertex 82.85 132.517 -26.3647
    endloop
  endfacet
  facet normal 0.751056 0.659724 0.026043
    outer loop
      vertex 81.8819 127.654 -26.5591
      vertex 82.1665 127.386 -27.9777
      vertex 81.8819 127.71 -27.9777
    endloop
  endfacet
  facet normal 0.752579 0.657961 0.0266817
    outer loop
      vertex 82.1665 127.386 -27.9777
      vertex 81.8819 127.654 -26.5591
      vertex 82.1665 127.329 -26.5721
    endloop
  endfacet
  facet normal 0 -0.999202 -0.0399443
    outer loop
      vertex -99.1 -39.8682 -1.59366
      vertex -96.1 -38.9333 -24.9801
      vertex -96.1 -39.8682 -1.59366
    endloop
  endfacet
  facet normal 0 -0.999202 -0.0399334
    outer loop
      vertex -96.1 -38.9333 -24.9801
      vertex -99.1 -38.8135 -27.9777
      vertex 96.1 -38.9333 -24.9801
    endloop
  endfacet
  facet normal 9.60329e-06 -0.999202 -0.039943
    outer loop
      vertex -99.1 -38.8135 -27.9777
      vertex -96.1 -38.9333 -24.9801
      vertex -99.1 -39.8682 -1.59366
    endloop
  endfacet
  facet normal 0 -0.999202 -0.0399443
    outer loop
      vertex 96.1 -38.9333 -24.9801
      vertex 99.1 -39.8682 -1.59366
      vertex 96.1 -39.8682 -1.59366
    endloop
  endfacet
  facet normal -9.60329e-06 -0.999202 -0.039943
    outer loop
      vertex 96.1 -38.9333 -24.9801
      vertex 99.1 -38.8135 -27.9777
      vertex 99.1 -39.8682 -1.59366
    endloop
  endfacet
  facet normal -0 -0.999202 -0.0399334
    outer loop
      vertex 99.1 -38.8135 -27.9777
      vertex 96.1 -38.9333 -24.9801
      vertex -99.1 -38.8135 -27.9777
    endloop
  endfacet
endsolid OpenSCAD_Model
