solid OpenSCAD_Model
  facet normal 1 0 0
    outer loop
      vertex 99.1 -39.8682 -1.59366
      vertex 99.1 -149.102 -27.9777
      vertex 99.1 -38.8135 -27.9777
    endloop
  endfacet
  facet normal 1 0 -0
    outer loop
      vertex 99.1 -149.102 -27.9777
      vertex 99.1 -39.8682 -1.59366
      vertex 99.1 -149.98 -5.99521
    endloop
  endfacet
  facet normal 0 -0.0399414 0.999202
    outer loop
      vertex -96.1 -39.8682 -1.59366
      vertex -99.1 -39.8682 -1.59366
      vertex -96.1 -146.983 -5.87539
    endloop
  endfacet
  facet normal 0 -0.0399414 0.999202
    outer loop
      vertex 96.1 -146.983 -5.87539
      vertex 99.1 -39.8682 -1.59366
      vertex 96.1 -39.8682 -1.59366
    endloop
  endfacet
  facet normal 6.50493e-06 -0.0399416 0.999202
    outer loop
      vertex 99.1 -39.8682 -1.59366
      vertex 96.1 -146.983 -5.87539
      vertex 99.1 -149.98 -5.99521
    endloop
  endfacet
  facet normal 0 -0.0399481 0.999202
    outer loop
      vertex -96.1 -146.983 -5.87539
      vertex 99.1 -149.98 -5.99521
      vertex 96.1 -146.983 -5.87539
    endloop
  endfacet
  facet normal 0 -0.0399481 0.999202
    outer loop
      vertex -96.1 -146.983 -5.87539
      vertex -99.1 -149.98 -5.99521
      vertex 99.1 -149.98 -5.99521
    endloop
  endfacet
  facet normal -6.50493e-06 -0.0399416 0.999202
    outer loop
      vertex -99.1 -149.98 -5.99521
      vertex -96.1 -146.983 -5.87539
      vertex -99.1 -39.8682 -1.59366
    endloop
  endfacet
  facet normal -1 0 0
    outer loop
      vertex -99.1 -149.102 -27.9777
      vertex -99.1 -39.8682 -1.59366
      vertex -99.1 -38.8135 -27.9777
    endloop
  endfacet
  facet normal -1 0 0
    outer loop
      vertex -99.1 -39.8682 -1.59366
      vertex -99.1 -149.102 -27.9777
      vertex -99.1 -149.98 -5.99521
    endloop
  endfacet
  facet normal 0 -0.999203 -0.0399091
    outer loop
      vertex -99.1 -149.102 -27.9777
      vertex 99.1 -149.98 -5.99521
      vertex -99.1 -149.98 -5.99521
    endloop
  endfacet
  facet normal 0 -0.999203 -0.0399091
    outer loop
      vertex 99.1 -149.98 -5.99521
      vertex -99.1 -149.102 -27.9777
      vertex 99.1 -149.102 -27.9777
    endloop
  endfacet
  facet normal 0 0 -1
    outer loop
      vertex 87.7718 -134.059 -27.9777
      vertex 99.1 -149.102 -27.9777
      vertex 87.8 -134.49 -27.9777
    endloop
  endfacet
  facet normal 0 0 -1
    outer loop
      vertex 99.1 -149.102 -27.9777
      vertex 87.7718 -134.921 -27.9777
      vertex 87.8 -134.49 -27.9777
    endloop
  endfacet
  facet normal 0 0 -1
    outer loop
      vertex 99.1 -149.102 -27.9777
      vertex 87.6876 -135.345 -27.9777
      vertex 87.7718 -134.921 -27.9777
    endloop
  endfacet
  facet normal 0 0 -1
    outer loop
      vertex 99.1 -149.102 -27.9777
      vertex 87.5488 -135.754 -27.9777
      vertex 87.6876 -135.345 -27.9777
    endloop
  endfacet
  facet normal 0 0 -1
    outer loop
      vertex 99.1 -149.102 -27.9777
      vertex 87.3579 -136.141 -27.9777
      vertex 87.5488 -135.754 -27.9777
    endloop
  endfacet
  facet normal 0 0 -1
    outer loop
      vertex 99.1 -149.102 -27.9777
      vertex 87.1181 -136.5 -27.9777
      vertex 87.3579 -136.141 -27.9777
    endloop
  endfacet
  facet normal 0 0 -1
    outer loop
      vertex 99.1 -149.102 -27.9777
      vertex 86.8335 -136.825 -27.9777
      vertex 87.1181 -136.5 -27.9777
    endloop
  endfacet
  facet normal 0 0 -1
    outer loop
      vertex 99.1 -149.102 -27.9777
      vertex 86.5089 -137.11 -27.9777
      vertex 86.8335 -136.825 -27.9777
    endloop
  endfacet
  facet normal 0 0 -1
    outer loop
      vertex 99.1 -149.102 -27.9777
      vertex 86.15 -137.35 -27.9777
      vertex 86.5089 -137.11 -27.9777
    endloop
  endfacet
  facet normal 0 0 -1
    outer loop
      vertex 99.1 -149.102 -27.9777
      vertex 85.7629 -137.541 -27.9777
      vertex 86.15 -137.35 -27.9777
    endloop
  endfacet
  facet normal 0 0 -1
    outer loop
      vertex 99.1 -149.102 -27.9777
      vertex 85.3541 -137.68 -27.9777
      vertex 85.7629 -137.541 -27.9777
    endloop
  endfacet
  facet normal 0 0 -1
    outer loop
      vertex 99.1 -149.102 -27.9777
      vertex 84.9307 -137.764 -27.9777
      vertex 85.3541 -137.68 -27.9777
    endloop
  endfacet
  facet normal 0 0 -1
    outer loop
      vertex 99.1 -149.102 -27.9777
      vertex 84.5 -137.792 -27.9777
      vertex 84.9307 -137.764 -27.9777
    endloop
  endfacet
  facet normal 0 0 -1
    outer loop
      vertex 99.1 -149.102 -27.9777
      vertex 84.0693 -137.764 -27.9777
      vertex 84.5 -137.792 -27.9777
    endloop
  endfacet
  facet normal 0 0 -1
    outer loop
      vertex 99.1 -149.102 -27.9777
      vertex 83.6459 -137.68 -27.9777
      vertex 84.0693 -137.764 -27.9777
    endloop
  endfacet
  facet normal 0 0 -1
    outer loop
      vertex 99.1 -149.102 -27.9777
      vertex 83.2371 -137.541 -27.9777
      vertex 83.6459 -137.68 -27.9777
    endloop
  endfacet
  facet normal 0 0 -1
    outer loop
      vertex 99.1 -149.102 -27.9777
      vertex 82.85 -137.35 -27.9777
      vertex 83.2371 -137.541 -27.9777
    endloop
  endfacet
  facet normal 0 0 -1
    outer loop
      vertex -82.85 -137.35 -27.9777
      vertex 82.85 -137.35 -27.9777
      vertex 99.1 -149.102 -27.9777
    endloop
  endfacet
  facet normal 0 0 -1
    outer loop
      vertex 81.2282 -134.921 -27.9777
      vertex -81.2 -134.49 -27.9777
      vertex 81.2 -134.49 -27.9777
    endloop
  endfacet
  facet normal 0 0 -1
    outer loop
      vertex -81.2282 -134.921 -27.9777
      vertex 81.2282 -134.921 -27.9777
      vertex 81.3124 -135.345 -27.9777
    endloop
  endfacet
  facet normal 0 0 -1
    outer loop
      vertex -81.3124 -135.345 -27.9777
      vertex 81.3124 -135.345 -27.9777
      vertex 81.4512 -135.754 -27.9777
    endloop
  endfacet
  facet normal 0 0 -1
    outer loop
      vertex -81.4512 -135.754 -27.9777
      vertex 81.4512 -135.754 -27.9777
      vertex 81.6421 -136.141 -27.9777
    endloop
  endfacet
  facet normal 0 0 -1
    outer loop
      vertex -81.6421 -136.141 -27.9777
      vertex 81.6421 -136.141 -27.9777
      vertex 81.8819 -136.5 -27.9777
    endloop
  endfacet
  facet normal 0 0 -1
    outer loop
      vertex -81.8819 -136.5 -27.9777
      vertex 81.8819 -136.5 -27.9777
      vertex 82.1665 -136.825 -27.9777
    endloop
  endfacet
  facet normal 0 0 -1
    outer loop
      vertex -82.1665 -136.825 -27.9777
      vertex 82.1665 -136.825 -27.9777
      vertex 82.4911 -137.11 -27.9777
    endloop
  endfacet
  facet normal 0 0 -1
    outer loop
      vertex 82.85 -137.35 -27.9777
      vertex -82.85 -137.35 -27.9777
      vertex 82.4911 -137.11 -27.9777
    endloop
  endfacet
  facet normal 0 0 -1
    outer loop
      vertex 81.2282 -134.921 -27.9777
      vertex -81.2282 -134.921 -27.9777
      vertex -81.2 -134.49 -27.9777
    endloop
  endfacet
  facet normal 0 0 -1
    outer loop
      vertex 81.3124 -135.345 -27.9777
      vertex -81.3124 -135.345 -27.9777
      vertex -81.2282 -134.921 -27.9777
    endloop
  endfacet
  facet normal 0 0 -1
    outer loop
      vertex 81.4512 -135.754 -27.9777
      vertex -81.4512 -135.754 -27.9777
      vertex -81.3124 -135.345 -27.9777
    endloop
  endfacet
  facet normal 0 0 -1
    outer loop
      vertex 81.6421 -136.141 -27.9777
      vertex -81.6421 -136.141 -27.9777
      vertex -81.4512 -135.754 -27.9777
    endloop
  endfacet
  facet normal 0 0 -1
    outer loop
      vertex 81.8819 -136.5 -27.9777
      vertex -81.8819 -136.5 -27.9777
      vertex -81.6421 -136.141 -27.9777
    endloop
  endfacet
  facet normal 0 0 -1
    outer loop
      vertex 82.1665 -136.825 -27.9777
      vertex -82.1665 -136.825 -27.9777
      vertex -81.8819 -136.5 -27.9777
    endloop
  endfacet
  facet normal 0 0 -1
    outer loop
      vertex 82.4911 -137.11 -27.9777
      vertex -82.4911 -137.11 -27.9777
      vertex -82.1665 -136.825 -27.9777
    endloop
  endfacet
  facet normal -0 0 -1
    outer loop
      vertex 82.4911 -137.11 -27.9777
      vertex -82.85 -137.35 -27.9777
      vertex -82.4911 -137.11 -27.9777
    endloop
  endfacet
  facet normal 0 0 -1
    outer loop
      vertex -99.1 -149.102 -27.9777
      vertex -82.85 -137.35 -27.9777
      vertex 99.1 -149.102 -27.9777
    endloop
  endfacet
  facet normal 0 0 -1
    outer loop
      vertex -82.85 -137.35 -27.9777
      vertex -99.1 -149.102 -27.9777
      vertex -83.2371 -137.541 -27.9777
    endloop
  endfacet
  facet normal 0 0 -1
    outer loop
      vertex -83.2371 -137.541 -27.9777
      vertex -99.1 -149.102 -27.9777
      vertex -83.6459 -137.68 -27.9777
    endloop
  endfacet
  facet normal 0 0 -1
    outer loop
      vertex -83.6459 -137.68 -27.9777
      vertex -99.1 -149.102 -27.9777
      vertex -84.0693 -137.764 -27.9777
    endloop
  endfacet
  facet normal -0 0 -1
    outer loop
      vertex -87.7718 -134.921 -27.9777
      vertex -99.1 -149.102 -27.9777
      vertex -87.8 -134.49 -27.9777
    endloop
  endfacet
  facet normal -0 0 -1
    outer loop
      vertex -87.6876 -135.345 -27.9777
      vertex -99.1 -149.102 -27.9777
      vertex -87.7718 -134.921 -27.9777
    endloop
  endfacet
  facet normal -0 0 -1
    outer loop
      vertex -87.5488 -135.754 -27.9777
      vertex -99.1 -149.102 -27.9777
      vertex -87.6876 -135.345 -27.9777
    endloop
  endfacet
  facet normal -0 0 -1
    outer loop
      vertex -87.3579 -136.141 -27.9777
      vertex -99.1 -149.102 -27.9777
      vertex -87.5488 -135.754 -27.9777
    endloop
  endfacet
  facet normal -0 0 -1
    outer loop
      vertex -87.1181 -136.5 -27.9777
      vertex -99.1 -149.102 -27.9777
      vertex -87.3579 -136.141 -27.9777
    endloop
  endfacet
  facet normal -0 0 -1
    outer loop
      vertex -86.8335 -136.825 -27.9777
      vertex -99.1 -149.102 -27.9777
      vertex -87.1181 -136.5 -27.9777
    endloop
  endfacet
  facet normal -0 0 -1
    outer loop
      vertex -86.5089 -137.11 -27.9777
      vertex -99.1 -149.102 -27.9777
      vertex -86.8335 -136.825 -27.9777
    endloop
  endfacet
  facet normal -0 0 -1
    outer loop
      vertex -86.15 -137.35 -27.9777
      vertex -99.1 -149.102 -27.9777
      vertex -86.5089 -137.11 -27.9777
    endloop
  endfacet
  facet normal -0 0 -1
    outer loop
      vertex -85.7629 -137.541 -27.9777
      vertex -99.1 -149.102 -27.9777
      vertex -86.15 -137.35 -27.9777
    endloop
  endfacet
  facet normal -0 0 -1
    outer loop
      vertex -85.3541 -137.68 -27.9777
      vertex -99.1 -149.102 -27.9777
      vertex -85.7629 -137.541 -27.9777
    endloop
  endfacet
  facet normal -0 0 -1
    outer loop
      vertex -84.9307 -137.764 -27.9777
      vertex -99.1 -149.102 -27.9777
      vertex -85.3541 -137.68 -27.9777
    endloop
  endfacet
  facet normal -0 0 -1
    outer loop
      vertex -84.5 -137.792 -27.9777
      vertex -99.1 -149.102 -27.9777
      vertex -84.9307 -137.764 -27.9777
    endloop
  endfacet
  facet normal 0 0 -1
    outer loop
      vertex -84.0693 -137.764 -27.9777
      vertex -99.1 -149.102 -27.9777
      vertex -84.5 -137.792 -27.9777
    endloop
  endfacet
  facet normal 0 0 -1
    outer loop
      vertex 87.6876 -133.635 -27.9777
      vertex 99.1 -149.102 -27.9777
      vertex 87.7718 -134.059 -27.9777
    endloop
  endfacet
  facet normal 0 0 -1
    outer loop
      vertex 87.5488 -133.226 -27.9777
      vertex 99.1 -149.102 -27.9777
      vertex 87.6876 -133.635 -27.9777
    endloop
  endfacet
  facet normal 0 0 -1
    outer loop
      vertex 87.3579 -132.839 -27.9777
      vertex 99.1 -149.102 -27.9777
      vertex 87.5488 -133.226 -27.9777
    endloop
  endfacet
  facet normal 0 0 -1
    outer loop
      vertex 99.1 -149.102 -27.9777
      vertex 87.3579 -132.839 -27.9777
      vertex 99.1 -38.8135 -27.9777
    endloop
  endfacet
  facet normal 0 0 -1
    outer loop
      vertex 87.1181 -132.479 -27.9777
      vertex 99.1 -38.8135 -27.9777
      vertex 87.3579 -132.839 -27.9777
    endloop
  endfacet
  facet normal 0 0 -1
    outer loop
      vertex 86.8335 -132.155 -27.9777
      vertex 99.1 -38.8135 -27.9777
      vertex 87.1181 -132.479 -27.9777
    endloop
  endfacet
  facet normal 0 0 -1
    outer loop
      vertex 86.5089 -131.87 -27.9777
      vertex 99.1 -38.8135 -27.9777
      vertex 86.8335 -132.155 -27.9777
    endloop
  endfacet
  facet normal 0 0 -1
    outer loop
      vertex 86.15 -131.63 -27.9777
      vertex 99.1 -38.8135 -27.9777
      vertex 86.5089 -131.87 -27.9777
    endloop
  endfacet
  facet normal 0 0 -1
    outer loop
      vertex 85.7629 -131.439 -27.9777
      vertex 99.1 -38.8135 -27.9777
      vertex 86.15 -131.63 -27.9777
    endloop
  endfacet
  facet normal 0 0 -1
    outer loop
      vertex 85.3541 -131.3 -27.9777
      vertex 99.1 -38.8135 -27.9777
      vertex 85.7629 -131.439 -27.9777
    endloop
  endfacet
  facet normal 0 0 -1
    outer loop
      vertex 84.9307 -131.215 -27.9777
      vertex 99.1 -38.8135 -27.9777
      vertex 85.3541 -131.3 -27.9777
    endloop
  endfacet
  facet normal 0 0 -1
    outer loop
      vertex 84.5 -131.187 -27.9777
      vertex 99.1 -38.8135 -27.9777
      vertex 84.9307 -131.215 -27.9777
    endloop
  endfacet
  facet normal 0 0 -1
    outer loop
      vertex 84.0693 -131.215 -27.9777
      vertex 99.1 -38.8135 -27.9777
      vertex 84.5 -131.187 -27.9777
    endloop
  endfacet
  facet normal 0 0 -1
    outer loop
      vertex 83.6459 -131.3 -27.9777
      vertex 99.1 -38.8135 -27.9777
      vertex 84.0693 -131.215 -27.9777
    endloop
  endfacet
  facet normal 0 0 -1
    outer loop
      vertex 83.2371 -131.439 -27.9777
      vertex 99.1 -38.8135 -27.9777
      vertex 83.6459 -131.3 -27.9777
    endloop
  endfacet
  facet normal 0 0 -1
    outer loop
      vertex 82.85 -131.63 -27.9777
      vertex 99.1 -38.8135 -27.9777
      vertex 83.2371 -131.439 -27.9777
    endloop
  endfacet
  facet normal 0 0 -1
    outer loop
      vertex 82.4911 -131.87 -27.9777
      vertex 99.1 -38.8135 -27.9777
      vertex 82.85 -131.63 -27.9777
    endloop
  endfacet
  facet normal 0 0 -1
    outer loop
      vertex 82.1665 -132.155 -27.9777
      vertex 99.1 -38.8135 -27.9777
      vertex 82.4911 -131.87 -27.9777
    endloop
  endfacet
  facet normal 0 0 -1
    outer loop
      vertex 81.8819 -132.479 -27.9777
      vertex 99.1 -38.8135 -27.9777
      vertex 82.1665 -132.155 -27.9777
    endloop
  endfacet
  facet normal 0 0 -1
    outer loop
      vertex -81.8819 -132.479 -27.9777
      vertex 81.8819 -132.479 -27.9777
      vertex 81.6421 -132.839 -27.9777
    endloop
  endfacet
  facet normal 0 0 -1
    outer loop
      vertex -81.6421 -132.839 -27.9777
      vertex 81.6421 -132.839 -27.9777
      vertex 81.4512 -133.226 -27.9777
    endloop
  endfacet
  facet normal 0 0 -1
    outer loop
      vertex -81.4512 -133.226 -27.9777
      vertex 81.4512 -133.226 -27.9777
      vertex 81.3124 -133.635 -27.9777
    endloop
  endfacet
  facet normal 0 0 -1
    outer loop
      vertex -81.3124 -133.635 -27.9777
      vertex 81.3124 -133.635 -27.9777
      vertex 81.2282 -134.059 -27.9777
    endloop
  endfacet
  facet normal 0 0 -1
    outer loop
      vertex -81.2 -134.49 -27.9777
      vertex 81.2282 -134.059 -27.9777
      vertex 81.2 -134.49 -27.9777
    endloop
  endfacet
  facet normal 0 0 -1
    outer loop
      vertex -81.2282 -134.059 -27.9777
      vertex 81.2282 -134.059 -27.9777
      vertex -81.2 -134.49 -27.9777
    endloop
  endfacet
  facet normal 0 0 -1
    outer loop
      vertex -81.3124 -133.635 -27.9777
      vertex 81.2282 -134.059 -27.9777
      vertex -81.2282 -134.059 -27.9777
    endloop
  endfacet
  facet normal 0 0 -1
    outer loop
      vertex 81.3124 -133.635 -27.9777
      vertex -81.3124 -133.635 -27.9777
      vertex -81.4512 -133.226 -27.9777
    endloop
  endfacet
  facet normal 0 0 -1
    outer loop
      vertex 81.4512 -133.226 -27.9777
      vertex -81.4512 -133.226 -27.9777
      vertex -81.6421 -132.839 -27.9777
    endloop
  endfacet
  facet normal 0 0 -1
    outer loop
      vertex 81.6421 -132.839 -27.9777
      vertex -81.6421 -132.839 -27.9777
      vertex -81.8819 -132.479 -27.9777
    endloop
  endfacet
  facet normal 0 0 -1
    outer loop
      vertex 81.8819 -132.479 -27.9777
      vertex -81.8819 -132.479 -27.9777
      vertex 99.1 -38.8135 -27.9777
    endloop
  endfacet
  facet normal 0 0 -1
    outer loop
      vertex -99.1 -38.8135 -27.9777
      vertex -81.8819 -132.479 -27.9777
      vertex -82.1665 -132.155 -27.9777
    endloop
  endfacet
  facet normal 0 0 -1
    outer loop
      vertex -99.1 -38.8135 -27.9777
      vertex -82.1665 -132.155 -27.9777
      vertex -82.4911 -131.87 -27.9777
    endloop
  endfacet
  facet normal 0 0 -1
    outer loop
      vertex -99.1 -38.8135 -27.9777
      vertex -82.4911 -131.87 -27.9777
      vertex -82.85 -131.63 -27.9777
    endloop
  endfacet
  facet normal 0 0 -1
    outer loop
      vertex -99.1 -38.8135 -27.9777
      vertex -82.85 -131.63 -27.9777
      vertex -83.2371 -131.439 -27.9777
    endloop
  endfacet
  facet normal 0 0 -1
    outer loop
      vertex -99.1 -38.8135 -27.9777
      vertex -83.2371 -131.439 -27.9777
      vertex -83.6459 -131.3 -27.9777
    endloop
  endfacet
  facet normal 0 0 -1
    outer loop
      vertex -99.1 -38.8135 -27.9777
      vertex -83.6459 -131.3 -27.9777
      vertex -84.0693 -131.215 -27.9777
    endloop
  endfacet
  facet normal 0 0 -1
    outer loop
      vertex -99.1 -38.8135 -27.9777
      vertex -84.0693 -131.215 -27.9777
      vertex -84.5 -131.187 -27.9777
    endloop
  endfacet
  facet normal 0 0 -1
    outer loop
      vertex -99.1 -38.8135 -27.9777
      vertex -84.5 -131.187 -27.9777
      vertex -84.9307 -131.215 -27.9777
    endloop
  endfacet
  facet normal 0 0 -1
    outer loop
      vertex -99.1 -38.8135 -27.9777
      vertex -84.9307 -131.215 -27.9777
      vertex -85.3541 -131.3 -27.9777
    endloop
  endfacet
  facet normal 0 0 -1
    outer loop
      vertex -99.1 -38.8135 -27.9777
      vertex -85.3541 -131.3 -27.9777
      vertex -85.7629 -131.439 -27.9777
    endloop
  endfacet
  facet normal 0 0 -1
    outer loop
      vertex -99.1 -38.8135 -27.9777
      vertex -85.7629 -131.439 -27.9777
      vertex -86.15 -131.63 -27.9777
    endloop
  endfacet
  facet normal 0 0 -1
    outer loop
      vertex -99.1 -149.102 -27.9777
      vertex -87.7718 -134.059 -27.9777
      vertex -87.8 -134.49 -27.9777
    endloop
  endfacet
  facet normal 0 0 -1
    outer loop
      vertex -99.1 -149.102 -27.9777
      vertex -87.6876 -133.635 -27.9777
      vertex -87.7718 -134.059 -27.9777
    endloop
  endfacet
  facet normal 0 0 -1
    outer loop
      vertex -99.1 -149.102 -27.9777
      vertex -87.5488 -133.226 -27.9777
      vertex -87.6876 -133.635 -27.9777
    endloop
  endfacet
  facet normal 0 0 -1
    outer loop
      vertex -99.1 -149.102 -27.9777
      vertex -87.3579 -132.839 -27.9777
      vertex -87.5488 -133.226 -27.9777
    endloop
  endfacet
  facet normal 0 0 -1
    outer loop
      vertex -99.1 -38.8135 -27.9777
      vertex -87.3579 -132.839 -27.9777
      vertex -99.1 -149.102 -27.9777
    endloop
  endfacet
  facet normal 0 0 -1
    outer loop
      vertex -81.8819 -132.479 -27.9777
      vertex -99.1 -38.8135 -27.9777
      vertex 99.1 -38.8135 -27.9777
    endloop
  endfacet
  facet normal 0 0 -1
    outer loop
      vertex -86.5089 -131.87 -27.9777
      vertex -99.1 -38.8135 -27.9777
      vertex -86.15 -131.63 -27.9777
    endloop
  endfacet
  facet normal 0 0 -1
    outer loop
      vertex -86.8335 -132.155 -27.9777
      vertex -99.1 -38.8135 -27.9777
      vertex -86.5089 -131.87 -27.9777
    endloop
  endfacet
  facet normal 0 0 -1
    outer loop
      vertex -87.1181 -132.479 -27.9777
      vertex -99.1 -38.8135 -27.9777
      vertex -86.8335 -132.155 -27.9777
    endloop
  endfacet
  facet normal 0 0 -1
    outer loop
      vertex -87.3579 -132.839 -27.9777
      vertex -99.1 -38.8135 -27.9777
      vertex -87.1181 -132.479 -27.9777
    endloop
  endfacet
  facet normal -1 0 0
    outer loop
      vertex 96.1 -146.219 -24.9801
      vertex 96.1 -39.8682 -1.59366
      vertex 96.1 -38.9333 -24.9801
    endloop
  endfacet
  facet normal -1 0 0
    outer loop
      vertex 96.1 -39.8682 -1.59366
      vertex 96.1 -146.219 -24.9801
      vertex 96.1 -146.983 -5.87539
    endloop
  endfacet
  facet normal 1 0 0
    outer loop
      vertex -96.1 -39.8682 -1.59366
      vertex -96.1 -146.219 -24.9801
      vertex -96.1 -38.9333 -24.9801
    endloop
  endfacet
  facet normal 1 0 -0
    outer loop
      vertex -96.1 -146.219 -24.9801
      vertex -96.1 -39.8682 -1.59366
      vertex -96.1 -146.983 -5.87539
    endloop
  endfacet
  facet normal 0 0.999201 0.0399582
    outer loop
      vertex 96.1 -146.219 -24.9801
      vertex -96.1 -146.983 -5.87539
      vertex 96.1 -146.983 -5.87539
    endloop
  endfacet
  facet normal 0 0.999201 0.0399582
    outer loop
      vertex -96.1 -146.983 -5.87539
      vertex 96.1 -146.219 -24.9801
      vertex -96.1 -146.219 -24.9801
    endloop
  endfacet
  facet normal -0 0 1
    outer loop
      vertex 89.1194 -132.695 -24.9801
      vertex 96.1 -146.219 -24.9801
      vertex 96.1 -38.9333 -24.9801
    endloop
  endfacet
  facet normal 0 0 1
    outer loop
      vertex 96.1 -146.219 -24.9801
      vertex 89.4572 -133.957 -24.9801
      vertex 89.5 -134.61 -24.9801
    endloop
  endfacet
  facet normal 0 0 1
    outer loop
      vertex 96.1 -146.219 -24.9801
      vertex 89.3296 -133.315 -24.9801
      vertex 89.4572 -133.957 -24.9801
    endloop
  endfacet
  facet normal 0 0 1
    outer loop
      vertex 96.1 -146.219 -24.9801
      vertex 89.1194 -132.695 -24.9801
      vertex 89.3296 -133.315 -24.9801
    endloop
  endfacet
  facet normal 0 0 1
    outer loop
      vertex 96.1 -38.9333 -24.9801
      vertex 88.8301 -132.108 -24.9801
      vertex 89.1194 -132.695 -24.9801
    endloop
  endfacet
  facet normal 0 0 1
    outer loop
      vertex 96.1 -38.9333 -24.9801
      vertex 88.4668 -131.563 -24.9801
      vertex 88.8301 -132.108 -24.9801
    endloop
  endfacet
  facet normal 0 0 1
    outer loop
      vertex 96.1 -38.9333 -24.9801
      vertex 88.0355 -131.071 -24.9801
      vertex 88.4668 -131.563 -24.9801
    endloop
  endfacet
  facet normal 0 0 1
    outer loop
      vertex 96.1 -38.9333 -24.9801
      vertex 87.5438 -130.64 -24.9801
      vertex 88.0355 -131.071 -24.9801
    endloop
  endfacet
  facet normal 0 0 1
    outer loop
      vertex 96.1 -38.9333 -24.9801
      vertex 87 -130.276 -24.9801
      vertex 87.5438 -130.64 -24.9801
    endloop
  endfacet
  facet normal 0 0 1
    outer loop
      vertex 96.1 -38.9333 -24.9801
      vertex 86.4134 -129.987 -24.9801
      vertex 87 -130.276 -24.9801
    endloop
  endfacet
  facet normal 0 0 1
    outer loop
      vertex 96.1 -38.9333 -24.9801
      vertex 85.7941 -129.776 -24.9801
      vertex 86.4134 -129.987 -24.9801
    endloop
  endfacet
  facet normal 0 0 1
    outer loop
      vertex 96.1 -38.9333 -24.9801
      vertex 85.1526 -129.648 -24.9801
      vertex 85.7941 -129.776 -24.9801
    endloop
  endfacet
  facet normal 0 0 1
    outer loop
      vertex 96.1 -38.9333 -24.9801
      vertex 84.5 -129.606 -24.9801
      vertex 85.1526 -129.648 -24.9801
    endloop
  endfacet
  facet normal 0 0 1
    outer loop
      vertex 96.1 -38.9333 -24.9801
      vertex 83.8474 -129.648 -24.9801
      vertex 84.5 -129.606 -24.9801
    endloop
  endfacet
  facet normal 0 0 1
    outer loop
      vertex 96.1 -38.9333 -24.9801
      vertex 83.2059 -129.776 -24.9801
      vertex 83.8474 -129.648 -24.9801
    endloop
  endfacet
  facet normal 0 0 1
    outer loop
      vertex 96.1 -38.9333 -24.9801
      vertex 82.5866 -129.987 -24.9801
      vertex 83.2059 -129.776 -24.9801
    endloop
  endfacet
  facet normal 0 0 1
    outer loop
      vertex 96.1 -38.9333 -24.9801
      vertex 82 -130.276 -24.9801
      vertex 82.5866 -129.987 -24.9801
    endloop
  endfacet
  facet normal 0 0 1
    outer loop
      vertex 96.1 -38.9333 -24.9801
      vertex 81.4562 -130.64 -24.9801
      vertex 82 -130.276 -24.9801
    endloop
  endfacet
  facet normal 0 0 1
    outer loop
      vertex 96.1 -38.9333 -24.9801
      vertex 80.9645 -131.071 -24.9801
      vertex 81.4562 -130.64 -24.9801
    endloop
  endfacet
  facet normal 0 0 1
    outer loop
      vertex 96.1 -38.9333 -24.9801
      vertex 80.5332 -131.563 -24.9801
      vertex 80.9645 -131.071 -24.9801
    endloop
  endfacet
  facet normal 0 0 1
    outer loop
      vertex -80.5332 -131.563 -24.9801
      vertex 80.5332 -131.563 -24.9801
      vertex 96.1 -38.9333 -24.9801
    endloop
  endfacet
  facet normal 0 0 1
    outer loop
      vertex 80.5332 -131.563 -24.9801
      vertex -80.5332 -131.563 -24.9801
      vertex 80.1699 -132.108 -24.9801
    endloop
  endfacet
  facet normal 0 -0 1
    outer loop
      vertex -80.1699 -132.108 -24.9801
      vertex 80.1699 -132.108 -24.9801
      vertex -80.5332 -131.563 -24.9801
    endloop
  endfacet
  facet normal 0 0 1
    outer loop
      vertex 80.1699 -132.108 -24.9801
      vertex -80.1699 -132.108 -24.9801
      vertex 79.8806 -132.695 -24.9801
    endloop
  endfacet
  facet normal 0 0 1
    outer loop
      vertex 79.5428 -133.957 -24.9801
      vertex -79.5 -134.61 -24.9801
      vertex 79.5 -134.61 -24.9801
    endloop
  endfacet
  facet normal 0 -0 1
    outer loop
      vertex -79.8806 -132.695 -24.9801
      vertex 79.8806 -132.695 -24.9801
      vertex -80.1699 -132.108 -24.9801
    endloop
  endfacet
  facet normal 0 0 1
    outer loop
      vertex 79.5428 -133.957 -24.9801
      vertex -79.5428 -133.957 -24.9801
      vertex -79.5 -134.61 -24.9801
    endloop
  endfacet
  facet normal 0 0 1
    outer loop
      vertex 79.5428 -133.957 -24.9801
      vertex -79.6704 -133.315 -24.9801
      vertex -79.5428 -133.957 -24.9801
    endloop
  endfacet
  facet normal 0 0 1
    outer loop
      vertex 79.6704 -133.315 -24.9801
      vertex -79.6704 -133.315 -24.9801
      vertex 79.5428 -133.957 -24.9801
    endloop
  endfacet
  facet normal 0 -0 1
    outer loop
      vertex -79.6704 -133.315 -24.9801
      vertex 79.6704 -133.315 -24.9801
      vertex -79.8806 -132.695 -24.9801
    endloop
  endfacet
  facet normal 0 0 1
    outer loop
      vertex 79.8806 -132.695 -24.9801
      vertex -79.8806 -132.695 -24.9801
      vertex 79.6704 -133.315 -24.9801
    endloop
  endfacet
  facet normal -0 0 1
    outer loop
      vertex -96.1 -38.9333 -24.9801
      vertex -80.5332 -131.563 -24.9801
      vertex 96.1 -38.9333 -24.9801
    endloop
  endfacet
  facet normal 0 0 1
    outer loop
      vertex -80.5332 -131.563 -24.9801
      vertex -96.1 -38.9333 -24.9801
      vertex -80.9645 -131.071 -24.9801
    endloop
  endfacet
  facet normal 0 0 1
    outer loop
      vertex -80.9645 -131.071 -24.9801
      vertex -96.1 -38.9333 -24.9801
      vertex -81.4562 -130.64 -24.9801
    endloop
  endfacet
  facet normal 0 0 1
    outer loop
      vertex -81.4562 -130.64 -24.9801
      vertex -96.1 -38.9333 -24.9801
      vertex -82 -130.276 -24.9801
    endloop
  endfacet
  facet normal 0 0 1
    outer loop
      vertex -82 -130.276 -24.9801
      vertex -96.1 -38.9333 -24.9801
      vertex -82.5866 -129.987 -24.9801
    endloop
  endfacet
  facet normal 0 0 1
    outer loop
      vertex -82.5866 -129.987 -24.9801
      vertex -96.1 -38.9333 -24.9801
      vertex -83.2059 -129.776 -24.9801
    endloop
  endfacet
  facet normal 0 0 1
    outer loop
      vertex -83.2059 -129.776 -24.9801
      vertex -96.1 -38.9333 -24.9801
      vertex -83.8474 -129.648 -24.9801
    endloop
  endfacet
  facet normal 0 0 1
    outer loop
      vertex -83.8474 -129.648 -24.9801
      vertex -96.1 -38.9333 -24.9801
      vertex -84.5 -129.606 -24.9801
    endloop
  endfacet
  facet normal 0 0 1
    outer loop
      vertex -84.5 -129.606 -24.9801
      vertex -96.1 -38.9333 -24.9801
      vertex -85.1526 -129.648 -24.9801
    endloop
  endfacet
  facet normal 0 0 1
    outer loop
      vertex -85.1526 -129.648 -24.9801
      vertex -96.1 -38.9333 -24.9801
      vertex -85.7941 -129.776 -24.9801
    endloop
  endfacet
  facet normal 0 0 1
    outer loop
      vertex -85.7941 -129.776 -24.9801
      vertex -96.1 -38.9333 -24.9801
      vertex -86.4134 -129.987 -24.9801
    endloop
  endfacet
  facet normal 0 0 1
    outer loop
      vertex -89.3296 -133.315 -24.9801
      vertex -96.1 -146.219 -24.9801
      vertex -89.4572 -133.957 -24.9801
    endloop
  endfacet
  facet normal 0 0 1
    outer loop
      vertex -89.1194 -132.695 -24.9801
      vertex -96.1 -146.219 -24.9801
      vertex -89.3296 -133.315 -24.9801
    endloop
  endfacet
  facet normal 0 0 1
    outer loop
      vertex -96.1 -146.219 -24.9801
      vertex -89.1194 -132.695 -24.9801
      vertex -96.1 -38.9333 -24.9801
    endloop
  endfacet
  facet normal 0 0 1
    outer loop
      vertex -88.8301 -132.108 -24.9801
      vertex -96.1 -38.9333 -24.9801
      vertex -89.1194 -132.695 -24.9801
    endloop
  endfacet
  facet normal 0 0 1
    outer loop
      vertex -88.4668 -131.563 -24.9801
      vertex -96.1 -38.9333 -24.9801
      vertex -88.8301 -132.108 -24.9801
    endloop
  endfacet
  facet normal 0 0 1
    outer loop
      vertex -88.0355 -131.071 -24.9801
      vertex -96.1 -38.9333 -24.9801
      vertex -88.4668 -131.563 -24.9801
    endloop
  endfacet
  facet normal 0 0 1
    outer loop
      vertex -87.5438 -130.64 -24.9801
      vertex -96.1 -38.9333 -24.9801
      vertex -88.0355 -131.071 -24.9801
    endloop
  endfacet
  facet normal 0 0 1
    outer loop
      vertex -87 -130.276 -24.9801
      vertex -96.1 -38.9333 -24.9801
      vertex -87.5438 -130.64 -24.9801
    endloop
  endfacet
  facet normal 0 0 1
    outer loop
      vertex -86.4134 -129.987 -24.9801
      vertex -96.1 -38.9333 -24.9801
      vertex -87 -130.276 -24.9801
    endloop
  endfacet
  facet normal -0 0 1
    outer loop
      vertex 89.4572 -135.263 -24.9801
      vertex 96.1 -146.219 -24.9801
      vertex 89.5 -134.61 -24.9801
    endloop
  endfacet
  facet normal -0 0 1
    outer loop
      vertex 89.3296 -135.905 -24.9801
      vertex 96.1 -146.219 -24.9801
      vertex 89.4572 -135.263 -24.9801
    endloop
  endfacet
  facet normal -0 0 1
    outer loop
      vertex 89.1194 -136.525 -24.9801
      vertex 96.1 -146.219 -24.9801
      vertex 89.3296 -135.905 -24.9801
    endloop
  endfacet
  facet normal -0 0 1
    outer loop
      vertex 88.8301 -137.112 -24.9801
      vertex 96.1 -146.219 -24.9801
      vertex 89.1194 -136.525 -24.9801
    endloop
  endfacet
  facet normal -0 0 1
    outer loop
      vertex 88.4668 -137.656 -24.9801
      vertex 96.1 -146.219 -24.9801
      vertex 88.8301 -137.112 -24.9801
    endloop
  endfacet
  facet normal -0 0 1
    outer loop
      vertex 88.0355 -138.148 -24.9801
      vertex 96.1 -146.219 -24.9801
      vertex 88.4668 -137.656 -24.9801
    endloop
  endfacet
  facet normal -0 0 1
    outer loop
      vertex 87.5438 -138.58 -24.9801
      vertex 96.1 -146.219 -24.9801
      vertex 88.0355 -138.148 -24.9801
    endloop
  endfacet
  facet normal -0 0 1
    outer loop
      vertex 87 -138.943 -24.9801
      vertex 96.1 -146.219 -24.9801
      vertex 87.5438 -138.58 -24.9801
    endloop
  endfacet
  facet normal -0 0 1
    outer loop
      vertex 86.4134 -139.233 -24.9801
      vertex 96.1 -146.219 -24.9801
      vertex 87 -138.943 -24.9801
    endloop
  endfacet
  facet normal -0 0 1
    outer loop
      vertex 85.7941 -139.443 -24.9801
      vertex 96.1 -146.219 -24.9801
      vertex 86.4134 -139.233 -24.9801
    endloop
  endfacet
  facet normal -0 0 1
    outer loop
      vertex 85.1526 -139.571 -24.9801
      vertex 96.1 -146.219 -24.9801
      vertex 85.7941 -139.443 -24.9801
    endloop
  endfacet
  facet normal -0 0 1
    outer loop
      vertex 84.5 -139.614 -24.9801
      vertex 96.1 -146.219 -24.9801
      vertex 85.1526 -139.571 -24.9801
    endloop
  endfacet
  facet normal 0 0 1
    outer loop
      vertex 83.8474 -139.571 -24.9801
      vertex 96.1 -146.219 -24.9801
      vertex 84.5 -139.614 -24.9801
    endloop
  endfacet
  facet normal 0 0 1
    outer loop
      vertex 83.2059 -139.443 -24.9801
      vertex 96.1 -146.219 -24.9801
      vertex 83.8474 -139.571 -24.9801
    endloop
  endfacet
  facet normal 0 0 1
    outer loop
      vertex 82.5866 -139.233 -24.9801
      vertex 96.1 -146.219 -24.9801
      vertex 83.2059 -139.443 -24.9801
    endloop
  endfacet
  facet normal 0 0 1
    outer loop
      vertex -82.5866 -139.233 -24.9801
      vertex 82.5866 -139.233 -24.9801
      vertex 82 -138.943 -24.9801
    endloop
  endfacet
  facet normal -0 0 1
    outer loop
      vertex -79.5 -134.61 -24.9801
      vertex 79.5428 -135.263 -24.9801
      vertex 79.5 -134.61 -24.9801
    endloop
  endfacet
  facet normal 0 0 1
    outer loop
      vertex -79.5428 -135.263 -24.9801
      vertex 79.5428 -135.263 -24.9801
      vertex -79.5 -134.61 -24.9801
    endloop
  endfacet
  facet normal 0 0 1
    outer loop
      vertex 79.5428 -135.263 -24.9801
      vertex -79.5428 -135.263 -24.9801
      vertex 79.6704 -135.905 -24.9801
    endloop
  endfacet
  facet normal 0 0 1
    outer loop
      vertex -79.6704 -135.905 -24.9801
      vertex 79.6704 -135.905 -24.9801
      vertex -79.5428 -135.263 -24.9801
    endloop
  endfacet
  facet normal 0 0 1
    outer loop
      vertex 79.6704 -135.905 -24.9801
      vertex -79.6704 -135.905 -24.9801
      vertex 79.8806 -136.525 -24.9801
    endloop
  endfacet
  facet normal 0 0 1
    outer loop
      vertex -79.8806 -136.525 -24.9801
      vertex 79.8806 -136.525 -24.9801
      vertex -79.6704 -135.905 -24.9801
    endloop
  endfacet
  facet normal 0 0 1
    outer loop
      vertex 79.8806 -136.525 -24.9801
      vertex -79.8806 -136.525 -24.9801
      vertex 80.1699 -137.112 -24.9801
    endloop
  endfacet
  facet normal 0 0 1
    outer loop
      vertex -80.1699 -137.112 -24.9801
      vertex 80.1699 -137.112 -24.9801
      vertex -79.8806 -136.525 -24.9801
    endloop
  endfacet
  facet normal 0 0 1
    outer loop
      vertex 80.1699 -137.112 -24.9801
      vertex -80.1699 -137.112 -24.9801
      vertex 80.5332 -137.656 -24.9801
    endloop
  endfacet
  facet normal 0 0 1
    outer loop
      vertex -80.5332 -137.656 -24.9801
      vertex 80.5332 -137.656 -24.9801
      vertex -80.1699 -137.112 -24.9801
    endloop
  endfacet
  facet normal 0 0 1
    outer loop
      vertex 80.5332 -137.656 -24.9801
      vertex -80.5332 -137.656 -24.9801
      vertex 80.9645 -138.148 -24.9801
    endloop
  endfacet
  facet normal 0 0 1
    outer loop
      vertex -80.9645 -138.148 -24.9801
      vertex 80.9645 -138.148 -24.9801
      vertex -80.5332 -137.656 -24.9801
    endloop
  endfacet
  facet normal 0 0 1
    outer loop
      vertex 80.9645 -138.148 -24.9801
      vertex -80.9645 -138.148 -24.9801
      vertex 81.4562 -138.58 -24.9801
    endloop
  endfacet
  facet normal 0 0 1
    outer loop
      vertex -81.4562 -138.58 -24.9801
      vertex 81.4562 -138.58 -24.9801
      vertex -80.9645 -138.148 -24.9801
    endloop
  endfacet
  facet normal 0 0 1
    outer loop
      vertex 81.4562 -138.58 -24.9801
      vertex -81.4562 -138.58 -24.9801
      vertex 82 -138.943 -24.9801
    endloop
  endfacet
  facet normal 0 0 1
    outer loop
      vertex -82 -138.943 -24.9801
      vertex 82 -138.943 -24.9801
      vertex -81.4562 -138.58 -24.9801
    endloop
  endfacet
  facet normal 0 0 1
    outer loop
      vertex -82.5866 -139.233 -24.9801
      vertex 82 -138.943 -24.9801
      vertex -82 -138.943 -24.9801
    endloop
  endfacet
  facet normal 0 0 1
    outer loop
      vertex 82.5866 -139.233 -24.9801
      vertex -82.5866 -139.233 -24.9801
      vertex 96.1 -146.219 -24.9801
    endloop
  endfacet
  facet normal 0 0 1
    outer loop
      vertex -96.1 -146.219 -24.9801
      vertex -82.5866 -139.233 -24.9801
      vertex -83.2059 -139.443 -24.9801
    endloop
  endfacet
  facet normal 0 0 1
    outer loop
      vertex -96.1 -146.219 -24.9801
      vertex -83.2059 -139.443 -24.9801
      vertex -83.8474 -139.571 -24.9801
    endloop
  endfacet
  facet normal 0 0 1
    outer loop
      vertex -96.1 -146.219 -24.9801
      vertex -83.8474 -139.571 -24.9801
      vertex -84.5 -139.614 -24.9801
    endloop
  endfacet
  facet normal 0 0 1
    outer loop
      vertex -89.4572 -133.957 -24.9801
      vertex -96.1 -146.219 -24.9801
      vertex -89.5 -134.61 -24.9801
    endloop
  endfacet
  facet normal 0 0 1
    outer loop
      vertex -82.5866 -139.233 -24.9801
      vertex -96.1 -146.219 -24.9801
      vertex 96.1 -146.219 -24.9801
    endloop
  endfacet
  facet normal 0 0 1
    outer loop
      vertex -85.1526 -139.571 -24.9801
      vertex -96.1 -146.219 -24.9801
      vertex -84.5 -139.614 -24.9801
    endloop
  endfacet
  facet normal 0 0 1
    outer loop
      vertex -85.7941 -139.443 -24.9801
      vertex -96.1 -146.219 -24.9801
      vertex -85.1526 -139.571 -24.9801
    endloop
  endfacet
  facet normal 0 0 1
    outer loop
      vertex -86.4134 -139.233 -24.9801
      vertex -96.1 -146.219 -24.9801
      vertex -85.7941 -139.443 -24.9801
    endloop
  endfacet
  facet normal 0 0 1
    outer loop
      vertex -87 -138.943 -24.9801
      vertex -96.1 -146.219 -24.9801
      vertex -86.4134 -139.233 -24.9801
    endloop
  endfacet
  facet normal 0 0 1
    outer loop
      vertex -87.5438 -138.58 -24.9801
      vertex -96.1 -146.219 -24.9801
      vertex -87 -138.943 -24.9801
    endloop
  endfacet
  facet normal 0 0 1
    outer loop
      vertex -88.0355 -138.148 -24.9801
      vertex -96.1 -146.219 -24.9801
      vertex -87.5438 -138.58 -24.9801
    endloop
  endfacet
  facet normal 0 0 1
    outer loop
      vertex -88.4668 -137.656 -24.9801
      vertex -96.1 -146.219 -24.9801
      vertex -88.0355 -138.148 -24.9801
    endloop
  endfacet
  facet normal 0 0 1
    outer loop
      vertex -88.8301 -137.112 -24.9801
      vertex -96.1 -146.219 -24.9801
      vertex -88.4668 -137.656 -24.9801
    endloop
  endfacet
  facet normal 0 0 1
    outer loop
      vertex -89.1194 -136.525 -24.9801
      vertex -96.1 -146.219 -24.9801
      vertex -88.8301 -137.112 -24.9801
    endloop
  endfacet
  facet normal 0 0 1
    outer loop
      vertex -89.3296 -135.905 -24.9801
      vertex -96.1 -146.219 -24.9801
      vertex -89.1194 -136.525 -24.9801
    endloop
  endfacet
  facet normal 0 0 1
    outer loop
      vertex -89.4572 -135.263 -24.9801
      vertex -96.1 -146.219 -24.9801
      vertex -89.3296 -135.905 -24.9801
    endloop
  endfacet
  facet normal 0 0 1
    outer loop
      vertex -89.5 -134.61 -24.9801
      vertex -96.1 -146.219 -24.9801
      vertex -89.4572 -135.263 -24.9801
    endloop
  endfacet
  facet normal 0.896841 0.442003 0.0176034
    outer loop
      vertex -80.1699 -132.175 -23.2978
      vertex -79.8806 -132.695 -24.9801
      vertex -80.1699 -132.108 -24.9801
    endloop
  endfacet
  facet normal 0.896821 0.442043 0.0175879
    outer loop
      vertex -79.8806 -132.695 -24.9801
      vertex -80.1699 -132.175 -23.2978
      vertex -79.8806 -132.761 -23.3213
    endloop
  endfacet
  facet normal 0.980785 -0.194935 -0.00776583
    outer loop
      vertex -79.5428 -135.325 -23.4238
      vertex -79.6704 -135.905 -24.9801
      vertex -79.5428 -135.263 -24.9801
    endloop
  endfacet
  facet normal 0.980787 -0.194929 -0.00776813
    outer loop
      vertex -79.6704 -135.905 -24.9801
      vertex -79.5428 -135.325 -23.4238
      vertex -79.6704 -135.966 -23.4494
    endloop
  endfacet
  facet normal 0.997856 -0.0654031 -0.00260389
    outer loop
      vertex -79.5 -134.673 -23.3977
      vertex -79.5428 -135.263 -24.9801
      vertex -79.5 -134.61 -24.9801
    endloop
  endfacet
  facet normal 0.997856 -0.0653991 -0.00260538
    outer loop
      vertex -79.5428 -135.263 -24.9801
      vertex -79.5 -134.673 -23.3977
      vertex -79.5428 -135.325 -23.4238
    endloop
  endfacet
  facet normal -0.194355 -0.980136 -0.0395017
    outer loop
      vertex -85.7941 -139.443 -24.9801
      vertex -85.1526 -139.626 -23.5957
      vertex -85.7941 -139.499 -23.5906
    endloop
  endfacet
  facet normal -0.195527 -0.979925 -0.0389309
    outer loop
      vertex -85.1526 -139.626 -23.5957
      vertex -85.7941 -139.443 -24.9801
      vertex -85.1526 -139.571 -24.9801
    endloop
  endfacet
  facet normal 0.751713 -0.658971 -0.026164
    outer loop
      vertex -80.5332 -137.714 -23.5193
      vertex -80.9645 -138.148 -24.9801
      vertex -80.5332 -137.656 -24.9801
    endloop
  endfacet
  facet normal 0.752229 -0.658368 -0.0264955
    outer loop
      vertex -80.9645 -138.148 -24.9801
      vertex -80.5332 -137.714 -23.5193
      vertex -80.9645 -138.206 -23.5389
    endloop
  endfacet
  facet normal -0.194355 0.98013 0.0396368
    outer loop
      vertex -85.1526 -129.648 -24.9801
      vertex -85.7941 -129.847 -23.2048
      vertex -85.1526 -129.72 -23.1997
    endloop
  endfacet
  facet normal -0.195525 0.979915 0.03919
    outer loop
      vertex -85.7941 -129.847 -23.2048
      vertex -85.1526 -129.648 -24.9801
      vertex -85.7941 -129.776 -24.9801
    endloop
  endfacet
  facet normal 0.55488 -0.831251 -0.0336181
    outer loop
      vertex -81.4562 -138.58 -24.9801
      vertex -82 -139 -23.5707
      vertex -82 -138.943 -24.9801
    endloop
  endfacet
  facet normal 0.555505 -0.830848 -0.0332573
    outer loop
      vertex -82 -139 -23.5707
      vertex -81.4562 -138.58 -24.9801
      vertex -81.4562 -138.637 -23.5561
    endloop
  endfacet
  facet normal 0.194355 0.980148 0.0391993
    outer loop
      vertex -83.2059 -129.776 -24.9801
      vertex -83.8474 -129.72 -23.1997
      vertex -83.2059 -129.847 -23.2048
    endloop
  endfacet
  facet normal 0.195521 0.979898 0.0396274
    outer loop
      vertex -83.8474 -129.72 -23.1997
      vertex -83.2059 -129.776 -24.9801
      vertex -83.8474 -129.648 -24.9801
    endloop
  endfacet
  facet normal 0.658866 0.751658 0.0300907
    outer loop
      vertex -81.4562 -130.64 -24.9801
      vertex -80.9645 -131.14 -23.2565
      vertex -80.9645 -131.071 -24.9801
    endloop
  endfacet
  facet normal 0.659461 0.751149 0.0297732
    outer loop
      vertex -80.9645 -131.14 -23.2565
      vertex -81.4562 -130.64 -24.9801
      vertex -81.4562 -130.709 -23.2393
    endloop
  endfacet
  facet normal -0.659461 0.751149 0.0297732
    outer loop
      vertex -87.5438 -130.64 -24.9801
      vertex -88.0355 -131.14 -23.2565
      vertex -87.5438 -130.709 -23.2393
    endloop
  endfacet
  facet normal -0.658866 0.751658 0.0300907
    outer loop
      vertex -88.0355 -131.14 -23.2565
      vertex -87.5438 -130.64 -24.9801
      vertex -88.0355 -131.071 -24.9801
    endloop
  endfacet
  facet normal 0.997856 0.0654031 0.0026023
    outer loop
      vertex -79.5428 -134.021 -23.3716
      vertex -79.5 -134.61 -24.9801
      vertex -79.5428 -133.957 -24.9801
    endloop
  endfacet
  facet normal 0.997856 0.0653992 0.00260373
    outer loop
      vertex -79.5 -134.61 -24.9801
      vertex -79.5428 -134.021 -23.3716
      vertex -79.5 -134.673 -23.3977
    endloop
  endfacet
  facet normal -0.8314 -0.555235 -0.022097
    outer loop
      vertex -88.4668 -137.656 -24.9801
      vertex -88.8301 -137.171 -23.4976
      vertex -88.8301 -137.112 -24.9801
    endloop
  endfacet
  facet normal -0.831336 -0.555333 -0.0220491
    outer loop
      vertex -88.8301 -137.171 -23.4976
      vertex -88.4668 -137.656 -24.9801
      vertex -88.4668 -137.714 -23.5193
    endloop
  endfacet
  facet normal 0.555949 0.830564 0.032921
    outer loop
      vertex -82 -130.276 -24.9801
      vertex -81.4562 -130.709 -23.2393
      vertex -81.4562 -130.64 -24.9801
    endloop
  endfacet
  facet normal 0.5555 0.830856 0.0331339
    outer loop
      vertex -81.4562 -130.709 -23.2393
      vertex -82 -130.276 -24.9801
      vertex -82 -130.346 -23.2248
    endloop
  endfacet
  facet normal -0.0657989 -0.997046 -0.0396111
    outer loop
      vertex -85.1526 -139.571 -24.9801
      vertex -84.5 -139.669 -23.5974
      vertex -85.1526 -139.626 -23.5957
    endloop
  endfacet
  facet normal -0.065696 -0.997051 -0.03966
    outer loop
      vertex -84.5 -139.669 -23.5974
      vertex -85.1526 -139.571 -24.9801
      vertex -84.5 -139.614 -24.9801
    endloop
  endfacet
  facet normal -0.442232 0.896198 0.035505
    outer loop
      vertex -86.4134 -129.987 -24.9801
      vertex -87 -130.346 -23.2248
      vertex -86.4134 -130.057 -23.2132
    endloop
  endfacet
  facet normal -0.441663 0.896469 0.0357505
    outer loop
      vertex -87 -130.346 -23.2248
      vertex -86.4134 -129.987 -24.9801
      vertex -87 -130.276 -24.9801
    endloop
  endfacet
  facet normal -0.946974 -0.321055 -0.0127944
    outer loop
      vertex -89.1194 -136.525 -24.9801
      vertex -89.3296 -135.966 -23.4494
      vertex -89.3296 -135.905 -24.9801
    endloop
  endfacet
  facet normal -0.946972 -0.321062 -0.0127913
    outer loop
      vertex -89.3296 -135.966 -23.4494
      vertex -89.1194 -136.525 -24.9801
      vertex -89.1194 -136.585 -23.4741
    endloop
  endfacet
  facet normal 0.320899 -0.946345 -0.0381399
    outer loop
      vertex -82.5866 -139.233 -24.9801
      vertex -83.2059 -139.499 -23.5906
      vertex -83.2059 -139.443 -24.9801
    endloop
  endfacet
  facet normal 0.321363 -0.946197 -0.0379047
    outer loop
      vertex -83.2059 -139.499 -23.5906
      vertex -82.5866 -139.233 -24.9801
      vertex -82.5866 -139.289 -23.5822
    endloop
  endfacet
  facet normal 0.751709 0.658967 0.0263801
    outer loop
      vertex -80.9645 -131.14 -23.2565
      vertex -80.5332 -131.563 -24.9801
      vertex -80.9645 -131.071 -24.9801
    endloop
  endfacet
  facet normal 0.752229 0.658362 0.026659
    outer loop
      vertex -80.5332 -131.563 -24.9801
      vertex -80.9645 -131.14 -23.2565
      vertex -80.5332 -131.632 -23.2761
    endloop
  endfacet
  facet normal -0.0657989 0.997042 0.0397228
    outer loop
      vertex -84.5 -129.606 -24.9801
      vertex -85.1526 -129.72 -23.1997
      vertex -84.5 -129.677 -23.198
    endloop
  endfacet
  facet normal -0.0641728 0.997124 0.040324
    outer loop
      vertex -85.1526 -129.72 -23.1997
      vertex -84.5 -129.606 -24.9801
      vertex -85.1526 -129.648 -24.9801
    endloop
  endfacet
  facet normal 0.8314 -0.555235 -0.022097
    outer loop
      vertex -80.1699 -137.171 -23.4976
      vertex -80.5332 -137.656 -24.9801
      vertex -80.1699 -137.112 -24.9801
    endloop
  endfacet
  facet normal 0.831336 -0.555333 -0.0220491
    outer loop
      vertex -80.5332 -137.656 -24.9801
      vertex -80.1699 -137.171 -23.4976
      vertex -80.5332 -137.714 -23.5193
    endloop
  endfacet
  facet normal 0.442889 -0.895858 -0.0358881
    outer loop
      vertex -82 -138.943 -24.9801
      vertex -82.5866 -139.289 -23.5822
      vertex -82.5866 -139.233 -24.9801
    endloop
  endfacet
  facet normal 0.442227 -0.896171 -0.0362436
    outer loop
      vertex -82.5866 -139.289 -23.5822
      vertex -82 -138.943 -24.9801
      vertex -82 -139 -23.5707
    endloop
  endfacet
  facet normal 0.980786 0.194935 0.00775398
    outer loop
      vertex -79.6704 -133.38 -23.346
      vertex -79.5428 -133.957 -24.9801
      vertex -79.6704 -133.315 -24.9801
    endloop
  endfacet
  facet normal 0.980787 0.19493 0.00775598
    outer loop
      vertex -79.5428 -133.957 -24.9801
      vertex -79.6704 -133.38 -23.346
      vertex -79.5428 -134.021 -23.3716
    endloop
  endfacet
  facet normal 0.322276 0.945904 0.0374743
    outer loop
      vertex -83.2059 -129.776 -24.9801
      vertex -82.5866 -130.057 -23.2132
      vertex -82.5866 -129.987 -24.9801
    endloop
  endfacet
  facet normal 0.321363 0.9462 0.0378416
    outer loop
      vertex -82.5866 -130.057 -23.2132
      vertex -83.2059 -129.776 -24.9801
      vertex -83.2059 -129.847 -23.2048
    endloop
  endfacet
  facet normal 0.896841 -0.442003 -0.0176097
    outer loop
      vertex -79.8806 -136.585 -23.4741
      vertex -80.1699 -137.112 -24.9801
      vertex -79.8806 -136.525 -24.9801
    endloop
  endfacet
  facet normal 0.896821 -0.442043 -0.0175923
    outer loop
      vertex -80.1699 -137.112 -24.9801
      vertex -79.8806 -136.585 -23.4741
      vertex -80.1699 -137.171 -23.4976
    endloop
  endfacet
  facet normal -0.555505 -0.830848 -0.0332573
    outer loop
      vertex -87.5438 -138.58 -24.9801
      vertex -87 -139 -23.5707
      vertex -87.5438 -138.637 -23.5561
    endloop
  endfacet
  facet normal -0.55488 -0.831251 -0.0336181
    outer loop
      vertex -87 -139 -23.5707
      vertex -87.5438 -138.58 -24.9801
      vertex -87 -138.943 -24.9801
    endloop
  endfacet
  facet normal -0.442227 -0.896171 -0.0362436
    outer loop
      vertex -87 -138.943 -24.9801
      vertex -86.4134 -139.289 -23.5822
      vertex -87 -139 -23.5707
    endloop
  endfacet
  facet normal -0.442889 -0.895858 -0.0358881
    outer loop
      vertex -86.4134 -139.289 -23.5822
      vertex -87 -138.943 -24.9801
      vertex -86.4134 -139.233 -24.9801
    endloop
  endfacet
  facet normal -0.831864 0.554525 0.0224544
    outer loop
      vertex -88.8301 -132.108 -24.9801
      vertex -88.4668 -131.632 -23.2761
      vertex -88.4668 -131.563 -24.9801
    endloop
  endfacet
  facet normal -0.831336 0.55533 0.0221168
    outer loop
      vertex -88.4668 -131.632 -23.2761
      vertex -88.8301 -132.108 -24.9801
      vertex -88.8301 -132.175 -23.2978
    endloop
  endfacet
  facet normal 0.65973 -0.750901 -0.0300571
    outer loop
      vertex -80.9645 -138.148 -24.9801
      vertex -81.4562 -138.637 -23.5561
      vertex -81.4562 -138.58 -24.9801
    endloop
  endfacet
  facet normal 0.659461 -0.75113 -0.0302287
    outer loop
      vertex -81.4562 -138.637 -23.5561
      vertex -80.9645 -138.148 -24.9801
      vertex -80.9645 -138.206 -23.5389
    endloop
  endfacet
  facet normal -0.321363 -0.946197 -0.0379047
    outer loop
      vertex -86.4134 -139.233 -24.9801
      vertex -85.7941 -139.499 -23.5906
      vertex -86.4134 -139.289 -23.5822
    endloop
  endfacet
  facet normal -0.320899 -0.946345 -0.0381399
    outer loop
      vertex -85.7941 -139.499 -23.5906
      vertex -86.4134 -139.233 -24.9801
      vertex -85.7941 -139.443 -24.9801
    endloop
  endfacet
  facet normal -0.896841 0.442003 0.0176034
    outer loop
      vertex -89.1194 -132.695 -24.9801
      vertex -88.8301 -132.175 -23.2978
      vertex -88.8301 -132.108 -24.9801
    endloop
  endfacet
  facet normal -0.896821 0.442043 0.0175879
    outer loop
      vertex -88.8301 -132.175 -23.2978
      vertex -89.1194 -132.695 -24.9801
      vertex -89.1194 -132.761 -23.3213
    endloop
  endfacet
  facet normal -0.980785 -0.194935 -0.00776583
    outer loop
      vertex -89.3296 -135.905 -24.9801
      vertex -89.4572 -135.325 -23.4238
      vertex -89.4572 -135.263 -24.9801
    endloop
  endfacet
  facet normal -0.980787 -0.194929 -0.00776813
    outer loop
      vertex -89.4572 -135.325 -23.4238
      vertex -89.3296 -135.905 -24.9801
      vertex -89.3296 -135.966 -23.4494
    endloop
  endfacet
  facet normal 0.946974 0.321055 0.0127741
    outer loop
      vertex -79.8806 -132.761 -23.3213
      vertex -79.6704 -133.315 -24.9801
      vertex -79.8806 -132.695 -24.9801
    endloop
  endfacet
  facet normal 0.946972 0.321063 0.012771
    outer loop
      vertex -79.6704 -133.315 -24.9801
      vertex -79.8806 -132.761 -23.3213
      vertex -79.6704 -133.38 -23.346
    endloop
  endfacet
  facet normal 0.441663 0.896469 0.0357505
    outer loop
      vertex -82.5866 -129.987 -24.9801
      vertex -82 -130.346 -23.2248
      vertex -82 -130.276 -24.9801
    endloop
  endfacet
  facet normal 0.442232 0.896198 0.035505
    outer loop
      vertex -82 -130.346 -23.2248
      vertex -82.5866 -129.987 -24.9801
      vertex -82.5866 -130.057 -23.2132
    endloop
  endfacet
  facet normal -0.946974 0.321055 0.0127741
    outer loop
      vertex -89.3296 -133.315 -24.9801
      vertex -89.1194 -132.761 -23.3213
      vertex -89.1194 -132.695 -24.9801
    endloop
  endfacet
  facet normal -0.946972 0.321063 0.012771
    outer loop
      vertex -89.1194 -132.761 -23.3213
      vertex -89.3296 -133.315 -24.9801
      vertex -89.3296 -133.38 -23.346
    endloop
  endfacet
  facet normal -0.751709 0.658967 0.0263801
    outer loop
      vertex -88.4668 -131.563 -24.9801
      vertex -88.0355 -131.14 -23.2565
      vertex -88.0355 -131.071 -24.9801
    endloop
  endfacet
  facet normal -0.752229 0.658362 0.026659
    outer loop
      vertex -88.0355 -131.14 -23.2565
      vertex -88.4668 -131.563 -24.9801
      vertex -88.4668 -131.632 -23.2761
    endloop
  endfacet
  facet normal 0.831864 0.554525 0.0224544
    outer loop
      vertex -80.5332 -131.632 -23.2761
      vertex -80.1699 -132.108 -24.9801
      vertex -80.5332 -131.563 -24.9801
    endloop
  endfacet
  facet normal 0.831336 0.55533 0.0221168
    outer loop
      vertex -80.1699 -132.108 -24.9801
      vertex -80.5332 -131.632 -23.2761
      vertex -80.1699 -132.175 -23.2978
    endloop
  endfacet
  facet normal -0.896841 -0.442003 -0.0176097
    outer loop
      vertex -88.8301 -137.112 -24.9801
      vertex -89.1194 -136.585 -23.4741
      vertex -89.1194 -136.525 -24.9801
    endloop
  endfacet
  facet normal -0.896821 -0.442043 -0.0175923
    outer loop
      vertex -89.1194 -136.585 -23.4741
      vertex -88.8301 -137.112 -24.9801
      vertex -88.8301 -137.171 -23.4976
    endloop
  endfacet
  facet normal -0.659461 -0.75113 -0.0302287
    outer loop
      vertex -88.0355 -138.148 -24.9801
      vertex -87.5438 -138.637 -23.5561
      vertex -88.0355 -138.206 -23.5389
    endloop
  endfacet
  facet normal -0.65973 -0.750901 -0.0300571
    outer loop
      vertex -87.5438 -138.637 -23.5561
      vertex -88.0355 -138.148 -24.9801
      vertex -87.5438 -138.58 -24.9801
    endloop
  endfacet
  facet normal 0.0657989 -0.997044 -0.0396597
    outer loop
      vertex -84.5 -139.614 -24.9801
      vertex -83.8474 -139.626 -23.5957
      vertex -84.5 -139.669 -23.5974
    endloop
  endfacet
  facet normal 0.0656961 -0.997053 -0.0396113
    outer loop
      vertex -83.8474 -139.626 -23.5957
      vertex -84.5 -139.614 -24.9801
      vertex -83.8474 -139.571 -24.9801
    endloop
  endfacet
  facet normal 0.946974 -0.321055 -0.0127944
    outer loop
      vertex -79.6704 -135.966 -23.4494
      vertex -79.8806 -136.525 -24.9801
      vertex -79.6704 -135.905 -24.9801
    endloop
  endfacet
  facet normal 0.946972 -0.321062 -0.0127913
    outer loop
      vertex -79.8806 -136.525 -24.9801
      vertex -79.6704 -135.966 -23.4494
      vertex -79.8806 -136.585 -23.4741
    endloop
  endfacet
  facet normal -0.980786 0.194935 0.00775398
    outer loop
      vertex -89.4572 -133.957 -24.9801
      vertex -89.3296 -133.38 -23.346
      vertex -89.3296 -133.315 -24.9801
    endloop
  endfacet
  facet normal -0.980787 0.19493 0.00775598
    outer loop
      vertex -89.3296 -133.38 -23.346
      vertex -89.4572 -133.957 -24.9801
      vertex -89.4572 -134.021 -23.3716
    endloop
  endfacet
  facet normal 0.194355 -0.980158 -0.0389401
    outer loop
      vertex -83.8474 -139.571 -24.9801
      vertex -83.2059 -139.499 -23.5906
      vertex -83.8474 -139.626 -23.5957
    endloop
  endfacet
  facet normal 0.195522 -0.979904 -0.0394923
    outer loop
      vertex -83.2059 -139.499 -23.5906
      vertex -83.8474 -139.571 -24.9801
      vertex -83.2059 -139.443 -24.9801
    endloop
  endfacet
  facet normal -0.997856 -0.0654031 -0.00260389
    outer loop
      vertex -89.4572 -135.263 -24.9801
      vertex -89.5 -134.673 -23.3977
      vertex -89.5 -134.61 -24.9801
    endloop
  endfacet
  facet normal -0.997856 -0.0653991 -0.00260538
    outer loop
      vertex -89.5 -134.673 -23.3977
      vertex -89.4572 -135.263 -24.9801
      vertex -89.4572 -135.325 -23.4238
    endloop
  endfacet
  facet normal 0 -0.0399986 0.9992
    outer loop
      vertex -82.8 -134.673 -23.3977
      vertex -79.5 -134.673 -23.3977
      vertex -79.5428 -134.021 -23.3716
    endloop
  endfacet
  facet normal -7.9861e-06 -0.0399074 0.999203
    outer loop
      vertex -82.8145 -134.451 -23.3888
      vertex -79.5428 -134.021 -23.3716
      vertex -79.6704 -133.38 -23.346
    endloop
  endfacet
  facet normal 0 -0.0399986 0.9992
    outer loop
      vertex -79.5 -134.673 -23.3977
      vertex -82.8 -134.673 -23.3977
      vertex -79.5428 -135.325 -23.4238
    endloop
  endfacet
  facet normal -1.80124e-05 -0.0398774 0.999205
    outer loop
      vertex -82.8579 -134.233 -23.3801
      vertex -79.6704 -133.38 -23.346
      vertex -79.8806 -132.761 -23.3213
    endloop
  endfacet
  facet normal -1.17304e-05 -0.0400571 0.999197
    outer loop
      vertex -82.8145 -134.895 -23.4066
      vertex -79.5428 -135.325 -23.4238
      vertex -82.8 -134.673 -23.3977
    endloop
  endfacet
  facet normal 5.69327e-05 -0.0400421 0.999198
    outer loop
      vertex -82.9294 -134.023 -23.3717
      vertex -79.8806 -132.761 -23.3213
      vertex -80.1699 -132.175 -23.2978
    endloop
  endfacet
  facet normal 7.9861e-06 -0.0399074 0.999203
    outer loop
      vertex -79.5428 -135.325 -23.4238
      vertex -82.8145 -134.895 -23.4066
      vertex -79.6704 -135.966 -23.4494
    endloop
  endfacet
  facet normal -2.54107e-05 -0.0399483 0.999202
    outer loop
      vertex -83.0278 -133.824 -23.3638
      vertex -80.1699 -132.175 -23.2978
      vertex -80.5332 -131.632 -23.2761
    endloop
  endfacet
  facet normal 1.73384e-05 -0.03988 0.999204
    outer loop
      vertex -82.8579 -135.113 -23.4153
      vertex -79.6704 -135.966 -23.4494
      vertex -82.8145 -134.895 -23.4066
    endloop
  endfacet
  facet normal -7.90558e-05 -0.039875 0.999205
    outer loop
      vertex -83.1513 -133.639 -23.3564
      vertex -80.5332 -131.632 -23.2761
      vertex -80.9645 -131.14 -23.2565
    endloop
  endfacet
  facet normal 1.80124e-05 -0.0398774 0.999205
    outer loop
      vertex -79.6704 -135.966 -23.4494
      vertex -82.8579 -135.113 -23.4153
      vertex -79.8806 -136.585 -23.4741
    endloop
  endfacet
  facet normal -2.72973e-05 -0.0399065 0.999203
    outer loop
      vertex -83.2979 -133.472 -23.3497
      vertex -80.9645 -131.14 -23.2565
      vertex -81.4562 -130.709 -23.2393
    endloop
  endfacet
  facet normal -2.29802e-05 -0.0399602 0.999201
    outer loop
      vertex -82.9294 -135.323 -23.4237
      vertex -79.8806 -136.585 -23.4741
      vertex -82.8579 -135.113 -23.4153
    endloop
  endfacet
  facet normal -6.96532e-07 -0.0399141 0.999203
    outer loop
      vertex -83.4651 -133.325 -23.3438
      vertex -81.4562 -130.709 -23.2393
      vertex -82 -130.346 -23.2248
    endloop
  endfacet
  facet normal -5.69327e-05 -0.0400421 0.999198
    outer loop
      vertex -79.8806 -136.585 -23.4741
      vertex -82.9294 -135.323 -23.4237
      vertex -80.1699 -137.171 -23.4976
    endloop
  endfacet
  facet normal 7.18232e-05 -0.0399606 0.999201
    outer loop
      vertex -83.65 -133.202 -23.3389
      vertex -82 -130.346 -23.2248
      vertex -82.5866 -130.057 -23.2132
    endloop
  endfacet
  facet normal -0.000106483 -0.040116 0.999195
    outer loop
      vertex -83.0278 -135.522 -23.4317
      vertex -80.1699 -137.171 -23.4976
      vertex -82.9294 -135.323 -23.4237
    endloop
  endfacet
  facet normal 1.85818e-07 -0.0399314 0.999202
    outer loop
      vertex -80.1699 -137.171 -23.4976
      vertex -83.0278 -135.522 -23.4317
      vertex -80.5332 -137.714 -23.5193
    endloop
  endfacet
  facet normal 1.17304e-05 -0.0400571 0.999197
    outer loop
      vertex -79.5428 -134.021 -23.3716
      vertex -82.8145 -134.451 -23.3888
      vertex -82.8 -134.673 -23.3977
    endloop
  endfacet
  facet normal -1.73384e-05 -0.03988 0.999204
    outer loop
      vertex -79.6704 -133.38 -23.346
      vertex -82.8579 -134.233 -23.3801
      vertex -82.8145 -134.451 -23.3888
    endloop
  endfacet
  facet normal 2.29802e-05 -0.0399602 0.999201
    outer loop
      vertex -79.8806 -132.761 -23.3213
      vertex -82.9294 -134.023 -23.3717
      vertex -82.8579 -134.233 -23.3801
    endloop
  endfacet
  facet normal -0.000146126 -0.0397394 0.99921
    outer loop
      vertex -80.1699 -132.175 -23.2978
      vertex -83.0278 -133.824 -23.3638
      vertex -82.9294 -134.023 -23.3717
    endloop
  endfacet
  facet normal -5.04914e-06 -0.0399714 0.999201
    outer loop
      vertex -80.5332 -131.632 -23.2761
      vertex -83.1513 -133.639 -23.3564
      vertex -83.0278 -133.824 -23.3638
    endloop
  endfacet
  facet normal 7.79975e-06 -0.0399451 0.999202
    outer loop
      vertex -83.8494 -133.104 -23.335
      vertex -82.5866 -130.057 -23.2132
      vertex -83.2059 -129.847 -23.2048
    endloop
  endfacet
  facet normal 8.19521e-05 -0.0400157 0.999199
    outer loop
      vertex -80.9645 -131.14 -23.2565
      vertex -83.2979 -133.472 -23.3497
      vertex -83.1513 -133.639 -23.3564
    endloop
  endfacet
  facet normal 9.9415e-05 -0.0399909 0.9992
    outer loop
      vertex -81.4562 -130.709 -23.2393
      vertex -83.4651 -133.325 -23.3438
      vertex -83.2979 -133.472 -23.3497
    endloop
  endfacet
  facet normal -5.45375e-05 -0.0398877 0.999204
    outer loop
      vertex -82 -130.346 -23.2248
      vertex -83.65 -133.202 -23.3389
      vertex -83.4651 -133.325 -23.3438
    endloop
  endfacet
  facet normal 3.54793e-05 -0.0399462 0.999202
    outer loop
      vertex -84.06 -133.032 -23.3321
      vertex -83.2059 -129.847 -23.2048
      vertex -83.8474 -129.72 -23.1997
    endloop
  endfacet
  facet normal -7.255e-05 -0.0399118 0.999203
    outer loop
      vertex -82.5866 -130.057 -23.2132
      vertex -83.8494 -133.104 -23.335
      vertex -83.65 -133.202 -23.3389
    endloop
  endfacet
  facet normal 9.67467e-05 -0.0399626 0.999201
    outer loop
      vertex -83.2059 -129.847 -23.2048
      vertex -84.06 -133.032 -23.3321
      vertex -83.8494 -133.104 -23.335
    endloop
  endfacet
  facet normal -8.57838e-05 -0.0399384 0.999202
    outer loop
      vertex -83.8474 -129.72 -23.1997
      vertex -84.2781 -132.989 -23.3304
      vertex -84.06 -133.032 -23.3321
    endloop
  endfacet
  facet normal -2.91606e-05 -0.0399459 0.999202
    outer loop
      vertex -84.5 -129.677 -23.198
      vertex -84.2781 -132.989 -23.3304
      vertex -83.8474 -129.72 -23.1997
    endloop
  endfacet
  facet normal 1.63892e-06 -0.0399438 0.999202
    outer loop
      vertex -84.5 -129.677 -23.198
      vertex -84.5 -132.974 -23.3298
      vertex -84.2781 -132.989 -23.3304
    endloop
  endfacet
  facet normal -1.63892e-06 -0.0399438 0.999202
    outer loop
      vertex -84.5 -129.677 -23.198
      vertex -84.7219 -132.989 -23.3304
      vertex -84.5 -132.974 -23.3298
    endloop
  endfacet
  facet normal 2.91606e-05 -0.0399459 0.999202
    outer loop
      vertex -85.1526 -129.72 -23.1997
      vertex -84.7219 -132.989 -23.3304
      vertex -84.5 -129.677 -23.198
    endloop
  endfacet
  facet normal 8.57838e-05 -0.0399384 0.999202
    outer loop
      vertex -84.7219 -132.989 -23.3304
      vertex -85.1526 -129.72 -23.1997
      vertex -84.94 -133.032 -23.3321
    endloop
  endfacet
  facet normal -3.54793e-05 -0.0399462 0.999202
    outer loop
      vertex -85.7941 -129.847 -23.2048
      vertex -84.94 -133.032 -23.3321
      vertex -85.1526 -129.72 -23.1997
    endloop
  endfacet
  facet normal -9.67467e-05 -0.0399626 0.999201
    outer loop
      vertex -84.94 -133.032 -23.3321
      vertex -85.7941 -129.847 -23.2048
      vertex -85.1506 -133.104 -23.335
    endloop
  endfacet
  facet normal -7.79975e-06 -0.0399451 0.999202
    outer loop
      vertex -86.4134 -130.057 -23.2132
      vertex -85.1506 -133.104 -23.335
      vertex -85.7941 -129.847 -23.2048
    endloop
  endfacet
  facet normal 7.255e-05 -0.0399118 0.999203
    outer loop
      vertex -85.1506 -133.104 -23.335
      vertex -86.4134 -130.057 -23.2132
      vertex -85.35 -133.202 -23.3389
    endloop
  endfacet
  facet normal -7.18232e-05 -0.0399606 0.999201
    outer loop
      vertex -87 -130.346 -23.2248
      vertex -85.35 -133.202 -23.3389
      vertex -86.4134 -130.057 -23.2132
    endloop
  endfacet
  facet normal 5.45375e-05 -0.0398877 0.999204
    outer loop
      vertex -85.35 -133.202 -23.3389
      vertex -87 -130.346 -23.2248
      vertex -85.5349 -133.325 -23.3438
    endloop
  endfacet
  facet normal 6.96532e-07 -0.0399141 0.999203
    outer loop
      vertex -87.5438 -130.709 -23.2393
      vertex -85.5349 -133.325 -23.3438
      vertex -87 -130.346 -23.2248
    endloop
  endfacet
  facet normal -9.9415e-05 -0.0399909 0.9992
    outer loop
      vertex -85.5349 -133.325 -23.3438
      vertex -87.5438 -130.709 -23.2393
      vertex -85.7021 -133.472 -23.3497
    endloop
  endfacet
  facet normal 2.72973e-05 -0.0399065 0.999203
    outer loop
      vertex -88.0355 -131.14 -23.2565
      vertex -85.7021 -133.472 -23.3497
      vertex -87.5438 -130.709 -23.2393
    endloop
  endfacet
  facet normal -8.19521e-05 -0.0400157 0.999199
    outer loop
      vertex -85.7021 -133.472 -23.3497
      vertex -88.0355 -131.14 -23.2565
      vertex -85.8487 -133.639 -23.3564
    endloop
  endfacet
  facet normal 5.04914e-06 -0.0399714 0.999201
    outer loop
      vertex -85.8487 -133.639 -23.3564
      vertex -88.4668 -131.632 -23.2761
      vertex -85.9722 -133.824 -23.3638
    endloop
  endfacet
  facet normal 7.90558e-05 -0.039875 0.999205
    outer loop
      vertex -88.4668 -131.632 -23.2761
      vertex -85.8487 -133.639 -23.3564
      vertex -88.0355 -131.14 -23.2565
    endloop
  endfacet
  facet normal 0.000278935 -0.0396147 0.999215
    outer loop
      vertex -83.1513 -135.707 -23.439
      vertex -80.5332 -137.714 -23.5193
      vertex -83.0278 -135.522 -23.4317
    endloop
  endfacet
  facet normal 7.90558e-05 -0.039875 0.999205
    outer loop
      vertex -80.5332 -137.714 -23.5193
      vertex -83.1513 -135.707 -23.439
      vertex -80.9645 -138.206 -23.5389
    endloop
  endfacet
  facet normal -8.19521e-05 -0.0400157 0.999199
    outer loop
      vertex -83.2979 -135.874 -23.4457
      vertex -80.9645 -138.206 -23.5389
      vertex -83.1513 -135.707 -23.439
    endloop
  endfacet
  facet normal 2.72973e-05 -0.0399065 0.999203
    outer loop
      vertex -80.9645 -138.206 -23.5389
      vertex -83.2979 -135.874 -23.4457
      vertex -81.4562 -138.637 -23.5561
    endloop
  endfacet
  facet normal -9.9415e-05 -0.0399909 0.9992
    outer loop
      vertex -83.4651 -136.021 -23.4516
      vertex -81.4562 -138.637 -23.5561
      vertex -83.2979 -135.874 -23.4457
    endloop
  endfacet
  facet normal -0.000120778 -0.0400073 0.999199
    outer loop
      vertex -81.4562 -138.637 -23.5561
      vertex -83.4651 -136.021 -23.4516
      vertex -82 -139 -23.5707
    endloop
  endfacet
  facet normal 7.13497e-05 -0.0399129 0.999203
    outer loop
      vertex -83.65 -136.144 -23.4565
      vertex -82 -139 -23.5707
      vertex -83.4651 -136.021 -23.4516
    endloop
  endfacet
  facet normal 7.41911e-05 -0.0399113 0.999203
    outer loop
      vertex -82 -139 -23.5707
      vertex -83.65 -136.144 -23.4565
      vertex -82.5866 -139.289 -23.5822
    endloop
  endfacet
  facet normal 7.255e-05 -0.0399118 0.999203
    outer loop
      vertex -83.8494 -136.242 -23.4604
      vertex -82.5866 -139.289 -23.5822
      vertex -83.65 -136.144 -23.4565
    endloop
  endfacet
  facet normal -7.79975e-06 -0.0399451 0.999202
    outer loop
      vertex -82.5866 -139.289 -23.5822
      vertex -83.8494 -136.242 -23.4604
      vertex -83.2059 -139.499 -23.5906
    endloop
  endfacet
  facet normal -9.67467e-05 -0.0399626 0.999201
    outer loop
      vertex -84.06 -136.314 -23.4633
      vertex -83.2059 -139.499 -23.5906
      vertex -83.8494 -136.242 -23.4604
    endloop
  endfacet
  facet normal -3.54793e-05 -0.0399462 0.999202
    outer loop
      vertex -83.2059 -139.499 -23.5906
      vertex -84.06 -136.314 -23.4633
      vertex -83.8474 -139.626 -23.5957
    endloop
  endfacet
  facet normal 8.57838e-05 -0.0399384 0.999202
    outer loop
      vertex -84.2781 -136.357 -23.465
      vertex -83.8474 -139.626 -23.5957
      vertex -84.06 -136.314 -23.4633
    endloop
  endfacet
  facet normal -1.22878e-06 -0.0399499 0.999202
    outer loop
      vertex -84.5 -136.372 -23.4656
      vertex -83.8474 -139.626 -23.5957
      vertex -84.2781 -136.357 -23.465
    endloop
  endfacet
  facet normal 2.90247e-05 -0.0399438 0.999202
    outer loop
      vertex -84.5 -136.372 -23.4656
      vertex -84.5 -139.669 -23.5974
      vertex -83.8474 -139.626 -23.5957
    endloop
  endfacet
  facet normal 1.63892e-06 -0.0399438 0.999202
    outer loop
      vertex -84.7219 -136.357 -23.465
      vertex -84.5 -139.669 -23.5974
      vertex -84.5 -136.372 -23.4656
    endloop
  endfacet
  facet normal -8.57838e-05 -0.0399384 0.999202
    outer loop
      vertex -85.1526 -139.626 -23.5957
      vertex -84.7219 -136.357 -23.465
      vertex -84.94 -136.314 -23.4633
    endloop
  endfacet
  facet normal 9.67467e-05 -0.0399626 0.999201
    outer loop
      vertex -85.7941 -139.499 -23.5906
      vertex -84.94 -136.314 -23.4633
      vertex -85.1506 -136.242 -23.4604
    endloop
  endfacet
  facet normal -2.91606e-05 -0.0399459 0.999202
    outer loop
      vertex -84.7219 -136.357 -23.465
      vertex -85.1526 -139.626 -23.5957
      vertex -84.5 -139.669 -23.5974
    endloop
  endfacet
  facet normal -7.255e-05 -0.0399118 0.999203
    outer loop
      vertex -86.4134 -139.289 -23.5822
      vertex -85.1506 -136.242 -23.4604
      vertex -85.35 -136.144 -23.4565
    endloop
  endfacet
  facet normal -7.13497e-05 -0.0399129 0.999203
    outer loop
      vertex -87 -139 -23.5707
      vertex -85.35 -136.144 -23.4565
      vertex -85.5349 -136.021 -23.4516
    endloop
  endfacet
  facet normal 9.9415e-05 -0.0399909 0.9992
    outer loop
      vertex -87.5438 -138.637 -23.5561
      vertex -85.5349 -136.021 -23.4516
      vertex -85.7021 -135.874 -23.4457
    endloop
  endfacet
  facet normal 3.54793e-05 -0.0399462 0.999202
    outer loop
      vertex -84.94 -136.314 -23.4633
      vertex -85.7941 -139.499 -23.5906
      vertex -85.1526 -139.626 -23.5957
    endloop
  endfacet
  facet normal 8.19521e-05 -0.0400157 0.999199
    outer loop
      vertex -88.0355 -138.206 -23.5389
      vertex -85.7021 -135.874 -23.4457
      vertex -85.8487 -135.707 -23.439
    endloop
  endfacet
  facet normal -0.000278935 -0.0396147 0.999215
    outer loop
      vertex -88.4668 -137.714 -23.5193
      vertex -85.8487 -135.707 -23.439
      vertex -85.9722 -135.522 -23.4317
    endloop
  endfacet
  facet normal 0.000106483 -0.040116 0.999195
    outer loop
      vertex -88.8301 -137.171 -23.4976
      vertex -85.9722 -135.522 -23.4317
      vertex -86.0706 -135.323 -23.4237
    endloop
  endfacet
  facet normal 2.29802e-05 -0.0399602 0.999201
    outer loop
      vertex -89.1194 -136.585 -23.4741
      vertex -86.0706 -135.323 -23.4237
      vertex -86.1421 -135.113 -23.4153
    endloop
  endfacet
  facet normal -1.73384e-05 -0.03988 0.999204
    outer loop
      vertex -89.3296 -135.966 -23.4494
      vertex -86.1421 -135.113 -23.4153
      vertex -86.1855 -134.895 -23.4066
    endloop
  endfacet
  facet normal 7.79975e-06 -0.0399451 0.999202
    outer loop
      vertex -85.1506 -136.242 -23.4604
      vertex -86.4134 -139.289 -23.5822
      vertex -85.7941 -139.499 -23.5906
    endloop
  endfacet
  facet normal 1.17304e-05 -0.0400571 0.999197
    outer loop
      vertex -89.4572 -135.325 -23.4238
      vertex -86.1855 -134.895 -23.4066
      vertex -86.2 -134.673 -23.3977
    endloop
  endfacet
  facet normal 2.54107e-05 -0.0399483 0.999202
    outer loop
      vertex -88.8301 -132.175 -23.2978
      vertex -85.9722 -133.824 -23.3638
      vertex -88.4668 -131.632 -23.2761
    endloop
  endfacet
  facet normal 0.000146126 -0.0397394 0.99921
    outer loop
      vertex -85.9722 -133.824 -23.3638
      vertex -88.8301 -132.175 -23.2978
      vertex -86.0706 -134.023 -23.3717
    endloop
  endfacet
  facet normal -7.41911e-05 -0.0399113 0.999203
    outer loop
      vertex -85.35 -136.144 -23.4565
      vertex -87 -139 -23.5707
      vertex -86.4134 -139.289 -23.5822
    endloop
  endfacet
  facet normal -5.69327e-05 -0.0400421 0.999198
    outer loop
      vertex -89.1194 -132.761 -23.3213
      vertex -86.0706 -134.023 -23.3717
      vertex -88.8301 -132.175 -23.2978
    endloop
  endfacet
  facet normal 0.000120778 -0.0400073 0.999199
    outer loop
      vertex -85.5349 -136.021 -23.4516
      vertex -87.5438 -138.637 -23.5561
      vertex -87 -139 -23.5707
    endloop
  endfacet
  facet normal -2.29802e-05 -0.0399602 0.999201
    outer loop
      vertex -86.0706 -134.023 -23.3717
      vertex -89.1194 -132.761 -23.3213
      vertex -86.1421 -134.233 -23.3801
    endloop
  endfacet
  facet normal -2.72973e-05 -0.0399065 0.999203
    outer loop
      vertex -85.7021 -135.874 -23.4457
      vertex -88.0355 -138.206 -23.5389
      vertex -87.5438 -138.637 -23.5561
    endloop
  endfacet
  facet normal 1.80124e-05 -0.0398774 0.999205
    outer loop
      vertex -89.3296 -133.38 -23.346
      vertex -86.1421 -134.233 -23.3801
      vertex -89.1194 -132.761 -23.3213
    endloop
  endfacet
  facet normal -7.90558e-05 -0.039875 0.999205
    outer loop
      vertex -85.8487 -135.707 -23.439
      vertex -88.4668 -137.714 -23.5193
      vertex -88.0355 -138.206 -23.5389
    endloop
  endfacet
  facet normal 1.73384e-05 -0.03988 0.999204
    outer loop
      vertex -86.1421 -134.233 -23.3801
      vertex -89.3296 -133.38 -23.346
      vertex -86.1855 -134.451 -23.3888
    endloop
  endfacet
  facet normal -1.85818e-07 -0.0399314 0.999202
    outer loop
      vertex -85.9722 -135.522 -23.4317
      vertex -88.8301 -137.171 -23.4976
      vertex -88.4668 -137.714 -23.5193
    endloop
  endfacet
  facet normal 7.9861e-06 -0.0399074 0.999203
    outer loop
      vertex -89.4572 -134.021 -23.3716
      vertex -86.1855 -134.451 -23.3888
      vertex -89.3296 -133.38 -23.346
    endloop
  endfacet
  facet normal 5.69327e-05 -0.0400421 0.999198
    outer loop
      vertex -86.0706 -135.323 -23.4237
      vertex -89.1194 -136.585 -23.4741
      vertex -88.8301 -137.171 -23.4976
    endloop
  endfacet
  facet normal -1.17304e-05 -0.0400571 0.999197
    outer loop
      vertex -86.1855 -134.451 -23.3888
      vertex -89.4572 -134.021 -23.3716
      vertex -86.2 -134.673 -23.3977
    endloop
  endfacet
  facet normal -1.80124e-05 -0.0398774 0.999205
    outer loop
      vertex -86.1421 -135.113 -23.4153
      vertex -89.3296 -135.966 -23.4494
      vertex -89.1194 -136.585 -23.4741
    endloop
  endfacet
  facet normal 0 -0.0399986 0.9992
    outer loop
      vertex -89.5 -134.673 -23.3977
      vertex -86.2 -134.673 -23.3977
      vertex -89.4572 -134.021 -23.3716
    endloop
  endfacet
  facet normal -7.9861e-06 -0.0399074 0.999203
    outer loop
      vertex -86.1855 -134.895 -23.4066
      vertex -89.4572 -135.325 -23.4238
      vertex -89.3296 -135.966 -23.4494
    endloop
  endfacet
  facet normal 0 -0.0399986 0.9992
    outer loop
      vertex -86.2 -134.673 -23.3977
      vertex -89.5 -134.673 -23.3977
      vertex -89.4572 -135.325 -23.4238
    endloop
  endfacet
  facet normal -0.5555 0.830856 0.0331339
    outer loop
      vertex -87 -130.276 -24.9801
      vertex -87.5438 -130.709 -23.2393
      vertex -87 -130.346 -23.2248
    endloop
  endfacet
  facet normal -0.555949 0.830564 0.032921
    outer loop
      vertex -87.5438 -130.709 -23.2393
      vertex -87 -130.276 -24.9801
      vertex -87.5438 -130.64 -24.9801
    endloop
  endfacet
  facet normal 0.0657988 0.997018 0.0403198
    outer loop
      vertex -83.8474 -129.648 -24.9801
      vertex -84.5 -129.677 -23.198
      vertex -83.8474 -129.72 -23.1997
    endloop
  endfacet
  facet normal 0.0641744 0.997148 0.039727
    outer loop
      vertex -84.5 -129.677 -23.198
      vertex -83.8474 -129.648 -24.9801
      vertex -84.5 -129.606 -24.9801
    endloop
  endfacet
  facet normal -0.997856 0.0654031 0.0026023
    outer loop
      vertex -89.5 -134.61 -24.9801
      vertex -89.4572 -134.021 -23.3716
      vertex -89.4572 -133.957 -24.9801
    endloop
  endfacet
  facet normal -0.997856 0.0653992 0.00260373
    outer loop
      vertex -89.4572 -134.021 -23.3716
      vertex -89.5 -134.61 -24.9801
      vertex -89.5 -134.673 -23.3977
    endloop
  endfacet
  facet normal -0.321363 0.9462 0.0378416
    outer loop
      vertex -85.7941 -129.776 -24.9801
      vertex -86.4134 -130.057 -23.2132
      vertex -85.7941 -129.847 -23.2048
    endloop
  endfacet
  facet normal -0.322276 0.945904 0.0374743
    outer loop
      vertex -86.4134 -130.057 -23.2132
      vertex -85.7941 -129.776 -24.9801
      vertex -86.4134 -129.987 -24.9801
    endloop
  endfacet
  facet normal -0.751713 -0.658971 -0.026164
    outer loop
      vertex -88.0355 -138.148 -24.9801
      vertex -88.4668 -137.714 -23.5193
      vertex -88.4668 -137.656 -24.9801
    endloop
  endfacet
  facet normal -0.752229 -0.658368 -0.0264955
    outer loop
      vertex -88.4668 -137.714 -23.5193
      vertex -88.0355 -138.148 -24.9801
      vertex -88.0355 -138.206 -23.5389
    endloop
  endfacet
  facet normal 0.194355 0.980148 0.0391993
    outer loop
      vertex 85.7941 -129.776 -24.9801
      vertex 85.1526 -129.72 -23.1997
      vertex 85.7941 -129.847 -23.2048
    endloop
  endfacet
  facet normal 0.195521 0.979898 0.0396274
    outer loop
      vertex 85.1526 -129.72 -23.1997
      vertex 85.7941 -129.776 -24.9801
      vertex 85.1526 -129.648 -24.9801
    endloop
  endfacet
  facet normal 0.980785 -0.194935 -0.00776583
    outer loop
      vertex 89.4572 -135.325 -23.4238
      vertex 89.3296 -135.905 -24.9801
      vertex 89.4572 -135.263 -24.9801
    endloop
  endfacet
  facet normal 0.980787 -0.194929 -0.00776813
    outer loop
      vertex 89.3296 -135.905 -24.9801
      vertex 89.4572 -135.325 -23.4238
      vertex 89.3296 -135.966 -23.4494
    endloop
  endfacet
  facet normal 0.997856 -0.0654031 -0.00260389
    outer loop
      vertex 89.5 -134.673 -23.3977
      vertex 89.4572 -135.263 -24.9801
      vertex 89.5 -134.61 -24.9801
    endloop
  endfacet
  facet normal 0.997856 -0.0653991 -0.00260538
    outer loop
      vertex 89.4572 -135.263 -24.9801
      vertex 89.5 -134.673 -23.3977
      vertex 89.4572 -135.325 -23.4238
    endloop
  endfacet
  facet normal -0.997856 0.0654031 0.0026023
    outer loop
      vertex 79.5 -134.61 -24.9801
      vertex 79.5428 -134.021 -23.3716
      vertex 79.5428 -133.957 -24.9801
    endloop
  endfacet
  facet normal -0.997856 0.0653992 0.00260373
    outer loop
      vertex 79.5428 -134.021 -23.3716
      vertex 79.5 -134.61 -24.9801
      vertex 79.5 -134.673 -23.3977
    endloop
  endfacet
  facet normal -0.321363 0.9462 0.0378416
    outer loop
      vertex 83.2059 -129.776 -24.9801
      vertex 82.5866 -130.057 -23.2132
      vertex 83.2059 -129.847 -23.2048
    endloop
  endfacet
  facet normal -0.322276 0.945904 0.0374743
    outer loop
      vertex 82.5866 -130.057 -23.2132
      vertex 83.2059 -129.776 -24.9801
      vertex 82.5866 -129.987 -24.9801
    endloop
  endfacet
  facet normal -0.194355 0.98013 0.0396368
    outer loop
      vertex 83.8474 -129.648 -24.9801
      vertex 83.2059 -129.847 -23.2048
      vertex 83.8474 -129.72 -23.1997
    endloop
  endfacet
  facet normal -0.195525 0.979915 0.03919
    outer loop
      vertex 83.2059 -129.847 -23.2048
      vertex 83.8474 -129.648 -24.9801
      vertex 83.2059 -129.776 -24.9801
    endloop
  endfacet
  facet normal 0.946974 0.321055 0.0127741
    outer loop
      vertex 89.1194 -132.761 -23.3213
      vertex 89.3296 -133.315 -24.9801
      vertex 89.1194 -132.695 -24.9801
    endloop
  endfacet
  facet normal 0.946972 0.321063 0.012771
    outer loop
      vertex 89.3296 -133.315 -24.9801
      vertex 89.1194 -132.761 -23.3213
      vertex 89.3296 -133.38 -23.346
    endloop
  endfacet
  facet normal -0.997856 -0.0654031 -0.00260389
    outer loop
      vertex 79.5428 -135.263 -24.9801
      vertex 79.5 -134.673 -23.3977
      vertex 79.5 -134.61 -24.9801
    endloop
  endfacet
  facet normal -0.997856 -0.0653991 -0.00260538
    outer loop
      vertex 79.5 -134.673 -23.3977
      vertex 79.5428 -135.263 -24.9801
      vertex 79.5428 -135.325 -23.4238
    endloop
  endfacet
  facet normal -0.0657989 0.997042 0.0397228
    outer loop
      vertex 84.5 -129.606 -24.9801
      vertex 83.8474 -129.72 -23.1997
      vertex 84.5 -129.677 -23.198
    endloop
  endfacet
  facet normal -0.0641728 0.997124 0.040324
    outer loop
      vertex 83.8474 -129.72 -23.1997
      vertex 84.5 -129.606 -24.9801
      vertex 83.8474 -129.648 -24.9801
    endloop
  endfacet
  facet normal -0.8314 -0.555235 -0.022097
    outer loop
      vertex 80.5332 -137.656 -24.9801
      vertex 80.1699 -137.171 -23.4976
      vertex 80.1699 -137.112 -24.9801
    endloop
  endfacet
  facet normal -0.831336 -0.555333 -0.0220491
    outer loop
      vertex 80.1699 -137.171 -23.4976
      vertex 80.5332 -137.656 -24.9801
      vertex 80.5332 -137.714 -23.5193
    endloop
  endfacet
  facet normal 0.980786 0.194935 0.00775398
    outer loop
      vertex 89.3296 -133.38 -23.346
      vertex 89.4572 -133.957 -24.9801
      vertex 89.3296 -133.315 -24.9801
    endloop
  endfacet
  facet normal 0.980787 0.19493 0.00775598
    outer loop
      vertex 89.4572 -133.957 -24.9801
      vertex 89.3296 -133.38 -23.346
      vertex 89.4572 -134.021 -23.3716
    endloop
  endfacet
  facet normal -0.5555 0.830856 0.0331339
    outer loop
      vertex 82 -130.276 -24.9801
      vertex 81.4562 -130.709 -23.2393
      vertex 82 -130.346 -23.2248
    endloop
  endfacet
  facet normal -0.555949 0.830564 0.032921
    outer loop
      vertex 81.4562 -130.709 -23.2393
      vertex 82 -130.276 -24.9801
      vertex 81.4562 -130.64 -24.9801
    endloop
  endfacet
  facet normal 0.658866 0.751658 0.0300907
    outer loop
      vertex 87.5438 -130.64 -24.9801
      vertex 88.0355 -131.14 -23.2565
      vertex 88.0355 -131.071 -24.9801
    endloop
  endfacet
  facet normal 0.659461 0.751149 0.0297732
    outer loop
      vertex 88.0355 -131.14 -23.2565
      vertex 87.5438 -130.64 -24.9801
      vertex 87.5438 -130.709 -23.2393
    endloop
  endfacet
  facet normal -0.980786 0.194935 0.00775398
    outer loop
      vertex 79.5428 -133.957 -24.9801
      vertex 79.6704 -133.38 -23.346
      vertex 79.6704 -133.315 -24.9801
    endloop
  endfacet
  facet normal -0.980787 0.19493 0.00775598
    outer loop
      vertex 79.6704 -133.38 -23.346
      vertex 79.5428 -133.957 -24.9801
      vertex 79.5428 -134.021 -23.3716
    endloop
  endfacet
  facet normal -0.194355 -0.980136 -0.0395017
    outer loop
      vertex 83.2059 -139.443 -24.9801
      vertex 83.8474 -139.626 -23.5957
      vertex 83.2059 -139.499 -23.5906
    endloop
  endfacet
  facet normal -0.195527 -0.979925 -0.0389309
    outer loop
      vertex 83.8474 -139.626 -23.5957
      vertex 83.2059 -139.443 -24.9801
      vertex 83.8474 -139.571 -24.9801
    endloop
  endfacet
  facet normal 0.8314 -0.555235 -0.022097
    outer loop
      vertex 88.8301 -137.171 -23.4976
      vertex 88.4668 -137.656 -24.9801
      vertex 88.8301 -137.112 -24.9801
    endloop
  endfacet
  facet normal 0.831336 -0.555333 -0.0220491
    outer loop
      vertex 88.4668 -137.656 -24.9801
      vertex 88.8301 -137.171 -23.4976
      vertex 88.4668 -137.714 -23.5193
    endloop
  endfacet
  facet normal -0.751709 0.658967 0.0263801
    outer loop
      vertex 80.5332 -131.563 -24.9801
      vertex 80.9645 -131.14 -23.2565
      vertex 80.9645 -131.071 -24.9801
    endloop
  endfacet
  facet normal -0.752229 0.658362 0.026659
    outer loop
      vertex 80.9645 -131.14 -23.2565
      vertex 80.5332 -131.563 -24.9801
      vertex 80.5332 -131.632 -23.2761
    endloop
  endfacet
  facet normal -0.555505 -0.830848 -0.0332573
    outer loop
      vertex 81.4562 -138.58 -24.9801
      vertex 82 -139 -23.5707
      vertex 81.4562 -138.637 -23.5561
    endloop
  endfacet
  facet normal -0.55488 -0.831251 -0.0336181
    outer loop
      vertex 82 -139 -23.5707
      vertex 81.4562 -138.58 -24.9801
      vertex 82 -138.943 -24.9801
    endloop
  endfacet
  facet normal 0 -0.0399986 0.9992
    outer loop
      vertex 86.2 -134.673 -23.3977
      vertex 89.5 -134.673 -23.3977
      vertex 89.4572 -134.021 -23.3716
    endloop
  endfacet
  facet normal -7.9861e-06 -0.0399074 0.999203
    outer loop
      vertex 86.1855 -134.451 -23.3888
      vertex 89.4572 -134.021 -23.3716
      vertex 89.3296 -133.38 -23.346
    endloop
  endfacet
  facet normal 0 -0.0399986 0.9992
    outer loop
      vertex 89.5 -134.673 -23.3977
      vertex 86.2 -134.673 -23.3977
      vertex 89.4572 -135.325 -23.4238
    endloop
  endfacet
  facet normal -1.80124e-05 -0.0398774 0.999205
    outer loop
      vertex 86.1421 -134.233 -23.3801
      vertex 89.3296 -133.38 -23.346
      vertex 89.1194 -132.761 -23.3213
    endloop
  endfacet
  facet normal -1.17304e-05 -0.0400571 0.999197
    outer loop
      vertex 86.1855 -134.895 -23.4066
      vertex 89.4572 -135.325 -23.4238
      vertex 86.2 -134.673 -23.3977
    endloop
  endfacet
  facet normal 5.69327e-05 -0.0400421 0.999198
    outer loop
      vertex 86.0706 -134.023 -23.3717
      vertex 89.1194 -132.761 -23.3213
      vertex 88.8301 -132.175 -23.2978
    endloop
  endfacet
  facet normal 7.9861e-06 -0.0399074 0.999203
    outer loop
      vertex 89.4572 -135.325 -23.4238
      vertex 86.1855 -134.895 -23.4066
      vertex 89.3296 -135.966 -23.4494
    endloop
  endfacet
  facet normal -2.54107e-05 -0.0399483 0.999202
    outer loop
      vertex 85.9722 -133.824 -23.3638
      vertex 88.8301 -132.175 -23.2978
      vertex 88.4668 -131.632 -23.2761
    endloop
  endfacet
  facet normal 1.73384e-05 -0.03988 0.999204
    outer loop
      vertex 86.1421 -135.113 -23.4153
      vertex 89.3296 -135.966 -23.4494
      vertex 86.1855 -134.895 -23.4066
    endloop
  endfacet
  facet normal -7.90558e-05 -0.039875 0.999205
    outer loop
      vertex 85.8487 -133.639 -23.3564
      vertex 88.4668 -131.632 -23.2761
      vertex 88.0355 -131.14 -23.2565
    endloop
  endfacet
  facet normal 1.80124e-05 -0.0398774 0.999205
    outer loop
      vertex 89.3296 -135.966 -23.4494
      vertex 86.1421 -135.113 -23.4153
      vertex 89.1194 -136.585 -23.4741
    endloop
  endfacet
  facet normal -2.72973e-05 -0.0399065 0.999203
    outer loop
      vertex 85.7021 -133.472 -23.3497
      vertex 88.0355 -131.14 -23.2565
      vertex 87.5438 -130.709 -23.2393
    endloop
  endfacet
  facet normal -2.29802e-05 -0.0399602 0.999201
    outer loop
      vertex 86.0706 -135.323 -23.4237
      vertex 89.1194 -136.585 -23.4741
      vertex 86.1421 -135.113 -23.4153
    endloop
  endfacet
  facet normal -6.96532e-07 -0.0399141 0.999203
    outer loop
      vertex 85.5349 -133.325 -23.3438
      vertex 87.5438 -130.709 -23.2393
      vertex 87 -130.346 -23.2248
    endloop
  endfacet
  facet normal -5.69327e-05 -0.0400421 0.999198
    outer loop
      vertex 89.1194 -136.585 -23.4741
      vertex 86.0706 -135.323 -23.4237
      vertex 88.8301 -137.171 -23.4976
    endloop
  endfacet
  facet normal 7.18232e-05 -0.0399606 0.999201
    outer loop
      vertex 85.35 -133.202 -23.3389
      vertex 87 -130.346 -23.2248
      vertex 86.4134 -130.057 -23.2132
    endloop
  endfacet
  facet normal -0.000106483 -0.040116 0.999195
    outer loop
      vertex 85.9722 -135.522 -23.4317
      vertex 88.8301 -137.171 -23.4976
      vertex 86.0706 -135.323 -23.4237
    endloop
  endfacet
  facet normal 1.85818e-07 -0.0399314 0.999202
    outer loop
      vertex 88.8301 -137.171 -23.4976
      vertex 85.9722 -135.522 -23.4317
      vertex 88.4668 -137.714 -23.5193
    endloop
  endfacet
  facet normal 1.17304e-05 -0.0400571 0.999197
    outer loop
      vertex 89.4572 -134.021 -23.3716
      vertex 86.1855 -134.451 -23.3888
      vertex 86.2 -134.673 -23.3977
    endloop
  endfacet
  facet normal -1.73384e-05 -0.03988 0.999204
    outer loop
      vertex 89.3296 -133.38 -23.346
      vertex 86.1421 -134.233 -23.3801
      vertex 86.1855 -134.451 -23.3888
    endloop
  endfacet
  facet normal 2.29802e-05 -0.0399602 0.999201
    outer loop
      vertex 89.1194 -132.761 -23.3213
      vertex 86.0706 -134.023 -23.3717
      vertex 86.1421 -134.233 -23.3801
    endloop
  endfacet
  facet normal -0.000146126 -0.0397394 0.99921
    outer loop
      vertex 88.8301 -132.175 -23.2978
      vertex 85.9722 -133.824 -23.3638
      vertex 86.0706 -134.023 -23.3717
    endloop
  endfacet
  facet normal -5.04914e-06 -0.0399714 0.999201
    outer loop
      vertex 88.4668 -131.632 -23.2761
      vertex 85.8487 -133.639 -23.3564
      vertex 85.9722 -133.824 -23.3638
    endloop
  endfacet
  facet normal 7.79975e-06 -0.0399451 0.999202
    outer loop
      vertex 85.1506 -133.104 -23.335
      vertex 86.4134 -130.057 -23.2132
      vertex 85.7941 -129.847 -23.2048
    endloop
  endfacet
  facet normal 8.19521e-05 -0.0400157 0.999199
    outer loop
      vertex 88.0355 -131.14 -23.2565
      vertex 85.7021 -133.472 -23.3497
      vertex 85.8487 -133.639 -23.3564
    endloop
  endfacet
  facet normal 9.9415e-05 -0.0399909 0.9992
    outer loop
      vertex 87.5438 -130.709 -23.2393
      vertex 85.5349 -133.325 -23.3438
      vertex 85.7021 -133.472 -23.3497
    endloop
  endfacet
  facet normal -5.45375e-05 -0.0398877 0.999204
    outer loop
      vertex 87 -130.346 -23.2248
      vertex 85.35 -133.202 -23.3389
      vertex 85.5349 -133.325 -23.3438
    endloop
  endfacet
  facet normal 3.54793e-05 -0.0399462 0.999202
    outer loop
      vertex 84.94 -133.032 -23.3321
      vertex 85.7941 -129.847 -23.2048
      vertex 85.1526 -129.72 -23.1997
    endloop
  endfacet
  facet normal -7.255e-05 -0.0399118 0.999203
    outer loop
      vertex 86.4134 -130.057 -23.2132
      vertex 85.1506 -133.104 -23.335
      vertex 85.35 -133.202 -23.3389
    endloop
  endfacet
  facet normal 9.67467e-05 -0.0399626 0.999201
    outer loop
      vertex 85.7941 -129.847 -23.2048
      vertex 84.94 -133.032 -23.3321
      vertex 85.1506 -133.104 -23.335
    endloop
  endfacet
  facet normal -8.57838e-05 -0.0399384 0.999202
    outer loop
      vertex 85.1526 -129.72 -23.1997
      vertex 84.7219 -132.989 -23.3304
      vertex 84.94 -133.032 -23.3321
    endloop
  endfacet
  facet normal -2.91606e-05 -0.0399459 0.999202
    outer loop
      vertex 84.5 -129.677 -23.198
      vertex 84.7219 -132.989 -23.3304
      vertex 85.1526 -129.72 -23.1997
    endloop
  endfacet
  facet normal 1.63892e-06 -0.0399438 0.999202
    outer loop
      vertex 84.5 -129.677 -23.198
      vertex 84.5 -132.974 -23.3298
      vertex 84.7219 -132.989 -23.3304
    endloop
  endfacet
  facet normal -1.63892e-06 -0.0399438 0.999202
    outer loop
      vertex 84.5 -129.677 -23.198
      vertex 84.2781 -132.989 -23.3304
      vertex 84.5 -132.974 -23.3298
    endloop
  endfacet
  facet normal 2.91606e-05 -0.0399459 0.999202
    outer loop
      vertex 83.8474 -129.72 -23.1997
      vertex 84.2781 -132.989 -23.3304
      vertex 84.5 -129.677 -23.198
    endloop
  endfacet
  facet normal 8.57838e-05 -0.0399384 0.999202
    outer loop
      vertex 84.2781 -132.989 -23.3304
      vertex 83.8474 -129.72 -23.1997
      vertex 84.06 -133.032 -23.3321
    endloop
  endfacet
  facet normal -3.54793e-05 -0.0399462 0.999202
    outer loop
      vertex 83.2059 -129.847 -23.2048
      vertex 84.06 -133.032 -23.3321
      vertex 83.8474 -129.72 -23.1997
    endloop
  endfacet
  facet normal -9.67467e-05 -0.0399626 0.999201
    outer loop
      vertex 84.06 -133.032 -23.3321
      vertex 83.2059 -129.847 -23.2048
      vertex 83.8494 -133.104 -23.335
    endloop
  endfacet
  facet normal -7.79975e-06 -0.0399451 0.999202
    outer loop
      vertex 82.5866 -130.057 -23.2132
      vertex 83.8494 -133.104 -23.335
      vertex 83.2059 -129.847 -23.2048
    endloop
  endfacet
  facet normal 7.255e-05 -0.0399118 0.999203
    outer loop
      vertex 83.8494 -133.104 -23.335
      vertex 82.5866 -130.057 -23.2132
      vertex 83.65 -133.202 -23.3389
    endloop
  endfacet
  facet normal -7.18232e-05 -0.0399606 0.999201
    outer loop
      vertex 82 -130.346 -23.2248
      vertex 83.65 -133.202 -23.3389
      vertex 82.5866 -130.057 -23.2132
    endloop
  endfacet
  facet normal 5.45375e-05 -0.0398877 0.999204
    outer loop
      vertex 83.65 -133.202 -23.3389
      vertex 82 -130.346 -23.2248
      vertex 83.4651 -133.325 -23.3438
    endloop
  endfacet
  facet normal 6.96532e-07 -0.0399141 0.999203
    outer loop
      vertex 81.4562 -130.709 -23.2393
      vertex 83.4651 -133.325 -23.3438
      vertex 82 -130.346 -23.2248
    endloop
  endfacet
  facet normal -9.9415e-05 -0.0399909 0.9992
    outer loop
      vertex 83.4651 -133.325 -23.3438
      vertex 81.4562 -130.709 -23.2393
      vertex 83.2979 -133.472 -23.3497
    endloop
  endfacet
  facet normal 2.72973e-05 -0.0399065 0.999203
    outer loop
      vertex 80.9645 -131.14 -23.2565
      vertex 83.2979 -133.472 -23.3497
      vertex 81.4562 -130.709 -23.2393
    endloop
  endfacet
  facet normal -8.19521e-05 -0.0400157 0.999199
    outer loop
      vertex 83.2979 -133.472 -23.3497
      vertex 80.9645 -131.14 -23.2565
      vertex 83.1513 -133.639 -23.3564
    endloop
  endfacet
  facet normal 5.04914e-06 -0.0399714 0.999201
    outer loop
      vertex 83.1513 -133.639 -23.3564
      vertex 80.5332 -131.632 -23.2761
      vertex 83.0278 -133.824 -23.3638
    endloop
  endfacet
  facet normal 7.90558e-05 -0.039875 0.999205
    outer loop
      vertex 80.5332 -131.632 -23.2761
      vertex 83.1513 -133.639 -23.3564
      vertex 80.9645 -131.14 -23.2565
    endloop
  endfacet
  facet normal 0.000278935 -0.0396147 0.999215
    outer loop
      vertex 85.8487 -135.707 -23.439
      vertex 88.4668 -137.714 -23.5193
      vertex 85.9722 -135.522 -23.4317
    endloop
  endfacet
  facet normal 7.90558e-05 -0.039875 0.999205
    outer loop
      vertex 88.4668 -137.714 -23.5193
      vertex 85.8487 -135.707 -23.439
      vertex 88.0355 -138.206 -23.5389
    endloop
  endfacet
  facet normal -8.19521e-05 -0.0400157 0.999199
    outer loop
      vertex 85.7021 -135.874 -23.4457
      vertex 88.0355 -138.206 -23.5389
      vertex 85.8487 -135.707 -23.439
    endloop
  endfacet
  facet normal 2.72973e-05 -0.0399065 0.999203
    outer loop
      vertex 88.0355 -138.206 -23.5389
      vertex 85.7021 -135.874 -23.4457
      vertex 87.5438 -138.637 -23.5561
    endloop
  endfacet
  facet normal -9.9415e-05 -0.0399909 0.9992
    outer loop
      vertex 85.5349 -136.021 -23.4516
      vertex 87.5438 -138.637 -23.5561
      vertex 85.7021 -135.874 -23.4457
    endloop
  endfacet
  facet normal -0.000120778 -0.0400073 0.999199
    outer loop
      vertex 87.5438 -138.637 -23.5561
      vertex 85.5349 -136.021 -23.4516
      vertex 87 -139 -23.5707
    endloop
  endfacet
  facet normal 7.13497e-05 -0.0399129 0.999203
    outer loop
      vertex 85.35 -136.144 -23.4565
      vertex 87 -139 -23.5707
      vertex 85.5349 -136.021 -23.4516
    endloop
  endfacet
  facet normal 7.41911e-05 -0.0399113 0.999203
    outer loop
      vertex 87 -139 -23.5707
      vertex 85.35 -136.144 -23.4565
      vertex 86.4134 -139.289 -23.5822
    endloop
  endfacet
  facet normal 7.255e-05 -0.0399118 0.999203
    outer loop
      vertex 85.1506 -136.242 -23.4604
      vertex 86.4134 -139.289 -23.5822
      vertex 85.35 -136.144 -23.4565
    endloop
  endfacet
  facet normal -7.79975e-06 -0.0399451 0.999202
    outer loop
      vertex 86.4134 -139.289 -23.5822
      vertex 85.1506 -136.242 -23.4604
      vertex 85.7941 -139.499 -23.5906
    endloop
  endfacet
  facet normal -9.67467e-05 -0.0399626 0.999201
    outer loop
      vertex 84.94 -136.314 -23.4633
      vertex 85.7941 -139.499 -23.5906
      vertex 85.1506 -136.242 -23.4604
    endloop
  endfacet
  facet normal -3.54793e-05 -0.0399462 0.999202
    outer loop
      vertex 85.7941 -139.499 -23.5906
      vertex 84.94 -136.314 -23.4633
      vertex 85.1526 -139.626 -23.5957
    endloop
  endfacet
  facet normal 8.57838e-05 -0.0399384 0.999202
    outer loop
      vertex 84.7219 -136.357 -23.465
      vertex 85.1526 -139.626 -23.5957
      vertex 84.94 -136.314 -23.4633
    endloop
  endfacet
  facet normal -1.22878e-06 -0.0399499 0.999202
    outer loop
      vertex 84.5 -136.372 -23.4656
      vertex 85.1526 -139.626 -23.5957
      vertex 84.7219 -136.357 -23.465
    endloop
  endfacet
  facet normal 2.90247e-05 -0.0399438 0.999202
    outer loop
      vertex 84.5 -136.372 -23.4656
      vertex 84.5 -139.669 -23.5974
      vertex 85.1526 -139.626 -23.5957
    endloop
  endfacet
  facet normal 1.63892e-06 -0.0399438 0.999202
    outer loop
      vertex 84.2781 -136.357 -23.465
      vertex 84.5 -139.669 -23.5974
      vertex 84.5 -136.372 -23.4656
    endloop
  endfacet
  facet normal -8.57838e-05 -0.0399384 0.999202
    outer loop
      vertex 83.8474 -139.626 -23.5957
      vertex 84.2781 -136.357 -23.465
      vertex 84.06 -136.314 -23.4633
    endloop
  endfacet
  facet normal 9.67467e-05 -0.0399626 0.999201
    outer loop
      vertex 83.2059 -139.499 -23.5906
      vertex 84.06 -136.314 -23.4633
      vertex 83.8494 -136.242 -23.4604
    endloop
  endfacet
  facet normal -2.91606e-05 -0.0399459 0.999202
    outer loop
      vertex 84.2781 -136.357 -23.465
      vertex 83.8474 -139.626 -23.5957
      vertex 84.5 -139.669 -23.5974
    endloop
  endfacet
  facet normal -7.255e-05 -0.0399118 0.999203
    outer loop
      vertex 82.5866 -139.289 -23.5822
      vertex 83.8494 -136.242 -23.4604
      vertex 83.65 -136.144 -23.4565
    endloop
  endfacet
  facet normal -7.13497e-05 -0.0399129 0.999203
    outer loop
      vertex 82 -139 -23.5707
      vertex 83.65 -136.144 -23.4565
      vertex 83.4651 -136.021 -23.4516
    endloop
  endfacet
  facet normal 9.9415e-05 -0.0399909 0.9992
    outer loop
      vertex 81.4562 -138.637 -23.5561
      vertex 83.4651 -136.021 -23.4516
      vertex 83.2979 -135.874 -23.4457
    endloop
  endfacet
  facet normal 3.54793e-05 -0.0399462 0.999202
    outer loop
      vertex 84.06 -136.314 -23.4633
      vertex 83.2059 -139.499 -23.5906
      vertex 83.8474 -139.626 -23.5957
    endloop
  endfacet
  facet normal 8.19521e-05 -0.0400157 0.999199
    outer loop
      vertex 80.9645 -138.206 -23.5389
      vertex 83.2979 -135.874 -23.4457
      vertex 83.1513 -135.707 -23.439
    endloop
  endfacet
  facet normal -0.000278935 -0.0396147 0.999215
    outer loop
      vertex 80.5332 -137.714 -23.5193
      vertex 83.1513 -135.707 -23.439
      vertex 83.0278 -135.522 -23.4317
    endloop
  endfacet
  facet normal 0.000106483 -0.040116 0.999195
    outer loop
      vertex 80.1699 -137.171 -23.4976
      vertex 83.0278 -135.522 -23.4317
      vertex 82.9294 -135.323 -23.4237
    endloop
  endfacet
  facet normal 2.29802e-05 -0.0399602 0.999201
    outer loop
      vertex 79.8806 -136.585 -23.4741
      vertex 82.9294 -135.323 -23.4237
      vertex 82.8579 -135.113 -23.4153
    endloop
  endfacet
  facet normal -1.73384e-05 -0.03988 0.999204
    outer loop
      vertex 79.6704 -135.966 -23.4494
      vertex 82.8579 -135.113 -23.4153
      vertex 82.8145 -134.895 -23.4066
    endloop
  endfacet
  facet normal 7.79975e-06 -0.0399451 0.999202
    outer loop
      vertex 83.8494 -136.242 -23.4604
      vertex 82.5866 -139.289 -23.5822
      vertex 83.2059 -139.499 -23.5906
    endloop
  endfacet
  facet normal 1.17304e-05 -0.0400571 0.999197
    outer loop
      vertex 79.5428 -135.325 -23.4238
      vertex 82.8145 -134.895 -23.4066
      vertex 82.8 -134.673 -23.3977
    endloop
  endfacet
  facet normal 2.54107e-05 -0.0399483 0.999202
    outer loop
      vertex 80.1699 -132.175 -23.2978
      vertex 83.0278 -133.824 -23.3638
      vertex 80.5332 -131.632 -23.2761
    endloop
  endfacet
  facet normal 0.000146126 -0.0397394 0.99921
    outer loop
      vertex 83.0278 -133.824 -23.3638
      vertex 80.1699 -132.175 -23.2978
      vertex 82.9294 -134.023 -23.3717
    endloop
  endfacet
  facet normal -7.41911e-05 -0.0399113 0.999203
    outer loop
      vertex 83.65 -136.144 -23.4565
      vertex 82 -139 -23.5707
      vertex 82.5866 -139.289 -23.5822
    endloop
  endfacet
  facet normal -5.69327e-05 -0.0400421 0.999198
    outer loop
      vertex 79.8806 -132.761 -23.3213
      vertex 82.9294 -134.023 -23.3717
      vertex 80.1699 -132.175 -23.2978
    endloop
  endfacet
  facet normal 0.000120778 -0.0400073 0.999199
    outer loop
      vertex 83.4651 -136.021 -23.4516
      vertex 81.4562 -138.637 -23.5561
      vertex 82 -139 -23.5707
    endloop
  endfacet
  facet normal -2.29802e-05 -0.0399602 0.999201
    outer loop
      vertex 82.9294 -134.023 -23.3717
      vertex 79.8806 -132.761 -23.3213
      vertex 82.8579 -134.233 -23.3801
    endloop
  endfacet
  facet normal -2.72973e-05 -0.0399065 0.999203
    outer loop
      vertex 83.2979 -135.874 -23.4457
      vertex 80.9645 -138.206 -23.5389
      vertex 81.4562 -138.637 -23.5561
    endloop
  endfacet
  facet normal 1.80124e-05 -0.0398774 0.999205
    outer loop
      vertex 79.6704 -133.38 -23.346
      vertex 82.8579 -134.233 -23.3801
      vertex 79.8806 -132.761 -23.3213
    endloop
  endfacet
  facet normal -7.90558e-05 -0.039875 0.999205
    outer loop
      vertex 83.1513 -135.707 -23.439
      vertex 80.5332 -137.714 -23.5193
      vertex 80.9645 -138.206 -23.5389
    endloop
  endfacet
  facet normal 1.73384e-05 -0.03988 0.999204
    outer loop
      vertex 82.8579 -134.233 -23.3801
      vertex 79.6704 -133.38 -23.346
      vertex 82.8145 -134.451 -23.3888
    endloop
  endfacet
  facet normal -1.85818e-07 -0.0399314 0.999202
    outer loop
      vertex 83.0278 -135.522 -23.4317
      vertex 80.1699 -137.171 -23.4976
      vertex 80.5332 -137.714 -23.5193
    endloop
  endfacet
  facet normal 7.9861e-06 -0.0399074 0.999203
    outer loop
      vertex 79.5428 -134.021 -23.3716
      vertex 82.8145 -134.451 -23.3888
      vertex 79.6704 -133.38 -23.346
    endloop
  endfacet
  facet normal 5.69327e-05 -0.0400421 0.999198
    outer loop
      vertex 82.9294 -135.323 -23.4237
      vertex 79.8806 -136.585 -23.4741
      vertex 80.1699 -137.171 -23.4976
    endloop
  endfacet
  facet normal -1.17304e-05 -0.0400571 0.999197
    outer loop
      vertex 82.8145 -134.451 -23.3888
      vertex 79.5428 -134.021 -23.3716
      vertex 82.8 -134.673 -23.3977
    endloop
  endfacet
  facet normal -1.80124e-05 -0.0398774 0.999205
    outer loop
      vertex 82.8579 -135.113 -23.4153
      vertex 79.6704 -135.966 -23.4494
      vertex 79.8806 -136.585 -23.4741
    endloop
  endfacet
  facet normal 0 -0.0399986 0.9992
    outer loop
      vertex 79.5 -134.673 -23.3977
      vertex 82.8 -134.673 -23.3977
      vertex 79.5428 -134.021 -23.3716
    endloop
  endfacet
  facet normal -7.9861e-06 -0.0399074 0.999203
    outer loop
      vertex 82.8145 -134.895 -23.4066
      vertex 79.5428 -135.325 -23.4238
      vertex 79.6704 -135.966 -23.4494
    endloop
  endfacet
  facet normal 0 -0.0399986 0.9992
    outer loop
      vertex 82.8 -134.673 -23.3977
      vertex 79.5 -134.673 -23.3977
      vertex 79.5428 -135.325 -23.4238
    endloop
  endfacet
  facet normal 0.65973 -0.750901 -0.0300571
    outer loop
      vertex 88.0355 -138.148 -24.9801
      vertex 87.5438 -138.637 -23.5561
      vertex 87.5438 -138.58 -24.9801
    endloop
  endfacet
  facet normal 0.659461 -0.75113 -0.0302287
    outer loop
      vertex 87.5438 -138.637 -23.5561
      vertex 88.0355 -138.148 -24.9801
      vertex 88.0355 -138.206 -23.5389
    endloop
  endfacet
  facet normal 0.442889 -0.895858 -0.0358881
    outer loop
      vertex 87 -138.943 -24.9801
      vertex 86.4134 -139.289 -23.5822
      vertex 86.4134 -139.233 -24.9801
    endloop
  endfacet
  facet normal 0.442227 -0.896171 -0.0362436
    outer loop
      vertex 86.4134 -139.289 -23.5822
      vertex 87 -138.943 -24.9801
      vertex 87 -139 -23.5707
    endloop
  endfacet
  facet normal 0.896841 0.442003 0.0176034
    outer loop
      vertex 88.8301 -132.175 -23.2978
      vertex 89.1194 -132.695 -24.9801
      vertex 88.8301 -132.108 -24.9801
    endloop
  endfacet
  facet normal 0.896821 0.442043 0.0175879
    outer loop
      vertex 89.1194 -132.695 -24.9801
      vertex 88.8301 -132.175 -23.2978
      vertex 89.1194 -132.761 -23.3213
    endloop
  endfacet
  facet normal 0.997856 0.0654031 0.0026023
    outer loop
      vertex 89.4572 -134.021 -23.3716
      vertex 89.5 -134.61 -24.9801
      vertex 89.4572 -133.957 -24.9801
    endloop
  endfacet
  facet normal 0.997856 0.0653992 0.00260373
    outer loop
      vertex 89.5 -134.61 -24.9801
      vertex 89.4572 -134.021 -23.3716
      vertex 89.5 -134.673 -23.3977
    endloop
  endfacet
  facet normal -0.751713 -0.658971 -0.026164
    outer loop
      vertex 80.9645 -138.148 -24.9801
      vertex 80.5332 -137.714 -23.5193
      vertex 80.5332 -137.656 -24.9801
    endloop
  endfacet
  facet normal -0.752229 -0.658368 -0.0264955
    outer loop
      vertex 80.5332 -137.714 -23.5193
      vertex 80.9645 -138.148 -24.9801
      vertex 80.9645 -138.206 -23.5389
    endloop
  endfacet
  facet normal 0.55488 -0.831251 -0.0336181
    outer loop
      vertex 87.5438 -138.58 -24.9801
      vertex 87 -139 -23.5707
      vertex 87 -138.943 -24.9801
    endloop
  endfacet
  facet normal 0.555505 -0.830848 -0.0332573
    outer loop
      vertex 87 -139 -23.5707
      vertex 87.5438 -138.58 -24.9801
      vertex 87.5438 -138.637 -23.5561
    endloop
  endfacet
  facet normal -0.946974 -0.321055 -0.0127944
    outer loop
      vertex 79.8806 -136.525 -24.9801
      vertex 79.6704 -135.966 -23.4494
      vertex 79.6704 -135.905 -24.9801
    endloop
  endfacet
  facet normal -0.946972 -0.321062 -0.0127913
    outer loop
      vertex 79.6704 -135.966 -23.4494
      vertex 79.8806 -136.525 -24.9801
      vertex 79.8806 -136.585 -23.4741
    endloop
  endfacet
  facet normal -0.831864 0.554525 0.0224544
    outer loop
      vertex 80.1699 -132.108 -24.9801
      vertex 80.5332 -131.632 -23.2761
      vertex 80.5332 -131.563 -24.9801
    endloop
  endfacet
  facet normal -0.831336 0.55533 0.0221168
    outer loop
      vertex 80.5332 -131.632 -23.2761
      vertex 80.1699 -132.108 -24.9801
      vertex 80.1699 -132.175 -23.2978
    endloop
  endfacet
  facet normal 0.0657989 -0.997044 -0.0396597
    outer loop
      vertex 84.5 -139.614 -24.9801
      vertex 85.1526 -139.626 -23.5957
      vertex 84.5 -139.669 -23.5974
    endloop
  endfacet
  facet normal 0.0656961 -0.997053 -0.0396113
    outer loop
      vertex 85.1526 -139.626 -23.5957
      vertex 84.5 -139.614 -24.9801
      vertex 85.1526 -139.571 -24.9801
    endloop
  endfacet
  facet normal 0.322276 0.945904 0.0374743
    outer loop
      vertex 85.7941 -129.776 -24.9801
      vertex 86.4134 -130.057 -23.2132
      vertex 86.4134 -129.987 -24.9801
    endloop
  endfacet
  facet normal 0.321363 0.9462 0.0378416
    outer loop
      vertex 86.4134 -130.057 -23.2132
      vertex 85.7941 -129.776 -24.9801
      vertex 85.7941 -129.847 -23.2048
    endloop
  endfacet
  facet normal -0.896841 0.442003 0.0176034
    outer loop
      vertex 79.8806 -132.695 -24.9801
      vertex 80.1699 -132.175 -23.2978
      vertex 80.1699 -132.108 -24.9801
    endloop
  endfacet
  facet normal -0.896821 0.442043 0.0175879
    outer loop
      vertex 80.1699 -132.175 -23.2978
      vertex 79.8806 -132.695 -24.9801
      vertex 79.8806 -132.761 -23.3213
    endloop
  endfacet
  facet normal 0.555949 0.830564 0.032921
    outer loop
      vertex 87 -130.276 -24.9801
      vertex 87.5438 -130.709 -23.2393
      vertex 87.5438 -130.64 -24.9801
    endloop
  endfacet
  facet normal 0.5555 0.830856 0.0331339
    outer loop
      vertex 87.5438 -130.709 -23.2393
      vertex 87 -130.276 -24.9801
      vertex 87 -130.346 -23.2248
    endloop
  endfacet
  facet normal -0.442227 -0.896171 -0.0362436
    outer loop
      vertex 82 -138.943 -24.9801
      vertex 82.5866 -139.289 -23.5822
      vertex 82 -139 -23.5707
    endloop
  endfacet
  facet normal -0.442889 -0.895858 -0.0358881
    outer loop
      vertex 82.5866 -139.289 -23.5822
      vertex 82 -138.943 -24.9801
      vertex 82.5866 -139.233 -24.9801
    endloop
  endfacet
  facet normal -0.0657989 -0.997046 -0.0396111
    outer loop
      vertex 83.8474 -139.571 -24.9801
      vertex 84.5 -139.669 -23.5974
      vertex 83.8474 -139.626 -23.5957
    endloop
  endfacet
  facet normal -0.065696 -0.997051 -0.03966
    outer loop
      vertex 84.5 -139.669 -23.5974
      vertex 83.8474 -139.571 -24.9801
      vertex 84.5 -139.614 -24.9801
    endloop
  endfacet
  facet normal 0.194355 -0.980158 -0.0389401
    outer loop
      vertex 85.1526 -139.571 -24.9801
      vertex 85.7941 -139.499 -23.5906
      vertex 85.1526 -139.626 -23.5957
    endloop
  endfacet
  facet normal 0.195522 -0.979904 -0.0394923
    outer loop
      vertex 85.7941 -139.499 -23.5906
      vertex 85.1526 -139.571 -24.9801
      vertex 85.7941 -139.443 -24.9801
    endloop
  endfacet
  facet normal -0.659461 0.751149 0.0297732
    outer loop
      vertex 81.4562 -130.64 -24.9801
      vertex 80.9645 -131.14 -23.2565
      vertex 81.4562 -130.709 -23.2393
    endloop
  endfacet
  facet normal -0.658866 0.751658 0.0300907
    outer loop
      vertex 80.9645 -131.14 -23.2565
      vertex 81.4562 -130.64 -24.9801
      vertex 80.9645 -131.071 -24.9801
    endloop
  endfacet
  facet normal 0.751709 0.658967 0.0263801
    outer loop
      vertex 88.0355 -131.14 -23.2565
      vertex 88.4668 -131.563 -24.9801
      vertex 88.0355 -131.071 -24.9801
    endloop
  endfacet
  facet normal 0.752229 0.658362 0.026659
    outer loop
      vertex 88.4668 -131.563 -24.9801
      vertex 88.0355 -131.14 -23.2565
      vertex 88.4668 -131.632 -23.2761
    endloop
  endfacet
  facet normal 0.320899 -0.946345 -0.0381399
    outer loop
      vertex 86.4134 -139.233 -24.9801
      vertex 85.7941 -139.499 -23.5906
      vertex 85.7941 -139.443 -24.9801
    endloop
  endfacet
  facet normal 0.321363 -0.946197 -0.0379047
    outer loop
      vertex 85.7941 -139.499 -23.5906
      vertex 86.4134 -139.233 -24.9801
      vertex 86.4134 -139.289 -23.5822
    endloop
  endfacet
  facet normal -0.946974 0.321055 0.0127741
    outer loop
      vertex 79.6704 -133.315 -24.9801
      vertex 79.8806 -132.761 -23.3213
      vertex 79.8806 -132.695 -24.9801
    endloop
  endfacet
  facet normal -0.946972 0.321063 0.012771
    outer loop
      vertex 79.8806 -132.761 -23.3213
      vertex 79.6704 -133.315 -24.9801
      vertex 79.6704 -133.38 -23.346
    endloop
  endfacet
  facet normal 0.831864 0.554525 0.0224544
    outer loop
      vertex 88.4668 -131.632 -23.2761
      vertex 88.8301 -132.108 -24.9801
      vertex 88.4668 -131.563 -24.9801
    endloop
  endfacet
  facet normal 0.831336 0.55533 0.0221168
    outer loop
      vertex 88.8301 -132.108 -24.9801
      vertex 88.4668 -131.632 -23.2761
      vertex 88.8301 -132.175 -23.2978
    endloop
  endfacet
  facet normal -0.980785 -0.194935 -0.00776583
    outer loop
      vertex 79.6704 -135.905 -24.9801
      vertex 79.5428 -135.325 -23.4238
      vertex 79.5428 -135.263 -24.9801
    endloop
  endfacet
  facet normal -0.980787 -0.194929 -0.00776813
    outer loop
      vertex 79.5428 -135.325 -23.4238
      vertex 79.6704 -135.905 -24.9801
      vertex 79.6704 -135.966 -23.4494
    endloop
  endfacet
  facet normal 0.896841 -0.442003 -0.0176097
    outer loop
      vertex 89.1194 -136.585 -23.4741
      vertex 88.8301 -137.112 -24.9801
      vertex 89.1194 -136.525 -24.9801
    endloop
  endfacet
  facet normal 0.896821 -0.442043 -0.0175923
    outer loop
      vertex 88.8301 -137.112 -24.9801
      vertex 89.1194 -136.585 -23.4741
      vertex 88.8301 -137.171 -23.4976
    endloop
  endfacet
  facet normal 0.0657988 0.997018 0.0403198
    outer loop
      vertex 85.1526 -129.648 -24.9801
      vertex 84.5 -129.677 -23.198
      vertex 85.1526 -129.72 -23.1997
    endloop
  endfacet
  facet normal 0.0641744 0.997148 0.039727
    outer loop
      vertex 84.5 -129.677 -23.198
      vertex 85.1526 -129.648 -24.9801
      vertex 84.5 -129.606 -24.9801
    endloop
  endfacet
  facet normal 0.751713 -0.658971 -0.026164
    outer loop
      vertex 88.4668 -137.714 -23.5193
      vertex 88.0355 -138.148 -24.9801
      vertex 88.4668 -137.656 -24.9801
    endloop
  endfacet
  facet normal 0.752229 -0.658368 -0.0264955
    outer loop
      vertex 88.0355 -138.148 -24.9801
      vertex 88.4668 -137.714 -23.5193
      vertex 88.0355 -138.206 -23.5389
    endloop
  endfacet
  facet normal 0.946974 -0.321055 -0.0127944
    outer loop
      vertex 89.3296 -135.966 -23.4494
      vertex 89.1194 -136.525 -24.9801
      vertex 89.3296 -135.905 -24.9801
    endloop
  endfacet
  facet normal 0.946972 -0.321062 -0.0127913
    outer loop
      vertex 89.1194 -136.525 -24.9801
      vertex 89.3296 -135.966 -23.4494
      vertex 89.1194 -136.585 -23.4741
    endloop
  endfacet
  facet normal -0.442232 0.896198 0.035505
    outer loop
      vertex 82.5866 -129.987 -24.9801
      vertex 82 -130.346 -23.2248
      vertex 82.5866 -130.057 -23.2132
    endloop
  endfacet
  facet normal -0.441663 0.896469 0.0357505
    outer loop
      vertex 82 -130.346 -23.2248
      vertex 82.5866 -129.987 -24.9801
      vertex 82 -130.276 -24.9801
    endloop
  endfacet
  facet normal -0.896841 -0.442003 -0.0176097
    outer loop
      vertex 80.1699 -137.112 -24.9801
      vertex 79.8806 -136.585 -23.4741
      vertex 79.8806 -136.525 -24.9801
    endloop
  endfacet
  facet normal -0.896821 -0.442043 -0.0175923
    outer loop
      vertex 79.8806 -136.585 -23.4741
      vertex 80.1699 -137.112 -24.9801
      vertex 80.1699 -137.171 -23.4976
    endloop
  endfacet
  facet normal -0.321363 -0.946197 -0.0379047
    outer loop
      vertex 82.5866 -139.233 -24.9801
      vertex 83.2059 -139.499 -23.5906
      vertex 82.5866 -139.289 -23.5822
    endloop
  endfacet
  facet normal -0.320899 -0.946345 -0.0381399
    outer loop
      vertex 83.2059 -139.499 -23.5906
      vertex 82.5866 -139.233 -24.9801
      vertex 83.2059 -139.443 -24.9801
    endloop
  endfacet
  facet normal 0.441663 0.896469 0.0357505
    outer loop
      vertex 86.4134 -129.987 -24.9801
      vertex 87 -130.346 -23.2248
      vertex 87 -130.276 -24.9801
    endloop
  endfacet
  facet normal 0.442232 0.896198 0.035505
    outer loop
      vertex 87 -130.346 -23.2248
      vertex 86.4134 -129.987 -24.9801
      vertex 86.4134 -130.057 -23.2132
    endloop
  endfacet
  facet normal -0.659461 -0.75113 -0.0302287
    outer loop
      vertex 80.9645 -138.148 -24.9801
      vertex 81.4562 -138.637 -23.5561
      vertex 80.9645 -138.206 -23.5389
    endloop
  endfacet
  facet normal -0.65973 -0.750901 -0.0300571
    outer loop
      vertex 81.4562 -138.637 -23.5561
      vertex 80.9645 -138.148 -24.9801
      vertex 81.4562 -138.58 -24.9801
    endloop
  endfacet
  facet normal -0.980783 0.194944 0.00784558
    outer loop
      vertex -82.8579 -134.989 -26.4964
      vertex -82.8145 -134.895 -23.4066
      vertex -82.8145 -134.771 -26.4877
    endloop
  endfacet
  facet normal -0.980783 0.194944 0.00784558
    outer loop
      vertex -82.8145 -134.895 -23.4066
      vertex -82.8579 -134.989 -26.4964
      vertex -82.8579 -135.113 -23.4153
    endloop
  endfacet
  facet normal -0.997858 0.0653664 0.0026094
    outer loop
      vertex -82.8145 -134.771 -26.4877
      vertex -82.8 -134.673 -23.3977
      vertex -82.8 -134.55 -26.4789
    endloop
  endfacet
  facet normal -0.997877 0.0650717 0.00261883
    outer loop
      vertex -82.8 -134.673 -23.3977
      vertex -82.8145 -134.771 -26.4877
      vertex -82.8145 -134.895 -23.4066
    endloop
  endfacet
  facet normal 0.441363 0.896614 0.0357924
    outer loop
      vertex -85.1506 -136.242 -23.4604
      vertex -85.35 -136.021 -26.5377
      vertex -85.35 -136.144 -23.4565
    endloop
  endfacet
  facet normal 0.441363 0.896614 0.0357924
    outer loop
      vertex -85.35 -136.021 -26.5377
      vertex -85.1506 -136.242 -23.4604
      vertex -85.1506 -136.119 -26.5416
    endloop
  endfacet
  facet normal -0.554173 0.831728 0.0334732
    outer loop
      vertex -83.4651 -135.897 -26.5327
      vertex -83.65 -136.144 -23.4565
      vertex -83.4651 -136.021 -23.4516
    endloop
  endfacet
  facet normal -0.557291 0.829657 0.0331195
    outer loop
      vertex -83.65 -136.144 -23.4565
      vertex -83.4651 -135.897 -26.5327
      vertex -83.65 -136.021 -26.5377
    endloop
  endfacet
  facet normal 0.660583 0.750155 0.0299458
    outer loop
      vertex -85.5349 -136.021 -23.4516
      vertex -85.7021 -135.751 -26.5269
      vertex -85.7021 -135.874 -23.4457
    endloop
  endfacet
  facet normal 0.658033 0.75238 0.0302798
    outer loop
      vertex -85.7021 -135.751 -26.5269
      vertex -85.5349 -136.021 -23.4516
      vertex -85.5349 -135.897 -26.5327
    endloop
  endfacet
  facet normal -0.323732 -0.945396 -0.0377397
    outer loop
      vertex -84.06 -132.909 -26.4133
      vertex -83.8494 -133.104 -23.335
      vertex -84.06 -133.032 -23.3321
    endloop
  endfacet
  facet normal -0.319688 -0.946756 -0.0381026
    outer loop
      vertex -83.8494 -133.104 -23.335
      vertex -84.06 -132.909 -26.4133
      vertex -83.8494 -132.98 -26.4161
    endloop
  endfacet
  facet normal -0.946714 -0.32182 -0.0128469
    outer loop
      vertex -82.8579 -134.11 -26.4613
      vertex -82.9294 -134.023 -23.3717
      vertex -82.9294 -133.9 -26.4529
    endloop
  endfacet
  facet normal -0.946714 -0.32182 -0.0128469
    outer loop
      vertex -82.9294 -134.023 -23.3717
      vertex -82.8579 -134.11 -26.4613
      vertex -82.8579 -134.233 -23.3801
    endloop
  endfacet
  facet normal -0.323732 0.945396 0.0377397
    outer loop
      vertex -83.8494 -136.119 -26.5416
      vertex -84.06 -136.314 -23.4633
      vertex -83.8494 -136.242 -23.4604
    endloop
  endfacet
  facet normal -0.323716 0.945401 0.0377412
    outer loop
      vertex -84.06 -136.314 -23.4633
      vertex -83.8494 -136.119 -26.5416
      vertex -84.06 -136.191 -26.5444
    endloop
  endfacet
  facet normal -0.193579 0.980304 0.0391345
    outer loop
      vertex -84.06 -136.191 -26.5444
      vertex -84.2781 -136.357 -23.465
      vertex -84.06 -136.314 -23.4633
    endloop
  endfacet
  facet normal -0.193596 0.9803 0.0391331
    outer loop
      vertex -84.2781 -136.357 -23.465
      vertex -84.06 -136.191 -26.5444
      vertex -84.2781 -136.234 -26.5462
    endloop
  endfacet
  facet normal 0.554173 0.831728 0.0334732
    outer loop
      vertex -85.35 -136.144 -23.4565
      vertex -85.5349 -135.897 -26.5327
      vertex -85.5349 -136.021 -23.4516
    endloop
  endfacet
  facet normal 0.557291 0.829657 0.0331195
    outer loop
      vertex -85.5349 -135.897 -26.5327
      vertex -85.35 -136.144 -23.4565
      vertex -85.35 -136.021 -26.5377
    endloop
  endfacet
  facet normal -0.89742 -0.440821 -0.017741
    outer loop
      vertex -82.9294 -133.9 -26.4529
      vertex -83.0278 -133.824 -23.3638
      vertex -83.0278 -133.7 -26.4449
    endloop
  endfacet
  facet normal -0.896539 -0.442612 -0.0176689
    outer loop
      vertex -83.0278 -133.824 -23.3638
      vertex -82.9294 -133.9 -26.4529
      vertex -82.9294 -134.023 -23.3717
    endloop
  endfacet
  facet normal -0.660583 0.750155 0.0299458
    outer loop
      vertex -83.2979 -135.751 -26.5269
      vertex -83.4651 -136.021 -23.4516
      vertex -83.2979 -135.874 -23.4457
    endloop
  endfacet
  facet normal -0.658033 0.75238 0.0302798
    outer loop
      vertex -83.4651 -136.021 -23.4516
      vertex -83.2979 -135.751 -26.5269
      vertex -83.4651 -135.897 -26.5327
    endloop
  endfacet
  facet normal -0.554173 -0.831739 -0.0332037
    outer loop
      vertex -83.65 -133.079 -26.42
      vertex -83.4651 -133.325 -23.3438
      vertex -83.65 -133.202 -23.3389
    endloop
  endfacet
  facet normal -0.554185 -0.831731 -0.0332023
    outer loop
      vertex -83.4651 -133.325 -23.3438
      vertex -83.65 -133.079 -26.42
      vertex -83.4651 -133.202 -26.425
    endloop
  endfacet
  facet normal -0.441363 0.896614 0.0357924
    outer loop
      vertex -83.65 -136.021 -26.5377
      vertex -83.8494 -136.242 -23.4604
      vertex -83.65 -136.144 -23.4565
    endloop
  endfacet
  facet normal -0.441363 0.896614 0.0357924
    outer loop
      vertex -83.8494 -136.242 -23.4604
      vertex -83.65 -136.021 -26.5377
      vertex -83.8494 -136.119 -26.5416
    endloop
  endfacet
  facet normal 0.660583 -0.750155 -0.0299458
    outer loop
      vertex -85.7021 -133.472 -23.3497
      vertex -85.5349 -133.202 -26.425
      vertex -85.5349 -133.325 -23.3438
    endloop
  endfacet
  facet normal 0.660573 -0.750164 -0.0299472
    outer loop
      vertex -85.5349 -133.202 -26.425
      vertex -85.7021 -133.472 -23.3497
      vertex -85.7021 -133.349 -26.4308
    endloop
  endfacet
  facet normal 0.751779 -0.65889 -0.0263034
    outer loop
      vertex -85.7021 -133.472 -23.3497
      vertex -85.8487 -133.516 -26.4375
      vertex -85.7021 -133.349 -26.4308
    endloop
  endfacet
  facet normal 0.751779 -0.65889 -0.0263034
    outer loop
      vertex -85.8487 -133.516 -26.4375
      vertex -85.7021 -133.472 -23.3497
      vertex -85.8487 -133.639 -23.3564
    endloop
  endfacet
  facet normal 0.830519 -0.556547 -0.0222178
    outer loop
      vertex -85.8487 -133.639 -23.3564
      vertex -85.9722 -133.7 -26.4449
      vertex -85.8487 -133.516 -26.4375
    endloop
  endfacet
  facet normal 0.831909 -0.554463 -0.0223146
    outer loop
      vertex -85.9722 -133.7 -26.4449
      vertex -85.8487 -133.639 -23.3564
      vertex -85.9722 -133.824 -23.3638
    endloop
  endfacet
  facet normal -0.831909 0.55447 0.0221349
    outer loop
      vertex -83.1513 -135.584 -26.5202
      vertex -83.0278 -135.522 -23.4317
      vertex -83.0278 -135.399 -26.5128
    endloop
  endfacet
  facet normal -0.831904 0.554478 0.0221345
    outer loop
      vertex -83.0278 -135.522 -23.4317
      vertex -83.1513 -135.584 -26.5202
      vertex -83.1513 -135.707 -23.439
    endloop
  endfacet
  facet normal -0.193579 -0.980304 -0.0391345
    outer loop
      vertex -84.2781 -132.866 -26.4115
      vertex -84.06 -133.032 -23.3321
      vertex -84.2781 -132.989 -23.3304
    endloop
  endfacet
  facet normal -0.193596 -0.9803 -0.0391331
    outer loop
      vertex -84.06 -133.032 -23.3321
      vertex -84.2781 -132.866 -26.4115
      vertex -84.06 -132.909 -26.4133
    endloop
  endfacet
  facet normal -0.980783 -0.194946 -0.00778216
    outer loop
      vertex -82.8145 -134.328 -26.47
      vertex -82.8579 -134.233 -23.3801
      vertex -82.8579 -134.11 -26.4613
    endloop
  endfacet
  facet normal -0.980783 -0.194946 -0.00778216
    outer loop
      vertex -82.8579 -134.233 -23.3801
      vertex -82.8145 -134.328 -26.47
      vertex -82.8145 -134.451 -23.3888
    endloop
  endfacet
  facet normal 0.946714 -0.32182 -0.0128469
    outer loop
      vertex -86.0706 -134.023 -23.3717
      vertex -86.1421 -134.11 -26.4613
      vertex -86.0706 -133.9 -26.4529
    endloop
  endfacet
  facet normal 0.946714 -0.32182 -0.0128469
    outer loop
      vertex -86.1421 -134.11 -26.4613
      vertex -86.0706 -134.023 -23.3717
      vertex -86.1421 -134.233 -23.3801
    endloop
  endfacet
  facet normal -0.441363 -0.896603 -0.0360841
    outer loop
      vertex -83.8494 -132.98 -26.4161
      vertex -83.65 -133.202 -23.3389
      vertex -83.8494 -133.104 -23.335
    endloop
  endfacet
  facet normal -0.444973 -0.894831 -0.0357224
    outer loop
      vertex -83.65 -133.202 -23.3389
      vertex -83.8494 -132.98 -26.4161
      vertex -83.65 -133.079 -26.42
    endloop
  endfacet
  facet normal -0.0674978 0.996925 0.0397968
    outer loop
      vertex -84.2781 -136.234 -26.5462
      vertex -84.5 -136.372 -23.4656
      vertex -84.2781 -136.357 -23.465
    endloop
  endfacet
  facet normal -0.0630236 0.997205 0.0401316
    outer loop
      vertex -84.5 -136.372 -23.4656
      vertex -84.2781 -136.234 -26.5462
      vertex -84.5 -136.248 -26.5468
    endloop
  endfacet
  facet normal 0.323732 0.945396 0.0377397
    outer loop
      vertex -84.94 -136.314 -23.4633
      vertex -85.1506 -136.119 -26.5416
      vertex -85.1506 -136.242 -23.4604
    endloop
  endfacet
  facet normal 0.323716 0.945401 0.0377412
    outer loop
      vertex -85.1506 -136.119 -26.5416
      vertex -84.94 -136.314 -23.4633
      vertex -84.94 -136.191 -26.5444
    endloop
  endfacet
  facet normal 0.193579 0.980304 0.0391345
    outer loop
      vertex -84.7219 -136.357 -23.465
      vertex -84.94 -136.191 -26.5444
      vertex -84.94 -136.314 -23.4633
    endloop
  endfacet
  facet normal 0.193596 0.9803 0.0391331
    outer loop
      vertex -84.94 -136.191 -26.5444
      vertex -84.7219 -136.357 -23.465
      vertex -84.7219 -136.234 -26.5462
    endloop
  endfacet
  facet normal -0.896543 0.442605 0.0176692
    outer loop
      vertex -83.0278 -135.399 -26.5128
      vertex -82.9294 -135.323 -23.4237
      vertex -82.9294 -135.2 -26.5048
    endloop
  endfacet
  facet normal -0.896543 0.442605 0.0176692
    outer loop
      vertex -82.9294 -135.323 -23.4237
      vertex -83.0278 -135.399 -26.5128
      vertex -83.0278 -135.522 -23.4317
    endloop
  endfacet
  facet normal -0.997877 -0.0650725 -0.00259766
    outer loop
      vertex -82.8 -134.55 -26.4789
      vertex -82.8145 -134.451 -23.3888
      vertex -82.8145 -134.328 -26.47
    endloop
  endfacet
  facet normal -0.997877 -0.0650725 -0.00259766
    outer loop
      vertex -82.8145 -134.451 -23.3888
      vertex -82.8 -134.55 -26.4789
      vertex -82.8 -134.673 -23.3977
    endloop
  endfacet
  facet normal -0.0674978 -0.996925 -0.0397968
    outer loop
      vertex -84.5 -132.851 -26.411
      vertex -84.2781 -132.989 -23.3304
      vertex -84.5 -132.974 -23.3298
    endloop
  endfacet
  facet normal -0.0674799 -0.996927 -0.0397981
    outer loop
      vertex -84.2781 -132.989 -23.3304
      vertex -84.5 -132.851 -26.411
      vertex -84.2781 -132.866 -26.4115
    endloop
  endfacet
  facet normal -0.751779 0.65889 0.0263026
    outer loop
      vertex -83.2979 -135.751 -26.5269
      vertex -83.1513 -135.707 -23.439
      vertex -83.1513 -135.584 -26.5202
    endloop
  endfacet
  facet normal -0.751779 0.65889 0.0263026
    outer loop
      vertex -83.1513 -135.707 -23.439
      vertex -83.2979 -135.751 -26.5269
      vertex -83.2979 -135.874 -23.4457
    endloop
  endfacet
  facet normal 0.997877 -0.0650725 -0.00259766
    outer loop
      vertex -86.1855 -134.451 -23.3888
      vertex -86.2 -134.55 -26.4789
      vertex -86.1855 -134.328 -26.47
    endloop
  endfacet
  facet normal 0.997877 -0.0650725 -0.00259766
    outer loop
      vertex -86.2 -134.55 -26.4789
      vertex -86.1855 -134.451 -23.3888
      vertex -86.2 -134.673 -23.3977
    endloop
  endfacet
  facet normal -0.751779 -0.65889 -0.0263034
    outer loop
      vertex -83.1513 -133.516 -26.4375
      vertex -83.2979 -133.472 -23.3497
      vertex -83.2979 -133.349 -26.4308
    endloop
  endfacet
  facet normal -0.751779 -0.65889 -0.0263034
    outer loop
      vertex -83.2979 -133.472 -23.3497
      vertex -83.1513 -133.516 -26.4375
      vertex -83.1513 -133.639 -23.3564
    endloop
  endfacet
  facet normal 0.751779 0.65889 0.0263026
    outer loop
      vertex -85.8487 -135.707 -23.439
      vertex -85.7021 -135.751 -26.5269
      vertex -85.8487 -135.584 -26.5202
    endloop
  endfacet
  facet normal 0.751779 0.65889 0.0263026
    outer loop
      vertex -85.7021 -135.751 -26.5269
      vertex -85.8487 -135.707 -23.439
      vertex -85.7021 -135.874 -23.4457
    endloop
  endfacet
  facet normal 0.831909 0.55447 0.0221349
    outer loop
      vertex -85.9722 -135.522 -23.4317
      vertex -85.8487 -135.584 -26.5202
      vertex -85.9722 -135.399 -26.5128
    endloop
  endfacet
  facet normal 0.831904 0.554478 0.0221345
    outer loop
      vertex -85.8487 -135.584 -26.5202
      vertex -85.9722 -135.522 -23.4317
      vertex -85.8487 -135.707 -23.439
    endloop
  endfacet
  facet normal 0.0674978 0.996925 0.0397968
    outer loop
      vertex -84.5 -136.372 -23.4656
      vertex -84.7219 -136.234 -26.5462
      vertex -84.7219 -136.357 -23.465
    endloop
  endfacet
  facet normal 0.0630236 0.997205 0.0401316
    outer loop
      vertex -84.7219 -136.234 -26.5462
      vertex -84.5 -136.372 -23.4656
      vertex -84.5 -136.248 -26.5468
    endloop
  endfacet
  facet normal 0.980783 -0.194946 -0.00778216
    outer loop
      vertex -86.1421 -134.233 -23.3801
      vertex -86.1855 -134.328 -26.47
      vertex -86.1421 -134.11 -26.4613
    endloop
  endfacet
  facet normal 0.980783 -0.194946 -0.00778216
    outer loop
      vertex -86.1855 -134.328 -26.47
      vertex -86.1421 -134.233 -23.3801
      vertex -86.1855 -134.451 -23.3888
    endloop
  endfacet
  facet normal 0.323732 -0.945396 -0.0377397
    outer loop
      vertex -85.1506 -133.104 -23.335
      vertex -84.94 -132.909 -26.4133
      vertex -84.94 -133.032 -23.3321
    endloop
  endfacet
  facet normal 0.319688 -0.946756 -0.0381026
    outer loop
      vertex -84.94 -132.909 -26.4133
      vertex -85.1506 -133.104 -23.335
      vertex -85.1506 -132.98 -26.4161
    endloop
  endfacet
  facet normal -0.947178 0.32045 0.0128966
    outer loop
      vertex -82.9294 -135.2 -26.5048
      vertex -82.8579 -135.113 -23.4153
      vertex -82.8579 -134.989 -26.4964
    endloop
  endfacet
  facet normal -0.946714 0.32182 0.0128473
    outer loop
      vertex -82.8579 -135.113 -23.4153
      vertex -82.9294 -135.2 -26.5048
      vertex -82.9294 -135.323 -23.4237
    endloop
  endfacet
  facet normal 0.441363 -0.896603 -0.0360841
    outer loop
      vertex -85.35 -133.202 -23.3389
      vertex -85.1506 -132.98 -26.4161
      vertex -85.1506 -133.104 -23.335
    endloop
  endfacet
  facet normal 0.444973 -0.894831 -0.0357224
    outer loop
      vertex -85.1506 -132.98 -26.4161
      vertex -85.35 -133.202 -23.3389
      vertex -85.35 -133.079 -26.42
    endloop
  endfacet
  facet normal -0.830519 -0.556547 -0.0222178
    outer loop
      vertex -83.0278 -133.7 -26.4449
      vertex -83.1513 -133.639 -23.3564
      vertex -83.1513 -133.516 -26.4375
    endloop
  endfacet
  facet normal -0.831909 -0.554463 -0.0223146
    outer loop
      vertex -83.1513 -133.639 -23.3564
      vertex -83.0278 -133.7 -26.4449
      vertex -83.0278 -133.824 -23.3638
    endloop
  endfacet
  facet normal 0.554173 -0.831739 -0.0332037
    outer loop
      vertex -85.5349 -133.325 -23.3438
      vertex -85.35 -133.079 -26.42
      vertex -85.35 -133.202 -23.3389
    endloop
  endfacet
  facet normal 0.554185 -0.831731 -0.0332023
    outer loop
      vertex -85.35 -133.079 -26.42
      vertex -85.5349 -133.325 -23.3438
      vertex -85.5349 -133.202 -26.425
    endloop
  endfacet
  facet normal 0.0674978 -0.996925 -0.0397968
    outer loop
      vertex -84.7219 -132.989 -23.3304
      vertex -84.5 -132.851 -26.411
      vertex -84.5 -132.974 -23.3298
    endloop
  endfacet
  facet normal 0.0674799 -0.996927 -0.0397981
    outer loop
      vertex -84.5 -132.851 -26.411
      vertex -84.7219 -132.989 -23.3304
      vertex -84.7219 -132.866 -26.4115
    endloop
  endfacet
  facet normal 0.193579 -0.980304 -0.0391345
    outer loop
      vertex -84.94 -133.032 -23.3321
      vertex -84.7219 -132.866 -26.4115
      vertex -84.7219 -132.989 -23.3304
    endloop
  endfacet
  facet normal 0.193596 -0.9803 -0.0391331
    outer loop
      vertex -84.7219 -132.866 -26.4115
      vertex -84.94 -133.032 -23.3321
      vertex -84.94 -132.909 -26.4133
    endloop
  endfacet
  facet normal 0.896543 0.442605 0.0176692
    outer loop
      vertex -86.0706 -135.323 -23.4237
      vertex -85.9722 -135.399 -26.5128
      vertex -86.0706 -135.2 -26.5048
    endloop
  endfacet
  facet normal 0.896543 0.442605 0.0176692
    outer loop
      vertex -85.9722 -135.399 -26.5128
      vertex -86.0706 -135.323 -23.4237
      vertex -85.9722 -135.522 -23.4317
    endloop
  endfacet
  facet normal 0.89742 -0.440821 -0.017741
    outer loop
      vertex -85.9722 -133.824 -23.3638
      vertex -86.0706 -133.9 -26.4529
      vertex -85.9722 -133.7 -26.4449
    endloop
  endfacet
  facet normal 0.896539 -0.442612 -0.0176689
    outer loop
      vertex -86.0706 -133.9 -26.4529
      vertex -85.9722 -133.824 -23.3638
      vertex -86.0706 -134.023 -23.3717
    endloop
  endfacet
  facet normal 0.997858 0.0653664 0.0026094
    outer loop
      vertex -86.2 -134.673 -23.3977
      vertex -86.1855 -134.771 -26.4877
      vertex -86.2 -134.55 -26.4789
    endloop
  endfacet
  facet normal 0.997877 0.0650717 0.00261883
    outer loop
      vertex -86.1855 -134.771 -26.4877
      vertex -86.2 -134.673 -23.3977
      vertex -86.1855 -134.895 -23.4066
    endloop
  endfacet
  facet normal 0.980783 0.194944 0.00784558
    outer loop
      vertex -86.1855 -134.895 -23.4066
      vertex -86.1421 -134.989 -26.4964
      vertex -86.1855 -134.771 -26.4877
    endloop
  endfacet
  facet normal 0.980783 0.194944 0.00784558
    outer loop
      vertex -86.1421 -134.989 -26.4964
      vertex -86.1855 -134.895 -23.4066
      vertex -86.1421 -135.113 -23.4153
    endloop
  endfacet
  facet normal 0.947178 0.32045 0.0128966
    outer loop
      vertex -86.1421 -135.113 -23.4153
      vertex -86.0706 -135.2 -26.5048
      vertex -86.1421 -134.989 -26.4964
    endloop
  endfacet
  facet normal 0.946714 0.32182 0.0128473
    outer loop
      vertex -86.0706 -135.2 -26.5048
      vertex -86.1421 -135.113 -23.4153
      vertex -86.0706 -135.323 -23.4237
    endloop
  endfacet
  facet normal -0.660583 -0.750155 -0.0299458
    outer loop
      vertex -83.4651 -133.202 -26.425
      vertex -83.2979 -133.472 -23.3497
      vertex -83.4651 -133.325 -23.3438
    endloop
  endfacet
  facet normal -0.660573 -0.750164 -0.0299472
    outer loop
      vertex -83.2979 -133.472 -23.3497
      vertex -83.4651 -133.202 -26.425
      vertex -83.2979 -133.349 -26.4308
    endloop
  endfacet
  facet normal -0.896687 -0.442319 -0.0175265
    outer loop
      vertex -81.4512 -133.226 -27.9777
      vertex -81.6421 -132.901 -26.413
      vertex -81.6421 -132.839 -27.9777
    endloop
  endfacet
  facet normal -0.896963 -0.441752 -0.0176781
    outer loop
      vertex -81.6421 -132.901 -26.413
      vertex -81.4512 -133.226 -27.9777
      vertex -81.4512 -133.288 -26.4284
    endloop
  endfacet
  facet normal -0.980817 0.194775 0.00775631
    outer loop
      vertex -81.3124 -135.345 -27.9777
      vertex -81.2282 -134.98 -26.4961
      vertex -81.2282 -134.921 -27.9777
    endloop
  endfacet
  facet normal -0.980788 0.194922 0.00771862
    outer loop
      vertex -81.2282 -134.98 -26.4961
      vertex -81.3124 -135.345 -27.9777
      vertex -81.3124 -135.403 -26.513
    endloop
  endfacet
  facet normal -0.997863 0.0652894 0.00261367
    outer loop
      vertex -81.2282 -134.921 -27.9777
      vertex -81.2 -134.55 -26.4789
      vertex -81.2 -134.49 -27.9777
    endloop
  endfacet
  facet normal -0.99786 0.065337 0.00260184
    outer loop
      vertex -81.2 -134.55 -26.4789
      vertex -81.2282 -134.921 -27.9777
      vertex -81.2282 -134.98 -26.4961
    endloop
  endfacet
  facet normal -0.946879 0.321337 0.0127245
    outer loop
      vertex -81.4512 -135.754 -27.9777
      vertex -81.3124 -135.403 -26.513
      vertex -81.3124 -135.345 -27.9777
    endloop
  endfacet
  facet normal -0.947034 0.320877 0.0128493
    outer loop
      vertex -81.3124 -135.403 -26.513
      vertex -81.4512 -135.754 -27.9777
      vertex -81.4512 -135.812 -26.5293
    endloop
  endfacet
  facet normal -0.980817 -0.194775 -0.00775036
    outer loop
      vertex -81.2282 -134.059 -27.9777
      vertex -81.3124 -133.696 -26.4447
      vertex -81.3124 -133.635 -27.9777
    endloop
  endfacet
  facet normal -0.980788 -0.194922 -0.00771408
    outer loop
      vertex -81.3124 -133.696 -26.4447
      vertex -81.2282 -134.059 -27.9777
      vertex -81.2282 -134.119 -26.4616
    endloop
  endfacet
  facet normal -0.896684 0.442318 0.0177122
    outer loop
      vertex -81.6421 -136.141 -27.9777
      vertex -81.4512 -135.812 -26.5293
      vertex -81.4512 -135.754 -27.9777
    endloop
  endfacet
  facet normal -0.896511 0.442671 0.0176092
    outer loop
      vertex -81.4512 -135.812 -26.5293
      vertex -81.6421 -136.141 -27.9777
      vertex -81.6421 -136.198 -26.5448
    endloop
  endfacet
  facet normal 0.946879 0.321337 0.0127245
    outer loop
      vertex -87.6876 -135.403 -26.513
      vertex -87.5488 -135.754 -27.9777
      vertex -87.6876 -135.345 -27.9777
    endloop
  endfacet
  facet normal 0.947034 0.320877 0.0128493
    outer loop
      vertex -87.5488 -135.754 -27.9777
      vertex -87.6876 -135.403 -26.513
      vertex -87.5488 -135.812 -26.5293
    endloop
  endfacet
  facet normal -0.83206 -0.554245 -0.0221122
    outer loop
      vertex -81.6421 -132.839 -27.9777
      vertex -81.8819 -132.542 -26.3986
      vertex -81.8819 -132.479 -27.9777
    endloop
  endfacet
  facet normal -0.831757 -0.554704 -0.0219797
    outer loop
      vertex -81.8819 -132.542 -26.3986
      vertex -81.6421 -132.839 -27.9777
      vertex -81.6421 -132.901 -26.413
    endloop
  endfacet
  facet normal -0.322153 0.945933 0.0377796
    outer loop
      vertex -83.2371 -137.541 -27.9777
      vertex -83.6459 -137.735 -26.6062
      vertex -83.2371 -137.596 -26.6006
    endloop
  endfacet
  facet normal -0.321688 0.946085 0.03794
    outer loop
      vertex -83.6459 -137.735 -26.6062
      vertex -83.2371 -137.541 -27.9777
      vertex -83.6459 -137.68 -27.9777
    endloop
  endfacet
  facet normal 0.555573 0.830813 0.0329997
    outer loop
      vertex -86.5089 -137.11 -27.9777
      vertex -86.15 -137.405 -26.593
      vertex -86.15 -137.35 -27.9777
    endloop
  endfacet
  facet normal 0.554582 0.831459 0.0333943
    outer loop
      vertex -86.15 -137.405 -26.593
      vertex -86.5089 -137.11 -27.9777
      vertex -86.5089 -137.166 -26.5834
    endloop
  endfacet
  facet normal 0.896684 0.442318 0.0177122
    outer loop
      vertex -87.5488 -135.812 -26.5293
      vertex -87.3579 -136.141 -27.9777
      vertex -87.5488 -135.754 -27.9777
    endloop
  endfacet
  facet normal 0.896511 0.442671 0.0176092
    outer loop
      vertex -87.3579 -136.141 -27.9777
      vertex -87.5488 -135.812 -26.5293
      vertex -87.3579 -136.198 -26.5448
    endloop
  endfacet
  facet normal -0.442763 0.895932 0.0355862
    outer loop
      vertex -82.85 -137.35 -27.9777
      vertex -83.2371 -137.596 -26.6006
      vertex -82.85 -137.405 -26.593
    endloop
  endfacet
  facet normal -0.442198 0.896203 0.0357935
    outer loop
      vertex -83.2371 -137.596 -26.6006
      vertex -82.85 -137.35 -27.9777
      vertex -83.2371 -137.541 -27.9777
    endloop
  endfacet
  facet normal -0.660075 0.750605 0.0299046
    outer loop
      vertex -82.1665 -136.825 -27.9777
      vertex -82.4911 -137.166 -26.5834
      vertex -82.1665 -136.881 -26.5721
    endloop
  endfacet
  facet normal -0.659482 0.751115 0.0301674
    outer loop
      vertex -82.4911 -137.166 -26.5834
      vertex -82.1665 -136.825 -27.9777
      vertex -82.4911 -137.11 -27.9777
    endloop
  endfacet
  facet normal 0.896687 -0.442319 -0.0175265
    outer loop
      vertex -87.3579 -132.901 -26.413
      vertex -87.5488 -133.226 -27.9777
      vertex -87.3579 -132.839 -27.9777
    endloop
  endfacet
  facet normal 0.896963 -0.441752 -0.0176781
    outer loop
      vertex -87.5488 -133.226 -27.9777
      vertex -87.3579 -132.901 -26.413
      vertex -87.5488 -133.288 -26.4284
    endloop
  endfacet
  facet normal 0.997863 0.0652894 0.00261367
    outer loop
      vertex -87.8 -134.55 -26.4789
      vertex -87.7718 -134.921 -27.9777
      vertex -87.8 -134.49 -27.9777
    endloop
  endfacet
  facet normal 0.99786 0.065337 0.00260184
    outer loop
      vertex -87.7718 -134.921 -27.9777
      vertex -87.8 -134.55 -26.4789
      vertex -87.7718 -134.98 -26.4961
    endloop
  endfacet
  facet normal 0.659491 -0.751125 -0.0297242
    outer loop
      vertex -86.5089 -131.87 -27.9777
      vertex -86.8335 -132.218 -26.3857
      vertex -86.8335 -132.155 -27.9777
    endloop
  endfacet
  facet normal 0.658772 -0.751744 -0.030006
    outer loop
      vertex -86.8335 -132.218 -26.3857
      vertex -86.5089 -131.87 -27.9777
      vertex -86.5089 -131.934 -26.3743
    endloop
  endfacet
  facet normal 0.752055 0.658569 0.0264616
    outer loop
      vertex -87.1181 -136.557 -26.5591
      vertex -86.8335 -136.825 -27.9777
      vertex -87.1181 -136.5 -27.9777
    endloop
  endfacet
  facet normal 0.751574 0.659126 0.02626
    outer loop
      vertex -86.8335 -136.825 -27.9777
      vertex -87.1181 -136.557 -26.5591
      vertex -86.8335 -136.881 -26.5721
    endloop
  endfacet
  facet normal 0.442198 0.896203 0.0357935
    outer loop
      vertex -86.15 -137.35 -27.9777
      vertex -85.7629 -137.596 -26.6006
      vertex -85.7629 -137.541 -27.9777
    endloop
  endfacet
  facet normal 0.442763 0.895932 0.0355862
    outer loop
      vertex -85.7629 -137.596 -26.6006
      vertex -86.15 -137.35 -27.9777
      vertex -86.15 -137.405 -26.593
    endloop
  endfacet
  facet normal -0.194746 0.980066 0.0393027
    outer loop
      vertex -83.6459 -137.68 -27.9777
      vertex -84.0693 -137.819 -26.6095
      vertex -83.6459 -137.735 -26.6062
    endloop
  endfacet
  facet normal -0.19445 0.980121 0.0393997
    outer loop
      vertex -84.0693 -137.819 -26.6095
      vertex -83.6459 -137.68 -27.9777
      vertex -84.0693 -137.764 -27.9777
    endloop
  endfacet
  facet normal -0.442763 -0.89594 -0.0353821
    outer loop
      vertex -83.2371 -131.439 -27.9777
      vertex -82.85 -131.694 -26.3647
      vertex -83.2371 -131.503 -26.3571
    endloop
  endfacet
  facet normal -0.442202 -0.896211 -0.0355595
    outer loop
      vertex -82.85 -131.694 -26.3647
      vertex -83.2371 -131.439 -27.9777
      vertex -82.85 -131.63 -27.9777
    endloop
  endfacet
  facet normal -0.997863 -0.0652894 -0.00258384
    outer loop
      vertex -81.2 -134.49 -27.9777
      vertex -81.2282 -134.119 -26.4616
      vertex -81.2282 -134.059 -27.9777
    endloop
  endfacet
  facet normal -0.99787 -0.0651851 -0.00260949
    outer loop
      vertex -81.2282 -134.119 -26.4616
      vertex -81.2 -134.49 -27.9777
      vertex -81.2 -134.55 -26.4789
    endloop
  endfacet
  facet normal -0.320077 -0.946636 -0.0378375
    outer loop
      vertex -83.6459 -131.3 -27.9777
      vertex -83.2371 -131.503 -26.3571
      vertex -83.6459 -131.365 -26.3515
    endloop
  endfacet
  facet normal -0.321695 -0.946106 -0.0373632
    outer loop
      vertex -83.2371 -131.503 -26.3571
      vertex -83.6459 -131.3 -27.9777
      vertex -83.2371 -131.439 -27.9777
    endloop
  endfacet
  facet normal -0.554582 0.831459 0.0333943
    outer loop
      vertex -82.4911 -137.11 -27.9777
      vertex -82.85 -137.405 -26.593
      vertex -82.4911 -137.166 -26.5834
    endloop
  endfacet
  facet normal -0.555573 0.830813 0.0329997
    outer loop
      vertex -82.85 -137.405 -26.593
      vertex -82.4911 -137.11 -27.9777
      vertex -82.85 -137.35 -27.9777
    endloop
  endfacet
  facet normal -0.831348 0.555313 0.02209
    outer loop
      vertex -81.8819 -136.5 -27.9777
      vertex -81.6421 -136.198 -26.5448
      vertex -81.6421 -136.141 -27.9777
    endloop
  endfacet
  facet normal -0.831754 0.554696 0.022288
    outer loop
      vertex -81.6421 -136.198 -26.5448
      vertex -81.8819 -136.5 -27.9777
      vertex -81.8819 -136.557 -26.5591
    endloop
  endfacet
  facet normal 0.194745 0.980062 0.0393973
    outer loop
      vertex -84.9307 -137.764 -27.9777
      vertex -85.3541 -137.735 -26.6062
      vertex -84.9307 -137.819 -26.6095
    endloop
  endfacet
  facet normal 0.194451 0.980124 0.039305
    outer loop
      vertex -85.3541 -137.735 -26.6062
      vertex -84.9307 -137.764 -27.9777
      vertex -85.3541 -137.68 -27.9777
    endloop
  endfacet
  facet normal -0.751055 -0.659723 -0.0261071
    outer loop
      vertex -81.8819 -132.479 -27.9777
      vertex -82.1665 -132.218 -26.3857
      vertex -82.1665 -132.155 -27.9777
    endloop
  endfacet
  facet normal -0.75157 -0.659129 -0.0262967
    outer loop
      vertex -82.1665 -132.218 -26.3857
      vertex -81.8819 -132.479 -27.9777
      vertex -81.8819 -132.542 -26.3986
    endloop
  endfacet
  facet normal -0.0672373 -0.996945 -0.0397384
    outer loop
      vertex -84.5 -131.187 -27.9777
      vertex -84.0693 -131.281 -26.3482
      vertex -84.5 -131.252 -26.347
    endloop
  endfacet
  facet normal -0.0648206 -0.997079 -0.0403849
    outer loop
      vertex -84.0693 -131.281 -26.3482
      vertex -84.5 -131.187 -27.9777
      vertex -84.0693 -131.215 -27.9777
    endloop
  endfacet
  facet normal -0.946878 -0.321337 -0.0128593
    outer loop
      vertex -81.3124 -133.635 -27.9777
      vertex -81.4512 -133.288 -26.4284
      vertex -81.4512 -133.226 -27.9777
    endloop
  endfacet
  facet normal -0.946794 -0.321585 -0.0127963
    outer loop
      vertex -81.4512 -133.288 -26.4284
      vertex -81.3124 -133.635 -27.9777
      vertex -81.3124 -133.696 -26.4447
    endloop
  endfacet
  facet normal 0.751055 -0.659723 -0.0261071
    outer loop
      vertex -86.8335 -132.218 -26.3857
      vertex -87.1181 -132.479 -27.9777
      vertex -86.8335 -132.155 -27.9777
    endloop
  endfacet
  facet normal 0.75157 -0.659129 -0.0262967
    outer loop
      vertex -87.1181 -132.479 -27.9777
      vertex -86.8335 -132.218 -26.3857
      vertex -87.1181 -132.542 -26.3986
    endloop
  endfacet
  facet normal 0.321688 0.946085 0.03794
    outer loop
      vertex -85.7629 -137.541 -27.9777
      vertex -85.3541 -137.735 -26.6062
      vertex -85.3541 -137.68 -27.9777
    endloop
  endfacet
  facet normal 0.322153 0.945933 0.0377796
    outer loop
      vertex -85.3541 -137.735 -26.6062
      vertex -85.7629 -137.541 -27.9777
      vertex -85.7629 -137.596 -26.6006
    endloop
  endfacet
  facet normal 0.194746 -0.980071 -0.0391739
    outer loop
      vertex -85.3541 -131.3 -27.9777
      vertex -84.9307 -131.281 -26.3482
      vertex -85.3541 -131.365 -26.3515
    endloop
  endfacet
  facet normal 0.196674 -0.979666 -0.0396796
    outer loop
      vertex -84.9307 -131.281 -26.3482
      vertex -85.3541 -131.3 -27.9777
      vertex -84.9307 -131.215 -27.9777
    endloop
  endfacet
  facet normal 0 0.039968 -0.999201
    outer loop
      vertex -82.8 -134.55 -26.4789
      vertex -81.2 -134.55 -26.4789
      vertex -81.2282 -134.98 -26.4961
    endloop
  endfacet
  facet normal -3.06173e-05 0.039927 -0.999203
    outer loop
      vertex -82.8145 -134.771 -26.4877
      vertex -81.2282 -134.98 -26.4961
      vertex -81.3124 -135.403 -26.513
    endloop
  endfacet
  facet normal 0 0.0401069 -0.999195
    outer loop
      vertex -81.2 -134.55 -26.4789
      vertex -82.8 -134.55 -26.4789
      vertex -81.2282 -134.119 -26.4616
    endloop
  endfacet
  facet normal -5.96997e-05 0.0398419 -0.999206
    outer loop
      vertex -82.8579 -134.989 -26.4964
      vertex -81.3124 -135.403 -26.513
      vertex -81.4512 -135.812 -26.5293
    endloop
  endfacet
  facet normal 1.32218e-05 0.0400588 -0.999197
    outer loop
      vertex -82.8145 -134.328 -26.47
      vertex -81.2282 -134.119 -26.4616
      vertex -82.8 -134.55 -26.4789
    endloop
  endfacet
  facet normal 4.2153e-05 0.0401023 -0.999196
    outer loop
      vertex -82.9294 -135.2 -26.5048
      vertex -81.4512 -135.812 -26.5293
      vertex -81.6421 -136.198 -26.5448
    endloop
  endfacet
  facet normal 3.06173e-05 0.039927 -0.999203
    outer loop
      vertex -81.2282 -134.119 -26.4616
      vertex -82.8145 -134.328 -26.47
      vertex -81.3124 -133.696 -26.4447
    endloop
  endfacet
  facet normal -9.03403e-05 0.0398616 -0.999205
    outer loop
      vertex -83.0278 -135.399 -26.5128
      vertex -81.6421 -136.198 -26.5448
      vertex -81.8819 -136.557 -26.5591
    endloop
  endfacet
  facet normal 4.78645e-05 0.039886 -0.999204
    outer loop
      vertex -82.8579 -134.11 -26.4613
      vertex -81.3124 -133.696 -26.4447
      vertex -82.8145 -134.328 -26.47
    endloop
  endfacet
  facet normal 6.59162e-05 0.0400334 -0.999198
    outer loop
      vertex -83.1513 -135.584 -26.5202
      vertex -81.8819 -136.557 -26.5591
      vertex -82.1665 -136.881 -26.5721
    endloop
  endfacet
  facet normal 3.57259e-05 0.0399313 -0.999202
    outer loop
      vertex -81.3124 -133.696 -26.4447
      vertex -82.8579 -134.11 -26.4613
      vertex -81.4512 -133.288 -26.4284
    endloop
  endfacet
  facet normal -0.000163817 0.0398043 -0.999207
    outer loop
      vertex -83.2979 -135.751 -26.5269
      vertex -82.1665 -136.881 -26.5721
      vertex -82.4911 -137.166 -26.5834
    endloop
  endfacet
  facet normal 1.18489e-05 0.0399721 -0.999201
    outer loop
      vertex -82.9294 -133.9 -26.4529
      vertex -81.4512 -133.288 -26.4284
      vertex -82.8579 -134.11 -26.4613
    endloop
  endfacet
  facet normal 8.22406e-05 0.0398023 -0.999208
    outer loop
      vertex -81.4512 -133.288 -26.4284
      vertex -82.9294 -133.9 -26.4529
      vertex -81.6421 -132.901 -26.413
    endloop
  endfacet
  facet normal -4.86036e-05 0.0397907 -0.999208
    outer loop
      vertex -81.2282 -134.98 -26.4961
      vertex -82.8145 -134.771 -26.4877
      vertex -82.8 -134.55 -26.4789
    endloop
  endfacet
  facet normal 9.45148e-05 0.0399933 -0.9992
    outer loop
      vertex -83.4651 -135.897 -26.5327
      vertex -82.4911 -137.166 -26.5834
      vertex -82.85 -137.405 -26.593
    endloop
  endfacet
  facet normal -4.78645e-05 0.039886 -0.999204
    outer loop
      vertex -81.3124 -135.403 -26.513
      vertex -82.8579 -134.989 -26.4964
      vertex -82.8145 -134.771 -26.4877
    endloop
  endfacet
  facet normal -8.06315e-05 0.0398062 -0.999207
    outer loop
      vertex -81.4512 -135.812 -26.5293
      vertex -82.9294 -135.2 -26.5048
      vertex -82.8579 -134.989 -26.4964
    endloop
  endfacet
  facet normal 6.76701e-05 0.0401352 -0.999194
    outer loop
      vertex -81.6421 -136.198 -26.5448
      vertex -83.0278 -135.399 -26.5128
      vertex -82.9294 -135.2 -26.5048
    endloop
  endfacet
  facet normal 1.04141e-05 0.0399611 -0.999201
    outer loop
      vertex -81.8819 -136.557 -26.5591
      vertex -83.1513 -135.584 -26.5202
      vertex -83.0278 -135.399 -26.5128
    endloop
  endfacet
  facet normal -6.37068e-05 0.039888 -0.999204
    outer loop
      vertex -83.65 -136.021 -26.5377
      vertex -82.85 -137.405 -26.593
      vertex -83.2371 -137.596 -26.6006
    endloop
  endfacet
  facet normal 6.36824e-05 0.0400317 -0.999198
    outer loop
      vertex -82.1665 -136.881 -26.5721
      vertex -83.2979 -135.751 -26.5269
      vertex -83.1513 -135.584 -26.5202
    endloop
  endfacet
  facet normal -0.000118423 0.0398301 -0.999206
    outer loop
      vertex -82.4911 -137.166 -26.5834
      vertex -83.4651 -135.897 -26.5327
      vertex -83.2979 -135.751 -26.5269
    endloop
  endfacet
  facet normal 0.000101819 0.0399561 -0.999201
    outer loop
      vertex -83.8494 -136.119 -26.5416
      vertex -83.2371 -137.596 -26.6006
      vertex -83.6459 -137.735 -26.6062
    endloop
  endfacet
  facet normal 0.000176709 0.0400268 -0.999199
    outer loop
      vertex -82.85 -137.405 -26.593
      vertex -83.65 -136.021 -26.5377
      vertex -83.4651 -135.897 -26.5327
    endloop
  endfacet
  facet normal -6.11609e-05 0.0398887 -0.999204
    outer loop
      vertex -83.2371 -137.596 -26.6006
      vertex -83.8494 -136.119 -26.5416
      vertex -83.65 -136.021 -26.5377
    endloop
  endfacet
  facet normal -0.000355791 0.0398986 -0.999204
    outer loop
      vertex -83.6459 -137.735 -26.6062
      vertex -84.06 -136.191 -26.5444
      vertex -83.8494 -136.119 -26.5416
    endloop
  endfacet
  facet normal -0.000139319 0.0399566 -0.999201
    outer loop
      vertex -84.0693 -137.819 -26.6095
      vertex -84.06 -136.191 -26.5444
      vertex -83.6459 -137.735 -26.6062
    endloop
  endfacet
  facet normal 0.000369347 0.0399537 -0.999201
    outer loop
      vertex -84.0693 -137.819 -26.6095
      vertex -84.2781 -136.234 -26.5462
      vertex -84.06 -136.191 -26.5444
    endloop
  endfacet
  facet normal 0.000188084 0.0399298 -0.999202
    outer loop
      vertex -84.5 -137.847 -26.6107
      vertex -84.2781 -136.234 -26.5462
      vertex -84.0693 -137.819 -26.6095
    endloop
  endfacet
  facet normal 0.000182483 0.0399306 -0.999202
    outer loop
      vertex -84.5 -137.847 -26.6107
      vertex -84.5 -136.248 -26.5468
      vertex -84.2781 -136.234 -26.5462
    endloop
  endfacet
  facet normal -0.000182483 0.0399306 -0.999202
    outer loop
      vertex -84.5 -137.847 -26.6107
      vertex -84.7219 -136.234 -26.5462
      vertex -84.5 -136.248 -26.5468
    endloop
  endfacet
  facet normal -0.000188084 0.0399298 -0.999202
    outer loop
      vertex -84.9307 -137.819 -26.6095
      vertex -84.7219 -136.234 -26.5462
      vertex -84.5 -137.847 -26.6107
    endloop
  endfacet
  facet normal -0.000369347 0.0399537 -0.999201
    outer loop
      vertex -84.9307 -137.819 -26.6095
      vertex -84.94 -136.191 -26.5444
      vertex -84.7219 -136.234 -26.5462
    endloop
  endfacet
  facet normal 0.000139319 0.0399566 -0.999201
    outer loop
      vertex -85.3541 -137.735 -26.6062
      vertex -84.94 -136.191 -26.5444
      vertex -84.9307 -137.819 -26.6095
    endloop
  endfacet
  facet normal 0.000355791 0.0398986 -0.999204
    outer loop
      vertex -84.94 -136.191 -26.5444
      vertex -85.3541 -137.735 -26.6062
      vertex -85.1506 -136.119 -26.5416
    endloop
  endfacet
  facet normal -0.000101819 0.0399561 -0.999201
    outer loop
      vertex -85.7629 -137.596 -26.6006
      vertex -85.1506 -136.119 -26.5416
      vertex -85.3541 -137.735 -26.6062
    endloop
  endfacet
  facet normal 6.11609e-05 0.0398887 -0.999204
    outer loop
      vertex -85.1506 -136.119 -26.5416
      vertex -85.7629 -137.596 -26.6006
      vertex -85.35 -136.021 -26.5377
    endloop
  endfacet
  facet normal 6.37068e-05 0.039888 -0.999204
    outer loop
      vertex -86.15 -137.405 -26.593
      vertex -85.35 -136.021 -26.5377
      vertex -85.7629 -137.596 -26.6006
    endloop
  endfacet
  facet normal -0.000176709 0.0400268 -0.999199
    outer loop
      vertex -85.35 -136.021 -26.5377
      vertex -86.15 -137.405 -26.593
      vertex -85.5349 -135.897 -26.5327
    endloop
  endfacet
  facet normal -9.45148e-05 0.0399933 -0.9992
    outer loop
      vertex -86.5089 -137.166 -26.5834
      vertex -85.5349 -135.897 -26.5327
      vertex -86.15 -137.405 -26.593
    endloop
  endfacet
  facet normal 0.000118423 0.0398301 -0.999206
    outer loop
      vertex -85.5349 -135.897 -26.5327
      vertex -86.5089 -137.166 -26.5834
      vertex -85.7021 -135.751 -26.5269
    endloop
  endfacet
  facet normal 0.000163817 0.0398043 -0.999207
    outer loop
      vertex -86.8335 -136.881 -26.5721
      vertex -85.7021 -135.751 -26.5269
      vertex -86.5089 -137.166 -26.5834
    endloop
  endfacet
  facet normal -6.36824e-05 0.0400317 -0.999198
    outer loop
      vertex -85.7021 -135.751 -26.5269
      vertex -86.8335 -136.881 -26.5721
      vertex -85.8487 -135.584 -26.5202
    endloop
  endfacet
  facet normal -6.59162e-05 0.0400334 -0.999198
    outer loop
      vertex -87.1181 -136.557 -26.5591
      vertex -85.8487 -135.584 -26.5202
      vertex -86.8335 -136.881 -26.5721
    endloop
  endfacet
  facet normal -1.04141e-05 0.0399611 -0.999201
    outer loop
      vertex -85.8487 -135.584 -26.5202
      vertex -87.1181 -136.557 -26.5591
      vertex -85.9722 -135.399 -26.5128
    endloop
  endfacet
  facet normal 9.03403e-05 0.0398616 -0.999205
    outer loop
      vertex -87.3579 -136.198 -26.5448
      vertex -85.9722 -135.399 -26.5128
      vertex -87.1181 -136.557 -26.5591
    endloop
  endfacet
  facet normal -6.76701e-05 0.0401352 -0.999194
    outer loop
      vertex -85.9722 -135.399 -26.5128
      vertex -87.3579 -136.198 -26.5448
      vertex -86.0706 -135.2 -26.5048
    endloop
  endfacet
  facet normal -3.37035e-05 0.0399515 -0.999202
    outer loop
      vertex -83.0278 -133.7 -26.4449
      vertex -81.6421 -132.901 -26.413
      vertex -82.9294 -133.9 -26.4529
    endloop
  endfacet
  facet normal -7.7579e-05 0.0400275 -0.999199
    outer loop
      vertex -81.6421 -132.901 -26.413
      vertex -83.0278 -133.7 -26.4449
      vertex -81.8819 -132.542 -26.3986
    endloop
  endfacet
  facet normal -0.000141186 0.0400903 -0.999196
    outer loop
      vertex -83.1513 -133.516 -26.4375
      vertex -81.8819 -132.542 -26.3986
      vertex -83.0278 -133.7 -26.4449
    endloop
  endfacet
  facet normal 5.66011e-05 0.0398329 -0.999206
    outer loop
      vertex -81.8819 -132.542 -26.3986
      vertex -83.1513 -133.516 -26.4375
      vertex -82.1665 -132.218 -26.3857
    endloop
  endfacet
  facet normal -0.000129566 0.039974 -0.999201
    outer loop
      vertex -83.2979 -133.349 -26.4308
      vertex -82.1665 -132.218 -26.3857
      vertex -83.1513 -133.516 -26.4375
    endloop
  endfacet
  facet normal -0.000123369 0.0399678 -0.999201
    outer loop
      vertex -82.1665 -132.218 -26.3857
      vertex -83.2979 -133.349 -26.4308
      vertex -82.4911 -131.934 -26.3743
    endloop
  endfacet
  facet normal 0.000277099 0.0397398 -0.99921
    outer loop
      vertex -83.4651 -133.202 -26.425
      vertex -82.4911 -131.934 -26.3743
      vertex -83.2979 -133.349 -26.4308
    endloop
  endfacet
  facet normal -6.96262e-06 0.0399576 -0.999201
    outer loop
      vertex -82.4911 -131.934 -26.3743
      vertex -83.4651 -133.202 -26.425
      vertex -82.85 -131.694 -26.3647
    endloop
  endfacet
  facet normal -0.000346984 0.0400961 -0.999196
    outer loop
      vertex -83.65 -133.079 -26.42
      vertex -82.85 -131.694 -26.3647
      vertex -83.4651 -133.202 -26.425
    endloop
  endfacet
  facet normal 5.26483e-05 0.0398656 -0.999205
    outer loop
      vertex -82.85 -131.694 -26.3647
      vertex -83.65 -133.079 -26.42
      vertex -83.2371 -131.503 -26.3571
    endloop
  endfacet
  facet normal 0.00022706 0.03982 -0.999207
    outer loop
      vertex -83.8494 -132.98 -26.4161
      vertex -83.2371 -131.503 -26.3571
      vertex -83.65 -133.079 -26.42
    endloop
  endfacet
  facet normal -0.00018756 0.0399916 -0.9992
    outer loop
      vertex -83.2371 -131.503 -26.3571
      vertex -83.8494 -132.98 -26.4161
      vertex -83.6459 -131.365 -26.3515
    endloop
  endfacet
  facet normal 0.000182048 0.0399451 -0.999202
    outer loop
      vertex -84.06 -132.909 -26.4133
      vertex -83.6459 -131.365 -26.3515
      vertex -83.8494 -132.98 -26.4161
    endloop
  endfacet
  facet normal 0.000139319 0.0399566 -0.999201
    outer loop
      vertex -84.06 -132.909 -26.4133
      vertex -84.0693 -131.281 -26.3482
      vertex -83.6459 -131.365 -26.3515
    endloop
  endfacet
  facet normal -0.000369347 0.0399537 -0.999201
    outer loop
      vertex -84.2781 -132.866 -26.4115
      vertex -84.0693 -131.281 -26.3482
      vertex -84.06 -132.909 -26.4133
    endloop
  endfacet
  facet normal 0.000442097 0.0398469 -0.999206
    outer loop
      vertex -84.5 -132.851 -26.411
      vertex -84.0693 -131.281 -26.3482
      vertex -84.2781 -132.866 -26.4115
    endloop
  endfacet
  facet normal -9.11148e-05 0.039993 -0.9992
    outer loop
      vertex -84.5 -132.851 -26.411
      vertex -84.5 -131.252 -26.347
      vertex -84.0693 -131.281 -26.3482
    endloop
  endfacet
  facet normal -0.000451983 0.039993 -0.9992
    outer loop
      vertex -84.7219 -132.866 -26.4115
      vertex -84.5 -131.252 -26.347
      vertex -84.5 -132.851 -26.411
    endloop
  endfacet
  facet normal 9.61895e-05 0.0399177 -0.999203
    outer loop
      vertex -84.7219 -132.866 -26.4115
      vertex -84.9307 -131.281 -26.3482
      vertex -84.5 -131.252 -26.347
    endloop
  endfacet
  facet normal 0.000369347 0.0399537 -0.999201
    outer loop
      vertex -84.94 -132.909 -26.4133
      vertex -84.9307 -131.281 -26.3482
      vertex -84.7219 -132.866 -26.4115
    endloop
  endfacet
  facet normal -0.000182048 0.0399451 -0.999202
    outer loop
      vertex -85.3541 -131.365 -26.3515
      vertex -84.94 -132.909 -26.4133
      vertex -85.1506 -132.98 -26.4161
    endloop
  endfacet
  facet normal -0.00022706 0.03982 -0.999207
    outer loop
      vertex -85.7629 -131.503 -26.3571
      vertex -85.1506 -132.98 -26.4161
      vertex -85.35 -133.079 -26.42
    endloop
  endfacet
  facet normal -0.000139319 0.0399566 -0.999201
    outer loop
      vertex -84.94 -132.909 -26.4133
      vertex -85.3541 -131.365 -26.3515
      vertex -84.9307 -131.281 -26.3482
    endloop
  endfacet
  facet normal 0.000346984 0.0400961 -0.999196
    outer loop
      vertex -86.15 -131.694 -26.3647
      vertex -85.35 -133.079 -26.42
      vertex -85.5349 -133.202 -26.425
    endloop
  endfacet
  facet normal -0.000277099 0.0397398 -0.99921
    outer loop
      vertex -86.5089 -131.934 -26.3743
      vertex -85.5349 -133.202 -26.425
      vertex -85.7021 -133.349 -26.4308
    endloop
  endfacet
  facet normal 0.00018756 0.0399916 -0.9992
    outer loop
      vertex -85.1506 -132.98 -26.4161
      vertex -85.7629 -131.503 -26.3571
      vertex -85.3541 -131.365 -26.3515
    endloop
  endfacet
  facet normal 0.000129566 0.039974 -0.999201
    outer loop
      vertex -86.8335 -132.218 -26.3857
      vertex -85.7021 -133.349 -26.4308
      vertex -85.8487 -133.516 -26.4375
    endloop
  endfacet
  facet normal 0.000141186 0.0400903 -0.999196
    outer loop
      vertex -87.1181 -132.542 -26.3986
      vertex -85.8487 -133.516 -26.4375
      vertex -85.9722 -133.7 -26.4449
    endloop
  endfacet
  facet normal 3.37035e-05 0.0399515 -0.999202
    outer loop
      vertex -87.3579 -132.901 -26.413
      vertex -85.9722 -133.7 -26.4449
      vertex -86.0706 -133.9 -26.4529
    endloop
  endfacet
  facet normal -1.18489e-05 0.0399721 -0.999201
    outer loop
      vertex -87.5488 -133.288 -26.4284
      vertex -86.0706 -133.9 -26.4529
      vertex -86.1421 -134.11 -26.4613
    endloop
  endfacet
  facet normal -5.26483e-05 0.0398656 -0.999205
    outer loop
      vertex -85.35 -133.079 -26.42
      vertex -86.15 -131.694 -26.3647
      vertex -85.7629 -131.503 -26.3571
    endloop
  endfacet
  facet normal -4.78645e-05 0.039886 -0.999204
    outer loop
      vertex -87.6876 -133.696 -26.4447
      vertex -86.1421 -134.11 -26.4613
      vertex -86.1855 -134.328 -26.47
    endloop
  endfacet
  facet normal -1.32218e-05 0.0400588 -0.999197
    outer loop
      vertex -87.7718 -134.119 -26.4616
      vertex -86.1855 -134.328 -26.47
      vertex -86.2 -134.55 -26.4789
    endloop
  endfacet
  facet normal -4.2153e-05 0.0401023 -0.999196
    outer loop
      vertex -87.5488 -135.812 -26.5293
      vertex -86.0706 -135.2 -26.5048
      vertex -87.3579 -136.198 -26.5448
    endloop
  endfacet
  facet normal 6.96262e-06 0.0399576 -0.999201
    outer loop
      vertex -85.5349 -133.202 -26.425
      vertex -86.5089 -131.934 -26.3743
      vertex -86.15 -131.694 -26.3647
    endloop
  endfacet
  facet normal 8.06315e-05 0.0398062 -0.999207
    outer loop
      vertex -86.0706 -135.2 -26.5048
      vertex -87.5488 -135.812 -26.5293
      vertex -86.1421 -134.989 -26.4964
    endloop
  endfacet
  facet normal 0.000123369 0.0399678 -0.999201
    outer loop
      vertex -85.7021 -133.349 -26.4308
      vertex -86.8335 -132.218 -26.3857
      vertex -86.5089 -131.934 -26.3743
    endloop
  endfacet
  facet normal 5.96997e-05 0.0398419 -0.999206
    outer loop
      vertex -87.6876 -135.403 -26.513
      vertex -86.1421 -134.989 -26.4964
      vertex -87.5488 -135.812 -26.5293
    endloop
  endfacet
  facet normal -5.66011e-05 0.0398329 -0.999206
    outer loop
      vertex -85.8487 -133.516 -26.4375
      vertex -87.1181 -132.542 -26.3986
      vertex -86.8335 -132.218 -26.3857
    endloop
  endfacet
  facet normal 4.78645e-05 0.039886 -0.999204
    outer loop
      vertex -86.1421 -134.989 -26.4964
      vertex -87.6876 -135.403 -26.513
      vertex -86.1855 -134.771 -26.4877
    endloop
  endfacet
  facet normal 7.7579e-05 0.0400275 -0.999199
    outer loop
      vertex -85.9722 -133.7 -26.4449
      vertex -87.3579 -132.901 -26.413
      vertex -87.1181 -132.542 -26.3986
    endloop
  endfacet
  facet normal 3.06173e-05 0.039927 -0.999203
    outer loop
      vertex -87.7718 -134.98 -26.4961
      vertex -86.1855 -134.771 -26.4877
      vertex -87.6876 -135.403 -26.513
    endloop
  endfacet
  facet normal -8.22406e-05 0.0398023 -0.999208
    outer loop
      vertex -86.0706 -133.9 -26.4529
      vertex -87.5488 -133.288 -26.4284
      vertex -87.3579 -132.901 -26.413
    endloop
  endfacet
  facet normal 4.86036e-05 0.0397907 -0.999208
    outer loop
      vertex -86.1855 -134.771 -26.4877
      vertex -87.7718 -134.98 -26.4961
      vertex -86.2 -134.55 -26.4789
    endloop
  endfacet
  facet normal -3.57259e-05 0.0399313 -0.999202
    outer loop
      vertex -86.1421 -134.11 -26.4613
      vertex -87.6876 -133.696 -26.4447
      vertex -87.5488 -133.288 -26.4284
    endloop
  endfacet
  facet normal 0 0.039968 -0.999201
    outer loop
      vertex -87.8 -134.55 -26.4789
      vertex -86.2 -134.55 -26.4789
      vertex -87.7718 -134.98 -26.4961
    endloop
  endfacet
  facet normal -3.06173e-05 0.039927 -0.999203
    outer loop
      vertex -86.1855 -134.328 -26.47
      vertex -87.7718 -134.119 -26.4616
      vertex -87.6876 -133.696 -26.4447
    endloop
  endfacet
  facet normal 0 0.0401069 -0.999195
    outer loop
      vertex -86.2 -134.55 -26.4789
      vertex -87.8 -134.55 -26.4789
      vertex -87.7718 -134.119 -26.4616
    endloop
  endfacet
  facet normal -0.752055 0.658569 0.0264616
    outer loop
      vertex -82.1665 -136.825 -27.9777
      vertex -81.8819 -136.557 -26.5591
      vertex -81.8819 -136.5 -27.9777
    endloop
  endfacet
  facet normal -0.751574 0.659126 0.02626
    outer loop
      vertex -81.8819 -136.557 -26.5591
      vertex -82.1665 -136.825 -27.9777
      vertex -82.1665 -136.881 -26.5721
    endloop
  endfacet
  facet normal 0.442202 -0.896211 -0.0355595
    outer loop
      vertex -85.7629 -131.439 -27.9777
      vertex -86.15 -131.694 -26.3647
      vertex -86.15 -131.63 -27.9777
    endloop
  endfacet
  facet normal 0.442763 -0.89594 -0.0353821
    outer loop
      vertex -86.15 -131.694 -26.3647
      vertex -85.7629 -131.439 -27.9777
      vertex -85.7629 -131.503 -26.3571
    endloop
  endfacet
  facet normal -0.194745 -0.98005 -0.0396952
    outer loop
      vertex -84.0693 -131.215 -27.9777
      vertex -83.6459 -131.365 -26.3515
      vertex -84.0693 -131.281 -26.3482
    endloop
  endfacet
  facet normal -0.196678 -0.979686 -0.0391585
    outer loop
      vertex -83.6459 -131.365 -26.3515
      vertex -84.0693 -131.215 -27.9777
      vertex -83.6459 -131.3 -27.9777
    endloop
  endfacet
  facet normal 0.321695 -0.946106 -0.0373632
    outer loop
      vertex -85.3541 -131.3 -27.9777
      vertex -85.7629 -131.503 -26.3571
      vertex -85.7629 -131.439 -27.9777
    endloop
  endfacet
  facet normal 0.320077 -0.946636 -0.0378375
    outer loop
      vertex -85.7629 -131.503 -26.3571
      vertex -85.3541 -131.3 -27.9777
      vertex -85.3541 -131.365 -26.3515
    endloop
  endfacet
  facet normal -0.658772 -0.751744 -0.030006
    outer loop
      vertex -82.4911 -131.87 -27.9777
      vertex -82.1665 -132.218 -26.3857
      vertex -82.4911 -131.934 -26.3743
    endloop
  endfacet
  facet normal -0.659491 -0.751125 -0.0297242
    outer loop
      vertex -82.1665 -132.218 -26.3857
      vertex -82.4911 -131.87 -27.9777
      vertex -82.1665 -132.155 -27.9777
    endloop
  endfacet
  facet normal 0.55557 -0.830808 -0.0331619
    outer loop
      vertex -86.15 -131.63 -27.9777
      vertex -86.5089 -131.934 -26.3743
      vertex -86.5089 -131.87 -27.9777
    endloop
  endfacet
  facet normal 0.556183 -0.830407 -0.0329486
    outer loop
      vertex -86.5089 -131.934 -26.3743
      vertex -86.15 -131.63 -27.9777
      vertex -86.15 -131.694 -26.3647
    endloop
  endfacet
  facet normal 0.946878 -0.321337 -0.0128593
    outer loop
      vertex -87.5488 -133.288 -26.4284
      vertex -87.6876 -133.635 -27.9777
      vertex -87.5488 -133.226 -27.9777
    endloop
  endfacet
  facet normal 0.946794 -0.321585 -0.0127963
    outer loop
      vertex -87.6876 -133.635 -27.9777
      vertex -87.5488 -133.288 -26.4284
      vertex -87.6876 -133.696 -26.4447
    endloop
  endfacet
  facet normal -0.556183 -0.830407 -0.0329486
    outer loop
      vertex -82.85 -131.63 -27.9777
      vertex -82.4911 -131.934 -26.3743
      vertex -82.85 -131.694 -26.3647
    endloop
  endfacet
  facet normal -0.55557 -0.830808 -0.0331619
    outer loop
      vertex -82.4911 -131.934 -26.3743
      vertex -82.85 -131.63 -27.9777
      vertex -82.4911 -131.87 -27.9777
    endloop
  endfacet
  facet normal 0.980817 0.194775 0.00775631
    outer loop
      vertex -87.7718 -134.98 -26.4961
      vertex -87.6876 -135.345 -27.9777
      vertex -87.7718 -134.921 -27.9777
    endloop
  endfacet
  facet normal 0.980788 0.194922 0.00771862
    outer loop
      vertex -87.6876 -135.345 -27.9777
      vertex -87.7718 -134.98 -26.4961
      vertex -87.6876 -135.403 -26.513
    endloop
  endfacet
  facet normal 0.659482 0.751115 0.0301674
    outer loop
      vertex -86.8335 -136.825 -27.9777
      vertex -86.5089 -137.166 -26.5834
      vertex -86.5089 -137.11 -27.9777
    endloop
  endfacet
  facet normal 0.660075 0.750605 0.0299046
    outer loop
      vertex -86.5089 -137.166 -26.5834
      vertex -86.8335 -136.825 -27.9777
      vertex -86.8335 -136.881 -26.5721
    endloop
  endfacet
  facet normal 0.980817 -0.194775 -0.00775036
    outer loop
      vertex -87.6876 -133.696 -26.4447
      vertex -87.7718 -134.059 -27.9777
      vertex -87.6876 -133.635 -27.9777
    endloop
  endfacet
  facet normal 0.980788 -0.194922 -0.00771408
    outer loop
      vertex -87.7718 -134.059 -27.9777
      vertex -87.6876 -133.696 -26.4447
      vertex -87.7718 -134.119 -26.4616
    endloop
  endfacet
  facet normal -0.0649326 0.997084 0.0400816
    outer loop
      vertex -84.0693 -137.764 -27.9777
      vertex -84.5 -137.847 -26.6107
      vertex -84.0693 -137.819 -26.6095
    endloop
  endfacet
  facet normal -0.0648213 0.99709 0.040117
    outer loop
      vertex -84.5 -137.847 -26.6107
      vertex -84.0693 -137.764 -27.9777
      vertex -84.5 -137.792 -27.9777
    endloop
  endfacet
  facet normal 0.997863 -0.0652894 -0.00258384
    outer loop
      vertex -87.7718 -134.119 -26.4616
      vertex -87.8 -134.49 -27.9777
      vertex -87.7718 -134.059 -27.9777
    endloop
  endfacet
  facet normal 0.99787 -0.0651851 -0.00260949
    outer loop
      vertex -87.8 -134.49 -27.9777
      vertex -87.7718 -134.119 -26.4616
      vertex -87.8 -134.55 -26.4789
    endloop
  endfacet
  facet normal 0.831348 0.555313 0.02209
    outer loop
      vertex -87.3579 -136.198 -26.5448
      vertex -87.1181 -136.5 -27.9777
      vertex -87.3579 -136.141 -27.9777
    endloop
  endfacet
  facet normal 0.831754 0.554696 0.022288
    outer loop
      vertex -87.1181 -136.5 -27.9777
      vertex -87.3579 -136.198 -26.5448
      vertex -87.1181 -136.557 -26.5591
    endloop
  endfacet
  facet normal 0.0649326 0.997083 0.0401167
    outer loop
      vertex -84.5 -137.792 -27.9777
      vertex -84.9307 -137.819 -26.6095
      vertex -84.5 -137.847 -26.6107
    endloop
  endfacet
  facet normal 0.0648214 0.997092 0.0400819
    outer loop
      vertex -84.9307 -137.819 -26.6095
      vertex -84.5 -137.792 -27.9777
      vertex -84.9307 -137.764 -27.9777
    endloop
  endfacet
  facet normal 0.83206 -0.554245 -0.0221122
    outer loop
      vertex -87.1181 -132.542 -26.3986
      vertex -87.3579 -132.839 -27.9777
      vertex -87.1181 -132.479 -27.9777
    endloop
  endfacet
  facet normal 0.831757 -0.554704 -0.0219797
    outer loop
      vertex -87.3579 -132.839 -27.9777
      vertex -87.1181 -132.542 -26.3986
      vertex -87.3579 -132.901 -26.413
    endloop
  endfacet
  facet normal 0.0672373 -0.99692 -0.0403785
    outer loop
      vertex -84.9307 -131.215 -27.9777
      vertex -84.5 -131.252 -26.347
      vertex -84.9307 -131.281 -26.3482
    endloop
  endfacet
  facet normal 0.0648222 -0.997105 -0.0397448
    outer loop
      vertex -84.5 -131.252 -26.347
      vertex -84.9307 -131.215 -27.9777
      vertex -84.5 -131.187 -27.9777
    endloop
  endfacet
  facet normal -0.980783 0.194944 0.00784558
    outer loop
      vertex 86.1421 -134.989 -26.4964
      vertex 86.1855 -134.895 -23.4066
      vertex 86.1855 -134.771 -26.4877
    endloop
  endfacet
  facet normal -0.980783 0.194944 0.00784558
    outer loop
      vertex 86.1855 -134.895 -23.4066
      vertex 86.1421 -134.989 -26.4964
      vertex 86.1421 -135.113 -23.4153
    endloop
  endfacet
  facet normal -0.997858 0.0653664 0.0026094
    outer loop
      vertex 86.1855 -134.771 -26.4877
      vertex 86.2 -134.673 -23.3977
      vertex 86.2 -134.55 -26.4789
    endloop
  endfacet
  facet normal -0.997877 0.0650717 0.00261883
    outer loop
      vertex 86.2 -134.673 -23.3977
      vertex 86.1855 -134.771 -26.4877
      vertex 86.1855 -134.895 -23.4066
    endloop
  endfacet
  facet normal 0.441363 0.896614 0.0357924
    outer loop
      vertex 83.8494 -136.242 -23.4604
      vertex 83.65 -136.021 -26.5377
      vertex 83.65 -136.144 -23.4565
    endloop
  endfacet
  facet normal 0.441363 0.896614 0.0357924
    outer loop
      vertex 83.65 -136.021 -26.5377
      vertex 83.8494 -136.242 -23.4604
      vertex 83.8494 -136.119 -26.5416
    endloop
  endfacet
  facet normal -0.554173 0.831728 0.0334732
    outer loop
      vertex 85.5349 -135.897 -26.5327
      vertex 85.35 -136.144 -23.4565
      vertex 85.5349 -136.021 -23.4516
    endloop
  endfacet
  facet normal -0.557291 0.829657 0.0331195
    outer loop
      vertex 85.35 -136.144 -23.4565
      vertex 85.5349 -135.897 -26.5327
      vertex 85.35 -136.021 -26.5377
    endloop
  endfacet
  facet normal 0.660583 0.750155 0.0299458
    outer loop
      vertex 83.4651 -136.021 -23.4516
      vertex 83.2979 -135.751 -26.5269
      vertex 83.2979 -135.874 -23.4457
    endloop
  endfacet
  facet normal 0.658033 0.75238 0.0302798
    outer loop
      vertex 83.2979 -135.751 -26.5269
      vertex 83.4651 -136.021 -23.4516
      vertex 83.4651 -135.897 -26.5327
    endloop
  endfacet
  facet normal -0.323732 -0.945396 -0.0377397
    outer loop
      vertex 84.94 -132.909 -26.4133
      vertex 85.1506 -133.104 -23.335
      vertex 84.94 -133.032 -23.3321
    endloop
  endfacet
  facet normal -0.319688 -0.946756 -0.0381026
    outer loop
      vertex 85.1506 -133.104 -23.335
      vertex 84.94 -132.909 -26.4133
      vertex 85.1506 -132.98 -26.4161
    endloop
  endfacet
  facet normal -0.830519 -0.556547 -0.0222178
    outer loop
      vertex 85.9722 -133.7 -26.4449
      vertex 85.8487 -133.639 -23.3564
      vertex 85.8487 -133.516 -26.4375
    endloop
  endfacet
  facet normal -0.831909 -0.554463 -0.0223146
    outer loop
      vertex 85.8487 -133.639 -23.3564
      vertex 85.9722 -133.7 -26.4449
      vertex 85.9722 -133.824 -23.3638
    endloop
  endfacet
  facet normal -0.946714 -0.32182 -0.0128469
    outer loop
      vertex 86.1421 -134.11 -26.4613
      vertex 86.0706 -134.023 -23.3717
      vertex 86.0706 -133.9 -26.4529
    endloop
  endfacet
  facet normal -0.946714 -0.32182 -0.0128469
    outer loop
      vertex 86.0706 -134.023 -23.3717
      vertex 86.1421 -134.11 -26.4613
      vertex 86.1421 -134.233 -23.3801
    endloop
  endfacet
  facet normal -0.323732 0.945396 0.0377397
    outer loop
      vertex 85.1506 -136.119 -26.5416
      vertex 84.94 -136.314 -23.4633
      vertex 85.1506 -136.242 -23.4604
    endloop
  endfacet
  facet normal -0.323716 0.945401 0.0377412
    outer loop
      vertex 84.94 -136.314 -23.4633
      vertex 85.1506 -136.119 -26.5416
      vertex 84.94 -136.191 -26.5444
    endloop
  endfacet
  facet normal -0.193579 0.980304 0.0391345
    outer loop
      vertex 84.94 -136.191 -26.5444
      vertex 84.7219 -136.357 -23.465
      vertex 84.94 -136.314 -23.4633
    endloop
  endfacet
  facet normal -0.193596 0.9803 0.0391331
    outer loop
      vertex 84.7219 -136.357 -23.465
      vertex 84.94 -136.191 -26.5444
      vertex 84.7219 -136.234 -26.5462
    endloop
  endfacet
  facet normal 0.554173 0.831728 0.0334732
    outer loop
      vertex 83.65 -136.144 -23.4565
      vertex 83.4651 -135.897 -26.5327
      vertex 83.4651 -136.021 -23.4516
    endloop
  endfacet
  facet normal 0.557291 0.829657 0.0331195
    outer loop
      vertex 83.4651 -135.897 -26.5327
      vertex 83.65 -136.144 -23.4565
      vertex 83.65 -136.021 -26.5377
    endloop
  endfacet
  facet normal -0.89742 -0.440821 -0.017741
    outer loop
      vertex 86.0706 -133.9 -26.4529
      vertex 85.9722 -133.824 -23.3638
      vertex 85.9722 -133.7 -26.4449
    endloop
  endfacet
  facet normal -0.896539 -0.442612 -0.0176689
    outer loop
      vertex 85.9722 -133.824 -23.3638
      vertex 86.0706 -133.9 -26.4529
      vertex 86.0706 -134.023 -23.3717
    endloop
  endfacet
  facet normal -0.660583 0.750155 0.0299458
    outer loop
      vertex 85.7021 -135.751 -26.5269
      vertex 85.5349 -136.021 -23.4516
      vertex 85.7021 -135.874 -23.4457
    endloop
  endfacet
  facet normal -0.658033 0.75238 0.0302798
    outer loop
      vertex 85.5349 -136.021 -23.4516
      vertex 85.7021 -135.751 -26.5269
      vertex 85.5349 -135.897 -26.5327
    endloop
  endfacet
  facet normal -0.554173 -0.831739 -0.0332037
    outer loop
      vertex 85.35 -133.079 -26.42
      vertex 85.5349 -133.325 -23.3438
      vertex 85.35 -133.202 -23.3389
    endloop
  endfacet
  facet normal -0.554185 -0.831731 -0.0332023
    outer loop
      vertex 85.5349 -133.325 -23.3438
      vertex 85.35 -133.079 -26.42
      vertex 85.5349 -133.202 -26.425
    endloop
  endfacet
  facet normal -0.441363 0.896614 0.0357924
    outer loop
      vertex 85.35 -136.021 -26.5377
      vertex 85.1506 -136.242 -23.4604
      vertex 85.35 -136.144 -23.4565
    endloop
  endfacet
  facet normal -0.441363 0.896614 0.0357924
    outer loop
      vertex 85.1506 -136.242 -23.4604
      vertex 85.35 -136.021 -26.5377
      vertex 85.1506 -136.119 -26.5416
    endloop
  endfacet
  facet normal 0.660583 -0.750155 -0.0299458
    outer loop
      vertex 83.2979 -133.472 -23.3497
      vertex 83.4651 -133.202 -26.425
      vertex 83.4651 -133.325 -23.3438
    endloop
  endfacet
  facet normal 0.660573 -0.750164 -0.0299472
    outer loop
      vertex 83.4651 -133.202 -26.425
      vertex 83.2979 -133.472 -23.3497
      vertex 83.2979 -133.349 -26.4308
    endloop
  endfacet
  facet normal 0.751779 -0.65889 -0.0263034
    outer loop
      vertex 83.2979 -133.472 -23.3497
      vertex 83.1513 -133.516 -26.4375
      vertex 83.2979 -133.349 -26.4308
    endloop
  endfacet
  facet normal 0.751779 -0.65889 -0.0263034
    outer loop
      vertex 83.1513 -133.516 -26.4375
      vertex 83.2979 -133.472 -23.3497
      vertex 83.1513 -133.639 -23.3564
    endloop
  endfacet
  facet normal 0.830519 -0.556547 -0.0222178
    outer loop
      vertex 83.1513 -133.639 -23.3564
      vertex 83.0278 -133.7 -26.4449
      vertex 83.1513 -133.516 -26.4375
    endloop
  endfacet
  facet normal 0.831909 -0.554463 -0.0223146
    outer loop
      vertex 83.0278 -133.7 -26.4449
      vertex 83.1513 -133.639 -23.3564
      vertex 83.0278 -133.824 -23.3638
    endloop
  endfacet
  facet normal -0.831909 0.55447 0.0221349
    outer loop
      vertex 85.8487 -135.584 -26.5202
      vertex 85.9722 -135.522 -23.4317
      vertex 85.9722 -135.399 -26.5128
    endloop
  endfacet
  facet normal -0.831904 0.554478 0.0221345
    outer loop
      vertex 85.9722 -135.522 -23.4317
      vertex 85.8487 -135.584 -26.5202
      vertex 85.8487 -135.707 -23.439
    endloop
  endfacet
  facet normal -0.193579 -0.980304 -0.0391345
    outer loop
      vertex 84.7219 -132.866 -26.4115
      vertex 84.94 -133.032 -23.3321
      vertex 84.7219 -132.989 -23.3304
    endloop
  endfacet
  facet normal -0.193596 -0.9803 -0.0391331
    outer loop
      vertex 84.94 -133.032 -23.3321
      vertex 84.7219 -132.866 -26.4115
      vertex 84.94 -132.909 -26.4133
    endloop
  endfacet
  facet normal -0.980783 -0.194946 -0.00778216
    outer loop
      vertex 86.1855 -134.328 -26.47
      vertex 86.1421 -134.233 -23.3801
      vertex 86.1421 -134.11 -26.4613
    endloop
  endfacet
  facet normal -0.980783 -0.194946 -0.00778216
    outer loop
      vertex 86.1421 -134.233 -23.3801
      vertex 86.1855 -134.328 -26.47
      vertex 86.1855 -134.451 -23.3888
    endloop
  endfacet
  facet normal 0.946714 -0.32182 -0.0128469
    outer loop
      vertex 82.9294 -134.023 -23.3717
      vertex 82.8579 -134.11 -26.4613
      vertex 82.9294 -133.9 -26.4529
    endloop
  endfacet
  facet normal 0.946714 -0.32182 -0.0128469
    outer loop
      vertex 82.8579 -134.11 -26.4613
      vertex 82.9294 -134.023 -23.3717
      vertex 82.8579 -134.233 -23.3801
    endloop
  endfacet
  facet normal -0.441363 -0.896603 -0.0360841
    outer loop
      vertex 85.1506 -132.98 -26.4161
      vertex 85.35 -133.202 -23.3389
      vertex 85.1506 -133.104 -23.335
    endloop
  endfacet
  facet normal -0.444973 -0.894831 -0.0357224
    outer loop
      vertex 85.35 -133.202 -23.3389
      vertex 85.1506 -132.98 -26.4161
      vertex 85.35 -133.079 -26.42
    endloop
  endfacet
  facet normal -0.0674978 0.996925 0.0397968
    outer loop
      vertex 84.7219 -136.234 -26.5462
      vertex 84.5 -136.372 -23.4656
      vertex 84.7219 -136.357 -23.465
    endloop
  endfacet
  facet normal -0.0630236 0.997205 0.0401316
    outer loop
      vertex 84.5 -136.372 -23.4656
      vertex 84.7219 -136.234 -26.5462
      vertex 84.5 -136.248 -26.5468
    endloop
  endfacet
  facet normal 0.323732 0.945396 0.0377397
    outer loop
      vertex 84.06 -136.314 -23.4633
      vertex 83.8494 -136.119 -26.5416
      vertex 83.8494 -136.242 -23.4604
    endloop
  endfacet
  facet normal 0.323716 0.945401 0.0377412
    outer loop
      vertex 83.8494 -136.119 -26.5416
      vertex 84.06 -136.314 -23.4633
      vertex 84.06 -136.191 -26.5444
    endloop
  endfacet
  facet normal 0.193579 0.980304 0.0391345
    outer loop
      vertex 84.2781 -136.357 -23.465
      vertex 84.06 -136.191 -26.5444
      vertex 84.06 -136.314 -23.4633
    endloop
  endfacet
  facet normal 0.193596 0.9803 0.0391331
    outer loop
      vertex 84.06 -136.191 -26.5444
      vertex 84.2781 -136.357 -23.465
      vertex 84.2781 -136.234 -26.5462
    endloop
  endfacet
  facet normal -0.896543 0.442605 0.0176692
    outer loop
      vertex 85.9722 -135.399 -26.5128
      vertex 86.0706 -135.323 -23.4237
      vertex 86.0706 -135.2 -26.5048
    endloop
  endfacet
  facet normal -0.896543 0.442605 0.0176692
    outer loop
      vertex 86.0706 -135.323 -23.4237
      vertex 85.9722 -135.399 -26.5128
      vertex 85.9722 -135.522 -23.4317
    endloop
  endfacet
  facet normal -0.997877 -0.0650725 -0.00259766
    outer loop
      vertex 86.2 -134.55 -26.4789
      vertex 86.1855 -134.451 -23.3888
      vertex 86.1855 -134.328 -26.47
    endloop
  endfacet
  facet normal -0.997877 -0.0650725 -0.00259766
    outer loop
      vertex 86.1855 -134.451 -23.3888
      vertex 86.2 -134.55 -26.4789
      vertex 86.2 -134.673 -23.3977
    endloop
  endfacet
  facet normal -0.0674978 -0.996925 -0.0397968
    outer loop
      vertex 84.5 -132.851 -26.411
      vertex 84.7219 -132.989 -23.3304
      vertex 84.5 -132.974 -23.3298
    endloop
  endfacet
  facet normal -0.0674799 -0.996927 -0.0397981
    outer loop
      vertex 84.7219 -132.989 -23.3304
      vertex 84.5 -132.851 -26.411
      vertex 84.7219 -132.866 -26.4115
    endloop
  endfacet
  facet normal -0.751779 0.65889 0.0263026
    outer loop
      vertex 85.7021 -135.751 -26.5269
      vertex 85.8487 -135.707 -23.439
      vertex 85.8487 -135.584 -26.5202
    endloop
  endfacet
  facet normal -0.751779 0.65889 0.0263026
    outer loop
      vertex 85.8487 -135.707 -23.439
      vertex 85.7021 -135.751 -26.5269
      vertex 85.7021 -135.874 -23.4457
    endloop
  endfacet
  facet normal 0.997877 -0.0650725 -0.00259766
    outer loop
      vertex 82.8145 -134.451 -23.3888
      vertex 82.8 -134.55 -26.4789
      vertex 82.8145 -134.328 -26.47
    endloop
  endfacet
  facet normal 0.997877 -0.0650725 -0.00259766
    outer loop
      vertex 82.8 -134.55 -26.4789
      vertex 82.8145 -134.451 -23.3888
      vertex 82.8 -134.673 -23.3977
    endloop
  endfacet
  facet normal -0.751779 -0.65889 -0.0263034
    outer loop
      vertex 85.8487 -133.516 -26.4375
      vertex 85.7021 -133.472 -23.3497
      vertex 85.7021 -133.349 -26.4308
    endloop
  endfacet
  facet normal -0.751779 -0.65889 -0.0263034
    outer loop
      vertex 85.7021 -133.472 -23.3497
      vertex 85.8487 -133.516 -26.4375
      vertex 85.8487 -133.639 -23.3564
    endloop
  endfacet
  facet normal 0.751779 0.65889 0.0263026
    outer loop
      vertex 83.1513 -135.707 -23.439
      vertex 83.2979 -135.751 -26.5269
      vertex 83.1513 -135.584 -26.5202
    endloop
  endfacet
  facet normal 0.751779 0.65889 0.0263026
    outer loop
      vertex 83.2979 -135.751 -26.5269
      vertex 83.1513 -135.707 -23.439
      vertex 83.2979 -135.874 -23.4457
    endloop
  endfacet
  facet normal 0.831909 0.55447 0.0221349
    outer loop
      vertex 83.0278 -135.522 -23.4317
      vertex 83.1513 -135.584 -26.5202
      vertex 83.0278 -135.399 -26.5128
    endloop
  endfacet
  facet normal 0.831904 0.554478 0.0221345
    outer loop
      vertex 83.1513 -135.584 -26.5202
      vertex 83.0278 -135.522 -23.4317
      vertex 83.1513 -135.707 -23.439
    endloop
  endfacet
  facet normal 0.0674978 0.996925 0.0397968
    outer loop
      vertex 84.5 -136.372 -23.4656
      vertex 84.2781 -136.234 -26.5462
      vertex 84.2781 -136.357 -23.465
    endloop
  endfacet
  facet normal 0.0630236 0.997205 0.0401316
    outer loop
      vertex 84.2781 -136.234 -26.5462
      vertex 84.5 -136.372 -23.4656
      vertex 84.5 -136.248 -26.5468
    endloop
  endfacet
  facet normal 0.980783 -0.194946 -0.00778216
    outer loop
      vertex 82.8579 -134.233 -23.3801
      vertex 82.8145 -134.328 -26.47
      vertex 82.8579 -134.11 -26.4613
    endloop
  endfacet
  facet normal 0.980783 -0.194946 -0.00778216
    outer loop
      vertex 82.8145 -134.328 -26.47
      vertex 82.8579 -134.233 -23.3801
      vertex 82.8145 -134.451 -23.3888
    endloop
  endfacet
  facet normal 0.323732 -0.945396 -0.0377397
    outer loop
      vertex 83.8494 -133.104 -23.335
      vertex 84.06 -132.909 -26.4133
      vertex 84.06 -133.032 -23.3321
    endloop
  endfacet
  facet normal 0.319688 -0.946756 -0.0381026
    outer loop
      vertex 84.06 -132.909 -26.4133
      vertex 83.8494 -133.104 -23.335
      vertex 83.8494 -132.98 -26.4161
    endloop
  endfacet
  facet normal -0.947178 0.32045 0.0128966
    outer loop
      vertex 86.0706 -135.2 -26.5048
      vertex 86.1421 -135.113 -23.4153
      vertex 86.1421 -134.989 -26.4964
    endloop
  endfacet
  facet normal -0.946714 0.32182 0.0128473
    outer loop
      vertex 86.1421 -135.113 -23.4153
      vertex 86.0706 -135.2 -26.5048
      vertex 86.0706 -135.323 -23.4237
    endloop
  endfacet
  facet normal 0.441363 -0.896603 -0.0360841
    outer loop
      vertex 83.65 -133.202 -23.3389
      vertex 83.8494 -132.98 -26.4161
      vertex 83.8494 -133.104 -23.335
    endloop
  endfacet
  facet normal 0.444973 -0.894831 -0.0357224
    outer loop
      vertex 83.8494 -132.98 -26.4161
      vertex 83.65 -133.202 -23.3389
      vertex 83.65 -133.079 -26.42
    endloop
  endfacet
  facet normal 0.554173 -0.831739 -0.0332037
    outer loop
      vertex 83.4651 -133.325 -23.3438
      vertex 83.65 -133.079 -26.42
      vertex 83.65 -133.202 -23.3389
    endloop
  endfacet
  facet normal 0.554185 -0.831731 -0.0332023
    outer loop
      vertex 83.65 -133.079 -26.42
      vertex 83.4651 -133.325 -23.3438
      vertex 83.4651 -133.202 -26.425
    endloop
  endfacet
  facet normal 0.193579 -0.980304 -0.0391345
    outer loop
      vertex 84.06 -133.032 -23.3321
      vertex 84.2781 -132.866 -26.4115
      vertex 84.2781 -132.989 -23.3304
    endloop
  endfacet
  facet normal 0.193596 -0.9803 -0.0391331
    outer loop
      vertex 84.2781 -132.866 -26.4115
      vertex 84.06 -133.032 -23.3321
      vertex 84.06 -132.909 -26.4133
    endloop
  endfacet
  facet normal 0.896543 0.442605 0.0176692
    outer loop
      vertex 82.9294 -135.323 -23.4237
      vertex 83.0278 -135.399 -26.5128
      vertex 82.9294 -135.2 -26.5048
    endloop
  endfacet
  facet normal 0.896543 0.442605 0.0176692
    outer loop
      vertex 83.0278 -135.399 -26.5128
      vertex 82.9294 -135.323 -23.4237
      vertex 83.0278 -135.522 -23.4317
    endloop
  endfacet
  facet normal 0.0674978 -0.996925 -0.0397968
    outer loop
      vertex 84.2781 -132.989 -23.3304
      vertex 84.5 -132.851 -26.411
      vertex 84.5 -132.974 -23.3298
    endloop
  endfacet
  facet normal 0.0674799 -0.996927 -0.0397981
    outer loop
      vertex 84.5 -132.851 -26.411
      vertex 84.2781 -132.989 -23.3304
      vertex 84.2781 -132.866 -26.4115
    endloop
  endfacet
  facet normal 0.89742 -0.440821 -0.017741
    outer loop
      vertex 83.0278 -133.824 -23.3638
      vertex 82.9294 -133.9 -26.4529
      vertex 83.0278 -133.7 -26.4449
    endloop
  endfacet
  facet normal 0.896539 -0.442612 -0.0176689
    outer loop
      vertex 82.9294 -133.9 -26.4529
      vertex 83.0278 -133.824 -23.3638
      vertex 82.9294 -134.023 -23.3717
    endloop
  endfacet
  facet normal 0.997858 0.0653664 0.0026094
    outer loop
      vertex 82.8 -134.673 -23.3977
      vertex 82.8145 -134.771 -26.4877
      vertex 82.8 -134.55 -26.4789
    endloop
  endfacet
  facet normal 0.997877 0.0650717 0.00261883
    outer loop
      vertex 82.8145 -134.771 -26.4877
      vertex 82.8 -134.673 -23.3977
      vertex 82.8145 -134.895 -23.4066
    endloop
  endfacet
  facet normal 0.980783 0.194944 0.00784558
    outer loop
      vertex 82.8145 -134.895 -23.4066
      vertex 82.8579 -134.989 -26.4964
      vertex 82.8145 -134.771 -26.4877
    endloop
  endfacet
  facet normal 0.980783 0.194944 0.00784558
    outer loop
      vertex 82.8579 -134.989 -26.4964
      vertex 82.8145 -134.895 -23.4066
      vertex 82.8579 -135.113 -23.4153
    endloop
  endfacet
  facet normal 0.947178 0.32045 0.0128966
    outer loop
      vertex 82.8579 -135.113 -23.4153
      vertex 82.9294 -135.2 -26.5048
      vertex 82.8579 -134.989 -26.4964
    endloop
  endfacet
  facet normal 0.946714 0.32182 0.0128473
    outer loop
      vertex 82.9294 -135.2 -26.5048
      vertex 82.8579 -135.113 -23.4153
      vertex 82.9294 -135.323 -23.4237
    endloop
  endfacet
  facet normal -0.660583 -0.750155 -0.0299458
    outer loop
      vertex 85.5349 -133.202 -26.425
      vertex 85.7021 -133.472 -23.3497
      vertex 85.5349 -133.325 -23.3438
    endloop
  endfacet
  facet normal -0.660573 -0.750164 -0.0299472
    outer loop
      vertex 85.7021 -133.472 -23.3497
      vertex 85.5349 -133.202 -26.425
      vertex 85.7021 -133.349 -26.4308
    endloop
  endfacet
  facet normal -0.896687 -0.442319 -0.0175265
    outer loop
      vertex 87.5488 -133.226 -27.9777
      vertex 87.3579 -132.901 -26.413
      vertex 87.3579 -132.839 -27.9777
    endloop
  endfacet
  facet normal -0.896963 -0.441752 -0.0176781
    outer loop
      vertex 87.3579 -132.901 -26.413
      vertex 87.5488 -133.226 -27.9777
      vertex 87.5488 -133.288 -26.4284
    endloop
  endfacet
  facet normal -0.980817 0.194775 0.00775631
    outer loop
      vertex 87.6876 -135.345 -27.9777
      vertex 87.7718 -134.98 -26.4961
      vertex 87.7718 -134.921 -27.9777
    endloop
  endfacet
  facet normal -0.980788 0.194922 0.00771862
    outer loop
      vertex 87.7718 -134.98 -26.4961
      vertex 87.6876 -135.345 -27.9777
      vertex 87.6876 -135.403 -26.513
    endloop
  endfacet
  facet normal -0.997863 0.0652894 0.00261367
    outer loop
      vertex 87.7718 -134.921 -27.9777
      vertex 87.8 -134.55 -26.4789
      vertex 87.8 -134.49 -27.9777
    endloop
  endfacet
  facet normal -0.99786 0.065337 0.00260184
    outer loop
      vertex 87.8 -134.55 -26.4789
      vertex 87.7718 -134.921 -27.9777
      vertex 87.7718 -134.98 -26.4961
    endloop
  endfacet
  facet normal -0.946879 0.321337 0.0127245
    outer loop
      vertex 87.5488 -135.754 -27.9777
      vertex 87.6876 -135.403 -26.513
      vertex 87.6876 -135.345 -27.9777
    endloop
  endfacet
  facet normal -0.947034 0.320877 0.0128493
    outer loop
      vertex 87.6876 -135.403 -26.513
      vertex 87.5488 -135.754 -27.9777
      vertex 87.5488 -135.812 -26.5293
    endloop
  endfacet
  facet normal -0.980817 -0.194775 -0.00775036
    outer loop
      vertex 87.7718 -134.059 -27.9777
      vertex 87.6876 -133.696 -26.4447
      vertex 87.6876 -133.635 -27.9777
    endloop
  endfacet
  facet normal -0.980788 -0.194922 -0.00771408
    outer loop
      vertex 87.6876 -133.696 -26.4447
      vertex 87.7718 -134.059 -27.9777
      vertex 87.7718 -134.119 -26.4616
    endloop
  endfacet
  facet normal -0.896684 0.442318 0.0177122
    outer loop
      vertex 87.3579 -136.141 -27.9777
      vertex 87.5488 -135.812 -26.5293
      vertex 87.5488 -135.754 -27.9777
    endloop
  endfacet
  facet normal -0.896511 0.442671 0.0176092
    outer loop
      vertex 87.5488 -135.812 -26.5293
      vertex 87.3579 -136.141 -27.9777
      vertex 87.3579 -136.198 -26.5448
    endloop
  endfacet
  facet normal 0.946879 0.321337 0.0127245
    outer loop
      vertex 81.3124 -135.403 -26.513
      vertex 81.4512 -135.754 -27.9777
      vertex 81.3124 -135.345 -27.9777
    endloop
  endfacet
  facet normal 0.947034 0.320877 0.0128493
    outer loop
      vertex 81.4512 -135.754 -27.9777
      vertex 81.3124 -135.403 -26.513
      vertex 81.4512 -135.812 -26.5293
    endloop
  endfacet
  facet normal -0.83206 -0.554245 -0.0221122
    outer loop
      vertex 87.3579 -132.839 -27.9777
      vertex 87.1181 -132.542 -26.3986
      vertex 87.1181 -132.479 -27.9777
    endloop
  endfacet
  facet normal -0.831757 -0.554704 -0.0219797
    outer loop
      vertex 87.1181 -132.542 -26.3986
      vertex 87.3579 -132.839 -27.9777
      vertex 87.3579 -132.901 -26.413
    endloop
  endfacet
  facet normal -0.322153 0.945933 0.0377796
    outer loop
      vertex 85.7629 -137.541 -27.9777
      vertex 85.3541 -137.735 -26.6062
      vertex 85.7629 -137.596 -26.6006
    endloop
  endfacet
  facet normal -0.321688 0.946085 0.03794
    outer loop
      vertex 85.3541 -137.735 -26.6062
      vertex 85.7629 -137.541 -27.9777
      vertex 85.3541 -137.68 -27.9777
    endloop
  endfacet
  facet normal 0.555573 0.830813 0.0329997
    outer loop
      vertex 82.4911 -137.11 -27.9777
      vertex 82.85 -137.405 -26.593
      vertex 82.85 -137.35 -27.9777
    endloop
  endfacet
  facet normal 0.554582 0.831459 0.0333943
    outer loop
      vertex 82.85 -137.405 -26.593
      vertex 82.4911 -137.11 -27.9777
      vertex 82.4911 -137.166 -26.5834
    endloop
  endfacet
  facet normal 0.896684 0.442318 0.0177122
    outer loop
      vertex 81.4512 -135.812 -26.5293
      vertex 81.6421 -136.141 -27.9777
      vertex 81.4512 -135.754 -27.9777
    endloop
  endfacet
  facet normal 0.896511 0.442671 0.0176092
    outer loop
      vertex 81.6421 -136.141 -27.9777
      vertex 81.4512 -135.812 -26.5293
      vertex 81.6421 -136.198 -26.5448
    endloop
  endfacet
  facet normal -0.442763 0.895932 0.0355862
    outer loop
      vertex 86.15 -137.35 -27.9777
      vertex 85.7629 -137.596 -26.6006
      vertex 86.15 -137.405 -26.593
    endloop
  endfacet
  facet normal -0.442198 0.896203 0.0357935
    outer loop
      vertex 85.7629 -137.596 -26.6006
      vertex 86.15 -137.35 -27.9777
      vertex 85.7629 -137.541 -27.9777
    endloop
  endfacet
  facet normal -0.660075 0.750605 0.0299046
    outer loop
      vertex 86.8335 -136.825 -27.9777
      vertex 86.5089 -137.166 -26.5834
      vertex 86.8335 -136.881 -26.5721
    endloop
  endfacet
  facet normal -0.659482 0.751115 0.0301674
    outer loop
      vertex 86.5089 -137.166 -26.5834
      vertex 86.8335 -136.825 -27.9777
      vertex 86.5089 -137.11 -27.9777
    endloop
  endfacet
  facet normal 0.896687 -0.442319 -0.0175265
    outer loop
      vertex 81.6421 -132.901 -26.413
      vertex 81.4512 -133.226 -27.9777
      vertex 81.6421 -132.839 -27.9777
    endloop
  endfacet
  facet normal 0.896963 -0.441752 -0.0176781
    outer loop
      vertex 81.4512 -133.226 -27.9777
      vertex 81.6421 -132.901 -26.413
      vertex 81.4512 -133.288 -26.4284
    endloop
  endfacet
  facet normal 0.997863 0.0652894 0.00261367
    outer loop
      vertex 81.2 -134.55 -26.4789
      vertex 81.2282 -134.921 -27.9777
      vertex 81.2 -134.49 -27.9777
    endloop
  endfacet
  facet normal 0.99786 0.065337 0.00260184
    outer loop
      vertex 81.2282 -134.921 -27.9777
      vertex 81.2 -134.55 -26.4789
      vertex 81.2282 -134.98 -26.4961
    endloop
  endfacet
  facet normal 0.659491 -0.751125 -0.0297242
    outer loop
      vertex 82.4911 -131.87 -27.9777
      vertex 82.1665 -132.218 -26.3857
      vertex 82.1665 -132.155 -27.9777
    endloop
  endfacet
  facet normal 0.658772 -0.751744 -0.030006
    outer loop
      vertex 82.1665 -132.218 -26.3857
      vertex 82.4911 -131.87 -27.9777
      vertex 82.4911 -131.934 -26.3743
    endloop
  endfacet
  facet normal 0.752055 0.658569 0.0264616
    outer loop
      vertex 81.8819 -136.557 -26.5591
      vertex 82.1665 -136.825 -27.9777
      vertex 81.8819 -136.5 -27.9777
    endloop
  endfacet
  facet normal 0.751574 0.659126 0.02626
    outer loop
      vertex 82.1665 -136.825 -27.9777
      vertex 81.8819 -136.557 -26.5591
      vertex 82.1665 -136.881 -26.5721
    endloop
  endfacet
  facet normal 0.442198 0.896203 0.0357935
    outer loop
      vertex 82.85 -137.35 -27.9777
      vertex 83.2371 -137.596 -26.6006
      vertex 83.2371 -137.541 -27.9777
    endloop
  endfacet
  facet normal 0.442763 0.895932 0.0355862
    outer loop
      vertex 83.2371 -137.596 -26.6006
      vertex 82.85 -137.35 -27.9777
      vertex 82.85 -137.405 -26.593
    endloop
  endfacet
  facet normal -0.194746 0.980066 0.0393027
    outer loop
      vertex 85.3541 -137.68 -27.9777
      vertex 84.9307 -137.819 -26.6095
      vertex 85.3541 -137.735 -26.6062
    endloop
  endfacet
  facet normal -0.19445 0.980121 0.0393997
    outer loop
      vertex 84.9307 -137.819 -26.6095
      vertex 85.3541 -137.68 -27.9777
      vertex 84.9307 -137.764 -27.9777
    endloop
  endfacet
  facet normal -0.442763 -0.89594 -0.0353821
    outer loop
      vertex 85.7629 -131.439 -27.9777
      vertex 86.15 -131.694 -26.3647
      vertex 85.7629 -131.503 -26.3571
    endloop
  endfacet
  facet normal -0.442202 -0.896211 -0.0355595
    outer loop
      vertex 86.15 -131.694 -26.3647
      vertex 85.7629 -131.439 -27.9777
      vertex 86.15 -131.63 -27.9777
    endloop
  endfacet
  facet normal -0.997863 -0.0652894 -0.00258384
    outer loop
      vertex 87.8 -134.49 -27.9777
      vertex 87.7718 -134.119 -26.4616
      vertex 87.7718 -134.059 -27.9777
    endloop
  endfacet
  facet normal -0.99787 -0.0651851 -0.00260949
    outer loop
      vertex 87.7718 -134.119 -26.4616
      vertex 87.8 -134.49 -27.9777
      vertex 87.8 -134.55 -26.4789
    endloop
  endfacet
  facet normal -0.320077 -0.946636 -0.0378375
    outer loop
      vertex 85.3541 -131.3 -27.9777
      vertex 85.7629 -131.503 -26.3571
      vertex 85.3541 -131.365 -26.3515
    endloop
  endfacet
  facet normal -0.321695 -0.946106 -0.0373632
    outer loop
      vertex 85.7629 -131.503 -26.3571
      vertex 85.3541 -131.3 -27.9777
      vertex 85.7629 -131.439 -27.9777
    endloop
  endfacet
  facet normal -0.554582 0.831459 0.0333943
    outer loop
      vertex 86.5089 -137.11 -27.9777
      vertex 86.15 -137.405 -26.593
      vertex 86.5089 -137.166 -26.5834
    endloop
  endfacet
  facet normal -0.555573 0.830813 0.0329997
    outer loop
      vertex 86.15 -137.405 -26.593
      vertex 86.5089 -137.11 -27.9777
      vertex 86.15 -137.35 -27.9777
    endloop
  endfacet
  facet normal -0.831348 0.555313 0.02209
    outer loop
      vertex 87.1181 -136.5 -27.9777
      vertex 87.3579 -136.198 -26.5448
      vertex 87.3579 -136.141 -27.9777
    endloop
  endfacet
  facet normal -0.831754 0.554696 0.022288
    outer loop
      vertex 87.3579 -136.198 -26.5448
      vertex 87.1181 -136.5 -27.9777
      vertex 87.1181 -136.557 -26.5591
    endloop
  endfacet
  facet normal 0.194745 0.980062 0.0393973
    outer loop
      vertex 84.0693 -137.764 -27.9777
      vertex 83.6459 -137.735 -26.6062
      vertex 84.0693 -137.819 -26.6095
    endloop
  endfacet
  facet normal 0.194451 0.980124 0.039305
    outer loop
      vertex 83.6459 -137.735 -26.6062
      vertex 84.0693 -137.764 -27.9777
      vertex 83.6459 -137.68 -27.9777
    endloop
  endfacet
  facet normal -0.751055 -0.659723 -0.0261071
    outer loop
      vertex 87.1181 -132.479 -27.9777
      vertex 86.8335 -132.218 -26.3857
      vertex 86.8335 -132.155 -27.9777
    endloop
  endfacet
  facet normal -0.75157 -0.659129 -0.0262967
    outer loop
      vertex 86.8335 -132.218 -26.3857
      vertex 87.1181 -132.479 -27.9777
      vertex 87.1181 -132.542 -26.3986
    endloop
  endfacet
  facet normal -0.0672373 -0.996945 -0.0397384
    outer loop
      vertex 84.5 -131.187 -27.9777
      vertex 84.9307 -131.281 -26.3482
      vertex 84.5 -131.252 -26.347
    endloop
  endfacet
  facet normal -0.0648206 -0.997079 -0.0403849
    outer loop
      vertex 84.9307 -131.281 -26.3482
      vertex 84.5 -131.187 -27.9777
      vertex 84.9307 -131.215 -27.9777
    endloop
  endfacet
  facet normal -0.946878 -0.321337 -0.0128593
    outer loop
      vertex 87.6876 -133.635 -27.9777
      vertex 87.5488 -133.288 -26.4284
      vertex 87.5488 -133.226 -27.9777
    endloop
  endfacet
  facet normal -0.946794 -0.321585 -0.0127963
    outer loop
      vertex 87.5488 -133.288 -26.4284
      vertex 87.6876 -133.635 -27.9777
      vertex 87.6876 -133.696 -26.4447
    endloop
  endfacet
  facet normal 0.751055 -0.659723 -0.0261071
    outer loop
      vertex 82.1665 -132.218 -26.3857
      vertex 81.8819 -132.479 -27.9777
      vertex 82.1665 -132.155 -27.9777
    endloop
  endfacet
  facet normal 0.75157 -0.659129 -0.0262967
    outer loop
      vertex 81.8819 -132.479 -27.9777
      vertex 82.1665 -132.218 -26.3857
      vertex 81.8819 -132.542 -26.3986
    endloop
  endfacet
  facet normal 0.321688 0.946085 0.03794
    outer loop
      vertex 83.2371 -137.541 -27.9777
      vertex 83.6459 -137.735 -26.6062
      vertex 83.6459 -137.68 -27.9777
    endloop
  endfacet
  facet normal 0.322153 0.945933 0.0377796
    outer loop
      vertex 83.6459 -137.735 -26.6062
      vertex 83.2371 -137.541 -27.9777
      vertex 83.2371 -137.596 -26.6006
    endloop
  endfacet
  facet normal 0.194746 -0.980071 -0.0391739
    outer loop
      vertex 83.6459 -131.3 -27.9777
      vertex 84.0693 -131.281 -26.3482
      vertex 83.6459 -131.365 -26.3515
    endloop
  endfacet
  facet normal 0.196674 -0.979666 -0.0396796
    outer loop
      vertex 84.0693 -131.281 -26.3482
      vertex 83.6459 -131.3 -27.9777
      vertex 84.0693 -131.215 -27.9777
    endloop
  endfacet
  facet normal 0 0.039968 -0.999201
    outer loop
      vertex 86.2 -134.55 -26.4789
      vertex 87.8 -134.55 -26.4789
      vertex 87.7718 -134.98 -26.4961
    endloop
  endfacet
  facet normal -3.06173e-05 0.039927 -0.999203
    outer loop
      vertex 86.1855 -134.771 -26.4877
      vertex 87.7718 -134.98 -26.4961
      vertex 87.6876 -135.403 -26.513
    endloop
  endfacet
  facet normal 0 0.0401069 -0.999195
    outer loop
      vertex 87.8 -134.55 -26.4789
      vertex 86.2 -134.55 -26.4789
      vertex 87.7718 -134.119 -26.4616
    endloop
  endfacet
  facet normal -5.96997e-05 0.0398419 -0.999206
    outer loop
      vertex 86.1421 -134.989 -26.4964
      vertex 87.6876 -135.403 -26.513
      vertex 87.5488 -135.812 -26.5293
    endloop
  endfacet
  facet normal 1.32218e-05 0.0400588 -0.999197
    outer loop
      vertex 86.1855 -134.328 -26.47
      vertex 87.7718 -134.119 -26.4616
      vertex 86.2 -134.55 -26.4789
    endloop
  endfacet
  facet normal 4.2153e-05 0.0401023 -0.999196
    outer loop
      vertex 86.0706 -135.2 -26.5048
      vertex 87.5488 -135.812 -26.5293
      vertex 87.3579 -136.198 -26.5448
    endloop
  endfacet
  facet normal 3.06173e-05 0.039927 -0.999203
    outer loop
      vertex 87.7718 -134.119 -26.4616
      vertex 86.1855 -134.328 -26.47
      vertex 87.6876 -133.696 -26.4447
    endloop
  endfacet
  facet normal -9.03403e-05 0.0398616 -0.999205
    outer loop
      vertex 85.9722 -135.399 -26.5128
      vertex 87.3579 -136.198 -26.5448
      vertex 87.1181 -136.557 -26.5591
    endloop
  endfacet
  facet normal 4.78645e-05 0.039886 -0.999204
    outer loop
      vertex 86.1421 -134.11 -26.4613
      vertex 87.6876 -133.696 -26.4447
      vertex 86.1855 -134.328 -26.47
    endloop
  endfacet
  facet normal 6.59162e-05 0.0400334 -0.999198
    outer loop
      vertex 85.8487 -135.584 -26.5202
      vertex 87.1181 -136.557 -26.5591
      vertex 86.8335 -136.881 -26.5721
    endloop
  endfacet
  facet normal 3.57259e-05 0.0399313 -0.999202
    outer loop
      vertex 87.6876 -133.696 -26.4447
      vertex 86.1421 -134.11 -26.4613
      vertex 87.5488 -133.288 -26.4284
    endloop
  endfacet
  facet normal -0.000163817 0.0398043 -0.999207
    outer loop
      vertex 85.7021 -135.751 -26.5269
      vertex 86.8335 -136.881 -26.5721
      vertex 86.5089 -137.166 -26.5834
    endloop
  endfacet
  facet normal 1.18489e-05 0.0399721 -0.999201
    outer loop
      vertex 86.0706 -133.9 -26.4529
      vertex 87.5488 -133.288 -26.4284
      vertex 86.1421 -134.11 -26.4613
    endloop
  endfacet
  facet normal 8.22406e-05 0.0398023 -0.999208
    outer loop
      vertex 87.5488 -133.288 -26.4284
      vertex 86.0706 -133.9 -26.4529
      vertex 87.3579 -132.901 -26.413
    endloop
  endfacet
  facet normal -4.86036e-05 0.0397907 -0.999208
    outer loop
      vertex 87.7718 -134.98 -26.4961
      vertex 86.1855 -134.771 -26.4877
      vertex 86.2 -134.55 -26.4789
    endloop
  endfacet
  facet normal 9.45148e-05 0.0399933 -0.9992
    outer loop
      vertex 85.5349 -135.897 -26.5327
      vertex 86.5089 -137.166 -26.5834
      vertex 86.15 -137.405 -26.593
    endloop
  endfacet
  facet normal -4.78645e-05 0.039886 -0.999204
    outer loop
      vertex 87.6876 -135.403 -26.513
      vertex 86.1421 -134.989 -26.4964
      vertex 86.1855 -134.771 -26.4877
    endloop
  endfacet
  facet normal -8.06315e-05 0.0398062 -0.999207
    outer loop
      vertex 87.5488 -135.812 -26.5293
      vertex 86.0706 -135.2 -26.5048
      vertex 86.1421 -134.989 -26.4964
    endloop
  endfacet
  facet normal 6.76701e-05 0.0401352 -0.999194
    outer loop
      vertex 87.3579 -136.198 -26.5448
      vertex 85.9722 -135.399 -26.5128
      vertex 86.0706 -135.2 -26.5048
    endloop
  endfacet
  facet normal 1.04141e-05 0.0399611 -0.999201
    outer loop
      vertex 87.1181 -136.557 -26.5591
      vertex 85.8487 -135.584 -26.5202
      vertex 85.9722 -135.399 -26.5128
    endloop
  endfacet
  facet normal -6.37068e-05 0.039888 -0.999204
    outer loop
      vertex 85.35 -136.021 -26.5377
      vertex 86.15 -137.405 -26.593
      vertex 85.7629 -137.596 -26.6006
    endloop
  endfacet
  facet normal 6.36824e-05 0.0400317 -0.999198
    outer loop
      vertex 86.8335 -136.881 -26.5721
      vertex 85.7021 -135.751 -26.5269
      vertex 85.8487 -135.584 -26.5202
    endloop
  endfacet
  facet normal -0.000118423 0.0398301 -0.999206
    outer loop
      vertex 86.5089 -137.166 -26.5834
      vertex 85.5349 -135.897 -26.5327
      vertex 85.7021 -135.751 -26.5269
    endloop
  endfacet
  facet normal 0.000101819 0.0399561 -0.999201
    outer loop
      vertex 85.1506 -136.119 -26.5416
      vertex 85.7629 -137.596 -26.6006
      vertex 85.3541 -137.735 -26.6062
    endloop
  endfacet
  facet normal 0.000176709 0.0400268 -0.999199
    outer loop
      vertex 86.15 -137.405 -26.593
      vertex 85.35 -136.021 -26.5377
      vertex 85.5349 -135.897 -26.5327
    endloop
  endfacet
  facet normal -6.11609e-05 0.0398887 -0.999204
    outer loop
      vertex 85.7629 -137.596 -26.6006
      vertex 85.1506 -136.119 -26.5416
      vertex 85.35 -136.021 -26.5377
    endloop
  endfacet
  facet normal -0.000355791 0.0398986 -0.999204
    outer loop
      vertex 85.3541 -137.735 -26.6062
      vertex 84.94 -136.191 -26.5444
      vertex 85.1506 -136.119 -26.5416
    endloop
  endfacet
  facet normal -0.000139319 0.0399566 -0.999201
    outer loop
      vertex 84.9307 -137.819 -26.6095
      vertex 84.94 -136.191 -26.5444
      vertex 85.3541 -137.735 -26.6062
    endloop
  endfacet
  facet normal 0.000369347 0.0399537 -0.999201
    outer loop
      vertex 84.9307 -137.819 -26.6095
      vertex 84.7219 -136.234 -26.5462
      vertex 84.94 -136.191 -26.5444
    endloop
  endfacet
  facet normal 0.000188084 0.0399298 -0.999202
    outer loop
      vertex 84.5 -137.847 -26.6107
      vertex 84.7219 -136.234 -26.5462
      vertex 84.9307 -137.819 -26.6095
    endloop
  endfacet
  facet normal 0.000182483 0.0399306 -0.999202
    outer loop
      vertex 84.5 -137.847 -26.6107
      vertex 84.5 -136.248 -26.5468
      vertex 84.7219 -136.234 -26.5462
    endloop
  endfacet
  facet normal -0.000182483 0.0399306 -0.999202
    outer loop
      vertex 84.5 -137.847 -26.6107
      vertex 84.2781 -136.234 -26.5462
      vertex 84.5 -136.248 -26.5468
    endloop
  endfacet
  facet normal -0.000188084 0.0399298 -0.999202
    outer loop
      vertex 84.0693 -137.819 -26.6095
      vertex 84.2781 -136.234 -26.5462
      vertex 84.5 -137.847 -26.6107
    endloop
  endfacet
  facet normal -0.000369347 0.0399537 -0.999201
    outer loop
      vertex 84.0693 -137.819 -26.6095
      vertex 84.06 -136.191 -26.5444
      vertex 84.2781 -136.234 -26.5462
    endloop
  endfacet
  facet normal 0.000139319 0.0399566 -0.999201
    outer loop
      vertex 83.6459 -137.735 -26.6062
      vertex 84.06 -136.191 -26.5444
      vertex 84.0693 -137.819 -26.6095
    endloop
  endfacet
  facet normal 0.000355791 0.0398986 -0.999204
    outer loop
      vertex 84.06 -136.191 -26.5444
      vertex 83.6459 -137.735 -26.6062
      vertex 83.8494 -136.119 -26.5416
    endloop
  endfacet
  facet normal -0.000101819 0.0399561 -0.999201
    outer loop
      vertex 83.2371 -137.596 -26.6006
      vertex 83.8494 -136.119 -26.5416
      vertex 83.6459 -137.735 -26.6062
    endloop
  endfacet
  facet normal 6.11609e-05 0.0398887 -0.999204
    outer loop
      vertex 83.8494 -136.119 -26.5416
      vertex 83.2371 -137.596 -26.6006
      vertex 83.65 -136.021 -26.5377
    endloop
  endfacet
  facet normal 6.37068e-05 0.039888 -0.999204
    outer loop
      vertex 82.85 -137.405 -26.593
      vertex 83.65 -136.021 -26.5377
      vertex 83.2371 -137.596 -26.6006
    endloop
  endfacet
  facet normal -0.000176709 0.0400268 -0.999199
    outer loop
      vertex 83.65 -136.021 -26.5377
      vertex 82.85 -137.405 -26.593
      vertex 83.4651 -135.897 -26.5327
    endloop
  endfacet
  facet normal -9.45148e-05 0.0399933 -0.9992
    outer loop
      vertex 82.4911 -137.166 -26.5834
      vertex 83.4651 -135.897 -26.5327
      vertex 82.85 -137.405 -26.593
    endloop
  endfacet
  facet normal 0.000118423 0.0398301 -0.999206
    outer loop
      vertex 83.4651 -135.897 -26.5327
      vertex 82.4911 -137.166 -26.5834
      vertex 83.2979 -135.751 -26.5269
    endloop
  endfacet
  facet normal 0.000163817 0.0398043 -0.999207
    outer loop
      vertex 82.1665 -136.881 -26.5721
      vertex 83.2979 -135.751 -26.5269
      vertex 82.4911 -137.166 -26.5834
    endloop
  endfacet
  facet normal -6.36824e-05 0.0400317 -0.999198
    outer loop
      vertex 83.2979 -135.751 -26.5269
      vertex 82.1665 -136.881 -26.5721
      vertex 83.1513 -135.584 -26.5202
    endloop
  endfacet
  facet normal -6.59162e-05 0.0400334 -0.999198
    outer loop
      vertex 81.8819 -136.557 -26.5591
      vertex 83.1513 -135.584 -26.5202
      vertex 82.1665 -136.881 -26.5721
    endloop
  endfacet
  facet normal -1.04141e-05 0.0399611 -0.999201
    outer loop
      vertex 83.1513 -135.584 -26.5202
      vertex 81.8819 -136.557 -26.5591
      vertex 83.0278 -135.399 -26.5128
    endloop
  endfacet
  facet normal 9.03403e-05 0.0398616 -0.999205
    outer loop
      vertex 81.6421 -136.198 -26.5448
      vertex 83.0278 -135.399 -26.5128
      vertex 81.8819 -136.557 -26.5591
    endloop
  endfacet
  facet normal -6.76701e-05 0.0401352 -0.999194
    outer loop
      vertex 83.0278 -135.399 -26.5128
      vertex 81.6421 -136.198 -26.5448
      vertex 82.9294 -135.2 -26.5048
    endloop
  endfacet
  facet normal -3.37035e-05 0.0399515 -0.999202
    outer loop
      vertex 85.9722 -133.7 -26.4449
      vertex 87.3579 -132.901 -26.413
      vertex 86.0706 -133.9 -26.4529
    endloop
  endfacet
  facet normal -7.7579e-05 0.0400275 -0.999199
    outer loop
      vertex 87.3579 -132.901 -26.413
      vertex 85.9722 -133.7 -26.4449
      vertex 87.1181 -132.542 -26.3986
    endloop
  endfacet
  facet normal -0.000141186 0.0400903 -0.999196
    outer loop
      vertex 85.8487 -133.516 -26.4375
      vertex 87.1181 -132.542 -26.3986
      vertex 85.9722 -133.7 -26.4449
    endloop
  endfacet
  facet normal 5.66011e-05 0.0398329 -0.999206
    outer loop
      vertex 87.1181 -132.542 -26.3986
      vertex 85.8487 -133.516 -26.4375
      vertex 86.8335 -132.218 -26.3857
    endloop
  endfacet
  facet normal -0.000129566 0.039974 -0.999201
    outer loop
      vertex 85.7021 -133.349 -26.4308
      vertex 86.8335 -132.218 -26.3857
      vertex 85.8487 -133.516 -26.4375
    endloop
  endfacet
  facet normal -0.000123369 0.0399678 -0.999201
    outer loop
      vertex 86.8335 -132.218 -26.3857
      vertex 85.7021 -133.349 -26.4308
      vertex 86.5089 -131.934 -26.3743
    endloop
  endfacet
  facet normal 0.000277099 0.0397398 -0.99921
    outer loop
      vertex 85.5349 -133.202 -26.425
      vertex 86.5089 -131.934 -26.3743
      vertex 85.7021 -133.349 -26.4308
    endloop
  endfacet
  facet normal -6.96262e-06 0.0399576 -0.999201
    outer loop
      vertex 86.5089 -131.934 -26.3743
      vertex 85.5349 -133.202 -26.425
      vertex 86.15 -131.694 -26.3647
    endloop
  endfacet
  facet normal -0.000346984 0.0400961 -0.999196
    outer loop
      vertex 85.35 -133.079 -26.42
      vertex 86.15 -131.694 -26.3647
      vertex 85.5349 -133.202 -26.425
    endloop
  endfacet
  facet normal 5.26483e-05 0.0398656 -0.999205
    outer loop
      vertex 86.15 -131.694 -26.3647
      vertex 85.35 -133.079 -26.42
      vertex 85.7629 -131.503 -26.3571
    endloop
  endfacet
  facet normal 0.00022706 0.03982 -0.999207
    outer loop
      vertex 85.1506 -132.98 -26.4161
      vertex 85.7629 -131.503 -26.3571
      vertex 85.35 -133.079 -26.42
    endloop
  endfacet
  facet normal -0.00018756 0.0399916 -0.9992
    outer loop
      vertex 85.7629 -131.503 -26.3571
      vertex 85.1506 -132.98 -26.4161
      vertex 85.3541 -131.365 -26.3515
    endloop
  endfacet
  facet normal 0.000182048 0.0399451 -0.999202
    outer loop
      vertex 84.94 -132.909 -26.4133
      vertex 85.3541 -131.365 -26.3515
      vertex 85.1506 -132.98 -26.4161
    endloop
  endfacet
  facet normal 0.000139319 0.0399566 -0.999201
    outer loop
      vertex 84.94 -132.909 -26.4133
      vertex 84.9307 -131.281 -26.3482
      vertex 85.3541 -131.365 -26.3515
    endloop
  endfacet
  facet normal -0.000369347 0.0399537 -0.999201
    outer loop
      vertex 84.7219 -132.866 -26.4115
      vertex 84.9307 -131.281 -26.3482
      vertex 84.94 -132.909 -26.4133
    endloop
  endfacet
  facet normal 0.000442097 0.0398469 -0.999206
    outer loop
      vertex 84.5 -132.851 -26.411
      vertex 84.9307 -131.281 -26.3482
      vertex 84.7219 -132.866 -26.4115
    endloop
  endfacet
  facet normal -9.11148e-05 0.039993 -0.9992
    outer loop
      vertex 84.5 -132.851 -26.411
      vertex 84.5 -131.252 -26.347
      vertex 84.9307 -131.281 -26.3482
    endloop
  endfacet
  facet normal -0.000451983 0.039993 -0.9992
    outer loop
      vertex 84.2781 -132.866 -26.4115
      vertex 84.5 -131.252 -26.347
      vertex 84.5 -132.851 -26.411
    endloop
  endfacet
  facet normal 9.61895e-05 0.0399177 -0.999203
    outer loop
      vertex 84.2781 -132.866 -26.4115
      vertex 84.0693 -131.281 -26.3482
      vertex 84.5 -131.252 -26.347
    endloop
  endfacet
  facet normal 0.000369347 0.0399537 -0.999201
    outer loop
      vertex 84.06 -132.909 -26.4133
      vertex 84.0693 -131.281 -26.3482
      vertex 84.2781 -132.866 -26.4115
    endloop
  endfacet
  facet normal -0.000182048 0.0399451 -0.999202
    outer loop
      vertex 83.6459 -131.365 -26.3515
      vertex 84.06 -132.909 -26.4133
      vertex 83.8494 -132.98 -26.4161
    endloop
  endfacet
  facet normal -0.00022706 0.03982 -0.999207
    outer loop
      vertex 83.2371 -131.503 -26.3571
      vertex 83.8494 -132.98 -26.4161
      vertex 83.65 -133.079 -26.42
    endloop
  endfacet
  facet normal -0.000139319 0.0399566 -0.999201
    outer loop
      vertex 84.06 -132.909 -26.4133
      vertex 83.6459 -131.365 -26.3515
      vertex 84.0693 -131.281 -26.3482
    endloop
  endfacet
  facet normal 0.000346984 0.0400961 -0.999196
    outer loop
      vertex 82.85 -131.694 -26.3647
      vertex 83.65 -133.079 -26.42
      vertex 83.4651 -133.202 -26.425
    endloop
  endfacet
  facet normal -0.000277099 0.0397398 -0.99921
    outer loop
      vertex 82.4911 -131.934 -26.3743
      vertex 83.4651 -133.202 -26.425
      vertex 83.2979 -133.349 -26.4308
    endloop
  endfacet
  facet normal 0.00018756 0.0399916 -0.9992
    outer loop
      vertex 83.8494 -132.98 -26.4161
      vertex 83.2371 -131.503 -26.3571
      vertex 83.6459 -131.365 -26.3515
    endloop
  endfacet
  facet normal 0.000129566 0.039974 -0.999201
    outer loop
      vertex 82.1665 -132.218 -26.3857
      vertex 83.2979 -133.349 -26.4308
      vertex 83.1513 -133.516 -26.4375
    endloop
  endfacet
  facet normal 0.000141186 0.0400903 -0.999196
    outer loop
      vertex 81.8819 -132.542 -26.3986
      vertex 83.1513 -133.516 -26.4375
      vertex 83.0278 -133.7 -26.4449
    endloop
  endfacet
  facet normal 3.37035e-05 0.0399515 -0.999202
    outer loop
      vertex 81.6421 -132.901 -26.413
      vertex 83.0278 -133.7 -26.4449
      vertex 82.9294 -133.9 -26.4529
    endloop
  endfacet
  facet normal -1.18489e-05 0.0399721 -0.999201
    outer loop
      vertex 81.4512 -133.288 -26.4284
      vertex 82.9294 -133.9 -26.4529
      vertex 82.8579 -134.11 -26.4613
    endloop
  endfacet
  facet normal -5.26483e-05 0.0398656 -0.999205
    outer loop
      vertex 83.65 -133.079 -26.42
      vertex 82.85 -131.694 -26.3647
      vertex 83.2371 -131.503 -26.3571
    endloop
  endfacet
  facet normal -4.78645e-05 0.039886 -0.999204
    outer loop
      vertex 81.3124 -133.696 -26.4447
      vertex 82.8579 -134.11 -26.4613
      vertex 82.8145 -134.328 -26.47
    endloop
  endfacet
  facet normal -1.32218e-05 0.0400588 -0.999197
    outer loop
      vertex 81.2282 -134.119 -26.4616
      vertex 82.8145 -134.328 -26.47
      vertex 82.8 -134.55 -26.4789
    endloop
  endfacet
  facet normal -4.2153e-05 0.0401023 -0.999196
    outer loop
      vertex 81.4512 -135.812 -26.5293
      vertex 82.9294 -135.2 -26.5048
      vertex 81.6421 -136.198 -26.5448
    endloop
  endfacet
  facet normal 6.96262e-06 0.0399576 -0.999201
    outer loop
      vertex 83.4651 -133.202 -26.425
      vertex 82.4911 -131.934 -26.3743
      vertex 82.85 -131.694 -26.3647
    endloop
  endfacet
  facet normal 8.06315e-05 0.0398062 -0.999207
    outer loop
      vertex 82.9294 -135.2 -26.5048
      vertex 81.4512 -135.812 -26.5293
      vertex 82.8579 -134.989 -26.4964
    endloop
  endfacet
  facet normal 0.000123369 0.0399678 -0.999201
    outer loop
      vertex 83.2979 -133.349 -26.4308
      vertex 82.1665 -132.218 -26.3857
      vertex 82.4911 -131.934 -26.3743
    endloop
  endfacet
  facet normal 5.96997e-05 0.0398419 -0.999206
    outer loop
      vertex 81.3124 -135.403 -26.513
      vertex 82.8579 -134.989 -26.4964
      vertex 81.4512 -135.812 -26.5293
    endloop
  endfacet
  facet normal -5.66011e-05 0.0398329 -0.999206
    outer loop
      vertex 83.1513 -133.516 -26.4375
      vertex 81.8819 -132.542 -26.3986
      vertex 82.1665 -132.218 -26.3857
    endloop
  endfacet
  facet normal 4.78645e-05 0.039886 -0.999204
    outer loop
      vertex 82.8579 -134.989 -26.4964
      vertex 81.3124 -135.403 -26.513
      vertex 82.8145 -134.771 -26.4877
    endloop
  endfacet
  facet normal 7.7579e-05 0.0400275 -0.999199
    outer loop
      vertex 83.0278 -133.7 -26.4449
      vertex 81.6421 -132.901 -26.413
      vertex 81.8819 -132.542 -26.3986
    endloop
  endfacet
  facet normal 3.06173e-05 0.039927 -0.999203
    outer loop
      vertex 81.2282 -134.98 -26.4961
      vertex 82.8145 -134.771 -26.4877
      vertex 81.3124 -135.403 -26.513
    endloop
  endfacet
  facet normal -8.22406e-05 0.0398023 -0.999208
    outer loop
      vertex 82.9294 -133.9 -26.4529
      vertex 81.4512 -133.288 -26.4284
      vertex 81.6421 -132.901 -26.413
    endloop
  endfacet
  facet normal 4.86036e-05 0.0397907 -0.999208
    outer loop
      vertex 82.8145 -134.771 -26.4877
      vertex 81.2282 -134.98 -26.4961
      vertex 82.8 -134.55 -26.4789
    endloop
  endfacet
  facet normal -3.57259e-05 0.0399313 -0.999202
    outer loop
      vertex 82.8579 -134.11 -26.4613
      vertex 81.3124 -133.696 -26.4447
      vertex 81.4512 -133.288 -26.4284
    endloop
  endfacet
  facet normal 0 0.039968 -0.999201
    outer loop
      vertex 81.2 -134.55 -26.4789
      vertex 82.8 -134.55 -26.4789
      vertex 81.2282 -134.98 -26.4961
    endloop
  endfacet
  facet normal -3.06173e-05 0.039927 -0.999203
    outer loop
      vertex 82.8145 -134.328 -26.47
      vertex 81.2282 -134.119 -26.4616
      vertex 81.3124 -133.696 -26.4447
    endloop
  endfacet
  facet normal 0 0.0401069 -0.999195
    outer loop
      vertex 82.8 -134.55 -26.4789
      vertex 81.2 -134.55 -26.4789
      vertex 81.2282 -134.119 -26.4616
    endloop
  endfacet
  facet normal -0.752055 0.658569 0.0264616
    outer loop
      vertex 86.8335 -136.825 -27.9777
      vertex 87.1181 -136.557 -26.5591
      vertex 87.1181 -136.5 -27.9777
    endloop
  endfacet
  facet normal -0.751574 0.659126 0.02626
    outer loop
      vertex 87.1181 -136.557 -26.5591
      vertex 86.8335 -136.825 -27.9777
      vertex 86.8335 -136.881 -26.5721
    endloop
  endfacet
  facet normal 0.442202 -0.896211 -0.0355595
    outer loop
      vertex 83.2371 -131.439 -27.9777
      vertex 82.85 -131.694 -26.3647
      vertex 82.85 -131.63 -27.9777
    endloop
  endfacet
  facet normal 0.442763 -0.89594 -0.0353821
    outer loop
      vertex 82.85 -131.694 -26.3647
      vertex 83.2371 -131.439 -27.9777
      vertex 83.2371 -131.503 -26.3571
    endloop
  endfacet
  facet normal -0.194745 -0.98005 -0.0396952
    outer loop
      vertex 84.9307 -131.215 -27.9777
      vertex 85.3541 -131.365 -26.3515
      vertex 84.9307 -131.281 -26.3482
    endloop
  endfacet
  facet normal -0.196678 -0.979686 -0.0391585
    outer loop
      vertex 85.3541 -131.365 -26.3515
      vertex 84.9307 -131.215 -27.9777
      vertex 85.3541 -131.3 -27.9777
    endloop
  endfacet
  facet normal 0.321695 -0.946106 -0.0373632
    outer loop
      vertex 83.6459 -131.3 -27.9777
      vertex 83.2371 -131.503 -26.3571
      vertex 83.2371 -131.439 -27.9777
    endloop
  endfacet
  facet normal 0.320077 -0.946636 -0.0378375
    outer loop
      vertex 83.2371 -131.503 -26.3571
      vertex 83.6459 -131.3 -27.9777
      vertex 83.6459 -131.365 -26.3515
    endloop
  endfacet
  facet normal -0.658772 -0.751744 -0.030006
    outer loop
      vertex 86.5089 -131.87 -27.9777
      vertex 86.8335 -132.218 -26.3857
      vertex 86.5089 -131.934 -26.3743
    endloop
  endfacet
  facet normal -0.659491 -0.751125 -0.0297242
    outer loop
      vertex 86.8335 -132.218 -26.3857
      vertex 86.5089 -131.87 -27.9777
      vertex 86.8335 -132.155 -27.9777
    endloop
  endfacet
  facet normal 0.55557 -0.830808 -0.0331619
    outer loop
      vertex 82.85 -131.63 -27.9777
      vertex 82.4911 -131.934 -26.3743
      vertex 82.4911 -131.87 -27.9777
    endloop
  endfacet
  facet normal 0.556183 -0.830407 -0.0329486
    outer loop
      vertex 82.4911 -131.934 -26.3743
      vertex 82.85 -131.63 -27.9777
      vertex 82.85 -131.694 -26.3647
    endloop
  endfacet
  facet normal 0.946878 -0.321337 -0.0128593
    outer loop
      vertex 81.4512 -133.288 -26.4284
      vertex 81.3124 -133.635 -27.9777
      vertex 81.4512 -133.226 -27.9777
    endloop
  endfacet
  facet normal 0.946794 -0.321585 -0.0127963
    outer loop
      vertex 81.3124 -133.635 -27.9777
      vertex 81.4512 -133.288 -26.4284
      vertex 81.3124 -133.696 -26.4447
    endloop
  endfacet
  facet normal -0.556183 -0.830407 -0.0329486
    outer loop
      vertex 86.15 -131.63 -27.9777
      vertex 86.5089 -131.934 -26.3743
      vertex 86.15 -131.694 -26.3647
    endloop
  endfacet
  facet normal -0.55557 -0.830808 -0.0331619
    outer loop
      vertex 86.5089 -131.934 -26.3743
      vertex 86.15 -131.63 -27.9777
      vertex 86.5089 -131.87 -27.9777
    endloop
  endfacet
  facet normal 0.980817 0.194775 0.00775631
    outer loop
      vertex 81.2282 -134.98 -26.4961
      vertex 81.3124 -135.345 -27.9777
      vertex 81.2282 -134.921 -27.9777
    endloop
  endfacet
  facet normal 0.980788 0.194922 0.00771862
    outer loop
      vertex 81.3124 -135.345 -27.9777
      vertex 81.2282 -134.98 -26.4961
      vertex 81.3124 -135.403 -26.513
    endloop
  endfacet
  facet normal 0.659482 0.751115 0.0301674
    outer loop
      vertex 82.1665 -136.825 -27.9777
      vertex 82.4911 -137.166 -26.5834
      vertex 82.4911 -137.11 -27.9777
    endloop
  endfacet
  facet normal 0.660075 0.750605 0.0299046
    outer loop
      vertex 82.4911 -137.166 -26.5834
      vertex 82.1665 -136.825 -27.9777
      vertex 82.1665 -136.881 -26.5721
    endloop
  endfacet
  facet normal 0.980817 -0.194775 -0.00775036
    outer loop
      vertex 81.3124 -133.696 -26.4447
      vertex 81.2282 -134.059 -27.9777
      vertex 81.3124 -133.635 -27.9777
    endloop
  endfacet
  facet normal 0.980788 -0.194922 -0.00771408
    outer loop
      vertex 81.2282 -134.059 -27.9777
      vertex 81.3124 -133.696 -26.4447
      vertex 81.2282 -134.119 -26.4616
    endloop
  endfacet
  facet normal -0.0649326 0.997084 0.0400816
    outer loop
      vertex 84.9307 -137.764 -27.9777
      vertex 84.5 -137.847 -26.6107
      vertex 84.9307 -137.819 -26.6095
    endloop
  endfacet
  facet normal -0.0648213 0.99709 0.040117
    outer loop
      vertex 84.5 -137.847 -26.6107
      vertex 84.9307 -137.764 -27.9777
      vertex 84.5 -137.792 -27.9777
    endloop
  endfacet
  facet normal 0.997863 -0.0652894 -0.00258384
    outer loop
      vertex 81.2282 -134.119 -26.4616
      vertex 81.2 -134.49 -27.9777
      vertex 81.2282 -134.059 -27.9777
    endloop
  endfacet
  facet normal 0.99787 -0.0651851 -0.00260949
    outer loop
      vertex 81.2 -134.49 -27.9777
      vertex 81.2282 -134.119 -26.4616
      vertex 81.2 -134.55 -26.4789
    endloop
  endfacet
  facet normal 0.831348 0.555313 0.02209
    outer loop
      vertex 81.6421 -136.198 -26.5448
      vertex 81.8819 -136.5 -27.9777
      vertex 81.6421 -136.141 -27.9777
    endloop
  endfacet
  facet normal 0.831754 0.554696 0.022288
    outer loop
      vertex 81.8819 -136.5 -27.9777
      vertex 81.6421 -136.198 -26.5448
      vertex 81.8819 -136.557 -26.5591
    endloop
  endfacet
  facet normal 0.0649326 0.997083 0.0401167
    outer loop
      vertex 84.5 -137.792 -27.9777
      vertex 84.0693 -137.819 -26.6095
      vertex 84.5 -137.847 -26.6107
    endloop
  endfacet
  facet normal 0.0648214 0.997092 0.0400819
    outer loop
      vertex 84.0693 -137.819 -26.6095
      vertex 84.5 -137.792 -27.9777
      vertex 84.0693 -137.764 -27.9777
    endloop
  endfacet
  facet normal 0.83206 -0.554245 -0.0221122
    outer loop
      vertex 81.8819 -132.542 -26.3986
      vertex 81.6421 -132.839 -27.9777
      vertex 81.8819 -132.479 -27.9777
    endloop
  endfacet
  facet normal 0.831757 -0.554704 -0.0219797
    outer loop
      vertex 81.6421 -132.839 -27.9777
      vertex 81.8819 -132.542 -26.3986
      vertex 81.6421 -132.901 -26.413
    endloop
  endfacet
  facet normal 0.0672373 -0.99692 -0.0403785
    outer loop
      vertex 84.0693 -131.215 -27.9777
      vertex 84.5 -131.252 -26.347
      vertex 84.0693 -131.281 -26.3482
    endloop
  endfacet
  facet normal 0.0648222 -0.997105 -0.0397448
    outer loop
      vertex 84.5 -131.252 -26.347
      vertex 84.0693 -131.215 -27.9777
      vertex 84.5 -131.187 -27.9777
    endloop
  endfacet
  facet normal 0 0.999202 0.0399443
    outer loop
      vertex 99.1 -39.8682 -1.59366
      vertex 96.1 -38.9333 -24.9801
      vertex 96.1 -39.8682 -1.59366
    endloop
  endfacet
  facet normal 0 0.999202 0.0399334
    outer loop
      vertex 96.1 -38.9333 -24.9801
      vertex 99.1 -38.8135 -27.9777
      vertex -96.1 -38.9333 -24.9801
    endloop
  endfacet
  facet normal 9.60329e-06 0.999202 0.039943
    outer loop
      vertex 99.1 -38.8135 -27.9777
      vertex 96.1 -38.9333 -24.9801
      vertex 99.1 -39.8682 -1.59366
    endloop
  endfacet
  facet normal 0 0.999202 0.0399443
    outer loop
      vertex -96.1 -38.9333 -24.9801
      vertex -99.1 -39.8682 -1.59366
      vertex -96.1 -39.8682 -1.59366
    endloop
  endfacet
  facet normal -9.60329e-06 0.999202 0.039943
    outer loop
      vertex -96.1 -38.9333 -24.9801
      vertex -99.1 -38.8135 -27.9777
      vertex -99.1 -39.8682 -1.59366
    endloop
  endfacet
  facet normal -0 0.999202 0.0399334
    outer loop
      vertex -99.1 -38.8135 -27.9777
      vertex -96.1 -38.9333 -24.9801
      vertex 99.1 -38.8135 -27.9777
    endloop
  endfacet
endsolid OpenSCAD_Model
