solid OpenSCAD_Model
  facet normal -0.98077 -0.195165 0
    outer loop
      vertex -54.3145 46.2219 0
      vertex -54.3579 46.44 4
      vertex -54.3579 46.44 0
    endloop
  endfacet
  facet normal -0.98077 -0.195165 0
    outer loop
      vertex -54.3579 46.44 4
      vertex -54.3145 46.2219 0
      vertex -54.3145 46.2219 4
    endloop
  endfacet
  facet normal -0.997872 -0.0652057 0
    outer loop
      vertex -54.3 46 0
      vertex -54.3145 46.2219 4
      vertex -54.3145 46.2219 0
    endloop
  endfacet
  facet normal -0.997872 -0.0652057 0
    outer loop
      vertex -54.3145 46.2219 4
      vertex -54.3 46 0
      vertex -54.3 46 4
    endloop
  endfacet
  facet normal 0.44253 -0.896754 0
    outer loop
      vertex -56.85 47.4722 0
      vertex -56.6506 47.5706 4
      vertex -56.85 47.4722 4
    endloop
  endfacet
  facet normal 0.44253 -0.896754 0
    outer loop
      vertex -56.6506 47.5706 4
      vertex -56.85 47.4722 0
      vertex -56.6506 47.5706 0
    endloop
  endfacet
  facet normal -0.555426 -0.831566 0
    outer loop
      vertex -55.15 47.4722 0
      vertex -54.9651 47.3487 4
      vertex -55.15 47.4722 4
    endloop
  endfacet
  facet normal -0.555426 -0.831566 -0
    outer loop
      vertex -54.9651 47.3487 4
      vertex -55.15 47.4722 0
      vertex -54.9651 47.3487 0
    endloop
  endfacet
  facet normal 0.659268 -0.751908 0
    outer loop
      vertex -57.2021 47.2021 0
      vertex -57.0349 47.3487 4
      vertex -57.2021 47.2021 4
    endloop
  endfacet
  facet normal 0.659268 -0.751908 0
    outer loop
      vertex -57.0349 47.3487 4
      vertex -57.2021 47.2021 0
      vertex -57.0349 47.3487 0
    endloop
  endfacet
  facet normal -0.321484 0.946915 0
    outer loop
      vertex -55.3494 44.4294 0
      vertex -55.56 44.3579 4
      vertex -55.3494 44.4294 4
    endloop
  endfacet
  facet normal -0.321484 0.946915 0
    outer loop
      vertex -55.56 44.3579 4
      vertex -55.3494 44.4294 0
      vertex -55.56 44.3579 0
    endloop
  endfacet
  facet normal -0.831566 0.555426 0
    outer loop
      vertex -54.6513 44.9651 0
      vertex -54.5278 45.15 4
      vertex -54.5278 45.15 0
    endloop
  endfacet
  facet normal -0.831566 0.555426 0
    outer loop
      vertex -54.5278 45.15 4
      vertex -54.6513 44.9651 0
      vertex -54.6513 44.9651 4
    endloop
  endfacet
  facet normal -0.946915 0.321484 0
    outer loop
      vertex -54.4294 45.3494 0
      vertex -54.3579 45.56 4
      vertex -54.3579 45.56 0
    endloop
  endfacet
  facet normal -0.946915 0.321484 0
    outer loop
      vertex -54.3579 45.56 4
      vertex -54.4294 45.3494 0
      vertex -54.4294 45.3494 4
    endloop
  endfacet
  facet normal -0.321484 -0.946915 0
    outer loop
      vertex -55.56 47.6421 0
      vertex -55.3494 47.5706 4
      vertex -55.56 47.6421 4
    endloop
  endfacet
  facet normal -0.321484 -0.946915 -0
    outer loop
      vertex -55.3494 47.5706 4
      vertex -55.56 47.6421 0
      vertex -55.3494 47.5706 0
    endloop
  endfacet
  facet normal -0.195165 -0.98077 0
    outer loop
      vertex -55.7781 47.6855 0
      vertex -55.56 47.6421 4
      vertex -55.7781 47.6855 4
    endloop
  endfacet
  facet normal -0.195165 -0.98077 -0
    outer loop
      vertex -55.56 47.6421 4
      vertex -55.7781 47.6855 0
      vertex -55.56 47.6421 0
    endloop
  endfacet
  facet normal 0.555426 -0.831566 0
    outer loop
      vertex -57.0349 47.3487 0
      vertex -56.85 47.4722 4
      vertex -57.0349 47.3487 4
    endloop
  endfacet
  facet normal 0.555426 -0.831566 0
    outer loop
      vertex -56.85 47.4722 4
      vertex -57.0349 47.3487 0
      vertex -56.85 47.4722 0
    endloop
  endfacet
  facet normal -0.896754 0.44253 0
    outer loop
      vertex -54.5278 45.15 0
      vertex -54.4294 45.3494 4
      vertex -54.4294 45.3494 0
    endloop
  endfacet
  facet normal -0.896754 0.44253 0
    outer loop
      vertex -54.4294 45.3494 4
      vertex -54.5278 45.15 0
      vertex -54.5278 45.15 4
    endloop
  endfacet
  facet normal -0.659268 -0.751908 0
    outer loop
      vertex -54.9651 47.3487 0
      vertex -54.7979 47.2021 4
      vertex -54.9651 47.3487 4
    endloop
  endfacet
  facet normal -0.659268 -0.751908 -0
    outer loop
      vertex -54.7979 47.2021 4
      vertex -54.9651 47.3487 0
      vertex -54.7979 47.2021 0
    endloop
  endfacet
  facet normal -0.555426 0.831566 0
    outer loop
      vertex -54.9651 44.6513 0
      vertex -55.15 44.5278 4
      vertex -54.9651 44.6513 4
    endloop
  endfacet
  facet normal -0.555426 0.831566 0
    outer loop
      vertex -55.15 44.5278 4
      vertex -54.9651 44.6513 0
      vertex -55.15 44.5278 0
    endloop
  endfacet
  facet normal -0.44253 -0.896754 0
    outer loop
      vertex -55.3494 47.5706 0
      vertex -55.15 47.4722 4
      vertex -55.3494 47.5706 4
    endloop
  endfacet
  facet normal -0.44253 -0.896754 -0
    outer loop
      vertex -55.15 47.4722 4
      vertex -55.3494 47.5706 0
      vertex -55.15 47.4722 0
    endloop
  endfacet
  facet normal 0.659268 0.751908 -0
    outer loop
      vertex -57.0349 44.6513 0
      vertex -57.2021 44.7979 4
      vertex -57.0349 44.6513 4
    endloop
  endfacet
  facet normal 0.659268 0.751908 0
    outer loop
      vertex -57.2021 44.7979 4
      vertex -57.0349 44.6513 0
      vertex -57.2021 44.7979 0
    endloop
  endfacet
  facet normal 0.751908 0.659268 0
    outer loop
      vertex -57.2021 44.7979 4
      vertex -57.3487 44.9651 0
      vertex -57.3487 44.9651 4
    endloop
  endfacet
  facet normal 0.751908 0.659268 0
    outer loop
      vertex -57.3487 44.9651 0
      vertex -57.2021 44.7979 4
      vertex -57.2021 44.7979 0
    endloop
  endfacet
  facet normal 0.831566 0.555426 0
    outer loop
      vertex -57.3487 44.9651 4
      vertex -57.4722 45.15 0
      vertex -57.4722 45.15 4
    endloop
  endfacet
  facet normal 0.831566 0.555426 0
    outer loop
      vertex -57.4722 45.15 0
      vertex -57.3487 44.9651 4
      vertex -57.3487 44.9651 0
    endloop
  endfacet
  facet normal -0.831566 -0.555426 0
    outer loop
      vertex -54.5278 46.85 0
      vertex -54.6513 47.0349 4
      vertex -54.6513 47.0349 0
    endloop
  endfacet
  facet normal -0.831566 -0.555426 0
    outer loop
      vertex -54.6513 47.0349 4
      vertex -54.5278 46.85 0
      vertex -54.5278 46.85 4
    endloop
  endfacet
  facet normal -0.195165 0.98077 0
    outer loop
      vertex -55.56 44.3579 0
      vertex -55.7781 44.3145 4
      vertex -55.56 44.3579 4
    endloop
  endfacet
  facet normal -0.195165 0.98077 0
    outer loop
      vertex -55.7781 44.3145 4
      vertex -55.56 44.3579 0
      vertex -55.7781 44.3145 0
    endloop
  endfacet
  facet normal -0.98077 0.195165 0
    outer loop
      vertex -54.3579 45.56 0
      vertex -54.3145 45.7781 4
      vertex -54.3145 45.7781 0
    endloop
  endfacet
  facet normal -0.98077 0.195165 0
    outer loop
      vertex -54.3145 45.7781 4
      vertex -54.3579 45.56 0
      vertex -54.3579 45.56 4
    endloop
  endfacet
  facet normal 0.946915 0.321484 0
    outer loop
      vertex -57.5706 45.3494 4
      vertex -57.6421 45.56 0
      vertex -57.6421 45.56 4
    endloop
  endfacet
  facet normal 0.946915 0.321484 0
    outer loop
      vertex -57.6421 45.56 0
      vertex -57.5706 45.3494 4
      vertex -57.5706 45.3494 0
    endloop
  endfacet
  facet normal -0.44253 0.896754 0
    outer loop
      vertex -55.15 44.5278 0
      vertex -55.3494 44.4294 4
      vertex -55.15 44.5278 4
    endloop
  endfacet
  facet normal -0.44253 0.896754 0
    outer loop
      vertex -55.3494 44.4294 4
      vertex -55.15 44.5278 0
      vertex -55.3494 44.4294 0
    endloop
  endfacet
  facet normal -0.0652057 -0.997872 0
    outer loop
      vertex -56 47.7 0
      vertex -55.7781 47.6855 4
      vertex -56 47.7 4
    endloop
  endfacet
  facet normal -0.0652057 -0.997872 -0
    outer loop
      vertex -55.7781 47.6855 4
      vertex -56 47.7 0
      vertex -55.7781 47.6855 0
    endloop
  endfacet
  facet normal 0.321484 -0.946915 0
    outer loop
      vertex -56.6506 47.5706 0
      vertex -56.44 47.6421 4
      vertex -56.6506 47.5706 4
    endloop
  endfacet
  facet normal 0.321484 -0.946915 0
    outer loop
      vertex -56.44 47.6421 4
      vertex -56.6506 47.5706 0
      vertex -56.44 47.6421 0
    endloop
  endfacet
  facet normal 0.195165 -0.98077 0
    outer loop
      vertex -56.44 47.6421 0
      vertex -56.2219 47.6855 4
      vertex -56.44 47.6421 4
    endloop
  endfacet
  facet normal 0.195165 -0.98077 0
    outer loop
      vertex -56.2219 47.6855 4
      vertex -56.44 47.6421 0
      vertex -56.2219 47.6855 0
    endloop
  endfacet
  facet normal -0.896754 -0.44253 0
    outer loop
      vertex -54.4294 46.6506 0
      vertex -54.5278 46.85 4
      vertex -54.5278 46.85 0
    endloop
  endfacet
  facet normal -0.896754 -0.44253 0
    outer loop
      vertex -54.5278 46.85 4
      vertex -54.4294 46.6506 0
      vertex -54.4294 46.6506 4
    endloop
  endfacet
  facet normal -0.997872 0.0652057 0
    outer loop
      vertex -54.3145 45.7781 0
      vertex -54.3 46 4
      vertex -54.3 46 0
    endloop
  endfacet
  facet normal -0.997872 0.0652057 0
    outer loop
      vertex -54.3 46 4
      vertex -54.3145 45.7781 0
      vertex -54.3145 45.7781 4
    endloop
  endfacet
  facet normal -0.0652057 0.997872 0
    outer loop
      vertex -55.7781 44.3145 0
      vertex -56 44.3 4
      vertex -55.7781 44.3145 4
    endloop
  endfacet
  facet normal -0.0652057 0.997872 0
    outer loop
      vertex -56 44.3 4
      vertex -55.7781 44.3145 0
      vertex -56 44.3 0
    endloop
  endfacet
  facet normal -0.751908 -0.659268 0
    outer loop
      vertex -54.6513 47.0349 0
      vertex -54.7979 47.2021 4
      vertex -54.7979 47.2021 0
    endloop
  endfacet
  facet normal -0.751908 -0.659268 0
    outer loop
      vertex -54.7979 47.2021 4
      vertex -54.6513 47.0349 0
      vertex -54.6513 47.0349 4
    endloop
  endfacet
  facet normal 0.997872 0.0652057 0
    outer loop
      vertex -57.6855 45.7781 4
      vertex -57.7 46 0
      vertex -57.7 46 4
    endloop
  endfacet
  facet normal 0.997872 0.0652057 0
    outer loop
      vertex -57.7 46 0
      vertex -57.6855 45.7781 4
      vertex -57.6855 45.7781 0
    endloop
  endfacet
  facet normal -0.751908 0.659268 0
    outer loop
      vertex -54.7979 44.7979 0
      vertex -54.6513 44.9651 4
      vertex -54.6513 44.9651 0
    endloop
  endfacet
  facet normal -0.751908 0.659268 0
    outer loop
      vertex -54.6513 44.9651 4
      vertex -54.7979 44.7979 0
      vertex -54.7979 44.7979 4
    endloop
  endfacet
  facet normal 0.751908 -0.659268 0
    outer loop
      vertex -57.3487 47.0349 4
      vertex -57.2021 47.2021 0
      vertex -57.2021 47.2021 4
    endloop
  endfacet
  facet normal 0.751908 -0.659268 0
    outer loop
      vertex -57.2021 47.2021 0
      vertex -57.3487 47.0349 4
      vertex -57.3487 47.0349 0
    endloop
  endfacet
  facet normal 0.831566 -0.555426 0
    outer loop
      vertex -57.4722 46.85 4
      vertex -57.3487 47.0349 0
      vertex -57.3487 47.0349 4
    endloop
  endfacet
  facet normal 0.831566 -0.555426 0
    outer loop
      vertex -57.3487 47.0349 0
      vertex -57.4722 46.85 4
      vertex -57.4722 46.85 0
    endloop
  endfacet
  facet normal 0.0652057 -0.997872 0
    outer loop
      vertex -56.2219 47.6855 0
      vertex -56 47.7 4
      vertex -56.2219 47.6855 4
    endloop
  endfacet
  facet normal 0.0652057 -0.997872 0
    outer loop
      vertex -56 47.7 4
      vertex -56.2219 47.6855 0
      vertex -56 47.7 0
    endloop
  endfacet
  facet normal 0.98077 0.195165 0
    outer loop
      vertex -57.6421 45.56 4
      vertex -57.6855 45.7781 0
      vertex -57.6855 45.7781 4
    endloop
  endfacet
  facet normal 0.98077 0.195165 0
    outer loop
      vertex -57.6855 45.7781 0
      vertex -57.6421 45.56 4
      vertex -57.6421 45.56 0
    endloop
  endfacet
  facet normal 0.321484 0.946915 -0
    outer loop
      vertex -56.44 44.3579 0
      vertex -56.6506 44.4294 4
      vertex -56.44 44.3579 4
    endloop
  endfacet
  facet normal 0.321484 0.946915 0
    outer loop
      vertex -56.6506 44.4294 4
      vertex -56.44 44.3579 0
      vertex -56.6506 44.4294 0
    endloop
  endfacet
  facet normal -0.946915 -0.321484 0
    outer loop
      vertex -54.3579 46.44 0
      vertex -54.4294 46.6506 4
      vertex -54.4294 46.6506 0
    endloop
  endfacet
  facet normal -0.946915 -0.321484 0
    outer loop
      vertex -54.4294 46.6506 4
      vertex -54.3579 46.44 0
      vertex -54.3579 46.44 4
    endloop
  endfacet
  facet normal 0.44253 0.896754 -0
    outer loop
      vertex -56.6506 44.4294 0
      vertex -56.85 44.5278 4
      vertex -56.6506 44.4294 4
    endloop
  endfacet
  facet normal 0.44253 0.896754 0
    outer loop
      vertex -56.85 44.5278 4
      vertex -56.6506 44.4294 0
      vertex -56.85 44.5278 0
    endloop
  endfacet
  facet normal 0.555426 0.831566 -0
    outer loop
      vertex -56.85 44.5278 0
      vertex -57.0349 44.6513 4
      vertex -56.85 44.5278 4
    endloop
  endfacet
  facet normal 0.555426 0.831566 0
    outer loop
      vertex -57.0349 44.6513 4
      vertex -56.85 44.5278 0
      vertex -57.0349 44.6513 0
    endloop
  endfacet
  facet normal 0.0652057 0.997872 -0
    outer loop
      vertex -56 44.3 0
      vertex -56.2219 44.3145 4
      vertex -56 44.3 4
    endloop
  endfacet
  facet normal 0.0652057 0.997872 0
    outer loop
      vertex -56.2219 44.3145 4
      vertex -56 44.3 0
      vertex -56.2219 44.3145 0
    endloop
  endfacet
  facet normal 0.195165 0.98077 -0
    outer loop
      vertex -56.2219 44.3145 0
      vertex -56.44 44.3579 4
      vertex -56.2219 44.3145 4
    endloop
  endfacet
  facet normal 0.195165 0.98077 0
    outer loop
      vertex -56.44 44.3579 4
      vertex -56.2219 44.3145 0
      vertex -56.44 44.3579 0
    endloop
  endfacet
  facet normal 0.896754 -0.44253 0
    outer loop
      vertex -57.5706 46.6506 4
      vertex -57.4722 46.85 0
      vertex -57.4722 46.85 4
    endloop
  endfacet
  facet normal 0.896754 -0.44253 0
    outer loop
      vertex -57.4722 46.85 0
      vertex -57.5706 46.6506 4
      vertex -57.5706 46.6506 0
    endloop
  endfacet
  facet normal 0.896754 0.44253 0
    outer loop
      vertex -57.4722 45.15 4
      vertex -57.5706 45.3494 0
      vertex -57.5706 45.3494 4
    endloop
  endfacet
  facet normal 0.896754 0.44253 0
    outer loop
      vertex -57.5706 45.3494 0
      vertex -57.4722 45.15 4
      vertex -57.4722 45.15 0
    endloop
  endfacet
  facet normal 0.997872 -0.0652057 0
    outer loop
      vertex -57.7 46 4
      vertex -57.6855 46.2219 0
      vertex -57.6855 46.2219 4
    endloop
  endfacet
  facet normal 0.997872 -0.0652057 0
    outer loop
      vertex -57.6855 46.2219 0
      vertex -57.7 46 4
      vertex -57.7 46 0
    endloop
  endfacet
  facet normal 0.98077 -0.195165 0
    outer loop
      vertex -57.6855 46.2219 4
      vertex -57.6421 46.44 0
      vertex -57.6421 46.44 4
    endloop
  endfacet
  facet normal 0.98077 -0.195165 0
    outer loop
      vertex -57.6421 46.44 0
      vertex -57.6855 46.2219 4
      vertex -57.6855 46.2219 0
    endloop
  endfacet
  facet normal 0.946915 -0.321484 0
    outer loop
      vertex -57.6421 46.44 4
      vertex -57.5706 46.6506 0
      vertex -57.5706 46.6506 4
    endloop
  endfacet
  facet normal 0.946915 -0.321484 0
    outer loop
      vertex -57.5706 46.6506 0
      vertex -57.6421 46.44 4
      vertex -57.6421 46.44 0
    endloop
  endfacet
  facet normal -0.659268 0.751908 0
    outer loop
      vertex -54.7979 44.7979 0
      vertex -54.9651 44.6513 4
      vertex -54.7979 44.7979 4
    endloop
  endfacet
  facet normal -0.659268 0.751908 0
    outer loop
      vertex -54.9651 44.6513 4
      vertex -54.7979 44.7979 0
      vertex -54.9651 44.6513 0
    endloop
  endfacet
  facet normal -0.98077 -0.195165 0
    outer loop
      vertex -54.3145 -45.7781 0
      vertex -54.3579 -45.56 4
      vertex -54.3579 -45.56 0
    endloop
  endfacet
  facet normal -0.98077 -0.195165 0
    outer loop
      vertex -54.3579 -45.56 4
      vertex -54.3145 -45.7781 0
      vertex -54.3145 -45.7781 4
    endloop
  endfacet
  facet normal -0.997872 -0.0652057 0
    outer loop
      vertex -54.3 -46 0
      vertex -54.3145 -45.7781 4
      vertex -54.3145 -45.7781 0
    endloop
  endfacet
  facet normal -0.997872 -0.0652057 0
    outer loop
      vertex -54.3145 -45.7781 4
      vertex -54.3 -46 0
      vertex -54.3 -46 4
    endloop
  endfacet
  facet normal -0.0652057 0.997872 0
    outer loop
      vertex -55.7781 -47.6855 0
      vertex -56 -47.7 4
      vertex -55.7781 -47.6855 4
    endloop
  endfacet
  facet normal -0.0652057 0.997872 0
    outer loop
      vertex -56 -47.7 4
      vertex -55.7781 -47.6855 0
      vertex -56 -47.7 0
    endloop
  endfacet
  facet normal 0.659268 -0.751908 0
    outer loop
      vertex -57.2021 -44.7979 0
      vertex -57.0349 -44.6513 4
      vertex -57.2021 -44.7979 4
    endloop
  endfacet
  facet normal 0.659268 -0.751908 0
    outer loop
      vertex -57.0349 -44.6513 4
      vertex -57.2021 -44.7979 0
      vertex -57.0349 -44.6513 0
    endloop
  endfacet
  facet normal 0.831566 0.555426 0
    outer loop
      vertex -57.3487 -47.0349 4
      vertex -57.4722 -46.85 0
      vertex -57.4722 -46.85 4
    endloop
  endfacet
  facet normal 0.831566 0.555426 0
    outer loop
      vertex -57.4722 -46.85 0
      vertex -57.3487 -47.0349 4
      vertex -57.3487 -47.0349 0
    endloop
  endfacet
  facet normal 0.195165 0.98077 -0
    outer loop
      vertex -56.2219 -47.6855 0
      vertex -56.44 -47.6421 4
      vertex -56.2219 -47.6855 4
    endloop
  endfacet
  facet normal 0.195165 0.98077 0
    outer loop
      vertex -56.44 -47.6421 4
      vertex -56.2219 -47.6855 0
      vertex -56.44 -47.6421 0
    endloop
  endfacet
  facet normal -0.659268 -0.751908 0
    outer loop
      vertex -54.9651 -44.6513 0
      vertex -54.7979 -44.7979 4
      vertex -54.9651 -44.6513 4
    endloop
  endfacet
  facet normal -0.659268 -0.751908 -0
    outer loop
      vertex -54.7979 -44.7979 4
      vertex -54.9651 -44.6513 0
      vertex -54.7979 -44.7979 0
    endloop
  endfacet
  facet normal -0.946915 0.321484 0
    outer loop
      vertex -54.4294 -46.6506 0
      vertex -54.3579 -46.44 4
      vertex -54.3579 -46.44 0
    endloop
  endfacet
  facet normal -0.946915 0.321484 0
    outer loop
      vertex -54.3579 -46.44 4
      vertex -54.4294 -46.6506 0
      vertex -54.4294 -46.6506 4
    endloop
  endfacet
  facet normal -0.751908 0.659268 0
    outer loop
      vertex -54.7979 -47.2021 0
      vertex -54.6513 -47.0349 4
      vertex -54.6513 -47.0349 0
    endloop
  endfacet
  facet normal -0.751908 0.659268 0
    outer loop
      vertex -54.6513 -47.0349 4
      vertex -54.7979 -47.2021 0
      vertex -54.7979 -47.2021 4
    endloop
  endfacet
  facet normal -0.751908 -0.659268 0
    outer loop
      vertex -54.6513 -44.9651 0
      vertex -54.7979 -44.7979 4
      vertex -54.7979 -44.7979 0
    endloop
  endfacet
  facet normal -0.751908 -0.659268 0
    outer loop
      vertex -54.7979 -44.7979 4
      vertex -54.6513 -44.9651 0
      vertex -54.6513 -44.9651 4
    endloop
  endfacet
  facet normal 0.946915 0.321484 0
    outer loop
      vertex -57.5706 -46.6506 4
      vertex -57.6421 -46.44 0
      vertex -57.6421 -46.44 4
    endloop
  endfacet
  facet normal 0.946915 0.321484 0
    outer loop
      vertex -57.6421 -46.44 0
      vertex -57.5706 -46.6506 4
      vertex -57.5706 -46.6506 0
    endloop
  endfacet
  facet normal -0.321484 0.946915 0
    outer loop
      vertex -55.3494 -47.5706 0
      vertex -55.56 -47.6421 4
      vertex -55.3494 -47.5706 4
    endloop
  endfacet
  facet normal -0.321484 0.946915 0
    outer loop
      vertex -55.56 -47.6421 4
      vertex -55.3494 -47.5706 0
      vertex -55.56 -47.6421 0
    endloop
  endfacet
  facet normal 0.0652057 0.997872 -0
    outer loop
      vertex -56 -47.7 0
      vertex -56.2219 -47.6855 4
      vertex -56 -47.7 4
    endloop
  endfacet
  facet normal 0.0652057 0.997872 0
    outer loop
      vertex -56.2219 -47.6855 4
      vertex -56 -47.7 0
      vertex -56.2219 -47.6855 0
    endloop
  endfacet
  facet normal 0.321484 -0.946915 0
    outer loop
      vertex -56.6506 -44.4294 0
      vertex -56.44 -44.3579 4
      vertex -56.6506 -44.4294 4
    endloop
  endfacet
  facet normal 0.321484 -0.946915 0
    outer loop
      vertex -56.44 -44.3579 4
      vertex -56.6506 -44.4294 0
      vertex -56.44 -44.3579 0
    endloop
  endfacet
  facet normal -0.946915 -0.321484 0
    outer loop
      vertex -54.3579 -45.56 0
      vertex -54.4294 -45.3494 4
      vertex -54.4294 -45.3494 0
    endloop
  endfacet
  facet normal -0.946915 -0.321484 0
    outer loop
      vertex -54.4294 -45.3494 4
      vertex -54.3579 -45.56 0
      vertex -54.3579 -45.56 4
    endloop
  endfacet
  facet normal 0.751908 -0.659268 0
    outer loop
      vertex -57.3487 -44.9651 4
      vertex -57.2021 -44.7979 0
      vertex -57.2021 -44.7979 4
    endloop
  endfacet
  facet normal 0.751908 -0.659268 0
    outer loop
      vertex -57.2021 -44.7979 0
      vertex -57.3487 -44.9651 4
      vertex -57.3487 -44.9651 0
    endloop
  endfacet
  facet normal 0.44253 0.896754 -0
    outer loop
      vertex -56.6506 -47.5706 0
      vertex -56.85 -47.4722 4
      vertex -56.6506 -47.5706 4
    endloop
  endfacet
  facet normal 0.44253 0.896754 0
    outer loop
      vertex -56.85 -47.4722 4
      vertex -56.6506 -47.5706 0
      vertex -56.85 -47.4722 0
    endloop
  endfacet
  facet normal 0.0652057 -0.997872 0
    outer loop
      vertex -56.2219 -44.3145 0
      vertex -56 -44.3 4
      vertex -56.2219 -44.3145 4
    endloop
  endfacet
  facet normal 0.0652057 -0.997872 0
    outer loop
      vertex -56 -44.3 4
      vertex -56.2219 -44.3145 0
      vertex -56 -44.3 0
    endloop
  endfacet
  facet normal -0.896754 0.44253 0
    outer loop
      vertex -54.5278 -46.85 0
      vertex -54.4294 -46.6506 4
      vertex -54.4294 -46.6506 0
    endloop
  endfacet
  facet normal -0.896754 0.44253 0
    outer loop
      vertex -54.4294 -46.6506 4
      vertex -54.5278 -46.85 0
      vertex -54.5278 -46.85 4
    endloop
  endfacet
  facet normal -0.555426 0.831566 0
    outer loop
      vertex -54.9651 -47.3487 0
      vertex -55.15 -47.4722 4
      vertex -54.9651 -47.3487 4
    endloop
  endfacet
  facet normal -0.555426 0.831566 0
    outer loop
      vertex -55.15 -47.4722 4
      vertex -54.9651 -47.3487 0
      vertex -55.15 -47.4722 0
    endloop
  endfacet
  facet normal 0.98077 0.195165 0
    outer loop
      vertex -57.6421 -46.44 4
      vertex -57.6855 -46.2219 0
      vertex -57.6855 -46.2219 4
    endloop
  endfacet
  facet normal 0.98077 0.195165 0
    outer loop
      vertex -57.6855 -46.2219 0
      vertex -57.6421 -46.44 4
      vertex -57.6421 -46.44 0
    endloop
  endfacet
  facet normal -0.195165 -0.98077 0
    outer loop
      vertex -55.7781 -44.3145 0
      vertex -55.56 -44.3579 4
      vertex -55.7781 -44.3145 4
    endloop
  endfacet
  facet normal -0.195165 -0.98077 -0
    outer loop
      vertex -55.56 -44.3579 4
      vertex -55.7781 -44.3145 0
      vertex -55.56 -44.3579 0
    endloop
  endfacet
  facet normal -0.831566 -0.555426 0
    outer loop
      vertex -54.5278 -45.15 0
      vertex -54.6513 -44.9651 4
      vertex -54.6513 -44.9651 0
    endloop
  endfacet
  facet normal -0.831566 -0.555426 0
    outer loop
      vertex -54.6513 -44.9651 4
      vertex -54.5278 -45.15 0
      vertex -54.5278 -45.15 4
    endloop
  endfacet
  facet normal -0.997872 0.0652057 0
    outer loop
      vertex -54.3145 -46.2219 0
      vertex -54.3 -46 4
      vertex -54.3 -46 0
    endloop
  endfacet
  facet normal -0.997872 0.0652057 0
    outer loop
      vertex -54.3 -46 4
      vertex -54.3145 -46.2219 0
      vertex -54.3145 -46.2219 4
    endloop
  endfacet
  facet normal -0.321484 -0.946915 0
    outer loop
      vertex -55.56 -44.3579 0
      vertex -55.3494 -44.4294 4
      vertex -55.56 -44.3579 4
    endloop
  endfacet
  facet normal -0.321484 -0.946915 -0
    outer loop
      vertex -55.3494 -44.4294 4
      vertex -55.56 -44.3579 0
      vertex -55.3494 -44.4294 0
    endloop
  endfacet
  facet normal -0.555426 -0.831566 0
    outer loop
      vertex -55.15 -44.5278 0
      vertex -54.9651 -44.6513 4
      vertex -55.15 -44.5278 4
    endloop
  endfacet
  facet normal -0.555426 -0.831566 -0
    outer loop
      vertex -54.9651 -44.6513 4
      vertex -55.15 -44.5278 0
      vertex -54.9651 -44.6513 0
    endloop
  endfacet
  facet normal 0.195165 -0.98077 0
    outer loop
      vertex -56.44 -44.3579 0
      vertex -56.2219 -44.3145 4
      vertex -56.44 -44.3579 4
    endloop
  endfacet
  facet normal 0.195165 -0.98077 0
    outer loop
      vertex -56.2219 -44.3145 4
      vertex -56.44 -44.3579 0
      vertex -56.2219 -44.3145 0
    endloop
  endfacet
  facet normal -0.659268 0.751908 0
    outer loop
      vertex -54.7979 -47.2021 0
      vertex -54.9651 -47.3487 4
      vertex -54.7979 -47.2021 4
    endloop
  endfacet
  facet normal -0.659268 0.751908 0
    outer loop
      vertex -54.9651 -47.3487 4
      vertex -54.7979 -47.2021 0
      vertex -54.9651 -47.3487 0
    endloop
  endfacet
  facet normal 0.896754 -0.44253 0
    outer loop
      vertex -57.5706 -45.3494 4
      vertex -57.4722 -45.15 0
      vertex -57.4722 -45.15 4
    endloop
  endfacet
  facet normal 0.896754 -0.44253 0
    outer loop
      vertex -57.4722 -45.15 0
      vertex -57.5706 -45.3494 4
      vertex -57.5706 -45.3494 0
    endloop
  endfacet
  facet normal -0.98077 0.195165 0
    outer loop
      vertex -54.3579 -46.44 0
      vertex -54.3145 -46.2219 4
      vertex -54.3145 -46.2219 0
    endloop
  endfacet
  facet normal -0.98077 0.195165 0
    outer loop
      vertex -54.3145 -46.2219 4
      vertex -54.3579 -46.44 0
      vertex -54.3579 -46.44 4
    endloop
  endfacet
  facet normal -0.195165 0.98077 0
    outer loop
      vertex -55.56 -47.6421 0
      vertex -55.7781 -47.6855 4
      vertex -55.56 -47.6421 4
    endloop
  endfacet
  facet normal -0.195165 0.98077 0
    outer loop
      vertex -55.7781 -47.6855 4
      vertex -55.56 -47.6421 0
      vertex -55.7781 -47.6855 0
    endloop
  endfacet
  facet normal 0.659268 0.751908 -0
    outer loop
      vertex -57.0349 -47.3487 0
      vertex -57.2021 -47.2021 4
      vertex -57.0349 -47.3487 4
    endloop
  endfacet
  facet normal 0.659268 0.751908 0
    outer loop
      vertex -57.2021 -47.2021 4
      vertex -57.0349 -47.3487 0
      vertex -57.2021 -47.2021 0
    endloop
  endfacet
  facet normal 0.751908 0.659268 0
    outer loop
      vertex -57.2021 -47.2021 4
      vertex -57.3487 -47.0349 0
      vertex -57.3487 -47.0349 4
    endloop
  endfacet
  facet normal 0.751908 0.659268 0
    outer loop
      vertex -57.3487 -47.0349 0
      vertex -57.2021 -47.2021 4
      vertex -57.2021 -47.2021 0
    endloop
  endfacet
  facet normal -0.0652057 -0.997872 0
    outer loop
      vertex -56 -44.3 0
      vertex -55.7781 -44.3145 4
      vertex -56 -44.3 4
    endloop
  endfacet
  facet normal -0.0652057 -0.997872 -0
    outer loop
      vertex -55.7781 -44.3145 4
      vertex -56 -44.3 0
      vertex -55.7781 -44.3145 0
    endloop
  endfacet
  facet normal -0.44253 -0.896754 0
    outer loop
      vertex -55.3494 -44.4294 0
      vertex -55.15 -44.5278 4
      vertex -55.3494 -44.4294 4
    endloop
  endfacet
  facet normal -0.44253 -0.896754 -0
    outer loop
      vertex -55.15 -44.5278 4
      vertex -55.3494 -44.4294 0
      vertex -55.15 -44.5278 0
    endloop
  endfacet
  facet normal -0.831566 0.555426 0
    outer loop
      vertex -54.6513 -47.0349 0
      vertex -54.5278 -46.85 4
      vertex -54.5278 -46.85 0
    endloop
  endfacet
  facet normal -0.831566 0.555426 0
    outer loop
      vertex -54.5278 -46.85 4
      vertex -54.6513 -47.0349 0
      vertex -54.6513 -47.0349 4
    endloop
  endfacet
  facet normal 0.997872 0.0652057 0
    outer loop
      vertex -57.6855 -46.2219 4
      vertex -57.7 -46 0
      vertex -57.7 -46 4
    endloop
  endfacet
  facet normal 0.997872 0.0652057 0
    outer loop
      vertex -57.7 -46 0
      vertex -57.6855 -46.2219 4
      vertex -57.6855 -46.2219 0
    endloop
  endfacet
  facet normal -0.44253 0.896754 0
    outer loop
      vertex -55.15 -47.4722 0
      vertex -55.3494 -47.5706 4
      vertex -55.15 -47.4722 4
    endloop
  endfacet
  facet normal -0.44253 0.896754 0
    outer loop
      vertex -55.3494 -47.5706 4
      vertex -55.15 -47.4722 0
      vertex -55.3494 -47.5706 0
    endloop
  endfacet
  facet normal 0.98077 -0.195165 0
    outer loop
      vertex -57.6855 -45.7781 4
      vertex -57.6421 -45.56 0
      vertex -57.6421 -45.56 4
    endloop
  endfacet
  facet normal 0.98077 -0.195165 0
    outer loop
      vertex -57.6421 -45.56 0
      vertex -57.6855 -45.7781 4
      vertex -57.6855 -45.7781 0
    endloop
  endfacet
  facet normal 0.896754 0.44253 0
    outer loop
      vertex -57.4722 -46.85 4
      vertex -57.5706 -46.6506 0
      vertex -57.5706 -46.6506 4
    endloop
  endfacet
  facet normal 0.896754 0.44253 0
    outer loop
      vertex -57.5706 -46.6506 0
      vertex -57.4722 -46.85 4
      vertex -57.4722 -46.85 0
    endloop
  endfacet
  facet normal 0.946915 -0.321484 0
    outer loop
      vertex -57.6421 -45.56 4
      vertex -57.5706 -45.3494 0
      vertex -57.5706 -45.3494 4
    endloop
  endfacet
  facet normal 0.946915 -0.321484 0
    outer loop
      vertex -57.5706 -45.3494 0
      vertex -57.6421 -45.56 4
      vertex -57.6421 -45.56 0
    endloop
  endfacet
  facet normal -0.896754 -0.44253 0
    outer loop
      vertex -54.4294 -45.3494 0
      vertex -54.5278 -45.15 4
      vertex -54.5278 -45.15 0
    endloop
  endfacet
  facet normal -0.896754 -0.44253 0
    outer loop
      vertex -54.5278 -45.15 4
      vertex -54.4294 -45.3494 0
      vertex -54.4294 -45.3494 4
    endloop
  endfacet
  facet normal 0.997872 -0.0652057 0
    outer loop
      vertex -57.7 -46 4
      vertex -57.6855 -45.7781 0
      vertex -57.6855 -45.7781 4
    endloop
  endfacet
  facet normal 0.997872 -0.0652057 0
    outer loop
      vertex -57.6855 -45.7781 0
      vertex -57.7 -46 4
      vertex -57.7 -46 0
    endloop
  endfacet
  facet normal 0.321484 0.946915 -0
    outer loop
      vertex -56.44 -47.6421 0
      vertex -56.6506 -47.5706 4
      vertex -56.44 -47.6421 4
    endloop
  endfacet
  facet normal 0.321484 0.946915 0
    outer loop
      vertex -56.6506 -47.5706 4
      vertex -56.44 -47.6421 0
      vertex -56.6506 -47.5706 0
    endloop
  endfacet
  facet normal 0.44253 -0.896754 0
    outer loop
      vertex -56.85 -44.5278 0
      vertex -56.6506 -44.4294 4
      vertex -56.85 -44.5278 4
    endloop
  endfacet
  facet normal 0.44253 -0.896754 0
    outer loop
      vertex -56.6506 -44.4294 4
      vertex -56.85 -44.5278 0
      vertex -56.6506 -44.4294 0
    endloop
  endfacet
  facet normal 0.555426 -0.831566 0
    outer loop
      vertex -57.0349 -44.6513 0
      vertex -56.85 -44.5278 4
      vertex -57.0349 -44.6513 4
    endloop
  endfacet
  facet normal 0.555426 -0.831566 0
    outer loop
      vertex -56.85 -44.5278 4
      vertex -57.0349 -44.6513 0
      vertex -56.85 -44.5278 0
    endloop
  endfacet
  facet normal 0.831566 -0.555426 0
    outer loop
      vertex -57.4722 -45.15 4
      vertex -57.3487 -44.9651 0
      vertex -57.3487 -44.9651 4
    endloop
  endfacet
  facet normal 0.831566 -0.555426 0
    outer loop
      vertex -57.3487 -44.9651 0
      vertex -57.4722 -45.15 4
      vertex -57.4722 -45.15 0
    endloop
  endfacet
  facet normal 0.555426 0.831566 -0
    outer loop
      vertex -56.85 -47.4722 0
      vertex -57.0349 -47.3487 4
      vertex -56.85 -47.4722 4
    endloop
  endfacet
  facet normal 0.555426 0.831566 0
    outer loop
      vertex -57.0349 -47.3487 4
      vertex -56.85 -47.4722 0
      vertex -57.0349 -47.3487 0
    endloop
  endfacet
  facet normal -0.98077 -0.195165 0
    outer loop
      vertex 57.6855 46.2219 0
      vertex 57.6421 46.44 4
      vertex 57.6421 46.44 0
    endloop
  endfacet
  facet normal -0.98077 -0.195165 0
    outer loop
      vertex 57.6421 46.44 4
      vertex 57.6855 46.2219 0
      vertex 57.6855 46.2219 4
    endloop
  endfacet
  facet normal -0.997872 -0.0652057 0
    outer loop
      vertex 57.7 46 0
      vertex 57.6855 46.2219 4
      vertex 57.6855 46.2219 0
    endloop
  endfacet
  facet normal -0.997872 -0.0652057 0
    outer loop
      vertex 57.6855 46.2219 4
      vertex 57.7 46 0
      vertex 57.7 46 4
    endloop
  endfacet
  facet normal 0.44253 -0.896754 0
    outer loop
      vertex 55.15 47.4722 0
      vertex 55.3494 47.5706 4
      vertex 55.15 47.4722 4
    endloop
  endfacet
  facet normal 0.44253 -0.896754 0
    outer loop
      vertex 55.3494 47.5706 4
      vertex 55.15 47.4722 0
      vertex 55.3494 47.5706 0
    endloop
  endfacet
  facet normal -0.555426 -0.831566 0
    outer loop
      vertex 56.85 47.4722 0
      vertex 57.0349 47.3487 4
      vertex 56.85 47.4722 4
    endloop
  endfacet
  facet normal -0.555426 -0.831566 -0
    outer loop
      vertex 57.0349 47.3487 4
      vertex 56.85 47.4722 0
      vertex 57.0349 47.3487 0
    endloop
  endfacet
  facet normal 0.659268 -0.751908 0
    outer loop
      vertex 54.7979 47.2021 0
      vertex 54.9651 47.3487 4
      vertex 54.7979 47.2021 4
    endloop
  endfacet
  facet normal 0.659268 -0.751908 0
    outer loop
      vertex 54.9651 47.3487 4
      vertex 54.7979 47.2021 0
      vertex 54.9651 47.3487 0
    endloop
  endfacet
  facet normal -0.321484 0.946915 0
    outer loop
      vertex 56.6506 44.4294 0
      vertex 56.44 44.3579 4
      vertex 56.6506 44.4294 4
    endloop
  endfacet
  facet normal -0.321484 0.946915 0
    outer loop
      vertex 56.44 44.3579 4
      vertex 56.6506 44.4294 0
      vertex 56.44 44.3579 0
    endloop
  endfacet
  facet normal -0.831566 0.555426 0
    outer loop
      vertex 57.3487 44.9651 0
      vertex 57.4722 45.15 4
      vertex 57.4722 45.15 0
    endloop
  endfacet
  facet normal -0.831566 0.555426 0
    outer loop
      vertex 57.4722 45.15 4
      vertex 57.3487 44.9651 0
      vertex 57.3487 44.9651 4
    endloop
  endfacet
  facet normal -0.946915 0.321484 0
    outer loop
      vertex 57.5706 45.3494 0
      vertex 57.6421 45.56 4
      vertex 57.6421 45.56 0
    endloop
  endfacet
  facet normal -0.946915 0.321484 0
    outer loop
      vertex 57.6421 45.56 4
      vertex 57.5706 45.3494 0
      vertex 57.5706 45.3494 4
    endloop
  endfacet
  facet normal -0.321484 -0.946915 0
    outer loop
      vertex 56.44 47.6421 0
      vertex 56.6506 47.5706 4
      vertex 56.44 47.6421 4
    endloop
  endfacet
  facet normal -0.321484 -0.946915 -0
    outer loop
      vertex 56.6506 47.5706 4
      vertex 56.44 47.6421 0
      vertex 56.6506 47.5706 0
    endloop
  endfacet
  facet normal -0.195165 -0.98077 0
    outer loop
      vertex 56.2219 47.6855 0
      vertex 56.44 47.6421 4
      vertex 56.2219 47.6855 4
    endloop
  endfacet
  facet normal -0.195165 -0.98077 -0
    outer loop
      vertex 56.44 47.6421 4
      vertex 56.2219 47.6855 0
      vertex 56.44 47.6421 0
    endloop
  endfacet
  facet normal 0.555426 -0.831566 0
    outer loop
      vertex 54.9651 47.3487 0
      vertex 55.15 47.4722 4
      vertex 54.9651 47.3487 4
    endloop
  endfacet
  facet normal 0.555426 -0.831566 0
    outer loop
      vertex 55.15 47.4722 4
      vertex 54.9651 47.3487 0
      vertex 55.15 47.4722 0
    endloop
  endfacet
  facet normal -0.896754 0.44253 0
    outer loop
      vertex 57.4722 45.15 0
      vertex 57.5706 45.3494 4
      vertex 57.5706 45.3494 0
    endloop
  endfacet
  facet normal -0.896754 0.44253 0
    outer loop
      vertex 57.5706 45.3494 4
      vertex 57.4722 45.15 0
      vertex 57.4722 45.15 4
    endloop
  endfacet
  facet normal -0.659268 -0.751908 0
    outer loop
      vertex 57.0349 47.3487 0
      vertex 57.2021 47.2021 4
      vertex 57.0349 47.3487 4
    endloop
  endfacet
  facet normal -0.659268 -0.751908 -0
    outer loop
      vertex 57.2021 47.2021 4
      vertex 57.0349 47.3487 0
      vertex 57.2021 47.2021 0
    endloop
  endfacet
  facet normal -0.555426 0.831566 0
    outer loop
      vertex 57.0349 44.6513 0
      vertex 56.85 44.5278 4
      vertex 57.0349 44.6513 4
    endloop
  endfacet
  facet normal -0.555426 0.831566 0
    outer loop
      vertex 56.85 44.5278 4
      vertex 57.0349 44.6513 0
      vertex 56.85 44.5278 0
    endloop
  endfacet
  facet normal -0.44253 -0.896754 0
    outer loop
      vertex 56.6506 47.5706 0
      vertex 56.85 47.4722 4
      vertex 56.6506 47.5706 4
    endloop
  endfacet
  facet normal -0.44253 -0.896754 -0
    outer loop
      vertex 56.85 47.4722 4
      vertex 56.6506 47.5706 0
      vertex 56.85 47.4722 0
    endloop
  endfacet
  facet normal 0.997872 -0.0652057 0
    outer loop
      vertex 54.3 46 4
      vertex 54.3145 46.2219 0
      vertex 54.3145 46.2219 4
    endloop
  endfacet
  facet normal 0.997872 -0.0652057 0
    outer loop
      vertex 54.3145 46.2219 0
      vertex 54.3 46 4
      vertex 54.3 46 0
    endloop
  endfacet
  facet normal 0.659268 0.751908 -0
    outer loop
      vertex 54.9651 44.6513 0
      vertex 54.7979 44.7979 4
      vertex 54.9651 44.6513 4
    endloop
  endfacet
  facet normal 0.659268 0.751908 0
    outer loop
      vertex 54.7979 44.7979 4
      vertex 54.9651 44.6513 0
      vertex 54.7979 44.7979 0
    endloop
  endfacet
  facet normal 0.751908 0.659268 0
    outer loop
      vertex 54.7979 44.7979 4
      vertex 54.6513 44.9651 0
      vertex 54.6513 44.9651 4
    endloop
  endfacet
  facet normal 0.751908 0.659268 0
    outer loop
      vertex 54.6513 44.9651 0
      vertex 54.7979 44.7979 4
      vertex 54.7979 44.7979 0
    endloop
  endfacet
  facet normal 0.831566 0.555426 0
    outer loop
      vertex 54.6513 44.9651 4
      vertex 54.5278 45.15 0
      vertex 54.5278 45.15 4
    endloop
  endfacet
  facet normal 0.831566 0.555426 0
    outer loop
      vertex 54.5278 45.15 0
      vertex 54.6513 44.9651 4
      vertex 54.6513 44.9651 0
    endloop
  endfacet
  facet normal -0.831566 -0.555426 0
    outer loop
      vertex 57.4722 46.85 0
      vertex 57.3487 47.0349 4
      vertex 57.3487 47.0349 0
    endloop
  endfacet
  facet normal -0.831566 -0.555426 0
    outer loop
      vertex 57.3487 47.0349 4
      vertex 57.4722 46.85 0
      vertex 57.4722 46.85 4
    endloop
  endfacet
  facet normal -0.195165 0.98077 0
    outer loop
      vertex 56.44 44.3579 0
      vertex 56.2219 44.3145 4
      vertex 56.44 44.3579 4
    endloop
  endfacet
  facet normal -0.195165 0.98077 0
    outer loop
      vertex 56.2219 44.3145 4
      vertex 56.44 44.3579 0
      vertex 56.2219 44.3145 0
    endloop
  endfacet
  facet normal -0.98077 0.195165 0
    outer loop
      vertex 57.6421 45.56 0
      vertex 57.6855 45.7781 4
      vertex 57.6855 45.7781 0
    endloop
  endfacet
  facet normal -0.98077 0.195165 0
    outer loop
      vertex 57.6855 45.7781 4
      vertex 57.6421 45.56 0
      vertex 57.6421 45.56 4
    endloop
  endfacet
  facet normal 0.946915 0.321484 0
    outer loop
      vertex 54.4294 45.3494 4
      vertex 54.3579 45.56 0
      vertex 54.3579 45.56 4
    endloop
  endfacet
  facet normal 0.946915 0.321484 0
    outer loop
      vertex 54.3579 45.56 0
      vertex 54.4294 45.3494 4
      vertex 54.4294 45.3494 0
    endloop
  endfacet
  facet normal -0.44253 0.896754 0
    outer loop
      vertex 56.85 44.5278 0
      vertex 56.6506 44.4294 4
      vertex 56.85 44.5278 4
    endloop
  endfacet
  facet normal -0.44253 0.896754 0
    outer loop
      vertex 56.6506 44.4294 4
      vertex 56.85 44.5278 0
      vertex 56.6506 44.4294 0
    endloop
  endfacet
  facet normal -0.0652057 -0.997872 0
    outer loop
      vertex 56 47.7 0
      vertex 56.2219 47.6855 4
      vertex 56 47.7 4
    endloop
  endfacet
  facet normal -0.0652057 -0.997872 -0
    outer loop
      vertex 56.2219 47.6855 4
      vertex 56 47.7 0
      vertex 56.2219 47.6855 0
    endloop
  endfacet
  facet normal 0.321484 -0.946915 0
    outer loop
      vertex 55.3494 47.5706 0
      vertex 55.56 47.6421 4
      vertex 55.3494 47.5706 4
    endloop
  endfacet
  facet normal 0.321484 -0.946915 0
    outer loop
      vertex 55.56 47.6421 4
      vertex 55.3494 47.5706 0
      vertex 55.56 47.6421 0
    endloop
  endfacet
  facet normal 0.195165 -0.98077 0
    outer loop
      vertex 55.56 47.6421 0
      vertex 55.7781 47.6855 4
      vertex 55.56 47.6421 4
    endloop
  endfacet
  facet normal 0.195165 -0.98077 0
    outer loop
      vertex 55.7781 47.6855 4
      vertex 55.56 47.6421 0
      vertex 55.7781 47.6855 0
    endloop
  endfacet
  facet normal -0.896754 -0.44253 0
    outer loop
      vertex 57.5706 46.6506 0
      vertex 57.4722 46.85 4
      vertex 57.4722 46.85 0
    endloop
  endfacet
  facet normal -0.896754 -0.44253 0
    outer loop
      vertex 57.4722 46.85 4
      vertex 57.5706 46.6506 0
      vertex 57.5706 46.6506 4
    endloop
  endfacet
  facet normal -0.997872 0.0652057 0
    outer loop
      vertex 57.6855 45.7781 0
      vertex 57.7 46 4
      vertex 57.7 46 0
    endloop
  endfacet
  facet normal -0.997872 0.0652057 0
    outer loop
      vertex 57.7 46 4
      vertex 57.6855 45.7781 0
      vertex 57.6855 45.7781 4
    endloop
  endfacet
  facet normal -0.0652057 0.997872 0
    outer loop
      vertex 56.2219 44.3145 0
      vertex 56 44.3 4
      vertex 56.2219 44.3145 4
    endloop
  endfacet
  facet normal -0.0652057 0.997872 0
    outer loop
      vertex 56 44.3 4
      vertex 56.2219 44.3145 0
      vertex 56 44.3 0
    endloop
  endfacet
  facet normal -0.751908 -0.659268 0
    outer loop
      vertex 57.3487 47.0349 0
      vertex 57.2021 47.2021 4
      vertex 57.2021 47.2021 0
    endloop
  endfacet
  facet normal -0.751908 -0.659268 0
    outer loop
      vertex 57.2021 47.2021 4
      vertex 57.3487 47.0349 0
      vertex 57.3487 47.0349 4
    endloop
  endfacet
  facet normal 0.997872 0.0652057 0
    outer loop
      vertex 54.3145 45.7781 4
      vertex 54.3 46 0
      vertex 54.3 46 4
    endloop
  endfacet
  facet normal 0.997872 0.0652057 0
    outer loop
      vertex 54.3 46 0
      vertex 54.3145 45.7781 4
      vertex 54.3145 45.7781 0
    endloop
  endfacet
  facet normal -0.751908 0.659268 0
    outer loop
      vertex 57.2021 44.7979 0
      vertex 57.3487 44.9651 4
      vertex 57.3487 44.9651 0
    endloop
  endfacet
  facet normal -0.751908 0.659268 0
    outer loop
      vertex 57.3487 44.9651 4
      vertex 57.2021 44.7979 0
      vertex 57.2021 44.7979 4
    endloop
  endfacet
  facet normal 0.751908 -0.659268 0
    outer loop
      vertex 54.6513 47.0349 4
      vertex 54.7979 47.2021 0
      vertex 54.7979 47.2021 4
    endloop
  endfacet
  facet normal 0.751908 -0.659268 0
    outer loop
      vertex 54.7979 47.2021 0
      vertex 54.6513 47.0349 4
      vertex 54.6513 47.0349 0
    endloop
  endfacet
  facet normal 0.831566 -0.555426 0
    outer loop
      vertex 54.5278 46.85 4
      vertex 54.6513 47.0349 0
      vertex 54.6513 47.0349 4
    endloop
  endfacet
  facet normal 0.831566 -0.555426 0
    outer loop
      vertex 54.6513 47.0349 0
      vertex 54.5278 46.85 4
      vertex 54.5278 46.85 0
    endloop
  endfacet
  facet normal 0.0652057 -0.997872 0
    outer loop
      vertex 55.7781 47.6855 0
      vertex 56 47.7 4
      vertex 55.7781 47.6855 4
    endloop
  endfacet
  facet normal 0.0652057 -0.997872 0
    outer loop
      vertex 56 47.7 4
      vertex 55.7781 47.6855 0
      vertex 56 47.7 0
    endloop
  endfacet
  facet normal 0.98077 0.195165 0
    outer loop
      vertex 54.3579 45.56 4
      vertex 54.3145 45.7781 0
      vertex 54.3145 45.7781 4
    endloop
  endfacet
  facet normal 0.98077 0.195165 0
    outer loop
      vertex 54.3145 45.7781 0
      vertex 54.3579 45.56 4
      vertex 54.3579 45.56 0
    endloop
  endfacet
  facet normal 0.321484 0.946915 -0
    outer loop
      vertex 55.56 44.3579 0
      vertex 55.3494 44.4294 4
      vertex 55.56 44.3579 4
    endloop
  endfacet
  facet normal 0.321484 0.946915 0
    outer loop
      vertex 55.3494 44.4294 4
      vertex 55.56 44.3579 0
      vertex 55.3494 44.4294 0
    endloop
  endfacet
  facet normal -0.946915 -0.321484 0
    outer loop
      vertex 57.6421 46.44 0
      vertex 57.5706 46.6506 4
      vertex 57.5706 46.6506 0
    endloop
  endfacet
  facet normal -0.946915 -0.321484 0
    outer loop
      vertex 57.5706 46.6506 4
      vertex 57.6421 46.44 0
      vertex 57.6421 46.44 4
    endloop
  endfacet
  facet normal 0.44253 0.896754 -0
    outer loop
      vertex 55.3494 44.4294 0
      vertex 55.15 44.5278 4
      vertex 55.3494 44.4294 4
    endloop
  endfacet
  facet normal 0.44253 0.896754 0
    outer loop
      vertex 55.15 44.5278 4
      vertex 55.3494 44.4294 0
      vertex 55.15 44.5278 0
    endloop
  endfacet
  facet normal 0.555426 0.831566 -0
    outer loop
      vertex 55.15 44.5278 0
      vertex 54.9651 44.6513 4
      vertex 55.15 44.5278 4
    endloop
  endfacet
  facet normal 0.555426 0.831566 0
    outer loop
      vertex 54.9651 44.6513 4
      vertex 55.15 44.5278 0
      vertex 54.9651 44.6513 0
    endloop
  endfacet
  facet normal 0.0652057 0.997872 -0
    outer loop
      vertex 56 44.3 0
      vertex 55.7781 44.3145 4
      vertex 56 44.3 4
    endloop
  endfacet
  facet normal 0.0652057 0.997872 0
    outer loop
      vertex 55.7781 44.3145 4
      vertex 56 44.3 0
      vertex 55.7781 44.3145 0
    endloop
  endfacet
  facet normal 0.195165 0.98077 -0
    outer loop
      vertex 55.7781 44.3145 0
      vertex 55.56 44.3579 4
      vertex 55.7781 44.3145 4
    endloop
  endfacet
  facet normal 0.195165 0.98077 0
    outer loop
      vertex 55.56 44.3579 4
      vertex 55.7781 44.3145 0
      vertex 55.56 44.3579 0
    endloop
  endfacet
  facet normal 0.896754 -0.44253 0
    outer loop
      vertex 54.4294 46.6506 4
      vertex 54.5278 46.85 0
      vertex 54.5278 46.85 4
    endloop
  endfacet
  facet normal 0.896754 -0.44253 0
    outer loop
      vertex 54.5278 46.85 0
      vertex 54.4294 46.6506 4
      vertex 54.4294 46.6506 0
    endloop
  endfacet
  facet normal 0.896754 0.44253 0
    outer loop
      vertex 54.5278 45.15 4
      vertex 54.4294 45.3494 0
      vertex 54.4294 45.3494 4
    endloop
  endfacet
  facet normal 0.896754 0.44253 0
    outer loop
      vertex 54.4294 45.3494 0
      vertex 54.5278 45.15 4
      vertex 54.5278 45.15 0
    endloop
  endfacet
  facet normal 0.98077 -0.195165 0
    outer loop
      vertex 54.3145 46.2219 4
      vertex 54.3579 46.44 0
      vertex 54.3579 46.44 4
    endloop
  endfacet
  facet normal 0.98077 -0.195165 0
    outer loop
      vertex 54.3579 46.44 0
      vertex 54.3145 46.2219 4
      vertex 54.3145 46.2219 0
    endloop
  endfacet
  facet normal 0.946915 -0.321484 0
    outer loop
      vertex 54.3579 46.44 4
      vertex 54.4294 46.6506 0
      vertex 54.4294 46.6506 4
    endloop
  endfacet
  facet normal 0.946915 -0.321484 0
    outer loop
      vertex 54.4294 46.6506 0
      vertex 54.3579 46.44 4
      vertex 54.3579 46.44 0
    endloop
  endfacet
  facet normal -0.659268 0.751908 0
    outer loop
      vertex 57.2021 44.7979 0
      vertex 57.0349 44.6513 4
      vertex 57.2021 44.7979 4
    endloop
  endfacet
  facet normal -0.659268 0.751908 0
    outer loop
      vertex 57.0349 44.6513 4
      vertex 57.2021 44.7979 0
      vertex 57.0349 44.6513 0
    endloop
  endfacet
  facet normal -0.98077 -0.195165 0
    outer loop
      vertex 57.6855 -45.7781 0
      vertex 57.6421 -45.56 4
      vertex 57.6421 -45.56 0
    endloop
  endfacet
  facet normal -0.98077 -0.195165 0
    outer loop
      vertex 57.6421 -45.56 4
      vertex 57.6855 -45.7781 0
      vertex 57.6855 -45.7781 4
    endloop
  endfacet
  facet normal -0.997872 -0.0652057 0
    outer loop
      vertex 57.7 -46 0
      vertex 57.6855 -45.7781 4
      vertex 57.6855 -45.7781 0
    endloop
  endfacet
  facet normal -0.997872 -0.0652057 0
    outer loop
      vertex 57.6855 -45.7781 4
      vertex 57.7 -46 0
      vertex 57.7 -46 4
    endloop
  endfacet
  facet normal -0.0652057 0.997872 0
    outer loop
      vertex 56.2219 -47.6855 0
      vertex 56 -47.7 4
      vertex 56.2219 -47.6855 4
    endloop
  endfacet
  facet normal -0.0652057 0.997872 0
    outer loop
      vertex 56 -47.7 4
      vertex 56.2219 -47.6855 0
      vertex 56 -47.7 0
    endloop
  endfacet
  facet normal 0.659268 -0.751908 0
    outer loop
      vertex 54.7979 -44.7979 0
      vertex 54.9651 -44.6513 4
      vertex 54.7979 -44.7979 4
    endloop
  endfacet
  facet normal 0.659268 -0.751908 0
    outer loop
      vertex 54.9651 -44.6513 4
      vertex 54.7979 -44.7979 0
      vertex 54.9651 -44.6513 0
    endloop
  endfacet
  facet normal 0.831566 0.555426 0
    outer loop
      vertex 54.6513 -47.0349 4
      vertex 54.5278 -46.85 0
      vertex 54.5278 -46.85 4
    endloop
  endfacet
  facet normal 0.831566 0.555426 0
    outer loop
      vertex 54.5278 -46.85 0
      vertex 54.6513 -47.0349 4
      vertex 54.6513 -47.0349 0
    endloop
  endfacet
  facet normal 0.195165 0.98077 -0
    outer loop
      vertex 55.7781 -47.6855 0
      vertex 55.56 -47.6421 4
      vertex 55.7781 -47.6855 4
    endloop
  endfacet
  facet normal 0.195165 0.98077 0
    outer loop
      vertex 55.56 -47.6421 4
      vertex 55.7781 -47.6855 0
      vertex 55.56 -47.6421 0
    endloop
  endfacet
  facet normal -0.659268 -0.751908 0
    outer loop
      vertex 57.0349 -44.6513 0
      vertex 57.2021 -44.7979 4
      vertex 57.0349 -44.6513 4
    endloop
  endfacet
  facet normal -0.659268 -0.751908 -0
    outer loop
      vertex 57.2021 -44.7979 4
      vertex 57.0349 -44.6513 0
      vertex 57.2021 -44.7979 0
    endloop
  endfacet
  facet normal -0.946915 0.321484 0
    outer loop
      vertex 57.5706 -46.6506 0
      vertex 57.6421 -46.44 4
      vertex 57.6421 -46.44 0
    endloop
  endfacet
  facet normal -0.946915 0.321484 0
    outer loop
      vertex 57.6421 -46.44 4
      vertex 57.5706 -46.6506 0
      vertex 57.5706 -46.6506 4
    endloop
  endfacet
  facet normal -0.751908 0.659268 0
    outer loop
      vertex 57.2021 -47.2021 0
      vertex 57.3487 -47.0349 4
      vertex 57.3487 -47.0349 0
    endloop
  endfacet
  facet normal -0.751908 0.659268 0
    outer loop
      vertex 57.3487 -47.0349 4
      vertex 57.2021 -47.2021 0
      vertex 57.2021 -47.2021 4
    endloop
  endfacet
  facet normal -0.751908 -0.659268 0
    outer loop
      vertex 57.3487 -44.9651 0
      vertex 57.2021 -44.7979 4
      vertex 57.2021 -44.7979 0
    endloop
  endfacet
  facet normal -0.751908 -0.659268 0
    outer loop
      vertex 57.2021 -44.7979 4
      vertex 57.3487 -44.9651 0
      vertex 57.3487 -44.9651 4
    endloop
  endfacet
  facet normal 0.946915 0.321484 0
    outer loop
      vertex 54.4294 -46.6506 4
      vertex 54.3579 -46.44 0
      vertex 54.3579 -46.44 4
    endloop
  endfacet
  facet normal 0.946915 0.321484 0
    outer loop
      vertex 54.3579 -46.44 0
      vertex 54.4294 -46.6506 4
      vertex 54.4294 -46.6506 0
    endloop
  endfacet
  facet normal -0.321484 0.946915 0
    outer loop
      vertex 56.6506 -47.5706 0
      vertex 56.44 -47.6421 4
      vertex 56.6506 -47.5706 4
    endloop
  endfacet
  facet normal -0.321484 0.946915 0
    outer loop
      vertex 56.44 -47.6421 4
      vertex 56.6506 -47.5706 0
      vertex 56.44 -47.6421 0
    endloop
  endfacet
  facet normal 0.0652057 0.997872 -0
    outer loop
      vertex 56 -47.7 0
      vertex 55.7781 -47.6855 4
      vertex 56 -47.7 4
    endloop
  endfacet
  facet normal 0.0652057 0.997872 0
    outer loop
      vertex 55.7781 -47.6855 4
      vertex 56 -47.7 0
      vertex 55.7781 -47.6855 0
    endloop
  endfacet
  facet normal 0.321484 -0.946915 0
    outer loop
      vertex 55.3494 -44.4294 0
      vertex 55.56 -44.3579 4
      vertex 55.3494 -44.4294 4
    endloop
  endfacet
  facet normal 0.321484 -0.946915 0
    outer loop
      vertex 55.56 -44.3579 4
      vertex 55.3494 -44.4294 0
      vertex 55.56 -44.3579 0
    endloop
  endfacet
  facet normal -0.946915 -0.321484 0
    outer loop
      vertex 57.6421 -45.56 0
      vertex 57.5706 -45.3494 4
      vertex 57.5706 -45.3494 0
    endloop
  endfacet
  facet normal -0.946915 -0.321484 0
    outer loop
      vertex 57.5706 -45.3494 4
      vertex 57.6421 -45.56 0
      vertex 57.6421 -45.56 4
    endloop
  endfacet
  facet normal 0.751908 -0.659268 0
    outer loop
      vertex 54.6513 -44.9651 4
      vertex 54.7979 -44.7979 0
      vertex 54.7979 -44.7979 4
    endloop
  endfacet
  facet normal 0.751908 -0.659268 0
    outer loop
      vertex 54.7979 -44.7979 0
      vertex 54.6513 -44.9651 4
      vertex 54.6513 -44.9651 0
    endloop
  endfacet
  facet normal 0.44253 0.896754 -0
    outer loop
      vertex 55.3494 -47.5706 0
      vertex 55.15 -47.4722 4
      vertex 55.3494 -47.5706 4
    endloop
  endfacet
  facet normal 0.44253 0.896754 0
    outer loop
      vertex 55.15 -47.4722 4
      vertex 55.3494 -47.5706 0
      vertex 55.15 -47.4722 0
    endloop
  endfacet
  facet normal 0.0652057 -0.997872 0
    outer loop
      vertex 55.7781 -44.3145 0
      vertex 56 -44.3 4
      vertex 55.7781 -44.3145 4
    endloop
  endfacet
  facet normal 0.0652057 -0.997872 0
    outer loop
      vertex 56 -44.3 4
      vertex 55.7781 -44.3145 0
      vertex 56 -44.3 0
    endloop
  endfacet
  facet normal -0.896754 0.44253 0
    outer loop
      vertex 57.4722 -46.85 0
      vertex 57.5706 -46.6506 4
      vertex 57.5706 -46.6506 0
    endloop
  endfacet
  facet normal -0.896754 0.44253 0
    outer loop
      vertex 57.5706 -46.6506 4
      vertex 57.4722 -46.85 0
      vertex 57.4722 -46.85 4
    endloop
  endfacet
  facet normal -0.555426 0.831566 0
    outer loop
      vertex 57.0349 -47.3487 0
      vertex 56.85 -47.4722 4
      vertex 57.0349 -47.3487 4
    endloop
  endfacet
  facet normal -0.555426 0.831566 0
    outer loop
      vertex 56.85 -47.4722 4
      vertex 57.0349 -47.3487 0
      vertex 56.85 -47.4722 0
    endloop
  endfacet
  facet normal 0.98077 0.195165 0
    outer loop
      vertex 54.3579 -46.44 4
      vertex 54.3145 -46.2219 0
      vertex 54.3145 -46.2219 4
    endloop
  endfacet
  facet normal 0.98077 0.195165 0
    outer loop
      vertex 54.3145 -46.2219 0
      vertex 54.3579 -46.44 4
      vertex 54.3579 -46.44 0
    endloop
  endfacet
  facet normal -0.195165 -0.98077 0
    outer loop
      vertex 56.2219 -44.3145 0
      vertex 56.44 -44.3579 4
      vertex 56.2219 -44.3145 4
    endloop
  endfacet
  facet normal -0.195165 -0.98077 -0
    outer loop
      vertex 56.44 -44.3579 4
      vertex 56.2219 -44.3145 0
      vertex 56.44 -44.3579 0
    endloop
  endfacet
  facet normal -0.831566 -0.555426 0
    outer loop
      vertex 57.4722 -45.15 0
      vertex 57.3487 -44.9651 4
      vertex 57.3487 -44.9651 0
    endloop
  endfacet
  facet normal -0.831566 -0.555426 0
    outer loop
      vertex 57.3487 -44.9651 4
      vertex 57.4722 -45.15 0
      vertex 57.4722 -45.15 4
    endloop
  endfacet
  facet normal -0.997872 0.0652057 0
    outer loop
      vertex 57.6855 -46.2219 0
      vertex 57.7 -46 4
      vertex 57.7 -46 0
    endloop
  endfacet
  facet normal -0.997872 0.0652057 0
    outer loop
      vertex 57.7 -46 4
      vertex 57.6855 -46.2219 0
      vertex 57.6855 -46.2219 4
    endloop
  endfacet
  facet normal -0.321484 -0.946915 0
    outer loop
      vertex 56.44 -44.3579 0
      vertex 56.6506 -44.4294 4
      vertex 56.44 -44.3579 4
    endloop
  endfacet
  facet normal -0.321484 -0.946915 -0
    outer loop
      vertex 56.6506 -44.4294 4
      vertex 56.44 -44.3579 0
      vertex 56.6506 -44.4294 0
    endloop
  endfacet
  facet normal -0.555426 -0.831566 0
    outer loop
      vertex 56.85 -44.5278 0
      vertex 57.0349 -44.6513 4
      vertex 56.85 -44.5278 4
    endloop
  endfacet
  facet normal -0.555426 -0.831566 -0
    outer loop
      vertex 57.0349 -44.6513 4
      vertex 56.85 -44.5278 0
      vertex 57.0349 -44.6513 0
    endloop
  endfacet
  facet normal 0.195165 -0.98077 0
    outer loop
      vertex 55.56 -44.3579 0
      vertex 55.7781 -44.3145 4
      vertex 55.56 -44.3579 4
    endloop
  endfacet
  facet normal 0.195165 -0.98077 0
    outer loop
      vertex 55.7781 -44.3145 4
      vertex 55.56 -44.3579 0
      vertex 55.7781 -44.3145 0
    endloop
  endfacet
  facet normal -0.659268 0.751908 0
    outer loop
      vertex 57.2021 -47.2021 0
      vertex 57.0349 -47.3487 4
      vertex 57.2021 -47.2021 4
    endloop
  endfacet
  facet normal -0.659268 0.751908 0
    outer loop
      vertex 57.0349 -47.3487 4
      vertex 57.2021 -47.2021 0
      vertex 57.0349 -47.3487 0
    endloop
  endfacet
  facet normal 0.896754 -0.44253 0
    outer loop
      vertex 54.4294 -45.3494 4
      vertex 54.5278 -45.15 0
      vertex 54.5278 -45.15 4
    endloop
  endfacet
  facet normal 0.896754 -0.44253 0
    outer loop
      vertex 54.5278 -45.15 0
      vertex 54.4294 -45.3494 4
      vertex 54.4294 -45.3494 0
    endloop
  endfacet
  facet normal -0.98077 0.195165 0
    outer loop
      vertex 57.6421 -46.44 0
      vertex 57.6855 -46.2219 4
      vertex 57.6855 -46.2219 0
    endloop
  endfacet
  facet normal -0.98077 0.195165 0
    outer loop
      vertex 57.6855 -46.2219 4
      vertex 57.6421 -46.44 0
      vertex 57.6421 -46.44 4
    endloop
  endfacet
  facet normal -0.195165 0.98077 0
    outer loop
      vertex 56.44 -47.6421 0
      vertex 56.2219 -47.6855 4
      vertex 56.44 -47.6421 4
    endloop
  endfacet
  facet normal -0.195165 0.98077 0
    outer loop
      vertex 56.2219 -47.6855 4
      vertex 56.44 -47.6421 0
      vertex 56.2219 -47.6855 0
    endloop
  endfacet
  facet normal 0.659268 0.751908 -0
    outer loop
      vertex 54.9651 -47.3487 0
      vertex 54.7979 -47.2021 4
      vertex 54.9651 -47.3487 4
    endloop
  endfacet
  facet normal 0.659268 0.751908 0
    outer loop
      vertex 54.7979 -47.2021 4
      vertex 54.9651 -47.3487 0
      vertex 54.7979 -47.2021 0
    endloop
  endfacet
  facet normal 0.751908 0.659268 0
    outer loop
      vertex 54.7979 -47.2021 4
      vertex 54.6513 -47.0349 0
      vertex 54.6513 -47.0349 4
    endloop
  endfacet
  facet normal 0.751908 0.659268 0
    outer loop
      vertex 54.6513 -47.0349 0
      vertex 54.7979 -47.2021 4
      vertex 54.7979 -47.2021 0
    endloop
  endfacet
  facet normal -0.0652057 -0.997872 0
    outer loop
      vertex 56 -44.3 0
      vertex 56.2219 -44.3145 4
      vertex 56 -44.3 4
    endloop
  endfacet
  facet normal -0.0652057 -0.997872 -0
    outer loop
      vertex 56.2219 -44.3145 4
      vertex 56 -44.3 0
      vertex 56.2219 -44.3145 0
    endloop
  endfacet
  facet normal -0.44253 -0.896754 0
    outer loop
      vertex 56.6506 -44.4294 0
      vertex 56.85 -44.5278 4
      vertex 56.6506 -44.4294 4
    endloop
  endfacet
  facet normal -0.44253 -0.896754 -0
    outer loop
      vertex 56.85 -44.5278 4
      vertex 56.6506 -44.4294 0
      vertex 56.85 -44.5278 0
    endloop
  endfacet
  facet normal -0.831566 0.555426 0
    outer loop
      vertex 57.3487 -47.0349 0
      vertex 57.4722 -46.85 4
      vertex 57.4722 -46.85 0
    endloop
  endfacet
  facet normal -0.831566 0.555426 0
    outer loop
      vertex 57.4722 -46.85 4
      vertex 57.3487 -47.0349 0
      vertex 57.3487 -47.0349 4
    endloop
  endfacet
  facet normal 0.997872 0.0652057 0
    outer loop
      vertex 54.3145 -46.2219 4
      vertex 54.3 -46 0
      vertex 54.3 -46 4
    endloop
  endfacet
  facet normal 0.997872 0.0652057 0
    outer loop
      vertex 54.3 -46 0
      vertex 54.3145 -46.2219 4
      vertex 54.3145 -46.2219 0
    endloop
  endfacet
  facet normal -0.44253 0.896754 0
    outer loop
      vertex 56.85 -47.4722 0
      vertex 56.6506 -47.5706 4
      vertex 56.85 -47.4722 4
    endloop
  endfacet
  facet normal -0.44253 0.896754 0
    outer loop
      vertex 56.6506 -47.5706 4
      vertex 56.85 -47.4722 0
      vertex 56.6506 -47.5706 0
    endloop
  endfacet
  facet normal 0.98077 -0.195165 0
    outer loop
      vertex 54.3145 -45.7781 4
      vertex 54.3579 -45.56 0
      vertex 54.3579 -45.56 4
    endloop
  endfacet
  facet normal 0.98077 -0.195165 0
    outer loop
      vertex 54.3579 -45.56 0
      vertex 54.3145 -45.7781 4
      vertex 54.3145 -45.7781 0
    endloop
  endfacet
  facet normal 0.896754 0.44253 0
    outer loop
      vertex 54.5278 -46.85 4
      vertex 54.4294 -46.6506 0
      vertex 54.4294 -46.6506 4
    endloop
  endfacet
  facet normal 0.896754 0.44253 0
    outer loop
      vertex 54.4294 -46.6506 0
      vertex 54.5278 -46.85 4
      vertex 54.5278 -46.85 0
    endloop
  endfacet
  facet normal 0.946915 -0.321484 0
    outer loop
      vertex 54.3579 -45.56 4
      vertex 54.4294 -45.3494 0
      vertex 54.4294 -45.3494 4
    endloop
  endfacet
  facet normal 0.946915 -0.321484 0
    outer loop
      vertex 54.4294 -45.3494 0
      vertex 54.3579 -45.56 4
      vertex 54.3579 -45.56 0
    endloop
  endfacet
  facet normal 0.555426 -0.831566 0
    outer loop
      vertex 54.9651 -44.6513 0
      vertex 55.15 -44.5278 4
      vertex 54.9651 -44.6513 4
    endloop
  endfacet
  facet normal 0.555426 -0.831566 0
    outer loop
      vertex 55.15 -44.5278 4
      vertex 54.9651 -44.6513 0
      vertex 55.15 -44.5278 0
    endloop
  endfacet
  facet normal -0.896754 -0.44253 0
    outer loop
      vertex 57.5706 -45.3494 0
      vertex 57.4722 -45.15 4
      vertex 57.4722 -45.15 0
    endloop
  endfacet
  facet normal -0.896754 -0.44253 0
    outer loop
      vertex 57.4722 -45.15 4
      vertex 57.5706 -45.3494 0
      vertex 57.5706 -45.3494 4
    endloop
  endfacet
  facet normal 0.997872 -0.0652057 0
    outer loop
      vertex 54.3 -46 4
      vertex 54.3145 -45.7781 0
      vertex 54.3145 -45.7781 4
    endloop
  endfacet
  facet normal 0.997872 -0.0652057 0
    outer loop
      vertex 54.3145 -45.7781 0
      vertex 54.3 -46 4
      vertex 54.3 -46 0
    endloop
  endfacet
  facet normal 0.321484 0.946915 -0
    outer loop
      vertex 55.56 -47.6421 0
      vertex 55.3494 -47.5706 4
      vertex 55.56 -47.6421 4
    endloop
  endfacet
  facet normal 0.321484 0.946915 0
    outer loop
      vertex 55.3494 -47.5706 4
      vertex 55.56 -47.6421 0
      vertex 55.3494 -47.5706 0
    endloop
  endfacet
  facet normal 0.44253 -0.896754 0
    outer loop
      vertex 55.15 -44.5278 0
      vertex 55.3494 -44.4294 4
      vertex 55.15 -44.5278 4
    endloop
  endfacet
  facet normal 0.44253 -0.896754 0
    outer loop
      vertex 55.3494 -44.4294 4
      vertex 55.15 -44.5278 0
      vertex 55.3494 -44.4294 0
    endloop
  endfacet
  facet normal 0.831566 -0.555426 0
    outer loop
      vertex 54.5278 -45.15 4
      vertex 54.6513 -44.9651 0
      vertex 54.6513 -44.9651 4
    endloop
  endfacet
  facet normal 0.831566 -0.555426 0
    outer loop
      vertex 54.6513 -44.9651 0
      vertex 54.5278 -45.15 4
      vertex 54.5278 -45.15 0
    endloop
  endfacet
  facet normal 0.555426 0.831566 -0
    outer loop
      vertex 55.15 -47.4722 0
      vertex 54.9651 -47.3487 4
      vertex 55.15 -47.4722 4
    endloop
  endfacet
  facet normal 0.555426 0.831566 0
    outer loop
      vertex 54.9651 -47.3487 4
      vertex 55.15 -47.4722 0
      vertex 54.9651 -47.3487 0
    endloop
  endfacet
  facet normal 1 -0 0
    outer loop
      vertex 64 -54 4
      vertex 64 54 0
      vertex 64 54 4
    endloop
  endfacet
  facet normal 1 0 0
    outer loop
      vertex 64 54 0
      vertex 64 -54 4
      vertex 64 -54 0
    endloop
  endfacet
  facet normal 0 -1 0
    outer loop
      vertex -64 -54 0
      vertex 64 -54 4
      vertex -64 -54 4
    endloop
  endfacet
  facet normal 0 -1 -0
    outer loop
      vertex 64 -54 4
      vertex -64 -54 0
      vertex 64 -54 0
    endloop
  endfacet
  facet normal 0 1 -0
    outer loop
      vertex 64 54 0
      vertex -64 54 4
      vertex 64 54 4
    endloop
  endfacet
  facet normal 0 1 0
    outer loop
      vertex -64 54 4
      vertex 64 54 0
      vertex -64 54 0
    endloop
  endfacet
  facet normal -1 0 0
    outer loop
      vertex -64 -54 0
      vertex -64 54 4
      vertex -64 54 0
    endloop
  endfacet
  facet normal -1 -0 0
    outer loop
      vertex -64 54 4
      vertex -64 -54 0
      vertex -64 -54 4
    endloop
  endfacet
  facet normal -0 0 1
    outer loop
      vertex -54.4294 45.3494 4
      vertex -44 34 4
      vertex -54.3579 45.56 4
    endloop
  endfacet
  facet normal 0 0 1
    outer loop
      vertex -44 -34 4
      vertex -54.3145 -45.7781 4
      vertex -54.3 -46 4
    endloop
  endfacet
  facet normal -0 0 1
    outer loop
      vertex -54.5278 45.15 4
      vertex -44 34 4
      vertex -54.4294 45.3494 4
    endloop
  endfacet
  facet normal 0 0 1
    outer loop
      vertex -44 -34 4
      vertex -54.3579 -45.56 4
      vertex -54.3145 -45.7781 4
    endloop
  endfacet
  facet normal -0 0 1
    outer loop
      vertex -54.6513 44.9651 4
      vertex -44 34 4
      vertex -54.5278 45.15 4
    endloop
  endfacet
  facet normal 0 0 1
    outer loop
      vertex -44 -34 4
      vertex -54.4294 -45.3494 4
      vertex -54.3579 -45.56 4
    endloop
  endfacet
  facet normal -0 0 1
    outer loop
      vertex -54.7979 44.7979 4
      vertex -44 34 4
      vertex -54.6513 44.9651 4
    endloop
  endfacet
  facet normal 0 0 1
    outer loop
      vertex -44 -34 4
      vertex -54.5278 -45.15 4
      vertex -54.4294 -45.3494 4
    endloop
  endfacet
  facet normal -0 0 1
    outer loop
      vertex -54.9651 44.6513 4
      vertex -44 34 4
      vertex -54.7979 44.7979 4
    endloop
  endfacet
  facet normal 0 0 1
    outer loop
      vertex -44 -34 4
      vertex -54.6513 -44.9651 4
      vertex -54.5278 -45.15 4
    endloop
  endfacet
  facet normal -0 0 1
    outer loop
      vertex -55.15 44.5278 4
      vertex -44 34 4
      vertex -54.9651 44.6513 4
    endloop
  endfacet
  facet normal 0 0 1
    outer loop
      vertex -44 -34 4
      vertex -54.7979 -44.7979 4
      vertex -54.6513 -44.9651 4
    endloop
  endfacet
  facet normal -0 0 1
    outer loop
      vertex -55.3494 44.4294 4
      vertex -44 34 4
      vertex -55.15 44.5278 4
    endloop
  endfacet
  facet normal 0 0 1
    outer loop
      vertex -44 -34 4
      vertex -54.9651 -44.6513 4
      vertex -54.7979 -44.7979 4
    endloop
  endfacet
  facet normal -0 0 1
    outer loop
      vertex -55.56 44.3579 4
      vertex -44 34 4
      vertex -55.3494 44.4294 4
    endloop
  endfacet
  facet normal 0 0 1
    outer loop
      vertex -44 -34 4
      vertex -55.15 -44.5278 4
      vertex -54.9651 -44.6513 4
    endloop
  endfacet
  facet normal -0 0 1
    outer loop
      vertex -55.7781 44.3145 4
      vertex -44 34 4
      vertex -55.56 44.3579 4
    endloop
  endfacet
  facet normal 0 0 1
    outer loop
      vertex -44 -34 4
      vertex -55.3494 -44.4294 4
      vertex -55.15 -44.5278 4
    endloop
  endfacet
  facet normal -0 0 1
    outer loop
      vertex -56 44.3 4
      vertex -44 34 4
      vertex -55.7781 44.3145 4
    endloop
  endfacet
  facet normal 0 0 1
    outer loop
      vertex -44 -34 4
      vertex -55.56 -44.3579 4
      vertex -55.3494 -44.4294 4
    endloop
  endfacet
  facet normal 0 0 1
    outer loop
      vertex -56.2219 44.3145 4
      vertex -44 34 4
      vertex -56 44.3 4
    endloop
  endfacet
  facet normal 0 0 1
    outer loop
      vertex -44 -34 4
      vertex -55.7781 -44.3145 4
      vertex -55.56 -44.3579 4
    endloop
  endfacet
  facet normal 0 0 1
    outer loop
      vertex -56.44 44.3579 4
      vertex -44 34 4
      vertex -56.2219 44.3145 4
    endloop
  endfacet
  facet normal 0 0 1
    outer loop
      vertex -44 -34 4
      vertex -56 -44.3 4
      vertex -55.7781 -44.3145 4
    endloop
  endfacet
  facet normal 0 0 1
    outer loop
      vertex -56.6506 44.4294 4
      vertex -44 34 4
      vertex -56.44 44.3579 4
    endloop
  endfacet
  facet normal 0 0 1
    outer loop
      vertex -44 -34 4
      vertex -56.2219 -44.3145 4
      vertex -56 -44.3 4
    endloop
  endfacet
  facet normal 0 0 1
    outer loop
      vertex -56.85 44.5278 4
      vertex -44 34 4
      vertex -56.6506 44.4294 4
    endloop
  endfacet
  facet normal 0 0 1
    outer loop
      vertex -44 -34 4
      vertex -56.44 -44.3579 4
      vertex -56.2219 -44.3145 4
    endloop
  endfacet
  facet normal 0 0 1
    outer loop
      vertex -44 34 4
      vertex -56.85 44.5278 4
      vertex -44 -34 4
    endloop
  endfacet
  facet normal 0 0 1
    outer loop
      vertex -44 -34 4
      vertex -56.6506 -44.4294 4
      vertex -56.44 -44.3579 4
    endloop
  endfacet
  facet normal 0 0 1
    outer loop
      vertex -56.85 -44.5278 4
      vertex -44 -34 4
      vertex -56.85 44.5278 4
    endloop
  endfacet
  facet normal 0 0 1
    outer loop
      vertex -44 -34 4
      vertex -56.85 -44.5278 4
      vertex -56.6506 -44.4294 4
    endloop
  endfacet
  facet normal 0 0 1
    outer loop
      vertex -57.0349 44.6513 4
      vertex -56.85 -44.5278 4
      vertex -56.85 44.5278 4
    endloop
  endfacet
  facet normal 0 0 1
    outer loop
      vertex -57.0349 44.6513 4
      vertex -57.0349 -44.6513 4
      vertex -56.85 -44.5278 4
    endloop
  endfacet
  facet normal 0 0 1
    outer loop
      vertex -57.2021 44.7979 4
      vertex -57.0349 -44.6513 4
      vertex -57.0349 44.6513 4
    endloop
  endfacet
  facet normal 0 0 1
    outer loop
      vertex -57.2021 44.7979 4
      vertex -57.2021 -44.7979 4
      vertex -57.0349 -44.6513 4
    endloop
  endfacet
  facet normal 0 0 1
    outer loop
      vertex -57.3487 44.9651 4
      vertex -57.2021 -44.7979 4
      vertex -57.2021 44.7979 4
    endloop
  endfacet
  facet normal 0 0 1
    outer loop
      vertex -57.3487 44.9651 4
      vertex -57.3487 -44.9651 4
      vertex -57.2021 -44.7979 4
    endloop
  endfacet
  facet normal 0 0 1
    outer loop
      vertex -57.4722 45.15 4
      vertex -57.3487 -44.9651 4
      vertex -57.3487 44.9651 4
    endloop
  endfacet
  facet normal 0 0 1
    outer loop
      vertex -57.4722 45.15 4
      vertex -57.4722 -45.15 4
      vertex -57.3487 -44.9651 4
    endloop
  endfacet
  facet normal 0 0 1
    outer loop
      vertex -64 54 4
      vertex -57.4722 45.15 4
      vertex -57.5706 45.3494 4
    endloop
  endfacet
  facet normal 0 0 1
    outer loop
      vertex -57.4722 45.15 4
      vertex -64 54 4
      vertex -57.4722 -45.15 4
    endloop
  endfacet
  facet normal 0 0 1
    outer loop
      vertex -64 54 4
      vertex -57.5706 45.3494 4
      vertex -57.6421 45.56 4
    endloop
  endfacet
  facet normal 0 0 1
    outer loop
      vertex -64 -54 4
      vertex -57.4722 -45.15 4
      vertex -64 54 4
    endloop
  endfacet
  facet normal 0 0 1
    outer loop
      vertex -64 54 4
      vertex -57.6421 45.56 4
      vertex -57.6855 45.7781 4
    endloop
  endfacet
  facet normal 0 0 1
    outer loop
      vertex -57.4722 -45.15 4
      vertex -64 -54 4
      vertex -57.5706 -45.3494 4
    endloop
  endfacet
  facet normal 0 0 1
    outer loop
      vertex -64 54 4
      vertex -57.6855 45.7781 4
      vertex -57.7 46 4
    endloop
  endfacet
  facet normal 0 0 1
    outer loop
      vertex -57.5706 -45.3494 4
      vertex -64 -54 4
      vertex -57.6421 -45.56 4
    endloop
  endfacet
  facet normal 0 0 1
    outer loop
      vertex 57.5706 45.3494 4
      vertex 64 54 4
      vertex 57.6421 45.56 4
    endloop
  endfacet
  facet normal 0 0 1
    outer loop
      vertex 64 -54 4
      vertex 57.6855 -45.7781 4
      vertex 57.7 -46 4
    endloop
  endfacet
  facet normal 0 0 1
    outer loop
      vertex 57.4722 45.15 4
      vertex 64 54 4
      vertex 57.5706 45.3494 4
    endloop
  endfacet
  facet normal 0 0 1
    outer loop
      vertex 64 -54 4
      vertex 57.6421 -45.56 4
      vertex 57.6855 -45.7781 4
    endloop
  endfacet
  facet normal 0 0 1
    outer loop
      vertex 64 54 4
      vertex 57.4722 45.15 4
      vertex 64 -54 4
    endloop
  endfacet
  facet normal 0 0 1
    outer loop
      vertex 64 -54 4
      vertex 57.5706 -45.3494 4
      vertex 57.6421 -45.56 4
    endloop
  endfacet
  facet normal -0 0 1
    outer loop
      vertex 57.4722 -45.15 4
      vertex 64 -54 4
      vertex 57.4722 45.15 4
    endloop
  endfacet
  facet normal 0 0 1
    outer loop
      vertex 64 -54 4
      vertex 57.4722 -45.15 4
      vertex 57.5706 -45.3494 4
    endloop
  endfacet
  facet normal -0 0 1
    outer loop
      vertex 57.3487 44.9651 4
      vertex 57.4722 -45.15 4
      vertex 57.4722 45.15 4
    endloop
  endfacet
  facet normal 0 0 1
    outer loop
      vertex 57.3487 44.9651 4
      vertex 57.3487 -44.9651 4
      vertex 57.4722 -45.15 4
    endloop
  endfacet
  facet normal -0 0 1
    outer loop
      vertex 57.2021 44.7979 4
      vertex 57.3487 -44.9651 4
      vertex 57.3487 44.9651 4
    endloop
  endfacet
  facet normal 0 0 1
    outer loop
      vertex 57.2021 44.7979 4
      vertex 57.2021 -44.7979 4
      vertex 57.3487 -44.9651 4
    endloop
  endfacet
  facet normal -0 0 1
    outer loop
      vertex 57.0349 44.6513 4
      vertex 57.2021 -44.7979 4
      vertex 57.2021 44.7979 4
    endloop
  endfacet
  facet normal 0 0 1
    outer loop
      vertex 57.0349 44.6513 4
      vertex 57.0349 -44.6513 4
      vertex 57.2021 -44.7979 4
    endloop
  endfacet
  facet normal -0 0 1
    outer loop
      vertex 56.85 44.5278 4
      vertex 57.0349 -44.6513 4
      vertex 57.0349 44.6513 4
    endloop
  endfacet
  facet normal 0 0 1
    outer loop
      vertex 56.85 44.5278 4
      vertex 56.85 -44.5278 4
      vertex 57.0349 -44.6513 4
    endloop
  endfacet
  facet normal 0 0 1
    outer loop
      vertex 44 34 4
      vertex 56.85 44.5278 4
      vertex 56.6506 44.4294 4
    endloop
  endfacet
  facet normal 0 0 1
    outer loop
      vertex 56.85 44.5278 4
      vertex 44 34 4
      vertex 56.85 -44.5278 4
    endloop
  endfacet
  facet normal 0 0 1
    outer loop
      vertex 44 34 4
      vertex 56.6506 44.4294 4
      vertex 56.44 44.3579 4
    endloop
  endfacet
  facet normal -0 0 1
    outer loop
      vertex 44 -34 4
      vertex 56.85 -44.5278 4
      vertex 44 34 4
    endloop
  endfacet
  facet normal 0 0 1
    outer loop
      vertex 44 34 4
      vertex 56.44 44.3579 4
      vertex 56.2219 44.3145 4
    endloop
  endfacet
  facet normal 0 0 1
    outer loop
      vertex 56.85 -44.5278 4
      vertex 44 -34 4
      vertex 56.6506 -44.4294 4
    endloop
  endfacet
  facet normal 0 0 1
    outer loop
      vertex 44 34 4
      vertex 56.2219 44.3145 4
      vertex 56 44.3 4
    endloop
  endfacet
  facet normal 0 0 1
    outer loop
      vertex 56.6506 -44.4294 4
      vertex 44 -34 4
      vertex 56.44 -44.3579 4
    endloop
  endfacet
  facet normal 0 0 1
    outer loop
      vertex 44 34 4
      vertex 56 44.3 4
      vertex 55.7781 44.3145 4
    endloop
  endfacet
  facet normal 0 0 1
    outer loop
      vertex 56.44 -44.3579 4
      vertex 44 -34 4
      vertex 56.2219 -44.3145 4
    endloop
  endfacet
  facet normal 0 0 1
    outer loop
      vertex 44 34 4
      vertex 55.7781 44.3145 4
      vertex 55.56 44.3579 4
    endloop
  endfacet
  facet normal 0 0 1
    outer loop
      vertex 56.2219 -44.3145 4
      vertex 44 -34 4
      vertex 56 -44.3 4
    endloop
  endfacet
  facet normal 0 0 1
    outer loop
      vertex 44 34 4
      vertex 55.56 44.3579 4
      vertex 55.3494 44.4294 4
    endloop
  endfacet
  facet normal 0 0 1
    outer loop
      vertex 56 -44.3 4
      vertex 44 -34 4
      vertex 55.7781 -44.3145 4
    endloop
  endfacet
  facet normal 0 0 1
    outer loop
      vertex 44 34 4
      vertex 55.3494 44.4294 4
      vertex 55.15 44.5278 4
    endloop
  endfacet
  facet normal 0 0 1
    outer loop
      vertex 55.7781 -44.3145 4
      vertex 44 -34 4
      vertex 55.56 -44.3579 4
    endloop
  endfacet
  facet normal 0 0 1
    outer loop
      vertex 44 34 4
      vertex 55.15 44.5278 4
      vertex 54.9651 44.6513 4
    endloop
  endfacet
  facet normal 0 0 1
    outer loop
      vertex 55.56 -44.3579 4
      vertex 44 -34 4
      vertex 55.3494 -44.4294 4
    endloop
  endfacet
  facet normal 0 0 1
    outer loop
      vertex 44 34 4
      vertex 54.9651 44.6513 4
      vertex 54.7979 44.7979 4
    endloop
  endfacet
  facet normal 0 0 1
    outer loop
      vertex 55.3494 -44.4294 4
      vertex 44 -34 4
      vertex 55.15 -44.5278 4
    endloop
  endfacet
  facet normal 0 0 1
    outer loop
      vertex 44 34 4
      vertex 54.7979 44.7979 4
      vertex 54.6513 44.9651 4
    endloop
  endfacet
  facet normal 0 0 1
    outer loop
      vertex 55.15 -44.5278 4
      vertex 44 -34 4
      vertex 54.9651 -44.6513 4
    endloop
  endfacet
  facet normal 0 0 1
    outer loop
      vertex 44 34 4
      vertex 54.6513 44.9651 4
      vertex 54.5278 45.15 4
    endloop
  endfacet
  facet normal 0 0 1
    outer loop
      vertex 54.9651 -44.6513 4
      vertex 44 -34 4
      vertex 54.7979 -44.7979 4
    endloop
  endfacet
  facet normal 0 0 1
    outer loop
      vertex 44 34 4
      vertex 54.5278 45.15 4
      vertex 54.4294 45.3494 4
    endloop
  endfacet
  facet normal 0 0 1
    outer loop
      vertex 54.7979 -44.7979 4
      vertex 44 -34 4
      vertex 54.6513 -44.9651 4
    endloop
  endfacet
  facet normal 0 0 1
    outer loop
      vertex 44 34 4
      vertex 54.4294 45.3494 4
      vertex 54.3579 45.56 4
    endloop
  endfacet
  facet normal 0 0 1
    outer loop
      vertex 54.6513 -44.9651 4
      vertex 44 -34 4
      vertex 54.5278 -45.15 4
    endloop
  endfacet
  facet normal 0 0 1
    outer loop
      vertex 44 34 4
      vertex 54.3579 45.56 4
      vertex 54.3145 45.7781 4
    endloop
  endfacet
  facet normal 0 0 1
    outer loop
      vertex 54.5278 -45.15 4
      vertex 44 -34 4
      vertex 54.4294 -45.3494 4
    endloop
  endfacet
  facet normal 0 0 1
    outer loop
      vertex 44 34 4
      vertex 54.3145 45.7781 4
      vertex 54.3 46 4
    endloop
  endfacet
  facet normal 0 0 1
    outer loop
      vertex 54.4294 -45.3494 4
      vertex 44 -34 4
      vertex 54.3579 -45.56 4
    endloop
  endfacet
  facet normal 0 0 1
    outer loop
      vertex 57.6855 45.7781 4
      vertex 64 54 4
      vertex 57.7 46 4
    endloop
  endfacet
  facet normal 0 0 1
    outer loop
      vertex 64 54 4
      vertex 57.6855 46.2219 4
      vertex 57.7 46 4
    endloop
  endfacet
  facet normal 0 0 1
    outer loop
      vertex 64 54 4
      vertex 57.6421 46.44 4
      vertex 57.6855 46.2219 4
    endloop
  endfacet
  facet normal 0 0 1
    outer loop
      vertex 64 54 4
      vertex 57.5706 46.6506 4
      vertex 57.6421 46.44 4
    endloop
  endfacet
  facet normal 0 0 1
    outer loop
      vertex 64 54 4
      vertex 57.4722 46.85 4
      vertex 57.5706 46.6506 4
    endloop
  endfacet
  facet normal 0 0 1
    outer loop
      vertex 64 54 4
      vertex 57.3487 47.0349 4
      vertex 57.4722 46.85 4
    endloop
  endfacet
  facet normal 0 0 1
    outer loop
      vertex 64 54 4
      vertex 57.2021 47.2021 4
      vertex 57.3487 47.0349 4
    endloop
  endfacet
  facet normal 0 0 1
    outer loop
      vertex 64 54 4
      vertex 57.0349 47.3487 4
      vertex 57.2021 47.2021 4
    endloop
  endfacet
  facet normal 0 0 1
    outer loop
      vertex 64 54 4
      vertex 56.85 47.4722 4
      vertex 57.0349 47.3487 4
    endloop
  endfacet
  facet normal 0 0 1
    outer loop
      vertex 64 54 4
      vertex 56.6506 47.5706 4
      vertex 56.85 47.4722 4
    endloop
  endfacet
  facet normal 0 0 1
    outer loop
      vertex 64 54 4
      vertex 56.44 47.6421 4
      vertex 56.6506 47.5706 4
    endloop
  endfacet
  facet normal 0 0 1
    outer loop
      vertex 64 54 4
      vertex 56.2219 47.6855 4
      vertex 56.44 47.6421 4
    endloop
  endfacet
  facet normal 0 0 1
    outer loop
      vertex 64 54 4
      vertex 56 47.7 4
      vertex 56.2219 47.6855 4
    endloop
  endfacet
  facet normal 0 0 1
    outer loop
      vertex 64 54 4
      vertex 55.7781 47.6855 4
      vertex 56 47.7 4
    endloop
  endfacet
  facet normal 0 0 1
    outer loop
      vertex 64 54 4
      vertex 55.56 47.6421 4
      vertex 55.7781 47.6855 4
    endloop
  endfacet
  facet normal 0 0 1
    outer loop
      vertex 64 54 4
      vertex 55.3494 47.5706 4
      vertex 55.56 47.6421 4
    endloop
  endfacet
  facet normal 0 0 1
    outer loop
      vertex 64 54 4
      vertex 55.15 47.4722 4
      vertex 55.3494 47.5706 4
    endloop
  endfacet
  facet normal 0 0 1
    outer loop
      vertex 64 54 4
      vertex 54.9651 47.3487 4
      vertex 55.15 47.4722 4
    endloop
  endfacet
  facet normal 0 0 1
    outer loop
      vertex 54.3579 -45.56 4
      vertex 44 -34 4
      vertex 54.3145 -45.7781 4
    endloop
  endfacet
  facet normal 0 0 1
    outer loop
      vertex 54.3145 46.2219 4
      vertex 44 34 4
      vertex 54.3 46 4
    endloop
  endfacet
  facet normal 0 0 1
    outer loop
      vertex 54.3579 46.44 4
      vertex 44 34 4
      vertex 54.3145 46.2219 4
    endloop
  endfacet
  facet normal 0 0 1
    outer loop
      vertex 54.4294 46.6506 4
      vertex 44 34 4
      vertex 54.3579 46.44 4
    endloop
  endfacet
  facet normal 0 0 1
    outer loop
      vertex 54.5278 46.85 4
      vertex 44 34 4
      vertex 54.4294 46.6506 4
    endloop
  endfacet
  facet normal 0 0 1
    outer loop
      vertex -54.5278 46.85 4
      vertex 54.5278 46.85 4
      vertex 54.6513 47.0349 4
    endloop
  endfacet
  facet normal 0 0 1
    outer loop
      vertex 54.5278 46.85 4
      vertex -44 34 4
      vertex 44 34 4
    endloop
  endfacet
  facet normal 0 0 1
    outer loop
      vertex -54.6513 47.0349 4
      vertex 54.6513 47.0349 4
      vertex 54.7979 47.2021 4
    endloop
  endfacet
  facet normal 0 0 1
    outer loop
      vertex -54.7979 47.2021 4
      vertex 54.7979 47.2021 4
      vertex 54.9651 47.3487 4
    endloop
  endfacet
  facet normal 0 0 1
    outer loop
      vertex -54.9651 47.3487 4
      vertex 54.9651 47.3487 4
      vertex 64 54 4
    endloop
  endfacet
  facet normal -0 0 1
    outer loop
      vertex -54.3145 45.7781 4
      vertex -44 34 4
      vertex -54.3 46 4
    endloop
  endfacet
  facet normal 0 0 1
    outer loop
      vertex 54.5278 46.85 4
      vertex -54.5278 46.85 4
      vertex -44 34 4
    endloop
  endfacet
  facet normal 0 0 1
    outer loop
      vertex -44 34 4
      vertex -54.3145 46.2219 4
      vertex -54.3 46 4
    endloop
  endfacet
  facet normal 0 0 1
    outer loop
      vertex -44 34 4
      vertex -54.3579 46.44 4
      vertex -54.3145 46.2219 4
    endloop
  endfacet
  facet normal 0 0 1
    outer loop
      vertex -44 34 4
      vertex -54.4294 46.6506 4
      vertex -54.3579 46.44 4
    endloop
  endfacet
  facet normal 0 0 1
    outer loop
      vertex -44 34 4
      vertex -54.5278 46.85 4
      vertex -54.4294 46.6506 4
    endloop
  endfacet
  facet normal 0 0 1
    outer loop
      vertex 54.6513 47.0349 4
      vertex -54.6513 47.0349 4
      vertex -54.5278 46.85 4
    endloop
  endfacet
  facet normal 0 0 1
    outer loop
      vertex 54.7979 47.2021 4
      vertex -54.7979 47.2021 4
      vertex -54.6513 47.0349 4
    endloop
  endfacet
  facet normal 0 0 1
    outer loop
      vertex 54.9651 47.3487 4
      vertex -54.9651 47.3487 4
      vertex -54.7979 47.2021 4
    endloop
  endfacet
  facet normal 0 0 1
    outer loop
      vertex 64 54 4
      vertex -55.15 47.4722 4
      vertex -54.9651 47.3487 4
    endloop
  endfacet
  facet normal -0 0 1
    outer loop
      vertex -64 54 4
      vertex -55.15 47.4722 4
      vertex 64 54 4
    endloop
  endfacet
  facet normal 0 0 1
    outer loop
      vertex -55.15 47.4722 4
      vertex -64 54 4
      vertex -55.3494 47.5706 4
    endloop
  endfacet
  facet normal 0 0 1
    outer loop
      vertex -55.3494 47.5706 4
      vertex -64 54 4
      vertex -55.56 47.6421 4
    endloop
  endfacet
  facet normal 0 0 1
    outer loop
      vertex -55.56 47.6421 4
      vertex -64 54 4
      vertex -55.7781 47.6855 4
    endloop
  endfacet
  facet normal 0 0 1
    outer loop
      vertex -57.6421 -45.56 4
      vertex -64 -54 4
      vertex -57.6855 -45.7781 4
    endloop
  endfacet
  facet normal 0 0 1
    outer loop
      vertex -57.6855 46.2219 4
      vertex -64 54 4
      vertex -57.7 46 4
    endloop
  endfacet
  facet normal 0 0 1
    outer loop
      vertex -57.6421 46.44 4
      vertex -64 54 4
      vertex -57.6855 46.2219 4
    endloop
  endfacet
  facet normal 0 0 1
    outer loop
      vertex -57.5706 46.6506 4
      vertex -64 54 4
      vertex -57.6421 46.44 4
    endloop
  endfacet
  facet normal 0 0 1
    outer loop
      vertex -57.4722 46.85 4
      vertex -64 54 4
      vertex -57.5706 46.6506 4
    endloop
  endfacet
  facet normal 0 0 1
    outer loop
      vertex -57.3487 47.0349 4
      vertex -64 54 4
      vertex -57.4722 46.85 4
    endloop
  endfacet
  facet normal 0 0 1
    outer loop
      vertex -57.2021 47.2021 4
      vertex -64 54 4
      vertex -57.3487 47.0349 4
    endloop
  endfacet
  facet normal 0 0 1
    outer loop
      vertex -57.0349 47.3487 4
      vertex -64 54 4
      vertex -57.2021 47.2021 4
    endloop
  endfacet
  facet normal 0 0 1
    outer loop
      vertex -56.85 47.4722 4
      vertex -64 54 4
      vertex -57.0349 47.3487 4
    endloop
  endfacet
  facet normal 0 0 1
    outer loop
      vertex -56.6506 47.5706 4
      vertex -64 54 4
      vertex -56.85 47.4722 4
    endloop
  endfacet
  facet normal 0 0 1
    outer loop
      vertex -56.44 47.6421 4
      vertex -64 54 4
      vertex -56.6506 47.5706 4
    endloop
  endfacet
  facet normal 0 0 1
    outer loop
      vertex -56.2219 47.6855 4
      vertex -64 54 4
      vertex -56.44 47.6421 4
    endloop
  endfacet
  facet normal 0 0 1
    outer loop
      vertex -56 47.7 4
      vertex -64 54 4
      vertex -56.2219 47.6855 4
    endloop
  endfacet
  facet normal 0 0 1
    outer loop
      vertex -55.7781 47.6855 4
      vertex -64 54 4
      vertex -56 47.7 4
    endloop
  endfacet
  facet normal 0 0 1
    outer loop
      vertex 57.6421 45.56 4
      vertex 64 54 4
      vertex 57.6855 45.7781 4
    endloop
  endfacet
  facet normal -0 0 1
    outer loop
      vertex 57.6855 -46.2219 4
      vertex 64 -54 4
      vertex 57.7 -46 4
    endloop
  endfacet
  facet normal -0 0 1
    outer loop
      vertex 57.6421 -46.44 4
      vertex 64 -54 4
      vertex 57.6855 -46.2219 4
    endloop
  endfacet
  facet normal -0 0 1
    outer loop
      vertex 57.5706 -46.6506 4
      vertex 64 -54 4
      vertex 57.6421 -46.44 4
    endloop
  endfacet
  facet normal -0 0 1
    outer loop
      vertex 57.4722 -46.85 4
      vertex 64 -54 4
      vertex 57.5706 -46.6506 4
    endloop
  endfacet
  facet normal -0 0 1
    outer loop
      vertex 57.3487 -47.0349 4
      vertex 64 -54 4
      vertex 57.4722 -46.85 4
    endloop
  endfacet
  facet normal -0 0 1
    outer loop
      vertex 57.2021 -47.2021 4
      vertex 64 -54 4
      vertex 57.3487 -47.0349 4
    endloop
  endfacet
  facet normal -0 0 1
    outer loop
      vertex 57.0349 -47.3487 4
      vertex 64 -54 4
      vertex 57.2021 -47.2021 4
    endloop
  endfacet
  facet normal -0 0 1
    outer loop
      vertex 56.85 -47.4722 4
      vertex 64 -54 4
      vertex 57.0349 -47.3487 4
    endloop
  endfacet
  facet normal -0 0 1
    outer loop
      vertex 56.6506 -47.5706 4
      vertex 64 -54 4
      vertex 56.85 -47.4722 4
    endloop
  endfacet
  facet normal -0 0 1
    outer loop
      vertex 56.44 -47.6421 4
      vertex 64 -54 4
      vertex 56.6506 -47.5706 4
    endloop
  endfacet
  facet normal -0 0 1
    outer loop
      vertex 56.2219 -47.6855 4
      vertex 64 -54 4
      vertex 56.44 -47.6421 4
    endloop
  endfacet
  facet normal -0 0 1
    outer loop
      vertex 56 -47.7 4
      vertex 64 -54 4
      vertex 56.2219 -47.6855 4
    endloop
  endfacet
  facet normal 0 0 1
    outer loop
      vertex 55.7781 -47.6855 4
      vertex 64 -54 4
      vertex 56 -47.7 4
    endloop
  endfacet
  facet normal 0 0 1
    outer loop
      vertex 55.56 -47.6421 4
      vertex 64 -54 4
      vertex 55.7781 -47.6855 4
    endloop
  endfacet
  facet normal 0 0 1
    outer loop
      vertex 55.3494 -47.5706 4
      vertex 64 -54 4
      vertex 55.56 -47.6421 4
    endloop
  endfacet
  facet normal 0 0 1
    outer loop
      vertex 55.15 -47.4722 4
      vertex 64 -54 4
      vertex 55.3494 -47.5706 4
    endloop
  endfacet
  facet normal 0 0 1
    outer loop
      vertex 54.9651 -47.3487 4
      vertex 64 -54 4
      vertex 55.15 -47.4722 4
    endloop
  endfacet
  facet normal 0 0 1
    outer loop
      vertex 54.3145 -45.7781 4
      vertex 44 -34 4
      vertex 54.3 -46 4
    endloop
  endfacet
  facet normal 0 0 1
    outer loop
      vertex 54.3 -46 4
      vertex 44 -34 4
      vertex 54.3145 -46.2219 4
    endloop
  endfacet
  facet normal 0 0 1
    outer loop
      vertex 44 -34 4
      vertex 54.3579 -46.44 4
      vertex 54.3145 -46.2219 4
    endloop
  endfacet
  facet normal 0 0 1
    outer loop
      vertex 44 -34 4
      vertex 54.4294 -46.6506 4
      vertex 54.3579 -46.44 4
    endloop
  endfacet
  facet normal 0 0 1
    outer loop
      vertex 44 -34 4
      vertex 54.5278 -46.85 4
      vertex 54.4294 -46.6506 4
    endloop
  endfacet
  facet normal -0 0 1
    outer loop
      vertex -44 -34 4
      vertex 54.5278 -46.85 4
      vertex 44 -34 4
    endloop
  endfacet
  facet normal 0 0 1
    outer loop
      vertex -54.5278 -46.85 4
      vertex 54.5278 -46.85 4
      vertex -44 -34 4
    endloop
  endfacet
  facet normal 0 0 1
    outer loop
      vertex 54.5278 -46.85 4
      vertex -54.5278 -46.85 4
      vertex 54.6513 -47.0349 4
    endloop
  endfacet
  facet normal 0 0 1
    outer loop
      vertex -54.6513 -47.0349 4
      vertex 54.6513 -47.0349 4
      vertex -54.5278 -46.85 4
    endloop
  endfacet
  facet normal 0 0 1
    outer loop
      vertex 54.6513 -47.0349 4
      vertex -54.6513 -47.0349 4
      vertex 54.7979 -47.2021 4
    endloop
  endfacet
  facet normal -0 0 1
    outer loop
      vertex -54.3579 45.56 4
      vertex -44 34 4
      vertex -54.3145 45.7781 4
    endloop
  endfacet
  facet normal 0 0 1
    outer loop
      vertex -54.3145 -46.2219 4
      vertex -44 -34 4
      vertex -54.3 -46 4
    endloop
  endfacet
  facet normal 0 0 1
    outer loop
      vertex -54.3579 -46.44 4
      vertex -44 -34 4
      vertex -54.3145 -46.2219 4
    endloop
  endfacet
  facet normal 0 0 1
    outer loop
      vertex -54.4294 -46.6506 4
      vertex -44 -34 4
      vertex -54.3579 -46.44 4
    endloop
  endfacet
  facet normal 0 0 1
    outer loop
      vertex -54.5278 -46.85 4
      vertex -44 -34 4
      vertex -54.4294 -46.6506 4
    endloop
  endfacet
  facet normal 0 0 1
    outer loop
      vertex -54.7979 -47.2021 4
      vertex 54.7979 -47.2021 4
      vertex -54.6513 -47.0349 4
    endloop
  endfacet
  facet normal 0 0 1
    outer loop
      vertex 54.7979 -47.2021 4
      vertex -54.7979 -47.2021 4
      vertex 54.9651 -47.3487 4
    endloop
  endfacet
  facet normal 0 0 1
    outer loop
      vertex -54.9651 -47.3487 4
      vertex 54.9651 -47.3487 4
      vertex -54.7979 -47.2021 4
    endloop
  endfacet
  facet normal 0 0 1
    outer loop
      vertex 54.9651 -47.3487 4
      vertex -54.9651 -47.3487 4
      vertex 64 -54 4
    endloop
  endfacet
  facet normal -0 0 1
    outer loop
      vertex -55.15 -47.4722 4
      vertex 64 -54 4
      vertex -54.9651 -47.3487 4
    endloop
  endfacet
  facet normal 0 0 1
    outer loop
      vertex -64 -54 4
      vertex -55.15 -47.4722 4
      vertex -55.3494 -47.5706 4
    endloop
  endfacet
  facet normal 0 0 1
    outer loop
      vertex -64 -54 4
      vertex -55.3494 -47.5706 4
      vertex -55.56 -47.6421 4
    endloop
  endfacet
  facet normal 0 0 1
    outer loop
      vertex -64 -54 4
      vertex -55.56 -47.6421 4
      vertex -55.7781 -47.6855 4
    endloop
  endfacet
  facet normal 0 0 1
    outer loop
      vertex -64 -54 4
      vertex -55.7781 -47.6855 4
      vertex -56 -47.7 4
    endloop
  endfacet
  facet normal 0 0 1
    outer loop
      vertex -55.15 -47.4722 4
      vertex -64 -54 4
      vertex 64 -54 4
    endloop
  endfacet
  facet normal 0 0 1
    outer loop
      vertex -56.2219 -47.6855 4
      vertex -64 -54 4
      vertex -56 -47.7 4
    endloop
  endfacet
  facet normal 0 0 1
    outer loop
      vertex -56.44 -47.6421 4
      vertex -64 -54 4
      vertex -56.2219 -47.6855 4
    endloop
  endfacet
  facet normal 0 0 1
    outer loop
      vertex -56.6506 -47.5706 4
      vertex -64 -54 4
      vertex -56.44 -47.6421 4
    endloop
  endfacet
  facet normal 0 0 1
    outer loop
      vertex -56.85 -47.4722 4
      vertex -64 -54 4
      vertex -56.6506 -47.5706 4
    endloop
  endfacet
  facet normal 0 0 1
    outer loop
      vertex -57.0349 -47.3487 4
      vertex -64 -54 4
      vertex -56.85 -47.4722 4
    endloop
  endfacet
  facet normal 0 0 1
    outer loop
      vertex -57.2021 -47.2021 4
      vertex -64 -54 4
      vertex -57.0349 -47.3487 4
    endloop
  endfacet
  facet normal 0 0 1
    outer loop
      vertex -57.3487 -47.0349 4
      vertex -64 -54 4
      vertex -57.2021 -47.2021 4
    endloop
  endfacet
  facet normal 0 0 1
    outer loop
      vertex -57.4722 -46.85 4
      vertex -64 -54 4
      vertex -57.3487 -47.0349 4
    endloop
  endfacet
  facet normal 0 0 1
    outer loop
      vertex -57.5706 -46.6506 4
      vertex -64 -54 4
      vertex -57.4722 -46.85 4
    endloop
  endfacet
  facet normal 0 0 1
    outer loop
      vertex -57.6421 -46.44 4
      vertex -64 -54 4
      vertex -57.5706 -46.6506 4
    endloop
  endfacet
  facet normal 0 0 1
    outer loop
      vertex -57.6855 -46.2219 4
      vertex -64 -54 4
      vertex -57.6421 -46.44 4
    endloop
  endfacet
  facet normal 0 0 1
    outer loop
      vertex -57.7 -46 4
      vertex -64 -54 4
      vertex -57.6855 -46.2219 4
    endloop
  endfacet
  facet normal 0 0 1
    outer loop
      vertex -57.6855 -45.7781 4
      vertex -64 -54 4
      vertex -57.7 -46 4
    endloop
  endfacet
  facet normal 0 0 -1
    outer loop
      vertex -54.4294 -45.3494 0
      vertex -44 -34 0
      vertex -54.3579 -45.56 0
    endloop
  endfacet
  facet normal 0 0 -1
    outer loop
      vertex -44 34 0
      vertex -54.3145 45.7781 0
      vertex -54.3 46 0
    endloop
  endfacet
  facet normal 0 0 -1
    outer loop
      vertex -54.5278 -45.15 0
      vertex -44 -34 0
      vertex -54.4294 -45.3494 0
    endloop
  endfacet
  facet normal 0 0 -1
    outer loop
      vertex -44 34 0
      vertex -54.3579 45.56 0
      vertex -54.3145 45.7781 0
    endloop
  endfacet
  facet normal 0 0 -1
    outer loop
      vertex -54.6513 -44.9651 0
      vertex -44 -34 0
      vertex -54.5278 -45.15 0
    endloop
  endfacet
  facet normal 0 0 -1
    outer loop
      vertex -44 34 0
      vertex -54.4294 45.3494 0
      vertex -54.3579 45.56 0
    endloop
  endfacet
  facet normal 0 0 -1
    outer loop
      vertex -54.7979 -44.7979 0
      vertex -44 -34 0
      vertex -54.6513 -44.9651 0
    endloop
  endfacet
  facet normal 0 0 -1
    outer loop
      vertex -44 34 0
      vertex -54.5278 45.15 0
      vertex -54.4294 45.3494 0
    endloop
  endfacet
  facet normal 0 0 -1
    outer loop
      vertex -54.9651 -44.6513 0
      vertex -44 -34 0
      vertex -54.7979 -44.7979 0
    endloop
  endfacet
  facet normal 0 0 -1
    outer loop
      vertex -44 34 0
      vertex -54.6513 44.9651 0
      vertex -54.5278 45.15 0
    endloop
  endfacet
  facet normal 0 0 -1
    outer loop
      vertex -55.15 -44.5278 0
      vertex -44 -34 0
      vertex -54.9651 -44.6513 0
    endloop
  endfacet
  facet normal 0 0 -1
    outer loop
      vertex -44 34 0
      vertex -54.7979 44.7979 0
      vertex -54.6513 44.9651 0
    endloop
  endfacet
  facet normal 0 0 -1
    outer loop
      vertex -55.3494 -44.4294 0
      vertex -44 -34 0
      vertex -55.15 -44.5278 0
    endloop
  endfacet
  facet normal 0 0 -1
    outer loop
      vertex -44 34 0
      vertex -54.9651 44.6513 0
      vertex -54.7979 44.7979 0
    endloop
  endfacet
  facet normal 0 0 -1
    outer loop
      vertex -55.56 -44.3579 0
      vertex -44 -34 0
      vertex -55.3494 -44.4294 0
    endloop
  endfacet
  facet normal 0 0 -1
    outer loop
      vertex -44 34 0
      vertex -55.15 44.5278 0
      vertex -54.9651 44.6513 0
    endloop
  endfacet
  facet normal 0 0 -1
    outer loop
      vertex -55.7781 -44.3145 0
      vertex -44 -34 0
      vertex -55.56 -44.3579 0
    endloop
  endfacet
  facet normal 0 0 -1
    outer loop
      vertex -44 34 0
      vertex -55.3494 44.4294 0
      vertex -55.15 44.5278 0
    endloop
  endfacet
  facet normal 0 0 -1
    outer loop
      vertex -56 -44.3 0
      vertex -44 -34 0
      vertex -55.7781 -44.3145 0
    endloop
  endfacet
  facet normal 0 0 -1
    outer loop
      vertex -44 34 0
      vertex -55.56 44.3579 0
      vertex -55.3494 44.4294 0
    endloop
  endfacet
  facet normal 0 0 -1
    outer loop
      vertex -56.2219 -44.3145 0
      vertex -44 -34 0
      vertex -56 -44.3 0
    endloop
  endfacet
  facet normal 0 0 -1
    outer loop
      vertex -44 34 0
      vertex -55.7781 44.3145 0
      vertex -55.56 44.3579 0
    endloop
  endfacet
  facet normal 0 0 -1
    outer loop
      vertex -56.44 -44.3579 0
      vertex -44 -34 0
      vertex -56.2219 -44.3145 0
    endloop
  endfacet
  facet normal 0 0 -1
    outer loop
      vertex -44 34 0
      vertex -56 44.3 0
      vertex -55.7781 44.3145 0
    endloop
  endfacet
  facet normal 0 0 -1
    outer loop
      vertex -56.6506 -44.4294 0
      vertex -44 -34 0
      vertex -56.44 -44.3579 0
    endloop
  endfacet
  facet normal 0 0 -1
    outer loop
      vertex -44 34 0
      vertex -56.2219 44.3145 0
      vertex -56 44.3 0
    endloop
  endfacet
  facet normal 0 0 -1
    outer loop
      vertex -56.85 -44.5278 0
      vertex -44 -34 0
      vertex -56.6506 -44.4294 0
    endloop
  endfacet
  facet normal 0 0 -1
    outer loop
      vertex -44 34 0
      vertex -56.44 44.3579 0
      vertex -56.2219 44.3145 0
    endloop
  endfacet
  facet normal -0 0 -1
    outer loop
      vertex -44 -34 0
      vertex -56.85 -44.5278 0
      vertex -44 34 0
    endloop
  endfacet
  facet normal 0 0 -1
    outer loop
      vertex -44 34 0
      vertex -56.6506 44.4294 0
      vertex -56.44 44.3579 0
    endloop
  endfacet
  facet normal 0 0 -1
    outer loop
      vertex -56.85 44.5278 0
      vertex -44 34 0
      vertex -56.85 -44.5278 0
    endloop
  endfacet
  facet normal 0 0 -1
    outer loop
      vertex -44 34 0
      vertex -56.85 44.5278 0
      vertex -56.6506 44.4294 0
    endloop
  endfacet
  facet normal 0 0 -1
    outer loop
      vertex -57.0349 -44.6513 0
      vertex -56.85 44.5278 0
      vertex -56.85 -44.5278 0
    endloop
  endfacet
  facet normal 0 0 -1
    outer loop
      vertex -57.0349 -44.6513 0
      vertex -57.0349 44.6513 0
      vertex -56.85 44.5278 0
    endloop
  endfacet
  facet normal 0 0 -1
    outer loop
      vertex -57.2021 -44.7979 0
      vertex -57.0349 44.6513 0
      vertex -57.0349 -44.6513 0
    endloop
  endfacet
  facet normal 0 0 -1
    outer loop
      vertex -57.2021 -44.7979 0
      vertex -57.2021 44.7979 0
      vertex -57.0349 44.6513 0
    endloop
  endfacet
  facet normal 0 0 -1
    outer loop
      vertex -57.3487 -44.9651 0
      vertex -57.2021 44.7979 0
      vertex -57.2021 -44.7979 0
    endloop
  endfacet
  facet normal 0 0 -1
    outer loop
      vertex -57.3487 -44.9651 0
      vertex -57.3487 44.9651 0
      vertex -57.2021 44.7979 0
    endloop
  endfacet
  facet normal 0 0 -1
    outer loop
      vertex -57.4722 -45.15 0
      vertex -57.3487 44.9651 0
      vertex -57.3487 -44.9651 0
    endloop
  endfacet
  facet normal 0 0 -1
    outer loop
      vertex -57.4722 -45.15 0
      vertex -57.4722 45.15 0
      vertex -57.3487 44.9651 0
    endloop
  endfacet
  facet normal 0 0 -1
    outer loop
      vertex -64 -54 0
      vertex -57.4722 -45.15 0
      vertex -57.5706 -45.3494 0
    endloop
  endfacet
  facet normal -0 0 -1
    outer loop
      vertex -57.4722 -45.15 0
      vertex -64 -54 0
      vertex -57.4722 45.15 0
    endloop
  endfacet
  facet normal 0 0 -1
    outer loop
      vertex -64 -54 0
      vertex -57.5706 -45.3494 0
      vertex -57.6421 -45.56 0
    endloop
  endfacet
  facet normal 0 0 -1
    outer loop
      vertex -64 54 0
      vertex -57.4722 45.15 0
      vertex -64 -54 0
    endloop
  endfacet
  facet normal 0 0 -1
    outer loop
      vertex -64 -54 0
      vertex -57.6421 -45.56 0
      vertex -57.6855 -45.7781 0
    endloop
  endfacet
  facet normal 0 0 -1
    outer loop
      vertex -57.4722 45.15 0
      vertex -64 54 0
      vertex -57.5706 45.3494 0
    endloop
  endfacet
  facet normal 0 0 -1
    outer loop
      vertex -64 -54 0
      vertex -57.6855 -45.7781 0
      vertex -57.7 -46 0
    endloop
  endfacet
  facet normal 0 0 -1
    outer loop
      vertex -57.5706 45.3494 0
      vertex -64 54 0
      vertex -57.6421 45.56 0
    endloop
  endfacet
  facet normal 0 0 -1
    outer loop
      vertex 57.5706 -45.3494 0
      vertex 64 -54 0
      vertex 57.6421 -45.56 0
    endloop
  endfacet
  facet normal 0 0 -1
    outer loop
      vertex 64 54 0
      vertex 57.6855 45.7781 0
      vertex 57.7 46 0
    endloop
  endfacet
  facet normal 0 0 -1
    outer loop
      vertex 57.4722 -45.15 0
      vertex 64 -54 0
      vertex 57.5706 -45.3494 0
    endloop
  endfacet
  facet normal 0 0 -1
    outer loop
      vertex 64 54 0
      vertex 57.6421 45.56 0
      vertex 57.6855 45.7781 0
    endloop
  endfacet
  facet normal 0 0 -1
    outer loop
      vertex 64 -54 0
      vertex 57.4722 -45.15 0
      vertex 64 54 0
    endloop
  endfacet
  facet normal 0 0 -1
    outer loop
      vertex 64 54 0
      vertex 57.5706 45.3494 0
      vertex 57.6421 45.56 0
    endloop
  endfacet
  facet normal 0 0 -1
    outer loop
      vertex 57.4722 45.15 0
      vertex 64 54 0
      vertex 57.4722 -45.15 0
    endloop
  endfacet
  facet normal 0 0 -1
    outer loop
      vertex 64 54 0
      vertex 57.4722 45.15 0
      vertex 57.5706 45.3494 0
    endloop
  endfacet
  facet normal 0 0 -1
    outer loop
      vertex 57.3487 -44.9651 0
      vertex 57.4722 45.15 0
      vertex 57.4722 -45.15 0
    endloop
  endfacet
  facet normal 0 0 -1
    outer loop
      vertex 57.3487 -44.9651 0
      vertex 57.3487 44.9651 0
      vertex 57.4722 45.15 0
    endloop
  endfacet
  facet normal 0 0 -1
    outer loop
      vertex 57.2021 -44.7979 0
      vertex 57.3487 44.9651 0
      vertex 57.3487 -44.9651 0
    endloop
  endfacet
  facet normal 0 0 -1
    outer loop
      vertex 57.2021 -44.7979 0
      vertex 57.2021 44.7979 0
      vertex 57.3487 44.9651 0
    endloop
  endfacet
  facet normal 0 0 -1
    outer loop
      vertex 57.0349 -44.6513 0
      vertex 57.2021 44.7979 0
      vertex 57.2021 -44.7979 0
    endloop
  endfacet
  facet normal 0 0 -1
    outer loop
      vertex 57.0349 -44.6513 0
      vertex 57.0349 44.6513 0
      vertex 57.2021 44.7979 0
    endloop
  endfacet
  facet normal 0 0 -1
    outer loop
      vertex 56.85 -44.5278 0
      vertex 57.0349 44.6513 0
      vertex 57.0349 -44.6513 0
    endloop
  endfacet
  facet normal 0 0 -1
    outer loop
      vertex 56.85 -44.5278 0
      vertex 56.85 44.5278 0
      vertex 57.0349 44.6513 0
    endloop
  endfacet
  facet normal 0 0 -1
    outer loop
      vertex 44 -34 0
      vertex 56.85 -44.5278 0
      vertex 56.6506 -44.4294 0
    endloop
  endfacet
  facet normal 0 0 -1
    outer loop
      vertex 56.85 -44.5278 0
      vertex 44 -34 0
      vertex 56.85 44.5278 0
    endloop
  endfacet
  facet normal 0 0 -1
    outer loop
      vertex 44 -34 0
      vertex 56.6506 -44.4294 0
      vertex 56.44 -44.3579 0
    endloop
  endfacet
  facet normal 0 0 -1
    outer loop
      vertex 44 34 0
      vertex 56.85 44.5278 0
      vertex 44 -34 0
    endloop
  endfacet
  facet normal 0 0 -1
    outer loop
      vertex 44 -34 0
      vertex 56.44 -44.3579 0
      vertex 56.2219 -44.3145 0
    endloop
  endfacet
  facet normal 0 0 -1
    outer loop
      vertex 56.85 44.5278 0
      vertex 44 34 0
      vertex 56.6506 44.4294 0
    endloop
  endfacet
  facet normal 0 0 -1
    outer loop
      vertex 44 -34 0
      vertex 56.2219 -44.3145 0
      vertex 56 -44.3 0
    endloop
  endfacet
  facet normal 0 0 -1
    outer loop
      vertex 56.6506 44.4294 0
      vertex 44 34 0
      vertex 56.44 44.3579 0
    endloop
  endfacet
  facet normal 0 0 -1
    outer loop
      vertex 44 -34 0
      vertex 56 -44.3 0
      vertex 55.7781 -44.3145 0
    endloop
  endfacet
  facet normal 0 0 -1
    outer loop
      vertex 56.44 44.3579 0
      vertex 44 34 0
      vertex 56.2219 44.3145 0
    endloop
  endfacet
  facet normal 0 0 -1
    outer loop
      vertex 44 -34 0
      vertex 55.7781 -44.3145 0
      vertex 55.56 -44.3579 0
    endloop
  endfacet
  facet normal 0 0 -1
    outer loop
      vertex 56.2219 44.3145 0
      vertex 44 34 0
      vertex 56 44.3 0
    endloop
  endfacet
  facet normal 0 0 -1
    outer loop
      vertex 44 -34 0
      vertex 55.56 -44.3579 0
      vertex 55.3494 -44.4294 0
    endloop
  endfacet
  facet normal -0 0 -1
    outer loop
      vertex 56 44.3 0
      vertex 44 34 0
      vertex 55.7781 44.3145 0
    endloop
  endfacet
  facet normal 0 0 -1
    outer loop
      vertex 44 -34 0
      vertex 55.3494 -44.4294 0
      vertex 55.15 -44.5278 0
    endloop
  endfacet
  facet normal -0 0 -1
    outer loop
      vertex 55.7781 44.3145 0
      vertex 44 34 0
      vertex 55.56 44.3579 0
    endloop
  endfacet
  facet normal 0 0 -1
    outer loop
      vertex 44 -34 0
      vertex 55.15 -44.5278 0
      vertex 54.9651 -44.6513 0
    endloop
  endfacet
  facet normal -0 0 -1
    outer loop
      vertex 55.56 44.3579 0
      vertex 44 34 0
      vertex 55.3494 44.4294 0
    endloop
  endfacet
  facet normal 0 0 -1
    outer loop
      vertex 44 -34 0
      vertex 54.9651 -44.6513 0
      vertex 54.7979 -44.7979 0
    endloop
  endfacet
  facet normal -0 0 -1
    outer loop
      vertex 55.3494 44.4294 0
      vertex 44 34 0
      vertex 55.15 44.5278 0
    endloop
  endfacet
  facet normal 0 0 -1
    outer loop
      vertex 44 -34 0
      vertex 54.7979 -44.7979 0
      vertex 54.6513 -44.9651 0
    endloop
  endfacet
  facet normal -0 0 -1
    outer loop
      vertex 55.15 44.5278 0
      vertex 44 34 0
      vertex 54.9651 44.6513 0
    endloop
  endfacet
  facet normal 0 0 -1
    outer loop
      vertex 44 -34 0
      vertex 54.6513 -44.9651 0
      vertex 54.5278 -45.15 0
    endloop
  endfacet
  facet normal -0 0 -1
    outer loop
      vertex 54.9651 44.6513 0
      vertex 44 34 0
      vertex 54.7979 44.7979 0
    endloop
  endfacet
  facet normal 0 0 -1
    outer loop
      vertex 44 -34 0
      vertex 54.5278 -45.15 0
      vertex 54.4294 -45.3494 0
    endloop
  endfacet
  facet normal -0 0 -1
    outer loop
      vertex 54.7979 44.7979 0
      vertex 44 34 0
      vertex 54.6513 44.9651 0
    endloop
  endfacet
  facet normal 0 0 -1
    outer loop
      vertex 44 -34 0
      vertex 54.4294 -45.3494 0
      vertex 54.3579 -45.56 0
    endloop
  endfacet
  facet normal -0 0 -1
    outer loop
      vertex 54.6513 44.9651 0
      vertex 44 34 0
      vertex 54.5278 45.15 0
    endloop
  endfacet
  facet normal 0 0 -1
    outer loop
      vertex 44 -34 0
      vertex 54.3579 -45.56 0
      vertex 54.3145 -45.7781 0
    endloop
  endfacet
  facet normal -0 0 -1
    outer loop
      vertex 54.5278 45.15 0
      vertex 44 34 0
      vertex 54.4294 45.3494 0
    endloop
  endfacet
  facet normal 0 0 -1
    outer loop
      vertex 44 -34 0
      vertex 54.3145 -45.7781 0
      vertex 54.3 -46 0
    endloop
  endfacet
  facet normal -0 0 -1
    outer loop
      vertex 54.4294 45.3494 0
      vertex 44 34 0
      vertex 54.3579 45.56 0
    endloop
  endfacet
  facet normal 0 0 -1
    outer loop
      vertex 57.6855 -45.7781 0
      vertex 64 -54 0
      vertex 57.7 -46 0
    endloop
  endfacet
  facet normal 0 0 -1
    outer loop
      vertex 64 -54 0
      vertex 57.6855 -46.2219 0
      vertex 57.7 -46 0
    endloop
  endfacet
  facet normal 0 0 -1
    outer loop
      vertex 64 -54 0
      vertex 57.6421 -46.44 0
      vertex 57.6855 -46.2219 0
    endloop
  endfacet
  facet normal 0 0 -1
    outer loop
      vertex 64 -54 0
      vertex 57.5706 -46.6506 0
      vertex 57.6421 -46.44 0
    endloop
  endfacet
  facet normal 0 0 -1
    outer loop
      vertex 64 -54 0
      vertex 57.4722 -46.85 0
      vertex 57.5706 -46.6506 0
    endloop
  endfacet
  facet normal 0 0 -1
    outer loop
      vertex 64 -54 0
      vertex 57.3487 -47.0349 0
      vertex 57.4722 -46.85 0
    endloop
  endfacet
  facet normal 0 0 -1
    outer loop
      vertex 64 -54 0
      vertex 57.2021 -47.2021 0
      vertex 57.3487 -47.0349 0
    endloop
  endfacet
  facet normal 0 0 -1
    outer loop
      vertex 64 -54 0
      vertex 57.0349 -47.3487 0
      vertex 57.2021 -47.2021 0
    endloop
  endfacet
  facet normal 0 0 -1
    outer loop
      vertex 64 -54 0
      vertex 56.85 -47.4722 0
      vertex 57.0349 -47.3487 0
    endloop
  endfacet
  facet normal 0 0 -1
    outer loop
      vertex 64 -54 0
      vertex 56.6506 -47.5706 0
      vertex 56.85 -47.4722 0
    endloop
  endfacet
  facet normal 0 0 -1
    outer loop
      vertex 64 -54 0
      vertex 56.44 -47.6421 0
      vertex 56.6506 -47.5706 0
    endloop
  endfacet
  facet normal 0 0 -1
    outer loop
      vertex 64 -54 0
      vertex 56.2219 -47.6855 0
      vertex 56.44 -47.6421 0
    endloop
  endfacet
  facet normal 0 0 -1
    outer loop
      vertex 64 -54 0
      vertex 56 -47.7 0
      vertex 56.2219 -47.6855 0
    endloop
  endfacet
  facet normal 0 0 -1
    outer loop
      vertex 64 -54 0
      vertex 55.7781 -47.6855 0
      vertex 56 -47.7 0
    endloop
  endfacet
  facet normal 0 0 -1
    outer loop
      vertex 64 -54 0
      vertex 55.56 -47.6421 0
      vertex 55.7781 -47.6855 0
    endloop
  endfacet
  facet normal 0 0 -1
    outer loop
      vertex 64 -54 0
      vertex 55.3494 -47.5706 0
      vertex 55.56 -47.6421 0
    endloop
  endfacet
  facet normal 0 0 -1
    outer loop
      vertex 64 -54 0
      vertex 55.15 -47.4722 0
      vertex 55.3494 -47.5706 0
    endloop
  endfacet
  facet normal 0 0 -1
    outer loop
      vertex 64 -54 0
      vertex 54.9651 -47.3487 0
      vertex 55.15 -47.4722 0
    endloop
  endfacet
  facet normal -0 0 -1
    outer loop
      vertex 54.3579 45.56 0
      vertex 44 34 0
      vertex 54.3145 45.7781 0
    endloop
  endfacet
  facet normal 0 0 -1
    outer loop
      vertex 54.3145 -46.2219 0
      vertex 44 -34 0
      vertex 54.3 -46 0
    endloop
  endfacet
  facet normal 0 0 -1
    outer loop
      vertex 54.3579 -46.44 0
      vertex 44 -34 0
      vertex 54.3145 -46.2219 0
    endloop
  endfacet
  facet normal 0 0 -1
    outer loop
      vertex 54.4294 -46.6506 0
      vertex 44 -34 0
      vertex 54.3579 -46.44 0
    endloop
  endfacet
  facet normal 0 0 -1
    outer loop
      vertex 54.5278 -46.85 0
      vertex 44 -34 0
      vertex 54.4294 -46.6506 0
    endloop
  endfacet
  facet normal 0 0 -1
    outer loop
      vertex -54.5278 -46.85 0
      vertex 54.5278 -46.85 0
      vertex 54.6513 -47.0349 0
    endloop
  endfacet
  facet normal 0 0 -1
    outer loop
      vertex 54.5278 -46.85 0
      vertex -44 -34 0
      vertex 44 -34 0
    endloop
  endfacet
  facet normal 0 0 -1
    outer loop
      vertex -54.6513 -47.0349 0
      vertex 54.6513 -47.0349 0
      vertex 54.7979 -47.2021 0
    endloop
  endfacet
  facet normal 0 0 -1
    outer loop
      vertex -54.7979 -47.2021 0
      vertex 54.7979 -47.2021 0
      vertex 54.9651 -47.3487 0
    endloop
  endfacet
  facet normal 0 0 -1
    outer loop
      vertex -54.9651 -47.3487 0
      vertex 54.9651 -47.3487 0
      vertex 64 -54 0
    endloop
  endfacet
  facet normal 0 0 -1
    outer loop
      vertex -54.3145 -45.7781 0
      vertex -44 -34 0
      vertex -54.3 -46 0
    endloop
  endfacet
  facet normal 0 0 -1
    outer loop
      vertex 54.5278 -46.85 0
      vertex -54.5278 -46.85 0
      vertex -44 -34 0
    endloop
  endfacet
  facet normal 0 0 -1
    outer loop
      vertex -44 -34 0
      vertex -54.3145 -46.2219 0
      vertex -54.3 -46 0
    endloop
  endfacet
  facet normal 0 0 -1
    outer loop
      vertex -44 -34 0
      vertex -54.3579 -46.44 0
      vertex -54.3145 -46.2219 0
    endloop
  endfacet
  facet normal 0 0 -1
    outer loop
      vertex -44 -34 0
      vertex -54.4294 -46.6506 0
      vertex -54.3579 -46.44 0
    endloop
  endfacet
  facet normal 0 0 -1
    outer loop
      vertex -44 -34 0
      vertex -54.5278 -46.85 0
      vertex -54.4294 -46.6506 0
    endloop
  endfacet
  facet normal 0 0 -1
    outer loop
      vertex 54.6513 -47.0349 0
      vertex -54.6513 -47.0349 0
      vertex -54.5278 -46.85 0
    endloop
  endfacet
  facet normal 0 0 -1
    outer loop
      vertex 54.7979 -47.2021 0
      vertex -54.7979 -47.2021 0
      vertex -54.6513 -47.0349 0
    endloop
  endfacet
  facet normal 0 0 -1
    outer loop
      vertex 54.9651 -47.3487 0
      vertex -54.9651 -47.3487 0
      vertex -54.7979 -47.2021 0
    endloop
  endfacet
  facet normal 0 0 -1
    outer loop
      vertex 64 -54 0
      vertex -55.15 -47.4722 0
      vertex -54.9651 -47.3487 0
    endloop
  endfacet
  facet normal 0 0 -1
    outer loop
      vertex -64 -54 0
      vertex -55.15 -47.4722 0
      vertex 64 -54 0
    endloop
  endfacet
  facet normal 0 0 -1
    outer loop
      vertex -55.15 -47.4722 0
      vertex -64 -54 0
      vertex -55.3494 -47.5706 0
    endloop
  endfacet
  facet normal 0 0 -1
    outer loop
      vertex -55.3494 -47.5706 0
      vertex -64 -54 0
      vertex -55.56 -47.6421 0
    endloop
  endfacet
  facet normal 0 0 -1
    outer loop
      vertex -55.56 -47.6421 0
      vertex -64 -54 0
      vertex -55.7781 -47.6855 0
    endloop
  endfacet
  facet normal 0 0 -1
    outer loop
      vertex -57.6421 45.56 0
      vertex -64 54 0
      vertex -57.6855 45.7781 0
    endloop
  endfacet
  facet normal -0 0 -1
    outer loop
      vertex -57.6855 -46.2219 0
      vertex -64 -54 0
      vertex -57.7 -46 0
    endloop
  endfacet
  facet normal -0 0 -1
    outer loop
      vertex -57.6421 -46.44 0
      vertex -64 -54 0
      vertex -57.6855 -46.2219 0
    endloop
  endfacet
  facet normal -0 0 -1
    outer loop
      vertex -57.5706 -46.6506 0
      vertex -64 -54 0
      vertex -57.6421 -46.44 0
    endloop
  endfacet
  facet normal -0 0 -1
    outer loop
      vertex -57.4722 -46.85 0
      vertex -64 -54 0
      vertex -57.5706 -46.6506 0
    endloop
  endfacet
  facet normal -0 0 -1
    outer loop
      vertex -57.3487 -47.0349 0
      vertex -64 -54 0
      vertex -57.4722 -46.85 0
    endloop
  endfacet
  facet normal -0 0 -1
    outer loop
      vertex -57.2021 -47.2021 0
      vertex -64 -54 0
      vertex -57.3487 -47.0349 0
    endloop
  endfacet
  facet normal -0 0 -1
    outer loop
      vertex -57.0349 -47.3487 0
      vertex -64 -54 0
      vertex -57.2021 -47.2021 0
    endloop
  endfacet
  facet normal -0 0 -1
    outer loop
      vertex -56.85 -47.4722 0
      vertex -64 -54 0
      vertex -57.0349 -47.3487 0
    endloop
  endfacet
  facet normal -0 0 -1
    outer loop
      vertex -56.6506 -47.5706 0
      vertex -64 -54 0
      vertex -56.85 -47.4722 0
    endloop
  endfacet
  facet normal -0 0 -1
    outer loop
      vertex -56.44 -47.6421 0
      vertex -64 -54 0
      vertex -56.6506 -47.5706 0
    endloop
  endfacet
  facet normal -0 0 -1
    outer loop
      vertex -56.2219 -47.6855 0
      vertex -64 -54 0
      vertex -56.44 -47.6421 0
    endloop
  endfacet
  facet normal -0 0 -1
    outer loop
      vertex -56 -47.7 0
      vertex -64 -54 0
      vertex -56.2219 -47.6855 0
    endloop
  endfacet
  facet normal 0 0 -1
    outer loop
      vertex -55.7781 -47.6855 0
      vertex -64 -54 0
      vertex -56 -47.7 0
    endloop
  endfacet
  facet normal 0 0 -1
    outer loop
      vertex 57.6421 -45.56 0
      vertex 64 -54 0
      vertex 57.6855 -45.7781 0
    endloop
  endfacet
  facet normal 0 0 -1
    outer loop
      vertex 57.6855 46.2219 0
      vertex 64 54 0
      vertex 57.7 46 0
    endloop
  endfacet
  facet normal 0 0 -1
    outer loop
      vertex 57.6421 46.44 0
      vertex 64 54 0
      vertex 57.6855 46.2219 0
    endloop
  endfacet
  facet normal 0 0 -1
    outer loop
      vertex 57.5706 46.6506 0
      vertex 64 54 0
      vertex 57.6421 46.44 0
    endloop
  endfacet
  facet normal 0 0 -1
    outer loop
      vertex 57.4722 46.85 0
      vertex 64 54 0
      vertex 57.5706 46.6506 0
    endloop
  endfacet
  facet normal 0 0 -1
    outer loop
      vertex 57.3487 47.0349 0
      vertex 64 54 0
      vertex 57.4722 46.85 0
    endloop
  endfacet
  facet normal 0 0 -1
    outer loop
      vertex 57.2021 47.2021 0
      vertex 64 54 0
      vertex 57.3487 47.0349 0
    endloop
  endfacet
  facet normal 0 0 -1
    outer loop
      vertex 57.0349 47.3487 0
      vertex 64 54 0
      vertex 57.2021 47.2021 0
    endloop
  endfacet
  facet normal 0 0 -1
    outer loop
      vertex 56.85 47.4722 0
      vertex 64 54 0
      vertex 57.0349 47.3487 0
    endloop
  endfacet
  facet normal 0 0 -1
    outer loop
      vertex 56.6506 47.5706 0
      vertex 64 54 0
      vertex 56.85 47.4722 0
    endloop
  endfacet
  facet normal 0 0 -1
    outer loop
      vertex 56.44 47.6421 0
      vertex 64 54 0
      vertex 56.6506 47.5706 0
    endloop
  endfacet
  facet normal 0 0 -1
    outer loop
      vertex 56.2219 47.6855 0
      vertex 64 54 0
      vertex 56.44 47.6421 0
    endloop
  endfacet
  facet normal 0 0 -1
    outer loop
      vertex 56 47.7 0
      vertex 64 54 0
      vertex 56.2219 47.6855 0
    endloop
  endfacet
  facet normal 0 0 -1
    outer loop
      vertex 55.7781 47.6855 0
      vertex 64 54 0
      vertex 56 47.7 0
    endloop
  endfacet
  facet normal 0 0 -1
    outer loop
      vertex 55.56 47.6421 0
      vertex 64 54 0
      vertex 55.7781 47.6855 0
    endloop
  endfacet
  facet normal 0 0 -1
    outer loop
      vertex 55.3494 47.5706 0
      vertex 64 54 0
      vertex 55.56 47.6421 0
    endloop
  endfacet
  facet normal 0 0 -1
    outer loop
      vertex 55.15 47.4722 0
      vertex 64 54 0
      vertex 55.3494 47.5706 0
    endloop
  endfacet
  facet normal 0 0 -1
    outer loop
      vertex 54.9651 47.3487 0
      vertex 64 54 0
      vertex 55.15 47.4722 0
    endloop
  endfacet
  facet normal -0 0 -1
    outer loop
      vertex 54.3145 45.7781 0
      vertex 44 34 0
      vertex 54.3 46 0
    endloop
  endfacet
  facet normal -0 0 -1
    outer loop
      vertex 54.3 46 0
      vertex 44 34 0
      vertex 54.3145 46.2219 0
    endloop
  endfacet
  facet normal 0 0 -1
    outer loop
      vertex 44 34 0
      vertex 54.3579 46.44 0
      vertex 54.3145 46.2219 0
    endloop
  endfacet
  facet normal 0 0 -1
    outer loop
      vertex 44 34 0
      vertex 54.4294 46.6506 0
      vertex 54.3579 46.44 0
    endloop
  endfacet
  facet normal 0 0 -1
    outer loop
      vertex 44 34 0
      vertex 54.5278 46.85 0
      vertex 54.4294 46.6506 0
    endloop
  endfacet
  facet normal 0 0 -1
    outer loop
      vertex -44 34 0
      vertex 54.5278 46.85 0
      vertex 44 34 0
    endloop
  endfacet
  facet normal 0 0 -1
    outer loop
      vertex -54.5278 46.85 0
      vertex 54.5278 46.85 0
      vertex -44 34 0
    endloop
  endfacet
  facet normal 0 0 -1
    outer loop
      vertex 54.5278 46.85 0
      vertex -54.5278 46.85 0
      vertex 54.6513 47.0349 0
    endloop
  endfacet
  facet normal 0 0 -1
    outer loop
      vertex -54.6513 47.0349 0
      vertex 54.6513 47.0349 0
      vertex -54.5278 46.85 0
    endloop
  endfacet
  facet normal 0 0 -1
    outer loop
      vertex 54.6513 47.0349 0
      vertex -54.6513 47.0349 0
      vertex 54.7979 47.2021 0
    endloop
  endfacet
  facet normal 0 0 -1
    outer loop
      vertex -54.3579 -45.56 0
      vertex -44 -34 0
      vertex -54.3145 -45.7781 0
    endloop
  endfacet
  facet normal 0 0 -1
    outer loop
      vertex -54.3145 46.2219 0
      vertex -44 34 0
      vertex -54.3 46 0
    endloop
  endfacet
  facet normal 0 0 -1
    outer loop
      vertex -54.3579 46.44 0
      vertex -44 34 0
      vertex -54.3145 46.2219 0
    endloop
  endfacet
  facet normal 0 0 -1
    outer loop
      vertex -54.4294 46.6506 0
      vertex -44 34 0
      vertex -54.3579 46.44 0
    endloop
  endfacet
  facet normal 0 0 -1
    outer loop
      vertex -54.5278 46.85 0
      vertex -44 34 0
      vertex -54.4294 46.6506 0
    endloop
  endfacet
  facet normal 0 0 -1
    outer loop
      vertex -54.7979 47.2021 0
      vertex 54.7979 47.2021 0
      vertex -54.6513 47.0349 0
    endloop
  endfacet
  facet normal 0 0 -1
    outer loop
      vertex 54.7979 47.2021 0
      vertex -54.7979 47.2021 0
      vertex 54.9651 47.3487 0
    endloop
  endfacet
  facet normal 0 0 -1
    outer loop
      vertex -54.9651 47.3487 0
      vertex 54.9651 47.3487 0
      vertex -54.7979 47.2021 0
    endloop
  endfacet
  facet normal 0 0 -1
    outer loop
      vertex 54.9651 47.3487 0
      vertex -54.9651 47.3487 0
      vertex 64 54 0
    endloop
  endfacet
  facet normal 0 0 -1
    outer loop
      vertex -55.15 47.4722 0
      vertex 64 54 0
      vertex -54.9651 47.3487 0
    endloop
  endfacet
  facet normal 0 0 -1
    outer loop
      vertex -64 54 0
      vertex -55.15 47.4722 0
      vertex -55.3494 47.5706 0
    endloop
  endfacet
  facet normal 0 0 -1
    outer loop
      vertex -64 54 0
      vertex -55.3494 47.5706 0
      vertex -55.56 47.6421 0
    endloop
  endfacet
  facet normal 0 0 -1
    outer loop
      vertex -64 54 0
      vertex -55.56 47.6421 0
      vertex -55.7781 47.6855 0
    endloop
  endfacet
  facet normal 0 0 -1
    outer loop
      vertex -64 54 0
      vertex -55.7781 47.6855 0
      vertex -56 47.7 0
    endloop
  endfacet
  facet normal 0 0 -1
    outer loop
      vertex -55.15 47.4722 0
      vertex -64 54 0
      vertex 64 54 0
    endloop
  endfacet
  facet normal 0 0 -1
    outer loop
      vertex -56.2219 47.6855 0
      vertex -64 54 0
      vertex -56 47.7 0
    endloop
  endfacet
  facet normal 0 0 -1
    outer loop
      vertex -56.44 47.6421 0
      vertex -64 54 0
      vertex -56.2219 47.6855 0
    endloop
  endfacet
  facet normal 0 0 -1
    outer loop
      vertex -56.6506 47.5706 0
      vertex -64 54 0
      vertex -56.44 47.6421 0
    endloop
  endfacet
  facet normal 0 0 -1
    outer loop
      vertex -56.85 47.4722 0
      vertex -64 54 0
      vertex -56.6506 47.5706 0
    endloop
  endfacet
  facet normal 0 0 -1
    outer loop
      vertex -57.0349 47.3487 0
      vertex -64 54 0
      vertex -56.85 47.4722 0
    endloop
  endfacet
  facet normal 0 0 -1
    outer loop
      vertex -57.2021 47.2021 0
      vertex -64 54 0
      vertex -57.0349 47.3487 0
    endloop
  endfacet
  facet normal 0 0 -1
    outer loop
      vertex -57.3487 47.0349 0
      vertex -64 54 0
      vertex -57.2021 47.2021 0
    endloop
  endfacet
  facet normal 0 0 -1
    outer loop
      vertex -57.4722 46.85 0
      vertex -64 54 0
      vertex -57.3487 47.0349 0
    endloop
  endfacet
  facet normal 0 0 -1
    outer loop
      vertex -57.5706 46.6506 0
      vertex -64 54 0
      vertex -57.4722 46.85 0
    endloop
  endfacet
  facet normal 0 0 -1
    outer loop
      vertex -57.6421 46.44 0
      vertex -64 54 0
      vertex -57.5706 46.6506 0
    endloop
  endfacet
  facet normal 0 0 -1
    outer loop
      vertex -57.6855 46.2219 0
      vertex -64 54 0
      vertex -57.6421 46.44 0
    endloop
  endfacet
  facet normal 0 0 -1
    outer loop
      vertex -57.7 46 0
      vertex -64 54 0
      vertex -57.6855 46.2219 0
    endloop
  endfacet
  facet normal 0 0 -1
    outer loop
      vertex -57.6855 45.7781 0
      vertex -64 54 0
      vertex -57.7 46 0
    endloop
  endfacet
  facet normal -1 0 0
    outer loop
      vertex 44 -34 0
      vertex 44 34 4
      vertex 44 34 0
    endloop
  endfacet
  facet normal -1 -0 0
    outer loop
      vertex 44 34 4
      vertex 44 -34 0
      vertex 44 -34 4
    endloop
  endfacet
  facet normal 0 1 -0
    outer loop
      vertex 44 -34 0
      vertex -44 -34 4
      vertex 44 -34 4
    endloop
  endfacet
  facet normal 0 1 0
    outer loop
      vertex -44 -34 4
      vertex 44 -34 0
      vertex -44 -34 0
    endloop
  endfacet
  facet normal 0 -1 0
    outer loop
      vertex -44 34 0
      vertex 44 34 4
      vertex -44 34 4
    endloop
  endfacet
  facet normal 0 -1 -0
    outer loop
      vertex 44 34 4
      vertex -44 34 0
      vertex 44 34 0
    endloop
  endfacet
  facet normal 1 -0 0
    outer loop
      vertex -44 -34 4
      vertex -44 34 0
      vertex -44 34 4
    endloop
  endfacet
  facet normal 1 0 0
    outer loop
      vertex -44 34 0
      vertex -44 -34 4
      vertex -44 -34 0
    endloop
  endfacet
endsolid OpenSCAD_Model
